time,event_type,closed_loop_target,decoded_spatial_context,spatial_context_confidence,decoded_movement_state,movement_state_confidence,true_spatial_context,true_movement_state,correct_trigger
420.04999999999995,context_wall,spatial_context,wall,0.8470131665232932,still,0.5547687581010216,corner,still,True
420.1499999999999,context_wall,spatial_context,corner,0.8700203999998337,slow,0.46999547485935705,corner,slow,True
420.2249999999999,context_wall,spatial_context,corner,0.8388341949452921,slow,0.5259564423284985,corner,slow,True
420.29999999999995,context_wall,spatial_context,wall,0.907766327643198,slow,0.4676797637820055,corner,slow,True
420.32499999999993,context_wall,spatial_context,wall,0.9197455240900445,slow,0.5058848087461203,corner,slow,True
420.4749999999999,context_wall,spatial_context,corner,0.8169100701284068,slow,0.5053247536276477,corner,slow,True
420.49999999999994,context_wall,spatial_context,corner,0.8614452398375297,slow,0.47051725815807244,corner,slow,True
420.7749999999999,context_wall,spatial_context,corner,0.9122556865648728,slow,0.38823222215678704,corner,slow,True
420.79999999999995,context_wall,spatial_context,corner,0.9204019558810226,slow,0.4738963027198526,corner,slow,True
420.82499999999993,context_wall,spatial_context,corner,0.8293440745250318,slow,0.44867651314318074,corner,slow,True
421.0249999999999,context_wall,spatial_context,wall,0.8297759520687117,slow,0.4409644156660043,corner,still,True
421.07499999999993,context_wall,spatial_context,wall,0.809438275306251,slow,0.3966956247961494,corner,slow,True
421.0999999999999,context_wall,spatial_context,wall,0.8526924198330893,slow,0.43195532981945617,corner,slow,True
421.19999999999993,context_wall,spatial_context,corner,0.8273958617813466,slow,0.5104786420295523,corner,slow,True
421.2249999999999,context_wall,spatial_context,corner,0.931431844948625,slow,0.4910202918054528,corner,slow,True
421.24999999999994,context_wall,spatial_context,corner,0.9121212039644436,slow,0.43708779674480147,corner,slow,True
421.2749999999999,context_wall,spatial_context,corner,0.8419803994294318,slow,0.5035899752201343,corner,slow,True
421.3499999999999,context_wall,spatial_context,corner,0.8830159022020053,slow,0.4950089887502196,corner,slow,True
421.37499999999994,context_wall,spatial_context,corner,0.9751302711871135,slow,0.47493333053865977,corner,slow,True
421.3999999999999,context_wall,spatial_context,corner,0.9246664610834981,fast,0.43445846186138154,corner,slow,True
421.42499999999995,context_wall,spatial_context,corner,0.9018228848024799,fast,0.43122726343503026,corner,slow,True
421.5249999999999,context_wall,spatial_context,wall,0.8176776585241895,fast,0.5414476971145394,corner,slow,True
421.54999999999995,context_wall,spatial_context,wall,0.8291874348335977,fast,0.6122829067539842,corner,slow,True
421.57499999999993,context_wall,spatial_context,wall,0.8380279023431327,slow,0.46007010072341226,corner,slow,True
421.5999999999999,context_wall,spatial_context,wall,0.8241695874718606,slow,0.4154135800823997,corner,slow,True
421.92499999999995,context_wall,spatial_context,corner,0.9171165314625375,slow,0.5218518427586347,corner,slow,True
421.94999999999993,context_wall,spatial_context,corner,0.9781148582140606,slow,0.4963904013869139,corner,slow,True
421.9749999999999,context_wall,spatial_context,corner,0.8310375231850726,slow,0.48049834165217165,corner,slow,True
421.99999999999994,context_wall,spatial_context,corner,0.8785928847988269,slow,0.49827319607562737,corner,slow,True
422.07499999999993,context_wall,spatial_context,corner,0.8545164786477287,fast,0.5376617309681706,corner,slow,True
422.32499999999993,context_wall,spatial_context,corner,0.8932628749330143,slow,0.5092725249603175,corner,slow,True
422.3499999999999,context_wall,spatial_context,corner,0.9830263577049905,fast,0.46066939461043616,corner,slow,True
422.37499999999994,context_wall,spatial_context,corner,0.9616124037357515,fast,0.4605105178189555,corner,slow,True
422.3999999999999,context_wall,spatial_context,corner,0.8954707348816938,fast,0.5428559075221546,corner,slow,True
422.57499999999993,context_wall,spatial_context,corner,0.8309082145023475,slow,0.4185242624944634,corner,slow,True
422.5999999999999,context_wall,spatial_context,corner,0.8020224576518921,slow,0.4315360890588296,corner,slow,True
422.62499999999994,context_wall,spatial_context,corner,0.9475045500911964,slow,0.4681050844870787,corner,slow,True
422.6499999999999,context_wall,spatial_context,corner,0.8753194350675945,slow,0.5315182207888364,corner,slow,True
422.67499999999995,context_wall,spatial_context,corner,0.8983799659686458,slow,0.4031534046425722,corner,slow,True
422.69999999999993,context_wall,spatial_context,corner,0.95525235035976,slow,0.42397102971394907,corner,slow,True
422.7249999999999,context_wall,spatial_context,corner,0.9233888410392983,slow,0.47645890554902565,corner,slow,True
422.74999999999994,context_wall,spatial_context,corner,0.9883291531266846,slow,0.5214216259678227,corner,slow,True
422.7749999999999,context_wall,spatial_context,corner,0.981268910103443,slow,0.4650488537503519,corner,slow,True
422.79999999999995,context_wall,spatial_context,corner,0.9615734578580544,slow,0.4993906448877713,corner,slow,True
422.82499999999993,context_wall,spatial_context,corner,0.9138004814248709,slow,0.45142717538151517,corner,slow,True
422.9749999999999,context_wall,spatial_context,corner,0.8885753579085617,slow,0.4570388427773942,corner,slow,True
423.1499999999999,context_wall,spatial_context,corner,0.8785062059216017,slow,0.4604949020104666,corner,slow,True
423.17499999999995,context_wall,spatial_context,corner,0.968751751173576,slow,0.47944747266677884,corner,slow,True
423.19999999999993,context_wall,spatial_context,corner,0.983901645564635,slow,0.5030367600523292,corner,slow,True
423.2249999999999,context_wall,spatial_context,corner,0.9799976363971555,slow,0.4412403687434053,corner,slow,True
423.24999999999994,context_wall,spatial_context,corner,0.9588098828389687,slow,0.47421691630137763,corner,fast,True
423.2749999999999,context_wall,spatial_context,corner,0.9549515068765887,fast,0.5327392022438892,corner,fast,True
423.29999999999995,context_wall,spatial_context,corner,0.8576748587384151,fast,0.5789311094571232,corner,slow,True
423.32499999999993,context_wall,spatial_context,corner,0.8673026535631068,fast,0.6992361355055913,corner,slow,True
423.3999999999999,context_wall,spatial_context,corner,0.9457116027676462,fast,0.6247099733157281,corner,fast,True
423.42499999999995,context_wall,spatial_context,corner,0.994583852370289,fast,0.5523559524589691,corner,fast,True
423.44999999999993,context_wall,spatial_context,corner,0.993476424152491,fast,0.6304945188219468,corner,slow,True
423.4749999999999,context_wall,spatial_context,corner,0.9888761516373541,fast,0.5479414235057825,corner,slow,True
423.49999999999994,context_wall,spatial_context,corner,0.930900454617007,fast,0.48384324715445337,corner,fast,True
423.7749999999999,context_wall,spatial_context,corner,0.9291695100034904,fast,0.6519280602764258,corner,slow,True
423.79999999999995,context_wall,spatial_context,corner,0.8800007726395433,fast,0.6230084670929651,corner,slow,True
423.92499999999995,context_wall,spatial_context,corner,0.911573772270076,slow,0.4958873404450143,corner,still,True
423.94999999999993,context_wall,spatial_context,corner,0.9887393746972052,slow,0.5699258182039977,corner,still,True
423.9749999999999,context_wall,spatial_context,corner,0.9856724225618807,slow,0.5798280281403493,corner,still,True
423.99999999999994,context_wall,spatial_context,corner,0.995603803284419,slow,0.5060144801626009,corner,slow,True
424.0249999999999,context_wall,spatial_context,corner,0.9456877430754353,still,0.42305806496113474,corner,slow,True
424.04999999999995,context_wall,spatial_context,corner,0.9134573502386861,still,0.44181569203491433,corner,still,True
424.07499999999993,context_wall,spatial_context,corner,0.8768737007743774,still,0.47391753934367264,corner,still,True
424.12499999999994,context_wall,spatial_context,corner,0.9215246382348055,still,0.46571483086553855,corner,still,True
424.17499999999995,context_wall,spatial_context,corner,0.8524036175497733,slow,0.4675705858096334,corner,still,True
424.29999999999995,context_wall,spatial_context,corner,0.9032184962149103,slow,0.4712513838939254,corner,slow,True
424.42499999999995,context_wall,spatial_context,corner,0.8457974077358233,fast,0.4447240206451296,corner,slow,True
424.44999999999993,context_wall,spatial_context,corner,0.9260652207400201,slow,0.4710937981144231,corner,slow,True
424.4749999999999,context_wall,spatial_context,corner,0.9424396181077054,slow,0.3891258612964,corner,slow,True
424.49999999999994,context_wall,spatial_context,corner,0.8588947825804556,slow,0.42585908384952015,corner,slow,True
424.5249999999999,context_wall,spatial_context,corner,0.8404260554209367,fast,0.499070798239999,corner,slow,True
424.54999999999995,context_wall,spatial_context,corner,0.9531398265823365,fast,0.6863807158614272,corner,slow,True
424.57499999999993,context_wall,spatial_context,corner,0.9871151983400379,fast,0.6930876280380501,corner,slow,True
424.5999999999999,context_wall,spatial_context,corner,0.9925250320303718,fast,0.6675687724590547,corner,slow,True
424.62499999999994,context_wall,spatial_context,corner,0.990676240815485,fast,0.6034799919153512,corner,slow,True
424.6499999999999,context_wall,spatial_context,corner,0.9470044699265759,fast,0.5668636989755534,corner,slow,True
424.67499999999995,context_wall,spatial_context,corner,0.8835520867033796,fast,0.47615742514294573,corner,slow,True
424.82499999999993,context_wall,spatial_context,corner,0.8715480085712974,slow,0.4573084356882123,corner,slow,True
424.8499999999999,context_wall,spatial_context,corner,0.9263486348180547,still,0.5235798837526746,corner,slow,True
424.87499999999994,context_wall,spatial_context,corner,0.9944752514204195,slow,0.48660653398312703,corner,slow,True
424.8999999999999,context_wall,spatial_context,corner,0.9846251842404026,fast,0.4675878324972422,corner,slow,True
424.92499999999995,context_wall,spatial_context,corner,0.9418414136231971,fast,0.4199099038631396,corner,slow,True
424.94999999999993,context_wall,spatial_context,corner,0.9854035641043674,fast,0.5640595727333682,corner,slow,True
424.99999999999994,context_wall,spatial_context,corner,0.8707784374417722,slow,0.4603164798689924,corner,still,True
425.0249999999999,context_wall,spatial_context,corner,0.9291439852588507,slow,0.4490961502917126,corner,still,True
425.07499999999993,context_wall,spatial_context,corner,0.8657973257828339,slow,0.4487155282231331,corner,slow,True
425.0999999999999,context_wall,spatial_context,corner,0.8176512536802909,slow,0.42841656768893793,corner,slow,True
425.12499999999994,context_wall,spatial_context,corner,0.9397762189020822,slow,0.46338831686813436,corner,slow,True
425.1499999999999,context_wall,spatial_context,corner,0.9814923663982996,slow,0.4996659807759131,corner,slow,True
425.17499999999995,context_wall,spatial_context,corner,0.9929637211992677,slow,0.4692751243553521,corner,slow,True
425.19999999999993,context_wall,spatial_context,corner,0.9937044277269568,slow,0.4835390660946677,corner,slow,True
425.2249999999999,context_wall,spatial_context,corner,0.9824490408003937,slow,0.4755960191813471,corner,slow,True
425.24999999999994,context_wall,spatial_context,corner,0.978449407196437,slow,0.4470434423644044,corner,slow,True
425.2749999999999,context_wall,spatial_context,corner,0.8777919735901821,slow,0.4406451339212634,corner,slow,True
425.29999999999995,context_wall,spatial_context,corner,0.8734106886434043,slow,0.4770924049728811,corner,slow,True
425.32499999999993,context_wall,spatial_context,corner,0.9318382578667688,slow,0.4720345969389775,corner,slow,True
425.3499999999999,context_wall,spatial_context,corner,0.9734481587733895,fast,0.45827441450439294,corner,slow,True
425.37499999999994,context_wall,spatial_context,corner,0.9652155600047074,slow,0.4754371473928357,corner,slow,True
425.3999999999999,context_wall,spatial_context,corner,0.9859606156570093,fast,0.5084657408030142,corner,slow,True
425.42499999999995,context_wall,spatial_context,corner,0.9639053362942626,fast,0.5143235154435905,corner,slow,True
425.49999999999994,context_wall,spatial_context,corner,0.8142431518367573,slow,0.5107000840302963,corner,slow,True
425.54999999999995,context_wall,spatial_context,corner,0.9736991346096072,slow,0.5033702292843983,corner,slow,True
425.57499999999993,context_wall,spatial_context,corner,0.9747837776310598,slow,0.46829670043698285,corner,slow,True
425.5999999999999,context_wall,spatial_context,corner,0.8848768407872594,slow,0.5053016016735973,corner,slow,True
425.62499999999994,context_wall,spatial_context,corner,0.9175696242517493,slow,0.48833140206212294,corner,slow,True
425.6499999999999,context_wall,spatial_context,corner,0.8472578830413527,slow,0.4694928035954545,corner,slow,True
425.67499999999995,context_wall,spatial_context,corner,0.939205860005599,slow,0.44995455990499245,corner,slow,True
425.69999999999993,context_wall,spatial_context,corner,0.9615529618403834,slow,0.4412589717797506,corner,slow,True
425.7249999999999,context_wall,spatial_context,corner,0.9224513209555032,slow,0.4697955886738006,corner,slow,True
425.74999999999994,context_wall,spatial_context,corner,0.9699728736301654,slow,0.5067997812742976,corner,slow,True
425.87499999999994,context_wall,spatial_context,corner,0.9267575444550432,slow,0.45142064055479414,corner,slow,True
425.8999999999999,context_wall,spatial_context,corner,0.9667087365106526,slow,0.43832337512348585,corner,slow,True
425.92499999999995,context_wall,spatial_context,corner,0.9523374846247189,slow,0.47375345860968665,corner,slow,True
425.94999999999993,context_wall,spatial_context,corner,0.8775340362413613,slow,0.41370407259549025,corner,slow,True
425.99999999999994,context_wall,spatial_context,corner,0.8101932904748458,slow,0.5127331441344304,corner,slow,True
426.0249999999999,context_wall,spatial_context,corner,0.9032060193016332,slow,0.5227522146468703,corner,slow,True
426.04999999999995,context_wall,spatial_context,corner,0.8230191136214617,slow,0.5230011297389128,corner,slow,True
426.07499999999993,context_wall,spatial_context,corner,0.8879790526046282,slow,0.4543314665902787,corner,slow,True
426.0999999999999,context_wall,spatial_context,corner,0.8666270011349203,slow,0.44249881106420214,corner,slow,True
426.1499999999999,context_wall,spatial_context,corner,0.8594649328171372,slow,0.450877946215696,corner,slow,True
426.19999999999993,context_wall,spatial_context,corner,0.9436198258440184,slow,0.46338200564484994,corner,slow,True
426.2249999999999,context_wall,spatial_context,corner,0.9761299089422052,slow,0.46228653585887564,corner,slow,True
426.24999999999994,context_wall,spatial_context,corner,0.9191540610416098,still,0.4961763645262047,corner,slow,True
426.3499999999999,context_wall,spatial_context,corner,0.9166629044148288,slow,0.4420119779952028,corner,fast,True
426.37499999999994,context_wall,spatial_context,corner,0.9650289577692,fast,0.4402511583401508,corner,fast,True
426.3999999999999,context_wall,spatial_context,corner,0.935968439868286,fast,0.6099952442606582,corner,slow,True
426.42499999999995,context_wall,spatial_context,corner,0.9668072492543305,fast,0.6438436972813544,corner,slow,True
426.44999999999993,context_wall,spatial_context,corner,0.9452844127655361,fast,0.6853455847688531,corner,fast,True
426.4749999999999,context_wall,spatial_context,corner,0.9782463837983142,fast,0.6777265006719493,corner,fast,True
426.49999999999994,context_wall,spatial_context,corner,0.989793981224962,fast,0.7412389105503052,corner,fast,True
426.5249999999999,context_wall,spatial_context,corner,0.9867104031341494,fast,0.6927585345434466,corner,fast,True
426.54999999999995,context_wall,spatial_context,corner,0.9605944853377006,fast,0.6675854203711128,corner,fast,True
426.7249999999999,context_wall,spatial_context,corner,0.8256231525877016,fast,0.590763837764903,corner,fast,True
426.79999999999995,context_wall,spatial_context,corner,0.9827266942776757,fast,0.5043317990932151,corner,fast,True
426.82499999999993,context_wall,spatial_context,corner,0.9967173721787428,fast,0.6404198933179066,corner,fast,True
426.8499999999999,context_wall,spatial_context,corner,0.9979386447302729,fast,0.6347295323221662,corner,fast,True
426.87499999999994,context_wall,spatial_context,corner,0.9997562374295126,fast,0.6163306083093113,corner,fast,True
426.8999999999999,context_wall,spatial_context,corner,0.9906444254170371,fast,0.7185557347980162,corner,fast,True
426.92499999999995,context_wall,spatial_context,corner,0.9638014348989669,fast,0.7371750876409767,corner,fast,True
426.94999999999993,context_wall,spatial_context,corner,0.9604086030905437,fast,0.5033346536685219,corner,fast,True
427.0999999999999,context_wall,spatial_context,wall,0.802802716044287,fast,0.6632612720616953,corner,fast,True
427.24999999999994,context_wall,spatial_context,wall,0.8172336574025473,fast,0.7622838140415489,corner,fast,True
427.37499999999994,context_wall,spatial_context,wall,0.8573865531151889,slow,0.4544890298422263,corner,slow,True
427.49999999999994,context_wall,spatial_context,corner,0.959160031487928,slow,0.39155097242619463,corner,slow,True
427.5249999999999,context_wall,spatial_context,corner,0.9213990285667926,slow,0.40805296723214945,corner,slow,True
427.54999999999995,context_wall,spatial_context,corner,0.976734488838727,slow,0.43331091215921125,corner,fast,True
427.57499999999993,context_wall,spatial_context,corner,0.9581890408552884,fast,0.5100457691433005,corner,fast,True
427.5999999999999,context_wall,spatial_context,corner,0.8968700138450416,fast,0.5726903074792206,corner,fast,True
427.62499999999994,context_wall,spatial_context,corner,0.9386937067665435,fast,0.4677355854650095,corner,fast,True
427.69999999999993,context_wall,spatial_context,wall,0.9131207507137625,fast,0.5004002354887185,corner,fast,True
427.7249999999999,context_wall,spatial_context,wall,0.9113863462981826,fast,0.5728175320399113,corner,fast,True
427.74999999999994,context_wall,spatial_context,wall,0.8067049641663536,fast,0.7886378937404294,corner,slow,True
428.0249999999999,context_wall,spatial_context,corner,0.8069958317897075,slow,0.41638266269653124,corner,slow,True
428.19999999999993,context_wall,spatial_context,corner,0.8027831397405601,slow,0.48095256001080544,corner,slow,True
428.37499999999994,context_wall,spatial_context,corner,0.8084147284333437,fast,0.5437887695253427,corner,slow,True
428.3999999999999,context_wall,spatial_context,corner,0.9569573809363509,fast,0.5576343767092194,corner,slow,True
428.42499999999995,context_wall,spatial_context,corner,0.9507703321190281,fast,0.4618631914689511,corner,slow,True
428.49999999999994,context_wall,spatial_context,wall,0.9219669180639622,slow,0.4301256235884195,corner,slow,True
428.5249999999999,context_wall,spatial_context,wall,0.9585133389713878,slow,0.44935623826968146,corner,slow,True
428.54999999999995,context_wall,spatial_context,wall,0.9031468216685444,slow,0.4408748151494067,corner,slow,True
428.5999999999999,context_wall,spatial_context,corner,0.8170992527629656,fast,0.48413461053693246,corner,slow,True
428.62499999999994,context_wall,spatial_context,corner,0.8089181443883802,fast,0.5304841374837578,corner,slow,True
428.6499999999999,context_wall,spatial_context,corner,0.932514567527716,slow,0.4956346438391332,corner,fast,True
428.67499999999995,context_wall,spatial_context,corner,0.9202340417863997,slow,0.47084845345621085,corner,fast,True
428.69999999999993,context_wall,spatial_context,corner,0.8207052963956367,fast,0.44201268685215916,corner,slow,True
428.7249999999999,context_wall,spatial_context,corner,0.8177194202258522,fast,0.5032273253892687,corner,slow,True
428.92499999999995,context_wall,spatial_context,wall,0.8193872944305746,slow,0.49934443272610224,corner,fast,True
429.3999999999999,context_wall,spatial_context,corner,0.9271049731053159,slow,0.41614908870399575,corner,slow,True
429.5249999999999,context_wall,spatial_context,wall,0.8361630732529806,fast,0.5170077146909723,corner,fast,True
429.54999999999995,context_wall,spatial_context,wall,0.8332323111854057,fast,0.6017676399212399,corner,slow,True
429.74999999999994,context_wall,spatial_context,corner,0.8102922208235473,slow,0.44897924829007296,wall,slow,True
429.7749999999999,context_wall,spatial_context,corner,0.8287152794774735,slow,0.47660368174410467,wall,slow,True
430.2249999999999,context_wall,spatial_context,wall,0.8351259845590546,fast,0.5442686546141188,wall,fast,True
430.24999999999994,context_wall,spatial_context,wall,0.8157945466345489,fast,0.6716734159146017,wall,slow,True
430.2749999999999,context_wall,spatial_context,wall,0.9035284353618542,fast,0.5609702147643036,wall,slow,True
430.3499999999999,context_wall,spatial_context,corner,0.8143627361000654,fast,0.49144436608966674,wall,slow,True
430.37499999999994,context_wall,spatial_context,corner,0.869311602755006,slow,0.4768750344120001,wall,slow,True
430.54999999999995,context_wall,spatial_context,wall,0.8769097221363095,slow,0.5171571327918424,wall,fast,True
430.57499999999993,context_wall,spatial_context,wall,0.8492258427492658,slow,0.508788763886943,wall,fast,True
430.79999999999995,context_wall,spatial_context,wall,0.8682621957544727,fast,0.7293936670099588,wall,fast,True
430.87499999999994,context_wall,spatial_context,wall,0.8009668041188843,fast,0.8723047610403324,wall,fast,True
430.9749999999999,context_wall,spatial_context,wall,0.8812281085338742,fast,0.7850507191106082,wall,fast,True
431.0249999999999,context_wall,spatial_context,wall,0.9390515265188742,fast,0.7603902259230527,wall,fast,True
431.04999999999995,context_wall,spatial_context,wall,0.9032688117529859,fast,0.657977499271156,wall,fast,True
431.2749999999999,context_wall,spatial_context,wall,0.8460900564582151,fast,0.6535473888744723,wall,fast,True
431.29999999999995,context_wall,spatial_context,wall,0.9370177207389745,fast,0.5864228355325092,wall,fast,True
431.32499999999993,context_wall,spatial_context,wall,0.9280041143654539,fast,0.5468764018375519,wall,fast,True
431.3499999999999,context_wall,spatial_context,wall,0.8748712150619594,fast,0.617603414900801,wall,fast,True
431.37499999999994,context_wall,spatial_context,wall,0.9104316237569249,fast,0.5097717358357708,wall,fast,True
431.3999999999999,context_wall,spatial_context,wall,0.8700894727983279,slow,0.42340630455981,wall,fast,True
431.5249999999999,context_wall,spatial_context,wall,0.8586866653366872,fast,0.6891423326664916,wall,slow,True
431.54999999999995,context_wall,spatial_context,wall,0.8370235529604497,fast,0.6013574703653473,wall,slow,True
431.57499999999993,context_wall,spatial_context,wall,0.8184405888699681,fast,0.47079947189861576,wall,slow,True
431.5999999999999,context_wall,spatial_context,wall,0.8626037790376418,fast,0.4662959986109231,wall,fast,True
431.79999999999995,context_wall,spatial_context,corner,0.9077022599104254,fast,0.48314468435485636,wall,slow,True
431.82499999999993,context_wall,spatial_context,corner,0.9517895076235835,fast,0.6115277511813534,wall,slow,True
431.8499999999999,context_wall,spatial_context,corner,0.9477574462964906,fast,0.5721336938291011,wall,slow,True
431.94999999999993,context_wall,spatial_context,wall,0.8979146487231039,slow,0.48278286072932763,wall,slow,True
431.9749999999999,context_wall,spatial_context,wall,0.908594825702787,slow,0.4847210918972624,wall,slow,True
431.99999999999994,context_wall,spatial_context,wall,0.9622975615985802,slow,0.4685623582848822,wall,fast,True
432.0249999999999,context_wall,spatial_context,wall,0.9643701660833301,fast,0.4202668600856992,wall,fast,True
432.04999999999995,context_wall,spatial_context,wall,0.9385378379810831,fast,0.6105931049349318,wall,fast,True
432.07499999999993,context_wall,spatial_context,wall,0.8783112828870502,fast,0.45631619609430857,wall,fast,True
432.32499999999993,context_wall,spatial_context,wall,0.947795348352076,fast,0.46082677477889805,wall,slow,True
432.3499999999999,context_wall,spatial_context,wall,0.8775586773594191,slow,0.44958915567338886,wall,slow,True
432.3999999999999,context_wall,spatial_context,wall,0.8373687959212658,slow,0.4240053440098339,wall,slow,True
432.67499999999995,context_wall,spatial_context,corner,0.8384134994088505,fast,0.5354141228533438,wall,fast,True
432.7249999999999,context_wall,spatial_context,wall,0.9356449887099841,fast,0.6146671854195779,wall,fast,True
432.7749999999999,context_wall,spatial_context,wall,0.8274689036625474,fast,0.4787561058938225,wall,fast,True
432.8999999999999,context_wall,spatial_context,wall,0.916783715373219,fast,0.6619335490627504,wall,fast,True
432.92499999999995,context_wall,spatial_context,wall,0.9274948094655991,fast,0.5667530286841325,wall,fast,True
433.0999999999999,context_wall,spatial_context,wall,0.9201659880177634,fast,0.6855313906033341,wall,fast,True
433.12499999999994,context_wall,spatial_context,wall,0.9682340067952367,fast,0.5912285749472808,wall,fast,True
433.1499999999999,context_wall,spatial_context,wall,0.9650687992683398,fast,0.6930913332332247,wall,fast,True
433.17499999999995,context_wall,spatial_context,wall,0.8308110433309405,fast,0.6857752328799623,wall,fast,True
433.29999999999995,context_wall,spatial_context,wall,0.8586444894749539,fast,0.658994755016416,wall,fast,True
433.32499999999993,context_wall,spatial_context,wall,0.8824610357362669,fast,0.6398679004334885,wall,fast,True
433.3499999999999,context_wall,spatial_context,wall,0.8816104032206041,fast,0.6742799881611095,wall,fast,True
433.37499999999994,context_wall,spatial_context,wall,0.9160640623224728,fast,0.6667545687784583,wall,fast,True
433.3999999999999,context_wall,spatial_context,wall,0.9362233336299788,fast,0.6329516217430772,wall,fast,True
433.42499999999995,context_wall,spatial_context,wall,0.8068807927358396,fast,0.771880605999974,wall,fast,True
433.49999999999994,context_wall,spatial_context,corner,0.8789368913897164,fast,0.5259783581821115,wall,fast,True
433.5249999999999,context_wall,spatial_context,corner,0.8280245605049518,fast,0.596096013014251,wall,fast,True
433.5999999999999,context_wall,spatial_context,wall,0.9241437372002466,fast,0.8518255205340334,wall,fast,True
433.74999999999994,context_wall,spatial_context,wall,0.8788718090762366,fast,0.7017044607714353,wall,fast,True
433.87499999999994,context_wall,spatial_context,wall,0.9006545544122166,fast,0.5312771089338976,wall,fast,True
433.8999999999999,context_wall,spatial_context,wall,0.8388466812649401,fast,0.45924735345611395,wall,fast,True
433.92499999999995,context_wall,spatial_context,wall,0.9128612167099172,fast,0.4458169555815435,wall,fast,True
433.94999999999993,context_wall,spatial_context,wall,0.9676443404609484,fast,0.6589542075402041,wall,fast,True
434.5249999999999,context_wall,spatial_context,corner,0.9350200605172295,fast,0.5151623590031692,corner,fast,True
434.54999999999995,context_wall,spatial_context,corner,0.9224916362261809,fast,0.5473424736440277,corner,slow,True
434.57499999999993,context_wall,spatial_context,corner,0.819979392670683,slow,0.4785642871013603,corner,slow,True
434.5999999999999,context_wall,spatial_context,corner,0.9707662523570719,slow,0.4906344187976483,corner,slow,True
434.62499999999994,context_wall,spatial_context,corner,0.8332460194972128,fast,0.4535971455522247,corner,slow,True
434.6499999999999,context_wall,spatial_context,corner,0.847553750973151,slow,0.4827372380023591,corner,slow,True
434.67499999999995,context_wall,spatial_context,corner,0.8670237458709282,slow,0.5376183274388745,corner,slow,True
434.74999999999994,context_wall,spatial_context,corner,0.8131299645543139,slow,0.43590964598260995,corner,slow,True
434.8999999999999,context_wall,spatial_context,corner,0.9344642736873969,slow,0.4630067475834408,corner,slow,True
434.92499999999995,context_wall,spatial_context,corner,0.9505928770261804,slow,0.4410953221350876,corner,slow,True
434.94999999999993,context_wall,spatial_context,corner,0.9864956437817544,still,0.6359143940529826,corner,slow,True
434.9749999999999,context_wall,spatial_context,corner,0.9855004508268335,slow,0.4840149903134707,corner,slow,True
434.99999999999994,context_wall,spatial_context,corner,0.9688015747816684,slow,0.40523557780977887,corner,slow,True
435.0249999999999,context_wall,spatial_context,corner,0.9470323141176287,slow,0.44529998812292426,corner,slow,True
435.04999999999995,context_wall,spatial_context,corner,0.9472485399046787,slow,0.45232305306564463,corner,slow,True
435.19999999999993,context_wall,spatial_context,corner,0.855238144952475,slow,0.4716921489138386,corner,slow,True
435.3499999999999,context_wall,spatial_context,corner,0.8663253301752732,slow,0.4017766186191865,corner,slow,True
435.37499999999994,context_wall,spatial_context,corner,0.9443649214638348,slow,0.4714568427054923,corner,slow,True
435.3999999999999,context_wall,spatial_context,corner,0.8038672563168897,slow,0.4655140524265701,corner,slow,True
435.4249999999999,context_wall,spatial_context,corner,0.9012532547515243,slow,0.4669644536110399,corner,slow,True
435.6499999999999,context_wall,spatial_context,corner,0.8126312072174725,slow,0.47332221260037016,corner,slow,True
435.6749999999999,context_wall,spatial_context,corner,0.881110198930871,slow,0.4518679811768952,corner,slow,True
435.69999999999993,context_wall,spatial_context,corner,0.8595221909806435,fast,0.5119573114949574,corner,slow,True
435.7249999999999,context_wall,spatial_context,corner,0.9141401826408838,slow,0.472277665368708,corner,slow,True
435.94999999999993,context_wall,spatial_context,corner,0.9267752734405259,fast,0.6316825914264839,corner,slow,True
435.9749999999999,context_wall,spatial_context,corner,0.9336946113868418,fast,0.5452034293808088,corner,slow,True
435.99999999999994,context_wall,spatial_context,corner,0.9437085255425207,fast,0.633890000513589,corner,slow,True
436.0249999999999,context_wall,spatial_context,corner,0.9708110379558387,fast,0.6440368374056838,corner,slow,True
436.0499999999999,context_wall,spatial_context,corner,0.9744509509641723,slow,0.4836464904533903,corner,slow,True
436.07499999999993,context_wall,spatial_context,corner,0.9124613403674073,fast,0.5369748540296002,corner,slow,True
436.12499999999994,context_wall,spatial_context,wall,0.9198067383824454,slow,0.39367130293792757,corner,slow,True
436.1499999999999,context_wall,spatial_context,wall,0.9442420382421632,slow,0.42898986768199476,corner,slow,True
436.1749999999999,context_wall,spatial_context,wall,0.9691614627774753,still,0.41193713542497945,corner,slow,True
436.19999999999993,context_wall,spatial_context,wall,0.9415340712306989,slow,0.4227485265150818,wall,slow,True
436.24999999999994,context_wall,spatial_context,wall,0.8271495698524288,fast,0.45623343519327486,wall,fast,True
436.6499999999999,context_wall,spatial_context,wall,0.8204075166424277,fast,0.4439998960962385,wall,slow,True
436.6749999999999,context_wall,spatial_context,wall,0.8888203948504753,slow,0.4641239858063953,wall,slow,True
436.7249999999999,context_wall,spatial_context,wall,0.8180932110327819,slow,0.5089540738860806,wall,slow,True
436.74999999999994,context_wall,spatial_context,wall,0.8767542080500216,fast,0.45587588208549007,wall,slow,True
436.94999999999993,context_wall,spatial_context,wall,0.8357122644981271,still,0.474531735648316,wall,slow,True
436.9749999999999,context_wall,spatial_context,wall,0.9055901006632455,still,0.45010252465318096,wall,slow,True
436.99999999999994,context_wall,spatial_context,wall,0.962184335181467,still,0.3759629210294227,wall,slow,True
437.0249999999999,context_wall,spatial_context,wall,0.9853212957609798,still,0.4905103884002244,wall,slow,True
437.0499999999999,context_wall,spatial_context,wall,0.9616301590749115,slow,0.4097107037284946,wall,slow,True
437.12499999999994,context_wall,spatial_context,corner,0.8205563154668071,fast,0.5137526134325024,wall,slow,True
437.1499999999999,context_wall,spatial_context,corner,0.8365195626523471,slow,0.46020866565925816,wall,slow,True
437.2999999999999,context_wall,spatial_context,wall,0.8109146382942203,slow,0.3844752065590526,wall,slow,True
437.44999999999993,context_wall,spatial_context,corner,0.9310593477475865,slow,0.5380612198799019,wall,fast,True
437.4749999999999,context_wall,spatial_context,corner,0.8416883778054495,fast,0.5730900559401543,wall,fast,True
438.7249999999999,context_wall,spatial_context,wall,0.8704341252486758,fast,0.5862322158110485,center,fast,False
438.7749999999999,context_wall,spatial_context,wall,0.9749881006612424,fast,0.4874845325863592,corner,fast,True
438.7999999999999,context_wall,spatial_context,wall,0.9823374839381086,slow,0.454000228259708,corner,fast,True
438.82499999999993,context_wall,spatial_context,wall,0.9711438875705491,fast,0.5830191521461936,corner,fast,True
438.8499999999999,context_wall,spatial_context,wall,0.9544012102273006,fast,0.6003098317071472,corner,fast,True
439.1749999999999,context_wall,spatial_context,wall,0.8286566186597728,fast,0.5393113865420417,corner,fast,True
439.24999999999994,context_wall,spatial_context,corner,0.9668813778141102,fast,0.538754945747652,corner,fast,True
439.2749999999999,context_wall,spatial_context,corner,0.8312674381011701,slow,0.471113153765086,corner,fast,True
439.2999999999999,context_wall,spatial_context,corner,0.8840397052809117,slow,0.47483603480944425,corner,fast,True
439.3999999999999,context_wall,spatial_context,wall,0.850553703962377,fast,0.5701726955362587,corner,fast,True
439.4249999999999,context_wall,spatial_context,wall,0.8079868359489113,fast,0.6262661625474667,corner,fast,True
439.6749999999999,context_wall,spatial_context,wall,0.8198130376199028,fast,0.6321972799603217,corner,fast,True
439.69999999999993,context_wall,spatial_context,wall,0.8182039640374772,fast,0.7098720417687843,corner,fast,True
439.7999999999999,context_wall,spatial_context,corner,0.8195273434801476,fast,0.6622818189999962,corner,fast,True
439.9249999999999,context_wall,spatial_context,wall,0.9185303047846565,slow,0.40516688085487723,corner,slow,True
439.94999999999993,context_wall,spatial_context,wall,0.9510538535252371,slow,0.45296850193215804,corner,fast,True
439.9749999999999,context_wall,spatial_context,wall,0.9547203165050725,slow,0.4750983548630422,corner,fast,True
440.12499999999994,context_wall,spatial_context,wall,0.8322663112699251,fast,0.4407220175097638,corner,fast,True
440.1499999999999,context_wall,spatial_context,wall,0.8184243899246081,fast,0.5505996653244767,corner,fast,True
440.1749999999999,context_wall,spatial_context,wall,0.8838071770776746,fast,0.5394233001587385,corner,fast,True
440.2749999999999,context_wall,spatial_context,wall,0.8713439797602043,fast,0.660315103124721,corner,fast,True
440.44999999999993,context_wall,spatial_context,corner,0.9294794250002794,fast,0.6783187023141549,corner,fast,True
440.4749999999999,context_wall,spatial_context,corner,0.9278445643883015,fast,0.6056032693522992,corner,fast,True
440.49999999999994,context_wall,spatial_context,corner,0.9641014884952757,fast,0.5141558037561846,corner,fast,True
440.5249999999999,context_wall,spatial_context,corner,0.8726858361451759,slow,0.48746999374828,corner,fast,True
440.5499999999999,context_wall,spatial_context,corner,0.9580692533759761,fast,0.5882623898814177,corner,fast,True
440.57499999999993,context_wall,spatial_context,corner,0.9749732808648585,fast,0.5446528666278443,corner,fast,True
440.5999999999999,context_wall,spatial_context,corner,0.9300885988592191,fast,0.5588055532959292,corner,fast,True
440.62499999999994,context_wall,spatial_context,corner,0.8737120465465694,fast,0.6353750464688693,corner,fast,True
440.7249999999999,context_wall,spatial_context,corner,0.811803986237394,fast,0.6989532013616317,corner,slow,True
440.82499999999993,context_wall,spatial_context,wall,0.8962099704032337,fast,0.5421978055763127,corner,slow,True
440.87499999999994,context_wall,spatial_context,wall,0.9484398479931447,slow,0.48384009481676676,corner,slow,True
440.8999999999999,context_wall,spatial_context,wall,0.8091360235633929,slow,0.48471574683350643,corner,slow,True
440.9749999999999,context_wall,spatial_context,corner,0.9198311499699088,still,0.4243964052160517,corner,slow,True
440.99999999999994,context_wall,spatial_context,corner,0.8024658031206234,slow,0.4578241147782897,corner,slow,True
441.2249999999999,context_wall,spatial_context,corner,0.9654605129868779,slow,0.51471465435684,corner,slow,True
441.24999999999994,context_wall,spatial_context,corner,0.9740576913335245,slow,0.47984339288087696,corner,slow,True
441.2749999999999,context_wall,spatial_context,corner,0.9773171441716646,slow,0.47863486003307787,corner,slow,True
441.2999999999999,context_wall,spatial_context,corner,0.9906996523687278,slow,0.4557067150318009,corner,slow,True
441.32499999999993,context_wall,spatial_context,corner,0.9830680877689502,slow,0.4494863768416444,corner,slow,True
441.3499999999999,context_wall,spatial_context,corner,0.9679088591538014,slow,0.48159587805145576,corner,slow,True
441.37499999999994,context_wall,spatial_context,corner,0.9478731596108321,slow,0.4523742424751341,corner,slow,True
441.3999999999999,context_wall,spatial_context,corner,0.8749145173253849,still,0.46702792898255807,corner,still,True
441.49999999999994,context_wall,spatial_context,corner,0.8674715592410307,slow,0.47958060639483263,corner,slow,True
441.5249999999999,context_wall,spatial_context,corner,0.9783736581187393,slow,0.554078266360667,corner,slow,True
441.5499999999999,context_wall,spatial_context,corner,0.9704364031528477,slow,0.548820314469112,corner,slow,True
441.57499999999993,context_wall,spatial_context,corner,0.8866951354909902,slow,0.4892215149269568,corner,slow,True
441.5999999999999,context_wall,spatial_context,corner,0.9411293581545636,slow,0.5031215865821564,corner,slow,True
441.6499999999999,context_wall,spatial_context,corner,0.8558026237141878,slow,0.440453309308854,corner,slow,True
441.6749999999999,context_wall,spatial_context,corner,0.9953049164953202,slow,0.4995466722726498,corner,slow,True
441.69999999999993,context_wall,spatial_context,corner,0.9935392243796346,slow,0.5438214136263979,corner,slow,True
441.7249999999999,context_wall,spatial_context,corner,0.9879800604195935,slow,0.5234418298697043,corner,slow,True
441.74999999999994,context_wall,spatial_context,corner,0.9680725135722494,slow,0.5405030986059267,corner,slow,True
441.87499999999994,context_wall,spatial_context,corner,0.9439471342265613,slow,0.47938822327107566,corner,slow,True
441.8999999999999,context_wall,spatial_context,corner,0.8815791711181146,fast,0.5026097712971102,corner,slow,True
442.07499999999993,context_wall,spatial_context,wall,0.8078073367882364,slow,0.45687367529747896,corner,slow,True
442.1749999999999,context_wall,spatial_context,corner,0.8972926830033088,still,0.49802929265413354,corner,slow,True
442.19999999999993,context_wall,spatial_context,corner,0.8597724882618023,still,0.47019558833652625,corner,slow,True
442.2249999999999,context_wall,spatial_context,corner,0.8525342332284053,slow,0.4454415164504504,corner,slow,True
442.32499999999993,context_wall,spatial_context,corner,0.9675134947930606,fast,0.5625365896485338,corner,slow,True
442.3499999999999,context_wall,spatial_context,corner,0.9509024697350701,fast,0.5083727467612615,corner,slow,True
442.37499999999994,context_wall,spatial_context,corner,0.9588767703570911,slow,0.4985833068624781,corner,slow,True
442.3999999999999,context_wall,spatial_context,corner,0.98180270219723,slow,0.4636393626064212,corner,slow,True
442.4249999999999,context_wall,spatial_context,corner,0.9487761251625768,still,0.4949162049698688,corner,slow,True
442.44999999999993,context_wall,spatial_context,corner,0.9499641843780292,slow,0.5080473489284753,corner,slow,True
442.4749999999999,context_wall,spatial_context,corner,0.8888082496395115,slow,0.4662203548175294,corner,slow,True
442.74999999999994,context_wall,spatial_context,corner,0.8231638250727438,fast,0.5260364104647031,corner,slow,True
442.7999999999999,context_wall,spatial_context,corner,0.8167888923931864,fast,0.5372971895501444,corner,slow,True
442.82499999999993,context_wall,spatial_context,corner,0.800414893069801,slow,0.40992131278505894,corner,slow,True
442.8499999999999,context_wall,spatial_context,corner,0.8389229307259423,slow,0.4869228970516031,corner,fast,True
442.94999999999993,context_wall,spatial_context,wall,0.8632953597627204,slow,0.4901376241088525,corner,fast,True
443.0499999999999,context_wall,spatial_context,corner,0.8966097862941272,fast,0.6027691415981747,corner,fast,True
443.07499999999993,context_wall,spatial_context,corner,0.9216098070307109,fast,0.7449221584223725,corner,fast,True
443.0999999999999,context_wall,spatial_context,corner,0.8132984937218942,fast,0.6075574668100945,corner,fast,True
443.1749999999999,context_wall,spatial_context,corner,0.8350936704809486,fast,0.6252665245844777,corner,fast,True
443.19999999999993,context_wall,spatial_context,corner,0.860670987450543,fast,0.6248763447514034,corner,fast,True
443.2249999999999,context_wall,spatial_context,corner,0.9718776023790421,fast,0.5817046870086804,corner,fast,True
443.24999999999994,context_wall,spatial_context,corner,0.9606720732719821,fast,0.6839298065551658,corner,fast,True
443.2749999999999,context_wall,spatial_context,corner,0.9295581515943591,fast,0.6143223788222258,corner,fast,True
443.2999999999999,context_wall,spatial_context,corner,0.906536902742001,fast,0.4830841835485151,corner,fast,True
443.49999999999994,context_wall,spatial_context,corner,0.9607421625612382,fast,0.49330860403365384,corner,fast,True
443.5249999999999,context_wall,spatial_context,corner,0.988080293724983,fast,0.6298689847532634,corner,fast,True
443.5499999999999,context_wall,spatial_context,corner,0.9609778922028828,fast,0.746063105033734,corner,fast,True
443.57499999999993,context_wall,spatial_context,corner,0.9237482536959543,fast,0.6837199918002977,corner,fast,True
443.5999999999999,context_wall,spatial_context,corner,0.8050583035123035,fast,0.7351571801283987,corner,fast,True
443.69999999999993,context_wall,spatial_context,corner,0.8364916356823687,fast,0.6904521523866007,corner,fast,True
443.7249999999999,context_wall,spatial_context,corner,0.8483074586653805,fast,0.677382112258615,corner,fast,True
443.94999999999993,context_wall,spatial_context,wall,0.845559578820868,fast,0.8348632873694802,wall,fast,True
443.9749999999999,context_wall,spatial_context,wall,0.9068590227126349,fast,0.7861147133867453,wall,fast,True
444.0499999999999,context_wall,spatial_context,wall,0.8293261055336987,fast,0.8113000218855231,wall,fast,True
444.1749999999999,context_wall,spatial_context,corner,0.9148999016545208,fast,0.4465964111772567,wall,fast,True
444.19999999999993,context_wall,spatial_context,corner,0.9478971417363213,slow,0.523292523115236,wall,fast,True
444.2249999999999,context_wall,spatial_context,corner,0.9641944063011371,fast,0.4768769546069307,wall,fast,True
444.24999999999994,context_wall,spatial_context,corner,0.8621024606823324,slow,0.5014486315472103,wall,fast,True
444.5249999999999,context_wall,spatial_context,wall,0.9156745825557331,slow,0.4965086476185446,wall,fast,True
444.5499999999999,context_wall,spatial_context,wall,0.902518081136008,slow,0.44022430194705303,wall,fast,True
444.57499999999993,context_wall,spatial_context,wall,0.9279367792106499,slow,0.49077410080741685,wall,fast,True
444.5999999999999,context_wall,spatial_context,wall,0.9275948198856736,fast,0.45618877478349257,wall,fast,True
444.62499999999994,context_wall,spatial_context,wall,0.8042472738398255,fast,0.6036875822395665,wall,fast,True
444.6749999999999,context_wall,spatial_context,wall,0.8156788323013576,fast,0.5701614633411554,wall,fast,True
444.69999999999993,context_wall,spatial_context,wall,0.900541640188105,fast,0.5198680751132246,wall,fast,True
444.7749999999999,context_wall,spatial_context,corner,0.8010789854737681,fast,0.5043322802927688,wall,slow,True
444.7999999999999,context_wall,spatial_context,corner,0.9414643557381821,fast,0.6184265816802794,wall,slow,True
444.82499999999993,context_wall,spatial_context,corner,0.8541150921652864,fast,0.5876452622665578,wall,slow,True
444.8999999999999,context_wall,spatial_context,wall,0.8741244850008308,slow,0.5277755839733865,wall,fast,True
444.9749999999999,context_wall,spatial_context,wall,0.8867741599435683,fast,0.5788805813229352,wall,fast,True
445.0499999999999,context_wall,spatial_context,wall,0.861352700415087,fast,0.5911066417037713,wall,slow,True
445.07499999999993,context_wall,spatial_context,wall,0.8533269269137203,fast,0.6672248557605012,wall,slow,True
445.0999999999999,context_wall,spatial_context,wall,0.8981168302194389,fast,0.6445970520644982,wall,fast,True
445.12499999999994,context_wall,spatial_context,wall,0.9578017866237133,fast,0.7488597683217233,wall,fast,True
445.1499999999999,context_wall,spatial_context,wall,0.8945379413159295,fast,0.5577715871349908,wall,slow,True
445.1749999999999,context_wall,spatial_context,wall,0.9343873943002127,fast,0.644893584716127,wall,slow,True
445.19999999999993,context_wall,spatial_context,wall,0.9276041669423232,fast,0.5821434228752757,wall,slow,True
445.2249999999999,context_wall,spatial_context,wall,0.8909464935125054,fast,0.4789513355462741,wall,slow,True
445.24999999999994,context_wall,spatial_context,wall,0.9314669124813663,slow,0.38218202693751296,wall,slow,True
445.2749999999999,context_wall,spatial_context,wall,0.8384380321034451,slow,0.3532547739913587,wall,slow,True
445.3999999999999,context_wall,spatial_context,wall,0.8322128675665095,slow,0.5074631179696479,wall,slow,True
445.49999999999994,context_wall,spatial_context,wall,0.8600651123882372,fast,0.5592547818028908,wall,slow,True
445.62499999999994,context_wall,spatial_context,wall,0.8288573040717189,slow,0.44499565444158334,wall,slow,True
445.6749999999999,context_wall,spatial_context,wall,0.8730847426885098,slow,0.44314896418259336,wall,slow,True
445.69999999999993,context_wall,spatial_context,wall,0.9005636306985548,slow,0.4567262661562968,wall,slow,True
445.74999999999994,context_wall,spatial_context,wall,0.942748363750949,slow,0.47364415922066855,wall,slow,True
445.7749999999999,context_wall,spatial_context,wall,0.9135375035109303,fast,0.47594237232057096,wall,slow,True
445.7999999999999,context_wall,spatial_context,wall,0.8612309194516133,fast,0.45386165944459267,wall,slow,True
445.82499999999993,context_wall,spatial_context,wall,0.9101404416270049,fast,0.588444227405123,wall,slow,True
445.99999999999994,context_wall,spatial_context,wall,0.9470245513496831,slow,0.4172980050518027,wall,fast,True
446.1499999999999,context_wall,spatial_context,wall,0.8994945392948159,still,0.3919932090552517,wall,slow,True
446.1749999999999,context_wall,spatial_context,wall,0.8747148525626908,fast,0.4422958529584891,wall,slow,True
446.19999999999993,context_wall,spatial_context,wall,0.8502596250845463,fast,0.4975705749946205,wall,slow,True
446.2249999999999,context_wall,spatial_context,wall,0.8837222582721379,fast,0.48466291759392893,wall,slow,True
446.2999999999999,context_wall,spatial_context,wall,0.9418649780248867,fast,0.4834996404539424,wall,fast,True
446.3499999999999,context_wall,spatial_context,wall,0.901923484923331,fast,0.6089367504641365,wall,slow,True
446.5499999999999,context_wall,spatial_context,wall,0.8098213653112345,fast,0.5962429717280116,wall,slow,True
446.5999999999999,context_wall,spatial_context,wall,0.8442111561856651,fast,0.5644935433765587,wall,slow,True
446.62499999999994,context_wall,spatial_context,wall,0.9546652070000384,fast,0.5639025569725468,wall,slow,True
446.6499999999999,context_wall,spatial_context,wall,0.9065025286003835,slow,0.4285465723169245,wall,slow,True
446.6749999999999,context_wall,spatial_context,wall,0.9210999305727702,slow,0.4936177587674486,wall,slow,True
446.69999999999993,context_wall,spatial_context,wall,0.8177771688154208,slow,0.44956282982570595,wall,slow,True
446.82499999999993,context_wall,spatial_context,wall,0.8739184885370452,slow,0.4758299438074875,wall,fast,True
446.8499999999999,context_wall,spatial_context,wall,0.8748338692242239,fast,0.4649973211273203,wall,fast,True
446.87499999999994,context_wall,spatial_context,wall,0.8991213940060186,fast,0.44326089333502056,wall,fast,True
446.8999999999999,context_wall,spatial_context,wall,0.8311819486451291,fast,0.5358707613178697,wall,slow,True
446.9249999999999,context_wall,spatial_context,wall,0.8942746459145456,fast,0.5831654554272042,wall,slow,True
446.94999999999993,context_wall,spatial_context,wall,0.9027294559165849,fast,0.5406099498364875,wall,slow,True
447.0499999999999,context_wall,spatial_context,wall,0.8339708271750167,fast,0.5957693173248743,wall,fast,True
447.1499999999999,context_wall,spatial_context,wall,0.8513832961786167,fast,0.42662904764219794,wall,fast,True
447.1749999999999,context_wall,spatial_context,wall,0.9141025316446464,slow,0.4391702137179614,wall,fast,True
447.19999999999993,context_wall,spatial_context,wall,0.9702591039980422,slow,0.4436812766354325,wall,slow,True
447.2249999999999,context_wall,spatial_context,wall,0.9748240741721241,fast,0.5080408642705951,wall,slow,True
447.24999999999994,context_wall,spatial_context,wall,0.9378682840798285,fast,0.547397756713471,wall,slow,True
447.2749999999999,context_wall,spatial_context,wall,0.8728017243121741,fast,0.5793852782303259,wall,slow,True
447.3499999999999,context_wall,spatial_context,wall,0.9332407420136515,slow,0.44117184835572976,wall,slow,True
447.37499999999994,context_wall,spatial_context,wall,0.8687368525595138,fast,0.42760984970965793,wall,slow,True
447.3999999999999,context_wall,spatial_context,wall,0.9130605403044045,fast,0.4449664125296748,wall,slow,True
447.4249999999999,context_wall,spatial_context,wall,0.8549551439141496,slow,0.40464375621722276,wall,slow,True
447.4749999999999,context_wall,spatial_context,wall,0.8069497415291941,fast,0.5297111386869138,wall,slow,True
447.5999999999999,context_wall,spatial_context,wall,0.8931798162616055,fast,0.47167419190512816,wall,slow,True
447.62499999999994,context_wall,spatial_context,wall,0.9133868353242428,fast,0.5397252370130644,wall,slow,True
447.6499999999999,context_wall,spatial_context,wall,0.8223860397480773,fast,0.5664936732053645,wall,slow,True
447.6749999999999,context_wall,spatial_context,wall,0.9891613887137012,fast,0.5266557464073631,wall,slow,True
447.69999999999993,context_wall,spatial_context,wall,0.9528978725827885,fast,0.6363581745523914,wall,fast,True
447.7249999999999,context_wall,spatial_context,wall,0.8377329043410375,fast,0.4757867043588218,wall,fast,True
447.74999999999994,context_wall,spatial_context,wall,0.988231462089457,fast,0.4570449722936879,wall,slow,True
447.7749999999999,context_wall,spatial_context,wall,0.9391516278249439,fast,0.48524783545645384,wall,slow,True
447.7999999999999,context_wall,spatial_context,wall,0.9015884532905617,fast,0.546488919181705,wall,slow,True
447.8499999999999,context_wall,spatial_context,corner,0.9795621431078634,slow,0.41890298901523004,wall,slow,True
447.87499999999994,context_wall,spatial_context,corner,0.933918201595551,slow,0.44030140758919956,wall,slow,True
447.9749999999999,context_wall,spatial_context,wall,0.9406876862209821,slow,0.44131536387682857,wall,slow,True
447.99999999999994,context_wall,spatial_context,wall,0.9801655580605723,slow,0.4872403059423763,wall,slow,True
448.0249999999999,context_wall,spatial_context,wall,0.9779046705613613,slow,0.4995504894317529,wall,slow,True
448.0499999999999,context_wall,spatial_context,wall,0.8617321400934365,slow,0.4266399637518059,wall,slow,True
448.07499999999993,context_wall,spatial_context,wall,0.8752372769049552,slow,0.4664743278096215,wall,slow,True
448.0999999999999,context_wall,spatial_context,wall,0.8821754101917394,slow,0.44686805719090883,wall,slow,True
448.1499999999999,context_wall,spatial_context,wall,0.8398037046143084,slow,0.5022015943617439,wall,slow,True
448.1749999999999,context_wall,spatial_context,wall,0.9455034785324468,slow,0.5044055626350084,wall,slow,True
448.19999999999993,context_wall,spatial_context,wall,0.8665134518952087,slow,0.4828388089904413,wall,slow,True
448.2249999999999,context_wall,spatial_context,wall,0.910928595342361,slow,0.4093995653979672,wall,slow,True
448.24999999999994,context_wall,spatial_context,wall,0.9133466200751225,still,0.46002378925904835,wall,slow,True
448.5499999999999,context_wall,spatial_context,wall,0.8744553675868149,still,0.43683405247920926,wall,slow,True
448.57499999999993,context_wall,spatial_context,wall,0.9305603906408854,still,0.4667687195005885,wall,slow,True
448.5999999999999,context_wall,spatial_context,wall,0.8878792865988583,slow,0.39971348965387143,wall,slow,True
448.62499999999994,context_wall,spatial_context,wall,0.8251612591922828,slow,0.45072588235351924,wall,slow,True
448.69999999999993,context_wall,spatial_context,corner,0.8447029417064857,slow,0.3710685111393696,wall,still,True
448.8499999999999,context_wall,spatial_context,corner,0.8539057190033471,still,0.40420405109664875,wall,slow,True
448.8999999999999,context_wall,spatial_context,wall,0.8826743381303596,slow,0.40249177261126007,wall,slow,True
448.9249999999999,context_wall,spatial_context,wall,0.9047301087652047,still,0.556637594805125,wall,slow,True
448.99999999999994,context_wall,spatial_context,wall,0.9250194907456628,slow,0.44981637809590325,wall,slow,True
449.0499999999999,context_wall,spatial_context,wall,0.8064151854557136,fast,0.4248939735581281,wall,slow,True
449.12499999999994,context_wall,spatial_context,wall,0.8083621373887503,slow,0.44008500735019046,wall,slow,True
449.1499999999999,context_wall,spatial_context,wall,0.9155993803486941,still,0.4292856833039139,wall,slow,True
449.1749999999999,context_wall,spatial_context,wall,0.8775535435066877,still,0.4304262581772496,wall,slow,True
449.2249999999999,context_wall,spatial_context,wall,0.9210804797663994,slow,0.45601534696558105,wall,slow,True
449.24999999999994,context_wall,spatial_context,wall,0.8137918884254289,slow,0.4264411448280944,wall,still,True
449.5999999999999,context_wall,spatial_context,wall,0.8146654595750152,slow,0.42704466159239657,wall,slow,True
449.69999999999993,context_wall,spatial_context,wall,0.8031031713910459,fast,0.570440910966168,wall,fast,True
449.74999999999994,context_wall,spatial_context,wall,0.834509229240581,fast,0.582443477614801,wall,fast,True
449.7749999999999,context_wall,spatial_context,wall,0.8783744029693404,fast,0.5928183810710196,wall,fast,True
449.7999999999999,context_wall,spatial_context,wall,0.831397582594588,fast,0.6006832009154658,wall,fast,True
450.37499999999994,context_wall,spatial_context,corner,0.961256961764479,fast,0.4609875707479694,wall,fast,True
450.3999999999999,context_wall,spatial_context,corner,0.9837004527065207,fast,0.485952185519851,wall,slow,True
450.4249999999999,context_wall,spatial_context,corner,0.9627065360513755,fast,0.4993787500932628,wall,slow,True
450.44999999999993,context_wall,spatial_context,corner,0.954976850969747,slow,0.4632560988163199,wall,slow,True
450.5999999999999,context_wall,spatial_context,wall,0.8618708593187187,slow,0.4793563688019542,wall,slow,True
450.6749999999999,context_wall,spatial_context,wall,0.8456296815548606,slow,0.4309004790230512,wall,slow,True
450.69999999999993,context_wall,spatial_context,wall,0.9385601076078156,slow,0.4822346941047504,wall,slow,True
450.7249999999999,context_wall,spatial_context,wall,0.9819060534158446,slow,0.4704662854069791,wall,slow,True
450.74999999999994,context_wall,spatial_context,wall,0.9203846848081967,slow,0.49712872674681413,wall,slow,True
451.3499999999999,context_wall,spatial_context,wall,0.8266108051277777,slow,0.44953799083395635,wall,still,True
451.57499999999993,context_wall,spatial_context,wall,0.8142811761570794,slow,0.4250257967280903,wall,still,True
451.74999999999994,context_wall,spatial_context,wall,0.9028883733851223,slow,0.44361259512646534,wall,slow,True
451.7749999999999,context_wall,spatial_context,wall,0.9104356713070841,slow,0.4769984552786901,wall,slow,True
451.8999999999999,context_wall,spatial_context,wall,0.9139885495990256,fast,0.48197751287757773,wall,slow,True
452.0499999999999,context_wall,spatial_context,wall,0.8026912579154637,fast,0.5164986184877918,wall,still,True
452.12499999999994,context_wall,spatial_context,wall,0.8775141250400468,slow,0.4877591989417212,wall,still,True
452.1499999999999,context_wall,spatial_context,wall,0.955817370377811,slow,0.4424801239412926,wall,still,True
452.1749999999999,context_wall,spatial_context,wall,0.9170156866204475,slow,0.41930536558923026,wall,still,True
452.2749999999999,context_wall,spatial_context,corner,0.8727388998091651,slow,0.5292877304719957,wall,still,True
452.3499999999999,context_wall,spatial_context,corner,0.8687211669164073,slow,0.5084417587982065,wall,slow,True
452.37499999999994,context_wall,spatial_context,corner,0.8098214827560395,slow,0.43402197591440517,wall,slow,True
452.4249999999999,context_wall,spatial_context,corner,0.8134903091444403,slow,0.43653786033310354,wall,slow,True
452.49999999999994,context_wall,spatial_context,corner,0.818137716948438,still,0.6326764999289086,wall,slow,True
452.7249999999999,context_wall,spatial_context,wall,0.9332225072606433,slow,0.4663672303225999,wall,slow,True
452.7749999999999,context_wall,spatial_context,wall,0.8468117269732656,slow,0.4434416735389019,wall,slow,True
452.7999999999999,context_wall,spatial_context,wall,0.8015163843646125,slow,0.4683757635081195,wall,slow,True
452.9749999999999,context_wall,spatial_context,wall,0.9322421764026276,slow,0.5157074360333556,wall,slow,True
453.0249999999999,context_wall,spatial_context,wall,0.8279511680697451,still,0.44437007283122604,wall,slow,True
453.07499999999993,context_wall,spatial_context,corner,0.820093173601083,slow,0.42018109898647293,wall,slow,True
453.5499999999999,context_wall,spatial_context,wall,0.8034381864472061,fast,0.6632630726578961,wall,fast,True
453.57499999999993,context_wall,spatial_context,wall,0.8053811685964571,fast,0.67305316398912,wall,fast,True
453.69999999999993,context_wall,spatial_context,corner,0.8417988820247453,fast,0.6072334742135623,wall,fast,True
453.7749999999999,context_wall,spatial_context,wall,0.8034134549726804,slow,0.4628407912867334,wall,fast,True
453.7999999999999,context_wall,spatial_context,wall,0.899525190439454,fast,0.6573970292329514,wall,fast,True
453.82499999999993,context_wall,spatial_context,wall,0.8197585581136344,fast,0.6452218313917095,wall,fast,True
453.87499999999994,context_wall,spatial_context,wall,0.8695989695472475,fast,0.6956889856527759,wall,fast,True
453.94999999999993,context_wall,spatial_context,wall,0.8475944310070631,fast,0.5303532921550286,wall,fast,True
454.12499999999994,context_wall,spatial_context,wall,0.8450698588084302,fast,0.6396144022697796,wall,fast,True
454.1499999999999,context_wall,spatial_context,wall,0.832110090950953,fast,0.5297645628020904,wall,fast,True
454.1749999999999,context_wall,spatial_context,wall,0.8114634638684701,fast,0.6159515579364923,wall,fast,True
454.19999999999993,context_wall,spatial_context,wall,0.9558156955038841,fast,0.49560042870595955,wall,fast,True
454.2249999999999,context_wall,spatial_context,wall,0.9320742707375647,fast,0.46869860775082567,wall,fast,True
454.24999999999994,context_wall,spatial_context,wall,0.9776533089628197,fast,0.5796660679709577,wall,fast,True
454.2749999999999,context_wall,spatial_context,wall,0.9816373981383079,fast,0.574586695391061,wall,fast,True
454.2999999999999,context_wall,spatial_context,wall,0.8786394378474062,fast,0.5068845467721728,wall,slow,True
454.49999999999994,context_wall,spatial_context,wall,0.8980092322672873,fast,0.5365042462200976,wall,slow,True
454.5249999999999,context_wall,spatial_context,wall,0.9421656852439034,fast,0.5714691481131533,wall,slow,True
454.5499999999999,context_wall,spatial_context,wall,0.9387681876701824,fast,0.5822978337396895,wall,slow,True
454.62499999999994,context_wall,spatial_context,corner,0.8535922602773152,slow,0.4621576894163937,wall,slow,True
454.6499999999999,context_wall,spatial_context,corner,0.9836403898121786,fast,0.48515997857664067,wall,slow,True
454.6749999999999,context_wall,spatial_context,corner,0.9758470302873726,fast,0.480127990112688,wall,slow,True
454.69999999999993,context_wall,spatial_context,corner,0.909909161208926,fast,0.5700767694487048,wall,slow,True
454.7249999999999,context_wall,spatial_context,corner,0.8883009902128584,fast,0.5622619135786857,wall,slow,True
454.8999999999999,context_wall,spatial_context,corner,0.8668412424576953,slow,0.4542376616045998,wall,slow,True
455.0499999999999,context_wall,spatial_context,wall,0.8154554455172611,slow,0.44350290320001795,wall,slow,True
455.37499999999994,context_wall,spatial_context,corner,0.9245131789464711,fast,0.4494407064286427,wall,slow,True
455.3999999999999,context_wall,spatial_context,corner,0.9440681670307255,fast,0.40998447432378343,wall,slow,True
455.4749999999999,context_wall,spatial_context,wall,0.8039448071048139,slow,0.4107804322794913,wall,slow,True
455.49999999999994,context_wall,spatial_context,wall,0.871312580588595,slow,0.480851210870977,wall,slow,True
455.6749999999999,context_wall,spatial_context,wall,0.8372221578075315,slow,0.4908003008468571,wall,slow,True
455.69999999999993,context_wall,spatial_context,wall,0.9056138084752182,slow,0.44569649581047704,wall,slow,True
455.7249999999999,context_wall,spatial_context,wall,0.8468128205342557,fast,0.4586584643692222,wall,slow,True
455.8499999999999,context_wall,spatial_context,corner,0.8674063730070536,slow,0.48912111119931795,wall,slow,True
455.9249999999999,context_wall,spatial_context,corner,0.8409653556093338,slow,0.40210762772006253,wall,still,True
455.94999999999993,context_wall,spatial_context,corner,0.9572953584379842,slow,0.44556623867433504,wall,still,True
455.9749999999999,context_wall,spatial_context,corner,0.9829510263363245,slow,0.5148050990374786,wall,still,True
455.99999999999994,context_wall,spatial_context,corner,0.9870425309894353,slow,0.5330264302637745,wall,still,True
456.0249999999999,context_wall,spatial_context,corner,0.9448137357493511,still,0.4811400573001208,wall,still,True
456.0499999999999,context_wall,spatial_context,corner,0.8585464000225345,slow,0.5222509755157491,wall,still,True
456.07499999999993,context_wall,spatial_context,corner,0.8425585903274202,slow,0.4996895418220326,wall,still,True
456.32499999999993,context_wall,spatial_context,corner,0.8561791105504059,slow,0.3927539322115421,wall,still,True
456.44999999999993,context_wall,spatial_context,corner,0.9397316742736346,slow,0.5550190478068838,wall,still,True
456.4749999999999,context_wall,spatial_context,corner,0.9733405878524278,slow,0.5712785799368478,wall,still,True
456.49999999999994,context_wall,spatial_context,corner,0.8416528765719578,slow,0.4944806554560695,wall,still,True
456.5499999999999,context_wall,spatial_context,wall,0.9431392821922904,still,0.47423778960896257,wall,still,True
456.57499999999993,context_wall,spatial_context,wall,0.9468197285447386,still,0.5298578292345211,wall,still,True
456.5999999999999,context_wall,spatial_context,wall,0.9454581613613515,still,0.5579218515271337,wall,still,True
456.69999999999993,context_wall,spatial_context,corner,0.926411129254991,still,0.5902797975914542,wall,still,True
456.7249999999999,context_wall,spatial_context,corner,0.8770296741354038,still,0.5659945286937492,wall,still,True
456.74999999999994,context_wall,spatial_context,corner,0.858775844221333,still,0.5555304405607897,wall,still,True
456.7749999999999,context_wall,spatial_context,corner,0.9240054128198926,slow,0.43731225108663274,wall,still,True
456.82499999999993,context_wall,spatial_context,corner,0.8605099900607742,slow,0.49454477223280113,wall,still,True
456.94999999999993,context_wall,spatial_context,corner,0.8259920916286354,still,0.46625580445689296,wall,slow,True
456.9749999999999,context_wall,spatial_context,corner,0.8376523385604934,slow,0.4427654266107649,wall,slow,True
457.07499999999993,context_wall,spatial_context,wall,0.8411251560826026,slow,0.46524877719499586,wall,still,True
457.19999999999993,context_wall,spatial_context,corner,0.95672771992103,still,0.5237941348114864,wall,slow,True
457.2249999999999,context_wall,spatial_context,corner,0.9105451095894231,still,0.6530167462882261,wall,slow,True
457.24999999999994,context_wall,spatial_context,corner,0.9115306316024402,slow,0.4138105727242615,wall,slow,True
457.6749999999999,context_wall,spatial_context,corner,0.857996876257364,slow,0.4363708443644346,wall,slow,True
457.7249999999999,context_wall,spatial_context,corner,0.8074935154544383,slow,0.46411090805730454,wall,slow,True
457.74999999999994,context_wall,spatial_context,corner,0.8864416815368672,still,0.4457324850166906,wall,slow,True
457.7749999999999,context_wall,spatial_context,corner,0.8159617596984579,still,0.4655885124702048,wall,slow,True
457.94999999999993,context_wall,spatial_context,wall,0.8411116357597819,fast,0.673258730607072,corner,slow,True
458.3499999999999,context_wall,spatial_context,wall,0.931673174069992,fast,0.5332695882308323,corner,slow,True
458.37499999999994,context_wall,spatial_context,wall,0.966662525712497,fast,0.48070246082725754,corner,slow,True
458.3999999999999,context_wall,spatial_context,wall,0.9652247886654878,fast,0.4955394532097227,corner,slow,True
458.4249999999999,context_wall,spatial_context,wall,0.8039934483801009,slow,0.4421130784371224,corner,slow,True
458.6749999999999,context_wall,spatial_context,corner,0.984054209148182,slow,0.48223580740900346,corner,slow,True
458.69999999999993,context_wall,spatial_context,corner,0.9939818921691951,slow,0.5396743165156811,corner,slow,True
458.7249999999999,context_wall,spatial_context,corner,0.9868250841448809,slow,0.4492742742364975,corner,slow,True
458.74999999999994,context_wall,spatial_context,corner,0.9913185616844281,slow,0.4745731397716667,corner,slow,True
458.7749999999999,context_wall,spatial_context,corner,0.94617360265744,still,0.43413545958682603,corner,slow,True
458.7999999999999,context_wall,spatial_context,corner,0.9794835574318054,slow,0.48961130168758954,corner,slow,True
458.82499999999993,context_wall,spatial_context,corner,0.9941838000211103,slow,0.423907703546877,corner,slow,True
458.8499999999999,context_wall,spatial_context,corner,0.9534715720025159,still,0.47802178642729887,corner,slow,True
458.87499999999994,context_wall,spatial_context,corner,0.8927214199609835,still,0.6105872840262223,corner,slow,True
458.8999999999999,context_wall,spatial_context,corner,0.8380182422873882,still,0.5547862650337243,corner,slow,True
458.9249999999999,context_wall,spatial_context,corner,0.9076410250324898,still,0.512010443445349,corner,slow,True
459.3499999999999,context_wall,spatial_context,wall,0.8577531778438798,slow,0.5085904626863766,corner,slow,True
459.4249999999999,context_wall,spatial_context,corner,0.8496717953331928,slow,0.4597253274925059,corner,fast,True
459.44999999999993,context_wall,spatial_context,corner,0.9070629328475425,fast,0.5477701662220555,corner,fast,True
459.5999999999999,context_wall,spatial_context,corner,0.8336078484957657,slow,0.45645250376870455,corner,slow,True
459.87499999999994,context_wall,spatial_context,corner,0.8769122692417718,fast,0.5462963459398571,corner,slow,True
459.8999999999999,context_wall,spatial_context,corner,0.8697751990335988,fast,0.5492093545188124,corner,fast,True
459.9249999999999,context_wall,spatial_context,corner,0.9745260262272921,fast,0.6608147925149546,corner,fast,True
460.0999999999999,context_wall,spatial_context,corner,0.9851275835151827,fast,0.7843308939470697,corner,fast,True
460.12499999999994,context_wall,spatial_context,corner,0.8875702783175959,fast,0.7614753251165974,corner,fast,True
460.1499999999999,context_wall,spatial_context,corner,0.8378133757352215,fast,0.7495357500007988,corner,fast,True
460.1749999999999,context_wall,spatial_context,corner,0.8685241302116269,fast,0.8270128591097388,corner,fast,True
460.5249999999999,context_wall,spatial_context,corner,0.9100338459685835,fast,0.8235795106149323,corner,fast,True
460.5499999999999,context_wall,spatial_context,corner,0.901675488102254,fast,0.7319152155479633,corner,fast,True
460.5999999999999,context_wall,spatial_context,corner,0.9388911391663128,fast,0.7342553175689094,corner,fast,True
460.6499999999999,context_wall,spatial_context,corner,0.800684676542361,fast,0.6035104821633052,corner,fast,True
460.6749999999999,context_wall,spatial_context,corner,0.9902123492367451,slow,0.44743538692649354,corner,fast,True
460.69999999999993,context_wall,spatial_context,corner,0.8568105854013834,slow,0.48522755897546127,corner,fast,True
460.7249999999999,context_wall,spatial_context,corner,0.9661119500789572,fast,0.620845957674998,corner,fast,True
460.74999999999994,context_wall,spatial_context,corner,0.9160452600548253,fast,0.6761162781152987,corner,fast,True
460.9749999999999,context_wall,spatial_context,corner,0.8524772034331881,fast,0.5982845428582189,corner,fast,True
461.1749999999999,context_wall,spatial_context,corner,0.8818932722795567,fast,0.52704585792247,corner,fast,True
461.2249999999999,context_wall,spatial_context,corner,0.8886682122678914,fast,0.7187344206696453,corner,fast,True
461.4749999999999,context_wall,spatial_context,corner,0.8524694037959056,fast,0.7364923558522593,corner,fast,True
461.49999999999994,context_wall,spatial_context,corner,0.9709274151756894,fast,0.6402707911249599,corner,fast,True
461.5249999999999,context_wall,spatial_context,corner,0.9852551339984089,fast,0.6497506774679356,corner,fast,True
461.5499999999999,context_wall,spatial_context,corner,0.9876964582499173,fast,0.6011031876485984,corner,fast,True
461.57499999999993,context_wall,spatial_context,corner,0.8858333685830228,fast,0.6936883722078843,corner,fast,True
461.62499999999994,context_wall,spatial_context,corner,0.8004376197339532,fast,0.6348716452531795,corner,fast,True
461.82499999999993,context_wall,spatial_context,corner,0.8426752504364808,fast,0.47818497372062063,corner,fast,True
461.8499999999999,context_wall,spatial_context,corner,0.9210181262647475,fast,0.5358471492282372,corner,slow,True
461.87499999999994,context_wall,spatial_context,corner,0.9683611454986147,fast,0.5378812161940749,corner,slow,True
461.8999999999999,context_wall,spatial_context,corner,0.808588239710108,fast,0.6182576394917783,corner,slow,True
462.0249999999999,context_wall,spatial_context,corner,0.8735955376602168,slow,0.47608777961483634,corner,slow,True
462.0999999999999,context_wall,spatial_context,corner,0.8358421590310844,fast,0.4441818312849597,corner,fast,True
462.12499999999994,context_wall,spatial_context,corner,0.8116846594234347,slow,0.44888493003495744,corner,fast,True
462.1499999999999,context_wall,spatial_context,corner,0.8306332743270828,slow,0.5027373502843249,corner,slow,True
462.1749999999999,context_wall,spatial_context,corner,0.8992002927295365,fast,0.6135348573554706,corner,slow,True
462.2749999999999,context_wall,spatial_context,wall,0.9283358443672579,slow,0.5194909031607666,corner,fast,True
462.32499999999993,context_wall,spatial_context,wall,0.8691281550646238,fast,0.5056050297992916,corner,fast,True
462.3499999999999,context_wall,spatial_context,wall,0.961716306388533,fast,0.6019744937081293,corner,fast,True
462.37499999999994,context_wall,spatial_context,wall,0.8407937577313591,fast,0.608165382154483,corner,fast,True
462.3999999999999,context_wall,spatial_context,wall,0.917985058103511,fast,0.5835419907760229,corner,fast,True
462.4249999999999,context_wall,spatial_context,wall,0.8210131461653817,fast,0.49264855032536936,corner,fast,True
462.4749999999999,context_wall,spatial_context,wall,0.856047273391088,fast,0.7138515952768207,corner,fast,True
462.49999999999994,context_wall,spatial_context,wall,0.864091686520674,fast,0.6376265379215587,corner,fast,True
462.5999999999999,context_wall,spatial_context,corner,0.8692839693286674,fast,0.5550904300042748,corner,fast,True
462.62499999999994,context_wall,spatial_context,corner,0.8425289415060359,fast,0.6931239849352587,corner,fast,True
462.6499999999999,context_wall,spatial_context,corner,0.9549719865255466,fast,0.6934677311972028,wall,slow,True
462.6749999999999,context_wall,spatial_context,corner,0.9399029288851073,fast,0.6840035215078806,wall,slow,True
462.69999999999993,context_wall,spatial_context,corner,0.8035674771153536,fast,0.6753028705569981,wall,slow,True
462.7249999999999,context_wall,spatial_context,corner,0.9303394504568323,fast,0.5839630800619111,wall,slow,True
462.74999999999994,context_wall,spatial_context,corner,0.8379896373455518,fast,0.4633644940218046,wall,slow,True
462.8999999999999,context_wall,spatial_context,wall,0.8112983720785268,slow,0.5135554810444356,wall,slow,True
462.99999999999994,context_wall,spatial_context,corner,0.9276123161175669,fast,0.5008785230476787,corner,fast,True
463.0249999999999,context_wall,spatial_context,corner,0.9301199706330718,slow,0.45755318244947313,corner,fast,True
463.19999999999993,context_wall,spatial_context,corner,0.8076792176722772,fast,0.6124170939041433,corner,slow,True
463.2249999999999,context_wall,spatial_context,corner,0.8953374146707989,fast,0.5524466479666155,corner,slow,True
463.24999999999994,context_wall,spatial_context,corner,0.9717238536967455,fast,0.46136876251613756,corner,slow,True
463.2749999999999,context_wall,spatial_context,corner,0.9497599516769675,fast,0.5209546694345272,corner,slow,True
463.2999999999999,context_wall,spatial_context,corner,0.8028665797865899,fast,0.4126061966524528,corner,fast,True
463.3999999999999,context_wall,spatial_context,wall,0.8010585419412465,fast,0.4985360791977731,corner,fast,True
463.4749999999999,context_wall,spatial_context,corner,0.8668725428868287,fast,0.5209647882678348,corner,fast,True
463.49999999999994,context_wall,spatial_context,corner,0.9623617964868909,fast,0.4872552938227567,corner,fast,True
463.5999999999999,context_wall,spatial_context,wall,0.953930750674034,fast,0.6528203522614254,corner,slow,True
463.7249999999999,context_wall,spatial_context,wall,0.800016599082674,fast,0.6604847885568924,corner,slow,True
463.74999999999994,context_wall,spatial_context,wall,0.8212457227730211,fast,0.5873588927820179,corner,slow,True
463.7749999999999,context_wall,spatial_context,wall,0.880495511383034,fast,0.5285501629171973,corner,slow,True
463.8499999999999,context_wall,spatial_context,wall,0.8498502938519297,fast,0.5986342219953269,corner,fast,True
463.87499999999994,context_wall,spatial_context,wall,0.8348630088091605,fast,0.5583736213934898,corner,fast,True
463.9749999999999,context_wall,spatial_context,corner,0.8776870440442578,fast,0.5164505500218404,corner,fast,True
463.99999999999994,context_wall,spatial_context,corner,0.835653866377634,fast,0.5322864385760391,corner,slow,True
464.0249999999999,context_wall,spatial_context,corner,0.8998035162152844,fast,0.5115512101675632,corner,slow,True
464.0499999999999,context_wall,spatial_context,corner,0.9181635459999841,slow,0.48228234031977363,corner,slow,True
464.1749999999999,context_wall,spatial_context,corner,0.9355576312580605,fast,0.5907979380516001,corner,slow,True
464.19999999999993,context_wall,spatial_context,corner,0.8650051516046834,fast,0.6771039032452038,corner,slow,True
464.24999999999994,context_wall,spatial_context,corner,0.8033516057945996,slow,0.5090019852687904,corner,slow,True
464.37499999999994,context_wall,spatial_context,corner,0.9947460604490281,slow,0.4557963911739942,corner,fast,True
464.3999999999999,context_wall,spatial_context,corner,0.9987441854515766,fast,0.47156182859453805,corner,fast,True
464.4249999999999,context_wall,spatial_context,corner,0.9936572416443631,slow,0.4966533204548322,corner,fast,True
464.44999999999993,context_wall,spatial_context,corner,0.9747314400447378,fast,0.5102035219261928,corner,slow,True
464.4749999999999,context_wall,spatial_context,corner,0.8415514571452506,fast,0.5401075016771425,corner,slow,True
464.5499999999999,context_wall,spatial_context,corner,0.8929804491593223,fast,0.5641960904722468,corner,slow,True
464.57499999999993,context_wall,spatial_context,corner,0.938567488404064,fast,0.4623892087684638,corner,slow,True
464.5999999999999,context_wall,spatial_context,corner,0.8781354033963075,slow,0.41930608784305873,corner,slow,True
464.62499999999994,context_wall,spatial_context,corner,0.8885882972269236,fast,0.41895432424883583,corner,slow,True
464.7249999999999,context_wall,spatial_context,corner,0.8463376312743315,slow,0.47781836499727925,corner,slow,True
464.74999999999994,context_wall,spatial_context,corner,0.9335180648199379,slow,0.44758769937305654,corner,slow,True
464.7749999999999,context_wall,spatial_context,corner,0.8317812911330993,slow,0.5200129489648215,corner,slow,True
464.87499999999994,context_wall,spatial_context,corner,0.8918521044748708,slow,0.4452798579403143,corner,fast,True
464.8999999999999,context_wall,spatial_context,corner,0.946740018268128,slow,0.5201952755139064,corner,fast,True
465.0999999999999,context_wall,spatial_context,corner,0.8254915389613215,fast,0.4752131088743601,corner,fast,True
465.12499999999994,context_wall,spatial_context,corner,0.8883740381744801,fast,0.5066640710904238,corner,fast,True
465.1499999999999,context_wall,spatial_context,corner,0.8909836279630939,fast,0.5704844545179388,corner,slow,True
465.1749999999999,context_wall,spatial_context,corner,0.8075573607733431,fast,0.7275798080239606,corner,slow,True
465.2249999999999,context_wall,spatial_context,wall,0.9605192530400861,fast,0.754552544503145,corner,fast,True
465.24999999999994,context_wall,spatial_context,wall,0.8649642517129628,fast,0.7108685282408362,corner,fast,True
465.2999999999999,context_wall,spatial_context,corner,0.8325915656274248,fast,0.6487955216903067,corner,fast,True
465.32499999999993,context_wall,spatial_context,corner,0.9961332940926169,fast,0.5924518920372098,corner,fast,True
465.3499999999999,context_wall,spatial_context,corner,0.9771963688052466,fast,0.47481413117481486,corner,fast,True
465.37499999999994,context_wall,spatial_context,corner,0.9801432529338187,fast,0.5974618951479683,corner,fast,True
465.3999999999999,context_wall,spatial_context,corner,0.886983524201151,fast,0.5762506220848003,corner,fast,True
465.4749999999999,context_wall,spatial_context,corner,0.8564353077142609,fast,0.7147795645328893,corner,fast,True
465.5249999999999,context_wall,spatial_context,corner,0.9568121323851396,fast,0.6887977656485886,corner,fast,True
465.5499999999999,context_wall,spatial_context,corner,0.9554690843460669,fast,0.5818821631014712,corner,fast,True
465.57499999999993,context_wall,spatial_context,corner,0.9301717929921596,fast,0.5125858427348355,corner,fast,True
465.5999999999999,context_wall,spatial_context,corner,0.9435703844158869,slow,0.4873384208784254,corner,slow,True
465.62499999999994,context_wall,spatial_context,corner,0.8791398481467178,slow,0.4861439934003219,corner,slow,True
465.6499999999999,context_wall,spatial_context,corner,0.8299900021516335,slow,0.4383848624265702,corner,slow,True
465.6749999999999,context_wall,spatial_context,corner,0.8728347508017092,slow,0.47181226561986117,corner,slow,True
465.69999999999993,context_wall,spatial_context,corner,0.9420012668166374,fast,0.4780786231058307,corner,fast,True
465.7249999999999,context_wall,spatial_context,corner,0.9249884066843873,fast,0.5291653942032175,corner,fast,True
465.74999999999994,context_wall,spatial_context,corner,0.9813785863983645,slow,0.4583900100720807,corner,fast,True
465.7749999999999,context_wall,spatial_context,corner,0.8770112549390617,slow,0.4867588622660211,corner,fast,True
465.7999999999999,context_wall,spatial_context,corner,0.8616330317857391,slow,0.513308871235996,corner,fast,True
465.82499999999993,context_wall,spatial_context,corner,0.8981483324242432,fast,0.5918456862012487,corner,fast,True
465.87499999999994,context_wall,spatial_context,corner,0.8696794081230544,fast,0.6980655818340291,corner,fast,True
465.8999999999999,context_wall,spatial_context,corner,0.9003211918899021,fast,0.7553792492324698,corner,fast,True
465.9249999999999,context_wall,spatial_context,corner,0.9072554974238994,fast,0.6119643525515688,corner,fast,True
465.94999999999993,context_wall,spatial_context,corner,0.8819910809701046,fast,0.628234020119996,corner,fast,True
465.9749999999999,context_wall,spatial_context,corner,0.8655100544830596,fast,0.6891570694600463,corner,fast,True
466.0999999999999,context_wall,spatial_context,corner,0.9552448462260161,fast,0.7982212080891321,corner,fast,True
466.12499999999994,context_wall,spatial_context,corner,0.934982864733653,fast,0.8379585837755892,corner,fast,True
466.1499999999999,context_wall,spatial_context,corner,0.9639082438064224,fast,0.7999605386188429,corner,fast,True
466.1749999999999,context_wall,spatial_context,corner,0.8630179159546485,fast,0.66295371847084,corner,fast,True
466.19999999999993,context_wall,spatial_context,corner,0.8779612762152592,fast,0.7512030988215723,corner,fast,True
466.2249999999999,context_wall,spatial_context,corner,0.9187914242730504,fast,0.6571793031007602,corner,fast,True
466.2749999999999,context_wall,spatial_context,corner,0.8685811792484233,fast,0.631472850929744,corner,fast,True
466.37499999999994,context_wall,spatial_context,corner,0.8201973988453539,fast,0.7449084922298052,corner,fast,True
466.3999999999999,context_wall,spatial_context,corner,0.837267750441161,fast,0.6290865912875622,corner,fast,True
466.4249999999999,context_wall,spatial_context,corner,0.8042278386065937,fast,0.43192086707525207,corner,fast,True
466.44999999999993,context_wall,spatial_context,corner,0.8463764928332884,fast,0.565760990094488,corner,fast,True
466.5249999999999,context_wall,spatial_context,corner,0.8945374760527978,fast,0.579482605938544,corner,fast,True
466.5499999999999,context_wall,spatial_context,corner,0.8151039566562563,fast,0.6299135619555739,corner,fast,True
466.6499999999999,context_wall,spatial_context,corner,0.8088486357051937,fast,0.6056715415966872,corner,fast,True
466.6749999999999,context_wall,spatial_context,corner,0.916113380460313,fast,0.6505407742751216,corner,fast,True
466.69999999999993,context_wall,spatial_context,corner,0.8388184938254561,fast,0.5494570774321291,corner,fast,True
466.7249999999999,context_wall,spatial_context,corner,0.9061806244195173,fast,0.6005781018626564,corner,fast,True
466.7999999999999,context_wall,spatial_context,corner,0.8146210963647218,fast,0.4975492964739464,corner,fast,True
466.82499999999993,context_wall,spatial_context,corner,0.8991561510002842,fast,0.5207567401190879,corner,fast,True
466.87499999999994,context_wall,spatial_context,corner,0.9027870219965048,fast,0.7237333615327988,corner,fast,True
466.8999999999999,context_wall,spatial_context,corner,0.8540317373785082,fast,0.7140093618779402,corner,fast,True
467.0499999999999,context_wall,spatial_context,corner,0.8197072268482709,fast,0.6118353240202395,corner,fast,True
467.07499999999993,context_wall,spatial_context,corner,0.9627635481703006,fast,0.6942875580337633,corner,fast,True
467.0999999999999,context_wall,spatial_context,corner,0.9534696865786683,fast,0.7122141168527597,corner,fast,True
467.12499999999994,context_wall,spatial_context,corner,0.9567015255354112,fast,0.6539164252402575,corner,fast,True
467.1499999999999,context_wall,spatial_context,corner,0.956294059484321,fast,0.671043256313678,corner,fast,True
467.1749999999999,context_wall,spatial_context,corner,0.9418484179432073,fast,0.7470627831438387,corner,fast,True
467.19999999999993,context_wall,spatial_context,corner,0.883140662954164,fast,0.6455329892485596,corner,fast,True
467.2249999999999,context_wall,spatial_context,corner,0.8215763544335104,fast,0.7557984617154625,corner,fast,True
467.24999999999994,context_wall,spatial_context,corner,0.8215416012601322,fast,0.6488328516179842,corner,fast,True
467.2999999999999,context_wall,spatial_context,corner,0.814554004342088,fast,0.8165301968932512,corner,fast,True
467.3499999999999,context_wall,spatial_context,corner,0.8762501507685457,fast,0.6493948850675402,corner,fast,True
467.37499999999994,context_wall,spatial_context,corner,0.9566995140241279,fast,0.7108895996967128,corner,fast,True
467.3999999999999,context_wall,spatial_context,corner,0.9197161518423597,fast,0.6454235639113766,corner,fast,True
467.4249999999999,context_wall,spatial_context,corner,0.9489276674261027,fast,0.49170662714279195,corner,fast,True
467.4749999999999,context_wall,spatial_context,corner,0.8000679696509194,fast,0.6011080424584806,corner,fast,True
467.49999999999994,context_wall,spatial_context,corner,0.9058276599807796,fast,0.648077383625314,corner,fast,True
467.5499999999999,context_wall,spatial_context,corner,0.9815230310644797,fast,0.6481691320077083,corner,slow,True
467.57499999999993,context_wall,spatial_context,corner,0.9926458770153198,fast,0.496720239475493,corner,slow,True
467.5999999999999,context_wall,spatial_context,corner,0.978369959261822,slow,0.5083267917866315,corner,slow,True
467.62499999999994,context_wall,spatial_context,corner,0.9877486534754049,slow,0.47641766228909527,corner,slow,True
467.6499999999999,context_wall,spatial_context,corner,0.8564777641370258,still,0.48508776330155284,corner,slow,True
467.7249999999999,context_wall,spatial_context,corner,0.8331868042264052,slow,0.4743057753796602,corner,slow,True
467.74999999999994,context_wall,spatial_context,corner,0.9693852067563966,slow,0.5050024461105685,corner,fast,True
467.87499999999994,context_wall,spatial_context,corner,0.9405561771342774,fast,0.5143407615002192,corner,slow,True
467.8999999999999,context_wall,spatial_context,corner,0.9407503543200042,slow,0.4715983017877488,corner,slow,True
467.9249999999999,context_wall,spatial_context,corner,0.9773983650448155,slow,0.4690664376347733,corner,slow,True
467.94999999999993,context_wall,spatial_context,corner,0.9686786641166788,slow,0.5020847667459674,corner,slow,True
467.9749999999999,context_wall,spatial_context,corner,0.9549809162372433,slow,0.47479420569180475,corner,slow,True
467.99999999999994,context_wall,spatial_context,corner,0.8072991336052842,slow,0.4774040066376141,corner,slow,True
468.0499999999999,context_wall,spatial_context,corner,0.889339924275097,slow,0.4294206114684897,corner,slow,True
468.07499999999993,context_wall,spatial_context,corner,0.9013110458662138,slow,0.4271540667199888,corner,slow,True
468.0999999999999,context_wall,spatial_context,corner,0.9793166175202245,still,0.47309922954560446,corner,fast,True
468.12499999999994,context_wall,spatial_context,corner,0.9442784907227583,slow,0.43511526932355926,corner,fast,True
468.1499999999999,context_wall,spatial_context,corner,0.9549605938391623,slow,0.45971896127257295,corner,fast,True
468.1749999999999,context_wall,spatial_context,corner,0.9299412524524221,fast,0.4437885090081825,corner,fast,True
468.19999999999993,context_wall,spatial_context,corner,0.9733150419294041,fast,0.508012262863917,corner,fast,True
468.2249999999999,context_wall,spatial_context,corner,0.9783889736608349,fast,0.4710990151508886,corner,fast,True
468.24999999999994,context_wall,spatial_context,corner,0.9441586804691182,fast,0.5140439783483821,corner,fast,True
468.2749999999999,context_wall,spatial_context,corner,0.9701954343056006,fast,0.5401627921444997,corner,fast,True
468.44999999999993,context_wall,spatial_context,corner,0.9507511458370084,fast,0.5769792049962557,corner,fast,True
468.4749999999999,context_wall,spatial_context,corner,0.9594835263437005,fast,0.5769703343090916,corner,fast,True
468.49999999999994,context_wall,spatial_context,corner,0.9385741381901687,fast,0.7401562517956143,corner,fast,True
468.5249999999999,context_wall,spatial_context,corner,0.9282732920632167,fast,0.5224114541527651,corner,fast,True
468.5499999999999,context_wall,spatial_context,corner,0.8271750150727669,fast,0.44187980988991443,corner,fast,True
468.5999999999999,context_wall,spatial_context,corner,0.8305954118347489,fast,0.6320026283951397,corner,fast,True
468.62499999999994,context_wall,spatial_context,corner,0.9526704088015983,fast,0.6514543062873739,corner,fast,True
468.6499999999999,context_wall,spatial_context,corner,0.8400883399364476,fast,0.6327308069496685,corner,fast,True
468.6749999999999,context_wall,spatial_context,corner,0.9084714768326566,fast,0.613895020612535,corner,fast,True
468.69999999999993,context_wall,spatial_context,corner,0.8604250544549398,fast,0.45307948895558275,corner,fast,True
468.8999999999999,context_wall,spatial_context,corner,0.8931268197616301,fast,0.6853199365874546,corner,fast,True
468.94999999999993,context_wall,spatial_context,wall,0.8655810029788704,fast,0.5875282057532412,corner,fast,True
468.9749999999999,context_wall,spatial_context,wall,0.8157144175748647,fast,0.5355190510541372,corner,fast,True
469.12499999999994,context_wall,spatial_context,corner,0.8491309982391843,fast,0.5664455422626544,corner,fast,True
469.1499999999999,context_wall,spatial_context,corner,0.9770833982048835,fast,0.6825002865245938,corner,fast,True
469.1749999999999,context_wall,spatial_context,corner,0.9738244565565988,fast,0.6404480791223846,corner,fast,True
469.19999999999993,context_wall,spatial_context,corner,0.9747808210423224,fast,0.5749904406690459,corner,fast,True
469.2249999999999,context_wall,spatial_context,corner,0.9358732676024523,fast,0.505767741068593,corner,fast,True
469.2749999999999,context_wall,spatial_context,corner,0.8157976279326442,fast,0.4637595323702179,corner,fast,True
469.2999999999999,context_wall,spatial_context,corner,0.9121203128294719,fast,0.5813230334190589,corner,fast,True
469.4249999999999,context_wall,spatial_context,corner,0.8810569288115189,fast,0.7068917991586726,corner,fast,True
469.44999999999993,context_wall,spatial_context,corner,0.8040333342830194,fast,0.6343151365785561,corner,fast,True
470.0249999999999,context_wall,spatial_context,corner,0.9350731581849022,fast,0.6366361441919657,corner,fast,True
470.0499999999999,context_wall,spatial_context,corner,0.9022308194801855,fast,0.571877040258299,corner,fast,True
470.07499999999993,context_wall,spatial_context,corner,0.9750482998859776,fast,0.60694800591328,corner,fast,True
470.0999999999999,context_wall,spatial_context,corner,0.9775581720301844,fast,0.6292502597002341,corner,fast,True
470.12499999999994,context_wall,spatial_context,corner,0.8332671005058937,fast,0.5836490292494012,corner,fast,True
470.1499999999999,context_wall,spatial_context,corner,0.947814997512863,fast,0.6267436626286738,corner,fast,True
470.1749999999999,context_wall,spatial_context,corner,0.8462198338863776,fast,0.5441812538950493,corner,fast,True
470.19999999999993,context_wall,spatial_context,corner,0.9835533111061476,fast,0.6242905629214939,corner,fast,True
470.2249999999999,context_wall,spatial_context,corner,0.9994035610541456,fast,0.515626833790403,corner,fast,True
470.24999999999994,context_wall,spatial_context,corner,0.9972151186342055,fast,0.4860238303708976,corner,fast,True
470.2749999999999,context_wall,spatial_context,corner,0.9976784329864873,fast,0.5010188468542998,corner,fast,True
470.2999999999999,context_wall,spatial_context,corner,0.9930997172974463,fast,0.47862796912728756,corner,fast,True
470.32499999999993,context_wall,spatial_context,corner,0.8739696999301653,fast,0.48737936789775027,corner,fast,True
470.3499999999999,context_wall,spatial_context,corner,0.85461025251816,fast,0.4884691981903083,corner,slow,True
470.37499999999994,context_wall,spatial_context,corner,0.9605662669730104,slow,0.5361157676426785,corner,slow,True
470.3999999999999,context_wall,spatial_context,corner,0.9458037695169325,slow,0.5150923442178663,corner,slow,True
470.4249999999999,context_wall,spatial_context,corner,0.9318311697975555,slow,0.5038660361840429,corner,slow,True
470.44999999999993,context_wall,spatial_context,corner,0.9666366961227055,slow,0.5030310371381204,corner,slow,True
470.4749999999999,context_wall,spatial_context,corner,0.8717557888626232,slow,0.4667772148968471,corner,slow,True
470.49999999999994,context_wall,spatial_context,corner,0.8908184351670622,slow,0.4108450040813005,corner,slow,True
470.5249999999999,context_wall,spatial_context,corner,0.985564222473917,slow,0.43752084411900954,corner,slow,True
470.5499999999999,context_wall,spatial_context,corner,0.9858730877580945,slow,0.4841573187217374,corner,slow,True
470.57499999999993,context_wall,spatial_context,corner,0.9910550673949055,fast,0.5510962835493071,corner,slow,True
470.5999999999999,context_wall,spatial_context,corner,0.9827552372048708,fast,0.5572340633686019,corner,slow,True
470.62499999999994,context_wall,spatial_context,corner,0.9803838427021634,fast,0.560061613906605,corner,slow,True
470.6499999999999,context_wall,spatial_context,corner,0.9721900636820848,fast,0.4542818440344448,corner,slow,True
470.6749999999999,context_wall,spatial_context,corner,0.985431013838044,slow,0.45363654374600854,corner,slow,True
470.69999999999993,context_wall,spatial_context,corner,0.9896560667156814,slow,0.43705849514449413,corner,slow,True
470.7249999999999,context_wall,spatial_context,corner,0.9406305874348304,slow,0.47113144458931105,corner,slow,True
470.74999999999994,context_wall,spatial_context,corner,0.9068161152995071,fast,0.4311276705108962,corner,slow,True
470.87499999999994,context_wall,spatial_context,corner,0.8482553049704387,slow,0.46524024611578674,corner,slow,True
470.8999999999999,context_wall,spatial_context,corner,0.9847157145571,slow,0.4804392380045928,corner,slow,True
470.9249999999999,context_wall,spatial_context,corner,0.9830967850618556,slow,0.48038445744624525,corner,slow,True
470.94999999999993,context_wall,spatial_context,corner,0.9430558229856002,fast,0.4669410582718973,corner,slow,True
470.9749999999999,context_wall,spatial_context,corner,0.9647163459258682,slow,0.44126119113219614,corner,slow,True
470.99999999999994,context_wall,spatial_context,corner,0.8460096552396581,slow,0.45177037717427765,corner,slow,True
471.0249999999999,context_wall,spatial_context,corner,0.9259761594045189,fast,0.4341844807379178,corner,slow,True
471.0499999999999,context_wall,spatial_context,corner,0.9343842181570006,fast,0.43099781991154307,corner,slow,True
471.07499999999993,context_wall,spatial_context,corner,0.8308203655735772,fast,0.5279577262329518,corner,slow,True
471.0999999999999,context_wall,spatial_context,corner,0.8151760826058159,slow,0.4722467227653385,corner,slow,True
471.1749999999999,context_wall,spatial_context,corner,0.9227440290757253,fast,0.4669096384555512,corner,slow,True
471.19999999999993,context_wall,spatial_context,corner,0.895928620827999,slow,0.4908537527772121,corner,fast,True
471.2249999999999,context_wall,spatial_context,corner,0.8394465900842397,fast,0.4717264210030847,corner,fast,True
471.3499999999999,context_wall,spatial_context,corner,0.9848648335977115,fast,0.5479023040309717,corner,fast,True
471.37499999999994,context_wall,spatial_context,corner,0.9871288922678302,fast,0.545122684145458,corner,fast,True
471.3999999999999,context_wall,spatial_context,corner,0.8033379853526652,fast,0.6391340449269084,corner,fast,True
471.4249999999999,context_wall,spatial_context,corner,0.8883242310515731,fast,0.6200374818800093,corner,fast,True
471.57499999999993,context_wall,spatial_context,corner,0.8027234890980667,slow,0.43275382362019427,corner,fast,True
471.5999999999999,context_wall,spatial_context,corner,0.8943194308169164,fast,0.4827926821234784,corner,slow,True
471.62499999999994,context_wall,spatial_context,corner,0.9510093654436957,fast,0.5393032619236832,corner,slow,True
471.6499999999999,context_wall,spatial_context,corner,0.9099981743077786,fast,0.47727083307846946,corner,slow,True
471.6749999999999,context_wall,spatial_context,corner,0.9129251123913835,slow,0.479997445217322,corner,slow,True
471.69999999999993,context_wall,spatial_context,corner,0.9013021344438656,slow,0.5678917749442419,corner,slow,True
471.7249999999999,context_wall,spatial_context,corner,0.9566864297101236,slow,0.5032721327080298,corner,slow,True
471.74999999999994,context_wall,spatial_context,corner,0.9172715484988168,slow,0.49287030237456286,corner,slow,True
471.7749999999999,context_wall,spatial_context,corner,0.8861903011409912,slow,0.486893626560252,corner,slow,True
471.7999999999999,context_wall,spatial_context,corner,0.8700664574482646,slow,0.5017403293109907,corner,slow,True
471.87499999999994,context_wall,spatial_context,corner,0.9367880238346565,slow,0.5177707825205564,corner,slow,True
471.8999999999999,context_wall,spatial_context,corner,0.9571489149662564,slow,0.47296564863936247,corner,slow,True
471.9249999999999,context_wall,spatial_context,corner,0.9792494999351743,slow,0.4701345544017748,corner,slow,True
471.94999999999993,context_wall,spatial_context,corner,0.9828727502539207,slow,0.5050903306024266,corner,slow,True
471.9749999999999,context_wall,spatial_context,corner,0.9744760314249808,fast,0.5016265068934547,corner,slow,True
471.99999999999994,context_wall,spatial_context,corner,0.9306567947201693,slow,0.46262698722204926,corner,slow,True
472.0249999999999,context_wall,spatial_context,corner,0.8396757242950459,fast,0.47172859655418153,corner,slow,True
472.0499999999999,context_wall,spatial_context,corner,0.9046350904491535,fast,0.4544383609975265,corner,slow,True
472.07499999999993,context_wall,spatial_context,corner,0.8231992942475232,slow,0.4602891700246113,corner,slow,True
472.0999999999999,context_wall,spatial_context,corner,0.939667474828412,slow,0.4945089233721195,corner,fast,True
472.12499999999994,context_wall,spatial_context,corner,0.9812291053650529,slow,0.5215234037050002,corner,fast,True
472.1499999999999,context_wall,spatial_context,corner,0.9716567822578573,slow,0.4905072802166043,corner,fast,True
472.1749999999999,context_wall,spatial_context,corner,0.9629509703006921,slow,0.48377391593259417,corner,fast,True
472.19999999999993,context_wall,spatial_context,corner,0.8836563142735856,slow,0.43772659857549373,corner,slow,True
472.2249999999999,context_wall,spatial_context,corner,0.8232688804136604,slow,0.46467274333077013,corner,slow,True
472.24999999999994,context_wall,spatial_context,corner,0.8795176198905886,fast,0.45614456980024765,corner,slow,True
472.2749999999999,context_wall,spatial_context,corner,0.9778078604987589,slow,0.504838992563835,corner,slow,True
472.2999999999999,context_wall,spatial_context,corner,0.930701430345954,slow,0.5162381144341751,corner,slow,True
472.32499999999993,context_wall,spatial_context,corner,0.9255678345313929,slow,0.5102985306389388,corner,slow,True
472.3999999999999,context_wall,spatial_context,corner,0.8738737178997213,slow,0.5797745617434444,corner,fast,True
472.4249999999999,context_wall,spatial_context,corner,0.8109956492022118,fast,0.41048497160854014,corner,fast,True
472.44999999999993,context_wall,spatial_context,corner,0.9146882425790333,fast,0.5128022056625435,corner,fast,True
472.4749999999999,context_wall,spatial_context,corner,0.9623243074901341,fast,0.5139948973755649,corner,fast,True
472.49999999999994,context_wall,spatial_context,corner,0.9718160938044633,fast,0.6654995343402161,corner,fast,True
472.5249999999999,context_wall,spatial_context,corner,0.9682330545853012,fast,0.6076880310295872,corner,fast,True
472.5499999999999,context_wall,spatial_context,corner,0.9483714555191377,fast,0.7062055170504258,corner,fast,True
472.6499999999999,context_wall,spatial_context,wall,0.8916767091424526,fast,0.8079906790089503,corner,fast,True
472.74999999999994,context_wall,spatial_context,wall,0.9008498655417219,fast,0.6802653240608005,corner,fast,True
472.7999999999999,context_wall,spatial_context,wall,0.8553318272617362,fast,0.4832979021977541,corner,slow,True
472.87499999999994,context_wall,spatial_context,wall,0.8016332637006954,slow,0.484358724922766,corner,slow,True
472.99999999999994,context_wall,spatial_context,corner,0.9278329093872605,slow,0.41647001084547364,corner,slow,True
473.0249999999999,context_wall,spatial_context,corner,0.9038953307750077,fast,0.7481191507342808,corner,slow,True
473.0499999999999,context_wall,spatial_context,corner,0.907582836961264,fast,0.6280568332459299,corner,slow,True
473.07499999999993,context_wall,spatial_context,corner,0.927016774067716,fast,0.6393902905666806,corner,slow,True
473.12499999999994,context_wall,spatial_context,corner,0.9179295611959835,fast,0.4776594829145368,corner,slow,True
473.1499999999999,context_wall,spatial_context,corner,0.9434444415899563,fast,0.4925611336563223,corner,slow,True
473.1749999999999,context_wall,spatial_context,corner,0.881905010475403,slow,0.47990307366605384,corner,slow,True
473.19999999999993,context_wall,spatial_context,corner,0.8879347604467379,slow,0.5329515633457903,corner,slow,True
473.2249999999999,context_wall,spatial_context,corner,0.8615530155969829,slow,0.5072686812035861,corner,slow,True
473.24999999999994,context_wall,spatial_context,corner,0.8781018908669249,slow,0.46132057919933184,corner,slow,True
473.2749999999999,context_wall,spatial_context,corner,0.9541451765026946,slow,0.4612906595372784,corner,slow,True
473.2999999999999,context_wall,spatial_context,corner,0.8717772932709672,slow,0.44606279600455445,corner,slow,True
473.32499999999993,context_wall,spatial_context,corner,0.8430026179270592,still,0.40986996401997833,corner,slow,True
473.4249999999999,context_wall,spatial_context,corner,0.8965166746230208,slow,0.47330477875226284,corner,slow,True
473.44999999999993,context_wall,spatial_context,corner,0.8512574816480196,slow,0.45986268747843034,corner,slow,True
473.69999999999993,context_wall,spatial_context,corner,0.8740734729182847,slow,0.4762459144405761,corner,slow,True
473.7249999999999,context_wall,spatial_context,corner,0.9037212636944341,slow,0.4790004527202717,corner,slow,True
473.74999999999994,context_wall,spatial_context,corner,0.9891896280532906,fast,0.49690118390643406,corner,slow,True
473.7749999999999,context_wall,spatial_context,corner,0.9283344575221806,fast,0.5739777791207855,corner,slow,True
473.7999999999999,context_wall,spatial_context,corner,0.9668622614498867,slow,0.518303368681145,corner,slow,True
473.82499999999993,context_wall,spatial_context,corner,0.9377662983656485,slow,0.45598230513,corner,slow,True
473.8499999999999,context_wall,spatial_context,corner,0.8389464919342109,slow,0.46397252380071613,corner,slow,True
473.87499999999994,context_wall,spatial_context,corner,0.8939988241846751,slow,0.49930865752399656,corner,slow,True
473.8999999999999,context_wall,spatial_context,corner,0.8672913746765067,slow,0.5259094258003469,corner,slow,True
473.9249999999999,context_wall,spatial_context,corner,0.9104323180227689,fast,0.5278412916919905,corner,slow,True
473.94999999999993,context_wall,spatial_context,corner,0.8661003734895631,fast,0.5366454991792453,corner,slow,True
473.9749999999999,context_wall,spatial_context,corner,0.9275152018219929,fast,0.4526000387658221,corner,slow,True
473.99999999999994,context_wall,spatial_context,corner,0.936123753606138,slow,0.4382288212101701,corner,slow,True
474.0249999999999,context_wall,spatial_context,corner,0.9792595302333009,slow,0.4827550096922621,corner,slow,True
474.0499999999999,context_wall,spatial_context,corner,0.929644006876647,slow,0.5100473180528465,corner,slow,True
474.07499999999993,context_wall,spatial_context,corner,0.9623083575186466,slow,0.4998485881408822,corner,slow,True
474.0999999999999,context_wall,spatial_context,corner,0.9458285916524091,slow,0.5524443778195496,corner,slow,True
474.12499999999994,context_wall,spatial_context,corner,0.8483443104913991,slow,0.45225157302738084,corner,slow,True
474.1499999999999,context_wall,spatial_context,corner,0.9421802459468518,slow,0.5190023521175531,corner,slow,True
474.19999999999993,context_wall,spatial_context,wall,0.9411646130655146,slow,0.4676021815689493,corner,slow,True
474.2249999999999,context_wall,spatial_context,wall,0.9581671085332827,slow,0.47476615932963395,corner,slow,True
474.24999999999994,context_wall,spatial_context,wall,0.9194271601635366,fast,0.46457251732160004,corner,slow,True
474.2999999999999,context_wall,spatial_context,corner,0.947363504446466,slow,0.5178606978415471,corner,slow,True
474.32499999999993,context_wall,spatial_context,corner,0.9873133299719534,slow,0.513680226580602,corner,slow,True
474.3499999999999,context_wall,spatial_context,corner,0.9711818730444033,still,0.5497518269009558,corner,slow,True
474.37499999999994,context_wall,spatial_context,corner,0.9529574256837677,still,0.4665653191323318,corner,slow,True
474.3999999999999,context_wall,spatial_context,corner,0.8965645619748092,still,0.4920745050252917,corner,slow,True
474.44999999999993,context_wall,spatial_context,corner,0.8624852075873992,slow,0.5188311777582205,corner,slow,True
474.4749999999999,context_wall,spatial_context,corner,0.9435396388113112,slow,0.4765965855470523,corner,slow,True
474.49999999999994,context_wall,spatial_context,corner,0.8677395138495141,slow,0.4383354060123535,corner,slow,True
474.5249999999999,context_wall,spatial_context,corner,0.8902437263189952,fast,0.4553282337384741,corner,slow,True
474.5499999999999,context_wall,spatial_context,corner,0.909362555143647,slow,0.49430934142575816,corner,slow,True
474.5999999999999,context_wall,spatial_context,corner,0.9492523442368842,slow,0.48770409981661783,corner,slow,True
474.62499999999994,context_wall,spatial_context,corner,0.9923585613090159,slow,0.43414126304643863,corner,slow,True
474.6499999999999,context_wall,spatial_context,corner,0.987552720465947,still,0.5263621005417356,corner,slow,True
474.6749999999999,context_wall,spatial_context,corner,0.9925988534771323,still,0.5306262905046395,corner,slow,True
474.69999999999993,context_wall,spatial_context,corner,0.9935234518092061,slow,0.49287804652609674,corner,slow,True
474.7249999999999,context_wall,spatial_context,corner,0.9955711895532897,slow,0.45505181756879837,corner,slow,True
474.74999999999994,context_wall,spatial_context,corner,0.9853719199262093,slow,0.4617456334688409,corner,slow,True
474.7749999999999,context_wall,spatial_context,corner,0.9802425464837446,slow,0.5060787046444712,corner,slow,True
474.7999999999999,context_wall,spatial_context,corner,0.9703488326555473,slow,0.4382242868003097,corner,slow,True
474.8499999999999,context_wall,spatial_context,corner,0.8843361995294994,slow,0.42037623591516976,corner,still,True
474.87499999999994,context_wall,spatial_context,corner,0.886728452361366,slow,0.4063267400578038,corner,still,True
474.94999999999993,context_wall,spatial_context,wall,0.8123340384575625,slow,0.47700480351429553,corner,still,True
474.9749999999999,context_wall,spatial_context,wall,0.9057905386019668,slow,0.48341481241927453,corner,still,True
474.99999999999994,context_wall,spatial_context,wall,0.9043204920791728,slow,0.49113843218934927,corner,still,True
475.0499999999999,context_wall,spatial_context,corner,0.8435317845421181,slow,0.4957009627782295,corner,still,True
475.07499999999993,context_wall,spatial_context,corner,0.97633194320318,slow,0.4694759267847941,corner,still,True
475.0999999999999,context_wall,spatial_context,corner,0.9932109338064068,slow,0.4363501294904147,corner,still,True
475.12499999999994,context_wall,spatial_context,corner,0.8915167443976539,slow,0.4570186811419486,corner,still,True
475.1499999999999,context_wall,spatial_context,corner,0.8850792168337152,slow,0.4599478135383584,corner,still,True
475.1749999999999,context_wall,spatial_context,corner,0.8178433699684658,slow,0.47328461569073743,corner,still,True
475.24999999999994,context_wall,spatial_context,corner,0.8887877444016985,slow,0.5378766594182843,corner,still,True
475.2749999999999,context_wall,spatial_context,corner,0.8606364904106726,slow,0.5257553673846732,corner,still,True
475.2999999999999,context_wall,spatial_context,corner,0.9448876877345117,slow,0.45150232830157,corner,slow,True
475.32499999999993,context_wall,spatial_context,corner,0.9723863482773626,slow,0.505854280518123,corner,slow,True
475.3499999999999,context_wall,spatial_context,corner,0.9066958303886482,slow,0.51498592550914,corner,slow,True
475.37499999999994,context_wall,spatial_context,corner,0.9211357811085007,slow,0.45625488180374574,corner,slow,True
475.3999999999999,context_wall,spatial_context,corner,0.9310899720638561,slow,0.4992021149699756,corner,slow,True
475.4249999999999,context_wall,spatial_context,corner,0.8614297245419237,slow,0.48543821906240275,corner,slow,True
475.44999999999993,context_wall,spatial_context,corner,0.8542930653890137,slow,0.46005231885213943,corner,slow,True
475.4749999999999,context_wall,spatial_context,corner,0.9543488336611846,slow,0.42982844176069324,corner,slow,True
475.49999999999994,context_wall,spatial_context,corner,0.8851941297298216,slow,0.42581649928919396,corner,slow,True
475.5249999999999,context_wall,spatial_context,corner,0.9734681623188508,still,0.5038257565110067,corner,slow,True
475.5499999999999,context_wall,spatial_context,corner,0.9845345016468542,still,0.6054433058393889,corner,slow,True
475.57499999999993,context_wall,spatial_context,corner,0.8940076819270433,slow,0.450384910250031,corner,slow,True
475.5999999999999,context_wall,spatial_context,corner,0.870685124917905,slow,0.4436338737561706,corner,slow,True
475.7249999999999,context_wall,spatial_context,corner,0.846847229831087,slow,0.5229736798672655,corner,slow,True
475.74999999999994,context_wall,spatial_context,corner,0.8754981826294657,slow,0.47552370459503057,corner,slow,True
475.7749999999999,context_wall,spatial_context,corner,0.9136081044620096,fast,0.47120918014241797,corner,slow,True
475.7999999999999,context_wall,spatial_context,corner,0.9754660110820156,slow,0.5070187559194502,corner,slow,True
475.82499999999993,context_wall,spatial_context,corner,0.8913941672028548,fast,0.5543493548371865,corner,slow,True
475.87499999999994,context_wall,spatial_context,corner,0.8755452655018707,slow,0.49030805867028227,corner,slow,True
476.1749999999999,context_wall,spatial_context,corner,0.8271633911895444,slow,0.4917575671809752,corner,slow,True
476.3499999999999,context_wall,spatial_context,corner,0.8136500480754214,slow,0.4744258286566162,corner,still,True
476.37499999999994,context_wall,spatial_context,corner,0.9299785589348738,still,0.45451607729217175,corner,still,True
476.49999999999994,context_wall,spatial_context,corner,0.9315340744113704,slow,0.44547281685582035,corner,still,True
476.5249999999999,context_wall,spatial_context,corner,0.9774009304311667,slow,0.5262173373715112,corner,still,True
476.5499999999999,context_wall,spatial_context,corner,0.9980115379898274,slow,0.4830560007405981,corner,still,True
476.57499999999993,context_wall,spatial_context,corner,0.9957420134945748,still,0.48747387992570884,corner,still,True
476.5999999999999,context_wall,spatial_context,corner,0.9883611962552662,slow,0.47725275349450746,corner,still,True
476.62499999999994,context_wall,spatial_context,corner,0.9535466449601867,slow,0.4946880373191881,corner,still,True
476.87499999999994,context_wall,spatial_context,corner,0.8927690457920745,slow,0.47751517135749466,corner,slow,True
476.9249999999999,context_wall,spatial_context,corner,0.9046574985996013,slow,0.44848096997239056,corner,slow,True
476.94999999999993,context_wall,spatial_context,corner,0.8323971932941028,slow,0.4259266630408646,corner,slow,True
477.0249999999999,context_wall,spatial_context,wall,0.8837597254324652,fast,0.5715932628882602,corner,slow,True
477.0999999999999,context_wall,spatial_context,corner,0.9128563218516471,slow,0.49451005306591744,corner,slow,True
477.12499999999994,context_wall,spatial_context,corner,0.8660355938502506,fast,0.48852486342035484,corner,slow,True
477.2249999999999,context_wall,spatial_context,corner,0.8499058023788697,slow,0.4499639398227462,corner,fast,True
477.24999999999994,context_wall,spatial_context,corner,0.9782055267794738,fast,0.536401083765115,corner,fast,True
477.2749999999999,context_wall,spatial_context,corner,0.9716061515942225,fast,0.552880270760918,corner,fast,True
477.2999999999999,context_wall,spatial_context,corner,0.9710286774426673,fast,0.6397203997155483,corner,fast,True
477.32499999999993,context_wall,spatial_context,corner,0.8644609686325467,fast,0.726520628984561,corner,fast,True
477.3499999999999,context_wall,spatial_context,corner,0.8259385087560058,fast,0.5720618959091679,corner,fast,True
477.37499999999994,context_wall,spatial_context,corner,0.9523702193916513,fast,0.574121588716228,corner,fast,True
477.6749999999999,context_wall,spatial_context,corner,0.8542787231941267,fast,0.5841689558579224,corner,slow,True
477.69999999999993,context_wall,spatial_context,corner,0.8892043348390092,fast,0.4905875996019972,corner,slow,True
477.7249999999999,context_wall,spatial_context,corner,0.9837798835567609,fast,0.5212509138344309,corner,slow,True
477.74999999999994,context_wall,spatial_context,corner,0.9766305537968353,fast,0.6028722532442891,corner,slow,True
477.7749999999999,context_wall,spatial_context,corner,0.9529379366607033,fast,0.5792071869582079,corner,slow,True
477.7999999999999,context_wall,spatial_context,corner,0.8412293788317254,slow,0.4868201925422223,corner,slow,True
477.8499999999999,context_wall,spatial_context,corner,0.8395542205627543,fast,0.556869114037577,corner,slow,True
477.87499999999994,context_wall,spatial_context,corner,0.9371875826213405,fast,0.5017303742034797,corner,slow,True
477.8999999999999,context_wall,spatial_context,corner,0.9878996412266725,fast,0.6042013878546424,corner,slow,True
477.9249999999999,context_wall,spatial_context,corner,0.9883256893074567,fast,0.5475770633381414,corner,slow,True
477.94999999999993,context_wall,spatial_context,corner,0.9631868610190134,fast,0.6478522376668245,corner,slow,True
478.07499999999993,context_wall,spatial_context,corner,0.8058468842195854,slow,0.44614039209298256,corner,slow,True
478.0999999999999,context_wall,spatial_context,corner,0.9488108280376425,fast,0.5783425969770635,corner,slow,True
478.12499999999994,context_wall,spatial_context,corner,0.9677404331420015,fast,0.5674569640584624,corner,slow,True
478.1499999999999,context_wall,spatial_context,corner,0.9184769904848973,fast,0.5328988153983795,corner,slow,True
478.2749999999999,context_wall,spatial_context,corner,0.8480641206959217,slow,0.4395860691381756,corner,slow,True
478.2999999999999,context_wall,spatial_context,corner,0.9057931985636368,slow,0.4501693148426481,corner,slow,True
478.4249999999999,context_wall,spatial_context,wall,0.8257384965278516,slow,0.5041464337665957,corner,slow,True
478.4749999999999,context_wall,spatial_context,wall,0.882454361913739,slow,0.5206934437230931,corner,slow,True
478.6499999999999,context_wall,spatial_context,wall,0.8117851946882415,still,0.6179042528862965,corner,slow,True
478.74999999999994,context_wall,spatial_context,corner,0.8086371218348531,slow,0.5600298263666946,corner,slow,True
478.7999999999999,context_wall,spatial_context,corner,0.9090392404394492,slow,0.5383559886409384,corner,slow,True
478.8499999999999,context_wall,spatial_context,corner,0.9294486978119272,fast,0.5329537193921969,corner,slow,True
478.87499999999994,context_wall,spatial_context,corner,0.9099995305061338,fast,0.4952422439282191,corner,slow,True
478.8999999999999,context_wall,spatial_context,corner,0.856258364827045,slow,0.4517594749047241,corner,slow,True
479.0999999999999,context_wall,spatial_context,corner,0.8070591489279759,fast,0.645781349115217,corner,fast,True
479.1499999999999,context_wall,spatial_context,corner,0.8132738931067411,fast,0.5523972627483086,corner,fast,True
479.2999999999999,context_wall,spatial_context,corner,0.8296131127895796,fast,0.49885311030993296,corner,slow,True
479.4749999999999,context_wall,spatial_context,corner,0.9711353898539257,slow,0.4694968987650748,corner,fast,True
479.49999999999994,context_wall,spatial_context,corner,0.9620527576490665,fast,0.4501859844711791,corner,fast,True
479.5249999999999,context_wall,spatial_context,corner,0.8555241466990331,fast,0.45313202711250866,corner,fast,True
479.5499999999999,context_wall,spatial_context,corner,0.9543063696012455,slow,0.4654024099979746,corner,fast,True
479.57499999999993,context_wall,spatial_context,corner,0.8805566404240495,slow,0.46642077135809457,corner,fast,True
479.5999999999999,context_wall,spatial_context,corner,0.907920306075701,fast,0.4988511832803561,corner,fast,True
479.62499999999994,context_wall,spatial_context,corner,0.9382027652905942,fast,0.4631290282230808,corner,fast,True
479.6499999999999,context_wall,spatial_context,corner,0.811842061716668,fast,0.5400907322977556,corner,fast,True
479.6749999999999,context_wall,spatial_context,corner,0.9673577384662002,fast,0.6713395878100634,corner,fast,True
479.69999999999993,context_wall,spatial_context,corner,0.981703705806696,fast,0.61249914723504,corner,slow,True
479.7249999999999,context_wall,spatial_context,corner,0.9563678389070777,fast,0.5843761461165924,corner,slow,True
479.74999999999994,context_wall,spatial_context,corner,0.9081985126750991,fast,0.6147659540626903,corner,fast,True
479.7749999999999,context_wall,spatial_context,corner,0.857581242731783,fast,0.7154000381187896,corner,fast,True
479.8499999999999,context_wall,spatial_context,corner,0.9576248791432241,fast,0.597884685539076,corner,fast,True
479.87499999999994,context_wall,spatial_context,corner,0.9100309818129628,fast,0.5300329742802607,corner,fast,True
479.8999999999999,context_wall,spatial_context,corner,0.9744611918711613,fast,0.5612386198973848,corner,fast,True
479.9249999999999,context_wall,spatial_context,corner,0.9479258974837347,fast,0.6978405833574235,corner,fast,True
479.99999999999994,context_wall,spatial_context,corner,0.8188562383871281,fast,0.5209447497844549,corner,slow,True
480.0249999999999,context_wall,spatial_context,corner,0.8347115767440295,slow,0.48648773024975817,corner,slow,True
480.1499999999999,context_wall,spatial_context,corner,0.9029902120206493,fast,0.5843154154321774,corner,slow,True
480.1749999999999,context_wall,spatial_context,corner,0.9881858991047804,fast,0.5850335364734207,corner,slow,True
480.19999999999993,context_wall,spatial_context,corner,0.9683587103222514,fast,0.7024908965349915,corner,slow,True
480.2249999999999,context_wall,spatial_context,corner,0.9628960053650285,fast,0.6310636274001684,corner,slow,True
480.24999999999994,context_wall,spatial_context,corner,0.9476203944705651,fast,0.5199973100949102,corner,slow,True
480.2749999999999,context_wall,spatial_context,corner,0.8255846392643806,fast,0.4447423526990114,corner,slow,True
480.37499999999994,context_wall,spatial_context,corner,0.8822888652483403,fast,0.5768957295357507,corner,slow,True
480.3999999999999,context_wall,spatial_context,corner,0.9577986258448933,fast,0.5294690821974374,corner,slow,True
480.4249999999999,context_wall,spatial_context,corner,0.9750346750521443,fast,0.6314088101143378,corner,slow,True
480.44999999999993,context_wall,spatial_context,corner,0.9185484277548551,fast,0.6650743434393123,corner,slow,True
480.4749999999999,context_wall,spatial_context,corner,0.8773880773594208,fast,0.475049370135369,corner,slow,True
480.5499999999999,context_wall,spatial_context,corner,0.9370598535586473,slow,0.4244243258443376,corner,slow,True
480.57499999999993,context_wall,spatial_context,corner,0.8250180119783378,slow,0.4670520242319898,corner,slow,True
480.5999999999999,context_wall,spatial_context,corner,0.9605614250603344,slow,0.5014182722061091,corner,slow,True
480.62499999999994,context_wall,spatial_context,corner,0.9788668946013289,slow,0.5103465187078304,corner,slow,True
480.6499999999999,context_wall,spatial_context,corner,0.9282796608457627,slow,0.49796130056818505,corner,slow,True
480.6749999999999,context_wall,spatial_context,corner,0.9105254652004293,slow,0.5517198673439845,corner,slow,True
480.69999999999993,context_wall,spatial_context,corner,0.9282319840798633,slow,0.42842805714767435,corner,slow,True
480.9749999999999,context_wall,spatial_context,corner,0.8204037063789508,slow,0.40763621111871223,corner,slow,True
480.99999999999994,context_wall,spatial_context,corner,0.9274138596911113,slow,0.4187826331973086,corner,slow,True
481.0249999999999,context_wall,spatial_context,corner,0.9939968463149689,slow,0.4893893388520162,corner,slow,True
481.0499999999999,context_wall,spatial_context,corner,0.9601329109656929,slow,0.45482263985154536,corner,slow,True
481.07499999999993,context_wall,spatial_context,corner,0.9363296572500003,slow,0.44544374529584857,corner,slow,True
481.1499999999999,context_wall,spatial_context,corner,0.8378524756863004,slow,0.41280428137391495,corner,fast,True
481.1749999999999,context_wall,spatial_context,corner,0.8201341490537375,still,0.40640095643478785,corner,fast,True
481.2249999999999,context_wall,spatial_context,corner,0.8423344545948452,fast,0.5248513907140667,corner,slow,True
481.2999999999999,context_wall,spatial_context,corner,0.9013679935014577,slow,0.4729102981396707,corner,slow,True
481.32499999999993,context_wall,spatial_context,corner,0.8017258499690728,slow,0.5069812825799642,corner,slow,True
481.3499999999999,context_wall,spatial_context,corner,0.8357820372095723,slow,0.4688273726881757,corner,slow,True
481.37499999999994,context_wall,spatial_context,corner,0.8909058813187442,fast,0.4878271355239155,corner,slow,True
481.3999999999999,context_wall,spatial_context,corner,0.8333845386366023,slow,0.4055071672934966,corner,slow,True
481.4749999999999,context_wall,spatial_context,corner,0.8835151669523142,slow,0.43309017533780086,corner,slow,True
481.49999999999994,context_wall,spatial_context,corner,0.8912241126431789,slow,0.4417654260424455,corner,slow,True
481.5249999999999,context_wall,spatial_context,corner,0.9391864065377369,slow,0.4546770462967449,corner,slow,True
481.5499999999999,context_wall,spatial_context,corner,0.8724509120741004,fast,0.5758472799281177,corner,slow,True
481.57499999999993,context_wall,spatial_context,corner,0.871673198096604,fast,0.6173477013191973,corner,slow,True
481.6499999999999,context_wall,spatial_context,corner,0.9316795582165257,fast,0.4540751430364627,corner,slow,True
481.69999999999993,context_wall,spatial_context,corner,0.8896229327529215,slow,0.4999750135344132,corner,slow,True
481.9249999999999,context_wall,spatial_context,corner,0.8096554362597063,slow,0.4770834026241222,corner,slow,True
481.94999999999993,context_wall,spatial_context,corner,0.8698958833671159,slow,0.4504391559664747,corner,slow,True
481.9749999999999,context_wall,spatial_context,corner,0.8679941065578511,slow,0.43467973706892465,corner,slow,True
481.99999999999994,context_wall,spatial_context,corner,0.9476377819878049,slow,0.4553666584686477,corner,slow,True
482.0249999999999,context_wall,spatial_context,corner,0.8832711850459832,slow,0.4345399734707785,corner,slow,True
482.0499999999999,context_wall,spatial_context,corner,0.9748698980905178,fast,0.48659966446272934,corner,slow,True
482.07499999999993,context_wall,spatial_context,corner,0.9888500924295445,fast,0.48321048908181685,corner,slow,True
482.0999999999999,context_wall,spatial_context,corner,0.9925288465483585,slow,0.4334661512565632,corner,slow,True
482.12499999999994,context_wall,spatial_context,corner,0.9843667775868622,slow,0.47098184656359854,corner,slow,True
482.1499999999999,context_wall,spatial_context,corner,0.9842793063823999,slow,0.4480203805126902,corner,slow,True
482.1749999999999,context_wall,spatial_context,corner,0.9887896009515119,slow,0.43794684147742724,corner,slow,True
482.19999999999993,context_wall,spatial_context,corner,0.9360920123402244,slow,0.41409593043523246,corner,slow,True
482.2249999999999,context_wall,spatial_context,corner,0.9453487165613407,fast,0.44962158240503153,corner,slow,True
482.24999999999994,context_wall,spatial_context,corner,0.8905651917283759,fast,0.6045581732595003,corner,still,True
482.2999999999999,context_wall,spatial_context,corner,0.8654799014869309,fast,0.5756192574015786,corner,slow,True
482.32499999999993,context_wall,spatial_context,corner,0.9123666128830855,slow,0.5762033616031299,corner,slow,True
482.3499999999999,context_wall,spatial_context,corner,0.9079358658380907,still,0.509431018403238,corner,slow,True
482.37499999999994,context_wall,spatial_context,corner,0.9870073121278796,still,0.4510269310470757,corner,slow,True
482.3999999999999,context_wall,spatial_context,corner,0.9714614419214453,slow,0.4216925784405589,corner,slow,True
482.4249999999999,context_wall,spatial_context,corner,0.9711823153884621,slow,0.4431035830054952,corner,slow,True
482.44999999999993,context_wall,spatial_context,corner,0.9867057772246716,slow,0.5057194977733634,corner,slow,True
482.5499999999999,context_wall,spatial_context,wall,0.9104194159091418,still,0.44090468175274933,corner,slow,True
482.6499999999999,context_wall,spatial_context,corner,0.883473072624955,slow,0.4788300949285652,corner,slow,True
482.82499999999993,context_wall,spatial_context,corner,0.9357274254240474,slow,0.5180313247491326,corner,still,True
482.8499999999999,context_wall,spatial_context,corner,0.9493437238116861,slow,0.532789523221495,corner,slow,True
482.87499999999994,context_wall,spatial_context,corner,0.9837395202721264,slow,0.4934612371978931,corner,slow,True
482.8999999999999,context_wall,spatial_context,corner,0.9924433810256642,still,0.514209393776587,corner,slow,True
482.9249999999999,context_wall,spatial_context,corner,0.8878567223166126,still,0.4498507406473183,corner,slow,True
482.94999999999993,context_wall,spatial_context,corner,0.8643037417289142,slow,0.4212046250640495,corner,slow,True
482.99999999999994,context_wall,spatial_context,wall,0.8109305307059212,fast,0.4155516257117115,corner,slow,True
483.0999999999999,context_wall,spatial_context,corner,0.8356900849475413,slow,0.4497709921838644,corner,slow,True
483.12499999999994,context_wall,spatial_context,corner,0.892742129789328,slow,0.4491654087410653,corner,slow,True
483.1499999999999,context_wall,spatial_context,corner,0.8393652793265124,slow,0.4188813039255485,corner,fast,True
483.3999999999999,context_wall,spatial_context,corner,0.8933285850748259,fast,0.4641183267236711,corner,fast,True
483.4249999999999,context_wall,spatial_context,corner,0.8808658450593346,slow,0.4410911733824328,corner,fast,True
483.57499999999993,context_wall,spatial_context,corner,0.9736836330636719,fast,0.7016385970852345,corner,fast,True
483.5999999999999,context_wall,spatial_context,corner,0.9899412323146227,fast,0.7889749463719133,corner,fast,True
483.62499999999994,context_wall,spatial_context,corner,0.932877345120351,fast,0.6814695327509867,corner,fast,True
483.6499999999999,context_wall,spatial_context,corner,0.9746440198942705,fast,0.6779973878924079,corner,fast,True
483.6749999999999,context_wall,spatial_context,corner,0.9398257951020909,fast,0.5711114620710497,corner,fast,True
483.69999999999993,context_wall,spatial_context,corner,0.8055983499228533,fast,0.6311369589460919,corner,fast,True
483.74999999999994,context_wall,spatial_context,wall,0.8261176090606346,fast,0.7102600034421309,corner,fast,True
483.7749999999999,context_wall,spatial_context,wall,0.8632356645131712,fast,0.7311970295780581,corner,fast,True
483.7999999999999,context_wall,spatial_context,wall,0.8080421941329213,fast,0.7160228277993912,corner,fast,True
483.94999999999993,context_wall,spatial_context,corner,0.882687581139071,fast,0.8403240980255507,corner,fast,True
483.9749999999999,context_wall,spatial_context,corner,0.8173633680895103,fast,0.824204540277377,corner,fast,True
484.1749999999999,context_wall,spatial_context,corner,0.8505301508282473,fast,0.8986409791055674,corner,fast,True
484.2749999999999,context_wall,spatial_context,wall,0.8284370631434838,fast,0.718988235904745,corner,fast,True
484.2999999999999,context_wall,spatial_context,wall,0.8493657419332855,fast,0.5867563028745039,corner,fast,True
484.32499999999993,context_wall,spatial_context,wall,0.9446728092572463,fast,0.516310531952878,corner,fast,True
484.3499999999999,context_wall,spatial_context,wall,0.9818107990092676,slow,0.4371663329551353,corner,fast,True
484.37499999999994,context_wall,spatial_context,wall,0.9219403664681702,fast,0.7755491819916646,corner,fast,True
484.7249999999999,context_wall,spatial_context,corner,0.9734055242520686,fast,0.8542923152137972,corner,fast,True
484.74999999999994,context_wall,spatial_context,corner,0.9371737656304493,fast,0.7642120363462098,corner,fast,True
484.7749999999999,context_wall,spatial_context,corner,0.9185871956927848,fast,0.7327339692544329,corner,fast,True
484.82499999999993,context_wall,spatial_context,corner,0.8236955631657239,fast,0.5716173958263677,corner,fast,True
485.2249999999999,context_wall,spatial_context,wall,0.9166742710785648,fast,0.5932825474340908,corner,fast,True
485.24999999999994,context_wall,spatial_context,wall,0.8952520452566817,fast,0.5745006205100317,corner,fast,True
485.2749999999999,context_wall,spatial_context,wall,0.8452366637625478,fast,0.5526946600215533,corner,fast,True
485.2999999999999,context_wall,spatial_context,wall,0.9178411250022132,fast,0.5253773636194067,corner,fast,True
485.32499999999993,context_wall,spatial_context,wall,0.8206618945939943,fast,0.5568087495141983,corner,fast,True
485.5249999999999,context_wall,spatial_context,wall,0.843810636759582,slow,0.4643632462129849,corner,slow,True
485.7999999999999,context_wall,spatial_context,corner,0.8471554402875329,slow,0.42394049337708806,corner,slow,True
485.82499999999993,context_wall,spatial_context,corner,0.843507418141403,slow,0.4354596835170994,corner,slow,True
485.8499999999999,context_wall,spatial_context,corner,0.901163298701051,slow,0.44709437843265276,corner,slow,True
486.0499999999999,context_wall,spatial_context,corner,0.8801698521487835,slow,0.43750617471703385,corner,slow,True
486.07499999999993,context_wall,spatial_context,corner,0.8899349784024222,slow,0.4449508654754105,corner,slow,True
486.1499999999999,context_wall,spatial_context,wall,0.8316188609229608,slow,0.5133891419403498,corner,slow,True
486.1749999999999,context_wall,spatial_context,wall,0.9159970488583655,fast,0.4578443282129456,corner,slow,True
486.2249999999999,context_wall,spatial_context,corner,0.8837759092047569,slow,0.5117441177272791,corner,slow,True
486.32499999999993,context_wall,spatial_context,wall,0.8906286723230276,still,0.4710954845481208,corner,slow,True
486.44999999999993,context_wall,spatial_context,wall,0.8544040798173155,slow,0.4165503158375672,corner,slow,True
486.4999999999999,context_wall,spatial_context,corner,0.8580399982193531,fast,0.49330348446100897,corner,slow,True
486.5249999999999,context_wall,spatial_context,corner,0.9068359312022592,fast,0.6217162966120329,corner,slow,True
486.5499999999999,context_wall,spatial_context,corner,0.9407169539848531,fast,0.6320986844118045,corner,fast,True
486.57499999999993,context_wall,spatial_context,corner,0.8607797085786397,fast,0.6259891057335221,corner,fast,True
486.6749999999999,context_wall,spatial_context,wall,0.8636433443805365,slow,0.49434713824115756,corner,fast,True
486.7749999999999,context_wall,spatial_context,corner,0.9378744035236091,fast,0.6152257264675013,corner,slow,True
486.7999999999999,context_wall,spatial_context,corner,0.9677097964909335,fast,0.488493308956188,corner,fast,True
486.82499999999993,context_wall,spatial_context,corner,0.9097209347303946,fast,0.5554392042828545,corner,fast,True
486.94999999999993,context_wall,spatial_context,corner,0.8247910526557956,slow,0.4842806445115845,corner,slow,True
487.0499999999999,context_wall,spatial_context,wall,0.820561396030603,slow,0.528602906536634,corner,slow,True
487.07499999999993,context_wall,spatial_context,wall,0.8215536825589715,slow,0.500265124814583,corner,slow,True
487.0999999999999,context_wall,spatial_context,wall,0.9169666478833752,slow,0.47898328426941494,corner,slow,True
487.2749999999999,context_wall,spatial_context,corner,0.9125104245159187,fast,0.45205248863843794,corner,slow,True
487.2999999999999,context_wall,spatial_context,corner,0.9934737177313254,slow,0.4671458600814816,corner,slow,True
487.32499999999993,context_wall,spatial_context,corner,0.9926149831341786,slow,0.44544570991954624,corner,slow,True
487.3499999999999,context_wall,spatial_context,corner,0.9934086690320609,slow,0.49598553587480604,corner,slow,True
487.3749999999999,context_wall,spatial_context,corner,0.9727387664137224,slow,0.5088007068911408,corner,slow,True
487.4749999999999,context_wall,spatial_context,corner,0.8860613528561613,slow,0.55402428546359,corner,slow,True
487.5249999999999,context_wall,spatial_context,corner,0.8733983210491151,slow,0.5260064780214431,corner,slow,True
487.5499999999999,context_wall,spatial_context,corner,0.9394046521054705,fast,0.5741462290166084,corner,slow,True
487.57499999999993,context_wall,spatial_context,corner,0.8155793636019876,fast,0.5479019122188381,corner,slow,True
487.5999999999999,context_wall,spatial_context,corner,0.9295602077891157,fast,0.5034391040715849,corner,slow,True
487.7499999999999,context_wall,spatial_context,corner,0.8086997070602093,slow,0.44934983919719,corner,slow,True
487.8749999999999,context_wall,spatial_context,corner,0.9432086360777004,slow,0.4809597082030452,corner,slow,True
487.8999999999999,context_wall,spatial_context,corner,0.9856014928154814,slow,0.47055961435421273,corner,fast,True
487.9249999999999,context_wall,spatial_context,corner,0.9615595066344584,fast,0.5591703153651703,corner,fast,True
487.94999999999993,context_wall,spatial_context,corner,0.9786831397617155,fast,0.5967406301813566,corner,slow,True
487.9749999999999,context_wall,spatial_context,corner,0.9877162685857452,fast,0.5196363314201321,corner,slow,True
487.9999999999999,context_wall,spatial_context,corner,0.9960577655399632,fast,0.5633039727752887,corner,slow,True
488.0249999999999,context_wall,spatial_context,corner,0.9952567157790493,fast,0.4897032661807447,corner,slow,True
488.0499999999999,context_wall,spatial_context,corner,0.9834322625197367,slow,0.49283601696293816,corner,slow,True
488.07499999999993,context_wall,spatial_context,corner,0.9647589205526701,slow,0.47211664733363884,corner,slow,True
488.19999999999993,context_wall,spatial_context,corner,0.9136097838527686,slow,0.4452994324858837,corner,slow,True
488.2249999999999,context_wall,spatial_context,corner,0.8906004026966103,slow,0.44011600188602656,corner,slow,True
488.2499999999999,context_wall,spatial_context,corner,0.8625286441996995,fast,0.4422515279841779,corner,slow,True
488.2749999999999,context_wall,spatial_context,corner,0.9176357630318109,slow,0.43147080513778824,corner,slow,True
488.32499999999993,context_wall,spatial_context,corner,0.8796057835125234,slow,0.48163185254237767,corner,slow,True
488.3499999999999,context_wall,spatial_context,corner,0.8977030641136668,slow,0.45623167129547043,corner,slow,True
488.3749999999999,context_wall,spatial_context,corner,0.8845789002169644,slow,0.48217087800842634,corner,slow,True
488.3999999999999,context_wall,spatial_context,corner,0.9961300467713363,slow,0.4632630230452915,corner,slow,True
488.4249999999999,context_wall,spatial_context,corner,0.9913672290013027,slow,0.4996090158965162,corner,slow,True
488.44999999999993,context_wall,spatial_context,corner,0.9801551525878971,slow,0.48149705821629313,corner,slow,True
488.4749999999999,context_wall,spatial_context,corner,0.9400793747866867,slow,0.4734800436575457,corner,slow,True
488.5499999999999,context_wall,spatial_context,wall,0.8051712314148944,slow,0.49376366046268916,corner,slow,True
488.6499999999999,context_wall,spatial_context,corner,0.8473678007068919,slow,0.5149832337245949,corner,slow,True
488.6749999999999,context_wall,spatial_context,corner,0.9055771955493879,slow,0.46045687768591287,corner,slow,True
488.69999999999993,context_wall,spatial_context,corner,0.94872755433748,slow,0.5287220149642882,corner,slow,True
488.7249999999999,context_wall,spatial_context,corner,0.9513422648039003,slow,0.47900109495239035,corner,slow,True
488.7499999999999,context_wall,spatial_context,corner,0.9044673255797219,slow,0.45853839738171653,corner,slow,True
488.7749999999999,context_wall,spatial_context,corner,0.8864504424981111,fast,0.46739372436184917,corner,slow,True
488.7999999999999,context_wall,spatial_context,corner,0.8700245628379867,fast,0.5158045045280061,corner,slow,True
488.82499999999993,context_wall,spatial_context,corner,0.9180067013360426,slow,0.47492401237969334,corner,slow,True
488.8499999999999,context_wall,spatial_context,corner,0.893997144583236,slow,0.42741087236428627,corner,slow,True
488.8749999999999,context_wall,spatial_context,corner,0.944055933884266,slow,0.4812577594300395,corner,slow,True
488.8999999999999,context_wall,spatial_context,corner,0.9000466494614897,slow,0.43810539685709415,corner,slow,True
488.94999999999993,context_wall,spatial_context,corner,0.8320122157678361,fast,0.436739438260361,corner,slow,True
488.9749999999999,context_wall,spatial_context,corner,0.9524746199837418,slow,0.4814723094357699,corner,slow,True
488.9999999999999,context_wall,spatial_context,corner,0.9497738975969102,slow,0.5508207987303817,corner,slow,True
489.0249999999999,context_wall,spatial_context,corner,0.941093407175657,slow,0.4847700497998234,corner,slow,True
489.0499999999999,context_wall,spatial_context,corner,0.9522325933552956,slow,0.4754589185412624,corner,slow,True
489.1499999999999,context_wall,spatial_context,corner,0.9597521511296039,slow,0.5462618394061504,corner,slow,True
489.1749999999999,context_wall,spatial_context,corner,0.9838084265234632,slow,0.5172604622665675,corner,slow,True
489.19999999999993,context_wall,spatial_context,corner,0.9698524129642557,slow,0.48597848580327885,corner,still,True
489.2249999999999,context_wall,spatial_context,corner,0.8981286895508064,slow,0.4732062297123042,corner,still,True
489.32499999999993,context_wall,spatial_context,corner,0.9054553191844751,slow,0.4358659749391752,corner,slow,True
489.3499999999999,context_wall,spatial_context,corner,0.8260968302367657,still,0.4371935078765695,corner,slow,True
489.4749999999999,context_wall,spatial_context,corner,0.9533591433783284,slow,0.424046551223448,corner,slow,True
489.4999999999999,context_wall,spatial_context,corner,0.957573835972306,slow,0.48297530528201016,corner,slow,True
489.5249999999999,context_wall,spatial_context,corner,0.8861783103988062,fast,0.49322242108072833,corner,slow,True
489.5499999999999,context_wall,spatial_context,corner,0.8993774722250627,slow,0.4999242888065381,corner,slow,True
489.57499999999993,context_wall,spatial_context,corner,0.8761562715371412,slow,0.5403728414789994,corner,slow,True
489.5999999999999,context_wall,spatial_context,corner,0.9265750777450871,still,0.5771419816353951,corner,slow,True
489.6249999999999,context_wall,spatial_context,corner,0.9062266351328021,still,0.684518485587273,corner,slow,True
489.6499999999999,context_wall,spatial_context,corner,0.8903703264280772,slow,0.46253595788439045,corner,slow,True
489.6749999999999,context_wall,spatial_context,corner,0.9376774952263961,slow,0.41410053134351443,corner,slow,True
489.69999999999993,context_wall,spatial_context,corner,0.8011694621027265,slow,0.45175981494394896,corner,slow,True
489.7249999999999,context_wall,spatial_context,corner,0.8684519614621405,slow,0.46825965379189954,corner,slow,True
489.7499999999999,context_wall,spatial_context,corner,0.9210139692900228,still,0.4597623819105442,corner,slow,True
489.7749999999999,context_wall,spatial_context,corner,0.882289306068571,slow,0.45900572796583394,corner,slow,True
489.7999999999999,context_wall,spatial_context,corner,0.8854928738170317,slow,0.5079910559771657,corner,slow,True
489.82499999999993,context_wall,spatial_context,corner,0.9228804501807338,slow,0.5224657280456022,corner,slow,True
489.9249999999999,context_wall,spatial_context,wall,0.8816631236869874,slow,0.4340322919810483,corner,slow,True
489.9999999999999,context_wall,spatial_context,corner,0.8012470952131032,fast,0.5859725922248143,corner,fast,True
490.0249999999999,context_wall,spatial_context,corner,0.8745793737578145,fast,0.5332549846027891,corner,fast,True
490.07499999999993,context_wall,spatial_context,corner,0.8024246707797817,slow,0.428648114228271,corner,slow,True
490.1249999999999,context_wall,spatial_context,corner,0.8759130910201146,slow,0.4744833707095989,corner,fast,True
490.1499999999999,context_wall,spatial_context,corner,0.966965633248215,slow,0.44950942191519305,corner,fast,True
490.3749999999999,context_wall,spatial_context,corner,0.9425613970416743,fast,0.5537103429272419,corner,slow,True
490.3999999999999,context_wall,spatial_context,corner,0.9472490121390544,fast,0.5727293520731987,corner,fast,True
490.4249999999999,context_wall,spatial_context,corner,0.9425595082036602,fast,0.6388712867253115,corner,fast,True
490.44999999999993,context_wall,spatial_context,corner,0.9843999373522616,fast,0.6158135826398508,corner,fast,True
490.4749999999999,context_wall,spatial_context,corner,0.9580215287723072,slow,0.46131907050124227,corner,fast,True
490.4999999999999,context_wall,spatial_context,corner,0.9841984193965073,slow,0.4200362933213602,corner,fast,True
490.5249999999999,context_wall,spatial_context,corner,0.9902812552366929,fast,0.5190062481827189,corner,fast,True
490.5499999999999,context_wall,spatial_context,corner,0.9796024779155462,fast,0.5471531920874233,corner,slow,True
490.57499999999993,context_wall,spatial_context,corner,0.9918414094460352,fast,0.5067278876493184,corner,slow,True
490.5999999999999,context_wall,spatial_context,corner,0.9700066533896893,fast,0.5318302771752929,corner,slow,True
490.6249999999999,context_wall,spatial_context,corner,0.8968248589913673,slow,0.4416180858745675,corner,slow,True
490.6499999999999,context_wall,spatial_context,corner,0.8792640780438885,slow,0.44699389609034995,corner,slow,True
490.6749999999999,context_wall,spatial_context,corner,0.8731039801768903,fast,0.4629149420169,corner,slow,True
490.7999999999999,context_wall,spatial_context,corner,0.924738204315071,slow,0.47385999266442147,corner,slow,True
490.82499999999993,context_wall,spatial_context,corner,0.8564139024427998,slow,0.44615970723728327,corner,slow,True
491.1249999999999,context_wall,spatial_context,corner,0.825685396204227,slow,0.4628715735743069,corner,slow,True
491.3749999999999,context_wall,spatial_context,corner,0.9774929066745741,slow,0.4860263753184104,corner,still,True
491.3999999999999,context_wall,spatial_context,corner,0.9058910405392773,slow,0.49777368883853107,corner,slow,True
491.4749999999999,context_wall,spatial_context,wall,0.8508759571489712,slow,0.46343969785989425,corner,slow,True
491.6499999999999,context_wall,spatial_context,corner,0.9117010663043338,slow,0.44532117509767977,corner,fast,True
491.6749999999999,context_wall,spatial_context,corner,0.8542547335065358,slow,0.4483637404641299,corner,fast,True
491.7499999999999,context_wall,spatial_context,corner,0.8671791004565584,slow,0.44008996945698875,corner,fast,True
491.8999999999999,context_wall,spatial_context,corner,0.9870006917664164,slow,0.4869557164360744,corner,slow,True
491.9249999999999,context_wall,spatial_context,corner,0.9850720207100142,fast,0.41518959738846123,corner,slow,True
491.94999999999993,context_wall,spatial_context,corner,0.9336634600578425,fast,0.4553226719725197,corner,slow,True
491.9749999999999,context_wall,spatial_context,corner,0.8693968960327865,fast,0.437144696280558,corner,slow,True
492.0999999999999,context_wall,spatial_context,corner,0.9184798129204241,slow,0.4600736860888398,corner,slow,True
492.1249999999999,context_wall,spatial_context,corner,0.9491796011689806,slow,0.41462228183835664,corner,slow,True
492.1499999999999,context_wall,spatial_context,corner,0.9376788514449682,slow,0.46936757593071204,corner,slow,True
492.1749999999999,context_wall,spatial_context,corner,0.9693355945940553,slow,0.505025276527997,corner,slow,True
492.19999999999993,context_wall,spatial_context,corner,0.9520229700113623,slow,0.49163282625231597,corner,fast,True
492.4749999999999,context_wall,spatial_context,wall,0.8845415776269834,fast,0.6961435032125841,corner,fast,True
492.57499999999993,context_wall,spatial_context,corner,0.8109828540285101,fast,0.6119277841636164,corner,fast,True
492.7749999999999,context_wall,spatial_context,wall,0.8185927319798575,fast,0.5772477577579002,corner,fast,True
492.7999999999999,context_wall,spatial_context,wall,0.9261130128627514,fast,0.4473144749088498,corner,fast,True
492.82499999999993,context_wall,spatial_context,wall,0.8449221923580589,fast,0.472385139557839,corner,fast,True
492.8499999999999,context_wall,spatial_context,wall,0.8779665998028909,fast,0.5183199478232567,corner,fast,True
493.1499999999999,context_wall,spatial_context,corner,0.8871386698438023,fast,0.630645526003438,corner,fast,True
493.19999999999993,context_wall,spatial_context,corner,0.8428771189283828,fast,0.833399758412643,corner,slow,True
493.2249999999999,context_wall,spatial_context,corner,0.8148340154413258,fast,0.740609495442113,corner,slow,True
493.2749999999999,context_wall,spatial_context,corner,0.9704113259233963,fast,0.7555530697029809,corner,fast,True
493.2999999999999,context_wall,spatial_context,corner,0.9477088475371382,fast,0.5831000368968291,corner,fast,True
493.32499999999993,context_wall,spatial_context,corner,0.9291888593714827,fast,0.6656335251784904,corner,fast,True
493.3499999999999,context_wall,spatial_context,corner,0.9853288567897128,fast,0.5898550744743879,corner,fast,True
493.3749999999999,context_wall,spatial_context,corner,0.9690062092856501,fast,0.5630334736034759,corner,fast,True
493.3999999999999,context_wall,spatial_context,corner,0.9883289422437032,fast,0.5343937253415086,corner,fast,True
493.4249999999999,context_wall,spatial_context,corner,0.9960041619438581,fast,0.6295495547678184,corner,fast,True
493.44999999999993,context_wall,spatial_context,corner,0.9371219986698953,fast,0.5552711236731142,corner,fast,True
493.4749999999999,context_wall,spatial_context,corner,0.8971880422439417,fast,0.6276560800187192,corner,fast,True
493.5499999999999,context_wall,spatial_context,corner,0.9073978930238231,fast,0.6512103812037674,corner,slow,True
493.5999999999999,context_wall,spatial_context,corner,0.9305487549777522,slow,0.48261805420304427,corner,slow,True
493.8999999999999,context_wall,spatial_context,corner,0.8491854820047995,fast,0.4604329481277304,corner,fast,True
494.0249999999999,context_wall,spatial_context,corner,0.8013406469393076,fast,0.5474731373402338,corner,fast,True
494.0499999999999,context_wall,spatial_context,corner,0.917208810258605,fast,0.6235224483979376,corner,fast,True
494.07499999999993,context_wall,spatial_context,corner,0.8832887325366383,fast,0.6430272732004322,corner,fast,True
494.0999999999999,context_wall,spatial_context,corner,0.909121710224028,fast,0.627155836430582,corner,slow,True
494.1249999999999,context_wall,spatial_context,corner,0.8578677407141744,fast,0.5650070346060458,corner,slow,True
494.1499999999999,context_wall,spatial_context,corner,0.9236965564903427,fast,0.5933860837829784,corner,slow,True
494.1749999999999,context_wall,spatial_context,corner,0.9336483695415092,fast,0.6266862266692492,corner,slow,True
494.19999999999993,context_wall,spatial_context,corner,0.8675027671446608,fast,0.680622042401311,corner,slow,True
494.2999999999999,context_wall,spatial_context,corner,0.8495896565347352,fast,0.4704285503073325,corner,fast,True
494.3999999999999,context_wall,spatial_context,wall,0.8367815578658802,slow,0.41805462422298795,corner,fast,True
494.5999999999999,context_wall,spatial_context,corner,0.9684674222130718,fast,0.5834457765535663,corner,fast,True
494.6249999999999,context_wall,spatial_context,corner,0.9317479715644884,fast,0.5026309981593278,corner,fast,True
494.6499999999999,context_wall,spatial_context,corner,0.9633583681491581,slow,0.46202897359786427,corner,slow,True
494.6749999999999,context_wall,spatial_context,corner,0.944540896767623,slow,0.4107500265944299,corner,slow,True
494.69999999999993,context_wall,spatial_context,corner,0.9031685584577226,slow,0.4820382275307255,corner,slow,True
494.7249999999999,context_wall,spatial_context,corner,0.9329970623324073,slow,0.4989464365095638,corner,slow,True
494.7499999999999,context_wall,spatial_context,corner,0.9455065040475085,fast,0.47714667860100396,corner,slow,True
494.7749999999999,context_wall,spatial_context,corner,0.9799772592989334,fast,0.5313188052370721,corner,slow,True
494.7999999999999,context_wall,spatial_context,corner,0.969060366331735,slow,0.4579151454472988,corner,slow,True
494.82499999999993,context_wall,spatial_context,corner,0.9709673752960049,slow,0.4591887621306763,corner,slow,True
494.8499999999999,context_wall,spatial_context,corner,0.9650097453119711,fast,0.5488280869069396,corner,slow,True
495.19999999999993,context_wall,spatial_context,corner,0.9310447295838064,slow,0.4746315742655371,corner,fast,True
495.2249999999999,context_wall,spatial_context,corner,0.9840590702744915,fast,0.4664267365489189,corner,fast,True
495.2499999999999,context_wall,spatial_context,corner,0.9312500464034301,fast,0.5801092018888481,corner,fast,True
495.2749999999999,context_wall,spatial_context,corner,0.8022717941606122,fast,0.5632271414374618,corner,fast,True
495.32499999999993,context_wall,spatial_context,wall,0.9099271834890812,fast,0.7436010496617097,corner,fast,True
495.3499999999999,context_wall,spatial_context,wall,0.8035518992507661,fast,0.6676448904209498,corner,slow,True
495.4249999999999,context_wall,spatial_context,corner,0.9287065548682137,fast,0.6573596754602058,corner,slow,True
495.44999999999993,context_wall,spatial_context,corner,0.8998742576505724,slow,0.4834280004260031,corner,slow,True
495.5499999999999,context_wall,spatial_context,wall,0.8833637710691842,fast,0.6074006530289767,corner,fast,True
495.82499999999993,context_wall,spatial_context,corner,0.8421071239933244,slow,0.49001515466551543,corner,slow,True
495.8499999999999,context_wall,spatial_context,corner,0.9559972043416353,slow,0.4908219670579199,corner,slow,True
495.8749999999999,context_wall,spatial_context,corner,0.9409140752578071,fast,0.4571590335452808,corner,slow,True
495.8999999999999,context_wall,spatial_context,corner,0.8882183598398459,slow,0.4728937426599598,corner,slow,True
495.9249999999999,context_wall,spatial_context,corner,0.8841928001796256,slow,0.4207214961604124,corner,slow,True
495.9749999999999,context_wall,spatial_context,wall,0.8121689428989454,fast,0.5085222433803067,corner,fast,True
495.9999999999999,context_wall,spatial_context,wall,0.832258604429931,fast,0.5622201135917798,corner,fast,True
496.0249999999999,context_wall,spatial_context,wall,0.875597744994568,fast,0.49397488165125636,corner,fast,True
496.2749999999999,context_wall,spatial_context,wall,0.8615618882192355,slow,0.4758538895264298,corner,slow,True
496.2999999999999,context_wall,spatial_context,wall,0.8222953701556278,slow,0.48573962118516884,corner,slow,True
496.32499999999993,context_wall,spatial_context,wall,0.8937183760284078,slow,0.4711995962258389,corner,slow,True
496.44999999999993,context_wall,spatial_context,corner,0.9132965807215185,slow,0.4070212086113761,corner,slow,True
496.4999999999999,context_wall,spatial_context,corner,0.8062941920874286,slow,0.46832435448106935,corner,slow,True
496.5499999999999,context_wall,spatial_context,wall,0.8930405437617575,slow,0.48599603505641853,corner,slow,True
496.5999999999999,context_wall,spatial_context,wall,0.897138581418805,fast,0.6344480650489541,corner,fast,True
496.6249999999999,context_wall,spatial_context,wall,0.8176448957976035,fast,0.7035594536940433,corner,fast,True
496.6749999999999,context_wall,spatial_context,wall,0.9142839302980221,fast,0.7804538947436516,wall,fast,True
496.69999999999993,context_wall,spatial_context,wall,0.9715260846620467,fast,0.7623698706867552,wall,fast,True
496.7249999999999,context_wall,spatial_context,wall,0.9506277906502298,fast,0.6151645983610685,wall,fast,True
496.7499999999999,context_wall,spatial_context,wall,0.9121361520150637,fast,0.6001787358243914,wall,fast,True
496.7999999999999,context_wall,spatial_context,corner,0.8048007780906626,fast,0.5042316375576186,wall,fast,True
496.9749999999999,context_wall,spatial_context,wall,0.8543427992283119,fast,0.7728686002165333,wall,fast,True
496.9999999999999,context_wall,spatial_context,wall,0.9011981084922694,fast,0.7513343166932708,wall,fast,True
497.0249999999999,context_wall,spatial_context,wall,0.9289009101622417,fast,0.8233671512138869,wall,fast,True
497.0499999999999,context_wall,spatial_context,wall,0.9272697410261934,fast,0.49051318356972007,wall,fast,True
497.0999999999999,context_wall,spatial_context,corner,0.8657389289593236,fast,0.5218148913836492,wall,slow,True
497.1249999999999,context_wall,spatial_context,corner,0.9191487496073585,fast,0.5000380304539691,wall,slow,True
497.1499999999999,context_wall,spatial_context,corner,0.9041801411931478,fast,0.5570329078795657,wall,slow,True
497.19999999999993,context_wall,spatial_context,wall,0.8244791610915315,fast,0.5386704174238747,wall,slow,True
497.2249999999999,context_wall,spatial_context,wall,0.9713689354142476,slow,0.43048983079497366,wall,slow,True
497.2499999999999,context_wall,spatial_context,wall,0.9659765811813456,slow,0.4866422521619475,wall,slow,True
497.2749999999999,context_wall,spatial_context,wall,0.9316312550701771,slow,0.46642236398493275,wall,slow,True
497.4999999999999,context_wall,spatial_context,wall,0.8361476275899166,slow,0.4108468706777101,wall,still,True
497.5249999999999,context_wall,spatial_context,wall,0.9117050306771526,slow,0.503267333052299,wall,still,True
497.5499999999999,context_wall,spatial_context,wall,0.9233064296857301,slow,0.46580924559899617,wall,still,True
497.57499999999993,context_wall,spatial_context,wall,0.9038161617663905,slow,0.5436709406812137,wall,still,True
497.5999999999999,context_wall,spatial_context,wall,0.9088544787384426,slow,0.484959141415824,wall,still,True
497.6249999999999,context_wall,spatial_context,wall,0.8223286383467674,slow,0.46901597176876947,wall,still,True
497.7499999999999,context_wall,spatial_context,wall,0.8023663727412838,slow,0.4837493377798188,wall,still,True
497.7999999999999,context_wall,spatial_context,wall,0.8290725510701996,still,0.40593581162692216,wall,still,True
497.82499999999993,context_wall,spatial_context,wall,0.8137166628967792,slow,0.45802983926187,wall,still,True
498.0499999999999,context_wall,spatial_context,wall,0.8070036077244274,slow,0.4529752449075993,wall,slow,True
498.1249999999999,context_wall,spatial_context,wall,0.9427556119567473,slow,0.48499356039401925,wall,slow,True
498.1499999999999,context_wall,spatial_context,wall,0.9620875899327896,slow,0.4264165900909833,wall,slow,True
498.1749999999999,context_wall,spatial_context,wall,0.9670387969985192,fast,0.4974068615267228,wall,slow,True
498.19999999999993,context_wall,spatial_context,wall,0.9491694459822636,fast,0.5205600049618626,wall,slow,True
498.2749999999999,context_wall,spatial_context,corner,0.8115396501770851,slow,0.5210048590097973,wall,slow,True
498.3499999999999,context_wall,spatial_context,wall,0.9030498689281545,slow,0.4004696645231357,wall,slow,True
498.3749999999999,context_wall,spatial_context,wall,0.9606505237111056,slow,0.4226483415147944,wall,slow,True
498.3999999999999,context_wall,spatial_context,wall,0.9209501064550846,fast,0.44324104401922865,wall,slow,True
498.4249999999999,context_wall,spatial_context,wall,0.9683510561442691,slow,0.49179963631114043,wall,slow,True
498.44999999999993,context_wall,spatial_context,wall,0.9613177963005205,slow,0.43267282124557616,wall,slow,True
498.4749999999999,context_wall,spatial_context,wall,0.9600479685732637,slow,0.44268382795460876,wall,slow,True
498.6249999999999,context_wall,spatial_context,wall,0.913830299576256,slow,0.5124766126760122,wall,slow,True
498.6499999999999,context_wall,spatial_context,wall,0.8981956195635067,slow,0.5522881574446167,wall,slow,True
498.6749999999999,context_wall,spatial_context,wall,0.9103764320705154,slow,0.5729948419701605,wall,slow,True
498.8749999999999,context_wall,spatial_context,wall,0.9657532126038177,fast,0.6902519818345871,wall,slow,True
498.8999999999999,context_wall,spatial_context,wall,0.9869458955563599,fast,0.6791514089468522,wall,slow,True
498.9249999999999,context_wall,spatial_context,wall,0.9972896450235781,fast,0.6616490512946013,wall,slow,True
498.94999999999993,context_wall,spatial_context,wall,0.996869479407511,fast,0.5111952922231217,wall,slow,True
498.9749999999999,context_wall,spatial_context,wall,0.9811557449541898,slow,0.4497641963353905,wall,slow,True
499.1249999999999,context_wall,spatial_context,wall,0.8103356775454189,slow,0.4796655429674385,wall,slow,True
499.1499999999999,context_wall,spatial_context,wall,0.8162436872216662,slow,0.539731906201334,wall,slow,True
499.1749999999999,context_wall,spatial_context,wall,0.8984754052137912,slow,0.5109654461299002,wall,slow,True
499.19999999999993,context_wall,spatial_context,wall,0.9115463503154607,slow,0.5316847188041288,wall,slow,True
499.2249999999999,context_wall,spatial_context,wall,0.9305344969305591,slow,0.4719101400675975,wall,slow,True
499.3499999999999,context_wall,spatial_context,wall,0.870766529345604,fast,0.46921877937896744,wall,slow,True
499.3749999999999,context_wall,spatial_context,wall,0.9063237043624378,fast,0.6123012259927882,wall,slow,True
499.4249999999999,context_wall,spatial_context,wall,0.8878537247436605,fast,0.5489071675207025,wall,slow,True
499.5249999999999,context_wall,spatial_context,corner,0.8883484318347055,fast,0.5215772749145716,wall,fast,True
499.57499999999993,context_wall,spatial_context,corner,0.8408847447840679,fast,0.5448469751673769,wall,fast,True
499.6249999999999,context_wall,spatial_context,wall,0.8832678293833424,slow,0.413234799097732,wall,fast,True
499.6499999999999,context_wall,spatial_context,wall,0.9861152277973217,fast,0.5941699888851839,wall,fast,True
499.6749999999999,context_wall,spatial_context,wall,0.9888656683506917,fast,0.7285809562962374,wall,fast,True
499.69999999999993,context_wall,spatial_context,wall,0.9190549445279642,fast,0.6099280270078468,wall,fast,True
499.7249999999999,context_wall,spatial_context,wall,0.9900776838445411,fast,0.6569487069632229,wall,fast,True
499.7499999999999,context_wall,spatial_context,wall,0.983616154291107,fast,0.6637952815727377,wall,fast,True
499.7749999999999,context_wall,spatial_context,wall,0.8764430625774772,fast,0.5042722551975067,wall,fast,True
499.7999999999999,context_wall,spatial_context,wall,0.8561875949115367,fast,0.552881862597788,center,fast,False
499.82499999999993,context_wall,spatial_context,wall,0.8778552952636829,fast,0.5411713170321004,center,fast,False
499.8499999999999,context_wall,spatial_context,wall,0.9180622352476031,slow,0.5416137041707476,center,fast,False
499.8749999999999,context_wall,spatial_context,wall,0.9556883616468399,slow,0.4588369619034798,center,fast,False
499.8999999999999,context_wall,spatial_context,wall,0.9399227821594882,fast,0.6758842156037145,center,fast,False
499.9249999999999,context_wall,spatial_context,wall,0.9510545831595774,fast,0.7774155214860152,center,fast,False
500.1749999999999,context_wall,spatial_context,wall,0.8108343877585804,fast,0.6694331143257464,center,fast,False
500.2499999999999,context_wall,spatial_context,wall,0.862619498663069,fast,0.650756345527157,center,fast,False
500.2999999999999,context_wall,spatial_context,wall,0.8283266359191593,fast,0.6860526025598278,center,slow,False
500.32499999999993,context_wall,spatial_context,wall,0.9403220099610105,fast,0.7769809533711326,center,slow,False
500.3499999999999,context_wall,spatial_context,wall,0.8628552349367219,fast,0.5175628354290566,center,fast,False
500.6749999999999,context_wall,spatial_context,wall,0.9279952325934737,fast,0.8234016314570581,center,fast,False
500.69999999999993,context_wall,spatial_context,wall,0.8822240887274394,fast,0.7510249479994491,center,fast,False
500.7249999999999,context_wall,spatial_context,wall,0.8351158429768915,fast,0.6009158406085385,center,fast,False
502.8999999999999,context_wall,spatial_context,wall,0.8706296868922397,slow,0.4858757093723156,center,slow,False
502.94999999999993,context_wall,spatial_context,wall,0.917918344290765,still,0.5573670078338554,center,slow,False
502.9749999999999,context_wall,spatial_context,wall,0.8970934534298471,still,0.44894195509509593,center,slow,False
504.9249999999999,context_wall,spatial_context,wall,0.8034017904509893,slow,0.46466745449614855,corner,slow,True
504.94999999999993,context_wall,spatial_context,wall,0.930761861209901,slow,0.4865106787939047,corner,slow,True
504.9999999999999,context_wall,spatial_context,wall,0.9000101557530029,slow,0.4891608559592484,corner,slow,True
505.1499999999999,context_wall,spatial_context,corner,0.9083429985136047,fast,0.6620924576595931,corner,fast,True
505.3999999999999,context_wall,spatial_context,corner,0.8676685628550327,fast,0.608973520299757,corner,fast,True
505.44999999999993,context_wall,spatial_context,corner,0.8297707596838345,fast,0.8012531020665935,corner,fast,True
505.4749999999999,context_wall,spatial_context,corner,0.9655671025958208,fast,0.6269619818730149,corner,fast,True
505.4999999999999,context_wall,spatial_context,corner,0.9699229203374772,fast,0.5516026576672026,corner,fast,True
505.5249999999999,context_wall,spatial_context,corner,0.9870149565708716,fast,0.4841381063952312,corner,fast,True
505.5499999999999,context_wall,spatial_context,corner,0.988680439995831,fast,0.46054812358520214,corner,fast,True
505.57499999999993,context_wall,spatial_context,corner,0.9589663168553264,fast,0.6174270132155625,corner,fast,True
505.5999999999999,context_wall,spatial_context,corner,0.9078387925612903,fast,0.6694208726743704,corner,slow,True
505.6249999999999,context_wall,spatial_context,corner,0.8021595610049779,fast,0.5558088091359528,corner,slow,True
505.69999999999993,context_wall,spatial_context,corner,0.8392170433499385,slow,0.47813492311779965,corner,slow,True
505.82499999999993,context_wall,spatial_context,corner,0.8309240637305338,slow,0.4620996056307056,corner,slow,True
505.8499999999999,context_wall,spatial_context,corner,0.8568224588429608,slow,0.4397127045080251,corner,slow,True
505.8749999999999,context_wall,spatial_context,corner,0.9830888073809307,slow,0.47060151023130564,corner,slow,True
505.8999999999999,context_wall,spatial_context,corner,0.9716600343352652,still,0.6726996198881687,corner,slow,True
505.9249999999999,context_wall,spatial_context,corner,0.9316383962575127,still,0.5007238757201723,corner,slow,True
505.94999999999993,context_wall,spatial_context,corner,0.9359627568119744,still,0.41834744366126025,corner,slow,True
506.0999999999999,context_wall,spatial_context,corner,0.8125713828904101,still,0.4417748116317859,corner,slow,True
506.1249999999999,context_wall,spatial_context,corner,0.8732584044829926,still,0.6236313275622735,corner,slow,True
506.1499999999999,context_wall,spatial_context,corner,0.9601348011097551,still,0.6863138383440339,corner,slow,True
506.1749999999999,context_wall,spatial_context,corner,0.9831837406672471,still,0.6294180221497735,corner,slow,True
506.19999999999993,context_wall,spatial_context,corner,0.9824591004231612,still,0.6089963315215854,corner,slow,True
506.2249999999999,context_wall,spatial_context,corner,0.9919375195146531,still,0.6685386446290219,corner,slow,True
506.2499999999999,context_wall,spatial_context,corner,0.993780949177967,slow,0.42003087731297256,corner,slow,True
506.2749999999999,context_wall,spatial_context,corner,0.9975963237160074,slow,0.4413990366056905,corner,slow,True
506.2999999999999,context_wall,spatial_context,corner,0.9922447598149464,slow,0.5057798671964303,corner,slow,True
506.32499999999993,context_wall,spatial_context,corner,0.9886115168729783,slow,0.4583570315414358,corner,slow,True
506.3499999999999,context_wall,spatial_context,corner,0.9580313163857489,slow,0.48264544401985804,corner,slow,True
506.3749999999999,context_wall,spatial_context,corner,0.9355170474496404,slow,0.48110144505518504,corner,slow,True
506.3999999999999,context_wall,spatial_context,corner,0.9689067903888684,slow,0.4866873000863963,corner,slow,True
506.4249999999999,context_wall,spatial_context,corner,0.9921507348233722,slow,0.5017245778962374,corner,slow,True
506.44999999999993,context_wall,spatial_context,corner,0.9875169276900316,slow,0.4591266344373291,corner,slow,True
506.4749999999999,context_wall,spatial_context,corner,0.9735282679083472,slow,0.4975389795180603,corner,slow,True
506.4999999999999,context_wall,spatial_context,corner,0.8810492015050242,slow,0.43162894814648206,corner,slow,True
506.6499999999999,context_wall,spatial_context,corner,0.8416078172014373,slow,0.44563707106084394,corner,fast,True
506.69999999999993,context_wall,spatial_context,corner,0.8534320466279213,slow,0.44866258468691733,corner,fast,True
506.7249999999999,context_wall,spatial_context,corner,0.9201485147814571,slow,0.4526741219804446,corner,fast,True
506.7499999999999,context_wall,spatial_context,corner,0.8617162884937865,slow,0.4443603544812579,corner,fast,True
506.7749999999999,context_wall,spatial_context,corner,0.9352685028318857,fast,0.49350792471352506,corner,fast,True
506.7999999999999,context_wall,spatial_context,corner,0.8776965268206106,fast,0.5566077352128027,corner,fast,True
506.82499999999993,context_wall,spatial_context,corner,0.9715223280620575,slow,0.49767950325525523,corner,fast,True
506.8499999999999,context_wall,spatial_context,corner,0.8841980461506209,fast,0.6312918420530801,corner,fast,True
506.8749999999999,context_wall,spatial_context,corner,0.8782502684570276,fast,0.5782949766449957,corner,fast,True
506.9249999999999,context_wall,spatial_context,corner,0.8294482301783097,fast,0.537230852372271,corner,fast,True
506.9749999999999,context_wall,spatial_context,corner,0.9269791668158692,fast,0.683834970665675,corner,fast,True
506.9999999999999,context_wall,spatial_context,corner,0.95707342701446,fast,0.6531860392916892,corner,fast,True
507.0249999999999,context_wall,spatial_context,corner,0.8464897774082927,fast,0.754366175563355,corner,fast,True
507.0499999999999,context_wall,spatial_context,corner,0.9599108783571598,fast,0.7808394517330044,corner,fast,True
507.07499999999993,context_wall,spatial_context,corner,0.8251671971572266,fast,0.6663145824576481,corner,fast,True
507.0999999999999,context_wall,spatial_context,corner,0.8264973898978459,fast,0.6595012021109848,corner,fast,True
507.1249999999999,context_wall,spatial_context,corner,0.8366927209269981,fast,0.7404019096511155,corner,fast,True
507.1499999999999,context_wall,spatial_context,corner,0.806790591661745,fast,0.5479429742574198,corner,fast,True
507.1749999999999,context_wall,spatial_context,corner,0.974764830623484,fast,0.6726581041518629,corner,fast,True
507.19999999999993,context_wall,spatial_context,corner,0.9516501970274093,fast,0.6123718553957965,corner,fast,True
507.2249999999999,context_wall,spatial_context,corner,0.9641701505505146,fast,0.5555206314944738,corner,fast,True
507.2499999999999,context_wall,spatial_context,corner,0.9272108976918394,fast,0.5964918354927174,corner,fast,True
507.3749999999999,context_wall,spatial_context,corner,0.8684561885321486,fast,0.6591352268963664,corner,fast,True
507.3999999999999,context_wall,spatial_context,corner,0.9720910338671903,fast,0.5060566316580892,corner,fast,True
507.4249999999999,context_wall,spatial_context,corner,0.9842085634022356,slow,0.44914068315836525,corner,fast,True
507.44999999999993,context_wall,spatial_context,corner,0.9969255423120685,fast,0.5002135352193473,corner,fast,True
507.4749999999999,context_wall,spatial_context,corner,0.9983594173863526,fast,0.675653512034011,corner,fast,True
507.4999999999999,context_wall,spatial_context,corner,0.9880867141944636,fast,0.6152466599085293,corner,fast,True
507.5249999999999,context_wall,spatial_context,corner,0.984471173019293,fast,0.6885617052987401,corner,fast,True
507.5499999999999,context_wall,spatial_context,corner,0.9639139871610799,fast,0.6445981670464801,corner,fast,True
507.57499999999993,context_wall,spatial_context,corner,0.9568859281973776,fast,0.727351085734849,corner,fast,True
507.5999999999999,context_wall,spatial_context,corner,0.9660528296640428,fast,0.7592269488849581,corner,fast,True
507.6249999999999,context_wall,spatial_context,corner,0.9245797455226309,fast,0.7396957687172635,corner,fast,True
507.7249999999999,context_wall,spatial_context,corner,0.8055524976461677,slow,0.43759219604582694,corner,slow,True
507.7499999999999,context_wall,spatial_context,corner,0.9786936409426713,slow,0.41634339850157714,corner,slow,True
507.7749999999999,context_wall,spatial_context,corner,0.9968520758055032,slow,0.4988491330753838,corner,slow,True
507.7999999999999,context_wall,spatial_context,corner,0.9989620796069669,slow,0.5195149252882875,corner,slow,True
507.82499999999993,context_wall,spatial_context,corner,0.9975785762383705,slow,0.459092909867876,corner,slow,True
507.8499999999999,context_wall,spatial_context,corner,0.997469493793913,slow,0.46445097209569325,corner,fast,True
507.8749999999999,context_wall,spatial_context,corner,0.9870985613891905,slow,0.45147040529503857,corner,fast,True
507.8999999999999,context_wall,spatial_context,corner,0.9832080624716706,slow,0.4659561922277122,corner,fast,True
507.9249999999999,context_wall,spatial_context,corner,0.9123719962191159,fast,0.46107309535646884,corner,fast,True
508.1499999999999,context_wall,spatial_context,corner,0.9344556982278176,fast,0.5205347447121575,corner,fast,True
508.1749999999999,context_wall,spatial_context,corner,0.970099322453328,slow,0.4598805402867223,corner,fast,True
508.19999999999993,context_wall,spatial_context,corner,0.9902412139253265,fast,0.521021032118352,corner,slow,True
508.2249999999999,context_wall,spatial_context,corner,0.9970095995276376,fast,0.5464265746348866,corner,slow,True
508.2499999999999,context_wall,spatial_context,corner,0.9867475124523571,slow,0.46866036945033424,corner,slow,True
508.44999999999993,context_wall,spatial_context,corner,0.903034295479516,fast,0.6585408136383905,corner,slow,True
508.4749999999999,context_wall,spatial_context,corner,0.8878383745728082,fast,0.5354188981316031,corner,slow,True
508.57499999999993,context_wall,spatial_context,corner,0.9275524937288052,slow,0.4814325162127991,corner,fast,True
508.5999999999999,context_wall,spatial_context,corner,0.9828573628074329,slow,0.45149798315010836,corner,slow,True
508.6249999999999,context_wall,spatial_context,corner,0.893869580532991,slow,0.4301520662923415,corner,slow,True
508.7249999999999,context_wall,spatial_context,corner,0.8299151392895852,slow,0.4902025876086084,corner,fast,True
508.7499999999999,context_wall,spatial_context,corner,0.8325616645528571,slow,0.4654455727054866,corner,fast,True
508.82499999999993,context_wall,spatial_context,corner,0.9630162235483746,fast,0.5588852907433278,corner,fast,True
508.8499999999999,context_wall,spatial_context,corner,0.9860596184600371,fast,0.5814991615499066,corner,fast,True
508.8749999999999,context_wall,spatial_context,corner,0.9792489418376406,fast,0.6488069725995581,corner,fast,True
508.8999999999999,context_wall,spatial_context,corner,0.9772233791797243,fast,0.6451960376880241,corner,fast,True
508.9249999999999,context_wall,spatial_context,corner,0.9073821333954696,fast,0.6265233009108934,corner,fast,True
508.9749999999999,context_wall,spatial_context,corner,0.9003481359004888,fast,0.6233862342424598,corner,slow,True
508.9999999999999,context_wall,spatial_context,corner,0.9747895492272439,fast,0.6039505298420462,corner,slow,True
509.0249999999999,context_wall,spatial_context,corner,0.9907431503381149,fast,0.6084077757259879,corner,slow,True
509.0499999999999,context_wall,spatial_context,corner,0.9978627975915833,slow,0.496545529154421,corner,slow,True
509.07499999999993,context_wall,spatial_context,corner,0.9912622835447705,slow,0.47023917044584285,corner,slow,True
509.0999999999999,context_wall,spatial_context,corner,0.9284306130974993,fast,0.5324142630725833,corner,slow,True
509.1749999999999,context_wall,spatial_context,corner,0.8171164654260603,still,0.48506177866803896,corner,slow,True
509.19999999999993,context_wall,spatial_context,corner,0.9334267453076962,slow,0.4786971241588091,corner,slow,True
509.2249999999999,context_wall,spatial_context,corner,0.9608323325208145,slow,0.5220961125584876,corner,slow,True
509.2499999999999,context_wall,spatial_context,corner,0.8391372275797996,slow,0.5246755358730644,corner,slow,True
509.2749999999999,context_wall,spatial_context,corner,0.9315105083398731,slow,0.5872291629479727,corner,slow,True
509.4249999999999,context_wall,spatial_context,corner,0.8111120083904781,slow,0.41031694673399166,corner,slow,True
509.44999999999993,context_wall,spatial_context,corner,0.9639370437395531,slow,0.42295429780759686,corner,slow,True
509.4749999999999,context_wall,spatial_context,corner,0.9750322205168583,slow,0.4337997223970566,corner,slow,True
509.4999999999999,context_wall,spatial_context,corner,0.9249819524977886,slow,0.4167214137995031,corner,fast,True
509.7249999999999,context_wall,spatial_context,corner,0.9240440536292207,slow,0.457291348958325,corner,fast,True
509.7999999999999,context_wall,spatial_context,corner,0.8584053350827011,slow,0.43928787962907817,corner,slow,True
509.8749999999999,context_wall,spatial_context,corner,0.8553625019000441,still,0.48339983770257483,corner,slow,True
510.0249999999999,context_wall,spatial_context,corner,0.9509800050020032,slow,0.47158561975425106,corner,still,True
510.0499999999999,context_wall,spatial_context,corner,0.9574533033507058,still,0.5179386680052401,corner,still,True
510.07499999999993,context_wall,spatial_context,corner,0.9484914759084287,slow,0.4488875655194811,corner,still,True
510.0999999999999,context_wall,spatial_context,corner,0.9153773734921715,slow,0.46332095273217355,corner,still,True
510.1249999999999,context_wall,spatial_context,corner,0.9333690190411547,slow,0.3989309705045484,corner,still,True
510.1499999999999,context_wall,spatial_context,corner,0.8562825137987748,slow,0.3957928574413873,corner,slow,True
510.1749999999999,context_wall,spatial_context,corner,0.9434379047372302,slow,0.4629623301308369,corner,slow,True
510.19999999999993,context_wall,spatial_context,corner,0.9392645265738477,slow,0.4386541230190168,corner,slow,True
510.2249999999999,context_wall,spatial_context,corner,0.9885352125905721,slow,0.5109217385940461,corner,slow,True
510.2499999999999,context_wall,spatial_context,corner,0.989268911816238,slow,0.5529972003897464,corner,slow,True
510.2749999999999,context_wall,spatial_context,corner,0.9968780782593833,slow,0.4824502542876643,corner,slow,True
510.2999999999999,context_wall,spatial_context,corner,0.9905663803614608,slow,0.48341375576953816,corner,slow,True
510.32499999999993,context_wall,spatial_context,corner,0.8331203644926651,slow,0.46239704176280094,corner,slow,True
510.3499999999999,context_wall,spatial_context,corner,0.8654412490664802,slow,0.4304082436416033,corner,slow,True
510.4249999999999,context_wall,spatial_context,corner,0.9200032026308872,slow,0.4221190012375089,corner,fast,True
510.44999999999993,context_wall,spatial_context,corner,0.9745095376107299,slow,0.5172382993609799,corner,fast,True
510.4749999999999,context_wall,spatial_context,corner,0.9930938680453891,slow,0.4856822064993708,corner,fast,True
510.4999999999999,context_wall,spatial_context,corner,0.983812374403045,slow,0.504563471739948,corner,slow,True
510.5249999999999,context_wall,spatial_context,corner,0.9210332051467598,fast,0.507149116281119,corner,slow,True
510.69999999999993,context_wall,spatial_context,corner,0.9014216192915323,fast,0.4681151408808732,corner,fast,True
510.82499999999993,context_wall,spatial_context,corner,0.8575087713428748,fast,0.5016931989389178,corner,slow,True
510.8749999999999,context_wall,spatial_context,corner,0.8365635675920287,slow,0.4991279706243632,corner,fast,True
510.8999999999999,context_wall,spatial_context,corner,0.8628907645764018,slow,0.3808190862923586,corner,fast,True
510.9249999999999,context_wall,spatial_context,corner,0.943594820159561,still,0.38049508337920585,corner,fast,True
510.94999999999993,context_wall,spatial_context,corner,0.9705204854325108,slow,0.39353362450720863,corner,slow,True
510.9749999999999,context_wall,spatial_context,corner,0.9862422132096352,slow,0.40679506781715324,corner,slow,True
510.9999999999999,context_wall,spatial_context,corner,0.915944121687941,fast,0.4987158822656984,corner,slow,True
511.07499999999993,context_wall,spatial_context,wall,0.9809845558238063,slow,0.4526525538291387,corner,slow,True
511.0999999999999,context_wall,spatial_context,wall,0.9654785546352862,slow,0.5033432344185673,corner,slow,True
511.1249999999999,context_wall,spatial_context,wall,0.9870166743194883,slow,0.46388356926495594,corner,slow,True
511.1499999999999,context_wall,spatial_context,wall,0.9704546895224314,slow,0.4250397411681716,corner,slow,True
511.1749999999999,context_wall,spatial_context,wall,0.9846099815708826,slow,0.5055301921325321,corner,slow,True
511.19999999999993,context_wall,spatial_context,wall,0.9971560431587065,still,0.4602150338604766,wall,slow,True
511.2249999999999,context_wall,spatial_context,wall,0.9149044901159811,slow,0.4318615554485545,wall,slow,True
511.2499999999999,context_wall,spatial_context,wall,0.9062300700025026,slow,0.39602073890718115,wall,slow,True
511.2749999999999,context_wall,spatial_context,wall,0.9507114080445607,slow,0.41169423999446875,wall,slow,True
511.2999999999999,context_wall,spatial_context,wall,0.8351733698097893,slow,0.4290796173402823,wall,slow,True
511.32499999999993,context_wall,spatial_context,wall,0.9302373184530274,slow,0.44998456894311956,wall,slow,True
511.3499999999999,context_wall,spatial_context,wall,0.9589460761909335,fast,0.45159154965223913,wall,slow,True
511.3749999999999,context_wall,spatial_context,wall,0.90066586385607,fast,0.4681051732077173,wall,slow,True
511.4249999999999,context_wall,spatial_context,corner,0.8081074067784181,slow,0.4521854235718866,wall,slow,True
511.44999999999993,context_wall,spatial_context,corner,0.9552124778045876,slow,0.45604188368022436,wall,slow,True
511.4749999999999,context_wall,spatial_context,corner,0.9620110362851964,slow,0.45764095205070826,wall,slow,True
511.5499999999999,context_wall,spatial_context,corner,0.8072080292979942,fast,0.5765724508239635,wall,slow,True
511.57499999999993,context_wall,spatial_context,corner,0.8554962946145306,fast,0.5869690576916038,wall,slow,True
511.6249999999999,context_wall,spatial_context,wall,0.9346603791380762,fast,0.6576230668397309,wall,slow,True
511.6499999999999,context_wall,spatial_context,wall,0.986406764746903,fast,0.6504877675898981,wall,fast,True
511.6749999999999,context_wall,spatial_context,wall,0.9991370484827472,fast,0.576865805247105,wall,fast,True
511.69999999999993,context_wall,spatial_context,wall,0.9720373684828113,fast,0.6010544053261703,wall,slow,True
511.7249999999999,context_wall,spatial_context,wall,0.9895115930935134,fast,0.6099157935279462,wall,slow,True
511.7499999999999,context_wall,spatial_context,wall,0.9733043679599729,fast,0.686463289176577,wall,fast,True
511.8499999999999,context_wall,spatial_context,wall,0.8439065320829277,fast,0.4873525306445565,wall,slow,True
511.8749999999999,context_wall,spatial_context,wall,0.9744442497266932,slow,0.4490258610763338,wall,slow,True
511.8999999999999,context_wall,spatial_context,wall,0.9029913463151346,fast,0.4756762822975195,wall,slow,True
511.9249999999999,context_wall,spatial_context,wall,0.9235341365535558,fast,0.6095642770208048,wall,slow,True
511.94999999999993,context_wall,spatial_context,wall,0.8645313239909811,fast,0.6786315925083083,wall,slow,True
511.9999999999999,context_wall,spatial_context,wall,0.8544271477293589,fast,0.6430241725907009,wall,slow,True
512.0249999999999,context_wall,spatial_context,wall,0.8116901565307401,fast,0.624330674809355,wall,slow,True
512.1249999999999,context_wall,spatial_context,wall,0.8011243643994025,fast,0.7560609215127279,wall,fast,True
512.2249999999999,context_wall,spatial_context,wall,0.9691799797114173,fast,0.48511012126012554,wall,fast,True
512.2499999999999,context_wall,spatial_context,wall,0.9953063815017456,fast,0.6281820247360264,wall,fast,True
512.2749999999999,context_wall,spatial_context,wall,0.918118631612053,fast,0.6861857706718559,wall,fast,True
512.3,context_wall,spatial_context,wall,0.941039025888064,fast,0.7702589100339956,wall,fast,True
512.3499999999999,context_wall,spatial_context,wall,0.8270211233291253,fast,0.5718498488849877,wall,fast,True
512.5249999999999,context_wall,spatial_context,wall,0.9084125775896217,fast,0.7262335902089774,center,fast,False
512.675,context_wall,spatial_context,wall,0.9007530338958315,slow,0.5017739317988156,center,slow,False
512.8,context_wall,spatial_context,wall,0.8407855167533612,fast,0.6308150738781917,center,fast,False
512.8249999999999,context_wall,spatial_context,wall,0.9162249642881883,fast,0.5275305418019929,center,fast,False
513.0249999999999,context_wall,spatial_context,wall,0.8498638898341658,fast,0.5567995578148498,center,fast,False
513.0749999999999,context_wall,spatial_context,wall,0.9298104999484942,fast,0.5138427391715412,center,fast,False
513.0999999999999,context_wall,spatial_context,wall,0.9791727868922068,fast,0.4901168264416571,center,fast,False
513.1249999999999,context_wall,spatial_context,wall,0.8239666766759762,fast,0.5073580027305763,center,fast,False
513.2749999999999,context_wall,spatial_context,wall,0.8899788381357092,fast,0.4835484888060377,center,slow,False
513.3,context_wall,spatial_context,wall,0.9578781354839102,slow,0.471901069457774,center,slow,False
513.5999999999999,context_wall,spatial_context,wall,0.8210667639069392,still,0.39755855507873555,center,slow,False
513.6249999999999,context_wall,spatial_context,wall,0.819634051701739,fast,0.48617396816708264,center,slow,False
513.7749999999999,context_wall,spatial_context,wall,0.9134150891855533,slow,0.40664543734880665,center,slow,False
513.8249999999999,context_wall,spatial_context,wall,0.9744795083650593,slow,0.4403651386029198,center,slow,False
513.8499999999999,context_wall,spatial_context,wall,0.9956928489454329,fast,0.44359620931404614,center,slow,False
513.8749999999999,context_wall,spatial_context,wall,0.9898342886077602,slow,0.433450339197584,center,slow,False
513.8999999999999,context_wall,spatial_context,wall,0.9957423661256424,slow,0.44236132121374505,center,slow,False
514.8499999999999,context_wall,spatial_context,wall,0.8897719801484035,slow,0.5206308772834243,center,slow,False
514.8749999999999,context_wall,spatial_context,wall,0.9132693333930494,slow,0.4412668241456763,center,slow,False
515.1499999999999,context_wall,spatial_context,wall,0.9481656659034883,slow,0.46101685338415194,center,still,False
515.175,context_wall,spatial_context,wall,0.9543485877381578,slow,0.481533989039193,center,still,False
516.3499999999999,context_wall,spatial_context,wall,0.8223797484979191,slow,0.444881340522,center,slow,False
516.425,context_wall,spatial_context,wall,0.8423519495954723,fast,0.4872712704133844,center,slow,False
516.8,context_wall,spatial_context,wall,0.9531385754038932,fast,0.6121333418178372,center,fast,False
517.1249999999999,context_wall,spatial_context,wall,0.9420440658088624,fast,0.5927522587045922,center,slow,False
517.1499999999999,context_wall,spatial_context,wall,0.9108907241707166,fast,0.6412691589267004,center,slow,False
517.175,context_wall,spatial_context,wall,0.8965519037870617,fast,0.5809189573562258,center,slow,False
517.1999999999999,context_wall,spatial_context,wall,0.8878168526965629,slow,0.5399590402968909,center,slow,False
517.425,context_wall,spatial_context,wall,0.8492184810355676,fast,0.4146614599961574,center,slow,False
517.4749999999999,context_wall,spatial_context,wall,0.9907729835405565,slow,0.41981953585865667,center,slow,False
517.4999999999999,context_wall,spatial_context,wall,0.8140722921048257,slow,0.402562894687979,center,slow,False
517.5249999999999,context_wall,spatial_context,wall,0.9349268800703713,fast,0.48811877747692833,center,slow,False
517.55,context_wall,spatial_context,wall,0.9677817584403862,fast,0.6382223144016519,center,slow,False
517.6999999999999,context_wall,spatial_context,wall,0.9399243983134195,fast,0.48097077752817796,wall,slow,True
517.7249999999999,context_wall,spatial_context,wall,0.9396478872276014,slow,0.44763040297328394,wall,slow,True
517.7499999999999,context_wall,spatial_context,wall,0.9295687204387145,slow,0.4771786916474114,wall,slow,True
517.7749999999999,context_wall,spatial_context,wall,0.964038793432729,still,0.5467676101073499,wall,slow,True
517.8499999999999,context_wall,spatial_context,wall,0.8646149677333862,fast,0.5614961215475485,wall,fast,True
517.8749999999999,context_wall,spatial_context,wall,0.887095668633395,fast,0.6158739659124138,wall,fast,True
517.8999999999999,context_wall,spatial_context,wall,0.9029162254768757,fast,0.6739857805432611,wall,fast,True
517.925,context_wall,spatial_context,wall,0.9548559002221492,fast,0.631452886697145,wall,fast,True
517.9499999999999,context_wall,spatial_context,wall,0.9689657231348404,fast,0.6034348052879228,wall,fast,True
517.9749999999999,context_wall,spatial_context,wall,0.9746144689398154,fast,0.5685334484444371,wall,fast,True
517.9999999999999,context_wall,spatial_context,wall,0.9135130075430338,slow,0.46062439661177634,wall,fast,True
518.0249999999999,context_wall,spatial_context,wall,0.9380753482914792,slow,0.42189390278982813,wall,fast,True
518.05,context_wall,spatial_context,wall,0.9464513849634044,slow,0.4674238438109549,wall,fast,True
518.1249999999999,context_wall,spatial_context,wall,0.8732239113632123,fast,0.5931616840364646,wall,fast,True
518.1499999999999,context_wall,spatial_context,wall,0.8088161728866521,fast,0.6946787457202706,wall,fast,True
518.175,context_wall,spatial_context,wall,0.9808601134344868,fast,0.6356363785215303,wall,fast,True
518.1999999999999,context_wall,spatial_context,wall,0.9550410360718552,fast,0.6936272128405331,wall,fast,True
518.2249999999999,context_wall,spatial_context,wall,0.8781438140139441,fast,0.7221714460598482,wall,fast,True
518.2499999999999,context_wall,spatial_context,wall,0.8194085196256375,fast,0.623425194873544,wall,fast,True
518.3749999999999,context_wall,spatial_context,wall,0.9157502620735478,fast,0.6302734429426868,wall,fast,True
518.3999999999999,context_wall,spatial_context,wall,0.8893659672084157,fast,0.642886800348011,wall,fast,True
518.425,context_wall,spatial_context,wall,0.8963733687505283,fast,0.5794987508890121,wall,fast,True
518.55,context_wall,spatial_context,corner,0.856511067455828,fast,0.5318817465601744,wall,slow,True
518.675,context_wall,spatial_context,wall,0.8197185633818957,slow,0.501304023870691,wall,slow,True
518.6999999999999,context_wall,spatial_context,wall,0.9361738383744863,slow,0.44243723882232017,wall,slow,True
518.7249999999999,context_wall,spatial_context,wall,0.9153742773334432,fast,0.3931710860228923,wall,slow,True
518.7499999999999,context_wall,spatial_context,wall,0.9758544497413086,still,0.4788910552390563,wall,fast,True
518.7749999999999,context_wall,spatial_context,wall,0.8992562361152302,slow,0.4359896060241095,wall,fast,True
518.8249999999999,context_wall,spatial_context,wall,0.9728767476806262,slow,0.4686828800714781,wall,fast,True
518.8499999999999,context_wall,spatial_context,wall,0.895832912962734,slow,0.44908389457894915,wall,fast,True
518.8749999999999,context_wall,spatial_context,wall,0.9380475628040775,slow,0.3956938850987182,wall,fast,True
518.8999999999999,context_wall,spatial_context,wall,0.9663813186893145,slow,0.4634164848071365,wall,fast,True
518.925,context_wall,spatial_context,wall,0.9335140597776834,slow,0.3704467241384996,wall,fast,True
518.9499999999999,context_wall,spatial_context,wall,0.9571766990501395,fast,0.5484625213875901,wall,fast,True
518.9749999999999,context_wall,spatial_context,wall,0.9755288801126091,fast,0.7799928699536716,wall,fast,True
518.9999999999999,context_wall,spatial_context,wall,0.9611778430738641,fast,0.7929330514325892,wall,slow,True
519.0249999999999,context_wall,spatial_context,wall,0.8487567758451801,fast,0.7670609291833241,wall,slow,True
519.1499999999999,context_wall,spatial_context,wall,0.9249644424257462,slow,0.47407778820843993,wall,fast,True
519.175,context_wall,spatial_context,wall,0.9778547404411667,slow,0.4788068581903581,wall,fast,True
519.1999999999999,context_wall,spatial_context,wall,0.9610369495738453,slow,0.49247847510016535,wall,fast,True
519.2249999999999,context_wall,spatial_context,wall,0.9619642203744116,slow,0.5148497236881819,wall,fast,True
519.2499999999999,context_wall,spatial_context,wall,0.9241644436823097,slow,0.404712833450773,wall,fast,True
519.2749999999999,context_wall,spatial_context,wall,0.8714376342422759,slow,0.4624824239749997,wall,fast,True
519.3,context_wall,spatial_context,wall,0.968984910258081,fast,0.650130523754501,wall,slow,True
519.3249999999999,context_wall,spatial_context,wall,0.9518953484938772,fast,0.6982622673600217,wall,slow,True
519.3499999999999,context_wall,spatial_context,wall,0.920414991381803,fast,0.5781955994931572,wall,slow,True
519.3749999999999,context_wall,spatial_context,wall,0.8553536140856658,fast,0.571353742903506,wall,slow,True
519.3999999999999,context_wall,spatial_context,wall,0.9718311938799301,slow,0.43471657193865304,wall,slow,True
519.425,context_wall,spatial_context,wall,0.9897592875294404,still,0.41385544278967756,wall,slow,True
519.4499999999999,context_wall,spatial_context,wall,0.9909778834289966,slow,0.439600808952515,wall,slow,True
519.4749999999999,context_wall,spatial_context,wall,0.9862884318377011,slow,0.492352587416766,wall,slow,True
519.4999999999999,context_wall,spatial_context,wall,0.9824576702040068,slow,0.44971484796020644,wall,slow,True
519.5249999999999,context_wall,spatial_context,wall,0.95480668729622,slow,0.47476180970617643,wall,slow,True
519.55,context_wall,spatial_context,wall,0.9669650314831225,slow,0.44224919497464127,wall,slow,True
519.5749999999999,context_wall,spatial_context,wall,0.8737416438376212,slow,0.5203724526315667,wall,slow,True
519.5999999999999,context_wall,spatial_context,wall,0.8437110155784487,slow,0.5092924206921465,wall,slow,True
519.6249999999999,context_wall,spatial_context,wall,0.8040509274425883,slow,0.43514477358401765,wall,slow,True
519.6499999999999,context_wall,spatial_context,wall,0.8840854268318811,slow,0.4431682958812307,wall,slow,True
519.675,context_wall,spatial_context,wall,0.8749457253071551,slow,0.4169338695095157,wall,slow,True
519.6999999999999,context_wall,spatial_context,wall,0.8559702156014278,slow,0.39302708153401583,wall,slow,True
519.7249999999999,context_wall,spatial_context,wall,0.9288231500241192,fast,0.47845573889749154,wall,slow,True
519.7499999999999,context_wall,spatial_context,wall,0.8012516099968687,slow,0.4760146169307483,wall,slow,True
519.9999999999999,context_wall,spatial_context,wall,0.8203859964537534,slow,0.4519515559995866,wall,fast,True
520.425,context_wall,spatial_context,wall,0.811671018061184,fast,0.5088323271355268,wall,fast,True
520.4499999999999,context_wall,spatial_context,wall,0.8825077043780284,fast,0.49793708917106366,wall,fast,True
520.4749999999999,context_wall,spatial_context,wall,0.9255972665639167,fast,0.6225767592948703,wall,fast,True
520.4999999999999,context_wall,spatial_context,wall,0.9090131326054015,fast,0.5875015331556093,wall,fast,True
520.6249999999999,context_wall,spatial_context,wall,0.8115320231479615,fast,0.5004529359500548,wall,fast,True
520.6499999999999,context_wall,spatial_context,wall,0.821331887619106,fast,0.5222349900210382,wall,fast,True
520.6999999999999,context_wall,spatial_context,corner,0.8915090052386094,fast,0.6063968459514901,wall,fast,True
520.7249999999999,context_wall,spatial_context,corner,0.8639704113619092,fast,0.7024771747878404,wall,fast,True
520.7749999999999,context_wall,spatial_context,wall,0.9912561217287145,fast,0.6832923094508411,wall,fast,True
520.8,context_wall,spatial_context,wall,0.9798829823276805,fast,0.6896989195374643,wall,fast,True
520.8249999999999,context_wall,spatial_context,wall,0.9746951991291668,fast,0.6304148530352459,wall,fast,True
520.8499999999999,context_wall,spatial_context,wall,0.928399166457176,fast,0.5571753845715112,wall,fast,True
520.8749999999999,context_wall,spatial_context,wall,0.8943888689556322,slow,0.4597912824694195,wall,fast,True
520.8999999999999,context_wall,spatial_context,wall,0.9078118736479092,fast,0.581745387614378,wall,fast,True
520.925,context_wall,spatial_context,wall,0.9832396256796965,fast,0.5670730120690859,wall,fast,True
520.9499999999999,context_wall,spatial_context,wall,0.973786554542516,fast,0.6317644134114844,wall,fast,True
520.9749999999999,context_wall,spatial_context,wall,0.9542709057160197,fast,0.6028014152026122,wall,fast,True
520.9999999999999,context_wall,spatial_context,wall,0.9019727946979978,fast,0.689382663158764,wall,fast,True
521.0249999999999,context_wall,spatial_context,wall,0.8498954074004672,fast,0.6262369782941618,wall,fast,True
521.05,context_wall,spatial_context,wall,0.9365256219400517,fast,0.4467258817727183,wall,fast,True
521.0999999999999,context_wall,spatial_context,wall,0.8651816732386636,slow,0.4577194016731037,wall,fast,True
521.1249999999999,context_wall,spatial_context,wall,0.8436223214294032,slow,0.4960036880964199,wall,fast,True
521.1499999999999,context_wall,spatial_context,wall,0.9515293698190581,slow,0.4659939458639089,wall,fast,True
521.175,context_wall,spatial_context,wall,0.896897705170072,fast,0.6206759033488172,wall,fast,True
521.1999999999999,context_wall,spatial_context,wall,0.8514832900657133,fast,0.6293937557648185,wall,fast,True
521.4499999999999,context_wall,spatial_context,wall,0.871585864331261,fast,0.6346941761314038,wall,slow,True
521.4749999999999,context_wall,spatial_context,wall,0.9615673592174598,fast,0.4941933283802145,wall,slow,True
521.4999999999999,context_wall,spatial_context,wall,0.9391845517988254,fast,0.45309455753318945,wall,slow,True
521.5249999999999,context_wall,spatial_context,wall,0.8773276871733529,slow,0.4466344158873064,wall,slow,True
521.5999999999999,context_wall,spatial_context,wall,0.867129022224008,slow,0.4980637870970681,wall,slow,True
521.6249999999999,context_wall,spatial_context,wall,0.8111307875612396,slow,0.4922831910838375,wall,slow,True
521.7249999999999,context_wall,spatial_context,corner,0.8609006104670672,slow,0.4640575673524838,wall,slow,True
521.9999999999999,context_wall,spatial_context,wall,0.8317227401495861,slow,0.473112226353723,wall,fast,True
522.0249999999999,context_wall,spatial_context,corner,0.8410794700848337,slow,0.4805572988981378,wall,fast,True
522.05,context_wall,spatial_context,corner,0.844589555371482,slow,0.43930775645851716,wall,slow,True
522.1499999999999,context_wall,spatial_context,corner,0.801321214775041,fast,0.4592996427185293,wall,fast,True
522.175,context_wall,spatial_context,corner,0.9611356872785228,fast,0.5340451448084493,wall,fast,True
522.1999999999999,context_wall,spatial_context,corner,0.9922488637633129,fast,0.5411798304177697,wall,fast,True
522.2249999999999,context_wall,spatial_context,corner,0.969134824651272,fast,0.5864246963688147,wall,fast,True
522.2499999999999,context_wall,spatial_context,corner,0.8173449824395262,fast,0.7009572760833532,wall,fast,True
522.3,context_wall,spatial_context,wall,0.8319861957205498,fast,0.6489558288914594,wall,fast,True
522.3249999999999,context_wall,spatial_context,wall,0.8346523747321235,fast,0.6707127809885141,wall,fast,True
522.425,context_wall,spatial_context,corner,0.8546012687245895,fast,0.7011436067476404,wall,fast,True
522.4749999999999,context_wall,spatial_context,corner,0.8017526950823862,fast,0.7251740600952469,wall,fast,True
522.4999999999999,context_wall,spatial_context,corner,0.8120227576110277,fast,0.6483763740597996,wall,fast,True
522.55,context_wall,spatial_context,wall,0.8849198169385921,fast,0.47477000755341126,wall,fast,True
522.5749999999999,context_wall,spatial_context,wall,0.9325224002583925,fast,0.5015175082229812,wall,fast,True
522.6249999999999,context_wall,spatial_context,wall,0.8095629359345624,fast,0.5606995890830424,wall,fast,True
522.7249999999999,context_wall,spatial_context,wall,0.8888368942242664,fast,0.6506377409798667,wall,fast,True
522.7499999999999,context_wall,spatial_context,wall,0.8402522770886702,fast,0.728135460184691,wall,fast,True
522.7749999999999,context_wall,spatial_context,wall,0.8967097509609634,fast,0.7259940954906442,wall,fast,True
522.8,context_wall,spatial_context,wall,0.9199178730618442,fast,0.6084386953199379,wall,slow,True
522.8249999999999,context_wall,spatial_context,wall,0.9269705979905088,fast,0.6353167141797086,wall,slow,True
522.9999999999999,context_wall,spatial_context,corner,0.8637081231430989,fast,0.6672765822459219,wall,fast,True
523.0249999999999,context_wall,spatial_context,corner,0.8284875985076938,fast,0.6430724109787883,wall,fast,True
523.05,context_wall,spatial_context,corner,0.9242685618688569,fast,0.6552797012657489,wall,fast,True
523.0749999999999,context_wall,spatial_context,corner,0.857827507776797,fast,0.5560765032723823,wall,fast,True
523.2499999999999,context_wall,spatial_context,wall,0.8640364628557248,slow,0.4335763427414101,wall,slow,True
523.2749999999999,context_wall,spatial_context,wall,0.8911256283375465,slow,0.4329861834299373,wall,slow,True
523.3249999999999,context_wall,spatial_context,wall,0.8888504864102441,slow,0.4444524038885166,wall,slow,True
523.425,context_wall,spatial_context,wall,0.8373461204740511,slow,0.47009157612009084,wall,fast,True
523.4499999999999,context_wall,spatial_context,wall,0.8569029864477927,fast,0.517594887281264,wall,fast,True
523.4749999999999,context_wall,spatial_context,wall,0.8994624411344792,fast,0.5389108906374458,wall,fast,True
523.4999999999999,context_wall,spatial_context,wall,0.9529503395777987,fast,0.5363345201749503,wall,slow,True
523.55,context_wall,spatial_context,wall,0.812713940227664,slow,0.4856366933432549,wall,fast,True
523.5749999999999,context_wall,spatial_context,wall,0.9256568391303104,slow,0.45029350336369317,wall,fast,True
523.5999999999999,context_wall,spatial_context,wall,0.8044033982273175,fast,0.4551602876014453,wall,fast,True
523.7749999999999,context_wall,spatial_context,corner,0.8052554467360681,fast,0.6526628317108362,wall,fast,True
523.8,context_wall,spatial_context,wall,0.8072041591196977,fast,0.47141395670609837,wall,fast,True
523.8999999999999,context_wall,spatial_context,wall,0.867397975500906,still,0.3806070455251709,wall,fast,True
523.925,context_wall,spatial_context,wall,0.9373386261795345,slow,0.43655684456950294,wall,fast,True
523.9499999999999,context_wall,spatial_context,wall,0.8296358573563377,slow,0.48556938514864567,wall,fast,True
524.0749999999999,context_wall,spatial_context,wall,0.8576754503375001,slow,0.45483419423639015,wall,fast,True
524.0999999999999,context_wall,spatial_context,wall,0.9632467097610437,slow,0.4579276098646063,wall,fast,True
524.1249999999999,context_wall,spatial_context,wall,0.9445920933336446,fast,0.44517657931298127,wall,fast,True
524.1499999999999,context_wall,spatial_context,wall,0.9273572934817382,fast,0.5329507206479558,wall,fast,True
524.175,context_wall,spatial_context,wall,0.96978315732621,fast,0.562045968779177,wall,fast,True
524.1999999999999,context_wall,spatial_context,wall,0.827360387998473,fast,0.4434506687495637,wall,fast,True
524.2249999999999,context_wall,spatial_context,wall,0.8641772474857068,fast,0.5481222719096079,wall,fast,True
524.3249999999999,context_wall,spatial_context,wall,0.8294950980770769,fast,0.6828978601445717,wall,fast,True
524.3499999999999,context_wall,spatial_context,wall,0.9353731742801302,fast,0.7207124567245025,wall,fast,True
524.3749999999999,context_wall,spatial_context,wall,0.9627525231145417,fast,0.700233155580096,wall,fast,True
524.3999999999999,context_wall,spatial_context,wall,0.9275838564343603,fast,0.6462743072446655,wall,fast,True
524.4499999999999,context_wall,spatial_context,wall,0.9343623935355674,fast,0.6502053027276101,wall,fast,True
524.4749999999999,context_wall,spatial_context,wall,0.9324738843060187,fast,0.6475055199339138,wall,fast,True
524.4999999999999,context_wall,spatial_context,wall,0.9422316188412991,fast,0.6167182216277258,wall,fast,True
524.5249999999999,context_wall,spatial_context,wall,0.9732085142770643,fast,0.5872897397387582,wall,fast,True
524.55,context_wall,spatial_context,wall,0.8799442425802604,fast,0.5604337491952722,wall,fast,True
524.7249999999999,context_wall,spatial_context,wall,0.9095439647300638,fast,0.6249540612875607,wall,fast,True
524.7499999999999,context_wall,spatial_context,wall,0.9786130889625362,fast,0.5782281326886265,wall,fast,True
524.8999999999999,context_wall,spatial_context,wall,0.9145054957154855,fast,0.7482081193841684,wall,fast,True
524.925,context_wall,spatial_context,wall,0.9854982725551368,fast,0.6750321455751062,wall,fast,True
524.9499999999999,context_wall,spatial_context,wall,0.9952352545312416,fast,0.7703133201088224,wall,fast,True
524.9749999999999,context_wall,spatial_context,wall,0.9988790452434931,fast,0.7137552573569359,wall,fast,True
524.9999999999999,context_wall,spatial_context,wall,0.9872695077086363,fast,0.5916313497046229,wall,fast,True
525.0249999999999,context_wall,spatial_context,wall,0.9759715526256079,fast,0.6292665312654424,wall,fast,True
525.05,context_wall,spatial_context,wall,0.9786282777052489,fast,0.6629592715895198,wall,fast,True
525.0749999999999,context_wall,spatial_context,wall,0.9111460546310826,fast,0.5699420258904668,wall,fast,True
525.0999999999999,context_wall,spatial_context,wall,0.9761942779121117,fast,0.5014488649578882,wall,fast,True
525.1249999999999,context_wall,spatial_context,wall,0.9563550964867217,fast,0.5853725165822639,wall,fast,True
525.1499999999999,context_wall,spatial_context,wall,0.955554208024105,fast,0.5498400214900699,wall,fast,True
525.175,context_wall,spatial_context,wall,0.9835519661970411,fast,0.5308718017106538,wall,fast,True
525.1999999999999,context_wall,spatial_context,wall,0.9862783411708076,fast,0.5938569912618702,wall,fast,True
525.2249999999999,context_wall,spatial_context,wall,0.9888161593419057,fast,0.7086974803384605,wall,fast,True
525.2499999999999,context_wall,spatial_context,wall,0.9725342154485171,fast,0.5639822567284236,wall,fast,True
525.2749999999999,context_wall,spatial_context,wall,0.9723802830464692,fast,0.6128505179445866,wall,fast,True
525.3,context_wall,spatial_context,wall,0.9195937985939405,fast,0.5750826703567733,wall,fast,True
525.3249999999999,context_wall,spatial_context,wall,0.9037150590203048,fast,0.5678138484617209,wall,fast,True
525.3499999999999,context_wall,spatial_context,wall,0.9111284738729883,fast,0.5793231554719787,wall,fast,True
525.5749999999999,context_wall,spatial_context,wall,0.8641281365823769,fast,0.6551282558235861,wall,fast,True
525.5999999999999,context_wall,spatial_context,wall,0.9707853999732594,fast,0.7695983131086946,wall,fast,True
525.6249999999999,context_wall,spatial_context,wall,0.9782637798257661,fast,0.822358785187332,wall,fast,True
525.6499999999999,context_wall,spatial_context,wall,0.9959320005552296,fast,0.8527031163524658,wall,fast,True
525.675,context_wall,spatial_context,wall,0.9978950303513093,fast,0.7254333487537914,wall,fast,True
525.6999999999999,context_wall,spatial_context,wall,0.9981907165798048,fast,0.7551032509084297,wall,fast,True
525.7249999999999,context_wall,spatial_context,wall,0.9935930275409226,fast,0.6556026440578563,wall,fast,True
525.7499999999999,context_wall,spatial_context,wall,0.9808645735871578,fast,0.6463168381054263,wall,fast,True
525.7749999999999,context_wall,spatial_context,wall,0.9503750365341476,fast,0.6558676301363892,wall,fast,True
525.8249999999999,context_wall,spatial_context,wall,0.9901400834504159,fast,0.4744083700525874,wall,fast,True
525.8499999999999,context_wall,spatial_context,wall,0.926916443916472,slow,0.5105576285692685,wall,fast,True
525.8749999999999,context_wall,spatial_context,wall,0.9094037490257745,fast,0.4972623594458659,wall,fast,True
525.8999999999999,context_wall,spatial_context,wall,0.8368453310043095,fast,0.5101623173574965,wall,fast,True
525.925,context_wall,spatial_context,wall,0.8452830910525119,fast,0.5920117125967818,wall,fast,True
525.9499999999999,context_wall,spatial_context,wall,0.9556040835850736,fast,0.6871913020217459,wall,fast,True
525.9749999999999,context_wall,spatial_context,wall,0.9933876951144479,fast,0.613101629671453,wall,fast,True
525.9999999999999,context_wall,spatial_context,wall,0.9944548356002173,fast,0.5716722131107644,wall,fast,True
526.0249999999999,context_wall,spatial_context,wall,0.8956990219627867,fast,0.79890333847621,wall,fast,True
526.05,context_wall,spatial_context,wall,0.9753182591018468,fast,0.7094483112126173,wall,fast,True
526.0749999999999,context_wall,spatial_context,wall,0.9432364105646505,fast,0.6768466430966417,wall,fast,True
526.0999999999999,context_wall,spatial_context,wall,0.9197513359436978,fast,0.7673841472182121,wall,fast,True
526.1249999999999,context_wall,spatial_context,wall,0.8079052971918543,fast,0.6836922204517775,wall,fast,True
526.2499999999999,context_wall,spatial_context,wall,0.8217683358085497,fast,0.8129897399218368,wall,fast,True
526.2749999999999,context_wall,spatial_context,wall,0.9789370774005325,fast,0.7825186354185888,wall,fast,True
526.3,context_wall,spatial_context,wall,0.8176293009254073,fast,0.8245897964403194,wall,fast,True
526.3999999999999,context_wall,spatial_context,wall,0.8160403633125543,fast,0.6625862042657162,center,fast,False
526.425,context_wall,spatial_context,wall,0.9619514666743653,fast,0.6138424122049135,center,fast,False
526.4499999999999,context_wall,spatial_context,wall,0.9871207054518153,fast,0.7731870892887998,center,fast,False
526.4749999999999,context_wall,spatial_context,wall,0.9649330505514163,fast,0.7651247195422809,center,fast,False
526.4999999999999,context_wall,spatial_context,wall,0.8121496850291562,fast,0.7542740199417273,center,fast,False
526.5249999999999,context_wall,spatial_context,corner,0.8547105008452882,fast,0.6737356987816524,center,fast,False
526.55,context_wall,spatial_context,corner,0.9259417297028181,fast,0.7568827867680343,center,fast,False
526.5749999999999,context_wall,spatial_context,corner,0.9741757560434403,fast,0.7268213467562198,center,fast,False
526.5999999999999,context_wall,spatial_context,corner,0.9862204169259742,fast,0.7563284122013222,center,fast,False
526.6249999999999,context_wall,spatial_context,corner,0.8907298244393801,fast,0.6862176397417801,center,fast,False
526.6499999999999,context_wall,spatial_context,corner,0.9091833646540036,fast,0.783826090260025,center,fast,False
526.7249999999999,context_wall,spatial_context,corner,0.8784221795481608,fast,0.6802481261701392,corner,fast,True
526.7499999999999,context_wall,spatial_context,corner,0.8239907734894417,fast,0.7888984772380846,corner,fast,True
526.7749999999999,context_wall,spatial_context,corner,0.9411330772361511,fast,0.7284769725657732,corner,fast,True
526.8,context_wall,spatial_context,corner,0.9558591787577866,fast,0.7118938346082389,corner,slow,True
526.8249999999999,context_wall,spatial_context,corner,0.8795124541217282,fast,0.5969151995324716,corner,slow,True
527.5749999999999,context_wall,spatial_context,wall,0.883781629798994,slow,0.45063748768420875,center,slow,False
528.8249999999999,context_wall,spatial_context,wall,0.8563691895972317,slow,0.45237578054343935,center,slow,False
528.8499999999999,context_wall,spatial_context,wall,0.8621263937856876,slow,0.42949693900865177,center,slow,False
530.0999999999999,context_wall,spatial_context,wall,0.8624979407850851,fast,0.5460359359488265,center,fast,False
534.675,context_wall,spatial_context,wall,0.9549269799998573,fast,0.5753545955427041,center,fast,False
534.6999999999999,context_wall,spatial_context,wall,0.9520260908401783,fast,0.5433694043927436,center,fast,False
537.3749999999999,context_wall,spatial_context,corner,0.8043450089148017,slow,0.4930839045472855,corner,slow,True
537.3999999999999,context_wall,spatial_context,corner,0.8808332888158701,slow,0.44113623008086555,corner,slow,True
537.9499999999999,context_wall,spatial_context,corner,0.8723589083087785,fast,0.6058213113005053,wall,fast,True
537.9749999999999,context_wall,spatial_context,corner,0.8898284376050544,slow,0.42288124401045013,wall,fast,True
537.9999999999999,context_wall,spatial_context,corner,0.856414635103795,fast,0.4893204895216461,wall,fast,True
538.0249999999999,context_wall,spatial_context,corner,0.9079263609525343,fast,0.5587697636110577,wall,fast,True
538.4499999999999,context_wall,spatial_context,corner,0.900005093240209,slow,0.38807876042993017,wall,fast,True
538.4749999999999,context_wall,spatial_context,corner,0.94383083326647,slow,0.4075569829211386,wall,fast,True
538.4999999999999,context_wall,spatial_context,corner,0.9551461135383642,slow,0.49072480193740087,wall,fast,True
538.5249999999999,context_wall,spatial_context,corner,0.9563788523996924,slow,0.4951540823423912,wall,fast,True
538.55,context_wall,spatial_context,corner,0.8009425070367234,slow,0.5471496674108247,wall,slow,True
538.6499999999999,context_wall,spatial_context,corner,0.8594049119313052,slow,0.4776374574978382,wall,fast,True
538.7749999999999,context_wall,spatial_context,corner,0.9194090031631659,fast,0.5012151119875644,wall,fast,True
538.8,context_wall,spatial_context,corner,0.9341222060975913,slow,0.4922955535920542,corner,slow,True
538.8249999999999,context_wall,spatial_context,corner,0.9300568794537257,slow,0.5173937529860756,corner,slow,True
538.8499999999999,context_wall,spatial_context,corner,0.9535544974673257,slow,0.4639339962053058,corner,slow,True
538.8749999999999,context_wall,spatial_context,corner,0.8397536905563963,slow,0.47726988601198483,corner,slow,True
538.8999999999999,context_wall,spatial_context,corner,0.9571041304655553,fast,0.5033450799876469,corner,slow,True
538.925,context_wall,spatial_context,corner,0.813885314106029,fast,0.5221464513058575,corner,slow,True
539.3,context_wall,spatial_context,corner,0.8593888307536987,slow,0.47857644000382527,corner,slow,True
539.5249999999999,context_wall,spatial_context,corner,0.9222798223258571,fast,0.4745850667419487,corner,fast,True
539.55,context_wall,spatial_context,corner,0.975041121611032,fast,0.46694290168956853,corner,fast,True
539.5749999999999,context_wall,spatial_context,corner,0.9499481466578089,fast,0.5349987646389956,corner,fast,True
539.5999999999999,context_wall,spatial_context,corner,0.9366981745236402,fast,0.6380373770199173,corner,fast,True
539.7249999999999,context_wall,spatial_context,corner,0.8396393455425628,fast,0.6439431091164441,corner,fast,True
539.8,context_wall,spatial_context,corner,0.8378010789369217,fast,0.5995369496777487,corner,fast,True
539.9999999999999,context_wall,spatial_context,corner,0.860464006307067,slow,0.4213415215743091,corner,fast,True
540.0249999999999,context_wall,spatial_context,corner,0.9007010528925887,fast,0.6172618976094664,corner,fast,True
540.05,context_wall,spatial_context,corner,0.9174122699950201,fast,0.6064908576765617,corner,fast,True
540.0749999999999,context_wall,spatial_context,corner,0.9712843821962929,fast,0.5588691237755797,corner,fast,True
540.0999999999999,context_wall,spatial_context,corner,0.9429896671604034,fast,0.4640626621087922,corner,fast,True
540.1249999999999,context_wall,spatial_context,corner,0.870617223379023,slow,0.4945683431782682,corner,fast,True
540.1499999999999,context_wall,spatial_context,corner,0.9452460667365078,fast,0.5106082177626855,corner,fast,True
540.175,context_wall,spatial_context,corner,0.8300175835395573,fast,0.5704044533137046,corner,fast,True
540.1999999999999,context_wall,spatial_context,corner,0.9366157175810257,fast,0.7335774093322879,corner,fast,True
540.2249999999999,context_wall,spatial_context,corner,0.9019950419011646,fast,0.8253102530917179,corner,fast,True
540.425,context_wall,spatial_context,corner,0.9149258284471649,fast,0.6270716842547396,corner,fast,True
540.4499999999999,context_wall,spatial_context,corner,0.9727542432082903,fast,0.6530149764937039,corner,fast,True
540.4749999999999,context_wall,spatial_context,corner,0.9609812313296086,fast,0.6380619402214517,corner,fast,True
540.4999999999999,context_wall,spatial_context,corner,0.9580088372353854,fast,0.5590620375466642,corner,fast,True
540.6249999999999,context_wall,spatial_context,corner,0.909868471703747,fast,0.576458621696304,corner,fast,True
540.6499999999999,context_wall,spatial_context,corner,0.8417408018998367,fast,0.6367593545417002,corner,fast,True
540.6999999999999,context_wall,spatial_context,corner,0.9462303805002644,fast,0.6146587510135187,corner,fast,True
540.7249999999999,context_wall,spatial_context,corner,0.8859542749931749,slow,0.5149252490453747,corner,fast,True
540.7499999999999,context_wall,spatial_context,corner,0.9802884921787273,fast,0.48992575811526357,corner,fast,True
540.7749999999999,context_wall,spatial_context,corner,0.9371665465005365,fast,0.4840311818681681,corner,fast,True
540.8249999999999,context_wall,spatial_context,corner,0.8762924303965464,fast,0.4769153971401517,corner,fast,True
540.8499999999999,context_wall,spatial_context,corner,0.8201558915140872,slow,0.4525217024767684,corner,fast,True
540.8749999999999,context_wall,spatial_context,corner,0.8815005611369925,fast,0.4821248501970845,corner,fast,True
540.8999999999999,context_wall,spatial_context,corner,0.8439986398047447,fast,0.48844987169647425,corner,fast,True
540.9499999999999,context_wall,spatial_context,corner,0.8668188814172345,fast,0.7473129021460682,corner,fast,True
540.9749999999999,context_wall,spatial_context,corner,0.8741156316045701,fast,0.7896828900971228,corner,fast,True
540.9999999999999,context_wall,spatial_context,corner,0.8347614079566368,fast,0.7437492676926637,corner,fast,True
541.0249999999999,context_wall,spatial_context,corner,0.9659732078489777,fast,0.6091389298120448,corner,fast,True
541.1249999999999,context_wall,spatial_context,corner,0.8515960493715375,fast,0.43615882436997533,corner,slow,True
541.1499999999999,context_wall,spatial_context,corner,0.9469293151520846,slow,0.4239098976320699,corner,slow,True
541.175,context_wall,spatial_context,corner,0.9160420795322628,slow,0.4508071089517409,corner,slow,True
541.1999999999999,context_wall,spatial_context,corner,0.9488743533781611,slow,0.4687104619747053,corner,slow,True
541.2249999999999,context_wall,spatial_context,corner,0.8453482361546549,slow,0.4830392442160428,corner,slow,True
541.2499999999999,context_wall,spatial_context,corner,0.8444795028266168,slow,0.46042521267623365,corner,fast,True
541.3749999999999,context_wall,spatial_context,corner,0.8780333127952149,slow,0.46860295445549643,corner,fast,True
541.3999999999999,context_wall,spatial_context,corner,0.8865663291877349,slow,0.4919974888613216,corner,fast,True
541.425,context_wall,spatial_context,corner,0.9245372547401183,fast,0.4788190715290217,corner,fast,True
541.4499999999999,context_wall,spatial_context,corner,0.9573404896747353,fast,0.5287713198747516,corner,fast,True
541.4749999999999,context_wall,spatial_context,corner,0.8502553731409433,fast,0.4804426492782988,corner,fast,True
541.4999999999999,context_wall,spatial_context,corner,0.943043992455411,slow,0.48093886615949516,corner,fast,True
541.5249999999999,context_wall,spatial_context,corner,0.9602952234065949,slow,0.5065532186882333,corner,fast,True
541.55,context_wall,spatial_context,corner,0.9101012408420446,slow,0.48969149179893845,corner,fast,True
541.5749999999999,context_wall,spatial_context,corner,0.9424265274295139,slow,0.46363111241061405,corner,fast,True
541.8,context_wall,spatial_context,corner,0.8224352191990953,fast,0.6589069056358479,corner,fast,True
541.925,context_wall,spatial_context,corner,0.912941785363151,fast,0.47609835050836646,corner,fast,True
541.9499999999999,context_wall,spatial_context,corner,0.9440480591981427,fast,0.6205000836851057,corner,fast,True
541.9749999999999,context_wall,spatial_context,corner,0.9538417176026057,fast,0.589071306405715,corner,fast,True
541.9999999999999,context_wall,spatial_context,corner,0.9795228482893288,fast,0.5831643963213139,corner,fast,True
542.0249999999999,context_wall,spatial_context,corner,0.9836340863583951,fast,0.5352673445952862,corner,fast,True
542.05,context_wall,spatial_context,corner,0.9886335385633448,slow,0.5132004446988886,corner,fast,True
542.0749999999999,context_wall,spatial_context,corner,0.923471783420466,slow,0.48993942956707265,corner,fast,True
542.0999999999999,context_wall,spatial_context,corner,0.9281543402073789,slow,0.4959406422600142,corner,slow,True
542.1249999999999,context_wall,spatial_context,corner,0.8690927947042308,fast,0.43749949056155385,corner,slow,True
542.1499999999999,context_wall,spatial_context,corner,0.9429135333601181,fast,0.6786790409820999,corner,fast,True
542.175,context_wall,spatial_context,corner,0.9744815927023178,fast,0.77124909513879,corner,fast,True
542.1999999999999,context_wall,spatial_context,corner,0.8001599184272095,fast,0.6848486463393688,corner,fast,True
542.3499999999999,context_wall,spatial_context,wall,0.8123920761257946,fast,0.7012166110331688,corner,fast,True
542.4499999999999,context_wall,spatial_context,corner,0.8993724490140055,fast,0.5361649476016506,corner,slow,True
542.4749999999999,context_wall,spatial_context,corner,0.8245938657013192,slow,0.47113726368861975,corner,slow,True
542.4999999999999,context_wall,spatial_context,corner,0.8500745415489941,slow,0.4693117416605967,corner,slow,True
542.5249999999999,context_wall,spatial_context,corner,0.8534677488072385,slow,0.453819946513143,corner,slow,True
542.55,context_wall,spatial_context,corner,0.8753126509557866,fast,0.527681772663001,corner,fast,True
542.6999999999999,context_wall,spatial_context,corner,0.9543562633783412,fast,0.5123500872834102,corner,fast,True
542.7249999999999,context_wall,spatial_context,corner,0.8449184737918586,fast,0.48808649838403007,corner,fast,True
542.7499999999999,context_wall,spatial_context,corner,0.8853353132563385,fast,0.5616868335126999,corner,fast,True
542.8,context_wall,spatial_context,wall,0.8203465950779945,fast,0.5763691048818357,corner,fast,True
542.8499999999999,context_wall,spatial_context,wall,0.96448482886735,fast,0.7168198411890583,corner,fast,True
542.8749999999999,context_wall,spatial_context,wall,0.8459553465733378,fast,0.6369599310883978,corner,fast,True
542.9499999999999,context_wall,spatial_context,corner,0.9596835210681708,fast,0.48843164266957134,corner,fast,True
542.9749999999999,context_wall,spatial_context,corner,0.8712333690593788,fast,0.5506690968059057,corner,fast,True
542.9999999999999,context_wall,spatial_context,corner,0.8022393609427976,slow,0.49102438848522717,corner,fast,True
543.0249999999999,context_wall,spatial_context,corner,0.8055263103335863,fast,0.47888787479682676,corner,fast,True
543.0999999999999,context_wall,spatial_context,corner,0.8393182502063047,fast,0.45060156284068836,corner,fast,True
543.2499999999999,context_wall,spatial_context,corner,0.8298820074870127,fast,0.6548549903544477,corner,slow,True
543.2749999999999,context_wall,spatial_context,corner,0.8049205463803312,fast,0.5866716468681187,corner,slow,True
543.4999999999999,context_wall,spatial_context,corner,0.8913745124076444,fast,0.6856755157733616,corner,fast,True
543.55,context_wall,spatial_context,corner,0.9583583509283856,fast,0.530837083823454,corner,fast,True
543.5749999999999,context_wall,spatial_context,corner,0.965222933273744,fast,0.4817973243739616,corner,fast,True
543.5999999999999,context_wall,spatial_context,corner,0.9764796190192473,fast,0.5864461756680898,corner,fast,True
543.8,context_wall,spatial_context,corner,0.8819443437152013,fast,0.5718271266670216,corner,slow,True
543.8499999999999,context_wall,spatial_context,corner,0.9074772031823313,fast,0.6463169100950813,corner,slow,True
543.8749999999999,context_wall,spatial_context,corner,0.8500367476082024,fast,0.5651869518404682,corner,slow,True
544.0999999999999,context_wall,spatial_context,corner,0.9119915985620913,fast,0.5102189276089003,corner,slow,True
544.1249999999999,context_wall,spatial_context,corner,0.8472239689117042,fast,0.5271937576362409,corner,slow,True
544.2749999999999,context_wall,spatial_context,wall,0.8897943031307077,fast,0.4494453990284576,corner,slow,True
544.3,context_wall,spatial_context,wall,0.8666050944577055,fast,0.4503625180711544,corner,slow,True
544.3249999999999,context_wall,spatial_context,wall,0.8109527708070321,slow,0.4803742834257354,corner,slow,True
544.3749999999999,context_wall,spatial_context,wall,0.8216429743586592,slow,0.453106606823822,corner,slow,True
545.05,context_wall,spatial_context,corner,0.9377639488458773,fast,0.5431346754529353,corner,slow,True
545.0749999999999,context_wall,spatial_context,corner,0.8533431015542146,fast,0.4869753626427308,corner,slow,True
545.0999999999999,context_wall,spatial_context,corner,0.9404845527303493,slow,0.48576990587478536,corner,fast,True
545.1249999999999,context_wall,spatial_context,corner,0.8601292261942296,slow,0.47571777706828444,corner,fast,True
545.2249999999999,context_wall,spatial_context,corner,0.8626150487255506,fast,0.5117081050749758,corner,fast,True
545.2499999999999,context_wall,spatial_context,corner,0.9040434049971818,fast,0.5922707689524183,corner,slow,True
545.2749999999999,context_wall,spatial_context,corner,0.975007525626091,fast,0.5119281145889338,corner,slow,True
545.3,context_wall,spatial_context,corner,0.9406347187924021,slow,0.4947511169964373,corner,slow,True
545.3249999999999,context_wall,spatial_context,corner,0.9069257114670265,slow,0.4846814109749458,corner,slow,True
545.3499999999999,context_wall,spatial_context,corner,0.9327847833948754,slow,0.4516398438282133,corner,slow,True
545.3749999999999,context_wall,spatial_context,corner,0.9275772696198955,slow,0.4057137219645168,corner,slow,True
545.3999999999999,context_wall,spatial_context,corner,0.9282528843364145,slow,0.443205556128694,corner,slow,True
545.4999999999999,context_wall,spatial_context,wall,0.8991503877010493,slow,0.4893924307790001,corner,slow,True
545.5999999999999,context_wall,spatial_context,corner,0.8276331404681703,slow,0.4555821712371763,corner,slow,True
545.6249999999999,context_wall,spatial_context,corner,0.9142440921129248,slow,0.4881430482632517,corner,slow,True
545.6499999999999,context_wall,spatial_context,corner,0.9572084250575958,slow,0.5089045024345719,corner,slow,True
545.675,context_wall,spatial_context,corner,0.9048496698851187,slow,0.49568653893187864,corner,slow,True
545.8249999999999,context_wall,spatial_context,corner,0.8440824059716385,slow,0.5186101857290806,corner,slow,True
545.8999999999999,context_wall,spatial_context,corner,0.8081314527831558,fast,0.5460226884436367,corner,fast,True
545.925,context_wall,spatial_context,corner,0.839374623830058,fast,0.6005460382339158,corner,fast,True
546.0999999999999,context_wall,spatial_context,corner,0.9173980256942689,fast,0.5254995357344808,corner,fast,True
546.1249999999999,context_wall,spatial_context,corner,0.9271343031456899,fast,0.5854608157479896,corner,fast,True
546.175,context_wall,spatial_context,corner,0.8719942418858212,fast,0.5328566058158555,corner,fast,True
546.1999999999999,context_wall,spatial_context,corner,0.9344841576236075,fast,0.653165960324177,corner,fast,True
546.2249999999999,context_wall,spatial_context,corner,0.849368526465835,fast,0.6952573356050062,corner,fast,True
546.2499999999999,context_wall,spatial_context,corner,0.974921248443234,fast,0.6005351483664401,corner,fast,True
546.2749999999999,context_wall,spatial_context,corner,0.9775375619334572,fast,0.5175458271697188,corner,fast,True
546.3,context_wall,spatial_context,corner,0.9627034845159156,fast,0.6021537317270962,corner,slow,True
546.3249999999999,context_wall,spatial_context,corner,0.9421018098794346,slow,0.5641259241490615,corner,slow,True
546.3499999999999,context_wall,spatial_context,corner,0.8894944764846529,slow,0.5727828580194587,corner,slow,True
546.3999999999999,context_wall,spatial_context,corner,0.8353745222260919,slow,0.48286065912971404,corner,slow,True
546.425,context_wall,spatial_context,corner,0.9346660102647446,fast,0.4701622729944338,corner,slow,True
546.4499999999999,context_wall,spatial_context,corner,0.8203488799377319,slow,0.4745270233410794,corner,slow,True
546.4749999999999,context_wall,spatial_context,corner,0.9099438462142658,slow,0.5470320166100753,corner,slow,True
546.6499999999999,context_wall,spatial_context,corner,0.857050090810873,fast,0.7205046475333071,corner,fast,True
546.675,context_wall,spatial_context,corner,0.977023830362545,fast,0.6192049149539356,corner,fast,True
546.6999999999999,context_wall,spatial_context,corner,0.9037383769820906,fast,0.6093033669173706,corner,fast,True
546.7249999999999,context_wall,spatial_context,corner,0.8932166975557462,fast,0.6428397903211659,corner,fast,True
546.7499999999999,context_wall,spatial_context,corner,0.8777843170205187,fast,0.5329004176567088,corner,fast,True
546.7749999999999,context_wall,spatial_context,corner,0.8450678546905421,slow,0.490080085129452,corner,fast,True
546.8,context_wall,spatial_context,corner,0.9301336106482202,fast,0.5432298660464394,corner,fast,True
546.8249999999999,context_wall,spatial_context,corner,0.9750935411898418,slow,0.502945917542371,corner,fast,True
546.8499999999999,context_wall,spatial_context,corner,0.9530344923708307,slow,0.4816557975886079,corner,fast,True
546.8749999999999,context_wall,spatial_context,corner,0.8286285793496533,fast,0.466606507492286,corner,fast,True
546.8999999999999,context_wall,spatial_context,corner,0.8793047165894764,fast,0.4974714039993672,corner,fast,True
546.925,context_wall,spatial_context,corner,0.8375819887011833,fast,0.5388946480656123,corner,fast,True
546.9749999999999,context_wall,spatial_context,corner,0.9039958546577413,fast,0.46261875923714757,corner,slow,True
546.9999999999999,context_wall,spatial_context,corner,0.9682099910954307,fast,0.5192073812155121,corner,slow,True
547.0249999999999,context_wall,spatial_context,corner,0.913872481883411,fast,0.48105967409265704,corner,slow,True
547.05,context_wall,spatial_context,corner,0.9288378702041947,slow,0.46888146648039286,corner,slow,True
547.0749999999999,context_wall,spatial_context,corner,0.9115911665035877,fast,0.6378869360509022,corner,slow,True
547.1999999999999,context_wall,spatial_context,corner,0.8234635217661669,fast,0.5264285856694022,corner,fast,True
547.2249999999999,context_wall,spatial_context,corner,0.844126691333228,fast,0.5863699648620074,corner,fast,True
547.2499999999999,context_wall,spatial_context,corner,0.8356435897536258,fast,0.5907299277319773,corner,fast,True
547.2749999999999,context_wall,spatial_context,corner,0.8521249982673468,fast,0.7263557220471408,corner,fast,True
547.4499999999999,context_wall,spatial_context,corner,0.8145981734753788,slow,0.43481771746555803,corner,fast,True
547.675,context_wall,spatial_context,wall,0.8575101609271262,slow,0.46194445342029,corner,slow,True
547.6999999999999,context_wall,spatial_context,wall,0.8427969955825484,slow,0.4480026245818029,corner,slow,True
547.8,context_wall,spatial_context,corner,0.8297928389779772,fast,0.6125707631018069,corner,fast,True
547.8249999999999,context_wall,spatial_context,corner,0.827658689078315,fast,0.6080547018535608,corner,fast,True
547.8499999999999,context_wall,spatial_context,corner,0.8640400238106184,fast,0.6293248566114624,corner,fast,True
547.8749999999999,context_wall,spatial_context,corner,0.9745832952307891,fast,0.5860332049515745,corner,fast,True
547.8999999999999,context_wall,spatial_context,corner,0.8669832669685416,fast,0.6928997734571496,corner,fast,True
548.175,context_wall,spatial_context,corner,0.8894620359437171,slow,0.41767562671220027,corner,fast,True
548.1999999999999,context_wall,spatial_context,corner,0.9250800521556755,fast,0.5048770789466818,corner,slow,True
548.2249999999999,context_wall,spatial_context,corner,0.8603189344662758,fast,0.5393810680960907,corner,slow,True
548.3749999999999,context_wall,spatial_context,corner,0.9715535993253589,fast,0.7132286117446475,corner,fast,True
548.3999999999999,context_wall,spatial_context,corner,0.9703657610091702,fast,0.6057600974336228,corner,fast,True
548.425,context_wall,spatial_context,corner,0.9684480893719646,fast,0.4502363128311574,corner,fast,True
548.4499999999999,context_wall,spatial_context,corner,0.9696198343344331,fast,0.4415335333075021,corner,fast,True
548.5999999999999,context_wall,spatial_context,corner,0.8819349068679908,fast,0.5907519464738378,corner,slow,True
548.8,context_wall,spatial_context,corner,0.8078203189331218,slow,0.4606210855804607,corner,slow,True
548.925,context_wall,spatial_context,corner,0.9041574291253756,slow,0.44488450200340174,corner,slow,True
549.05,context_wall,spatial_context,corner,0.9489087824753281,fast,0.5725842688611479,corner,slow,True
549.0749999999999,context_wall,spatial_context,corner,0.960465203918748,fast,0.5222076694252654,corner,slow,True
549.0999999999999,context_wall,spatial_context,corner,0.9034652874878775,slow,0.44303263482465355,corner,slow,True
549.1249999999999,context_wall,spatial_context,corner,0.8780307707048288,slow,0.4684748906646627,corner,slow,True
549.1499999999999,context_wall,spatial_context,corner,0.8709267418435813,slow,0.43418505324394674,corner,fast,True
549.175,context_wall,spatial_context,corner,0.9165553957578492,fast,0.46674372484384435,corner,fast,True
549.1999999999999,context_wall,spatial_context,corner,0.8490547171626411,fast,0.5709988089212846,corner,fast,True
549.2499999999999,context_wall,spatial_context,corner,0.8368834667200278,fast,0.6274748424390926,corner,fast,True
549.3,context_wall,spatial_context,corner,0.8581005678218164,slow,0.5099440527261521,corner,slow,True
549.3249999999999,context_wall,spatial_context,corner,0.8636032628040361,slow,0.428235406501314,corner,slow,True
549.425,context_wall,spatial_context,corner,0.9604709092538226,slow,0.5239162927255337,corner,slow,True
549.4499999999999,context_wall,spatial_context,corner,0.9728284039436434,slow,0.5544804341938395,corner,slow,True
549.4749999999999,context_wall,spatial_context,corner,0.9739937493435926,slow,0.5531518554528797,corner,slow,True
549.4999999999999,context_wall,spatial_context,corner,0.956090874742763,slow,0.5303136509409383,corner,slow,True
549.55,context_wall,spatial_context,corner,0.9317650968419527,slow,0.4861317617543697,corner,fast,True
549.5749999999999,context_wall,spatial_context,corner,0.810785135562834,fast,0.5079590681414646,corner,fast,True
549.5999999999999,context_wall,spatial_context,corner,0.8622258653114706,slow,0.46896064691975736,corner,fast,True
549.6249999999999,context_wall,spatial_context,corner,0.8418615264144742,fast,0.459664605371982,corner,fast,True
549.675,context_wall,spatial_context,corner,0.8443807640296345,fast,0.6606305184499449,corner,fast,True
549.7249999999999,context_wall,spatial_context,corner,0.8304245879538749,fast,0.6976246104140792,corner,fast,True
549.8999999999999,context_wall,spatial_context,corner,0.8706635288873614,fast,0.41094444491710536,corner,slow,True
549.925,context_wall,spatial_context,corner,0.9854285948357049,fast,0.44338991544763934,corner,slow,True
549.9499999999999,context_wall,spatial_context,corner,0.9872088694365558,fast,0.5534365503654375,corner,fast,True
549.9749999999999,context_wall,spatial_context,corner,0.994776975288399,slow,0.4908675401578303,corner,fast,True
549.9999999999999,context_wall,spatial_context,corner,0.9743760649976988,fast,0.5173210579478918,corner,fast,True
550.0249999999999,context_wall,spatial_context,corner,0.8541487471196235,slow,0.47359937245584033,corner,fast,True
550.05,context_wall,spatial_context,corner,0.8451321076686285,slow,0.48923800940896284,corner,fast,True
550.0749999999999,context_wall,spatial_context,corner,0.9462157525784912,fast,0.5470744667711877,corner,fast,True
550.0999999999999,context_wall,spatial_context,corner,0.8784523762167048,fast,0.5056662299319006,corner,fast,True
550.1249999999999,context_wall,spatial_context,corner,0.8009146220238854,fast,0.4998590213911892,corner,fast,True
550.1499999999999,context_wall,spatial_context,corner,0.8461319444192514,slow,0.5119066381523829,corner,fast,True
550.1999999999999,context_wall,spatial_context,corner,0.9044651980907418,fast,0.5509830482566186,corner,fast,True
550.2249999999999,context_wall,spatial_context,corner,0.9958267936260009,fast,0.6342199111905863,corner,fast,True
550.2499999999999,context_wall,spatial_context,corner,0.9948589942420312,fast,0.6435729549558648,corner,fast,True
550.2749999999999,context_wall,spatial_context,corner,0.9895952222899097,fast,0.7080854031805367,corner,fast,True
550.3,context_wall,spatial_context,corner,0.9903812042737928,fast,0.6218580691809308,corner,fast,True
550.3499999999999,context_wall,spatial_context,corner,0.8397996750623776,fast,0.5280124025381641,corner,fast,True
550.3749999999999,context_wall,spatial_context,corner,0.9106927296175974,fast,0.5321052170701521,corner,fast,True
550.3999999999999,context_wall,spatial_context,corner,0.9363342966028755,fast,0.5245931656307529,corner,slow,True
550.425,context_wall,spatial_context,corner,0.977289247873242,fast,0.4519093098068449,corner,slow,True
550.4499999999999,context_wall,spatial_context,corner,0.963181361480948,slow,0.4628982207240842,corner,fast,True
550.4749999999999,context_wall,spatial_context,corner,0.9779621298672577,slow,0.4893249881538855,corner,fast,True
550.4999999999999,context_wall,spatial_context,corner,0.914463770254848,fast,0.5652211110236935,corner,fast,True
550.5249999999999,context_wall,spatial_context,corner,0.8684309234320711,fast,0.5549071191902457,corner,fast,True
550.675,context_wall,spatial_context,corner,0.8004515852190691,fast,0.6334927868684488,corner,fast,True
550.6999999999999,context_wall,spatial_context,corner,0.8844337967862838,fast,0.7018854129543031,corner,slow,True
550.7249999999999,context_wall,spatial_context,corner,0.9644122561301179,fast,0.7206742368980986,corner,slow,True
550.7499999999999,context_wall,spatial_context,corner,0.8195958468764931,fast,0.7075496231804643,corner,slow,True
550.7749999999999,context_wall,spatial_context,corner,0.9720318764487611,fast,0.6402218852762399,corner,slow,True
550.8,context_wall,spatial_context,corner,0.985558426731959,slow,0.47759213625221186,corner,slow,True
550.8249999999999,context_wall,spatial_context,corner,0.9416984382614889,slow,0.5110435328005958,corner,slow,True
550.8499999999999,context_wall,spatial_context,corner,0.9849636223168029,slow,0.49228582780084246,corner,slow,True
551.0999999999999,context_wall,spatial_context,corner,0.8516693823219754,fast,0.6135387095910655,corner,fast,True
551.1249999999999,context_wall,spatial_context,corner,0.8037583923717396,fast,0.5592909017027009,corner,fast,True
551.175,context_wall,spatial_context,corner,0.8774764247899174,fast,0.5433485661966135,corner,fast,True
551.1999999999999,context_wall,spatial_context,corner,0.887346539477207,fast,0.5835837298382954,corner,fast,True
551.2249999999999,context_wall,spatial_context,corner,0.9611948248046431,slow,0.4577620953360968,corner,fast,True
551.2499999999999,context_wall,spatial_context,corner,0.9730065281277017,slow,0.48670271737561366,corner,fast,True
551.2749999999999,context_wall,spatial_context,corner,0.9367016893296337,fast,0.6448402638181312,corner,fast,True
551.3,context_wall,spatial_context,corner,0.8454140061445187,fast,0.6022322730736829,corner,fast,True
551.3999999999999,context_wall,spatial_context,corner,0.9211814705931622,slow,0.46622747300302686,corner,slow,True
551.425,context_wall,spatial_context,corner,0.966344749082891,slow,0.47429754954824693,corner,slow,True
551.4499999999999,context_wall,spatial_context,corner,0.9854068513870108,slow,0.46592010618395885,corner,slow,True
551.4749999999999,context_wall,spatial_context,corner,0.9687212919376056,fast,0.5336855698626538,corner,slow,True
551.4999999999999,context_wall,spatial_context,corner,0.9015270215727752,fast,0.587601295843409,corner,slow,True
551.5249999999999,context_wall,spatial_context,corner,0.95344498343988,fast,0.46793433065257745,corner,slow,True
551.5749999999999,context_wall,spatial_context,corner,0.9610934375270355,fast,0.46947184281856075,corner,slow,True
551.5999999999999,context_wall,spatial_context,corner,0.9778766416440374,fast,0.42046606820767046,corner,slow,True
551.6249999999999,context_wall,spatial_context,corner,0.9761278565932795,fast,0.4936097772677688,corner,slow,True
551.6499999999999,context_wall,spatial_context,corner,0.975866872535653,slow,0.4671591448043097,corner,fast,True
551.675,context_wall,spatial_context,corner,0.9360388422873169,slow,0.5367056202070657,corner,fast,True
551.7499999999999,context_wall,spatial_context,wall,0.8920283500153706,slow,0.5181385805955407,corner,slow,True
551.7749999999999,context_wall,spatial_context,wall,0.9184264977164575,slow,0.5233345770563499,corner,slow,True
551.8,context_wall,spatial_context,wall,0.803077995982988,slow,0.516175770299537,corner,slow,True
551.8499999999999,context_wall,spatial_context,corner,0.8304844783204159,slow,0.4744646476716942,corner,fast,True
551.8749999999999,context_wall,spatial_context,corner,0.940160308379846,fast,0.5748545233027091,corner,fast,True
551.8999999999999,context_wall,spatial_context,corner,0.977301200200045,fast,0.5455692189051009,corner,fast,True
551.925,context_wall,spatial_context,corner,0.9305430084010171,fast,0.6423231699941332,corner,fast,True
551.9499999999999,context_wall,spatial_context,corner,0.9659375645428313,fast,0.6769912808051463,corner,fast,True
551.9749999999999,context_wall,spatial_context,corner,0.9148571560570143,fast,0.5200192393712502,corner,fast,True
552.0749999999999,context_wall,spatial_context,corner,0.8184550033629444,slow,0.4791816969738333,corner,fast,True
552.1249999999999,context_wall,spatial_context,corner,0.8169770684128809,slow,0.44867954557453205,corner,fast,True
552.1499999999999,context_wall,spatial_context,corner,0.8775373861236523,fast,0.5569798654558518,corner,fast,True
552.1999999999999,context_wall,spatial_context,corner,0.8879817778287461,fast,0.5608603374685108,corner,fast,True
552.2249999999999,context_wall,spatial_context,corner,0.9451140425333207,fast,0.6478893946087709,corner,fast,True
552.2499999999999,context_wall,spatial_context,corner,0.94388611446076,fast,0.6226879072051137,corner,fast,True
552.2749999999999,context_wall,spatial_context,corner,0.9796488523978063,fast,0.7078199672147661,corner,fast,True
552.3,context_wall,spatial_context,corner,0.9630766216095578,fast,0.6950361827310654,corner,fast,True
552.3249999999999,context_wall,spatial_context,corner,0.874015482838015,fast,0.5633980387630018,corner,fast,True
552.3499999999999,context_wall,spatial_context,corner,0.9092475692593716,fast,0.5990788957284678,corner,fast,True
552.3749999999999,context_wall,spatial_context,corner,0.8337933743795402,slow,0.4831925559012462,corner,fast,True
552.3999999999999,context_wall,spatial_context,corner,0.8206571936140261,slow,0.477712838698481,corner,slow,True
552.425,context_wall,spatial_context,corner,0.9741813629040362,fast,0.5694695752635703,corner,slow,True
552.4499999999999,context_wall,spatial_context,corner,0.964357371738233,fast,0.5152565203521627,corner,slow,True
552.4749999999999,context_wall,spatial_context,corner,0.9672994284585021,fast,0.6402127952432177,corner,slow,True
552.4999999999999,context_wall,spatial_context,corner,0.9836892119253028,fast,0.5411096569582999,corner,slow,True
552.5249999999999,context_wall,spatial_context,corner,0.946319489154856,fast,0.5383065103840657,corner,slow,True
552.55,context_wall,spatial_context,corner,0.9002494611717877,fast,0.6276311687306574,corner,slow,True
552.5749999999999,context_wall,spatial_context,corner,0.8586104516397601,fast,0.5389158379736229,corner,slow,True
552.7249999999999,context_wall,spatial_context,corner,0.8793134715389622,slow,0.46930838930376373,corner,fast,True
552.7499999999999,context_wall,spatial_context,corner,0.8569504600607196,fast,0.42893001954487736,corner,fast,True
552.7749999999999,context_wall,spatial_context,corner,0.9822672239057834,fast,0.5757513915970421,corner,fast,True
552.8,context_wall,spatial_context,corner,0.8529877947487986,fast,0.5891930232507717,corner,slow,True
552.8499999999999,context_wall,spatial_context,corner,0.8973407916336001,fast,0.5577108825747068,corner,slow,True
552.8999999999999,context_wall,spatial_context,corner,0.8438993332727188,slow,0.48590985687156674,corner,slow,True
552.9749999999999,context_wall,spatial_context,corner,0.8568269380420381,fast,0.5518083166941116,corner,fast,True
552.9999999999999,context_wall,spatial_context,corner,0.8812510607173978,fast,0.6202747158082605,corner,fast,True
553.0249999999999,context_wall,spatial_context,corner,0.9494133528715955,fast,0.6693776411659076,corner,fast,True
553.05,context_wall,spatial_context,corner,0.9416845066957147,fast,0.7001405785204277,corner,fast,True
553.0749999999999,context_wall,spatial_context,corner,0.9743596898495908,fast,0.5909858499723885,corner,fast,True
553.0999999999999,context_wall,spatial_context,corner,0.9552218974779054,fast,0.6867935131118823,corner,fast,True
553.1249999999999,context_wall,spatial_context,corner,0.9722092533755986,fast,0.5853152455417665,corner,fast,True
553.1499999999999,context_wall,spatial_context,corner,0.9612270029500402,fast,0.5274877451416533,corner,fast,True
553.175,context_wall,spatial_context,corner,0.9247512303287695,fast,0.5060547611598253,corner,fast,True
553.1999999999999,context_wall,spatial_context,corner,0.9555007308575855,slow,0.4731719416042291,corner,fast,True
553.2249999999999,context_wall,spatial_context,corner,0.8462331571468807,slow,0.5203225333612472,corner,fast,True
553.3249999999999,context_wall,spatial_context,corner,0.8593273777575365,fast,0.640381462044688,corner,fast,True
553.3499999999999,context_wall,spatial_context,corner,0.9035415241910519,fast,0.6837371913988148,corner,fast,True
553.4749999999999,context_wall,spatial_context,corner,0.8262119743028516,fast,0.5778786738852704,corner,fast,True
553.55,context_wall,spatial_context,wall,0.8929416629145916,fast,0.5974789083681634,corner,fast,True
553.6499999999999,context_wall,spatial_context,corner,0.8195141810817738,fast,0.6278676214324221,wall,fast,True
553.6999999999999,context_wall,spatial_context,corner,0.8415074013502927,fast,0.5505827081060635,wall,slow,True
553.7249999999999,context_wall,spatial_context,corner,0.9711395547223423,fast,0.5813055293563911,wall,slow,True
553.7499999999999,context_wall,spatial_context,corner,0.8291840611561344,fast,0.46349409111620576,wall,fast,True
553.8249999999999,context_wall,spatial_context,wall,0.9386536940498231,slow,0.4842595505174445,wall,fast,True
553.8499999999999,context_wall,spatial_context,wall,0.8582007226868634,slow,0.47496666941574794,wall,fast,True
553.8749999999999,context_wall,spatial_context,wall,0.9202687334224976,slow,0.4673926681617708,wall,fast,True
553.8999999999999,context_wall,spatial_context,wall,0.8236091730963709,fast,0.591708883999738,wall,fast,True
553.9499999999999,context_wall,spatial_context,wall,0.8406385229585702,fast,0.6610831745971876,wall,fast,True
554.0249999999999,context_wall,spatial_context,corner,0.9020066927921611,fast,0.7593410276043432,wall,fast,True
554.05,context_wall,spatial_context,corner,0.8778108927054648,fast,0.6544303827265768,wall,fast,True
554.1249999999999,context_wall,spatial_context,wall,0.910228322190045,fast,0.5771270189906734,wall,slow,True
554.1999999999999,context_wall,spatial_context,wall,0.8783002404702562,slow,0.503455577681123,wall,slow,True
554.4499999999999,context_wall,spatial_context,wall,0.811195710760867,slow,0.5220911245078965,wall,slow,True
554.5249999999999,context_wall,spatial_context,corner,0.9020141147963269,slow,0.4293988568190978,wall,fast,True
554.6249999999999,context_wall,spatial_context,wall,0.8508654282821791,fast,0.6039284596667066,wall,fast,True
554.6499999999999,context_wall,spatial_context,wall,0.8435758883788682,slow,0.4503752250037472,wall,fast,True
554.8249999999999,context_wall,spatial_context,corner,0.8875449303298351,fast,0.6269264532901723,wall,fast,True
554.8499999999999,context_wall,spatial_context,corner,0.9151636747215633,fast,0.5381003985624394,wall,fast,True
554.8749999999999,context_wall,spatial_context,corner,0.8804194883826407,fast,0.5355529561304928,wall,fast,True
554.8999999999999,context_wall,spatial_context,corner,0.9644682944429226,fast,0.5744386249860852,wall,fast,True
554.925,context_wall,spatial_context,corner,0.8836879712191745,slow,0.49230151491251084,wall,fast,True
554.9749999999999,context_wall,spatial_context,wall,0.8865566261825915,fast,0.7061386391898264,wall,fast,True
554.9999999999999,context_wall,spatial_context,wall,0.935865655279614,fast,0.6542197140393791,wall,fast,True
555.0249999999999,context_wall,spatial_context,wall,0.9310258903885164,fast,0.8072530309405065,wall,fast,True
555.0749999999999,context_wall,spatial_context,corner,0.8055737658995955,fast,0.6494434813259999,wall,fast,True
555.0999999999999,context_wall,spatial_context,corner,0.8385412504724052,fast,0.7698976455844356,wall,fast,True
555.3499999999999,context_wall,spatial_context,wall,0.8385636216484844,slow,0.4582031191375834,wall,fast,True
555.425,context_wall,spatial_context,wall,0.8360558070226721,slow,0.4721016550123957,wall,fast,True
555.4999999999999,context_wall,spatial_context,wall,0.8827241911902128,slow,0.5020691099436878,wall,slow,True
555.5249999999999,context_wall,spatial_context,wall,0.8520661794485205,fast,0.4721427146660615,wall,slow,True
555.55,context_wall,spatial_context,wall,0.9532632347122508,slow,0.4109994499646479,wall,slow,True
555.5749999999999,context_wall,spatial_context,wall,0.9509389317010966,slow,0.4167290307617034,wall,slow,True
555.5999999999999,context_wall,spatial_context,wall,0.9136026222407966,slow,0.4711928574265881,wall,slow,True
555.7499999999999,context_wall,spatial_context,corner,0.8488577100621231,slow,0.4371909055255327,wall,slow,True
555.7749999999999,context_wall,spatial_context,corner,0.9002375749112962,slow,0.43098685134331816,wall,slow,True
555.8249999999999,context_wall,spatial_context,corner,0.8734781605867232,slow,0.4778992598031521,wall,slow,True
555.8749999999999,context_wall,spatial_context,wall,0.8052207025245098,fast,0.4577716420816012,wall,slow,True
555.925,context_wall,spatial_context,wall,0.925005713667228,slow,0.46565381157495755,wall,slow,True
555.9499999999999,context_wall,spatial_context,wall,0.8883591055137456,slow,0.5006890569547675,wall,slow,True
555.9749999999999,context_wall,spatial_context,wall,0.967097939756915,slow,0.48802112019245647,wall,slow,True
555.9999999999999,context_wall,spatial_context,wall,0.9820809823244502,slow,0.49860955823619363,wall,still,True
556.0249999999999,context_wall,spatial_context,wall,0.8007823550128677,slow,0.45761388768130834,wall,still,True
556.0999999999999,context_wall,spatial_context,corner,0.8878907997791887,still,0.4648634991778641,wall,slow,True
556.3,context_wall,spatial_context,wall,0.8153127373787485,slow,0.4872891271103935,wall,slow,True
556.3499999999999,context_wall,spatial_context,corner,0.8998971522612336,slow,0.483477501052961,wall,slow,True
556.3749999999999,context_wall,spatial_context,corner,0.8725712645773686,slow,0.47659117719283595,wall,slow,True
556.6499999999999,context_wall,spatial_context,corner,0.8570170336391184,fast,0.547761220450708,wall,slow,True
556.6999999999999,context_wall,spatial_context,corner,0.8043372070462971,slow,0.5314224137388731,wall,slow,True
556.7499999999999,context_wall,spatial_context,wall,0.8521552801511221,slow,0.46251069203881207,wall,fast,True
556.8749999999999,context_wall,spatial_context,corner,0.9268207181545295,slow,0.4318732270360426,wall,fast,True
557.3249999999999,context_wall,spatial_context,corner,0.8113100800954552,slow,0.4839824051470474,wall,slow,True
557.3749999999999,context_wall,spatial_context,corner,0.8687177170282211,fast,0.47935497512780584,wall,slow,True
557.55,context_wall,spatial_context,corner,0.9004624727447013,slow,0.48454561507823707,wall,slow,True
557.5749999999999,context_wall,spatial_context,corner,0.8311621960683556,slow,0.4427025973718803,wall,slow,True
557.675,context_wall,spatial_context,wall,0.9155650579673666,fast,0.6160022679417674,wall,fast,True
557.7249999999999,context_wall,spatial_context,wall,0.810327574583094,fast,0.5436945569397598,wall,fast,True
557.7749999999999,context_wall,spatial_context,corner,0.8628490941160545,fast,0.45491955282679236,wall,fast,True
557.8749999999999,context_wall,spatial_context,wall,0.9079739789022258,slow,0.5194095648271135,wall,fast,True
557.8999999999999,context_wall,spatial_context,wall,0.9418208210949668,slow,0.46195279378776044,wall,fast,True
557.925,context_wall,spatial_context,wall,0.9281220211931248,slow,0.46975459711926937,wall,fast,True
557.9499999999999,context_wall,spatial_context,wall,0.8576869620448765,slow,0.5140040777405508,wall,fast,True
558.1999999999999,context_wall,spatial_context,wall,0.8172946644096737,slow,0.42785719744083034,wall,fast,True
558.55,context_wall,spatial_context,wall,0.8795627728835709,slow,0.41667105800612964,wall,slow,True
558.5749999999999,context_wall,spatial_context,wall,0.8888806261303864,slow,0.4222081289894163,wall,slow,True
558.5999999999999,context_wall,spatial_context,wall,0.8174630017310297,still,0.44680398465521587,wall,slow,True
558.6499999999999,context_wall,spatial_context,corner,0.8789979280495399,still,0.6042225063231527,wall,slow,True
558.675,context_wall,spatial_context,corner,0.8406686685445461,slow,0.5026785729704095,wall,slow,True
558.7499999999999,context_wall,spatial_context,wall,0.8406388311693482,slow,0.5347866431971177,wall,slow,True
559.0999999999999,context_wall,spatial_context,wall,0.8522397246810567,fast,0.6772519280728521,wall,slow,True
559.1249999999999,context_wall,spatial_context,wall,0.9217595581545693,fast,0.6526064092643389,wall,slow,True
559.1499999999999,context_wall,spatial_context,wall,0.8650136138266069,slow,0.4698062020541004,wall,slow,True
559.3,context_wall,spatial_context,wall,0.8498327758446016,slow,0.4787500194371859,wall,slow,True
559.4499999999999,context_wall,spatial_context,wall,0.9182657252163768,fast,0.562884441407041,wall,slow,True
559.4749999999999,context_wall,spatial_context,wall,0.8437156998461829,fast,0.5309191987672267,wall,slow,True
559.4999999999999,context_wall,spatial_context,wall,0.94164987702917,slow,0.4276649744419082,wall,slow,True
559.6499999999999,context_wall,spatial_context,wall,0.8005173520025527,slow,0.44884401278048086,wall,slow,True
559.6999999999999,context_wall,spatial_context,corner,0.882622660261306,slow,0.4291764522980127,wall,slow,True
559.7249999999999,context_wall,spatial_context,corner,0.9347480360407986,slow,0.42379109784288255,wall,slow,True
559.7499999999999,context_wall,spatial_context,corner,0.940353007708935,slow,0.5149810520424165,wall,slow,True
559.7749999999999,context_wall,spatial_context,corner,0.8727783488227051,slow,0.4776876988016591,wall,slow,True
559.8,context_wall,spatial_context,corner,0.8814213232989304,slow,0.4608623186779682,wall,fast,True
559.8249999999999,context_wall,spatial_context,corner,0.9308942561303972,slow,0.513473666956096,wall,fast,True
559.8499999999999,context_wall,spatial_context,corner,0.9233385574830009,slow,0.5134286182626738,wall,fast,True
559.8749999999999,context_wall,spatial_context,corner,0.8790551402199295,slow,0.5096052728960813,wall,fast,True
559.8999999999999,context_wall,spatial_context,corner,0.8480998628722954,fast,0.5480157953387216,wall,fast,True
560.0249999999999,context_wall,spatial_context,wall,0.833407605936374,fast,0.7336972703247505,wall,fast,True
560.05,context_wall,spatial_context,wall,0.8453104974663156,fast,0.49060068838173754,wall,fast,True
560.0749999999999,context_wall,spatial_context,wall,0.886431046529198,fast,0.45742556829118547,wall,fast,True
560.2749999999999,context_wall,spatial_context,corner,0.8125979876500994,fast,0.5457196629331373,wall,fast,True
560.3249999999999,context_wall,spatial_context,corner,0.8394567622108902,fast,0.5016960026485074,wall,slow,True
560.3499999999999,context_wall,spatial_context,corner,0.9619895012186179,fast,0.541508152184401,wall,fast,True
560.3749999999999,context_wall,spatial_context,corner,0.9229788233656724,fast,0.6408285119582129,wall,fast,True
560.3999999999999,context_wall,spatial_context,corner,0.91664016750048,fast,0.5945718144657124,wall,slow,True
560.425,context_wall,spatial_context,corner,0.8398897751171496,fast,0.6626677836660834,wall,slow,True
560.4999999999999,context_wall,spatial_context,corner,0.8682819717600445,slow,0.43933867171889085,wall,slow,True
560.55,context_wall,spatial_context,corner,0.9849552667167711,slow,0.45681630379712906,wall,slow,True
560.5749999999999,context_wall,spatial_context,corner,0.9794500366158113,slow,0.49127294058300663,wall,slow,True
560.5999999999999,context_wall,spatial_context,corner,0.9451650189545435,slow,0.5220132258724992,wall,slow,True
560.6249999999999,context_wall,spatial_context,corner,0.974619887198718,slow,0.49308455464567424,wall,slow,True
560.675,context_wall,spatial_context,corner,0.8502589558475392,fast,0.46131938380973586,wall,slow,True
560.6999999999999,context_wall,spatial_context,corner,0.9162031792523112,slow,0.4740113032802926,wall,slow,True
560.7249999999999,context_wall,spatial_context,corner,0.8917641700199043,slow,0.5021463342347939,wall,slow,True
560.7499999999999,context_wall,spatial_context,corner,0.903205721673673,slow,0.5004248383541107,wall,slow,True
560.8999999999999,context_wall,spatial_context,corner,0.8099407047571795,slow,0.4899299500910649,wall,slow,True
560.925,context_wall,spatial_context,corner,0.8154967981223332,slow,0.4995553069668884,wall,slow,True
561.3499999999999,context_wall,spatial_context,wall,0.8121461534819244,slow,0.48908801683338565,wall,slow,True
561.425,context_wall,spatial_context,corner,0.8509897389349899,still,0.5274926778118773,wall,slow,True
561.4499999999999,context_wall,spatial_context,corner,0.836407912794406,still,0.6906083946567928,wall,slow,True
561.4749999999999,context_wall,spatial_context,corner,0.9234712108924137,still,0.49972652047837457,wall,slow,True
561.4999999999999,context_wall,spatial_context,corner,0.9247622829146409,slow,0.4536696838106118,wall,slow,True
561.5249999999999,context_wall,spatial_context,corner,0.8663726661917136,slow,0.48614403526494515,wall,slow,True
561.7749999999999,context_wall,spatial_context,wall,0.8287222990189936,slow,0.5395108729213389,wall,slow,True
561.8,context_wall,spatial_context,wall,0.9527181005123934,slow,0.44334883724619606,wall,slow,True
561.8249999999999,context_wall,spatial_context,wall,0.802813574736631,fast,0.5817421471764473,wall,slow,True
561.9749999999999,context_wall,spatial_context,wall,0.8573607568386445,fast,0.48210450871929994,wall,slow,True
562.3,context_wall,spatial_context,corner,0.8280985507804001,slow,0.4919621297307693,wall,slow,True
562.425,context_wall,spatial_context,wall,0.8573639753711897,slow,0.44187832930904763,wall,fast,True
562.5249999999999,context_wall,spatial_context,corner,0.9049990378526741,slow,0.48041785891462696,wall,fast,True
562.5749999999999,context_wall,spatial_context,corner,0.8377523044554259,fast,0.6921946838315282,wall,fast,True
562.7249999999999,context_wall,spatial_context,corner,0.8295721094530284,slow,0.45665725047637534,wall,slow,True
562.8999999999999,context_wall,spatial_context,corner,0.8967141895708594,still,0.6709556352613503,wall,slow,True
562.925,context_wall,spatial_context,corner,0.924964787226149,slow,0.5079475132568259,wall,slow,True
562.9499999999999,context_wall,spatial_context,corner,0.917794395222857,slow,0.4817833338403358,wall,slow,True
562.9749999999999,context_wall,spatial_context,corner,0.8444272980655101,slow,0.4440151656647082,wall,slow,True
562.9999999999999,context_wall,spatial_context,corner,0.8013653062854402,fast,0.4949380108958055,wall,slow,True
563.0249999999999,context_wall,spatial_context,corner,0.8271154339693672,fast,0.46970178265933626,wall,slow,True
563.05,context_wall,spatial_context,corner,0.9237003958515945,slow,0.47752725149739467,wall,slow,True
563.0749999999999,context_wall,spatial_context,corner,0.9812717058079854,slow,0.49457806948020766,wall,slow,True
563.0999999999999,context_wall,spatial_context,corner,0.8970273327391934,still,0.43979753045693604,wall,slow,True
563.1249999999999,context_wall,spatial_context,corner,0.9150272241265379,slow,0.4516053981433956,wall,slow,True
563.1499999999999,context_wall,spatial_context,corner,0.8469708151895102,still,0.4828980062044777,wall,slow,True
563.2749999999999,context_wall,spatial_context,corner,0.8334617158209657,slow,0.5083456653785734,wall,slow,True
563.3249999999999,context_wall,spatial_context,corner,0.9352544323949331,slow,0.4630783242251884,wall,slow,True
563.3499999999999,context_wall,spatial_context,corner,0.9281469293963314,slow,0.4473131403623361,wall,slow,True
563.5749999999999,context_wall,spatial_context,corner,0.8895437047697435,slow,0.4566320151098486,wall,slow,True
563.5999999999999,context_wall,spatial_context,corner,0.8969844910136313,slow,0.5086125679214157,wall,slow,True
563.6249999999999,context_wall,spatial_context,corner,0.9350003318706764,slow,0.4788975601391728,wall,slow,True
563.6499999999999,context_wall,spatial_context,corner,0.8902389218174894,slow,0.45062221046602713,wall,slow,True
563.7749999999999,context_wall,spatial_context,wall,0.8015078500530085,slow,0.49966172409659165,wall,still,True
563.8749999999999,context_wall,spatial_context,corner,0.9965470488427738,slow,0.45606152027575514,wall,still,True
563.8999999999999,context_wall,spatial_context,corner,0.9957291485134514,slow,0.43308396515140435,wall,still,True
563.9249999999998,context_wall,spatial_context,corner,0.9938121104900329,slow,0.49104507042112217,wall,still,True
563.9499999999999,context_wall,spatial_context,corner,0.9783641950630299,slow,0.4681773427906721,wall,still,True
563.9749999999999,context_wall,spatial_context,corner,0.8845042376831189,slow,0.5053723845180187,wall,still,True
564.1499999999999,context_wall,spatial_context,corner,0.9148290540482817,slow,0.4695482467368843,wall,still,True
564.1749999999998,context_wall,spatial_context,corner,0.860250082937097,slow,0.4885424579531884,wall,still,True
564.2249999999999,context_wall,spatial_context,corner,0.8107472543885411,still,0.5180463375736754,wall,still,True
564.2499999999999,context_wall,spatial_context,corner,0.8157701476784627,slow,0.42762104567909004,wall,still,True
564.2749999999999,context_wall,spatial_context,corner,0.8802415781948412,slow,0.5293107124435954,wall,still,True
564.2999999999998,context_wall,spatial_context,corner,0.9168974385284483,slow,0.5033974184433173,wall,still,True
564.3749999999999,context_wall,spatial_context,wall,0.9415848318985007,still,0.4330564212310245,wall,still,True
564.3999999999999,context_wall,spatial_context,wall,0.8819631498825465,still,0.5876832839257625,wall,still,True
564.4249999999998,context_wall,spatial_context,wall,0.8876472224975566,slow,0.4287095350639864,wall,still,True
564.4499999999999,context_wall,spatial_context,wall,0.9318522713869182,slow,0.47765197801067677,wall,slow,True
564.5499999999998,context_wall,spatial_context,corner,0.8245050985165058,slow,0.5224360622662774,wall,slow,True
564.5999999999999,context_wall,spatial_context,corner,0.8752800917360722,slow,0.519215658024189,wall,slow,True
564.6499999999999,context_wall,spatial_context,corner,0.8690355890507593,slow,0.46289783990614375,wall,slow,True
564.6749999999998,context_wall,spatial_context,corner,0.9023751279185791,slow,0.42652334230808253,wall,slow,True
564.6999999999999,context_wall,spatial_context,corner,0.8935623838421289,slow,0.4670497571332126,wall,slow,True
564.7749999999999,context_wall,spatial_context,corner,0.8340581852406055,slow,0.5412508477512563,wall,slow,True
564.8249999999999,context_wall,spatial_context,corner,0.8464467663754875,slow,0.45286076716555995,wall,slow,True
564.8749999999999,context_wall,spatial_context,corner,0.9020348178840433,slow,0.4842305454558264,wall,slow,True
564.8999999999999,context_wall,spatial_context,corner,0.8982871934722323,slow,0.5266852161880822,wall,slow,True
564.9499999999999,context_wall,spatial_context,corner,0.8061030267108877,slow,0.4798279458188911,wall,slow,True
565.0249999999999,context_wall,spatial_context,corner,0.81688825418927,slow,0.48910989378290354,wall,slow,True
565.0749999999999,context_wall,spatial_context,wall,0.9112357411822428,slow,0.43597355535851984,wall,slow,True
565.0999999999999,context_wall,spatial_context,wall,0.9611883743710201,slow,0.4842116286138435,wall,slow,True
565.1999999999999,context_wall,spatial_context,wall,0.8494682546121857,slow,0.5126873623549756,wall,slow,True
565.5999999999999,context_wall,spatial_context,wall,0.8600046847081019,slow,0.42615960935879166,wall,fast,True
565.7249999999999,context_wall,spatial_context,wall,0.8588862544628811,fast,0.6440569283841825,wall,slow,True
565.8749999999999,context_wall,spatial_context,corner,0.9303054176249194,slow,0.4344420754681018,corner,slow,True
565.9499999999999,context_wall,spatial_context,wall,0.837456961705853,slow,0.41189426293022907,corner,slow,True
566.0499999999998,context_wall,spatial_context,corner,0.9038848828768009,slow,0.43938635632226386,corner,slow,True
566.1999999999999,context_wall,spatial_context,corner,0.8217870597966601,slow,0.4771665202251473,corner,slow,True
566.2249999999999,context_wall,spatial_context,corner,0.9359288325377496,fast,0.4959063446231783,corner,slow,True
566.2999999999998,context_wall,spatial_context,corner,0.9295477829402996,slow,0.5113757981450775,corner,fast,True
566.3249999999999,context_wall,spatial_context,corner,0.935801093723654,slow,0.5360437211765487,corner,fast,True
566.3499999999999,context_wall,spatial_context,corner,0.9899519263419227,fast,0.5113358892679738,corner,fast,True
566.3749999999999,context_wall,spatial_context,corner,0.9812593649141147,fast,0.5641692015853349,corner,fast,True
566.3999999999999,context_wall,spatial_context,corner,0.8967697759415435,slow,0.4729930782103431,corner,fast,True
566.4249999999998,context_wall,spatial_context,corner,0.9572379670453506,fast,0.4477754872813459,corner,fast,True
566.4499999999999,context_wall,spatial_context,corner,0.9661470933455325,fast,0.4848373074094283,corner,fast,True
566.4749999999999,context_wall,spatial_context,corner,0.9895646208717435,fast,0.5495701221729162,corner,fast,True
566.4999999999999,context_wall,spatial_context,corner,0.9945358977088021,fast,0.6284797401360426,corner,fast,True
566.5249999999999,context_wall,spatial_context,corner,0.9805548303152766,fast,0.7168741916553258,corner,fast,True
566.5499999999998,context_wall,spatial_context,corner,0.9679853103446862,fast,0.65380336719809,corner,fast,True
566.5999999999999,context_wall,spatial_context,corner,0.8273506485893577,fast,0.49982038721730326,corner,slow,True
566.7249999999999,context_wall,spatial_context,corner,0.8087093626291695,slow,0.4870301742756327,corner,slow,True
566.7499999999999,context_wall,spatial_context,corner,0.8673078190323424,slow,0.4610921654813304,corner,slow,True
566.7749999999999,context_wall,spatial_context,corner,0.8854077361973223,slow,0.4594533114203341,corner,slow,True
566.8749999999999,context_wall,spatial_context,corner,0.8618044245499449,slow,0.3986152163944,corner,slow,True
566.8999999999999,context_wall,spatial_context,corner,0.9478507339750877,slow,0.38608127368646017,corner,slow,True
567.2249999999999,context_wall,spatial_context,corner,0.808571553837416,slow,0.47788043253917734,corner,slow,True
567.2749999999999,context_wall,spatial_context,corner,0.812556836586257,fast,0.5151813132347177,corner,fast,True
567.2999999999998,context_wall,spatial_context,corner,0.8917908037974,fast,0.5196781603822891,corner,fast,True
567.3749999999999,context_wall,spatial_context,corner,0.8942808662827174,slow,0.46161419010611004,corner,slow,True
567.3999999999999,context_wall,spatial_context,corner,0.9763693783707729,slow,0.45515332648960927,corner,slow,True
567.4249999999998,context_wall,spatial_context,corner,0.9963451079213914,slow,0.4515438402466706,corner,slow,True
567.4499999999999,context_wall,spatial_context,corner,0.9874526410076291,fast,0.44505614250680603,corner,slow,True
567.4749999999999,context_wall,spatial_context,corner,0.9764017271436339,fast,0.4347942374370736,corner,slow,True
567.4999999999999,context_wall,spatial_context,corner,0.9466157165165903,fast,0.49609108089106646,corner,slow,True
567.5999999999999,context_wall,spatial_context,wall,0.8333419042277181,slow,0.4599054726944381,corner,slow,True
567.6499999999999,context_wall,spatial_context,corner,0.9643450128898076,still,0.5438859432300872,corner,slow,True
567.6749999999998,context_wall,spatial_context,corner,0.9706452974536791,slow,0.4616387193798107,corner,slow,True
567.6999999999999,context_wall,spatial_context,corner,0.981193696799897,slow,0.47500763230051324,corner,slow,True
567.7249999999999,context_wall,spatial_context,corner,0.9790372661226427,slow,0.50060626451571,corner,slow,True
567.9999999999999,context_wall,spatial_context,corner,0.8972078363389213,slow,0.4071612356547651,corner,still,True
568.1749999999998,context_wall,spatial_context,corner,0.877177079490053,slow,0.48865937804178633,corner,still,True
568.1999999999999,context_wall,spatial_context,corner,0.8559825914988617,slow,0.5127836406058226,corner,still,True
568.2499999999999,context_wall,spatial_context,corner,0.9212254311433421,still,0.4440276344736674,corner,slow,True
568.3749999999999,context_wall,spatial_context,corner,0.8412387772595783,slow,0.46531785969705086,corner,slow,True
568.5499999999998,context_wall,spatial_context,corner,0.8907052636266406,slow,0.48182730858130696,corner,slow,True
568.7499999999999,context_wall,spatial_context,corner,0.8969409053721004,fast,0.46674364782160693,corner,slow,True
568.7749999999999,context_wall,spatial_context,corner,0.8607974977858494,fast,0.47979517279333483,corner,slow,True
568.8499999999999,context_wall,spatial_context,wall,0.8611848549037522,fast,0.4709278440678963,corner,slow,True
568.8999999999999,context_wall,spatial_context,wall,0.8098553134907819,fast,0.5095880126299411,wall,slow,True
568.9249999999998,context_wall,spatial_context,wall,0.8822557661708617,slow,0.4541119639218541,wall,slow,True
568.9499999999999,context_wall,spatial_context,wall,0.8551496243114891,fast,0.48082949115926,wall,slow,True
568.9749999999999,context_wall,spatial_context,wall,0.8334841049488126,fast,0.5350519297094395,wall,slow,True
569.0499999999998,context_wall,spatial_context,corner,0.9030233919964804,still,0.4942037387697193,wall,slow,True
569.1499999999999,context_wall,spatial_context,wall,0.9584532435127164,still,0.5504904206135541,wall,slow,True
569.1749999999998,context_wall,spatial_context,wall,0.9804894631898781,still,0.6343426910719443,wall,slow,True
569.1999999999999,context_wall,spatial_context,wall,0.9818187340275569,slow,0.42974545927833846,wall,slow,True
569.2249999999999,context_wall,spatial_context,wall,0.972870305433882,slow,0.4446290339001214,wall,slow,True
569.2499999999999,context_wall,spatial_context,wall,0.9390753531560718,slow,0.45167296233059373,wall,slow,True
569.2749999999999,context_wall,spatial_context,wall,0.8104885964734605,slow,0.4727021458689879,wall,slow,True
569.4499999999999,context_wall,spatial_context,wall,0.9534022715644103,slow,0.40388953919801635,wall,slow,True
569.4749999999999,context_wall,spatial_context,wall,0.9319768782132231,slow,0.4038165255522302,wall,slow,True
569.4999999999999,context_wall,spatial_context,wall,0.9281817359718858,fast,0.5203305368399052,wall,slow,True
569.5999999999999,context_wall,spatial_context,corner,0.8902575604353071,fast,0.49912513745915477,wall,fast,True
569.6749999999998,context_wall,spatial_context,corner,0.8639807793225994,fast,0.6555180057122285,wall,fast,True
569.7249999999999,context_wall,spatial_context,corner,0.8015144637603068,fast,0.6576814116715793,wall,fast,True
569.7499999999999,context_wall,spatial_context,corner,0.9117865573381985,fast,0.5823652738530836,wall,fast,True
569.7749999999999,context_wall,spatial_context,corner,0.8727129592196596,slow,0.500266661087151,wall,fast,True
569.7999999999998,context_wall,spatial_context,corner,0.944466196473487,fast,0.4579838516197119,center,fast,False
569.9499999999999,context_wall,spatial_context,wall,0.9796302784467188,fast,0.6574665457742991,center,fast,False
569.9749999999999,context_wall,spatial_context,wall,0.8662334415975272,fast,0.6678993716618402,center,fast,False
569.9999999999999,context_wall,spatial_context,wall,0.9061087129631249,fast,0.5301838827244508,center,fast,False
570.1249999999999,context_wall,spatial_context,wall,0.844782344743757,fast,0.6233062688447508,center,fast,False
571.2999999999998,context_wall,spatial_context,wall,0.810407447418503,fast,0.7067454555962555,center,fast,False
572.0999999999999,context_wall,spatial_context,wall,0.8590496090418294,fast,0.5962244030409102,center,fast,False
572.1249999999999,context_wall,spatial_context,wall,0.9745334464012354,fast,0.6256833753862548,center,fast,False
572.1499999999999,context_wall,spatial_context,wall,0.9936851958750801,fast,0.6383870526862578,center,fast,False
572.1749999999998,context_wall,spatial_context,wall,0.9659205050492176,fast,0.65922209694909,center,fast,False
572.1999999999999,context_wall,spatial_context,wall,0.9171657488606407,fast,0.6584444479206424,center,fast,False
572.2249999999999,context_wall,spatial_context,wall,0.8900352318329792,fast,0.4999235120893091,center,fast,False
572.3249999999999,context_wall,spatial_context,corner,0.9500059411790037,slow,0.44608494510074104,wall,slow,True
572.9249999999998,context_wall,spatial_context,wall,0.8394532812999143,still,0.4673971180083758,wall,slow,True
573.1499999999999,context_wall,spatial_context,wall,0.8211712444019922,slow,0.4612848151717677,wall,slow,True
573.4499999999999,context_wall,spatial_context,corner,0.830257199215647,slow,0.46528265767081545,wall,slow,True
573.5749999999999,context_wall,spatial_context,corner,0.9037386438608405,slow,0.5096889660607865,wall,slow,True
573.5999999999999,context_wall,spatial_context,corner,0.8920083523361508,slow,0.5423829930021044,wall,slow,True
573.6249999999999,context_wall,spatial_context,corner,0.8764359104826107,slow,0.534868927561847,wall,slow,True
573.8749999999999,context_wall,spatial_context,wall,0.8212904509391481,fast,0.5439822029596023,wall,slow,True
573.9249999999998,context_wall,spatial_context,wall,0.8970405131909162,fast,0.5273646614647418,wall,slow,True
574.0999999999999,context_wall,spatial_context,corner,0.8178459756997232,fast,0.5831324546061896,wall,slow,True
574.2499999999999,context_wall,spatial_context,corner,0.91178513082526,slow,0.5142502316001194,wall,slow,True
574.2749999999999,context_wall,spatial_context,corner,0.9051155604283144,slow,0.4877772222191824,wall,slow,True
574.4749999999999,context_wall,spatial_context,corner,0.9144800999802386,fast,0.5515774690509143,wall,slow,True
574.4999999999999,context_wall,spatial_context,corner,0.8992225863619405,fast,0.4816564934635929,wall,slow,True
574.5249999999999,context_wall,spatial_context,corner,0.9469410647392128,slow,0.5154899815299,wall,slow,True
574.7249999999999,context_wall,spatial_context,wall,0.9395101391311593,slow,0.47190865214141975,wall,slow,True
574.7499999999999,context_wall,spatial_context,wall,0.9225818503264408,fast,0.5499962527128989,wall,slow,True
574.7749999999999,context_wall,spatial_context,wall,0.8458477921365467,fast,0.4816552306773588,wall,slow,True
574.7999999999998,context_wall,spatial_context,wall,0.8862931978143774,fast,0.5568299247749401,wall,slow,True
574.9749999999999,context_wall,spatial_context,wall,0.8494278601509804,fast,0.5490266287090563,wall,fast,True
575.0249999999999,context_wall,spatial_context,wall,0.8370884893701166,fast,0.7127805849696182,wall,fast,True
575.0499999999998,context_wall,spatial_context,wall,0.8826721909971924,fast,0.5574383863063526,wall,slow,True
575.0749999999999,context_wall,spatial_context,wall,0.9471556905816704,fast,0.5304654050987334,wall,slow,True
575.0999999999999,context_wall,spatial_context,wall,0.9063584104959226,fast,0.5925368477402815,wall,slow,True
575.1499999999999,context_wall,spatial_context,wall,0.8242225289671988,fast,0.5392512408367448,wall,slow,True
575.2249999999999,context_wall,spatial_context,wall,0.884089653799847,fast,0.6039406217476049,wall,slow,True
575.3999999999999,context_wall,spatial_context,corner,0.8199540401903088,fast,0.6152532329861711,wall,slow,True
575.4249999999998,context_wall,spatial_context,corner,0.8525539845557791,fast,0.5853623773446284,wall,slow,True
575.6749999999998,context_wall,spatial_context,wall,0.8541640796612002,slow,0.4991720488357233,center,slow,False
575.6999999999999,context_wall,spatial_context,wall,0.8321808003928327,slow,0.48571138199227887,center,slow,False
575.7249999999999,context_wall,spatial_context,wall,0.8259050928267144,slow,0.40980983455646786,center,slow,False
576.8249999999999,context_wall,spatial_context,wall,0.8722086901125712,slow,0.46061687267929513,center,fast,False
577.7499999999999,context_wall,spatial_context,wall,0.8257546671505539,fast,0.7558019823801534,center,fast,False
580.3249999999999,context_wall,spatial_context,wall,0.8204634104458843,fast,0.7063124018621586,corner,fast,True
580.5249999999999,context_wall,spatial_context,corner,0.8271407490927408,fast,0.4778816427708691,corner,fast,True
580.5749999999999,context_wall,spatial_context,wall,0.8468261156050092,fast,0.6140306466782519,corner,fast,True
580.5999999999999,context_wall,spatial_context,wall,0.8920332795349195,fast,0.6238314140247058,corner,fast,True
580.7499999999999,context_wall,spatial_context,wall,0.808119879920789,fast,0.6723035732927003,corner,slow,True
580.7999999999998,context_wall,spatial_context,corner,0.8928720193185045,fast,0.5160708344124236,corner,slow,True
580.8249999999999,context_wall,spatial_context,corner,0.958096693513231,fast,0.501857256405367,corner,slow,True
580.8499999999999,context_wall,spatial_context,corner,0.973605990105212,fast,0.5021207994219772,corner,fast,True
580.8749999999999,context_wall,spatial_context,corner,0.9459289999370544,slow,0.5082119820688635,corner,fast,True
580.8999999999999,context_wall,spatial_context,corner,0.9151009243923134,fast,0.5300917289034459,corner,fast,True
580.9249999999998,context_wall,spatial_context,corner,0.8670462759358987,fast,0.48469888352380336,corner,fast,True
580.9499999999999,context_wall,spatial_context,corner,0.8364240519465315,slow,0.4903802323961065,corner,slow,True
580.9749999999999,context_wall,spatial_context,corner,0.9309513036639233,fast,0.5873381756922581,corner,slow,True
580.9999999999999,context_wall,spatial_context,corner,0.9530206546666031,slow,0.42930008778121026,corner,slow,True
581.0249999999999,context_wall,spatial_context,corner,0.9407220032138447,fast,0.5606430280811332,corner,slow,True
581.0499999999998,context_wall,spatial_context,corner,0.9563676453356871,fast,0.4954578644723856,corner,fast,True
581.0749999999999,context_wall,spatial_context,corner,0.992395904578567,fast,0.5256030476370128,corner,fast,True
581.0999999999999,context_wall,spatial_context,corner,0.978762166673046,fast,0.6097407771331577,corner,slow,True
581.1249999999999,context_wall,spatial_context,corner,0.9693342143774024,fast,0.493458628562201,corner,slow,True
581.1499999999999,context_wall,spatial_context,corner,0.9662379777761294,slow,0.49209764622330004,corner,fast,True
581.1749999999998,context_wall,spatial_context,corner,0.8357152816170221,slow,0.5500463369934228,corner,fast,True
581.2249999999999,context_wall,spatial_context,corner,0.9312798150773562,slow,0.5411928779810311,corner,fast,True
581.2499999999999,context_wall,spatial_context,corner,0.9204546478535223,slow,0.4622454351688827,corner,fast,True
581.3249999999999,context_wall,spatial_context,wall,0.8286027794815073,slow,0.4522170505131383,corner,fast,True
581.3499999999999,context_wall,spatial_context,wall,0.9246601089933254,slow,0.3916266655957129,corner,fast,True
581.4249999999998,context_wall,spatial_context,corner,0.9050957520933304,fast,0.5902373297387128,corner,fast,True
581.4499999999999,context_wall,spatial_context,corner,0.9329560210734713,fast,0.5615673473476379,corner,fast,True
581.4749999999999,context_wall,spatial_context,corner,0.9583376397868266,fast,0.6106662515621062,corner,fast,True
581.4999999999999,context_wall,spatial_context,corner,0.9471324023565829,fast,0.6371670399521332,corner,fast,True
581.5249999999999,context_wall,spatial_context,corner,0.8739599828460737,fast,0.501864449399804,corner,fast,True
581.5499999999998,context_wall,spatial_context,corner,0.9317957439361518,fast,0.5083046097679972,corner,fast,True
581.5749999999999,context_wall,spatial_context,corner,0.9033037615470283,fast,0.5150532468251096,corner,fast,True
581.6999999999999,context_wall,spatial_context,corner,0.9830425745826954,slow,0.5304962364981144,corner,slow,True
581.7249999999999,context_wall,spatial_context,corner,0.9619882763320426,slow,0.48135020928327704,corner,slow,True
581.7499999999999,context_wall,spatial_context,corner,0.971649960359674,slow,0.5104217823426948,corner,slow,True
581.7749999999999,context_wall,spatial_context,corner,0.9558329092759823,slow,0.48468096928367765,corner,slow,True
581.8249999999999,context_wall,spatial_context,corner,0.9110360876581659,slow,0.4382478294645813,corner,slow,True
582.0249999999999,context_wall,spatial_context,corner,0.8785510602538406,slow,0.4537686763864928,corner,slow,True
582.0499999999998,context_wall,spatial_context,corner,0.8998357960912423,still,0.4621304457987577,corner,slow,True
582.0749999999999,context_wall,spatial_context,corner,0.9040524203585791,slow,0.4283383084163573,corner,slow,True
582.0999999999999,context_wall,spatial_context,corner,0.9043834286042293,still,0.5001719481335343,corner,slow,True
582.1249999999999,context_wall,spatial_context,corner,0.8523040073962748,still,0.545866781945064,corner,slow,True
582.1499999999999,context_wall,spatial_context,corner,0.8686792239627357,slow,0.42858370884617353,corner,slow,True
582.2749999999999,context_wall,spatial_context,corner,0.9828815546070179,slow,0.41502998024097254,corner,slow,True
582.3249999999999,context_wall,spatial_context,corner,0.8782372335732014,still,0.6167954373707273,corner,slow,True
582.3499999999999,context_wall,spatial_context,corner,0.9425934746995959,slow,0.4857364649081655,corner,slow,True
582.3999999999999,context_wall,spatial_context,corner,0.9887332112917637,slow,0.49419000477792663,corner,slow,True
582.4249999999998,context_wall,spatial_context,corner,0.9480736149731839,fast,0.5832467574601207,corner,slow,True
582.4499999999999,context_wall,spatial_context,corner,0.9478203693390795,fast,0.4955609577045024,corner,slow,True
582.4749999999999,context_wall,spatial_context,corner,0.9415691905403624,fast,0.5125838601175706,corner,slow,True
582.4999999999999,context_wall,spatial_context,corner,0.8743338593332599,fast,0.5510360099974648,corner,slow,True
582.5249999999999,context_wall,spatial_context,corner,0.8766536130879811,slow,0.4454056311674344,corner,slow,True
582.5499999999998,context_wall,spatial_context,corner,0.9631872800212953,slow,0.46255691733983817,corner,slow,True
582.5749999999999,context_wall,spatial_context,corner,0.9605855773088043,slow,0.45331872375948407,corner,slow,True
582.5999999999999,context_wall,spatial_context,corner,0.9356518168680636,fast,0.4496043099914051,corner,slow,True
582.6249999999999,context_wall,spatial_context,corner,0.9683910618927128,slow,0.4263130108106417,corner,slow,True
582.6499999999999,context_wall,spatial_context,corner,0.970164622372796,fast,0.49222616610640374,corner,slow,True
582.6749999999998,context_wall,spatial_context,corner,0.9817396030047857,fast,0.574587552519771,corner,slow,True
582.6999999999999,context_wall,spatial_context,corner,0.9487705418528047,fast,0.5757755289016608,corner,fast,True
582.7249999999999,context_wall,spatial_context,corner,0.9533899534608135,fast,0.49742626928264577,corner,fast,True
582.8499999999999,context_wall,spatial_context,corner,0.967938142460252,fast,0.6922566286847452,corner,slow,True
582.8749999999999,context_wall,spatial_context,corner,0.9640266396205589,fast,0.7148174914948768,corner,slow,True
582.8999999999999,context_wall,spatial_context,corner,0.9922638374396876,fast,0.6877864656590584,corner,slow,True
582.9249999999998,context_wall,spatial_context,corner,0.9634212204015795,fast,0.6251468415228387,corner,slow,True
582.9499999999999,context_wall,spatial_context,corner,0.9358195806685854,fast,0.5939436256273424,corner,fast,True
582.9999999999999,context_wall,spatial_context,corner,0.8135480126655025,slow,0.39720091912434685,corner,fast,True
583.0999999999999,context_wall,spatial_context,wall,0.9011030060803654,fast,0.5618026936734739,corner,fast,True
583.1999999999999,context_wall,spatial_context,corner,0.845422984305043,fast,0.7543806760239283,corner,slow,True
583.2249999999999,context_wall,spatial_context,corner,0.923517871330052,fast,0.6794202121933596,corner,slow,True
583.2499999999999,context_wall,spatial_context,corner,0.9764133115364436,fast,0.6046142631481062,corner,slow,True
583.2749999999999,context_wall,spatial_context,corner,0.9733633841061538,fast,0.4741857037995092,corner,slow,True
583.2999999999998,context_wall,spatial_context,corner,0.9119376832275904,slow,0.3857526293188938,corner,slow,True
583.3249999999999,context_wall,spatial_context,corner,0.8997796667339222,slow,0.4437993765073081,corner,slow,True
583.5249999999999,context_wall,spatial_context,corner,0.9783592865489306,slow,0.4252222959449173,corner,slow,True
583.5499999999998,context_wall,spatial_context,corner,0.995461439209294,slow,0.43626532332405893,corner,slow,True
583.5749999999999,context_wall,spatial_context,corner,0.9994392287229222,slow,0.40192751317663783,corner,slow,True
583.5999999999999,context_wall,spatial_context,corner,0.997916535487812,slow,0.4103294913118105,corner,slow,True
583.6249999999999,context_wall,spatial_context,corner,0.9942893312788166,slow,0.40419946743275814,corner,slow,True
583.6499999999999,context_wall,spatial_context,corner,0.9797431306841752,slow,0.4565665303285409,corner,slow,True
583.6749999999998,context_wall,spatial_context,corner,0.9393647784056761,fast,0.5454019469055399,corner,slow,True
583.6999999999999,context_wall,spatial_context,corner,0.9742382833537963,fast,0.5770893307924969,corner,slow,True
583.7249999999999,context_wall,spatial_context,corner,0.8547541769586616,fast,0.6136478332801485,corner,slow,True
583.7499999999999,context_wall,spatial_context,corner,0.893110901132905,fast,0.5852110893725474,corner,slow,True
583.7999999999998,context_wall,spatial_context,corner,0.802138628607503,slow,0.4377326288001435,corner,slow,True
583.8749999999999,context_wall,spatial_context,corner,0.8213775293488471,slow,0.41274951174100105,corner,slow,True
583.9249999999998,context_wall,spatial_context,corner,0.8485912164075305,slow,0.4571278627702363,corner,slow,True
583.9499999999999,context_wall,spatial_context,corner,0.8072991712907032,slow,0.4736791559221438,corner,slow,True
583.9749999999999,context_wall,spatial_context,corner,0.8646775847301482,slow,0.43688988220329994,corner,slow,True
583.9999999999999,context_wall,spatial_context,corner,0.9443766026712238,slow,0.42634440332737333,corner,slow,True
584.0249999999999,context_wall,spatial_context,corner,0.9251623313684365,slow,0.39329670576727593,corner,slow,True
584.0499999999998,context_wall,spatial_context,corner,0.9499180444632654,slow,0.41936175671921744,corner,slow,True
584.0749999999999,context_wall,spatial_context,corner,0.9299927864254033,slow,0.404974063438467,corner,slow,True
584.0999999999999,context_wall,spatial_context,corner,0.9554647793718462,slow,0.45459559531735216,corner,slow,True
584.1249999999999,context_wall,spatial_context,corner,0.9286803119597833,slow,0.476181177057344,corner,slow,True
584.1499999999999,context_wall,spatial_context,corner,0.9082271941706207,slow,0.4945838742182327,corner,slow,True
584.5249999999999,context_wall,spatial_context,corner,0.8174963410575995,still,0.4178122552531104,corner,slow,True
584.5499999999998,context_wall,spatial_context,corner,0.8186035554165823,slow,0.41204573316613513,corner,slow,True
584.5999999999999,context_wall,spatial_context,corner,0.8706201969366509,slow,0.3854096311269374,corner,slow,True
584.6249999999999,context_wall,spatial_context,corner,0.8773986240568423,still,0.4835938163423527,corner,slow,True
584.7749999999999,context_wall,spatial_context,corner,0.8385668397654217,slow,0.4245826642402351,corner,slow,True
584.7999999999998,context_wall,spatial_context,corner,0.9686939034380341,slow,0.48386940967113756,corner,slow,True
584.8249999999999,context_wall,spatial_context,corner,0.8989521441279111,slow,0.42253103911540046,corner,slow,True
584.8499999999999,context_wall,spatial_context,corner,0.9358822280456246,slow,0.514454371833624,corner,slow,True
584.8749999999999,context_wall,spatial_context,corner,0.8856980851506905,slow,0.54920526923365,corner,slow,True
584.8999999999999,context_wall,spatial_context,corner,0.8177339841056902,slow,0.49418584756423445,corner,slow,True
584.9249999999998,context_wall,spatial_context,corner,0.9448425693149378,fast,0.5275356223046006,corner,slow,True
584.9499999999999,context_wall,spatial_context,corner,0.9561870189536189,fast,0.5047356556678154,corner,slow,True
584.9749999999999,context_wall,spatial_context,corner,0.9832094028890953,fast,0.5197828926381658,corner,slow,True
584.9999999999999,context_wall,spatial_context,corner,0.8601527979101791,slow,0.4319750466734863,corner,slow,True
585.0249999999999,context_wall,spatial_context,corner,0.8598826378039148,slow,0.41137284880534575,corner,slow,True
585.0499999999998,context_wall,spatial_context,corner,0.886130310609856,slow,0.5283481556009243,corner,slow,True
585.0999999999999,context_wall,spatial_context,corner,0.8867774456447156,slow,0.48147119612049677,corner,slow,True
585.1249999999999,context_wall,spatial_context,corner,0.9472993823577776,slow,0.47210977149726596,corner,slow,True
585.1499999999999,context_wall,spatial_context,corner,0.8783064126805624,slow,0.44984634563514597,corner,slow,True
585.1749999999998,context_wall,spatial_context,corner,0.8941108242002168,fast,0.4627949518240225,corner,slow,True
585.1999999999999,context_wall,spatial_context,corner,0.8360497830386496,fast,0.5075428571915187,corner,slow,True
585.2999999999998,context_wall,spatial_context,corner,0.8703475835933926,slow,0.46764806957837224,corner,fast,True
585.3249999999999,context_wall,spatial_context,corner,0.8978708208059722,fast,0.43751692122162905,corner,fast,True
585.3499999999999,context_wall,spatial_context,corner,0.8068483876153797,fast,0.5186995276838882,corner,fast,True
585.3749999999999,context_wall,spatial_context,corner,0.8312906154611145,fast,0.48734794594581893,corner,fast,True
585.5749999999999,context_wall,spatial_context,corner,0.8660330662230796,fast,0.4877096692664077,corner,fast,True
585.5999999999999,context_wall,spatial_context,corner,0.8826128088700529,fast,0.5312790761383592,corner,fast,True
585.6249999999999,context_wall,spatial_context,corner,0.9511139953103964,fast,0.6230828668405305,corner,fast,True
585.6499999999999,context_wall,spatial_context,corner,0.9275738302651514,fast,0.6242661146455064,corner,fast,True
585.6749999999998,context_wall,spatial_context,corner,0.9094537996947284,fast,0.5541030851731532,corner,fast,True
585.6999999999999,context_wall,spatial_context,corner,0.9259450272515722,fast,0.5827362672750217,corner,fast,True
585.7499999999999,context_wall,spatial_context,corner,0.8407151706309386,fast,0.6176721358697864,corner,fast,True
585.7749999999999,context_wall,spatial_context,corner,0.8279040036803602,fast,0.5736881334857581,corner,fast,True
585.7999999999998,context_wall,spatial_context,corner,0.8051208947611282,fast,0.47898275494918363,corner,fast,True
585.8999999999999,context_wall,spatial_context,corner,0.8171604612750869,slow,0.46230822453807335,corner,slow,True
585.9249999999998,context_wall,spatial_context,corner,0.8353203382149917,slow,0.44373487287495555,corner,slow,True
586.2499999999999,context_wall,spatial_context,corner,0.8704004761456349,slow,0.5128377781837884,corner,fast,True
586.2749999999999,context_wall,spatial_context,corner,0.9513177335526074,slow,0.43869502112158565,corner,fast,True
586.2999999999998,context_wall,spatial_context,corner,0.9250103553454934,slow,0.46607118147060456,corner,fast,True
586.3249999999999,context_wall,spatial_context,corner,0.9598907849674209,fast,0.5358365603336135,corner,fast,True
586.3499999999999,context_wall,spatial_context,corner,0.8498329594533008,fast,0.626922642878889,corner,slow,True
586.3749999999999,context_wall,spatial_context,corner,0.866167599405918,slow,0.454753481454847,corner,slow,True
586.5249999999999,context_wall,spatial_context,corner,0.9307887128502468,fast,0.66648201400201,corner,fast,True
586.5499999999998,context_wall,spatial_context,corner,0.9487036052987976,fast,0.6296372995180836,corner,slow,True
586.5749999999999,context_wall,spatial_context,corner,0.9907536380778843,fast,0.6396651703183625,corner,slow,True
586.5999999999999,context_wall,spatial_context,corner,0.9365768882979846,fast,0.6503016170824438,corner,slow,True
586.6249999999999,context_wall,spatial_context,corner,0.8807934304049542,fast,0.5963402594398418,corner,slow,True
586.6749999999998,context_wall,spatial_context,wall,0.8562010405470456,fast,0.43830746847927415,corner,slow,True
586.8749999999999,context_wall,spatial_context,corner,0.8615842417207459,slow,0.4949881519080852,corner,slow,True
586.8999999999999,context_wall,spatial_context,corner,0.9398770247313224,slow,0.4966910148133522,corner,fast,True
586.9249999999998,context_wall,spatial_context,corner,0.8886351338121907,fast,0.5707581644895785,corner,fast,True
586.9499999999999,context_wall,spatial_context,corner,0.8356244848388835,fast,0.5091909402448569,corner,slow,True
587.0499999999998,context_wall,spatial_context,corner,0.9911496126850042,slow,0.483361020964396,corner,slow,True
587.0749999999999,context_wall,spatial_context,corner,0.9883693245203085,fast,0.5554297462378293,corner,slow,True
587.0999999999999,context_wall,spatial_context,corner,0.986795907059377,fast,0.5897850727839259,corner,fast,True
587.1249999999999,context_wall,spatial_context,corner,0.9983596394570352,fast,0.5452596448621299,corner,fast,True
587.1499999999999,context_wall,spatial_context,corner,0.9549621578685973,fast,0.5087152216309891,corner,slow,True
587.1749999999998,context_wall,spatial_context,corner,0.9783335573444716,fast,0.5544778668949174,corner,slow,True
587.1999999999999,context_wall,spatial_context,corner,0.9743699249731604,slow,0.4667502590896202,corner,slow,True
587.3249999999999,context_wall,spatial_context,corner,0.8431251532835867,fast,0.4618854289911078,corner,slow,True
587.3499999999999,context_wall,spatial_context,corner,0.9194040316658496,slow,0.40077128556373304,corner,slow,True
587.3749999999999,context_wall,spatial_context,corner,0.948994905454584,slow,0.3931431353260813,corner,slow,True
587.3999999999999,context_wall,spatial_context,corner,0.8579925569600338,slow,0.44738076773834273,corner,slow,True
587.5249999999999,context_wall,spatial_context,corner,0.8123311547401373,fast,0.5678188250926751,corner,slow,True
587.5499999999998,context_wall,spatial_context,corner,0.9064840541231872,fast,0.5897314165672829,corner,slow,True
587.5999999999999,context_wall,spatial_context,corner,0.8253137967096348,fast,0.6778724872803511,corner,slow,True
587.6749999999998,context_wall,spatial_context,corner,0.8575823153476166,still,0.38310281759323955,corner,slow,True
587.6999999999999,context_wall,spatial_context,corner,0.8374381333275591,slow,0.39922943191527765,corner,slow,True
587.7499999999999,context_wall,spatial_context,corner,0.8806133651306283,still,0.5008547947662273,corner,slow,True
587.8249999999999,context_wall,spatial_context,corner,0.9538694740298371,slow,0.3963285899884004,corner,slow,True
587.8499999999999,context_wall,spatial_context,corner,0.9187384195531489,still,0.38525437142702684,corner,slow,True
587.8749999999999,context_wall,spatial_context,corner,0.9146072845359267,still,0.4260587896447404,corner,slow,True
587.8999999999999,context_wall,spatial_context,corner,0.8101438358889962,still,0.4379014173862427,corner,slow,True
587.9999999999999,context_wall,spatial_context,corner,0.9739201985058223,slow,0.4714874662179057,corner,slow,True
588.0249999999999,context_wall,spatial_context,corner,0.9492565317937387,fast,0.48520829256073406,corner,slow,True
588.0499999999998,context_wall,spatial_context,corner,0.8903633368881153,slow,0.4701788727597095,corner,slow,True
588.0749999999999,context_wall,spatial_context,corner,0.8247144562787954,fast,0.5327934450373212,corner,slow,True
588.1249999999999,context_wall,spatial_context,corner,0.9057367345648003,slow,0.40921395852732817,corner,slow,True
588.1499999999999,context_wall,spatial_context,corner,0.9693656822380565,slow,0.415283394409131,corner,slow,True
588.1749999999998,context_wall,spatial_context,corner,0.9744703938608253,slow,0.42469595132072047,corner,slow,True
588.1999999999999,context_wall,spatial_context,corner,0.9652671534403902,slow,0.4638868007007397,corner,slow,True
588.2249999999999,context_wall,spatial_context,corner,0.8089196037363748,slow,0.47348781535033574,corner,slow,True
588.2499999999999,context_wall,spatial_context,corner,0.8388209832144662,slow,0.5313351169839573,corner,still,True
588.3249999999999,context_wall,spatial_context,corner,0.9586641615716397,still,0.4543412942168476,corner,slow,True
588.3499999999999,context_wall,spatial_context,corner,0.9101720510872293,still,0.4422551497556691,corner,still,True
588.3749999999999,context_wall,spatial_context,corner,0.9678570439373189,still,0.5765061979665976,corner,still,True
588.3999999999999,context_wall,spatial_context,corner,0.9835124518134879,still,0.60262621487444,corner,slow,True
588.4249999999998,context_wall,spatial_context,corner,0.9863583562579457,still,0.5455565233280834,corner,slow,True
588.4499999999999,context_wall,spatial_context,corner,0.9926102894341954,slow,0.43458411151553006,corner,slow,True
588.4749999999999,context_wall,spatial_context,corner,0.9927025888097876,still,0.4518407442099355,corner,slow,True
588.4999999999999,context_wall,spatial_context,corner,0.9895002631112999,still,0.480510930808043,corner,slow,True
588.5249999999999,context_wall,spatial_context,corner,0.9853118521876584,still,0.49060558888207273,corner,slow,True
588.5499999999998,context_wall,spatial_context,corner,0.9898460527482441,still,0.5006680847459013,corner,slow,True
588.5749999999999,context_wall,spatial_context,corner,0.9928841450525099,still,0.5595997067736708,corner,slow,True
588.5999999999999,context_wall,spatial_context,corner,0.9686282257040582,slow,0.4070011903391514,corner,fast,True
588.6249999999999,context_wall,spatial_context,corner,0.9668086966153584,slow,0.41824872865977947,corner,fast,True
588.6499999999999,context_wall,spatial_context,corner,0.9523647661694961,slow,0.4227391906083458,corner,slow,True
588.6749999999998,context_wall,spatial_context,corner,0.9285885344969536,fast,0.42220955448719494,corner,slow,True
588.6999999999999,context_wall,spatial_context,corner,0.9382404821637139,fast,0.4780972803164859,corner,fast,True
588.7249999999999,context_wall,spatial_context,corner,0.9607917816823032,fast,0.5026626472917615,corner,fast,True
588.7499999999999,context_wall,spatial_context,corner,0.9096323387516938,slow,0.47252293808386137,corner,slow,True
588.7749999999999,context_wall,spatial_context,corner,0.8156875945374389,slow,0.4854945090568456,corner,slow,True
588.7999999999998,context_wall,spatial_context,corner,0.9526933753336105,slow,0.4562251289568988,corner,fast,True
588.8249999999999,context_wall,spatial_context,corner,0.9723216216128059,fast,0.4115997653616471,corner,fast,True
588.8499999999999,context_wall,spatial_context,corner,0.9602928625919517,fast,0.49394264925153986,corner,fast,True
588.8749999999999,context_wall,spatial_context,corner,0.9674278861519033,slow,0.4164871559026988,corner,fast,True
588.8999999999999,context_wall,spatial_context,corner,0.9489323664000784,fast,0.48527394502444393,corner,fast,True
588.9249999999998,context_wall,spatial_context,corner,0.9590942151832669,fast,0.45617056691768915,corner,fast,True
588.9499999999999,context_wall,spatial_context,corner,0.9821273924037924,fast,0.598757661042539,corner,fast,True
588.9749999999999,context_wall,spatial_context,corner,0.9496428774101556,fast,0.7200698376354515,corner,fast,True
588.9999999999999,context_wall,spatial_context,corner,0.9930607691941072,fast,0.7058072862307766,corner,fast,True
589.0249999999999,context_wall,spatial_context,corner,0.9012806122874691,fast,0.8161850885464648,corner,fast,True
589.0499999999998,context_wall,spatial_context,corner,0.8974136912255744,fast,0.8821296128610443,corner,fast,True
589.0749999999999,context_wall,spatial_context,corner,0.9650861703820599,fast,0.778775700501905,corner,fast,True
589.1999999999999,context_wall,spatial_context,corner,0.9536793239939886,fast,0.7312771397815025,corner,fast,True
589.2249999999999,context_wall,spatial_context,corner,0.9786576145437859,fast,0.7452884049378288,corner,fast,True
589.2499999999999,context_wall,spatial_context,corner,0.9896887025646608,fast,0.695208109412539,corner,fast,True
589.2749999999999,context_wall,spatial_context,corner,0.9645149524713909,fast,0.6328192779796111,corner,fast,True
589.2999999999998,context_wall,spatial_context,corner,0.8342489679206515,fast,0.4850385840491802,corner,fast,True
589.4249999999998,context_wall,spatial_context,corner,0.8927796610495663,slow,0.5305490815377669,corner,slow,True
589.4499999999999,context_wall,spatial_context,corner,0.994905552512095,slow,0.5343397196984713,corner,slow,True
589.4749999999999,context_wall,spatial_context,corner,0.9856605120600556,slow,0.5180150683267448,corner,slow,True
589.4999999999999,context_wall,spatial_context,corner,0.9768280962885553,slow,0.5616022225471219,corner,slow,True
589.5249999999999,context_wall,spatial_context,corner,0.9752886817649096,fast,0.4928968283723997,corner,slow,True
589.5499999999998,context_wall,spatial_context,corner,0.9321317168143439,fast,0.6649504401944278,corner,slow,True
589.5749999999999,context_wall,spatial_context,corner,0.9555071451217961,fast,0.6468554631845777,corner,slow,True
589.5999999999999,context_wall,spatial_context,corner,0.910074312314688,fast,0.6068539076977387,corner,slow,True
589.6249999999999,context_wall,spatial_context,corner,0.8462783432182768,fast,0.5616968296512855,corner,slow,True
589.7249999999999,context_wall,spatial_context,corner,0.907836993566705,slow,0.47855891275426543,corner,slow,True
589.7499999999999,context_wall,spatial_context,corner,0.9927444279256378,slow,0.4919591572017793,corner,slow,True
589.7749999999999,context_wall,spatial_context,corner,0.9707483626662021,slow,0.49470898835095595,corner,slow,True
589.7999999999998,context_wall,spatial_context,corner,0.9822664755216464,slow,0.5107648870583749,corner,slow,True
589.8249999999999,context_wall,spatial_context,corner,0.9220737755104481,slow,0.4870180741225505,corner,slow,True
589.8499999999999,context_wall,spatial_context,corner,0.8799568306973384,slow,0.45219633909130585,corner,slow,True
589.8749999999999,context_wall,spatial_context,corner,0.9680312377624704,fast,0.43290667664383053,corner,slow,True
589.8999999999999,context_wall,spatial_context,corner,0.9786591166580847,slow,0.4572719571978003,corner,slow,True
589.9249999999998,context_wall,spatial_context,corner,0.9917935378084498,slow,0.4563783067568404,corner,slow,True
589.9499999999999,context_wall,spatial_context,corner,0.9777744062997424,slow,0.5323039121792329,corner,slow,True
589.9749999999999,context_wall,spatial_context,corner,0.9632536873147803,slow,0.5785995312798967,corner,slow,True
589.9999999999999,context_wall,spatial_context,corner,0.8938254104541243,slow,0.48736615661722626,corner,slow,True
590.1249999999999,context_wall,spatial_context,corner,0.8795877617846282,slow,0.46077806215167205,corner,slow,True
590.1499999999999,context_wall,spatial_context,corner,0.8274431073785552,fast,0.4924422036481521,corner,slow,True
590.1749999999998,context_wall,spatial_context,corner,0.8891384966116811,fast,0.5161911292046751,corner,slow,True
590.1999999999999,context_wall,spatial_context,corner,0.9025032704521344,fast,0.43082927372318947,corner,slow,True
590.2249999999999,context_wall,spatial_context,corner,0.9728701590699413,slow,0.43791158565313154,corner,slow,True
590.2499999999999,context_wall,spatial_context,corner,0.9671944679756932,fast,0.5618677345764438,corner,fast,True
590.2749999999999,context_wall,spatial_context,corner,0.9833344506912984,fast,0.5284579141479422,corner,fast,True
590.2999999999998,context_wall,spatial_context,corner,0.981942229423179,fast,0.4736417305797946,corner,fast,True
590.3249999999999,context_wall,spatial_context,corner,0.9405154495009864,fast,0.5654665787769892,corner,fast,True
590.3499999999999,context_wall,spatial_context,corner,0.9865995387536978,fast,0.5392070620509092,corner,slow,True
590.3749999999999,context_wall,spatial_context,corner,0.9837725340854889,fast,0.5609694185642322,corner,slow,True
590.3999999999999,context_wall,spatial_context,corner,0.9493243905565624,fast,0.6266042418981165,corner,slow,True
590.4249999999998,context_wall,spatial_context,corner,0.8851466187458217,fast,0.5719611177050955,corner,slow,True
590.4499999999999,context_wall,spatial_context,corner,0.9098242137011398,fast,0.46784407654176846,corner,slow,True
590.4749999999999,context_wall,spatial_context,corner,0.956313241619417,slow,0.5198558387821646,corner,slow,True
590.4999999999999,context_wall,spatial_context,corner,0.9915448617105515,slow,0.5223370471067716,corner,slow,True
590.5249999999999,context_wall,spatial_context,corner,0.9930680912852605,slow,0.4839769230839782,corner,slow,True
590.5499999999998,context_wall,spatial_context,corner,0.996834718135199,slow,0.4411095791695555,corner,slow,True
590.5749999999999,context_wall,spatial_context,corner,0.9771628640520135,slow,0.4476061873285303,corner,slow,True
590.5999999999999,context_wall,spatial_context,corner,0.9433871578630926,slow,0.46771056140589595,corner,slow,True
590.6249999999999,context_wall,spatial_context,corner,0.9226831366757059,slow,0.45178922623772266,corner,slow,True
590.8749999999999,context_wall,spatial_context,corner,0.8609672252968688,slow,0.48540810347753044,corner,slow,True
590.8999999999999,context_wall,spatial_context,corner,0.8820985548176175,slow,0.4616299731498106,wall,slow,True
591.0249999999999,context_wall,spatial_context,corner,0.8104433940276919,still,0.41281433257929523,wall,slow,True
591.0749999999999,context_wall,spatial_context,corner,0.9023678263835915,slow,0.423797506271027,wall,slow,True
591.1999999999999,context_wall,spatial_context,wall,0.8633854755465015,slow,0.49895862724672513,wall,slow,True
591.2749999999999,context_wall,spatial_context,corner,0.9455935804216162,slow,0.49075815146744767,wall,slow,True
591.2999999999998,context_wall,spatial_context,corner,0.9818966376579636,slow,0.4731855182405479,wall,slow,True
591.3249999999999,context_wall,spatial_context,corner,0.9329835718804907,slow,0.5485411749454916,wall,slow,True
591.3499999999999,context_wall,spatial_context,corner,0.8481534294160182,fast,0.49000643793599236,wall,slow,True
591.4499999999999,context_wall,spatial_context,corner,0.868966953814607,slow,0.4292491805195566,wall,slow,True
591.4749999999999,context_wall,spatial_context,corner,0.9168544310186197,still,0.43317622708020176,wall,slow,True
591.4999999999999,context_wall,spatial_context,corner,0.9861103413563628,slow,0.4273694221651567,wall,slow,True
591.5249999999999,context_wall,spatial_context,corner,0.9709814191977404,slow,0.40746181632515716,wall,slow,True
591.5499999999998,context_wall,spatial_context,corner,0.9760850760458215,slow,0.4441905138183662,wall,slow,True
591.5749999999999,context_wall,spatial_context,corner,0.9720373164091103,slow,0.4255012643850982,wall,slow,True
591.5999999999999,context_wall,spatial_context,corner,0.8539395426743275,still,0.4696255643387499,wall,slow,True
591.6249999999999,context_wall,spatial_context,corner,0.909809714099394,still,0.5113944949967757,wall,slow,True
591.6499999999999,context_wall,spatial_context,corner,0.8127440221398533,slow,0.4817145018657708,wall,slow,True
591.6999999999999,context_wall,spatial_context,corner,0.8679417411449288,slow,0.4659514512042163,wall,slow,True
591.7499999999999,context_wall,spatial_context,corner,0.8559143492439213,slow,0.5538438798828518,wall,slow,True
591.7749999999999,context_wall,spatial_context,corner,0.9696700140665291,slow,0.53931947605648,wall,slow,True
591.7999999999998,context_wall,spatial_context,corner,0.9368677585577849,slow,0.468067334951702,wall,slow,True
591.8249999999999,context_wall,spatial_context,corner,0.9414862631532838,slow,0.4167482213476655,wall,slow,True
592.1249999999999,context_wall,spatial_context,wall,0.8624666001858141,slow,0.4692885450551712,wall,slow,True
592.3499999999999,context_wall,spatial_context,wall,0.860141646887136,slow,0.48618657725877773,wall,slow,True
592.4249999999998,context_wall,spatial_context,corner,0.8951136742709046,slow,0.4572178731129866,wall,slow,True
592.4499999999999,context_wall,spatial_context,corner,0.9739005481776317,fast,0.5104985505349517,wall,fast,True
592.4749999999999,context_wall,spatial_context,corner,0.9493070076689082,fast,0.5406269913295386,wall,fast,True
592.4999999999999,context_wall,spatial_context,corner,0.9691203555393793,slow,0.47212726510595504,wall,fast,True
592.5999999999999,context_wall,spatial_context,wall,0.8405271923226647,fast,0.5939527876774986,wall,slow,True
593.0499999999998,context_wall,spatial_context,corner,0.9118734262626896,fast,0.49880583944455353,center,slow,False
593.0749999999999,context_wall,spatial_context,corner,0.9420931782395608,fast,0.5919110988875986,center,slow,False
593.0999999999999,context_wall,spatial_context,corner,0.82156424015506,fast,0.4790658968067145,center,fast,False
593.1249999999999,context_wall,spatial_context,corner,0.8192291154731548,fast,0.5288071018647852,center,fast,False
593.3499999999999,context_wall,spatial_context,wall,0.9066007265050102,fast,0.620241876506356,center,fast,False
