time,true_x,true_y,pred_x,pred_y
420.0750000000004,94.50966619341168,21.694568761939134,87.50441042735069,22.499940310177116
420.10000000000036,94.50966619341168,21.694568761939134,87.50905918157115,22.4990127079688
420.1250000000004,94.4373624584031,21.583857854058724,87.55284575672454,22.4960667925107
420.1500000000004,94.4373624584031,21.583857854058724,87.58786780733404,22.301102894020385
420.17500000000035,94.35598403961382,21.47658405269872,95.40674359639353,4.070560834235326
420.2000000000004,94.35598403961382,21.47658405269872,94.28230976528566,2.641441503011299
420.22500000000036,94.29210147864625,21.36475950044775,92.58549292668108,2.5080226684875764
420.2500000000004,94.29210147864625,21.36475950044775,92.52239753381185,2.500329426024919
420.2750000000004,94.25092840106912,21.212681708470367,92.54185665535607,2.501362773824642
420.30000000000035,94.25092840106912,21.212681708470367,93.95136142597941,2.5256666025607504
420.3250000000004,94.16315994549409,21.10956123424681,92.51358570052665,2.5860352828371185
420.35000000000036,94.16315994549409,21.10956123424681,92.7265928907108,2.5219437449589535
420.3750000000004,94.07990441302384,21.031064059479736,93.97254972456535,3.504971924452265
420.4000000000004,94.07990441302384,21.031064059479736,96.88741863980185,46.97792194333313
420.42500000000035,94.1402741354041,20.80997995585148,95.53923821002408,10.468951642559679
420.4500000000004,94.1402741354041,20.80997995585148,93.96791173216553,2.564135604470743
420.47500000000036,94.2614112509801,20.452177758042733,95.97247511993183,2.50351974745349
420.5000000000004,94.2614112509801,20.452177758042733,97.45734821060358,2.690650823372468
420.5250000000004,94.35914082435616,20.16859743661405,97.49397026087989,2.5014274210112184
420.55000000000035,94.35914082435616,20.16859743661405,96.04604350982638,2.5108258587117036
420.5750000000004,94.3558184355617,19.98462171853281,97.18944744968665,2.5573670622245395
420.60000000000036,94.3558184355617,19.98462171853281,94.82478620669843,3.2363140459376654
420.6250000000004,94.40297334068318,19.771574666487695,92.67158372674547,30.812493277284158
420.6500000000004,94.40297334068318,19.771574666487695,92.64946344588199,24.029350291532705
420.67500000000035,94.38316368540318,19.55874633597873,92.71598732159956,12.823873014915131
420.7000000000004,94.38316368540318,19.55874633597873,92.8564729554043,3.349076555734212
420.72500000000036,94.35514346322658,19.32844434040624,92.85878782575742,2.832123608687821
420.7500000000004,94.35514346322658,19.32844434040624,92.50300053539873,2.6098756111155517
420.7750000000004,94.29097800558225,19.143886584665967,92.50074496107172,2.6064528022523916
420.80000000000035,94.29097800558225,19.143886584665967,92.5361492370419,17.532776182146257
420.8250000000004,94.2055609941142,19.03037581804864,92.49641307313,13.799023467524638
420.85000000000036,94.2055609941142,19.03037581804864,92.50112885937021,2.501247001025319
420.8750000000004,94.12497745480924,18.895590444382275,92.50904301955781,2.500049808121992
420.9000000000004,94.12497745480924,18.895590444382275,92.51699623498705,2.500077602999977
420.92500000000035,94.0102416648658,18.84386452468785,92.95852344383351,2.500002870453955
420.9500000000004,94.0102416648658,18.84386452468785,95.47611845355195,2.5003122287944444
420.97500000000036,93.90744640467156,18.79653629515676,95.5786361163537,2.501870760837397
421.0000000000004,93.90744640467156,18.79653629515676,93.03656289683083,2.5000240962808293
421.0250000000004,93.84996043034717,18.70431326630738,94.2705152697617,2.5000179972636936
421.05000000000035,93.84996043034717,18.70431326630738,96.55044418665403,2.500008615477455
421.0750000000004,93.88531652916758,18.55914355752314,95.48015772074176,2.5012401329475633
421.10000000000036,93.88531652916758,18.55914355752314,96.86632623648241,2.5103613550245334
421.1250000000004,94.01529254083287,18.393187271460985,95.23300062349588,2.504997094512709
421.1500000000004,94.01529254083287,18.393187271460985,96.27972732243899,2.8074793659481263
421.17500000000035,94.19441322224463,18.22416160452313,93.3332144186787,2.8720987201692205
421.2000000000004,94.19441322224463,18.22416160452313,95.45176820297516,2.9650499623675213
421.22500000000036,94.39308479245368,18.094468583804694,96.40997622524802,3.0431072646276007
421.2500000000004,94.39308479245368,18.094468583804694,97.41850694823087,2.518965672475655
421.2750000000004,94.53289335140164,17.95559893752409,97.41554934334177,2.5181746441492505
421.30000000000035,94.53289335140164,17.95559893752409,96.79930701519038,3.390429036063768
421.3250000000004,94.7178147199095,17.783012889946757,97.484236228897,2.5243387763481757
421.35000000000036,94.7178147199095,17.783012889946757,97.49363267626651,2.505337919845199
421.3750000000004,94.80166657505504,17.596701149979523,97.49720598693534,2.5265655696330698
421.4000000000004,94.80166657505504,17.596701149979523,97.49994280714675,2.500141706351191
421.42500000000035,94.88069733291314,17.375540304922914,97.49999461075433,2.5638016670317003
421.4500000000004,94.88069733291314,17.375540304922914,97.49953074623679,7.3699138767145165
421.47500000000036,94.9050871920974,17.207288072275773,97.49974451277198,21.007838047510184
421.5000000000004,94.9050871920974,17.207288072275773,97.49827446097258,18.890790997785547
421.5250000000004,94.9120788319016,17.06977896928884,97.49588958599793,6.573035716475792
421.55000000000035,94.9120788319016,17.06977896928884,97.49855714140135,2.6245186106798397
421.5750000000004,95.09337782910004,16.82348967546961,97.41808297225647,19.874398422317075
421.60000000000036,95.09337782910004,16.82348967546961,96.60954308375857,21.849332064021254
421.6250000000004,95.2071926423028,16.64281713962904,97.1225050805901,18.016689544221222
421.6500000000004,95.2071926423028,16.64281713962904,97.4998466871125,22.499904559530144
421.67500000000035,95.42921991599628,16.452336155145947,96.80371088968809,17.68923127026792
421.7000000000004,95.42921991599628,16.452336155145947,96.37709886456815,11.301437637162692
421.72500000000036,95.61086574183211,16.350101102852975,97.27292975646739,2.8015212980076947
421.7500000000004,95.61086574183211,16.350101102852975,97.4879523482511,5.697416663332819
421.7750000000004,95.74775096074008,16.220387446948937,97.48675411413306,5.5386669363916345
421.80000000000035,95.74775096074008,16.220387446948937,97.49705967334364,2.6598525189641236
421.8250000000004,95.80281686727965,16.0401473010467,97.48342093311464,2.5716351956463703
421.85000000000036,95.80281686727965,16.0401473010467,97.44685260010868,2.5788686435819783
421.8750000000004,95.75181302155372,15.91456612809722,94.58851791140003,2.8569605899661967
421.9000000000004,95.75181302155372,15.91456612809722,97.41302190642006,4.781183418592605
421.92500000000035,95.74190031750518,15.64929367899529,97.49971226042858,7.503584872964999
421.9500000000004,95.74190031750518,15.64929367899529,97.48344023168364,7.416385708370703
421.97500000000036,95.72910196842722,15.348870896861802,95.70487613717339,5.58613811475425
422.0000000000004,95.72910196842722,15.348870896861802,92.97925157827929,2.9618166827689247
422.0250000000004,95.70244649146689,14.996607333602624,92.5335765173283,2.538310797482188
422.05000000000035,95.70244649146689,14.996607333602624,92.73732223567983,2.7338454658791687
422.0750000000004,95.5428622280587,14.693040657486373,92.56067420415214,2.535498315279389
422.10000000000036,95.5428622280587,14.693040657486373,92.59507738559167,2.5325895166285957
422.1250000000004,95.3282663955605,14.400403492802456,94.48095574114589,2.502321177085032
422.1500000000004,95.3282663955605,14.400403492802456,92.74127908374363,2.5000024883147334
422.17500000000035,95.08016757783597,14.014225289696489,92.5355810976533,2.500000014186926
422.2000000000004,95.08016757783597,14.014225289696489,92.61667968457301,2.500000007537935
422.22500000000036,94.7984361944085,13.698771157015956,92.60453832897632,2.5000000914812746
422.2500000000004,94.7984361944085,13.698771157015956,92.53139734373578,2.5000000057483334
422.2750000000004,94.59517859483016,13.365848468829777,92.51282989831402,2.500000000662962
422.30000000000035,94.59517859483016,13.365848468829777,92.51600990215935,2.500000001116365
422.3250000000004,94.43696077812731,13.124223765859677,92.5692406517204,2.500000006045344
422.35000000000036,94.43696077812731,13.124223765859677,92.50133602613977,2.5000004688384037
422.3750000000004,94.32496005176804,12.95077631167343,92.50034359555242,2.5000336627572266
422.4000000000004,94.32496005176804,12.95077631167343,92.49929868752265,2.501642461898854
422.42500000000035,94.22565572158994,12.793836855673746,92.50174930607844,2.5001834011969812
422.4500000000004,94.22565572158994,12.793836855673746,92.50814612154589,2.5001359244290264
422.47500000000036,94.15332485907246,12.62253045575394,92.51078763203756,2.5000593363950343
422.5000000000004,94.15332485907246,12.62253045575394,92.59453870689019,2.5000582014695985
422.5250000000004,94.12844928269853,12.4083406830943,92.61960766267227,2.500434272210477
422.55000000000035,94.12844928269853,12.4083406830943,92.59870157241762,2.5003637216840935
422.5750000000004,94.15700631385886,12.187408258082936,92.51235363454605,2.5000130988628615
422.60000000000036,94.15700631385886,12.187408258082936,92.57318345954182,2.500002346119472
422.6250000000004,94.18825178219312,12.028491857930796,92.66287996395886,2.5000016712815567
422.6500000000004,94.18825178219312,12.028491857930796,92.67242523436312,2.500000066308434
422.67500000000035,94.13633774971498,11.948786657034914,92.96698058447753,2.5000209940115923
422.7000000000004,94.13633774971498,11.948786657034914,93.89996102386397,2.501395665343382
422.72500000000036,94.13762936316328,11.845075889807864,96.84773012126105,2.579868893648527
422.7500000000004,94.13762936316328,11.845075889807864,96.87105372324675,2.599155561040115
422.7750000000004,94.16040492651156,11.691746897165109,96.15035772251767,2.5620979240901196
422.80000000000035,94.16040492651156,11.691746897165109,94.49469722957785,2.525340773165284
422.8250000000004,94.19201068725768,11.506195983104403,96.20915787363688,2.536550657022037
422.85000000000036,94.19201068725768,11.506195983104403,97.39417326883195,2.6856941204555067
422.8750000000004,94.21357271817772,11.268427304780374,97.47450324328493,2.5325182977558884
422.9000000000004,94.21357271817772,11.268427304780374,97.48447801108999,2.5590891134473077
422.92500000000035,94.16645840840606,11.077601415053651,97.38930577976724,2.508431359232088
422.9500000000004,94.16645840840606,11.077601415053651,94.65704349823508,2.501063795822382
422.97500000000036,94.1300637832228,10.739142067980136,92.53987644189694,2.500227697249333
423.0000000000004,94.1300637832228,10.739142067980136,92.78495849283001,2.504558408837031
423.0250000000004,94.04270867099686,10.33049575659598,93.07167206231468,2.516902802722171
423.05000000000035,94.04270867099686,10.33049575659598,96.48355668860744,2.5096870964045923
423.0750000000004,93.90834243791684,9.96151409615073,95.11006274384782,2.50760210458457
423.10000000000036,93.90834243791684,9.96151409615073,97.26428391627904,2.5117156749641643
423.1250000000004,93.7650516751921,9.637611534856315,96.26496182962488,2.512337379786104
423.1500000000004,93.7650516751921,9.637611534856315,92.68944319241723,2.5007450842625514
423.17500000000035,93.59709165658266,9.275527141873525,93.57879923721931,2.5089849091015517
423.2000000000004,93.59709165658266,9.275527141873525,96.05001672765559,2.542101278975567
423.22500000000036,93.28962836494992,8.791017655146641,97.24200004718608,2.528074736892453
423.2500000000004,93.28962836494992,8.791017655146641,93.98990511367221,2.5052314349766114
423.2750000000004,92.98033260374126,8.471065814101273,93.27380478465881,2.5074941505067248
423.30000000000035,92.98033260374126,8.471065814101273,92.65982210302742,2.5853796551050348
423.3250000000004,92.57910816144978,8.008207866579806,92.53617596223852,2.5010665829912018
423.35000000000036,92.57910816144978,8.008207866579806,92.50072046281237,2.500147172516735
423.3750000000004,92.27575799797395,7.51997005303813,92.49581193230166,2.5112665739981472
423.4000000000004,92.27575799797395,7.51997005303813,92.4977708274232,2.5053702424018724
423.42500000000035,92.0635909825561,7.16451645839954,92.46813369779777,2.5011807411920453
423.4500000000004,92.0635909825561,7.16451645839954,92.49995773461944,2.500027017750471
423.47500000000036,91.8393061498256,6.73092563756858,92.49999938581806,2.5000000003653664
423.5000000000004,91.8393061498256,6.73092563756858,92.50001723925243,2.50000000000405
423.5250000000004,91.67104918322096,6.46615473368875,92.50004096989004,2.50000000003738
423.55000000000035,91.67104918322096,6.46615473368875,92.50004755466124,2.500000009851861
423.5750000000004,91.42678213434468,6.023912246589185,92.50009040580038,2.5000004298637744
423.60000000000036,91.42678213434468,6.023912246589185,92.49999886395975,2.5000075814344562
423.6250000000004,91.23617207030502,5.847832265447562,92.50000562352439,2.500000371434526
423.6500000000004,91.23617207030502,5.847832265447562,92.50202041790823,2.5000014256488314
423.67500000000035,90.9870371919527,5.704654160914096,92.50252279133869,2.5002724668188017
423.7000000000004,90.9870371919527,5.704654160914096,92.50059755412862,2.5000025672757444
423.72500000000036,90.78328772361134,5.634661175970771,92.56213987674187,2.5335342735084327
423.7500000000004,90.78328772361134,5.634661175970771,92.53778310042797,2.5034155387393238
423.7750000000004,90.71672761657295,5.703173641298132,92.5950601207138,2.5002224826433546
423.80000000000035,90.71672761657295,5.703173641298132,92.51480225063487,2.5000002676102717
423.8250000000004,90.68261404230071,5.801096442364092,92.50393096695102,2.5000011844276075
423.85000000000036,90.68261404230071,5.801096442364092,92.55819033380435,2.500000080766788
423.8750000000004,90.63416191712864,5.863713819215464,92.53547348583913,2.500000003739883
423.9000000000004,90.63416191712864,5.863713819215464,92.50531435403516,2.5000001014634927
423.92500000000035,90.59515999092808,5.940975369402782,92.5217731631745,2.5000000023077553
423.9500000000004,90.59515999092808,5.940975369402782,92.50255433662295,2.500000212980831
423.97500000000036,90.53802434818483,5.9778273876243615,92.49988730631996,2.500000000816406
424.0000000000004,90.53802434818483,5.9778273876243615,92.50000067264047,2.5000000190532186
424.0250000000004,90.49520129703828,6.0207462528336455,92.49999439937177,2.500000000727933
424.05000000000035,90.49520129703828,6.0207462528336455,92.50000000057261,2.500000025998834
424.0750000000004,90.48835634940043,6.113115590952583,92.49999992104587,2.500000007496332
424.10000000000036,90.48835634940043,6.113115590952583,92.49999920426035,2.500000027215264
424.1250000000004,90.47897319850068,6.196203057531192,92.50000002750788,2.500000045233482
424.1500000000004,90.47897319850068,6.196203057531192,92.5000001224938,2.5000000012799837
424.17500000000035,90.4616315301824,6.226471213778263,92.49999996704955,2.5000000008919225
424.2000000000004,90.4616315301824,6.226471213778263,92.49999083321885,2.500004726313382
424.22500000000036,90.44046596133094,6.176645234172885,92.50001891397012,2.5000000001657647
424.2500000000004,90.44046596133094,6.176645234172885,92.50019126071399,2.500000000057487
424.2750000000004,90.40375225256176,6.038091679226859,92.50150273262138,2.500000000220107
424.30000000000035,90.40375225256176,6.038091679226859,92.5248867478881,2.5000000003413545
424.3250000000004,90.39810258927204,5.9086875783280535,93.24955837459792,2.500000075767386
424.35000000000036,90.39810258927204,5.9086875783280535,93.74700998126724,2.50019381264354
424.3750000000004,90.42739851224128,5.615668949808961,92.95184644781864,2.500001990546201
424.4000000000004,90.42739851224128,5.615668949808961,92.51889340112778,2.5000011611356667
424.42500000000035,90.32972077654748,5.367689259294998,92.52120665336575,2.5000013783706323
424.4500000000004,90.32972077654748,5.367689259294998,92.61823028291253,2.500021057483437
424.47500000000036,90.20559603904164,5.241312449464672,92.50134019533562,2.500000003279593
424.5000000000004,90.20559603904164,5.241312449464672,92.5012493174056,2.500000000922177
424.5250000000004,90.10351521645504,5.120290441318168,92.50220249553288,2.5000000000022564
424.55000000000035,90.10351521645504,5.120290441318168,92.50013590560692,2.50000000000141
424.5750000000004,90.06785301818417,5.150522877466075,92.50003572507423,2.500000000017786
424.60000000000036,90.06785301818417,5.150522877466075,92.5000818496944,2.500000000000105
424.6250000000004,90.06080275955908,5.219320479683659,92.50005566068411,2.500000000000947
424.6500000000004,90.06080275955908,5.219320479683659,92.50530340665478,2.5000000001576725
424.67500000000035,90.06906519721592,5.348743164787047,92.50142906717096,2.5000000021130395
424.7000000000004,90.06906519721592,5.348743164787047,92.50025869061675,2.5000000054245515
424.72500000000036,90.08485178113476,5.430725173888422,92.5047456520646,2.500000048774312
424.7500000000004,90.08485178113476,5.430725173888422,92.06351757785228,2.5000043649116286
424.7750000000004,90.10493930134407,5.494665207244067,92.45643876591085,2.5904574498931687
424.80000000000035,90.10493930134407,5.494665207244067,92.51270262114156,2.502665746663355
424.8250000000004,90.15281790566848,5.485794430968888,92.50903897729579,2.507808531370363
424.85000000000036,90.15281790566848,5.485794430968888,92.4958253571069,2.5147188308071846
424.8750000000004,90.22505565710662,5.47922043936103,92.50128159852676,2.5014360185776194
424.9000000000004,90.22505565710662,5.47922043936103,92.50022949847028,2.5000003040616035
424.92500000000035,90.28849825775144,5.484651603604361,92.5002803489561,2.5000000491931123
424.9500000000004,90.28849825775144,5.484651603604361,92.50286620845075,2.500012645702842
424.97500000000036,90.33391857428074,5.570484227146917,92.50168441023301,2.5000001312082825
425.0000000000004,90.33391857428074,5.570484227146917,92.50260181843879,2.5000000297686977
425.0250000000004,90.40357806555876,5.5580920186532055,92.50981173948519,2.5000000082076665
425.05000000000035,90.40357806555876,5.5580920186532055,92.5001226292243,2.500000001940388
425.0750000000004,90.4549399565946,5.440941076802758,92.50021790367325,2.5000000000066125
425.10000000000036,90.4549399565946,5.440941076802758,92.50047127379752,2.5000000000117995
425.1250000000004,90.44642405666016,5.268574066811786,92.50917135453815,2.500000583568292
425.1500000000004,90.44642405666016,5.268574066811786,92.53898834357702,2.5000722093736534
425.17500000000035,90.44036580014328,5.196985546201322,92.72055662821185,2.5000061297861307
425.2000000000004,90.44036580014328,5.196985546201322,92.53379084098619,2.500000003177554
425.22500000000036,90.43085838933618,5.160753052966493,92.51276118757622,2.5000000000830793
425.2500000000004,90.43085838933618,5.160753052966493,92.53512265474313,2.5000000002219
425.2750000000004,90.39279915082048,5.034483913769522,92.51002089569656,2.500000000002688
425.30000000000035,90.39279915082048,5.034483913769522,93.46200658234392,2.5000000044773873
425.3250000000004,90.31041518074584,4.973856572105248,93.13829311994088,2.500000026353405
425.35000000000036,90.31041518074584,4.973856572105248,96.80601361792142,2.500000176453417
425.3750000000004,90.21140097952326,4.927809586430193,94.323565579942,2.5000000212031517
425.4000000000004,90.21140097952326,4.927809586430193,93.6650599655646,2.500000046987133
425.42500000000035,90.02279050653387,4.901910442521754,94.5065503922078,2.50000338665457
425.4500000000004,90.02279050653387,4.901910442521754,93.18513269276949,2.5000032055175985
425.47500000000036,89.80533297725884,4.830561509562363,93.7334735703739,2.5000010745897865
425.5000000000004,89.80533297725884,4.830561509562363,92.51031206512032,2.500000165420321
425.5250000000004,89.67747068370862,4.892046789072567,92.5114182031168,2.5000000804041997
425.55000000000035,89.67747068370862,4.892046789072567,92.51000432141292,2.5000000000269282
425.5750000000004,89.55138359315747,4.971454125929607,92.50383760124774,2.500000000122522
425.60000000000036,89.55138359315747,4.971454125929607,92.50028976274547,2.5000000005955068
425.6250000000004,89.46005109427757,5.09585925276602,92.5000054099024,2.5000000002258
425.6500000000004,89.46005109427757,5.09585925276602,92.50000137400892,2.5000000000894285
425.67500000000035,89.32407200064615,5.174370299329452,92.4999997035523,2.5000000000940172
425.7000000000004,89.32407200064615,5.174370299329452,92.4999992713703,2.500000000001875
425.72500000000036,89.18652160193979,5.277373261349827,92.4999987054407,2.5000000038038706
425.7500000000004,89.18652160193979,5.277373261349827,92.49993024756793,2.5000000672847706
425.7750000000004,89.06663653425643,5.360667596588152,92.46094079933104,2.500018274673532
425.80000000000035,89.06663653425643,5.360667596588152,92.49323638075495,2.5055050259688083
425.8250000000004,88.93459952475521,5.4102280917167365,92.35824871569724,2.500019280663204
425.85000000000036,88.93459952475521,5.4102280917167365,91.95134856389564,2.5018601280870754
425.8750000000004,88.81765697210007,5.48832355292009,92.41407173688455,2.500000758537312
425.9000000000004,88.81765697210007,5.48832355292009,92.48505822149805,2.500000000271623
425.92500000000035,88.66865175745683,5.537933800855859,92.4999988898429,2.5000000000021934
425.9500000000004,88.66865175745683,5.537933800855859,92.4999906508568,2.5000000019984765
425.97500000000036,88.48788753373819,5.536924650695206,92.4999994778564,2.500000000019112
426.0000000000004,88.48788753373819,5.536924650695206,92.49999896825639,2.5000000001003664
426.0250000000004,88.19075907604132,5.387843712637878,92.49999898509003,2.5000000000009677
426.05000000000035,88.19075907604132,5.387843712637878,92.49999592925941,2.500000000321736
426.0750000000004,87.93733576909365,5.181036731139168,92.49999895570409,2.500000010088366
426.10000000000036,87.93733576909365,5.181036731139168,92.50000007306488,2.5000003773741164
426.1250000000004,87.68026835800329,4.993193279819716,92.49985333224697,2.5001824910649155
426.1500000000004,87.68026835800329,4.993193279819716,92.44076767455927,2.5001497393193466
426.17500000000035,87.52441597007102,4.882924234044359,78.5062823407865,2.6694271306490993
426.2000000000004,87.52441597007102,4.882924234044359,77.69172777017036,2.500048501750878
426.22500000000036,87.41047215375193,4.774662638034093,78.21832211306968,2.5003276991555348
426.2500000000004,87.41047215375193,4.774662638034093,92.39144775780035,2.5022592366292264
426.2750000000004,87.28335123078065,4.525731788855623,86.30867821251556,2.5086752324210564
426.30000000000035,87.28335123078065,4.525731788855623,92.45194034336127,2.541439564291489
426.3250000000004,87.14761794421278,4.216614344686617,92.5010501870475,2.5045670309552572
426.35000000000036,87.14761794421278,4.216614344686617,92.55049493261308,2.5005771371963292
426.3750000000004,86.99804082957868,4.02466634082337,92.52937295750137,2.501680294331326
426.4000000000004,86.99804082957868,4.02466634082337,92.50170120460152,2.5000206864581394
426.42500000000035,86.80838098004794,3.796230006699343,92.49961454579653,2.5000000559441
426.4500000000004,86.80838098004794,3.796230006699343,92.59941740946505,2.5002133652317258
426.47500000000036,86.54755076097526,3.442332273783841,92.68336996122169,2.500809149124797
426.5000000000004,86.54755076097526,3.442332273783841,92.80358866628785,2.500013284796509
426.5250000000004,86.27244206783426,3.18242665803948,94.75048841570694,2.5000071809135322
426.55000000000035,86.27244206783426,3.18242665803948,93.65708088189436,2.500004071613664
426.5750000000004,85.94437476585391,3.1071651264524527,92.95339582531179,2.500002654088969
426.60000000000036,85.94437476585391,3.1071651264524527,92.52084417906578,2.5000607706542493
426.6250000000004,85.6564114057867,3.022903082909634,92.71824478976163,2.500002073636677
426.6500000000004,85.6564114057867,3.022903082909634,72.77230320397346,2.5000000618534592
426.67500000000035,85.41914556803152,2.862966221267546,89.22573094189272,2.5000034811613467
426.7000000000004,85.41914556803152,2.862966221267546,90.7702566136824,2.500020075614227
426.72500000000036,85.39241953292147,2.6006957187997783,92.47356333127105,2.5000076507508564
426.7500000000004,85.39241953292147,2.6006957187997783,92.53693627960143,2.50019790283085
426.7750000000004,85.4664309823384,2.285913163608518,92.49022362194967,2.5000027562377105
426.80000000000035,85.4664309823384,2.285913163608518,92.30025872296004,2.5000123258126563
426.8250000000004,85.5391250299398,1.976439603047568,87.52226241583666,2.500000925536838
426.85000000000036,85.5391250299398,1.976439603047568,87.51373029563345,2.5000004736096826
426.8750000000004,85.49901061658504,1.7481541539856496,91.16092161630833,2.5001927060393823
426.9000000000004,85.49901061658504,1.7481541539856496,92.48435402804475,2.5000039528708444
426.92500000000035,85.33505813707195,1.542090228046244,92.49923795780866,2.50000019573206
426.9500000000004,85.33505813707195,1.542090228046244,92.498130032901,2.5000000132435467
426.97500000000036,84.94512273642314,1.495045210486504,92.41995353998237,2.500000005555748
427.0000000000004,84.94512273642314,1.495045210486504,92.14991127121851,2.500000000002731
427.0250000000004,84.34321352774182,1.5407689513623066,92.49042490988835,2.500000001513339
427.05000000000035,84.34321352774182,1.5407689513623066,92.45052942168968,2.500000001131246
427.0750000000004,83.75920268563371,1.7903059215707218,91.1357973027768,2.50000000002773
427.10000000000036,83.75920268563371,1.7903059215707218,77.4718628600512,2.5000000000121614
427.1250000000004,83.14669498242408,2.1248028294560872,77.57824320626665,2.500000155370768
427.1500000000004,83.14669498242408,2.1248028294560872,76.21879648645088,2.5000000806759988
427.17500000000035,82.66027837943622,2.1852747653829856,77.44286747947912,2.5000000008763466
427.2000000000004,82.66027837943622,2.1852747653829856,77.40966012195717,2.500000012080345
427.22500000000036,82.28098023569657,2.092893053829702,75.94253575562402,2.5000000007687233
427.2500000000004,82.28098023569657,2.092893053829702,72.58084745203944,2.500000000000653
427.2750000000004,81.97902826334185,2.2040072485762194,75.72845867097232,2.5000000000015654
427.30000000000035,81.97902826334185,2.2040072485762194,72.50319790642597,2.500000000001909
427.3250000000004,81.72580152418044,2.4713903350159083,72.51167041993791,2.5000000000012528
427.35000000000036,81.72580152418044,2.4713903350159083,73.20863346412885,2.5000000000017493
427.3750000000004,81.48374231680326,2.7493141530962446,72.68547582845638,2.500000000003124
427.4000000000004,81.48374231680326,2.7493141530962446,75.9404921711656,2.5000000000398948
427.42500000000035,81.13003171457916,2.890522971063518,89.55572891245474,2.5000000000001896
427.4500000000004,81.13003171457916,2.890522971063518,91.77592894308636,2.500000000000684
427.47500000000036,80.79980392383928,3.110100474154848,82.07409049227608,2.5000005569344514
427.5000000000004,80.79980392383928,3.110100474154848,73.3580412965885,2.500030716416229
427.5250000000004,80.4726824948527,3.1144527743139787,72.50072515796286,2.5000102411670175
427.55000000000035,80.4726824948527,3.1144527743139787,72.54708890256747,2.5000095990245157
427.5750000000004,80.22036672494664,2.9863274101747312,83.91776892276955,2.7487748409217603
427.60000000000036,80.22036672494664,2.9863274101747312,82.49671979755608,2.500000199834548
427.6250000000004,80.05999934006165,2.934680784364985,84.3256671105789,2.5000004284729185
427.6500000000004,80.05999934006165,2.934680784364985,87.41475856585838,2.500005036709836
427.67500000000035,79.9818651576228,2.762364294365553,87.43964888878054,2.505054651646629
427.7000000000004,79.9818651576228,2.762364294365553,87.50221578560316,2.5000182806924487
427.72500000000036,79.8650462806243,2.891652037270313,87.50066694524412,2.500005452436257
427.7500000000004,79.8650462806243,2.891652037270313,87.50073016228073,2.5000000508990428
427.7750000000004,79.64898549992506,2.841861449950871,87.5002571593915,2.5000000056486336
427.80000000000035,79.64898549992506,2.841861449950871,87.97550252071119,2.5000041341579387
427.8250000000004,79.48298006002639,2.9140426350474424,79.96912397856984,2.5000004041003545
427.85000000000036,79.48298006002639,2.9140426350474424,72.6226497914216,2.50000001041916
427.8750000000004,79.20004859081932,2.90819587824751,72.50049065586259,2.500000000370851
427.9000000000004,79.20004859081932,2.90819587824751,72.50000011018365,2.500000001596103
427.92500000000035,79.00429030920276,2.9910140157502365,72.49999460065105,2.500005937242327
427.9500000000004,79.00429030920276,2.9910140157502365,72.50000012428212,2.500000004176473
427.97500000000036,78.88467802820432,2.9891414718945546,72.49999996351711,2.500000071730832
428.0000000000004,78.88467802820432,2.9891414718945546,72.5002111633424,2.5000004777173284
428.0250000000004,78.79015158238029,3.101454540130368,90.16835288220365,2.501420308559059
428.05000000000035,78.79015158238029,3.101454540130368,90.5813768660543,2.5002973950615326
428.0750000000004,78.7380137445199,3.2760304979453174,92.44544746485977,2.5000008045711035
428.10000000000036,78.7380137445199,3.2760304979453174,92.46340761179756,2.5000055452324608
428.1250000000004,78.70729147373086,3.515044075950507,91.91415048803866,2.5000157324385555
428.1500000000004,78.70729147373086,3.515044075950507,92.28726346855794,2.50000530098545
428.17500000000035,78.68684617957051,3.6823929101928528,92.48159690831457,2.5000000103613083
428.2000000000004,78.68684617957051,3.6823929101928528,92.39033066825698,2.5000049667227744
428.22500000000036,78.6903909745163,3.806312424689404,92.50179471452046,2.5000000119726375
428.2500000000004,78.6903909745163,3.806312424689404,92.50950925620175,2.5000000220023684
428.2750000000004,78.72935693912217,3.8068030480164072,86.67000666846396,2.500000000000896
428.30000000000035,78.72935693912217,3.8068030480164072,73.21275561570178,2.500000000003329
428.3250000000004,78.72461722534165,3.7152803703656505,72.71996369104671,2.5000000021928312
428.35000000000036,78.72461722534165,3.7152803703656505,88.79275034275484,2.5000000004765996
428.3750000000004,78.73110289128644,3.723461226246943,90.27840743687275,2.500000014688004
428.4000000000004,78.73110289128644,3.723461226246943,92.47844385662411,2.5000000230525985
428.42500000000035,78.76309521213746,3.7908532932263976,92.48857467197705,2.500008030431759
428.4500000000004,78.76309521213746,3.7908532932263976,92.49912445955466,2.500001424773502
428.47500000000036,78.79809977071308,3.810643673330425,92.50014436141907,2.5000230751474093
428.5000000000004,78.79809977071308,3.810643673330425,92.49999863500182,2.500000850603221
428.5250000000004,78.82546148695316,3.792441412844041,92.5000436540342,2.500000000042599
428.55000000000035,78.82546148695316,3.792441412844041,92.50005073000165,2.5000000000800773
428.5750000000004,78.92839077296529,3.688969301164888,92.50006838407101,2.5000001860548813
428.60000000000036,78.92839077296529,3.688969301164888,92.0133741259066,2.50000055143905
428.6250000000004,79.06776719491467,3.412729282553647,89.50452379800466,2.500000007233942
428.6500000000004,79.06776719491467,3.412729282553647,88.47190775603654,2.500001962684513
428.67500000000035,79.21992618209018,3.320132038400656,87.50175292974396,2.500001148667409
428.7000000000004,79.21992618209018,3.320132038400656,87.5000617952325,2.500000037076647
428.72500000000036,79.44473120958031,3.16307121349678,87.50024765509508,2.5000022380782276
428.7500000000004,79.44473120958031,3.16307121349678,87.50133958731158,2.500003565171262
428.7750000000004,79.6673591727675,2.902800720890052,87.50063288410135,2.500301238339219
428.80000000000035,79.6673591727675,2.902800720890052,87.56446804093459,2.5000117801481
428.8250000000004,79.77583690158941,2.5202873631806697,88.23559479808665,2.5000003065153797
428.85000000000036,79.77583690158941,2.5202873631806697,88.93406048946294,2.5000000032715266
428.8750000000004,79.5227093788932,2.250713721781303,80.89803882582173,2.5000000511566483
428.9000000000004,79.5227093788932,2.250713721781303,91.38537892831802,2.5000000095053454
428.92500000000035,79.2011642909218,2.2303812623367985,92.46513705575445,2.500000000010394
428.9500000000004,79.2011642909218,2.2303812623367985,92.46752836288015,2.5000000000006493
428.97500000000036,78.77479317034381,2.1240071024591995,92.41272761115486,2.500000000000241
429.0000000000004,78.77479317034381,2.1240071024591995,92.48053651507284,2.500000000000008
429.0250000000004,78.32110349631243,2.0864361050915465,92.47139244569976,2.500000000000129
429.0500000000004,78.32110349631243,2.0864361050915465,91.47879192673165,2.500000006369579
429.0750000000004,77.9243048573195,2.094528214819116,81.7217427790083,2.5000000005340595
429.10000000000036,77.9243048573195,2.094528214819116,72.98984857973389,2.500000000037737
429.1250000000004,77.59302408764691,2.1636483742221446,76.1103071426456,2.5000000001130256
429.1500000000004,77.59302408764691,2.1636483742221446,72.50122847367413,2.5000000019641218
429.1750000000004,77.23476468753495,2.220495572169736,72.5000003310192,2.500000005611593
429.2000000000004,77.23476468753495,2.220495572169736,72.66594960377769,2.5000126536527776
429.22500000000036,76.88937939576522,2.288873060351692,72.74245464955791,2.500005491597512
429.2500000000004,76.88937939576522,2.288873060351692,72.60460653032167,2.5000061333829895
429.2750000000004,76.625630138489,2.469634204261492,72.5324268800882,2.500060283961583
429.3000000000004,76.625630138489,2.469634204261492,72.56826344542138,2.500026440920092
429.3250000000004,76.44884834012619,2.7122187270038607,72.97724071619768,2.5000000402215345
429.35000000000036,76.44884834012619,2.7122187270038607,72.62094012312818,2.5000006683988723
429.3750000000004,76.26146705556471,2.927875117333746,72.7652325623227,2.500001925010257
429.4000000000004,76.26146705556471,2.927875117333746,87.8664829347408,2.5000089947941566
429.4250000000004,76.00418412385307,2.916122616514628,91.37791519236853,2.5000188731510633
429.4500000000004,76.00418412385307,2.916122616514628,77.30452337886237,2.500016027148462
429.47500000000036,75.70492950931536,2.961925743293237,77.4997937407714,2.5000005738419717
429.5000000000004,75.70492950931536,2.961925743293237,77.49884767019478,2.5000031186313696
429.5250000000004,75.45794434849583,3.0040707614028843,77.49999128580764,2.5000029304613873
429.5500000000004,75.45794434849583,3.0040707614028843,77.49886182312507,2.5005654641535475
429.5750000000004,75.25976267515358,3.137598797330904,77.47678635609684,2.511400954642507
429.60000000000036,75.25976267515358,3.137598797330904,77.47507538364773,2.5121912614852793
429.6250000000004,75.05056926697131,3.3595466474352347,77.49536664174555,2.5000016130091174
429.6500000000004,75.05056926697131,3.3595466474352347,74.30863700602946,2.5000000106778266
429.6750000000004,74.80436832869329,3.5848205954632166,73.7835527443922,2.5000000001179306
429.7000000000004,74.80436832869329,3.5848205954632166,73.00897764639267,2.500000124567391
429.72500000000036,74.55941347765254,3.8238068828775287,72.5084848366326,2.5000000012797634
429.7500000000004,74.55941347765254,3.8238068828775287,72.50586678471814,2.500000000103334
429.7750000000004,74.29565057921846,3.902835226546114,72.5000275954543,2.5000000000000657
429.8000000000004,74.29565057921846,3.902835226546114,72.50000004136409,2.5000000000000484
429.8250000000004,74.03613575283755,3.8583284204959134,72.50000018831636,2.500000001167658
429.85000000000036,74.03613575283755,3.8583284204959134,72.50000001181888,2.5000000002534453
429.8750000000004,73.71769189792181,3.708753102563776,72.5000000080819,2.500000000746282
429.9000000000004,73.71769189792181,3.708753102563776,72.50000029051535,2.500000000076933
429.9250000000004,73.49756319152013,3.6567899324280257,72.49999999869682,2.5000000024613867
429.9500000000004,73.49756319152013,3.6567899324280257,72.49999999997297,2.500000000212213
429.97500000000036,73.22371004131499,3.55026308320781,72.49999999996975,2.5000000000335483
430.0000000000004,73.22371004131499,3.55026308320781,72.49999996583891,2.500000034226531
430.0250000000004,72.981113006484,3.550863069973638,72.49999999911869,2.500000000895564
430.0500000000004,72.981113006484,3.550863069973638,72.50000000044916,2.5000000000015294
430.0750000000004,72.71512034330428,3.463382485091733,72.50000008388902,2.500000000041323
430.10000000000036,72.71512034330428,3.463382485091733,72.50002199982387,2.5000001254535302
430.1250000000004,72.39810591012629,3.379409151711417,72.50010765940885,2.5000000024031603
430.1500000000004,72.39810591012629,3.379409151711417,72.5000023134098,2.500000000031347
430.1750000000004,72.12366071735926,3.344230385197141,72.5009259135006,2.50000000134826
430.2000000000004,72.12366071735926,3.344230385197141,72.50007706468101,2.500000004164531
430.22500000000036,71.9170809676318,3.322488248953031,72.50022273507906,2.500059277006336
430.2500000000004,71.9170809676318,3.322488248953031,72.50047020734988,2.500015426030563
430.2750000000004,71.7817048022851,3.3550260525947,72.50754336913445,2.500245354467061
430.3000000000004,71.7817048022851,3.3550260525947,72.35361686705004,2.6709677245367596
430.3250000000004,71.60521627879217,3.4268406354852203,72.48071638959098,2.5436534225203937
430.35000000000036,71.60521627879217,3.4268406354852203,72.5011715647514,2.500477885695723
430.3750000000004,71.31797149558632,3.2927654880866823,72.50032004088469,2.505157670535024
430.4000000000004,71.31797149558632,3.2927654880866823,72.50709695687539,2.500359540603646
430.4250000000004,70.9250834304746,3.128330581358064,71.34444847968572,3.6554314595734763
430.4500000000004,70.9250834304746,3.128330581358064,72.4701195844036,2.5361735224573843
430.47500000000036,70.59316131549652,3.0747429309315324,67.52775246958693,7.472224268306347
430.5000000000004,70.59316131549652,3.0747429309315324,67.54351310064226,7.456488082079208
430.5250000000004,70.19817171841537,3.0785448334683814,68.3004139566373,6.7002780704699365
430.5500000000004,70.19817171841537,3.0785448334683814,68.56842128306451,6.4321036420743525
430.5750000000004,69.78236327214167,3.0253142457549997,68.1258311341742,6.874228937745907
430.60000000000036,69.78236327214167,3.0253142457549997,67.8927481763378,7.10725255474623
430.6250000000004,69.18351112428245,2.77954610828014,67.52883473569463,7.471165264319762
430.6500000000004,69.18351112428245,2.77954610828014,71.65506946976,3.34493053696961
430.6750000000004,68.33073768851216,2.2529387782015133,72.49999770531582,2.5000022946841747
430.7000000000004,68.33073768851216,2.2529387782015133,72.49965592792431,2.500344072075756
430.72500000000036,67.24658800186056,2.059661522437426,72.49999207110174,2.500007928910887
430.7500000000004,67.24658800186056,2.059661522437426,72.4999989541145,2.500002734592427
430.7750000000004,66.26740552781534,1.980167652247092,72.5008236566602,2.5011911967532092
430.8000000000004,66.26740552781534,1.980167652247092,72.50004359862928,2.5000603036551405
430.8250000000004,65.22998084614731,1.946077191645545,72.50745361541698,2.5112167748772096
430.85000000000036,65.22998084614731,1.946077191645545,72.5026626064939,2.5040285484478106
430.8750000000004,64.24231520944258,1.8698847199230897,72.50001101438035,2.5000000081194504
430.9000000000004,64.24231520944258,1.8698847199230897,72.50022880429424,2.500046987201618
430.9250000000004,63.4551845491987,1.7873962328708477,72.50111222825853,2.5000152976375665
430.9500000000004,63.4551845491987,1.7873962328708477,72.50014889918346,2.589187594797675
430.97500000000036,62.72396710232631,1.4876727165602368,72.50101707620512,2.5000246686394667
431.0000000000004,62.72396710232631,1.4876727165602368,72.50018391593676,2.500008626979783
431.0250000000004,62.11800801125863,1.406376574789637,72.50003189736027,2.5053422838499033
431.0500000000004,62.11800801125863,1.406376574789637,72.50000167338249,2.500741606928608
431.0750000000004,61.53783851032193,1.6594230006047077,72.50000345788425,2.5000179775759506
431.10000000000036,61.53783851032193,1.6594230006047077,72.50000000000738,2.50000000004094
431.1250000000004,60.8432674117383,1.926988364330658,72.50000000193762,2.5000683655109293
431.1500000000004,60.8432674117383,1.926988364330658,72.50000033631024,2.500019679541697
431.1750000000004,60.21653866800314,2.242172785790651,72.50000402257878,2.500493509814636
431.2000000000004,60.21653866800314,2.242172785790651,72.50000003185708,2.5000000004456657
431.22500000000036,59.563719561185735,2.418171933466604,72.50000006830682,2.5000000039498165
431.2500000000004,59.563719561185735,2.418171933466604,72.50000000714245,2.500000000325434
431.2750000000004,58.999887923672965,2.458547955442952,72.50000000012987,2.5000000000026894
431.3000000000004,58.999887923672965,2.458547955442952,72.50000000001438,2.5000000000032108
431.3250000000004,58.5435143213931,2.594519958867429,72.49999999995852,2.500000000055611
431.35000000000036,58.5435143213931,2.594519958867429,72.50000000836611,2.5000000000183187
431.3750000000004,58.093713678131,2.6800740807053534,72.4999999999089,2.5000000000040212
431.4000000000004,58.093713678131,2.6800740807053534,72.49999978675633,2.5000000000699556
431.4250000000004,57.69464940693035,2.8837575206506387,72.49999938487979,2.500000000061117
431.4500000000004,57.69464940693035,2.8837575206506387,72.49911306450822,2.5000000989888087
431.47500000000036,57.404636698906,3.043647239038935,52.66049267136294,2.5001214746424787
431.5000000000004,57.404636698906,3.043647239038935,37.500486445070884,2.5000374609286498
431.5250000000004,57.13223892506443,3.129005123696514,37.49991863351099,2.5059368874215764
431.5500000000004,57.13223892506443,3.129005123696514,37.501132533833115,2.526546275417333
431.5750000000004,56.79562327653655,3.1131100480495144,37.50022021745117,2.5006765607177783
431.60000000000036,56.79562327653655,3.1131100480495144,37.50011830414309,2.5000125346147692
431.6250000000004,56.64831358878387,3.2841409283908085,37.503897173584235,2.504956114909095
431.6500000000004,56.64831358878387,3.2841409283908085,37.58298595453802,2.576687141139165
431.6750000000004,56.52203001780324,3.333990968900644,38.0525751551385,2.519178844073823
431.7000000000004,56.52203001780324,3.333990968900644,41.250684245160784,2.7882036461411235
431.72500000000036,56.43441843334423,3.332001979115852,72.35147758456893,2.7111415076479606
431.7500000000004,56.43441843334423,3.332001979115852,72.50013122858094,2.5000297996221463
431.7750000000004,56.366113563153306,3.4367607009492174,73.18201141179996,2.50000006199418
431.8000000000004,56.366113563153306,3.4367607009492174,72.50021062802922,2.5000000894157517
431.8250000000004,56.31496591337473,3.590583600137653,72.50042771942529,2.5000000106491886
431.85000000000036,56.31496591337473,3.590583600137653,72.50208522041761,2.5000035477875784
431.8750000000004,56.27207366042543,3.699430603478298,72.52733555500078,2.5000017042382465
431.9000000000004,56.27207366042543,3.699430603478298,72.50031431638594,2.5008984389482127
431.9250000000004,56.20176453997821,3.6112311420102814,72.5525592025492,2.5071140507951357
431.9500000000004,56.20176453997821,3.6112311420102814,72.36808391710014,2.539902083383889
431.97500000000036,56.05527514012479,3.302662070062357,37.51569231169281,7.498287635425017
432.0000000000004,56.05527514012479,3.302662070062357,37.50020626724179,7.499946186162823
432.0250000000004,56.02243710197264,3.166764963671391,44.672431361357724,6.38721579436877
432.0500000000004,56.02243710197264,3.166764963671391,68.0709133423102,3.8296313454284876
432.0750000000004,56.06620098405005,2.9090439131765624,38.03387202610848,7.438740503125064
432.10000000000036,56.06620098405005,2.9090439131765624,41.04043185867182,7.176751480557787
432.1250000000004,56.28101606479289,2.60398683412575,37.520255276934925,7.498157777124733
432.1500000000004,56.28101606479289,2.60398683412575,37.62064568327923,7.489007919298573
432.1750000000004,56.44014824214467,2.570745851591887,37.55633335237992,7.494611719175818
432.2000000000004,56.44014824214467,2.570745851591887,37.49819045296596,7.499037027492912
432.22500000000036,56.63682411852672,2.6012154717568863,37.55066240978319,7.495712285935033
432.2500000000004,56.63682411852672,2.6012154717568863,38.0833552775744,7.451261613103187
432.2750000000004,56.80235677801514,2.715330799181083,37.85539897354611,7.47038221474829
432.3000000000004,56.80235677801514,2.715330799181083,37.50003469419165,7.499997016849546
432.3250000000004,56.94607349695864,2.844915249360625,37.50000079619421,7.499999282503049
432.35000000000036,56.94607349695864,2.844915249360625,37.50000061547346,7.499999807422727
432.3750000000004,56.99531139647167,2.9652793549522336,37.50000004842885,7.4999997603207875
432.4000000000004,56.99531139647167,2.9652793549522336,37.50009076603895,7.499990533845586
432.4250000000004,57.01083038695752,2.962922687906321,37.50190660757518,7.499830959809956
432.4500000000004,57.01083038695752,2.962922687906321,37.50219604762893,7.499764368949423
432.47500000000036,57.09172180487744,2.843013822694507,37.59513530903553,7.491027695322183
432.5000000000004,57.09172180487744,2.843013822694507,37.50836875326073,7.498807535433198
432.5250000000004,57.13982882736416,2.6861712942210616,37.500086528310284,7.499428165688264
432.5500000000004,57.13982882736416,2.6861712942210616,37.50001166441801,7.499933853505502
432.5750000000004,57.309467189170086,2.601628584554447,37.50451667355594,7.49960947836706
432.60000000000036,57.309467189170086,2.601628584554447,44.81632532548462,6.45448258052378
432.6250000000004,57.537943965187935,2.600760114550383,64.7740549408577,3.604536942851401
432.6500000000004,57.537943965187935,2.600760114550383,37.53362341332484,7.357499483265492
432.6750000000004,58.039797597591104,2.570356907117183,57.29796655398553,3.021585439514603
432.7000000000004,58.039797597591104,2.570356907117183,44.60346024792173,4.764470076054414
432.72500000000036,58.485352005714205,2.743480823765157,37.52527725063361,2.51184828660168
432.7500000000004,58.485352005714205,2.743480823765157,70.20121036646037,2.504818470087265
432.7750000000004,58.951777605572495,2.8772505045161543,72.46618903136272,2.5003274964626927
432.8000000000004,58.951777605572495,2.8772505045161543,70.77505298667243,2.5000679580536422
432.8250000000004,59.43472295025993,3.0236114702147607,71.8299838493709,2.5000101772186953
432.85000000000036,59.43472295025993,3.0236114702147607,72.4964221328318,2.5000000169622525
432.8750000000004,60.1223970169478,2.9972933812089866,72.48583937899674,2.5000000574440837
432.9000000000004,60.1223970169478,2.9972933812089866,72.49974352536299,2.5000000439646173
432.9250000000004,60.67244283870609,2.8651672631562057,72.45268592214393,2.5015671994451645
432.9500000000004,60.67244283870609,2.8651672631562057,66.6086932122647,3.628284711158872
432.97500000000036,61.206270877699154,2.543459111610669,88.09375646730142,11.880954573579366
433.0000000000004,61.206270877699154,2.543459111610669,88.43457465554302,11.259713640450622
433.0250000000004,61.77432051789408,2.091484755003266,96.7733892366984,2.5435493320892624
433.0500000000004,61.77432051789408,2.091484755003266,97.39276391345963,2.500902864840709
433.0750000000004,62.48636276292958,1.8285037439544256,97.45457870601379,2.500114403503849
433.10000000000036,62.48636276292958,1.8285037439544256,94.37884514762439,2.6824580784752845
433.1250000000004,63.21700195996315,1.8104496195012283,95.6234396609774,2.5231446002500024
433.1500000000004,63.21700195996315,1.8104496195012283,97.35396986576522,2.500298402562048
433.1750000000004,63.75765015766831,1.8970560056897967,97.48556430566057,2.5150055479052695
433.2000000000004,63.75765015766831,1.8970560056897967,97.40573164823044,2.5075224457272642
433.22500000000036,64.35988240465305,2.0477902588285986,97.48724543711714,2.5162092154870894
433.2500000000004,64.35988240465305,2.0477902588285986,97.25207491864802,2.501494156644176
433.2750000000004,65.06286149176894,2.0600607914838664,97.46385868191861,2.57737619050545
433.3000000000004,65.06286149176894,2.0600607914838664,97.45729390675523,2.525087258970173
433.3250000000004,65.64727143141144,2.182765502192832,72.86100910835563,2.5000154867461557
433.35000000000036,65.64727143141144,2.182765502192832,78.896230340087,2.500291423303705
433.3750000000004,66.15305913594207,2.2930812205039,88.75001146950133,2.5008708774225044
433.4000000000004,66.15305913594207,2.2930812205039,82.49709231363113,2.5031716627566194
433.4250000000004,66.44653752179975,2.4472934362133776,73.60151659305579,2.5002332734395583
433.4500000000004,66.44653752179975,2.4472934362133776,83.09515926397066,2.5001705489406207
433.47500000000036,66.69001631057004,2.371824380690628,96.23740370983094,2.500029466060812
433.5000000000004,66.69001631057004,2.371824380690628,97.4231722846978,2.5000211214277055
433.5250000000004,66.97724145521666,2.195214321009714,96.67971255795152,2.5000021280982203
433.5500000000004,66.97724145521666,2.195214321009714,91.14789212896672,2.500005598003071
433.5750000000004,67.366232251653,2.271687798225401,90.14952159630195,2.500000181951017
433.60000000000036,67.366232251653,2.271687798225401,73.40821593301501,2.5000950616091733
433.6250000000004,67.84652015482934,2.3176395503148446,73.13248992413327,2.50000124189443
433.6500000000004,67.84652015482934,2.3176395503148446,75.49165465797685,2.5000000002287375
433.6750000000004,68.4209630027122,2.258995811414476,75.37331790311953,2.5000000001064113
433.7000000000004,68.4209630027122,2.258995811414476,72.43368674141331,2.5000001971155195
433.72500000000036,69.16784287616127,2.432650886490587,46.78534347117541,2.500469724860683
433.7500000000004,69.16784287616127,2.432650886490587,93.74186807678373,2.5010545596546447
433.7750000000004,69.9128704375841,2.7005830510305704,97.390997984944,2.500024384537154
433.8000000000004,69.9128704375841,2.7005830510305704,97.2091315167174,2.5004317287636852
433.8250000000004,70.54884592471238,2.9455502773844584,97.47804801930936,2.5000071927461445
433.85000000000036,70.54884592471238,2.9455502773844584,97.49924438335405,2.500000050843569
433.8750000000004,71.25196362657574,3.3282642781268,97.49887677547405,2.5000001423998355
433.9000000000004,71.25196362657574,3.3282642781268,97.49927332962027,2.500219378652561
433.9250000000004,71.92710378431659,3.7348877622187615,90.55775928348059,5.897226177415276
433.9500000000004,71.92710378431659,3.7348877622187615,97.49968153165553,2.504102339595942
433.97500000000036,72.7325201597716,3.97279418790131,96.86614356195119,2.722385141296622
434.0000000000004,72.7325201597716,3.97279418790131,90.45013517466097,7.591818455580552
434.0250000000004,73.3913673102094,4.106069242827696,58.22777638720904,7.499196147635639
434.0500000000004,73.3913673102094,4.106069242827696,96.91877513311618,7.499793449731045
434.0750000000004,74.11732536314418,4.140000207786687,77.93553588778586,7.4999810318354
434.10000000000036,74.11732536314418,4.140000207786687,57.5110507619549,7.499999297642074
434.1250000000004,74.70362756200392,3.968717591611172,57.50518902726598,7.49999743534267
434.1500000000004,74.70362756200392,3.968717591611172,58.42084754132276,7.493074051542513
434.1750000000004,75.28624445549211,3.786627847948104,97.48203652958328,7.390193272521072
434.2000000000004,75.28624445549211,3.786627847948104,97.49505160050579,7.238872233144911
434.22500000000036,75.87091387782962,3.637727715607338,97.44383319446405,5.170338748224256
434.2500000000004,75.87091387782962,3.637727715607338,97.49481545149983,2.626682132589055
434.2750000000004,76.20359268376086,3.680435981169318,97.49986826074488,2.5114246501001403
434.3000000000004,76.20359268376086,3.680435981169318,97.47557666835291,2.644133747120401
434.3250000000004,76.56887051717273,3.76465904083942,97.4873404683042,2.5115848283585582
434.35000000000036,76.56887051717273,3.76465904083942,97.48072576280867,2.9410848064100383
434.3750000000004,76.95302759498223,3.852638230759012,97.49580864960475,7.431283644516409
434.4000000000004,76.95302759498223,3.852638230759012,95.66002559100902,6.471982949192157
434.4250000000004,77.45669230127785,3.820919000005276,73.01900533838116,2.5942941934542727
434.4500000000004,77.45669230127785,3.820919000005276,79.41932090304383,3.837756747123974
434.47500000000036,77.90539082411226,3.781058967819139,79.96417043923621,3.9897698616055717
434.5000000000004,77.90539082411226,3.781058967819139,72.50355299369016,2.5007030867925675
434.5250000000004,78.16276642474925,3.8625139291518846,72.76575596342512,2.553022664065357
434.5500000000004,78.16276642474925,3.8625139291518846,73.040750085576,2.50653475623699
434.5750000000004,78.33485566965643,3.989345082818437,72.51445593227545,2.50070554343339
434.60000000000036,78.33485566965643,3.989345082818437,96.87643812833426,4.981377484960331
434.6250000000004,78.58546502084884,4.003546019702768,97.48748285966525,2.5442755899985716
434.6500000000004,78.58546502084884,4.003546019702768,97.48611278924275,5.051160524351452
434.6750000000004,78.6698163254302,4.237035274774531,97.48892924814449,2.6771571685834292
434.7000000000004,78.6698163254302,4.237035274774531,97.4691449821652,2.5345698484724117
434.72500000000036,78.77348786956627,4.429669041690431,97.48420010851571,2.586137858215539
434.7500000000004,78.77348786956627,4.429669041690431,97.4017679240971,2.661381367543607
434.7750000000004,78.90556880035572,4.575050666915666,97.43287166937759,3.5510333086476695
434.8000000000004,78.90556880035572,4.575050666915666,94.70312034450916,3.2655598285382608
434.8250000000004,79.03386261034493,4.705816737788578,94.63590707469376,2.58075048480102
434.85000000000036,79.03386261034493,4.705816737788578,94.52201667950918,2.500074796342508
434.8750000000004,79.19597900489751,4.805851591696508,94.56872394866313,2.5000151118138594
434.9000000000004,79.19597900489751,4.805851591696508,96.73371909393221,2.5000028696772603
434.9250000000004,79.45856874965526,4.874757947059276,93.20477351280044,2.500010307396246
434.9500000000004,79.45856874965526,4.874757947059276,93.22709976966588,2.500103791835221
434.97500000000036,79.6952907118482,4.9020121036772775,93.72130829721252,2.5001913909850115
435.0000000000004,79.6952907118482,4.9020121036772775,95.44315664216882,2.5000635443774146
435.0250000000004,79.86753201474201,4.929086515419115,95.1582170415098,2.500128625806309
435.0500000000004,79.86753201474201,4.929086515419115,95.20951468395815,2.5100385027385888
435.0750000000004,80.06475779605792,4.935421783270784,94.80861606043679,2.5019606319528847
435.10000000000036,80.06475779605792,4.935421783270784,94.25733255538269,2.986223485891204
435.1250000000004,80.2159922278416,4.973894424828719,95.77532537890592,5.574568136659119
435.1500000000004,80.2159922278416,4.973894424828719,96.38848615694225,6.301984289574945
435.1750000000004,80.33983749913595,4.834461352966912,93.54359228334854,2.540786998868718
435.2000000000004,80.33983749913595,4.834461352966912,93.51759150664647,2.5173990810847253
435.22500000000036,80.35437521502288,4.808168009165059,92.7258412347876,2.5001918782002974
435.2500000000004,80.35437521502288,4.808168009165059,92.59219242271672,2.500582115476175
435.2750000000004,80.33713813698756,4.8264990596161415,92.53489516940157,2.5000012168031245
435.3000000000004,80.33713813698756,4.8264990596161415,92.56347252968172,2.500000008450547
435.3250000000004,80.3241861666114,4.905159642029014,92.71982000977556,2.500000690295993
435.35000000000036,80.3241861666114,4.905159642029014,92.5338408706573,2.500000128086895
435.3750000000004,80.2804899289478,4.921685048199183,92.51709021633961,2.500000006792691
435.4000000000004,80.2804899289478,4.921685048199183,92.73439237463379,2.500000001993166
435.4250000000004,80.22897319494517,4.98740211321562,92.7031324492162,2.5000000506390823
435.4500000000004,80.22897319494517,4.98740211321562,92.56837600912061,2.5000000013416726
435.47500000000036,80.08998636726083,4.923735922183135,92.91657152620292,2.5000000631455297
435.5000000000004,80.08998636726083,4.923735922183135,92.87592037801569,2.5000001234413607
435.5250000000004,79.83635814753967,4.75123212911424,93.41274498887098,2.5000019959070428
435.5500000000004,79.83635814753967,4.75123212911424,78.97942790553836,2.500000941753584
435.5750000000004,79.59466901768741,4.7376060789957,75.93504401399329,2.503503664916227
435.60000000000036,79.59466901768741,4.7376060789957,73.94293778096171,2.500013537632474
435.6250000000004,79.29333641341307,4.729528345474485,83.95785968125173,2.5001062904983242
435.6500000000004,79.29333641341307,4.729528345474485,92.48074037771106,2.5000010137320476
435.6750000000004,78.86499246034474,4.762428631065965,91.83972275613118,2.500000001218121
435.7000000000004,78.86499246034474,4.762428631065965,91.78719424347005,2.5000000293419125
435.72500000000036,78.32765425355782,4.830821827281907,91.40426302715848,2.5001077389543256
435.7500000000004,78.32765425355782,4.830821827281907,92.49908121291307,2.500002499029575
435.7750000000004,78.02114099154964,4.988285245882949,92.20796919857153,2.5006161879938134
435.8000000000004,78.02114099154964,4.988285245882949,92.49870089032824,2.500154929890872
435.8250000000004,77.61415102347227,5.145012536109592,92.50313727518086,2.5000140842334737
435.85000000000036,77.61415102347227,5.145012536109592,92.51389208066155,2.50087163660507
435.8750000000004,77.18989940202977,5.25559448493162,77.52250902858646,12.462874285064572
435.9000000000004,77.18989940202977,5.25559448493162,77.48386442334932,12.436962123688627
435.9250000000004,76.85975985619827,5.38645894980656,77.49917636449743,12.489215788823874
435.9500000000004,76.85975985619827,5.38645894980656,77.81379897633045,11.710475440203414
435.97500000000036,76.52839608085024,5.547770147210704,82.30379038060823,7.481555065987312
436.0000000000004,76.52839608085024,5.547770147210704,72.64605985275284,2.583597167194385
436.0250000000004,76.12638524148304,5.73182246187875,80.40661900093988,6.452806697015569
436.0500000000004,76.12638524148304,5.73182246187875,82.29354670825916,7.396659025832551
436.0750000000004,75.70985417158442,5.927443717519131,80.75655737418656,6.539624059393712
436.10000000000036,75.70985417158442,5.927443717519131,72.74666232270246,2.634493051853336
436.1250000000004,75.22379864838608,6.135860516580311,67.50658466976923,7.493532506072875
436.1500000000004,75.22379864838608,6.135860516580311,67.49152367341715,7.499893546307277
436.1750000000004,74.81958637127568,6.313613939562471,67.49999579546967,7.499998939857578
436.2000000000004,74.81958637127568,6.313613939562471,67.49999987542131,7.499999999793564
436.22500000000036,74.24045847606409,6.480488569971418,67.50000004611904,7.4999999720188555
436.2500000000004,74.24045847606409,6.480488569971418,67.49999995132869,7.499999999999266
436.2750000000004,73.5392127446178,6.626843509861967,67.4999974534018,7.499999999991367
436.3000000000004,73.5392127446178,6.626843509861967,67.49973440419235,7.499999990693153
436.3250000000004,72.93694536450992,6.756540593946523,67.20248011993418,7.499809294547664
436.35000000000036,72.93694536450992,6.756540593946523,62.56839475823779,7.4840032543853345
436.3750000000004,72.4456625507473,6.92974877482375,78.34130518192971,2.5255749558809137
436.4000000000004,72.4456625507473,6.92974877482375,72.64659551135216,2.5052699177148896
436.4250000000004,71.98492029944201,7.111861272640104,71.92331424799197,2.8495780275880915
436.4500000000004,71.98492029944201,7.111861272640104,69.16095930488214,4.370067573161927
436.47500000000036,71.42633741402769,7.289807639586626,62.503169915468916,7.499371680817522
436.5000000000004,71.42633741402769,7.289807639586626,62.501655657927294,7.499424108645163
436.5250000000004,70.80595569188658,7.5149015728060835,62.54443082976868,7.479466355282351
436.5500000000004,70.80595569188658,7.5149015728060835,62.534664843885594,7.498678739766791
436.5750000000004,70.1564146467586,7.633331591635489,62.83827241117899,7.49999604766764
436.60000000000036,70.1564146467586,7.633331591635489,62.514892962588995,7.500212572579478
436.6250000000004,69.74242900110075,7.683358946799895,66.59328676835776,8.772897385522068
436.6500000000004,69.74242900110075,7.683358946799895,71.72531509062111,10.56791889544915
436.6750000000004,69.46599125948138,7.754903862721757,76.77540301860928,12.191831884619429
436.7000000000004,69.46599125948138,7.754903862721757,68.27318527406992,8.007144027510623
436.72500000000036,69.23910852911375,7.840355212714199,72.49902439303416,2.5011845364036818
436.7500000000004,69.23910852911375,7.840355212714199,77.30191322414058,12.103823049331744
436.7750000000004,69.0838471074017,7.96493878748277,73.50658623667441,4.5022610966471
436.8000000000004,69.0838471074017,7.96493878748277,78.79945676018369,11.540276802764934
436.8250000000004,68.98428003364563,8.081195302886476,77.46232801563953,12.464291866156717
436.85000000000036,68.98428003364563,8.081195302886476,71.84894663733553,7.626437964142197
436.8750000000004,68.88488604606832,8.227738244402806,67.51144698443512,7.503083182897769
436.9000000000004,68.88488604606832,8.227738244402806,70.80998156368419,7.50033550914366
436.9250000000004,68.82307177765406,8.333099988313183,67.77040466284991,7.50000514762489
436.9500000000004,68.82307177765406,8.333099988313183,67.4999995871173,7.500000000718492
436.97500000000036,68.7289372561516,8.436324834365134,67.49768091492679,7.5000000003812435
437.0000000000004,68.7289372561516,8.436324834365134,64.96320354405856,7.500000000687103
437.0250000000004,68.5941236562261,8.600291607671197,67.47113856479976,7.500000006440876
437.0500000000004,68.5941236562261,8.600291607671197,63.10807455220333,7.500000002734778
437.0750000000004,68.51343677196539,8.698221054699715,67.44098145322948,7.500000006594558
437.10000000000036,68.51343677196539,8.698221054699715,63.6719434667548,7.500010366813158
437.1250000000004,68.39925463832564,8.786780995492578,62.50106882192602,7.500317915934579
437.1500000000004,68.39925463832564,8.786780995492578,62.5286837045456,7.509311567118665
437.1750000000004,68.26550435075201,8.89511792691205,62.50015162915499,7.500050553903965
437.2000000000004,68.26550435075201,8.89511792691205,62.65456479966972,7.551440161991166
437.22500000000036,68.11906903846378,9.022634621898945,49.6720118698828,7.760791548761774
437.2500000000004,68.11906903846378,9.022634621898945,34.259563097619235,10.347493307689962
437.2750000000004,67.93245845569069,9.167089931135129,20.609159226614345,7.709798759538781
437.3000000000004,67.93245845569069,9.167089931135129,32.09751307081873,7.81428870777879
437.3250000000004,67.62983536461658,9.392982176435993,2.7376259821879056,9.36574409827153
437.35000000000036,67.62983536461658,9.392982176435993,67.47744281318612,7.501980538536468
437.3750000000004,67.23350351867676,9.66313459632496,67.49999724009503,7.5000002152001
437.4000000000004,67.23350351867676,9.66313459632496,67.49999995016083,7.500000003834109
437.4250000000004,66.76774238720367,10.217908834167162,67.49999999971384,7.500000000021289
437.4500000000004,66.76774238720367,10.217908834167162,67.49999999995528,7.500000000003544
437.47500000000036,66.4767902851516,10.606215742795364,67.50000273547217,7.500000000030709
437.5000000000004,66.4767902851516,10.606215742795364,67.50000369101221,7.500000000002081
437.5250000000004,66.16341316556226,11.037455877544083,67.5014814279468,7.500000091905174
437.5500000000004,66.16341316556226,11.037455877544083,67.90661686950493,7.5000169455951236
437.5750000000004,65.9310598786495,11.44571008743278,4.874203320067442,12.282332937246055
437.60000000000036,65.9310598786495,11.44571008743278,2.5117058455858867,7.632024731366188
437.6250000000004,65.81563019000549,11.755199785730564,6.002229722082877,9.527077590075649
437.6500000000004,65.81563019000549,11.755199785730564,57.37671542247162,27.45006192359523
437.6750000000004,65.76678535440874,12.168509683093369,57.448927270313234,27.48606481306136
437.7000000000004,65.76678535440874,12.168509683093369,57.49997619359361,27.499991521975414
437.72500000000036,65.84962786634193,12.667956801909028,57.49999909395492,27.499991149209066
437.7500000000004,65.84962786634193,12.667956801909028,57.500209678934425,27.499160505230307
437.7750000000004,66.0063991685553,13.388696012938915,61.35732857409738,12.071959936079097
437.8000000000004,66.0063991685553,13.388696012938915,57.559745575285085,27.264712779916298
437.8250000000004,66.22127357559627,14.05486526361587,59.548495674653935,19.589533139144827
437.85000000000036,66.22127357559627,14.05486526361587,58.08483095477055,25.17034830885065
437.8750000000004,66.41542331008849,14.557711281545616,60.83232676225928,37.48350486293253
437.9000000000004,66.41542331008849,14.557711281545616,61.32523497509857,26.677709317702444
437.9250000000004,66.65583054900631,15.175219351491162,62.49657192455255,7.552418901143364
437.9500000000004,66.65583054900631,15.175219351491162,62.496540133239,7.500084649939586
437.97500000000036,66.7518236771369,15.71810024780443,70.09956478926891,11.344281008188606
438.0000000000004,66.7518236771369,15.71810024780443,70.08975442891276,17.856717078600553
438.0250000000004,66.90093813554691,16.198467172805604,59.3923179661804,26.551266068805578
438.0500000000004,66.90093813554691,16.198467172805604,58.77971085150621,26.986171832245088
438.0750000000004,67.13841539217817,16.712810032511054,57.68977658876652,27.384830915582395
438.10000000000036,67.13841539217817,16.712810032511054,71.39936606389819,17.22385778556014
438.1250000000004,67.29667213314721,17.26611187670249,57.954388391862416,27.08009279695687
438.1500000000004,67.29667213314721,17.26611187670249,57.513648971768546,27.489660620589365
438.1750000000004,67.47690705113672,17.766175109856597,57.500113057785846,27.499952802101255
438.2000000000004,67.47690705113672,17.766175109856597,61.02680352475911,27.451383543372472
438.22500000000036,67.65019634229965,18.35522951269041,62.4946740591573,27.49996141134825
438.2500000000004,67.65019634229965,18.35522951269041,62.49991288844086,27.49999999698307
438.2750000000004,67.83717617321037,18.74168788527821,62.499998881669526,27.50000002157146
438.3000000000004,67.83717617321037,18.74168788527821,62.499715250656635,27.50000000300891
438.3250000000004,68.1521124851151,19.09547259374424,62.499999691343156,27.49999999999648
438.35000000000036,68.1521124851151,19.09547259374424,62.499999961754234,27.500000000001936
438.3750000000004,68.51327218158318,19.35634245678456,62.49401202389592,27.50000499157768
438.4000000000004,68.51327218158318,19.35634245678456,62.49999995129714,27.49999999990379
438.4250000000004,69.04307624583159,19.560337269573218,62.42887070820987,27.471669778695777
438.4500000000004,69.04307624583159,19.560337269573218,57.50001640748343,27.500015085591937
438.47500000000036,69.75961083798119,19.792714220085895,57.54498440445544,27.49273638783804
438.5000000000004,69.75961083798119,19.792714220085895,57.4685218278657,29.85174837691804
438.5250000000004,70.7643471053511,20.047446659053502,61.38327268196656,26.786727884908686
438.5500000000004,70.7643471053511,20.047446659053502,60.38885368593575,30.175822530556296
438.5750000000004,71.98889245016936,20.440176148703788,97.47599743949282,10.016060506875721
438.60000000000036,71.98889245016936,20.440176148703788,96.00988465545164,9.335834935498038
438.6250000000004,73.2049502762676,20.782521841641483,94.6855123646978,10.281118630583686
438.6500000000004,73.2049502762676,20.782521841641483,92.49998303646701,12.499565462868386
438.6750000000004,74.30026909115418,20.930600062524963,82.80098076101892,17.396536861079536
438.7000000000004,74.30026909115418,20.930600062524963,89.76478466813602,14.889268095184605
438.72500000000036,75.20026841988617,21.13960986915964,83.12690537945093,17.12135150906838
438.7500000000004,75.20026841988617,21.13960986915964,86.70544601517744,13.120312576559297
438.7750000000004,76.1344967700872,21.573677164996305,92.28842596775993,12.492794320180565
438.8000000000004,76.1344967700872,21.573677164996305,89.32514828653024,13.745179545637948
438.8250000000004,76.96669623545182,21.999620927201622,82.57755595177329,17.550427892800055
438.85000000000036,76.96669623545182,21.999620927201622,82.50125230483575,17.502559388971275
438.8750000000004,77.72701157526808,22.422380605015945,82.54185490649482,17.54185595742808
438.9000000000004,77.72701157526808,22.422380605015945,74.22654903112466,14.671826790700322
438.9250000000004,78.4391599780962,22.88681250006998,67.3615617603107,11.140100633181463
438.9500000000004,78.4391599780962,22.88681250006998,57.95537988020611,7.522675109532894
438.97500000000036,79.01646944324902,23.159175662086938,95.95397534732972,16.970300736650717
439.0000000000004,79.01646944324902,23.159175662086938,94.92982011574925,6.929786756575603
439.0250000000004,79.48952085803258,23.3220344829964,71.64009324706797,33.117450002333996
439.0500000000004,79.48952085803258,23.3220344829964,97.06453392908658,44.08273763133393
439.0750000000004,80.08851830697814,23.395818709114625,97.07148022157307,42.966138454424325
439.10000000000036,80.08851830697814,23.395818709114625,97.49999736701353,24.110061994010263
439.1250000000004,80.73877112613927,23.42813162443214,97.4999743709611,22.38435529720385
439.1500000000004,80.73877112613927,23.42813162443214,97.07090587445455,47.29252028831724
439.1750000000004,81.36670644062308,23.46846725805656,86.28259208983324,16.792402637510527
439.2000000000004,81.36670644062308,23.46846725805656,90.57378337738702,19.619618685934334
439.22500000000036,82.0146256685957,23.57157256083091,91.31124368961007,18.244404059471957
439.2500000000004,82.0146256685957,23.57157256083091,87.72758208754657,12.727706767145905
439.2750000000004,82.66897876947382,23.69444329014373,84.70695290393815,15.747390948990391
439.3000000000004,82.66897876947382,23.69444329014373,82.80357981653466,17.454080321317452
439.3250000000004,83.21510141844342,23.676856819007497,83.56261400568756,16.528433098839223
439.35000000000036,83.21510141844342,23.676856819007497,93.4565040352288,6.54208740430469
439.3750000000004,83.95049016831314,23.75654145152145,93.4125269106878,6.627168821253137
439.4000000000004,83.95049016831314,23.75654145152145,93.96162284140314,7.182216177190484
439.4250000000004,84.7742038401318,23.799633641787217,97.18544619679871,7.262151485647507
439.4500000000004,84.7742038401318,23.799633641787217,96.58537706215327,8.061980062221435
439.47500000000036,85.54872741889007,23.68109272876449,97.49929319263583,5.476859445926612
439.5000000000004,85.54872741889007,23.68109272876449,97.49950443887975,6.54572571593873
439.5250000000004,86.2432629021329,23.432420548942936,97.49998422873954,4.520067387273052
439.5500000000004,86.2432629021329,23.432420548942936,97.49999353906348,9.528307308824655
439.5750000000004,86.9492532605216,23.24267049729923,97.49995732185272,6.234262975112763
439.60000000000036,86.9492532605216,23.24267049729923,97.49753632775534,7.486769115261258
439.6250000000004,87.66114507946938,23.15529008149364,97.49511364447501,6.864548702322885
439.6500000000004,87.66114507946938,23.15529008149364,97.49653919165306,7.801705182424627
439.6750000000004,88.40604843952681,23.105035859662305,97.49952784460922,6.03515209338758
439.7000000000004,88.40604843952681,23.105035859662305,97.49679331640452,14.962256185418155
439.72500000000036,89.05228147659811,23.142288744733285,96.85620016240861,7.324524816139114
439.7500000000004,89.05228147659811,23.142288744733285,87.56464719777665,12.455625310315478
439.7750000000004,89.63646088273073,23.20680913886795,87.50797471914105,12.49600249252063
439.8000000000004,89.63646088273073,23.20680913886795,91.45203745629938,10.512841387884377
439.8250000000004,90.11104288588112,23.199065215456542,92.15928112218216,11.422258146886938
439.85000000000036,90.11104288588112,23.199065215456542,96.91146752968729,4.3651297209914315
439.8750000000004,90.51427958779404,23.25627231452203,97.49859114878262,7.273758127408986
439.9000000000004,90.51427958779404,23.25627231452203,97.48839249406088,7.472566696727236
439.9250000000004,91.0233365811417,23.314053879157,87.59093425809324,12.844852109763142
439.9500000000004,91.0233365811417,23.314053879157,89.22367431599635,12.576918027512402
439.97500000000036,91.54445530052875,23.39476587802328,96.59388992507186,23.18798684684944
440.0000000000004,91.54445530052875,23.39476587802328,97.4682758034123,10.182443110353327
440.0250000000004,92.09667113590694,23.33017961516982,96.84380692242222,43.35693322206096
440.0500000000004,92.09667113590694,23.33017961516982,97.49997292753936,22.50009178990099
440.0750000000004,92.70228688517932,23.183409721722803,97.499972998646,22.500105146280546
440.10000000000036,92.70228688517932,23.183409721722803,97.49488016490363,22.5009119577946
440.1250000000004,93.34577519214398,22.793263316396125,97.4938764656838,22.50408762492992
440.1500000000004,93.34577519214398,22.793263316396125,93.36922001176416,27.667228229978285
440.1750000000004,93.92002620233036,22.27872968742054,97.42893168089194,5.8721584143455985
440.2000000000004,93.92002620233036,22.27872968742054,97.0866525400324,6.016819223671838
440.22500000000036,94.33971305829972,21.569181909711595,97.30707060848705,7.426533523756149
440.2500000000004,94.33971305829972,21.569181909711595,90.99441039120357,16.180217457881508
440.2750000000004,94.68092267359071,20.94577733447581,96.26393975430625,10.823562182262549
440.3000000000004,94.68092267359071,20.94577733447581,90.33200520085025,14.555246092758459
440.3250000000004,94.97120642704692,20.28849745154753,88.84597053333336,19.38122930472884
440.35000000000036,94.97120642704692,20.28849745154753,87.63085148034885,22.2635043600045
440.3750000000004,95.1794423882195,19.647045943495883,87.50059456835696,22.498869662407937
440.4000000000004,95.1794423882195,19.647045943495883,88.22702911867933,22.49675090432916
440.4250000000004,95.45074018307623,19.01280188709481,87.50026350016185,22.499558944418183
440.4500000000004,95.45074018307623,19.01280188709481,87.51501292604576,22.495997764346466
440.47500000000036,95.78269144662735,18.58541236694496,87.50375671120045,22.492310791007103
440.5000000000004,95.78269144662735,18.58541236694496,96.8359375971967,2.507162925962095
440.5250000000004,96.1612839024892,18.311700929028945,95.74944116842286,2.5246935053071584
440.5500000000004,96.1612839024892,18.311700929028945,93.69486419183451,2.5043007146618086
440.5750000000004,96.32359964962176,17.992848041007417,93.60358583057972,2.500354099097316
440.60000000000036,96.32359964962176,17.992848041007417,95.91388793369566,2.502165622587819
440.6250000000004,96.37477165387068,17.691934533231247,96.893429448708,2.5044348820115503
440.6500000000004,96.37477165387068,17.691934533231247,94.95401984002713,2.50819592380925
440.6750000000004,96.30119836348892,17.306407594562568,93.04791687100442,2.5000821304856506
440.7000000000004,96.30119836348892,17.306407594562568,95.44461669263359,2.5001069604649855
440.72500000000036,96.22058025720182,16.81593760042673,97.17426951625548,2.5009797462351617
440.7500000000004,96.22058025720182,16.81593760042673,96.62360737220793,2.582398764904303
440.7750000000004,96.13767174157996,16.4177949166419,96.98668175834425,2.5431462953289756
440.8000000000004,96.13767174157996,16.4177949166419,94.00471391263918,2.501792196088585
440.8250000000004,95.96166655186352,16.05115705265296,92.98183739061061,2.568402758427445
440.85000000000036,95.96166655186352,16.05115705265296,92.66762518425965,21.949865255576018
440.8750000000004,95.73511957052162,15.796637046999162,92.5021922421156,27.24023513925024
440.9000000000004,95.73511957052162,15.796637046999162,92.52041044571597,20.553028060103944
440.9250000000004,95.4931756400134,15.539767420489303,92.56663152085422,2.561703692094743
440.9500000000004,95.4931756400134,15.539767420489303,92.50543784719609,2.5015514002399457
440.97500000000036,95.28086180787476,15.3067648088324,92.50738086327749,2.510404978790049
441.0000000000004,95.28086180787476,15.3067648088324,92.50283455917942,2.5000728841980187
441.0250000000004,95.1133560214197,14.98664603102263,92.50167202584939,2.500856139389205
441.0500000000004,95.1133560214197,14.98664603102263,92.50157821102009,2.5004837409576304
441.0750000000004,94.97206864892964,14.670127189357634,92.50006522393325,2.500031542961889
441.10000000000036,94.97206864892964,14.670127189357634,92.50004257276254,2.50000404208102
441.1250000000004,94.80145428540284,14.521593001417768,92.50017704953605,2.5000185567402426
441.1500000000004,94.80145428540284,14.521593001417768,92.50006701064663,2.5000409262118777
441.1750000000004,94.66010541032205,14.422292651385634,92.50147570576253,2.5002857205625966
441.2000000000004,94.66010541032205,14.422292651385634,92.50030838636026,2.5000051500104328
441.22500000000036,94.55050816916317,14.276638515629822,92.50145631699488,2.500003036544259
441.2500000000004,94.55050816916317,14.276638515629822,92.50739301630671,2.500034600414708
441.2750000000004,94.43036651086982,14.157354328479688,92.58453358316181,2.5000020094826247
441.3000000000004,94.43036651086982,14.157354328479688,92.69276414659451,2.500033447249182
441.3250000000004,94.30738577312998,14.032934442577869,93.35892857526586,2.5000035454270138
441.35000000000036,94.30738577312998,14.032934442577869,92.87278907723349,2.5000001362828734
441.3750000000004,94.17581279076836,13.938826304877717,92.88637215054382,2.500001059734637
441.4000000000004,94.17581279076836,13.938826304877717,95.88658407430128,2.500000041483542
441.4250000000004,94.05478129588003,13.86460337637136,93.38913215469198,2.5000000044969086
441.4500000000004,94.05478129588003,13.86460337637136,93.79520417384794,2.500000173061186
441.47500000000036,93.95331198281734,13.729294628808034,93.65894952584395,2.5000000264081157
441.5000000000004,93.95331198281734,13.729294628808034,92.94108196785916,2.500000010765355
441.5250000000004,93.8744770201141,13.548586996317203,92.6342120735496,2.5000000172654167
441.5500000000004,93.8744770201141,13.548586996317203,93.69471971713416,2.5000009989845515
441.5750000000004,93.82265587367246,13.411792562232794,95.17793096613825,2.5000041899613583
441.60000000000036,93.82265587367246,13.411792562232794,93.4755124391594,2.500014453340374
441.6250000000004,93.83474321304104,13.227513259982556,92.64324727338963,2.50000240322728
441.6500000000004,93.83474321304104,13.227513259982556,93.98994317682742,2.5004113649395117
441.6750000000004,93.83262719788831,13.031747238520849,96.15096483279679,2.8931533151243007
441.7000000000004,93.83262719788831,13.031747238520849,97.40036968667809,2.6011542687388927
441.72500000000036,93.7592242327712,12.87387075512939,96.52652919327979,2.7362469308200166
441.7500000000004,93.7592242327712,12.87387075512939,97.39589937019221,2.8055952635555768
441.7750000000004,93.642368845127,12.589969423212349,97.21728923209756,2.8716210404111338
441.8000000000004,93.642368845127,12.589969423212349,96.2121031356815,2.690590776476418
441.8250000000004,93.46952051431984,12.356245698822264,96.14242874792416,2.5018881351569533
441.85000000000036,93.46952051431984,12.356245698822264,97.3583727902871,2.5004552439579846
441.8750000000004,93.32725401225608,12.232038576564303,97.27339820746425,2.5000648244954276
441.9000000000004,93.32725401225608,12.232038576564303,96.3188170092711,2.5000067472534924
441.9250000000004,93.16784453960416,12.124213374812316,92.9283309812576,2.5000019361318877
441.9500000000004,93.16784453960416,12.124213374812316,92.5078124584655,2.5000000064480354
441.9750000000004,93.02777575261668,12.057766161638051,92.5001140627689,2.5000000000097287
442.0000000000004,93.02777575261668,12.057766161638051,92.50000120889077,2.500000000019647
442.0250000000004,92.82449691290488,11.920681818043532,92.50000079669556,2.5000000000000546
442.0500000000004,92.82449691290488,11.920681818043532,92.50000089860622,2.5000000000000018
442.0750000000004,92.6464312503331,11.793889056315429,92.50000006395264,2.5000000000006737
442.1000000000004,92.6464312503331,11.793889056315429,92.49999999652077,2.5000000000021854
442.1250000000004,92.47163256649732,11.666939461841864,92.50000000092979,2.5000000000063993
442.1500000000004,92.47163256649732,11.666939461841864,92.50000000022014,2.500000000004689
442.1750000000004,92.27590454249231,11.529884261405709,92.49999976381524,2.5000000000712896
442.2000000000004,92.27590454249231,11.529884261405709,92.49999970587218,2.500000002976688
442.2250000000004,92.05358106044154,11.346038641310347,92.4999999116882,2.500000196398798
442.2500000000004,92.05358106044154,11.346038641310347,92.50000010078004,2.500000000543118
442.2750000000004,91.7960128555404,11.1386875451771,92.50000099012216,2.5000000143406163
442.3000000000004,91.7960128555404,11.1386875451771,92.50000014654633,2.5000000000495084
442.3250000000004,91.59755155006104,10.994421527095511,92.50000099602002,2.5000000000125593
442.3500000000004,91.59755155006104,10.994421527095511,92.50000517513762,2.5000000000130282
442.3750000000004,91.41277613840386,10.83696858479274,92.50006198271258,2.5000000000194156
442.4000000000004,91.41277613840386,10.83696858479274,92.50001004588772,2.5000000000078173
442.4250000000004,91.19278606808392,10.60846933126338,92.50003817111565,2.5000000000059415
442.4500000000004,91.19278606808392,10.60846933126338,92.50000824741922,2.500000000010385
442.4750000000004,91.01290087833884,10.388369364910554,92.50000860341758,2.5000000000195963
442.5000000000004,91.01290087833884,10.388369364910554,92.50001221386621,2.5000000003886673
442.5250000000004,90.7640978287342,10.06224008583436,92.50001153600974,2.5000000040283896
442.5500000000004,90.7640978287342,10.06224008583436,92.5000255027029,2.500000002215193
442.5750000000004,90.54625287864482,9.786217489901547,92.50000590946586,2.500000004133121
442.6000000000004,90.54625287864482,9.786217489901547,92.49989407092998,2.5000827399581262
442.6250000000004,90.35274049673068,9.444087861580178,92.49966253803696,2.5002248259653457
442.6500000000004,90.35274049673068,9.444087861580178,92.49583324285783,2.5439636767887204
442.6750000000004,90.18949333097096,9.06197637946154,92.4974969342309,10.526470807807264
442.7000000000004,90.18949333097096,9.06197637946154,91.53911867237967,3.253514539324138
442.7250000000004,90.08542637333323,8.683055845612946,91.61033084030602,3.092545260938437
442.7500000000004,90.08542637333323,8.683055845612946,92.47428282087839,2.584108209320925
442.7750000000004,89.96306924520215,8.385361054757364,91.18846764325119,2.500120500644096
442.8000000000004,89.96306924520215,8.385361054757364,92.49928138016533,2.500041523723601
442.8250000000004,89.64450707721176,7.997568529796741,92.48374266823434,2.500481441741226
442.8500000000004,89.64450707721176,7.997568529796741,92.49861524972961,2.500000003602209
442.8750000000004,89.19782134980922,7.645396983950752,92.4990242228578,2.5001845689729345
442.9000000000004,89.19782134980922,7.645396983950752,92.50001638283837,2.5000000001456066
442.9250000000004,88.60978800126219,7.203189982515782,92.50148323685261,2.500000000059061
442.9500000000004,88.60978800126219,7.203189982515782,92.50048748905549,2.5000000000000067
442.9750000000004,88.0056710325503,6.840894162468188,92.50095341334246,2.5000000000010214
443.0000000000004,88.0056710325503,6.840894162468188,92.50032192159162,2.500000000000275
443.0250000000004,87.31266592304343,6.55764943583966,92.50001321558896,2.5000000000005724
443.0500000000004,87.31266592304343,6.55764943583966,92.49999742742668,2.5000000000000013
443.0750000000004,86.56053563664543,6.266653995589399,92.50000001169818,2.500000000000001
443.1000000000004,86.56053563664543,6.266653995589399,92.49999615955339,2.5000000000000715
443.1250000000004,85.94143224617905,5.971311731981015,92.49999385057073,2.5000000000016955
443.1500000000004,85.94143224617905,5.971311731981015,92.48402585621312,2.5000000010973507
443.1750000000004,85.32089182679326,5.619090970853423,92.49626641814494,2.500000524129904
443.2000000000004,85.32089182679326,5.619090970853423,92.49542495259767,2.5000002445466167
443.2250000000004,84.85485139510274,5.261188506320731,83.00783585262492,7.2011434527005385
443.2500000000004,84.85485139510274,5.261188506320731,72.62176943300862,2.5314493382655074
443.2750000000004,84.34478049483207,5.006160330002516,72.5127549632097,2.5000034123442125
443.3000000000004,84.34478049483207,5.006160330002516,72.52483402072309,2.509829693770283
443.3250000000004,83.76848893664372,4.918732773113142,80.99057172182944,5.088337074848639
443.3500000000004,83.76848893664372,4.918732773113142,82.64338575291562,7.3499188283504475
443.3750000000004,83.11611204680656,4.90706163395925,84.0274564240896,5.980505352110856
443.4000000000004,83.11611204680656,4.90706163395925,83.92874428244073,6.483281029408088
443.4250000000004,82.37680908324933,4.854022401992787,77.50676472831566,5.287683041287734
443.4500000000004,82.37680908324933,4.854022401992787,82.44118644129212,7.453451522811068
443.4750000000004,81.46312959257577,4.781324028382423,82.36276949246809,7.431433492265984
443.5000000000004,81.46312959257577,4.781324028382423,82.49802937430115,7.499510598744993
443.5250000000004,80.67367664553032,4.79029323873775,82.49999966984159,7.499999835378112
443.5500000000004,80.67367664553032,4.79029323873775,82.49997366012113,7.49998703606352
443.5750000000004,79.8851374104658,4.623533720240128,82.48131895877309,7.49067162057581
443.6000000000004,79.8851374104658,4.623533720240128,80.72316151779123,6.613375519870755
443.6250000000004,79.11129262157459,4.208480544512267,72.500022503137,2.50003236422735
443.6500000000004,79.11129262157459,4.208480544512267,72.50024948177563,2.500126795016526
443.6750000000004,78.39080803248758,3.792554086403335,72.50005680134365,2.5000340905581933
443.7000000000004,78.39080803248758,3.792554086403335,72.55914618445745,2.5540309981966014
443.7250000000004,77.49427135520915,3.2710359616899214,72.5028577583129,2.500092698378656
443.7500000000004,77.49427135520915,3.2710359616899214,72.50004999310163,2.500013076904512
443.7750000000004,76.33788691745612,2.7692560886120474,72.50007451658652,2.5000203775440055
443.8000000000004,76.33788691745612,2.7692560886120474,72.5039004319167,2.5038540210246043
443.8250000000004,75.132530294224,2.277847214297245,72.51283297965045,2.508880914254155
443.8500000000004,75.132530294224,2.277847214297245,72.50128583391881,2.500054870351486
443.8750000000004,73.95497987648477,2.2202101173355557,73.14563230568058,2.500027042056604
443.9000000000004,73.95497987648477,2.2202101173355557,84.22168697481453,2.5000864465737695
443.9250000000004,72.83336880128401,2.365286676669379,81.17726433930602,2.50000000849027
443.9500000000004,72.83336880128401,2.365286676669379,72.50000415632843,2.5000000000012395
443.9750000000004,71.8591876612967,2.4714188437029856,72.5000000089414,2.500000000112054
444.0000000000004,71.8591876612967,2.4714188437029856,72.50000325770063,2.500000141745276
444.0250000000004,70.99281005458202,2.385076221667627,72.49990370490987,2.5000964009283706
444.0500000000004,70.99281005458202,2.385076221667627,72.50000223177555,2.500000215806403
444.0750000000004,70.22502472753476,2.3206845784647574,72.50000105004045,2.5000003575238035
444.1000000000004,70.22502472753476,2.3206845784647574,72.5000617156827,2.5000308577501933
444.1250000000004,69.6326812981778,2.1554007891038416,72.5000000102464,2.5000000011268058
444.1500000000004,69.6326812981778,2.1554007891038416,72.5000377032473,2.500018928938425
444.1750000000004,69.15493845174781,1.9673019084465413,72.50004139989099,2.5000307628739478
444.2000000000004,69.15493845174781,1.9673019084465413,72.50600283160698,2.5030042884375763
444.2250000000004,68.74754070279045,2.038864445313773,73.05549621461134,2.7771018132230347
444.2500000000004,68.74754070279045,2.038864445313773,72.50000001801486,2.500000000057309
444.2750000000004,68.35308757646185,2.084029827323885,72.50000010766601,2.5000000000022777
444.3000000000004,68.35308757646185,2.084029827323885,72.50000000010203,2.5000000000003313
444.3250000000004,68.10326728199833,2.260222855556845,72.50000001812676,2.5000000000863922
444.3500000000004,68.10326728199833,2.260222855556845,72.50000058436999,2.500000000086728
444.3750000000004,67.78458962854293,2.205775556483461,72.5000000148107,2.5000000000099374
444.4000000000004,67.78458962854293,2.205775556483461,72.50000208722889,2.5000000000005014
444.4250000000004,67.46095022931465,2.1040499816806446,72.500008663869,2.5000000000343974
444.4500000000004,67.46095022931465,2.1040499816806446,72.532591828467,2.500000280361883
444.4750000000004,67.14568879096599,2.178567473413382,73.50488155946863,2.500038532106294
444.5000000000004,67.14568879096599,2.178567473413382,92.07829458098085,2.500000011713497
444.5250000000004,66.75948190769859,2.1351087904531485,92.45384333635441,2.5000000298534135
444.5500000000004,66.75948190769859,2.1351087904531485,92.47550882567714,2.500011509285785
444.5750000000004,66.30681865221689,2.176953153567748,92.42322210838412,2.500032716639781
444.6000000000004,66.30681865221689,2.176953153567748,92.5000620827942,2.5000010479394126
444.6250000000004,65.95761884633681,2.2796442671614625,92.49993843748251,2.500005236247479
444.6500000000004,65.95761884633681,2.2796442671614625,92.49825992670492,2.5000003319450133
444.6750000000004,65.5171741975235,2.338012922020173,92.40461192150987,2.500149096009663
444.7000000000004,65.5171741975235,2.338012922020173,92.42599259132835,2.5099797878615715
444.7250000000004,65.22113902628442,2.535037587604165,91.73095387616323,2.614113605276338
444.7500000000004,65.22113902628442,2.535037587604165,71.21752736436147,5.820579224668107
444.7750000000004,65.02054472780469,2.66480919281849,72.51117171513599,2.518521094781141
444.8000000000004,65.02054472780469,2.66480919281849,72.84457853932747,2.5000208799541537
444.8250000000004,64.79398322215138,2.720930106126333,72.50201958278934,2.500001906582137
444.8500000000004,64.79398322215138,2.720930106126333,72.50000484447223,2.500003749388125
444.8750000000004,64.54862938538595,2.6331280242444066,74.74267522008448,2.8472879519778695
444.9000000000004,64.54862938538595,2.6331280242444066,74.1190823738336,4.525424784595721
444.9250000000004,64.32165410186195,2.562409205894555,91.23781693797159,2.7699516186687845
444.9500000000004,64.32165410186195,2.562409205894555,85.35523444123825,2.508212424536009
444.9750000000004,64.09084461970747,2.5961086451239126,79.67488660076809,2.5000201397730164
445.0000000000004,64.09084461970747,2.5961086451239126,75.59691312742885,2.500634890249009
445.0250000000004,63.94005896051959,2.645675561904969,92.46823779507426,2.5000000584295603
445.0500000000004,63.94005896051959,2.645675561904969,77.30957531590798,2.500472887598071
445.0750000000004,63.77734070681331,2.583586271849022,72.93432249239763,2.5195083694441496
445.1000000000004,63.77734070681331,2.583586271849022,83.95374991251323,2.533689433842832
445.1250000000004,63.68971454698945,2.8008271971715035,72.5016478945616,2.5000022343832726
445.1500000000004,63.68971454698945,2.8008271971715035,72.50010314798163,2.500000003958559
445.1750000000004,63.61038555499685,3.0324621791039847,72.50029557362565,2.5000000000116587
445.2000000000004,63.61038555499685,3.0324621791039847,72.50037627994455,2.5000000004654446
445.2250000000004,63.50303999012519,3.147595234564492,72.49984915538418,2.500000018186644
445.2500000000004,63.50303999012519,3.147595234564492,50.141337727989175,3.1316482734746707
445.2750000000004,63.38571681912381,3.3086275859469763,37.38866564538707,5.7864135673727315
445.3000000000004,63.38571681912381,3.3086275859469763,31.740032672838105,3.3195412820797427
445.3250000000004,63.19786057906735,3.5091458304934453,37.19187599881446,2.6555332324515257
445.3500000000004,63.19786057906735,3.5091458304934453,37.742205321706194,7.432037453527783
445.3750000000004,62.841183723706,3.658108712974621,40.16857190962817,7.143518499763666
445.4000000000004,62.841183723706,3.658108712974621,46.52190649127101,4.712706592092873
445.4250000000004,62.514073077999385,3.768886293060084,67.33772254253734,7.265657928482296
445.4500000000004,62.514073077999385,3.768886293060084,38.93268399277342,7.006997394329914
445.4750000000004,62.34981076260737,3.963531754124329,67.5055473184851,7.4716059865859785
445.5000000000004,62.34981076260737,3.963531754124329,68.94248019191862,3.567236501279984
445.5250000000004,62.23054902135905,4.146069119094287,72.66264077155103,2.500488481344199
445.5500000000004,62.23054902135905,4.146069119094287,72.51657131677825,2.5002178309153336
445.5750000000004,62.063117102203066,4.270189545083871,72.49170489737628,2.520072618345273
445.6000000000004,62.063117102203066,4.270189545083871,72.4940032835531,2.5108200946240955
445.6250000000004,61.85509292008763,4.358439229940187,72.50723414372989,2.5000388144245074
445.6500000000004,61.85509292008763,4.358439229940187,75.50846341959722,2.5184502240027222
445.6750000000004,61.61622033998388,4.483693632679903,64.58798875684914,16.85754535441715
445.7000000000004,61.61622033998388,4.483693632679903,72.02877499562885,2.9520944787493204
445.7250000000004,61.40335729270879,4.614737860678975,72.62776213751458,2.528126942290714
445.7500000000004,61.40335729270879,4.614737860678975,72.28768484970838,2.6063758550588227
445.7750000000004,61.00815650999824,4.679402428389557,72.42850033588172,2.535751030890764
445.8000000000004,61.00815650999824,4.679402428389557,67.8651471027476,4.817433668737401
445.8250000000004,60.51607532416566,4.838114204032883,72.50099782888502,2.5000211466318203
445.8500000000004,60.51607532416566,4.838114204032883,72.49977243637498,2.500036882765238
445.8750000000004,59.952427409380846,4.985084661359142,72.03295370353459,2.533973640668415
445.9000000000004,59.952427409380846,4.985084661359142,72.46934760400167,2.5021769321171186
445.9250000000004,59.37502735801441,5.150199310598668,71.1164921348922,2.5972614518956774
445.9500000000004,59.37502735801441,5.150199310598668,72.49991506651094,2.5000078441300513
445.9750000000004,58.74607677713398,5.238778991491786,72.49968374413535,2.5000319101315323
446.0000000000004,58.74607677713398,5.238778991491786,72.34537982598334,2.5018766942630295
446.0250000000004,58.31428377953911,5.335939902456141,72.49735582534232,2.500001897677927
446.0500000000004,58.31428377953911,5.335939902456141,72.4983246963155,2.5000003017408745
446.0750000000004,57.92036043896862,5.386076181334905,72.4994598765495,2.5001748775890262
446.1000000000004,57.92036043896862,5.386076181334905,60.246697722656904,6.775793090761487
446.1250000000004,57.5960634495861,5.489544681253265,62.843802683564775,15.312738573994503
446.1500000000004,57.5960634495861,5.489544681253265,67.53443570836644,7.467340382009067
446.1750000000004,57.1302735838916,5.632548953569851,67.93829636812505,7.061703711507915
446.2000000000004,57.1302735838916,5.632548953569851,64.68224880655407,5.660995080293036
446.2250000000004,56.609287848660685,5.785926313853309,67.95121575629236,7.0326579362718356
446.2500000000004,56.609287848660685,5.785926313853309,70.70690744063641,3.7738357165241627
446.2750000000004,55.976494902813336,5.900467315368149,67.49388267688424,7.498669267433292
446.3000000000004,55.976494902813336,5.900467315368149,67.49999984069123,7.500000002607267
446.3250000000004,55.58377460187337,5.983417593028496,67.49998119829695,7.5000009547891135
446.3500000000004,55.58377460187337,5.983417593028496,67.49873760462243,7.500037162400933
446.3750000000004,55.137228739157074,5.969907518570468,67.49720413706429,7.500000129062471
446.4000000000004,55.137228739157074,5.969907518570468,67.49918543141149,7.500000311509231
446.4250000000004,54.60616873248247,5.799229699876212,67.48237832247847,7.500125460375046
446.4500000000004,54.60616873248247,5.799229699876212,67.48626696383178,7.500000512207561
446.4750000000004,53.98406813690213,5.432537673747155,67.47744266151611,7.500009825216153
446.5000000000004,53.98406813690213,5.432537673747155,67.49950056008758,7.4999999999939835
446.5250000000004,53.58292103637987,5.315341140161248,67.47974737879426,7.499997416601093
446.5500000000004,53.58292103637987,5.315341140161248,66.5881236287026,7.497860607226807
446.5750000000004,53.3864717447572,5.343184724279565,45.099971819313936,7.009574080808664
446.6000000000004,53.3864717447572,5.343184724279565,67.42608982026479,7.492279699765867
446.6250000000004,53.17619546041165,5.334556801350149,38.3115404126921,4.239735361438265
446.6500000000004,53.17619546041165,5.334556801350149,37.46332784110625,5.196623758475913
446.6750000000004,52.95802021972303,5.327204922355398,37.49995938544433,7.467331342218303
446.7000000000004,52.95802021972303,5.327204922355398,37.49999153165818,7.499686243554742
446.7250000000004,52.51248723018447,5.227066257356043,37.49990780687984,7.4981260900383475
446.7500000000004,52.51248723018447,5.227066257356043,37.50022824812322,7.498604872534951
446.7750000000004,52.058847634703255,5.145500621722107,37.5261733092824,7.495216731920942
446.8000000000004,52.058847634703255,5.145500621722107,47.416981271444875,7.4964054397818
446.8250000000004,51.49543222361612,5.022490482604403,42.628853563403766,7.472323697701123
446.8500000000004,51.49543222361612,5.022490482604403,38.43343940908454,7.499120627966362
446.8750000000004,51.067081791152326,5.077233717380695,45.477102025773085,7.481614967331998
446.9000000000004,51.067081791152326,5.077233717380695,67.44999452423785,7.491640740694634
446.9250000000004,50.61134228704381,5.244675599221118,60.09952024170067,7.168784004692099
446.9500000000004,50.61134228704381,5.244675599221118,66.77558873161377,7.3854959076056055
446.9750000000004,50.12286394695356,5.371761857462124,44.92038685771594,5.146825373319318
447.0000000000004,50.12286394695356,5.371761857462124,62.470519844660274,7.501420379808258
447.0250000000004,49.60190970271028,5.350114698803683,62.506085637794335,7.499998578521423
447.0500000000004,49.60190970271028,5.350114698803683,62.60922888030889,7.47866145716734
447.0750000000004,49.199029107646346,5.220400355060281,6.037038839551301,7.481451719111822
447.1000000000004,49.199029107646346,5.220400355060281,32.58774717045549,7.426620034038723
447.1250000000004,48.83177573366526,4.989750786732647,2.549850565637413,7.4977174037852325
447.1500000000004,48.83177573366526,4.989750786732647,2.519072909687381,7.496827845858287
447.1750000000004,48.5912442555813,4.830430716774072,27.38226834946998,2.5263361945742013
447.2000000000004,48.5912442555813,4.830430716774072,27.42927954403471,2.5175307066859403
447.2250000000004,48.34886085980097,4.620690272791203,2.6248215837467503,7.499290679749493
447.2500000000004,48.34886085980097,4.620690272791203,3.9266492670597146,7.407088643182628
447.2750000000004,48.19320629656985,4.517317851136933,16.23421148912662,7.472767394216122
447.3000000000004,48.19320629656985,4.517317851136933,37.49591542412331,7.499841153728539
447.3250000000004,48.11492960544911,4.311101862317774,37.49864618543836,7.49998718171374
447.3500000000004,48.11492960544911,4.311101862317774,37.49982105056114,7.499994505204466
447.3750000000004,48.10096418526605,4.315044153693418,37.49921936344057,7.499999735190526
447.4000000000004,48.10096418526605,4.315044153693418,37.499999866875996,7.499999911896953
447.4250000000004,48.07001369603044,4.366975607846343,37.50000605264889,7.499248804805986
447.4500000000004,48.07001369603044,4.366975607846343,37.499999838543914,3.7617028204963
447.4750000000004,48.00881768851431,4.29144665837255,37.50000002057339,7.217504429458005
447.5000000000004,48.00881768851431,4.29144665837255,37.50028946086662,7.278245620354925
447.5250000000004,47.93155783936146,4.292698230082205,37.50465121643133,6.9065461833104544
447.5500000000004,47.93155783936146,4.292698230082205,37.99191141165701,7.394153765142114
447.5750000000004,47.76507769004938,4.131096946266358,44.50819456452017,4.820537254733752
447.6000000000004,47.76507769004938,4.131096946266358,37.95805350152557,6.39240106870005
447.6250000000004,47.54642539882322,4.019540952931987,40.86920758982584,5.031501022778992
447.6500000000004,47.54642539882322,4.019540952931987,43.28699031868106,3.5577383070269804
447.6750000000004,47.22122446594944,3.842627798685763,37.522931635784204,7.247194790734637
447.7000000000004,47.22122446594944,3.842627798685763,36.92529588944443,6.0532985376004325
447.7250000000004,47.01679537546029,3.7246241181658064,35.33111714528735,5.472773634061926
447.7500000000004,47.01679537546029,3.7246241181658064,31.32520028191901,4.400258153109643
447.7750000000004,46.949103751654185,3.639835570553204,34.571317084593254,6.031017096074641
447.8000000000004,46.949103751654185,3.639835570553204,27.503757735146657,2.5018787640364892
447.8250000000004,46.89024539634647,3.566616408594335,36.17012542628332,6.835000760636901
447.8500000000004,46.89024539634647,3.566616408594335,36.17916042029159,6.8396262592922845
447.8750000000004,46.82412415421989,3.616391525646901,37.49830738674288,7.4993413334041055
447.9000000000004,46.82412415421989,3.616391525646901,37.49768480871718,7.49947236753623
447.9250000000004,46.73879697580673,3.706226231286464,37.44030736740913,7.4912221531556105
447.9500000000004,46.73879697580673,3.706226231286464,37.49597376537682,7.4996722370253615
447.9750000000004,46.67874461791747,3.68087707285174,37.37602329920498,7.475841400228149
448.0000000000004,46.67874461791747,3.68087707285174,37.49403600228015,7.498795085025778
448.0250000000004,46.63489836062016,3.626499193837165,37.4994859743899,7.499883699556234
448.0500000000004,46.63489836062016,3.626499193837165,37.27659034061512,7.45531653486883
448.0750000000004,46.60697139626644,3.5894388399208053,37.466774040886555,7.485224676997704
448.1000000000004,46.60697139626644,3.5894388399208053,37.40079661137574,7.480762562239824
448.1250000000004,46.66558882321061,3.7405829803299513,37.44848347485814,7.484041628428226
448.1500000000004,46.66558882321061,3.7405829803299513,37.30842501413273,7.455285940930325
448.1750000000004,46.707138519140805,3.965545678135142,37.49547567644701,7.498435102255641
448.2000000000004,46.707138519140805,3.965545678135142,37.49190417938067,7.498305977538147
448.2250000000004,46.75569470178491,4.141859028316037,37.499849613864065,7.49992656930318
448.2500000000004,46.75569470178491,4.141859028316037,37.487085271494124,7.497341729743093
448.2750000000004,46.79829048198373,4.247413827585451,37.20551896952627,7.442080039874096
448.3000000000004,46.79829048198373,4.247413827585451,37.4234773225055,7.476592227738493
448.3250000000004,46.8372313366641,4.413981438437364,26.466785448315655,5.197748814827779
448.3500000000004,46.8372313366641,4.413981438437364,37.49636631585589,4.712020072829109
448.3750000000004,46.87454631230931,4.529227115140682,37.49924554109112,5.592366766942355
448.4000000000004,46.87454631230931,4.529227115140682,37.49998184184428,7.3994950307576985
448.4250000000004,46.90590668924985,4.687793052028807,37.49998043090436,6.209859808474111
448.4500000000004,46.90590668924985,4.687793052028807,37.4999608141033,6.374453665666322
448.4750000000004,46.91843830915397,4.8652239737570095,37.49701671090968,3.7030024368663446
448.5000000000004,46.91843830915397,4.8652239737570095,37.499542030433865,3.1118549746001896
448.5250000000004,46.93216028778847,4.967483000647537,37.49872523308075,4.1744644267837
448.5500000000004,46.93216028778847,4.967483000647537,37.49997060701546,4.456672289295189
448.5750000000004,46.96867057809789,4.98805411383344,37.4999999935107,7.345349688128175
448.6000000000004,46.96867057809789,4.98805411383344,37.499999720034154,5.922609658790574
448.6250000000004,47.00863363634655,5.041125427086871,37.499983615271056,7.355062777598844
448.6500000000004,47.00863363634655,5.041125427086871,37.49997275070232,4.3992741375484545
448.6750000000004,47.0522857955313,5.170864579005707,37.49910183918741,3.5589812536201073
448.7000000000004,47.0522857955313,5.170864579005707,37.49999981902894,2.500832380917012
448.7250000000004,47.160447298098354,5.2587109587647465,37.50000000184516,2.5012775019335924
448.7500000000004,47.160447298098354,5.2587109587647465,37.50000000288078,2.5030630869071104
448.7750000000004,47.24671895986005,5.368970739079678,37.500000948075524,2.500242212121196
448.8000000000004,47.24671895986005,5.368970739079678,37.68574075561925,3.3658586044520824
448.8250000000004,47.37452609022952,5.383170597682019,37.500007460035825,7.434698666721664
448.8500000000004,47.37452609022952,5.383170597682019,37.5000122487767,7.446187082871878
448.8750000000004,47.46016101597545,5.396584144110836,37.50001284602285,7.499742841705417
448.9000000000004,47.46016101597545,5.396584144110836,37.500109530891436,7.499982021218979
448.9250000000004,47.50923176358576,5.352482596302637,37.500007562314956,7.49996764726821
448.9500000000004,47.50923176358576,5.352482596302637,37.500001225577876,7.499999666901147
448.9750000000004,47.5140351925974,5.310385879176928,37.50000060257065,7.49999988955933
449.0000000000004,47.5140351925974,5.310385879176928,37.500000114750165,7.499999774268065
449.0250000000004,47.50497333431196,5.323069966161338,37.4999999868916,7.499999971763749
449.0500000000004,47.50497333431196,5.323069966161338,37.500000124590365,7.499999856379235
449.0750000000004,47.49044008319413,5.34575890509794,37.511183750377164,7.488747427240447
449.1000000000004,47.49044008319413,5.34575890509794,37.50047800362915,7.499280885075564
449.1250000000004,47.49314127598306,5.38681270117036,37.50128299421658,7.346594702875339
449.1500000000004,47.49314127598306,5.38681270117036,37.50000052340229,7.46573935578185
449.1750000000004,47.49107622469676,5.456232448860013,37.50000001560474,7.499408755089482
449.2000000000004,47.49107622469676,5.456232448860013,37.50000000335474,7.497961704336108
449.2250000000004,47.49087202397352,5.57033919176124,37.49999999718731,7.499947123590767
449.2500000000004,47.49087202397352,5.57033919176124,37.4999991025777,7.498834397099287
449.2750000000004,47.489484721389,5.633298468703821,37.499999972099594,6.816753204915593
449.3000000000004,47.489484721389,5.633298468703821,37.499998397249186,6.568320426199483
449.3250000000004,47.51537159716606,5.683861330933721,37.49979613855364,6.474545866175118
449.3500000000004,47.51537159716606,5.683861330933721,37.499798694017855,7.361229718489012
449.3750000000004,47.56415171651669,5.731052286312574,37.49995105640091,5.400458693248705
449.4000000000004,47.56415171651669,5.731052286312574,37.50000539255659,7.2466374261708175
449.4250000000004,47.628839726322845,5.715411852684695,37.4995941349867,5.7117433351708735
449.4500000000004,47.628839726322845,5.715411852684695,37.498940036265644,6.6674639945163445
449.4750000000004,47.67010740203163,5.591447438296839,37.47985461249477,6.769026056937829
449.5000000000004,47.67010740203163,5.591447438296839,37.4999091003309,7.498738839531109
449.5250000000004,47.71288277345186,5.2890794871725415,37.50000076282805,7.499411399653271
449.5500000000004,47.71288277345186,5.2890794871725415,37.500000709175445,7.499986727829622
449.5750000000004,47.75605820618062,5.017380685980416,37.50148954060506,7.498459633880243
449.6000000000004,47.75605820618062,5.017380685980416,38.68216695317511,6.3177998789986916
449.6250000000004,47.82314486354717,4.536329035833366,37.655998347288026,7.343994788667915
449.6500000000004,47.82314486354717,4.536329035833366,37.781732406641495,7.215592293148073
449.6750000000004,47.93823210084845,4.200455448773246,37.502561607521976,7.49604217113222
449.7000000000004,47.93823210084845,4.200455448773246,37.50024712104759,7.498087800113268
449.7250000000004,48.13900573923048,4.00829824152887,37.500067940050585,7.489205334072162
449.7500000000004,48.13900573923048,4.00829824152887,37.59304025844197,7.365531473363008
449.7750000000004,48.3762127679062,3.834836655846599,37.50506431785154,7.458662937316078
449.8000000000004,48.3762127679062,3.834836655846599,37.49564576501467,2.502772015116249
449.8250000000004,48.62104763414696,3.6749427313530862,37.50000444862248,2.5012675914998717
449.8500000000004,48.62104763414696,3.6749427313530862,37.49999998867774,2.5000041851796877
449.8750000000004,48.95193466763849,3.508425932695052,37.253264058396915,2.5973762566965375
449.9000000000004,48.95193466763849,3.508425932695052,37.49939342547939,5.120151717474258
449.9250000000004,49.287417081822746,3.4359628703463576,37.50018722618739,3.7945817540306006
449.9500000000004,49.287417081822746,3.4359628703463576,37.50030504480323,4.577824878586419
449.9750000000004,49.58371228096587,3.459812063869961,37.62144844672982,7.1378133557546715
450.0000000000004,49.58371228096587,3.459812063869961,37.505945171189886,2.836855899562465
450.0250000000004,49.89056861507792,3.4229248831260843,37.26221506283653,3.327033270804709
450.0500000000004,49.89056861507792,3.4229248831260843,37.59397637448601,7.446278295001101
450.0750000000004,50.225981353570106,3.4384267198526137,37.49992313644586,7.500012923914926
450.1000000000004,50.225981353570106,3.4384267198526137,37.49992725769163,7.499985412233176
450.1250000000004,50.58396878032965,3.487258766610994,37.49998693734308,7.4999973681762775
450.1500000000004,50.58396878032965,3.487258766610994,37.4998292882862,7.499986951542144
450.1750000000004,51.00826305184594,3.4978381712915847,37.45649142305617,7.491435673880177
450.2000000000004,51.00826305184594,3.4978381712915847,35.47369440539722,7.134965868465915
450.2250000000004,51.36449681340673,3.5779952917072557,36.97673290164332,7.36337163081091
450.2500000000004,51.36449681340673,3.5779952917072557,37.18773706529284,7.421870017602205
450.2750000000004,51.7684839719609,3.6168669671332143,37.38986305119854,7.472406896985657
450.3000000000004,51.7684839719609,3.6168669671332143,37.49992488494752,7.4999813987555575
450.3250000000004,52.1758935812115,3.616979165238989,37.49369696287277,7.498520194340713
450.3500000000004,52.1758935812115,3.616979165238989,37.519188541660476,7.479520072178167
450.3750000000004,52.52571383096547,3.6680096334294414,37.43438662323217,7.4293060568189135
450.4000000000004,52.52571383096547,3.6680096334294414,38.685548811102834,7.39928440123687
450.4250000000004,52.81558032215552,3.7796968563449456,37.50044408710931,7.499952717409939
450.4500000000004,52.81558032215552,3.7796968563449456,37.50000130911698,7.4999998789167535
450.4750000000004,53.11658212235773,3.989524613349396,37.50401332590143,7.499662118438859
450.5000000000004,53.11658212235773,3.989524613349396,37.5000042222854,7.499999614970908
450.5250000000004,53.34075035133717,4.253733493501499,37.50001905447185,7.4999999848409535
450.5500000000004,53.34075035133717,4.253733493501499,37.500015612779194,7.499999735670696
450.5750000000004,53.57898489938587,4.524594060170254,37.50000363323729,7.4999987439224585
450.6000000000004,53.57898489938587,4.524594060170254,37.50000610900426,7.499998041386305
450.6250000000004,53.91608596015988,4.747969247516126,37.54071168201767,7.499999706396897
450.6500000000004,53.91608596015988,4.747969247516126,37.50168920944964,7.499805802112071
450.6750000000004,54.18640252637476,4.9059805683017,37.500042595418236,7.493674543973528
450.7000000000004,54.18640252637476,4.9059805683017,37.50021107683462,7.499937643817185
450.7250000000004,54.48452334520874,4.878562221634656,37.50000022932303,7.4999943549755415
450.7500000000004,54.48452334520874,4.878562221634656,37.50000433514527,7.452992319363632
450.7750000000004,54.71389270196559,4.920901701516723,37.50000036685509,7.489804067172141
450.8000000000004,54.71389270196559,4.920901701516723,37.50000111018171,7.499982889892452
450.8250000000004,54.97570073683951,5.020176059084934,37.500000155454174,7.499991101118945
450.8500000000004,54.97570073683951,5.020176059084934,37.50000012633299,7.499999457442718
450.8750000000004,55.18630895373898,5.136624958951735,37.49999693266889,7.500000041142025
450.9000000000004,55.18630895373898,5.136624958951735,37.50065904535746,7.499998785072641
450.9250000000004,55.38491689686246,5.235936496857316,37.50079980268631,7.499998638742212
450.9500000000004,55.38491689686246,5.235936496857316,37.99214197095627,7.460341136331909
450.9750000000004,55.55731566894949,5.323325430069781,43.20771740769109,7.499887326699642
451.0000000000004,55.55731566894949,5.323325430069781,38.54462751810805,7.499998540964295
451.0250000000004,55.648777379779176,5.437008876190961,68.06954153195073,7.499995877462276
451.0500000000004,55.648777379779176,5.437008876190961,57.42901663152976,7.499999925861721
451.0750000000004,55.68863059448695,5.57803500211294,57.40677813153095,7.499999160876412
451.1000000000004,55.68863059448695,5.57803500211294,57.48197896374729,7.499999963895224
451.1250000000004,55.781598788880125,5.69302235452002,56.75034913483137,7.499988075871694
451.1500000000004,55.781598788880125,5.69302235452002,47.491844711966664,7.482788907826292
451.1750000000004,55.83423220804063,5.822964079842519,44.28584976797491,7.492132279849843
451.2000000000004,55.83423220804063,5.822964079842519,56.71167849656552,7.499918440624142
451.2250000000004,55.87563437575047,5.953433688728235,57.11462764779524,7.4998809756338805
451.2500000000004,55.87563437575047,5.953433688728235,53.988109740212906,6.339919682736376
451.2750000000004,55.94184566275321,6.069022710758959,44.00099773842316,3.813410847644401
451.3000000000004,55.94184566275321,6.069022710758959,64.44281770252724,4.1650850159361195
451.3250000000004,55.99173794189832,6.180787298879133,43.94888210071018,5.549511517165365
451.3500000000004,55.99173794189832,6.180787298879133,95.42908164074468,7.4837498420294875
451.3750000000004,56.03755113667933,6.287484573772362,48.37807827682101,7.496398321646518
451.4000000000004,56.03755113667933,6.287484573772362,37.57505325141126,7.496917153086852
451.4250000000004,56.11226646755715,6.3700021380925325,93.50294955515918,7.432550900894127
451.4500000000004,56.11226646755715,6.3700021380925325,97.11911279786429,7.490470544668774
451.4750000000004,56.188304609338815,6.449830152352452,84.86391014668914,7.5023450062391825
451.5000000000004,56.188304609338815,6.449830152352452,37.5519412945244,7.508540114896742
451.5250000000004,56.22716066310205,6.538711583730788,37.50008324894005,7.499703336085984
451.5500000000004,56.22716066310205,6.538711583730788,37.502487965950934,7.5009242544582815
451.5750000000004,56.27244111476618,6.616604444061708,37.50635214826854,7.499955293663774
451.6000000000004,56.27244111476618,6.616604444061708,38.49384812312671,7.483338925461731
451.6250000000004,56.34576696354363,6.660762471673497,57.09151745625163,8.190630802911882
451.6500000000004,56.34576696354363,6.660762471673497,55.78715172975542,10.059164256311181
451.6750000000004,56.40082980678629,6.69154723366893,47.52178390126951,22.497989190398382
451.7000000000004,56.40082980678629,6.69154723366893,48.90700461320766,22.01068118940574
451.7250000000004,56.5006910874846,6.678586593207016,37.55540683296691,7.498680378312441
451.7500000000004,56.5006910874846,6.678586593207016,47.607239432065434,7.519719321656499
451.7750000000004,56.58463787890848,6.663218177562297,37.51101674843736,7.492826251403332
451.8000000000004,56.58463787890848,6.663218177562297,37.90609185693146,7.691998593248581
451.8250000000004,56.63879755295373,6.63898288300597,39.5809149203137,9.054188752548233
451.8500000000004,56.63879755295373,6.63898288300597,37.54842327231639,7.439501153360292
451.8750000000004,56.68259764505569,6.5922509018852535,37.50000227748146,6.726531091569327
451.9000000000004,56.68259764505569,6.5922509018852535,37.5000130536083,7.414806751172866
451.9250000000004,56.70405221790224,6.55966955289556,37.500037452841156,2.615348381861037
451.9500000000004,56.70405221790224,6.55966955289556,37.503799270078986,4.493179194019621
451.9750000000004,56.704423641986814,6.6148676876484345,37.942302052784285,7.76780179414841
452.0000000000004,56.704423641986814,6.6148676876484345,39.549620935168505,8.85465135199844
452.0250000000004,56.69482804119722,6.650610909945209,49.20443990801361,7.499036303002272
452.0500000000004,56.69482804119722,6.650610909945209,55.17339537443751,7.4928719418032985
452.0750000000004,56.66523203848149,6.663199275826632,37.816931648651895,5.638665789295223
452.1000000000004,56.66523203848149,6.663199275826632,38.60239041182502,7.421797422017686
452.1250000000004,56.65000284632464,6.710440113836567,42.735165153998814,7.315090035591898
452.1500000000004,56.65000284632464,6.710440113836567,64.69923084347153,7.484277064170566
452.1750000000004,56.59901122017713,6.713896856084936,67.49745574924758,7.49999865636899
452.2000000000004,56.59901122017713,6.713896856084936,66.32513524977993,7.499228602359025
452.2250000000004,56.55863490311081,6.709170418899157,67.49975384576437,7.499977235368298
452.2500000000004,56.55863490311081,6.709170418899157,56.27457417469566,6.3279626135548215
452.2750000000004,56.49492729520983,6.706208679712895,46.02334465519682,6.4917487947652415
452.3000000000004,56.49492729520983,6.706208679712895,37.6277490169193,7.496583746300187
452.3250000000004,56.410424317086175,6.661892946060625,57.03134310956784,7.457581975309771
452.3500000000004,56.410424317086175,6.661892946060625,58.12042573611836,7.472759985219073
452.3750000000004,56.2985984406152,6.5949557158994185,65.13482938487266,7.222703256343788
452.4000000000004,56.2985984406152,6.5949557158994185,38.55332568340559,7.498310111043559
452.4250000000004,56.19241414988546,6.506306954862212,37.498953743519984,7.499793271539457
452.4500000000004,56.19241414988546,6.506306954862212,37.5019160046792,7.4989991859773335
452.4750000000004,56.06665821587223,6.381908374464701,37.49985678489908,7.499675029460881
452.5000000000004,56.06665821587223,6.381908374464701,38.06202938030846,7.418860753808143
452.5250000000004,55.92719039408486,6.221240840697666,56.30886327229504,4.824468993512696
452.5500000000004,55.92719039408486,6.221240840697666,39.169553807452616,6.275564364211253
452.5750000000004,55.81800770766128,6.118470429301203,37.661039259905706,4.767788027795449
452.6000000000004,55.81800770766128,6.118470429301203,42.0462167962121,7.344617624404223
452.6250000000004,55.74501370481475,6.048405781515949,71.55127042055928,2.820626138813517
452.6500000000004,55.74501370481475,6.048405781515949,72.47604023443054,2.520189040165972
452.6750000000004,55.72678392927455,6.005966935192751,72.4999865840846,2.500001363306201
452.7000000000004,55.72678392927455,6.005966935192751,72.49999960793811,2.5000003803867745
452.7250000000004,55.74347145534552,5.925384190664517,70.6349293147098,4.333314287452468
452.7500000000004,55.74347145534552,5.925384190664517,38.603812350120364,7.352824623308356
452.7750000000004,55.83400198179578,5.840831746476431,37.5495114210003,7.496330802413986
452.8000000000004,55.83400198179578,5.840831746476431,37.51039816628844,7.499262026755727
452.8250000000004,55.914848982682976,5.788774307807545,37.5005665172904,7.500125084692109
452.8500000000004,55.914848982682976,5.788774307807545,38.03530027869577,7.89901373528393
452.8750000000004,56.027435525814326,5.699999884814023,37.511397493022514,7.512744136728121
452.9000000000004,56.027435525814326,5.699999884814023,37.50133105614682,7.500711271152937
452.9250000000004,56.17551646542284,5.50737402533812,37.50049689613574,7.500347610101768
452.9500000000004,56.17551646542284,5.50737402533812,37.500013006195914,7.500000810198121
452.9750000000004,56.31397951285879,5.419654093539362,42.14073613366877,7.08913093438305
453.0000000000004,56.31397951285879,5.419654093539362,37.50416524819584,7.499915094055787
453.0250000000004,56.47462648509861,5.208218721745885,37.50011225299373,7.500015169552892
453.0500000000004,56.47462648509861,5.208218721745885,37.502600224861524,7.498595020072626
453.0750000000004,56.67557922946229,4.909682743610191,37.500045965716296,7.4984015968876365
453.1000000000004,56.67557922946229,4.909682743610191,37.50042037169616,7.499921175434949
453.1250000000004,56.945284498819404,4.512110249609359,37.50001653034329,7.499687594326361
453.1500000000004,56.945284498819404,4.512110249609359,37.50001546631538,7.4996445627120965
453.1750000000004,57.16018407579381,4.252476020414907,37.500024529942195,7.499873082975476
453.2000000000004,57.16018407579381,4.252476020414907,37.50004769034491,7.487938792561204
453.2250000000004,57.36246302028244,4.150446909733577,37.51246159114016,7.487332235014094
453.2500000000004,57.36246302028244,4.150446909733577,37.52083299432702,7.474648790309807
453.2750000000004,57.55427708271063,4.0877569751838205,37.60660137561438,7.110694623353751
453.3000000000004,57.55427708271063,4.0877569751838205,55.308129896540656,6.447088532287205
453.3250000000004,57.8156459154496,3.9621330846637215,37.566769775667275,7.051160978589409
453.3500000000004,57.8156459154496,3.9621330846637215,36.33628317999346,5.024675479686779
453.3750000000004,58.10195619460535,3.692172119814889,35.079310192785194,6.0609374524143735
453.4000000000004,58.10195619460535,3.692172119814889,41.02900853360268,6.025930951518673
453.4250000000004,58.2970121072222,3.43808704543827,37.8832106708523,6.109825141775872
453.4500000000004,58.2970121072222,3.43808704543827,65.64327997371454,5.146957269714859
453.4750000000004,58.481042476684365,3.272935766795246,38.031286064723254,7.432825284097164
453.5000000000004,58.481042476684365,3.272935766795246,64.94855695716412,3.8978131600572974
453.5250000000004,58.638328721618194,3.0318691390786765,97.43802173762018,2.5022463398129666
453.5500000000004,58.638328721618194,3.0318691390786765,94.12506820827623,2.6738199216399545
453.5750000000004,58.828568060003846,2.7914100196802902,97.07818507849447,2.5037713026285022
453.6000000000004,58.828568060003846,2.7914100196802902,55.8488357234179,5.554159953656034
453.6250000000004,58.995783140242565,2.65521870188587,92.19697095147912,2.940976166105537
453.6500000000004,58.995783140242565,2.65521870188587,97.19051075153632,2.5239396198124946
453.6750000000004,59.18333845881889,2.435561251981922,97.4958928471507,2.500117944879534
453.7000000000004,59.18333845881889,2.435561251981922,96.10164184789913,2.512165832098125
453.7250000000004,59.33587481212892,2.4481021386589004,47.220418299758464,2.502570979429766
453.7500000000004,59.33587481212892,2.4481021386589004,53.16662394031733,3.243747350734089
453.7750000000004,59.47669907918917,2.3454405562890885,96.84394938026001,2.5203951973555454
453.8000000000004,59.47669907918917,2.3454405562890885,92.94856865069751,2.5014205858474425
453.8250000000004,59.76788787584535,2.2832411584552315,92.54922733085175,2.5000239348309488
453.8500000000004,59.76788787584535,2.2832411584552315,93.33216757415215,2.5000000005683813
453.8750000000004,60.092473053772096,2.2533216551862534,81.45574517933517,2.500001466980152
453.9000000000004,60.092473053772096,2.2533216551862534,81.8075000004847,2.5000000003707656
453.9250000000004,60.581799203764994,2.1616003877207817,89.84797354968156,2.500000026891948
453.9500000000004,60.581799203764994,2.1616003877207817,80.19800595799585,2.5000000150340203
453.9750000000004,60.94963418679266,2.199055910190136,74.51778907814058,2.500000003071758
454.0000000000004,60.94963418679266,2.199055910190136,72.6097229583974,2.5000001726754975
454.0250000000004,61.41880780195211,2.2296077543966843,71.86253735064822,2.500024332986822
454.0500000000004,61.41880780195211,2.2296077543966843,70.83688768175391,2.500065575669548
454.0750000000004,62.01371829766592,2.204497462093276,74.07148823135084,2.500010628689592
454.1000000000004,62.01371829766592,2.204497462093276,78.81452933892741,2.5000535440790372
454.1250000000004,62.70542036623817,2.2742605106723914,93.50926445359471,2.5000014295806006
454.1500000000004,62.70542036623817,2.2742605106723914,75.99581052816752,2.5041929369887965
454.1750000000004,63.21448463628264,2.4466055405360296,94.50916337541881,2.5021898327554704
454.2000000000004,63.21448463628264,2.4466055405360296,76.00013183279898,2.5012357104364473
454.2250000000004,63.71214187521772,2.642751375901313,97.31007178520142,2.5310807853272945
454.2500000000004,63.71214187521772,2.642751375901313,97.46201083748849,2.5129525128503616
454.2750000000004,64.06866613635528,2.965179638196412,97.48539015659193,2.5094065709562337
454.3000000000004,64.06866613635528,2.965179638196412,97.46796905514532,2.706968452977901
454.3250000000004,64.56315039988021,3.2764759210621697,97.34865164583655,6.679078762671342
454.3500000000004,64.56315039988021,3.2764759210621697,94.34843450859785,7.417794086159465
454.3750000000004,65.20951196618017,3.56763618788586,95.56247810907782,6.240752628637807
454.4000000000004,65.20951196618017,3.56763618788586,97.33797073826588,7.3801810465433775
454.4250000000004,65.80073901593464,3.8849294239804615,95.83077510583871,7.4769882381226065
454.4500000000004,65.80073901593464,3.8849294239804615,45.14690331944636,6.350534353125683
454.4750000000004,66.2590915554712,4.13425436697216,47.42153008640342,2.5522320636165836
454.5000000000004,66.2590915554712,4.13425436697216,47.49844514327947,2.501098804375156
454.5250000000004,66.69563188988205,4.3486489153025945,47.50001693471066,2.5000004690864053
454.5500000000004,66.69563188988205,4.3486489153025945,47.41701973125516,2.5655930196560517
454.5750000000004,67.06278343875162,4.556679063199534,47.50204323582306,2.500068883924803
454.6000000000004,67.06278343875162,4.556679063199534,47.501941256091314,2.5000280295559687
454.6250000000004,67.40812943778121,4.67923334703758,47.53984379231133,2.5046775745166094
454.65000000000043,67.40812943778121,4.67923334703758,61.789007385688414,6.538747008245246
454.6750000000004,67.72981181173733,4.825830356436164,57.51478627171327,7.496947940312129
454.7000000000004,67.72981181173733,4.825830356436164,57.50027439407478,7.499977065635988
454.7250000000004,68.02532889187299,4.951568339552451,57.506224468292636,7.4992284798363205
454.7500000000004,68.02532889187299,4.951568339552451,57.502943492224354,7.499638860751762
454.77500000000043,68.34840290548554,5.077386136527383,60.00825464347162,7.199262700747225
454.8000000000004,68.34840290548554,5.077386136527383,70.33782170084156,8.516297304247182
454.8250000000004,68.54104173231437,5.213054046649356,66.23693476118397,6.386938050272976
454.8500000000004,68.54104173231437,5.213054046649356,82.95591973613755,4.397377030072337
454.8750000000004,68.7184382867247,5.368150147179474,97.43834902777662,2.5561933227517724
454.90000000000043,68.7184382867247,5.368150147179474,92.93048653353418,2.5097134378661816
454.9250000000004,68.92678521932112,5.505774380279261,97.42827535874261,2.5006532078309234
454.9500000000004,68.92678521932112,5.505774380279261,97.4598506548529,2.5000096265039744
454.9750000000004,69.17810979265442,5.636566850111194,83.15921089388482,2.500102870810173
455.0000000000004,69.17810979265442,5.636566850111194,89.19190848824606,2.5000511697567522
455.02500000000043,69.49302270680057,5.719245977356828,95.62863915368244,2.7337099436387953
455.0500000000004,69.49302270680057,5.719245977356828,79.52484977897912,4.6892306516158335
455.0750000000004,69.76287477169411,5.795597099202557,96.8715823000242,2.5532849755184923
455.1000000000004,69.76287477169411,5.795597099202557,96.1323287698957,2.5878992020220024
455.1250000000004,70.0210444643707,5.857354395823903,83.18104816221859,3.682524908770354
455.15000000000043,70.0210444643707,5.857354395823903,57.97317938353287,7.440201395659215
455.1750000000004,70.35228486886001,5.894101471576089,57.51015125560623,7.498731473595706
455.2000000000004,70.35228486886001,5.894101471576089,97.40780498406852,2.5264491633988837
455.2250000000004,70.69900628664581,5.915014256629808,97.49110796014214,2.6513715990015827
455.2500000000004,70.69900628664581,5.915014256629808,97.46693247212059,3.14237844379127
455.27500000000043,70.95898466270849,5.899748361907948,97.33222179808321,2.5128946099386122
455.3000000000004,70.95898466270849,5.899748361907948,97.49049719399976,2.5001007436273017
455.3250000000004,71.19082167220382,5.950551263005946,97.42134423939943,2.5004747955949225
455.3500000000004,71.19082167220382,5.950551263005946,97.49240003035331,2.5000636240584337
455.3750000000004,71.35190915077075,6.055555955347708,97.49658642094367,2.5002898795594826
455.40000000000043,71.35190915077075,6.055555955347708,97.47452759513908,2.511070814306141
455.4250000000004,71.49867071347697,6.148652352416504,97.47115470663059,2.5559465412539843
455.4500000000004,71.49867071347697,6.148652352416504,97.40634375196305,4.186799840927368
455.4750000000004,71.77709325524896,6.184695248540906,95.01639833939463,7.476769584686576
455.5000000000004,71.77709325524896,6.184695248540906,57.757798381153165,7.499790164522676
455.52500000000043,72.04126656614883,6.236183652385007,57.504459558112686,7.49999940955792
455.5500000000004,72.04126656614883,6.236183652385007,57.51698482507322,7.499990516327433
455.5750000000004,72.20186774758163,6.333457227149783,57.50014033884614,7.500000050407104
455.6000000000004,72.20186774758163,6.333457227149783,57.50019024027,7.500000222472805
455.6250000000004,72.30487223700948,6.444629810620617,57.500167847240256,7.500008412993225
455.65000000000043,72.30487223700948,6.444629810620617,57.500004919428356,7.500000095863052
455.6750000000004,72.44382372156663,6.560011084024672,57.50018871902934,7.500000042917997
455.7000000000004,72.44382372156663,6.560011084024672,57.50246286223183,7.500000169087787
455.7250000000004,72.58978869230012,6.692323821904737,57.50003407699674,7.500000151810413
455.7500000000004,72.58978869230012,6.692323821904737,57.50013958134085,7.499999888177791
455.77500000000043,72.74260363422064,6.836720157051286,57.51958118489521,7.499994736752479
455.8000000000004,72.74260363422064,6.836720157051286,63.863821918220815,7.499987029478868
455.8250000000004,72.83475622553233,6.980374485406019,57.655507703409214,7.500000827285514
455.8500000000004,72.83475622553233,6.980374485406019,58.64007965928128,7.477496445386671
455.8750000000004,72.8843292963184,7.098037914905593,58.289981916059524,7.363645474940318
455.90000000000043,72.8843292963184,7.098037914905593,76.75914139445703,2.8693866189603354
455.9250000000004,72.90114850774032,7.184674127536934,84.14688066369432,6.339509483086776
455.9500000000004,72.90114850774032,7.184674127536934,87.51672231688316,12.449629725953544
455.9750000000004,72.91391415041277,7.270377768166596,96.57953496220316,7.952984430267774
456.0000000000004,72.91391415041277,7.270377768166596,84.10707115393933,16.01654816164818
456.02500000000043,72.93060797234412,7.37010405140518,85.53876758315384,14.463551294452106
456.0500000000004,72.93060797234412,7.37010405140518,84.77955487495497,15.220696532133177
456.0750000000004,72.95191451691002,7.462886890128724,83.10663257886128,16.903284520122668
456.1000000000004,72.95191451691002,7.462886890128724,83.34566917110001,16.778635865303045
456.1250000000004,72.97240046592202,7.554695038883488,88.50742040637054,18.675155069994737
456.15000000000043,72.97240046592202,7.554695038883488,93.50974790085007,11.515205492476666
456.1750000000004,72.98011175034272,7.615594651718724,86.23168862787152,21.220701876308546
456.2000000000004,72.98011175034272,7.615594651718724,87.48265499653118,22.48636739089266
456.2250000000004,72.98603791954109,7.670787231962155,87.06188844122647,22.578773403914546
456.2500000000004,72.98603791954109,7.670787231962155,87.40997585911141,22.28272526838736
456.27500000000043,72.9893864362652,7.718196587118135,85.78008068833437,20.808301552541124
456.3000000000004,72.9893864362652,7.718196587118135,97.12412489767603,22.42577976510957
456.3250000000004,72.99092160411774,7.7609608872231135,96.91019570694485,21.937644127655147
456.3500000000004,72.99092160411774,7.7609608872231135,92.10222479425599,17.149761561953262
456.3750000000004,72.9943531402886,7.805113381705316,92.19349945970008,17.19685573799494
456.40000000000043,72.9943531402886,7.805113381705316,87.70383202240548,12.703831554582644
456.4250000000004,72.9985412879486,7.8541003673597345,87.5018793837662,12.501823262741643
456.4500000000004,72.9985412879486,7.8541003673597345,88.33940725411274,13.338910346249541
456.4750000000004,73.00693936475619,7.911828884294442,87.53118112790926,12.531169126710912
456.5000000000004,73.00693936475619,7.911828884294442,87.51717543097382,12.517058918747015
456.52500000000043,73.01243156174505,7.9619097257619025,87.76996110011468,12.769857806963609
456.5500000000004,73.01243156174505,7.9619097257619025,87.53849506651613,12.538485507120521
456.5750000000004,73.01765994401612,8.0208292203167,87.50014019727489,12.500128694788662
456.6000000000004,73.01765994401612,8.0208292203167,87.48326367884465,12.496672606109783
456.6250000000004,73.01187934781969,8.133242740230024,66.35647123259255,8.269209735141494
456.65000000000043,73.01187934781969,8.133242740230024,62.50010755622641,7.500036804367669
456.6750000000004,73.00446518417056,8.227806581210686,62.5010172456238,7.50060013735201
456.7000000000004,73.00446518417056,8.227806581210686,62.500000001805034,7.500000002897141
456.7250000000004,73.00117998218947,8.32992959549975,62.500000002484036,7.50000000156649
456.7500000000004,73.00117998218947,8.32992959549975,62.49999998243692,7.500000038855947
456.77500000000043,73.00686679976486,8.431090423945301,62.49999999786335,7.50000000317684
456.8000000000004,73.00686679976486,8.431090423945301,62.500000000005834,7.500000000012909
456.8250000000004,73.01840833199222,8.558557568586604,62.50000000000341,7.500000000014264
456.8500000000004,73.01840833199222,8.558557568586604,62.500000000000036,7.500000000000591
456.8750000000004,73.05269145377183,8.733662556456938,62.49999999999999,7.500000000000009
456.90000000000043,73.05269145377183,8.733662556456938,62.50000000000005,7.500000000000017
456.9250000000004,73.09301172725438,8.916796292036176,62.500000000007766,7.500000000002589
456.9500000000004,73.09301172725438,8.916796292036176,62.500000001674785,7.50000000055799
456.9750000000004,73.13187191609663,9.046189097558662,62.50000349134679,7.5000011580954595
457.0000000000004,73.13187191609663,9.046189097558662,62.500055827907914,7.500018600520305
457.02500000000043,73.14945076458591,9.112175830843997,73.05701626978602,11.024003040539663
457.0500000000004,73.14945076458591,9.112175830843997,64.75615572790238,8.466342788276185
457.0750000000004,73.187476414669,9.208394313010054,65.193131925567,8.038660518116203
457.1000000000004,73.187476414669,9.208394313010054,80.83996685278616,11.17457028275816
457.1250000000004,73.22253594225675,9.298346442363425,87.17772586049692,12.455811691529455
457.15000000000043,73.22253594225675,9.298346442363425,87.02515264926862,12.412678030783812
457.1750000000004,73.31548044186496,9.49764924505564,82.36886544008718,11.553298749556706
457.2000000000004,73.31548044186496,9.49764924505564,82.29822738244123,17.396506734698328
457.2250000000004,73.38499884471581,9.610790287189037,82.58636697795944,17.34306973433279
457.2500000000004,73.38499884471581,9.610790287189037,82.09520317453227,17.273279221775976
457.27500000000043,73.44511222387706,9.719184214387798,62.50753982782555,7.50376896317696
457.3000000000004,73.44511222387706,9.719184214387798,82.49972891764563,17.499864162671834
457.3250000000004,73.51346696176981,9.837735660944585,82.49999931698176,17.49999955259054
457.3500000000004,73.51346696176981,9.837735660944585,82.49999918198469,17.4999996072941
457.3750000000004,73.55687348146607,9.928062758618488,82.47750096977514,17.490146422541493
457.40000000000043,73.55687348146607,9.928062758618488,82.49971400070177,17.500022638696436
457.4250000000004,73.60091803583731,10.033458178786091,76.86621577036658,19.42826806610091
457.4500000000004,73.60091803583731,10.033458178786091,67.50998980295545,22.701398590162928
457.4750000000004,73.62982986091824,10.104939780130426,67.50035579272698,23.539235843198963
457.5000000000004,73.62982986091824,10.104939780130426,67.50205952033721,22.65914910128831
457.52500000000043,73.66704478902119,10.183422456396569,67.49999418792272,22.499985367088502
457.5500000000004,73.66704478902119,10.183422456396569,67.49998549455141,22.49995965741366
457.5750000000004,73.72569502651778,10.29578539247859,63.96640411190412,12.018983549224362
457.6000000000004,73.72569502651778,10.29578539247859,77.49994935034279,12.503837613986335
457.6250000000004,73.78494501624215,10.387415377583125,77.50073017934503,12.50106779749863
457.65000000000043,73.78494501624215,10.387415377583125,77.53102444760408,12.533471591444105
457.6750000000004,73.88038947990545,10.527594503995749,77.60245278440757,12.603494358534272
457.7000000000004,73.88038947990545,10.527594503995749,87.16016372871931,22.161904115062022
457.7250000000004,74.07932200566754,10.77536471951933,87.5146692328336,22.483059392674154
457.7500000000004,74.07932200566754,10.77536471951933,97.01898042260433,15.280649825066565
457.77500000000043,74.37531820254402,11.14453499288253,97.49757353731395,8.420258649818148
457.8000000000004,74.37531820254402,11.14453499288253,97.4999970399605,7.933606652137504
457.8250000000004,74.69535231159328,11.471837332983716,97.49999425019804,7.642869141163644
457.8500000000004,74.69535231159328,11.471837332983716,97.4998679421073,7.510660561839441
457.8750000000004,74.98303410670984,11.732603126242948,97.49809787542608,7.551571011896922
457.90000000000043,74.98303410670984,11.732603126242948,97.49658608319463,7.916473592783004
457.9250000000004,75.25936313092001,11.962337057889885,97.47212632288293,21.978137965982132
457.9500000000004,75.25936313092001,11.962337057889885,96.4479323570469,21.254778721612592
457.9750000000004,75.57729753243976,12.212890448611676,97.17679230138775,22.14845660736934
458.0000000000004,75.57729753243976,12.212890448611676,83.12477811471916,16.930062042648974
458.02500000000043,75.91122631975836,12.548458379287776,82.95740412222176,17.646071658685113
458.0500000000004,75.91122631975836,12.548458379287776,82.50785254709744,17.506922609498158
458.0750000000004,76.17717415331974,12.965524474319508,82.50000040524777,17.499999449907627
458.1000000000004,76.17717415331974,12.965524474319508,82.50042496604368,17.499921566147428
458.1250000000004,76.52871047911601,13.283321545553262,82.97791361352952,17.021981799577496
458.15000000000043,76.52871047911601,13.283321545553262,82.31269913100796,17.488892957550924
458.1750000000004,76.83225461754118,13.52556872374834,57.500013590626644,7.50002432872188
458.2000000000004,76.83225461754118,13.52556872374834,57.50002374334501,7.500094896164637
458.2250000000004,77.12580194774029,13.726365749209604,57.50000055553572,7.591747422647836
458.2500000000004,77.12580194774029,13.726365749209604,57.50000346092633,7.500224891982595
458.27500000000043,77.48829662684739,13.916260241502282,57.500437266470826,7.500068832237888
458.3000000000004,77.48829662684739,13.916260241502282,57.510190366620115,7.500610266125676
458.3250000000004,77.83089269102918,14.084427615036562,57.541519844555,7.50596012023952
458.3500000000004,77.83089269102918,14.084427615036562,57.61412302502438,7.515424562965481
458.3750000000004,78.05251871393115,14.201996977315313,57.54008182835726,7.500041983037932
458.40000000000043,78.05251871393115,14.201996977315313,59.54235091271866,7.500130580415008
458.4250000000004,78.19949267616788,14.390666889205288,60.319015087619675,7.5445926831413335
458.4500000000004,78.19949267616788,14.390666889205288,59.57769919823413,7.5730284415582805
458.4750000000004,78.2607834067512,14.56095015404344,62.56641895716679,7.5150909349117985
458.5000000000004,78.2607834067512,14.56095015404344,86.88672962885148,12.895675317915831
458.52500000000043,78.34510565606247,14.791476127022475,87.30287858647182,12.474537215492232
458.5500000000004,78.34510565606247,14.791476127022475,85.85752150142694,14.085731953922304
458.5750000000004,78.51536293362221,15.057922623408784,82.46056258136323,17.488384308329866
458.6000000000004,78.51536293362221,15.057922623408784,82.21911542536732,17.359557740145885
458.6250000000004,78.6141767520884,15.206922926027918,82.500363298236,17.500100630857517
458.65000000000043,78.6141767520884,15.206922926027918,82.50346444726594,17.50346019643579
458.6750000000004,78.72814395272975,15.402003122168594,82.50016227255678,17.500137423755106
458.7000000000004,78.72814395272975,15.402003122168594,82.50337636888545,17.503418953864667
458.7250000000004,78.79119824452005,15.56691575264052,82.50049335140946,17.50049222751971
458.7500000000004,78.79119824452005,15.56691575264052,82.50000107471587,17.50000106260198
458.77500000000043,78.84110823167623,15.691164995472189,82.50000156285394,17.500001564972
458.8000000000004,78.84110823167623,15.691164995472189,82.50000706247869,17.500007106308868
458.8250000000004,78.88800376688508,15.807981819711795,82.50049490189156,17.500478468393197
458.8500000000004,78.88800376688508,15.807981819711795,87.15587292024469,22.08897710084311
458.8750000000004,78.97811138356428,16.004244622114115,83.97931526132948,18.797343029819164
458.90000000000043,78.97811138356428,16.004244622114115,95.56747593433214,9.311812739740422
458.9250000000004,79.05493009272969,16.154898243360144,93.80644149290077,12.639644659529509
458.9500000000004,79.05493009272969,16.154898243360144,83.50366074256975,14.043856202904973
458.9750000000004,79.22116792894852,16.38828909998135,83.58113125832732,18.14182722606087
459.0000000000004,79.22116792894852,16.38828909998135,69.8421846007578,11.046461677650711
459.02500000000043,79.4192381256646,16.629063748672092,63.302499031666244,7.678267526478501
459.0500000000004,79.4192381256646,16.629063748672092,86.96539095713929,12.37237704677359
459.0750000000004,79.65135454873213,16.836548484319984,84.13345991793834,9.266460255474204
459.1000000000004,79.65135454873213,16.836548484319984,83.53990702615516,11.439139710253656
459.1250000000004,79.81943872930752,17.002740456363057,82.51780989533633,7.518220694416124
459.15000000000043,79.81943872930752,17.002740456363057,84.26622597533446,9.730009994575433
459.1750000000004,79.94402108000503,17.136479237412832,82.55282223345891,7.55482132539141
459.2000000000004,79.94402108000503,17.136479237412832,82.50634709937324,7.518931364053216
459.2250000000004,80.04354192582494,17.31425008323496,83.04395513961099,8.085912795389072
459.2500000000004,80.04354192582494,17.31425008323496,97.40023204813536,15.837488737799692
459.27500000000043,80.24544234214007,17.625682980071964,97.17191621541608,22.499478935040518
459.3000000000004,80.24544234214007,17.625682980071964,97.34075408784668,22.485239198524226
459.3250000000004,80.54058845544994,17.995533912189078,87.93705850745292,22.49995200803725
459.3500000000004,80.54058845544994,17.995533912189078,96.36000481878801,22.499938273696767
459.3750000000004,80.96767316155264,18.42624271070831,87.55360466933136,22.500128070297368
459.40000000000043,80.96767316155264,18.42624271070831,87.7636378668858,22.498657182668804
459.4250000000004,81.52394477313106,18.761237960693748,87.50000106051434,22.499999914837534
459.4500000000004,81.52394477313106,18.761237960693748,87.50000614055392,22.49999994099458
459.4750000000004,82.05411406469646,18.9440766585244,87.50000003694029,22.49999759400039
459.5000000000004,82.05411406469646,18.9440766585244,87.49200581911067,22.49197004664071
459.52500000000043,82.54059973740812,19.03270927377381,87.49763890957858,22.497648214330123
459.5500000000004,82.54059973740812,19.03270927377381,83.27694995506803,18.277525253405436
459.5750000000004,82.82801756205129,19.050914201820373,82.50738960286117,17.507389614983182
459.6000000000004,82.82801756205129,19.050914201820373,82.50106924357479,17.50106924342517
459.6250000000004,83.0416441600483,19.042573003816877,82.50058905288485,17.500589051305035
459.65000000000043,83.0416441600483,19.042573003816877,82.50042968672638,17.500429493299492
459.6750000000004,83.27895468793344,19.020593564358204,82.59511848585517,17.531732307781052
459.7000000000004,83.27895468793344,19.020593564358204,82.50047660053079,17.500159566373462
459.7250000000004,83.59798935457383,18.92314263375097,82.52596515564352,17.50894072823386
459.7500000000004,83.59798935457383,18.92314263375097,89.89290072563568,22.499045843579264
459.77500000000043,83.86881051042106,18.788234853144964,93.54307537528896,22.49957261164687
459.8000000000004,83.86881051042106,18.788234853144964,97.49957273731455,22.4995785626279
459.8250000000004,84.21637122500276,18.586987032498747,97.49998952967063,22.49999517868374
459.8500000000004,84.21637122500276,18.586987032498747,97.4994682675345,22.487587588058837
459.8750000000004,84.80463793951557,18.279113915001325,97.47448332760955,7.517424025409115
459.90000000000043,84.80463793951557,18.279113915001325,97.49142531035726,7.505726251631073
459.9250000000004,85.51543650411763,17.970180252504964,97.4998889137011,7.500106983849722
459.9500000000004,85.51543650411763,17.970180252504964,97.49996976453998,7.500043402051964
459.9750000000004,86.34743030272277,17.67715445216443,97.49999983319933,7.4999989887945
460.0000000000004,86.34743030272277,17.67715445216443,97.49991909870252,7.50004553216089
460.02500000000043,87.27883956312192,17.445792892709065,97.49998066068451,7.49990921745814
460.0500000000004,87.27883956312192,17.445792892709065,97.49974523554255,7.499562513508287
460.0750000000004,88.28149026098873,17.14625185393835,97.49987908096925,7.499909254225843
460.1000000000004,88.28149026098873,17.14625185393835,97.49999828859741,7.49999837980209
460.1250000000004,89.39793196064659,16.764024249009893,97.49999924337124,7.500000790610251
460.15000000000043,89.39793196064659,16.764024249009893,97.49999922540033,7.499999597847737
460.1750000000004,90.39619876569844,16.54982191203853,97.49968106090995,7.499739883611745
460.2000000000004,90.39619876569844,16.54982191203853,97.49127940726031,7.391467787427029
460.2250000000004,91.46257708952726,16.242212554981332,97.23365273739417,4.327269788831336
460.2500000000004,91.46257708952726,16.242212554981332,97.26902354137472,7.373297927473706
460.27500000000043,92.3325686857466,15.954710076591669,97.49743796976749,7.018571016508971
460.3000000000004,92.3325686857466,15.954710076591669,97.4980497445576,3.4903099818155905
460.3250000000004,93.13712282188833,15.79061306691015,97.45799029980076,2.6525805961873568
460.3500000000004,93.13712282188833,15.79061306691015,97.49978541951297,2.500234821897007
460.3750000000004,94.0031976696534,15.628437573938845,97.49987747759525,2.5001234874972833
460.40000000000043,94.0031976696534,15.628437573938845,97.49865584230116,2.5013323643581
460.4250000000004,94.77432804136043,15.522787458426349,97.49998086525731,2.50002676933978
460.4500000000004,94.77432804136043,15.522787458426349,97.49998987898364,2.5000989451421356
460.4750000000004,95.47318527198868,15.324400568570514,97.49995302989089,2.5010934625026993
460.5000000000004,95.47318527198868,15.324400568570514,97.49984207404249,2.5000232036034262
460.52500000000043,96.03523038103744,15.098131973301443,97.49398049799144,2.508859492165909
460.5500000000004,96.03523038103744,15.098131973301443,97.49953218397461,2.509825580009837
460.5750000000004,96.4161773896191,14.87585963509438,97.49998325316253,2.5616160460692123
460.6000000000004,96.4161773896191,14.87585963509438,97.489228044257,6.77529201558321
460.6250000000004,96.77091298179302,14.651638480309412,97.49998041451907,7.273893708142089
460.65000000000043,96.77091298179302,14.651638480309412,97.49992485554111,7.490164885593741
460.6750000000004,97.26019135150548,14.56902050695201,97.49999978645282,7.476425020328008
460.7000000000004,97.26019135150548,14.56902050695201,97.49999996552926,7.485808161982669
460.7250000000004,97.60132460671689,14.53174163226535,97.49999517807905,7.447042481108114
460.7500000000004,97.60132460671689,14.53174163226535,97.4999998148546,7.480716041728915
460.77500000000043,97.83666170282773,14.606309657338038,97.49998941556612,6.850380571189035
460.8000000000004,97.83666170282773,14.606309657338038,97.4999994352408,7.493514737742554
460.8250000000004,97.97023488711164,14.60369207077363,97.4999994153426,7.450273617060536
460.8500000000004,97.97023488711164,14.60369207077363,97.49999998356924,7.497262219862271
460.8750000000004,98.07302894448874,14.474182592037584,97.49999892176045,7.445279159836687
460.90000000000043,98.07302894448874,14.474182592037584,97.49999938160838,7.484499790937011
460.9250000000004,98.21481428267536,14.388554406073412,97.49999647211958,7.494365833553467
460.9500000000004,98.21481428267536,14.388554406073412,97.49997235232424,7.496984170050283
460.9750000000004,98.42633026569736,14.261959036476728,97.49999960428323,7.499948672381758
461.0000000000004,98.42633026569736,14.261959036476728,97.4999987389502,7.499821573832665
461.02500000000043,98.56691787936984,14.021522253887952,97.49999919126016,7.505056770559264
461.0500000000004,98.56691787936984,14.021522253887952,97.49998011718812,7.334563633462985
461.0750000000004,98.72347262655632,13.692399455698698,97.49975220477512,8.787980434763403
461.1000000000004,98.72347262655632,13.692399455698698,97.49999940398203,12.460347498012599
461.1250000000004,98.68102857548745,13.633609002860853,97.49999964089216,12.071200092063751
461.15000000000043,98.68102857548745,13.633609002860853,97.49999918757325,7.595805756080404
461.1750000000004,98.85225516590334,13.676252211126169,97.49999938103403,7.49990091802376
461.2000000000004,98.85225516590334,13.676252211126169,97.49999979773982,7.499605531471245
461.2250000000004,98.91316626238532,13.77915350277131,97.4999962336738,7.494466964816781
461.2500000000004,98.91316626238532,13.77915350277131,97.4999997939691,7.49018495633288
461.27500000000043,98.8476745422021,13.897466779465445,97.4999999891809,7.497226978696459
461.3000000000004,98.8476745422021,13.897466779465445,97.49999998739254,7.499125206916553
461.3250000000004,98.73355464798156,14.204918446982187,97.49999999957898,7.498204914569521
461.3500000000004,98.73355464798156,14.204918446982187,97.49999998624376,7.47931091422202
461.3750000000004,98.6491513297722,14.490017305695332,97.49999999927797,7.475239066244791
461.40000000000043,98.6491513297722,14.490017305695332,97.49999999843772,7.496809772871135
461.4250000000004,98.72767986587516,14.8315679834001,97.4998850355149,7.466073353640229
461.4500000000004,98.72767986587516,14.8315679834001,97.49999610187298,7.494017341969362
461.4750000000004,98.5661646344095,15.099120511446715,97.4999999999224,7.499142043390279
461.5000000000004,98.5661646344095,15.099120511446715,97.49999999998747,7.4999864755014025
461.52500000000043,98.5513054091886,15.344084597581697,97.4999999999766,7.499999523642446
461.5500000000004,98.5513054091886,15.344084597581697,97.49999999978976,7.4999721161549
461.5750000000004,98.49117869408867,15.723494690438624,97.49999999996078,7.499991721697827
461.6000000000004,98.49117869408867,15.723494690438624,97.4999999999795,7.499965227319608
461.6250000000004,98.36153518583409,16.148875246591132,97.49999999988013,7.499889465591242
461.65000000000043,98.36153518583409,16.148875246591132,97.49999999618893,7.49861693883941
461.6750000000004,98.22294553184224,16.56278034575132,97.49999996506148,7.499974708763896
461.7000000000004,98.22294553184224,16.56278034575132,97.49999998982511,7.499979855031997
461.7250000000004,97.98224189547552,16.951033594935215,97.49999933674988,7.499633822138835
461.7500000000004,97.98224189547552,16.951033594935215,97.46553071954769,7.338241604930328
461.77500000000043,97.73868332025982,17.355010002281176,97.30706005834028,6.784808742658351
461.8000000000004,97.73868332025982,17.355010002281176,97.47348561167608,7.467041630882306
461.8250000000004,97.42014963603472,17.66719185611737,97.40266843669936,5.336274877262875
461.8500000000004,97.42014963603472,17.66719185611737,97.25222767040857,11.02244082338417
461.8750000000004,97.14689962499725,18.02426223705854,97.49496533615866,35.66303742793124
461.90000000000043,97.14689962499725,18.02426223705854,97.49930706361991,25.66299963473897
461.9250000000004,96.90794799740624,18.47620132304662,97.49996946371475,22.86109253958009
461.9500000000004,96.90794799740624,18.47620132304662,97.4999818794834,21.926942467405347
461.9750000000004,96.57326379166702,18.826115126890173,97.48840392666665,23.331593951408184
462.0000000000004,96.57326379166702,18.826115126890173,97.49999902469384,22.463994857702875
462.02500000000043,96.23625164205647,19.350828775213703,97.49999995855613,22.441626201975968
462.0500000000004,96.23625164205647,19.350828775213703,97.49999998503445,22.500001416710962
462.0750000000004,95.99647559658068,19.96060558828713,97.4999840133237,22.50143035504449
462.1000000000004,95.99647559658068,19.96060558828713,97.49708919998598,22.499433336141248
462.1250000000004,95.787114319654,20.432299470306557,96.51477590952337,20.326790627094734
462.15000000000043,95.787114319654,20.432299470306557,96.7873948078503,16.494741669309075
462.1750000000004,95.58372051468427,20.947667461070445,95.92275982133705,2.5119214469742683
462.2000000000004,95.58372051468427,20.947667461070445,93.73207658399544,2.532410831528786
462.2250000000004,95.480026540014,21.49838331564224,96.65725881304618,4.803049401195578
462.2500000000004,95.480026540014,21.49838331564224,96.98671677027987,5.7629841217642745
462.27500000000043,95.58989252490096,22.16502539255323,97.48791530744474,3.78877033170076
462.3000000000004,95.58989252490096,22.16502539255323,93.33745319058093,27.484046006700822
462.3250000000004,95.76973927313158,22.761324338013463,92.51634821902788,32.499819564989714
462.3500000000004,95.76973927313158,22.761324338013463,97.45328861178253,52.2145619944874
462.3750000000004,96.05466385027596,23.285196516453645,92.50540846893851,32.485528390637675
462.40000000000043,96.05466385027596,23.285196516453645,92.50825765689075,32.51517211018008
462.4250000000004,96.24469384482262,23.652658102763212,97.26879528543554,60.6026965831653
462.4500000000004,96.24469384482262,23.652658102763212,93.69523773136025,38.855718051185086
462.4750000000004,96.335867973171,24.14516361643965,97.04880385942221,10.792225622809173
462.5000000000004,96.335867973171,24.14516361643965,97.28090105900228,43.167948447326815
462.52500000000043,96.47851017688316,24.595521412559386,94.34036517921125,21.05645280389445
462.5500000000004,96.47851017688316,24.595521412559386,96.72447487107883,11.961673876441393
462.5750000000004,96.62176638832264,24.93990169104629,97.48228179532015,7.589622262026505
462.6000000000004,96.62176638832264,24.93990169104629,97.49997484298113,7.4684208910544445
462.6250000000004,96.57613751070836,25.088673409614557,97.49998788147546,7.511205956476651
462.65000000000043,96.57613751070836,25.088673409614557,97.49999958239329,7.500213814288781
462.6750000000004,96.48518196377849,25.17502092775745,97.49987229717449,7.863307820077874
462.7000000000004,96.48518196377849,25.17502092775745,97.49995020936858,35.428321111698395
462.7250000000004,96.46773319932927,25.24439298551965,97.49999966736038,22.390467940393307
462.7500000000004,96.46773319932927,25.24439298551965,97.49999987542033,22.49976584542959
462.77500000000043,96.37963745614758,25.246257621528912,97.49999999957433,22.50015872960409
462.8000000000004,96.37963745614758,25.246257621528912,97.49999993941547,22.49459450254168
462.8250000000004,96.30900861962984,25.221764340121595,97.49999999997033,22.500351085378046
462.8500000000004,96.30900861962984,25.221764340121595,97.49999999999957,22.50004385252928
462.8750000000004,96.30957579745537,25.112005947887983,97.49999999999778,22.503045675990485
462.90000000000043,96.30957579745537,25.112005947887983,97.49999999980281,22.501087792849706
462.9250000000004,96.2557193967754,24.910115701480716,97.49999230469075,21.58208112192232
462.9500000000004,96.2557193967754,24.910115701480716,97.49998364012679,13.382586911164442
462.9750000000004,96.32217836640864,24.607836570692463,97.49999063198119,7.501982151123706
463.0000000000004,96.32217836640864,24.607836570692463,97.49998745241868,7.497994242489781
463.02500000000043,96.53371771237302,24.184544559073352,97.4976502394178,6.777120922519934
463.0500000000004,96.53371771237302,24.184544559073352,97.49951786070383,6.876851026947447
463.0750000000004,96.6104249782472,23.92315761981736,97.49826358251487,6.259748282042914
463.1000000000004,96.6104249782472,23.92315761981736,97.4845146103008,5.346814107926789
463.1250000000004,96.5227312265554,23.73458519893771,97.4725562987893,2.615014042384362
463.15000000000043,96.5227312265554,23.73458519893771,97.47731954479343,2.620474598906289
463.1750000000004,96.43634603817878,23.48635109159136,97.49872541144794,4.324384874522615
463.2000000000004,96.43634603817878,23.48635109159136,97.49973992394807,14.246572178676645
463.2250000000004,96.3307889910134,23.1462493149578,97.49925907727304,7.299189024681206
463.2500000000004,96.3307889910134,23.1462493149578,97.49997134830578,17.091720561924603
463.27500000000043,96.3030423401865,22.621813825662144,97.49997771019886,10.866463184241152
463.3000000000004,96.3030423401865,22.621813825662144,97.49925036829143,3.0770484607278275
463.3250000000004,96.28283308808236,21.97728916278428,97.49812179995222,3.433630778120723
463.3500000000004,96.28283308808236,21.97728916278428,97.49932115603472,2.5035561234861983
463.3750000000004,96.32298393477106,21.270102139397306,97.43045771182811,2.654300577639146
463.40000000000043,96.32298393477106,21.270102139397306,97.481118060549,2.510386301462043
463.4250000000004,96.33526190823038,20.555156316638364,97.46982237670468,2.500082375977707
463.4500000000004,96.33526190823038,20.555156316638364,96.03218494335401,4.479682396897502
463.4750000000004,96.28540659857244,19.903861788570868,96.59754234555882,3.531144259594674
463.5000000000004,96.28540659857244,19.903861788570868,92.56728948425962,2.5009003366981384
463.52500000000043,96.30107809050816,19.272371377769275,92.53698414247542,2.500241375825824
463.5500000000004,96.30107809050816,19.272371377769275,92.50101354849726,2.5000007399415227
463.5750000000004,96.23116207306724,18.87029615513609,92.50560862641471,2.5000000057091474
463.6000000000004,96.23116207306724,18.87029615513609,92.50042383557438,2.5000000705455245
463.6250000000004,96.2809550751976,18.45316552607807,92.50168450398981,2.5000000210980997
463.65000000000043,96.2809550751976,18.45316552607807,92.53099183236274,2.5000000555485347
463.6750000000004,96.29001103683,18.11602350853371,92.51867057671396,2.500000219206231
463.7000000000004,96.29001103683,18.11602350853371,92.50540001284703,2.5000001505693636
463.7250000000004,96.32677903504838,17.845399247660072,92.52412593248015,2.5000027938577705
463.7500000000004,96.32677903504838,17.845399247660072,92.93154883842878,2.501003365127856
463.77500000000043,96.49303705810928,17.363614386030708,97.11774434057442,2.5111992447245877
463.8000000000004,96.49303705810928,17.363614386030708,97.49879383771747,6.932571092819645
463.8250000000004,96.48851792498644,16.936705127583828,97.49220579282499,3.9238867790027268
463.8500000000004,96.48851792498644,16.936705127583828,97.49964166544423,3.1654227941550293
463.8750000000004,96.59214289767748,16.543337095700174,97.49942331997201,2.8212073745467756
463.90000000000043,96.59214289767748,16.543337095700174,97.49978307111068,6.338807600677954
463.9250000000004,96.67112086858498,16.22855680383104,97.49999496097864,7.159288050804127
463.9500000000004,96.67112086858498,16.22855680383104,97.49999875771594,6.1175586645842115
463.9750000000004,96.55490189606007,16.072067824431905,97.49999235527092,5.957026212699809
464.0000000000004,96.55490189606007,16.072067824431905,97.49999478504876,4.081547593871365
464.02500000000043,96.54822119658547,15.850101845553002,97.49983235612956,3.8869661159688045
464.0500000000004,96.54822119658547,15.850101845553002,97.49951085923135,2.504980483813027
464.0750000000004,96.56520172972016,15.608417556568629,97.49969687202803,2.5278031549590896
464.1000000000004,96.56520172972016,15.608417556568629,97.49931678674926,2.5451248781856344
464.1250000000004,96.5729047144672,15.397986389035012,97.49879482231049,2.5317598095438965
464.15000000000043,96.5729047144672,15.397986389035012,97.49880444657862,2.5067114469980125
464.1750000000004,96.56930472564696,15.180019036941076,97.4940414985788,2.507523896530522
464.2000000000004,96.56930472564696,15.180019036941076,97.47594283141265,2.502609299259594
464.2250000000004,96.48565228523832,14.97330408556356,97.49940723135072,2.5001683378383603
464.2500000000004,96.48565228523832,14.97330408556356,97.49406128158064,2.501628590370602
464.27500000000043,96.51151165295944,14.76323039056254,97.4900631044556,2.7771458492186993
464.3000000000004,96.51151165295944,14.76323039056254,97.49830785573937,4.171451766711074
464.3250000000004,96.71574231239782,14.60581557577866,97.49971172229417,2.9362476535900153
464.3500000000004,96.71574231239782,14.60581557577866,97.49999131935459,2.6033965041234057
464.3750000000004,96.9110081572912,14.411327776360269,97.4999219723352,3.656912784778309
464.40000000000043,96.9110081572912,14.411327776360269,97.49985464757398,2.954141569324098
464.4250000000004,96.91613892675336,14.18045408545932,97.49986621046881,2.5421302868294475
464.4500000000004,96.91613892675336,14.18045408545932,97.49955305407002,2.5198397724727144
464.4750000000004,97.04026148643273,13.899820703226135,97.49969452476626,3.5525099866273004
464.5000000000004,97.04026148643273,13.899820703226135,97.49899018451444,2.809648844016261
464.52500000000043,96.99783643076286,13.731950225643564,97.49866322698304,2.5058690602129077
464.5500000000004,96.99783643076286,13.731950225643564,97.49779505959759,2.607597217610426
464.5750000000004,96.95313978206808,13.577731301903896,97.48523427107082,2.503004172408733
464.6000000000004,96.95313978206808,13.577731301903896,96.34141986336671,2.5097400369907756
464.6250000000004,96.78224438886876,13.408060457364584,97.30672302909335,2.5035078728296893
464.65000000000043,96.78224438886876,13.408060457364584,97.25007451930185,2.8353722505666434
464.6750000000004,96.81116546575258,13.166315733043811,97.47630874819652,3.548320120483443
464.7000000000004,96.81116546575258,13.166315733043811,97.49487773638936,7.131647661698711
464.7250000000004,96.82119098120188,12.953442003541774,97.4395960542304,2.666755308694759
464.7500000000004,96.82119098120188,12.953442003541774,97.4879708325532,2.521757908738675
464.77500000000043,96.94639375654636,12.680138324342972,97.49041499857192,2.5489450020669766
464.8000000000004,96.94639375654636,12.680138324342972,97.4953107167386,2.500350445509201
464.8250000000004,97.15787107786429,12.327643791589663,97.4991957598916,2.554273787309142
464.8500000000004,97.15787107786429,12.327643791589663,97.4980251865404,2.5243782681379283
464.8750000000004,97.35033425067353,12.034050002206532,97.49779578674104,3.2781531142288545
464.90000000000043,97.35033425067353,12.034050002206532,97.49913230418227,2.9588812258573256
464.9250000000004,97.34432468032298,11.738095113246358,97.47929060073707,2.5020700112627146
464.9500000000004,97.34432468032298,11.738095113246358,97.49534637755333,2.5000869102642143
464.9750000000004,97.35489267917104,11.32305772521822,97.47683883008608,2.509434184177553
465.0000000000004,97.35489267917104,11.32305772521822,97.49884175099953,2.505502818468247
465.02500000000043,97.29220671657332,10.915221969314103,97.49675896900371,2.5029325181108435
465.0500000000004,97.29220671657332,10.915221969314103,97.40294236375583,3.5204960793481535
465.0750000000004,97.31119764484674,10.414742555755794,93.77950667836907,3.324092905089862
465.1000000000004,97.31119764484674,10.414742555755794,93.94292320653794,2.596281621054096
465.1250000000004,97.05868043096888,9.992880957464818,94.98022850074123,2.501549567566204
465.15000000000043,97.05868043096888,9.992880957464818,96.33401269645984,2.500133384349045
465.1750000000004,96.83566716471692,9.444970408874784,97.44313315964233,2.6560088872183476
465.2000000000004,96.83566716471692,9.444970408874784,97.44111061810754,6.86271438772234
465.2250000000004,96.82143067566088,8.8399895201269,96.80958220430963,4.056513106588511
465.2500000000004,96.82143067566088,8.8399895201269,96.76397406138526,6.508590971345608
465.27500000000043,96.69310812791107,8.25702757050012,96.72353382812739,3.5065900499012757
465.3000000000004,96.69310812791107,8.25702757050012,97.45643795547403,3.2373089508209523
465.3250000000004,96.59016655975203,7.759633411376487,97.4997605882166,2.50080551524416
465.3500000000004,96.59016655975203,7.759633411376487,97.49987870349571,3.076441439415617
465.3750000000004,96.48077548972148,7.102867124816938,97.49980167214261,3.385241073869339
465.40000000000043,96.48077548972148,7.102867124816938,97.49874026487855,3.24058118766094
465.4250000000004,96.37788215862074,6.424523429884799,97.49655006107051,2.5718681425078094
465.4500000000004,96.37788215862074,6.424523429884799,97.4805587121249,2.5001014032583253
465.4750000000004,96.3044629832424,6.061207334843413,97.49705992978618,2.5002491305787524
465.5000000000004,96.3044629832424,6.061207334843413,97.49951469696698,2.5000017774296945
465.52500000000043,96.25263701636986,5.7576659015451925,97.49971237508382,2.500005841212743
465.5500000000004,96.25263701636986,5.7576659015451925,97.49973791170275,2.5000002110248474
465.5750000000004,96.17340132550451,5.492794165017259,97.49911275307733,2.5000574444972417
465.6000000000004,96.17340132550451,5.492794165017259,97.48733384175071,2.50001560947873
465.6250000000004,96.12410113307024,5.277603514856415,97.4723187675113,2.5000040625205546
465.65000000000043,96.12410113307024,5.277603514856415,96.87989777851978,2.5000033300941573
465.6750000000004,96.1855532208182,4.959167278344566,97.17105641056172,2.500000215345696
465.7000000000004,96.1855532208182,4.959167278344566,97.47502735599213,2.5000005561418335
465.7250000000004,96.27722155699182,4.624832831246889,97.48615474117517,2.500041872023607
465.7500000000004,96.27722155699182,4.624832831246889,96.5844024509181,2.536665071979769
465.77500000000043,96.46816048436057,4.200455544767398,92.74018891122729,2.507157417460519
465.8000000000004,96.46816048436057,4.200455544767398,92.51119371511328,2.500132094385361
465.8250000000004,96.59231733293372,3.9453803021233247,92.54043730960086,2.5003744228237643
465.8500000000004,96.59231733293372,3.9453803021233247,92.5189531007583,2.5004040915633348
465.8750000000004,96.8578990293965,3.69480654650521,92.52475856964924,2.5007066849886583
465.90000000000043,96.8578990293965,3.69480654650521,92.90455137872843,2.5589226382166763
465.9250000000004,97.02647876123598,3.233797777454619,92.79673458673986,2.6597786662077367
465.9500000000004,97.02647876123598,3.233797777454619,92.6080815437242,2.5871117068272116
465.9750000000004,97.28714199245904,2.728305088504297,92.51966299655456,2.500010905777321
466.0000000000004,97.28714199245904,2.728305088504297,92.68759982393271,2.5001804625156536
466.02500000000043,97.50117259530492,2.478134118138208,96.41147338578423,2.501339852558081
466.0500000000004,97.50117259530492,2.478134118138208,97.43794620527815,2.5000007566644435
466.0750000000004,97.72291663769325,2.252489287937349,97.44997949188205,2.5000060573740823
466.1000000000004,97.72291663769325,2.252489287937349,97.49946896419979,2.500000000722518
466.1250000000004,97.79054009579374,2.0719833138364203,97.49999471463475,2.5000000002810125
466.15000000000043,97.79054009579374,2.0719833138364203,97.49998772385513,2.5000000002896483
466.1750000000004,97.83480048066224,2.0689131303267176,97.49999660763518,2.500000001990895
466.2000000000004,97.83480048066224,2.0689131303267176,97.49999417341203,2.5000000205299053
466.2250000000004,97.9305045936193,2.0109772531373253,97.499978653073,2.5000000229453687
466.2500000000004,97.9305045936193,2.0109772531373253,97.49999365470376,2.5000001964885556
466.27500000000043,98.00622739393384,2.105933830495438,97.49999897861369,2.5000167234811177
466.3000000000004,98.00622739393384,2.105933830495438,97.49999902225511,2.5000332746998954
466.3250000000004,97.97924772097258,2.364009525158001,97.49999551975033,2.5000735985662472
466.3500000000004,97.97924772097258,2.364009525158001,97.49989195283283,2.5061754225518396
466.3750000000004,98.12185316493309,2.450852320880367,97.49883917236085,2.502920014430474
466.40000000000043,98.12185316493309,2.450852320880367,97.49954201697375,2.5492738561803865
466.4250000000004,98.36402162962686,2.459260429739057,97.48373291330473,2.501034273126428
466.4500000000004,98.36402162962686,2.459260429739057,97.41864320168214,2.5042274451639965
466.4750000000004,98.51510576915452,2.37488772274568,97.46265931729626,2.5011846992052353
466.5000000000004,98.51510576915452,2.37488772274568,97.38348286751344,2.524027223917863
466.52500000000043,98.43651317101732,2.3231337221873107,97.38815889838266,2.500012412406022
466.5500000000004,98.43651317101732,2.3231337221873107,97.48215407766652,2.5000012229947184
466.5750000000004,98.39250103731432,2.381115004448622,97.48278349397596,2.500000695619101
466.6000000000004,98.39250103731432,2.381115004448622,97.49724284265648,2.5000000005343943
466.6250000000004,98.35966463200944,2.4689751160593536,97.47969910636841,2.500000001069595
466.65000000000043,98.35966463200944,2.4689751160593536,97.43392683872041,2.5000000008357137
466.6750000000004,98.41315454153388,2.578180399684989,97.47609332953732,2.5000001165671577
466.7000000000004,98.41315454153388,2.578180399684989,97.4872906559213,2.500000196088331
466.7250000000004,98.45173959811164,2.7695182529056823,97.49543781773279,2.500000040162073
466.7500000000004,98.45173959811164,2.7695182529056823,97.49474985742114,2.5000000237635835
466.77500000000043,98.37991910607153,3.02713474086904,97.34891079431169,2.500108291995122
466.8000000000004,98.37991910607153,3.02713474086904,96.87035895915879,2.5153730493035007
466.8250000000004,98.35412606714608,3.2689940880593946,96.22309890137896,2.5057638743696296
466.8500000000004,98.35412606714608,3.2689940880593946,93.01510582838591,2.513782701423218
466.8750000000004,98.21095197485305,3.5566531998648307,96.20452167711382,4.941114125130189
466.90000000000043,98.21095197485305,3.5566531998648307,96.89755286997064,4.191065465069259
466.9250000000004,98.23167095272854,3.817628316032574,97.37700740152235,2.614176326698107
466.9500000000004,98.23167095272854,3.817628316032574,97.48669991057876,5.316056192283762
466.9750000000004,98.1996044242238,4.1018580732748,97.4941771626965,6.379518596552877
467.0000000000004,98.1996044242238,4.1018580732748,97.49988012528729,7.213335298442238
467.02500000000043,98.35425334457246,4.438637709646056,97.49999611633778,7.254440637762427
467.0500000000004,98.35425334457246,4.438637709646056,97.49999904598404,7.433038917319156
467.0750000000004,98.63413014535524,4.821730920090168,97.4999983520917,7.354523228698147
467.1000000000004,98.63413014535524,4.821730920090168,97.49999982208065,7.359946107835268
467.1250000000004,98.921372656434,5.156692964113131,97.49999917428514,7.165598292283988
467.15000000000043,98.921372656434,5.156692964113131,97.49999994481497,7.4845589612204
467.1750000000004,99.04234515210156,5.379612764783843,97.4999999557586,7.480085609712357
467.2000000000004,99.04234515210156,5.379612764783843,97.49999998710729,7.4633459986285215
467.2250000000004,98.97367070859144,5.717169934356585,97.49999992779944,7.474739285559954
467.2500000000004,98.97367070859144,5.717169934356585,97.49999905715724,3.8443878957015523
467.27500000000043,98.79419509891842,5.952329772904252,97.49999545810829,4.257806856613137
467.3000000000004,98.79419509891842,5.952329772904252,97.49999073087325,2.665192860249397
467.3250000000004,98.56497179501902,6.142178054813721,97.49999978282197,3.1951732769272105
467.3500000000004,98.56497179501902,6.142178054813721,97.49999998948209,5.617669706873584
467.3750000000004,98.39294479927904,6.368926186799111,97.49999999990412,7.329868925059403
467.40000000000043,98.39294479927904,6.368926186799111,97.49999999697167,7.360488410119583
467.4250000000004,98.30401629258488,6.542252969162497,97.49999999899596,7.485387753818336
467.4500000000004,98.30401629258488,6.542252969162497,97.49999976024087,7.193494276535314
467.4750000000004,98.23267970319446,6.619731658251952,97.49999999339653,7.486769341907143
467.5000000000004,98.23267970319446,6.619731658251952,97.4999999468812,7.500391401723212
467.52500000000043,98.025827320413,6.747272050307346,97.49999985398965,7.50188377516965
467.5500000000004,98.025827320413,6.747272050307346,97.49999995806613,7.4999976029524555
467.57500000000044,97.732998960922,6.921164918096337,97.49999952549177,7.499725357545909
467.6000000000004,97.732998960922,6.921164918096337,97.49999798481669,7.4997346412026
467.6250000000004,97.53348771216316,7.138192598047037,97.49999680369969,7.498844116828661
467.65000000000043,97.53348771216316,7.138192598047037,97.4870340791484,6.604559536417128
467.6750000000004,97.4284550505946,7.372774963944667,97.43994828180054,5.062781156631503
467.70000000000044,97.4284550505946,7.372774963944667,97.49079402824825,7.238833740015448
467.7250000000004,97.41490733819391,7.745613297859519,97.46991302861639,6.326208737908314
467.7500000000004,97.41490733819391,7.745613297859519,97.49392281318495,5.736209491048344
467.77500000000043,97.27633986242238,7.981768518153973,97.49983229295717,7.565970578645539
467.8000000000004,97.27633986242238,7.981768518153973,97.49992187944136,7.891410250576297
467.82500000000044,97.2475091841232,8.168730801287806,97.49999880884873,11.307072617477587
467.8500000000004,97.2475091841232,8.168730801287806,97.49999027626951,14.061187523444325
467.8750000000004,97.14342813784155,8.293332135962958,97.49036858564286,22.314966146325656
467.90000000000043,97.14342813784155,8.293332135962958,97.49999832248827,8.69841647486164
467.9250000000004,97.08681487994266,8.315402669293787,97.49999996881294,19.03000790304422
467.95000000000044,97.08681487994266,8.315402669293787,97.49999998332413,10.245174739256967
467.9750000000004,97.02846908159133,8.314792909326755,97.49999999849587,8.413762632645637
468.0000000000004,97.02846908159133,8.314792909326755,97.49999991357167,7.595460249384412
468.02500000000043,97.0067463020186,8.392901532756545,97.49999997915741,7.502425503901326
468.0500000000004,97.0067463020186,8.392901532756545,97.49999997146276,7.511367471312875
468.07500000000044,97.08067764698484,8.427658448559292,97.49999946693968,7.655224054307407
468.1000000000004,97.08067764698484,8.427658448559292,97.49999978036841,7.516125051807649
468.1250000000004,97.29790678344216,8.386887225812426,97.49999898018483,7.499389334410315
468.15000000000043,97.29790678344216,8.386887225812426,97.49999884588065,7.498241269402699
468.1750000000004,97.64491311962396,8.35501898191233,97.49999980569231,7.4958173594484965
468.20000000000044,97.64491311962396,8.35501898191233,97.49999986471893,7.49883220136473
468.2250000000004,97.86704329083152,8.400491385889307,97.4999980276879,7.488279729913673
468.2500000000004,97.86704329083152,8.400491385889307,97.49999163110508,7.388203846940383
468.27500000000043,97.99038322177704,8.44951114487244,97.4999218844313,3.294182702579601
468.3000000000004,97.99038322177704,8.44951114487244,97.49981996741431,2.7032052636767294
468.32500000000044,98.20407238084827,8.406131989289031,97.49981912955333,2.700565521489096
468.3500000000004,98.20407238084827,8.406131989289031,97.34762115258344,2.865900625200423
468.3750000000004,98.47096821963784,8.435059337321013,93.41386073621112,10.675430598317575
468.40000000000043,98.47096821963784,8.435059337321013,92.53935971626346,12.421819663458283
468.4250000000004,98.66757072631144,8.564740354507794,97.08209853860605,3.3358349615855833
468.45000000000044,98.66757072631144,8.564740354507794,97.4836406088071,2.532946456482626
468.4750000000004,98.83079692261238,8.762303518399534,97.4304863758194,2.6491724409466246
468.5000000000004,98.83079692261238,8.762303518399534,97.49680211445798,2.508806146103163
468.52500000000043,98.78026287885228,9.020542011363032,97.49716848653607,2.571058948971053
468.5500000000004,98.78026287885228,9.020542011363032,97.49011547432669,2.6219505404787546
468.57500000000044,98.67123860317018,9.3461851353185,97.49979796864008,6.930560808075841
468.6000000000004,98.67123860317018,9.3461851353185,97.49999674718696,4.0695886966496
468.6250000000004,98.59406091572968,9.837185889700727,97.49998659110139,5.244044213499754
468.65000000000043,98.59406091572968,9.837185889700727,97.49999995276572,7.262582351638462
468.6750000000004,98.48957059293168,10.219169514003111,97.49999824244995,7.499937611162462
468.70000000000044,98.48957059293168,10.219169514003111,97.49997149155077,7.498959439738811
468.7250000000004,98.35224790953234,10.582171208749394,97.49999152573379,7.25252429519004
468.7500000000004,98.35224790953234,10.582171208749394,97.49999981634868,7.488542057289984
468.77500000000043,98.37568330735908,10.930418425027126,97.49999999717168,7.478573455871771
468.8000000000004,98.37568330735908,10.930418425027126,97.49999999875931,7.498045275727392
468.82500000000044,98.55925041621072,11.318546828641946,97.4999999672568,7.5000136693976955
468.8500000000004,98.55925041621072,11.318546828641946,97.49999894060805,7.500517215973681
468.8750000000004,98.6779847760065,11.619976396776156,97.49999940066522,7.500462989722536
468.90000000000043,98.6779847760065,11.619976396776156,97.49999947205433,7.500019076735601
468.9250000000004,98.65703019093276,11.779986209191726,97.49999978313106,7.501485735924998
468.95000000000044,98.65703019093276,11.779986209191726,97.4999998517861,7.546559488245379
468.9750000000004,98.62857965552875,11.91575222722347,97.4999995676619,7.529874454964837
469.0000000000004,98.62857965552875,11.91575222722347,97.49997329494265,12.041578774201442
469.02500000000043,98.59910494568064,12.124597763194474,97.49881387727524,8.274667623833798
469.0500000000004,98.59910494568064,12.124597763194474,97.49983723363587,7.6448172186506556
469.07500000000044,98.56418715640388,12.179655889699047,97.49992580931462,8.855257807409926
469.1000000000004,98.56418715640388,12.179655889699047,97.49999358758842,9.746892608916243
469.1250000000004,98.47908360063352,12.152914519015583,97.49546839437757,21.63898541881135
469.15000000000043,98.47908360063352,12.152914519015583,97.4928757483259,21.529140598203
469.1750000000004,98.34562778125104,11.975680389266234,97.49999685468862,19.359648048290232
469.20000000000044,98.34562778125104,11.975680389266234,97.49998101082774,19.80418981561356
469.2250000000004,98.41033136398217,11.81222137989422,97.49906886768278,14.423437345192948
469.2500000000004,98.41033136398217,11.81222137989422,97.49996621858561,5.932743044314718
469.27500000000043,98.5422710330976,11.61730624705251,97.49871915594296,2.6517458948937116
469.3000000000004,98.5422710330976,11.61730624705251,97.49974732641978,2.722047659627713
469.32500000000044,98.43812676097046,11.306726624243913,97.49886959725443,2.5680333104784427
469.3500000000004,98.43812676097046,11.306726624243913,97.49881438223782,2.500496944611546
469.3750000000004,98.32566353239837,10.860596445266887,97.49510731876856,2.51010214504776
469.40000000000043,98.32566353239837,10.860596445266887,97.47911929437142,2.7421946956432537
469.4250000000004,98.22296211494717,10.302299501420435,96.41500858522109,2.6759433174471186
469.45000000000044,98.22296211494717,10.302299501420435,97.0959425689779,2.5311698619691576
469.4750000000004,98.0083602763779,9.939678295232532,97.01410545841549,2.535330456126669
469.5000000000004,98.0083602763779,9.939678295232532,94.79597684202396,2.563270143565914
469.52500000000043,97.7690921916156,9.58356940584454,96.97131996244262,3.2708886544400104
469.5500000000004,97.7690921916156,9.58356940584454,92.95973050476192,2.620090267636365
469.57500000000044,97.56220092368387,9.196108729652927,92.84247194028093,2.7164599282463087
469.6000000000004,97.56220092368387,9.196108729652927,92.6351606345487,2.622769650642706
469.6250000000004,97.43890426296792,8.784184001841876,92.6279502595794,2.5896749932172387
469.65000000000043,97.43890426296792,8.784184001841876,92.62145811687294,2.5433338123206886
469.6750000000004,97.50753464559344,8.348878193862195,93.80472022095164,3.5860139704275023
469.70000000000044,97.50753464559344,8.348878193862195,92.669448792117,2.5889552111679666
469.7250000000004,97.43687575743095,8.079398111379032,92.76734739552616,2.724883054203609
469.7500000000004,97.43687575743095,8.079398111379032,92.81523717721876,2.665271637545138
469.77500000000043,97.32009100696052,7.76653273019737,92.79639370341252,2.5241639638002646
469.8000000000004,97.32009100696052,7.76653273019737,94.37786838000406,2.511486781141633
469.82500000000044,97.18644670203555,7.3707022859324605,95.57274068156562,2.526275994690797
469.8500000000004,97.18644670203555,7.3707022859324605,97.19016338915435,2.5264944807654177
469.8750000000004,97.16378553899436,6.988379036370611,96.11931611466484,2.7601085353406303
469.90000000000043,97.16378553899436,6.988379036370611,95.56988173205589,2.7310881698512586
469.9250000000004,97.18289027045664,6.730017482509362,96.19665449844254,2.5286404840702628
469.95000000000044,97.18289027045664,6.730017482509362,96.73242721024037,2.502725108921864
469.9750000000004,97.21266371998016,6.550582107817501,97.16488386458533,2.5044506386388776
470.0000000000004,97.21266371998016,6.550582107817501,97.19524293750227,2.5060391261466903
470.02500000000043,97.21392860343386,6.458294429260048,97.4087016422109,2.5001781798287213
470.0500000000004,97.21392860343386,6.458294429260048,97.49267166609678,2.5004270247077254
470.07500000000044,97.29862509990257,6.296527499311915,97.48876258978261,2.5001399748706468
470.1000000000004,97.29862509990257,6.296527499311915,97.45475817453062,2.500073013214786
470.1250000000004,97.42930156944249,6.122140020485334,97.46078730154333,2.5000008535595035
470.15000000000043,97.42930156944249,6.122140020485334,97.49443082673108,2.5000001808159262
470.1750000000004,97.61793212174256,5.998737716020088,97.48976762249974,2.500000072616713
470.20000000000044,97.61793212174256,5.998737716020088,97.49868061653294,2.500009493133644
470.2250000000004,97.80334737331532,5.92745622446899,97.49974831779886,2.5000096231832294
470.2500000000004,97.80334737331532,5.92745622446899,97.49933270921964,2.5000051986704057
470.27500000000043,97.77904763045989,5.921931025667663,97.48737958291814,2.500443569939701
470.3000000000004,97.77904763045989,5.921931025667663,96.65779374982942,2.500409748316639
470.32500000000044,97.6167274683038,6.0330787782377,96.49199017762994,2.502373055220438
470.3500000000004,97.6167274683038,6.0330787782377,97.03650943174937,2.5098608660936415
470.3750000000004,97.4927240494033,6.140279843215458,97.41264293169621,3.4948670242576885
470.40000000000043,97.4927240494033,6.140279843215458,97.38703483023225,4.580732518440717
470.4250000000004,97.3317653286943,6.166652110168252,97.4837005773734,7.211211017339539
470.45000000000044,97.3317653286943,6.166652110168252,97.49120387741192,7.413491056993868
470.4750000000004,97.17457703854112,6.12224296825085,97.46538455854603,6.891918099648282
470.5000000000004,97.17457703854112,6.12224296825085,97.49982022567076,7.444296611242177
470.52500000000043,97.06061529417786,6.10456203599802,97.49999631948747,7.33806453750265
470.5500000000004,97.06061529417786,6.10456203599802,97.49999985193284,7.470937766268294
470.57500000000044,96.949223604341,6.135359708899045,97.49999978674502,6.5764573291152155
470.6000000000004,96.949223604341,6.135359708899045,97.49999977187971,6.847651200717271
470.6250000000004,96.82008587139876,6.203429285410522,97.49999870899363,3.5130826044121113
470.65000000000043,96.82008587139876,6.203429285410522,97.49999897864073,6.352179736661625
470.6750000000004,96.63119732547194,6.308832884369164,97.49999993535397,6.9308904273287615
470.70000000000044,96.63119732547194,6.308832884369164,97.49999959534404,4.909946506200253
470.7250000000004,96.37285388711652,6.413267789021444,97.49999907608084,6.575236006346947
470.7500000000004,96.37285388711652,6.413267789021444,97.49999286886481,5.542083300395526
470.77500000000043,96.11669117568982,6.511251742072853,97.49999861488145,7.475860532828003
470.8000000000004,96.11669117568982,6.511251742072853,97.49999647178274,7.469068382204697
470.82500000000044,95.94829208500266,6.625092908650316,97.49999442974983,7.489102424569874
470.8500000000004,95.94829208500266,6.625092908650316,97.49976861663313,7.364489529536469
470.8750000000004,95.815748011709,6.78626041951608,97.49950980257535,7.229663965867002
470.90000000000043,95.815748011709,6.78626041951608,97.49676356039384,6.070755124502652
470.9250000000004,95.8135044956737,6.955242116711072,97.49722473971822,6.747516386118109
470.95000000000044,95.8135044956737,6.955242116711072,97.49752878159073,7.246558593207468
470.9750000000004,95.80681417396173,7.056798794003738,97.49863538632725,7.484394792184766
471.0000000000004,95.80681417396173,7.056798794003738,97.47312755063771,7.456694040269405
471.02500000000043,95.803305339264,7.102352249469121,97.44361597372365,7.33104917297317
471.0500000000004,95.803305339264,7.102352249469121,97.49292061726511,11.315121631202683
471.07500000000044,95.84725675950465,7.099007967209496,97.48441428191941,11.954298473334772
471.1000000000004,95.84725675950465,7.099007967209496,97.45813622405757,7.766589063479897
471.1250000000004,95.9962171068308,7.024079190247089,97.4206539066418,7.2772702978691175
471.15000000000043,95.9962171068308,7.024079190247089,97.49941742457345,7.583157440806948
471.1750000000004,96.20187007073788,6.9768102213039045,97.49323109506209,8.312970449560499
471.20000000000044,96.20187007073788,6.9768102213039045,97.49661684906245,5.613897950379778
471.2250000000004,96.49980753554505,6.944988591816392,97.49942613093242,3.9923818787110967
471.2500000000004,96.49980753554505,6.944988591816392,97.49998333397608,6.642118743473642
471.27500000000043,96.67253735515226,7.009603203451206,97.49915261000943,6.192936555019118
471.3000000000004,96.67253735515226,7.009603203451206,97.49951085386112,6.865797130375113
471.32500000000044,96.94397969044827,7.137022936407798,97.49892082340294,6.202127769872647
471.3500000000004,96.94397969044827,7.137022936407798,97.49998693086174,5.676702398345865
471.3750000000004,97.04469150740074,7.28354224877724,97.49999967566505,7.396651306490125
471.40000000000043,97.04469150740074,7.28354224877724,97.4997231856235,2.604678362243712
471.4250000000004,97.13261348330612,7.310903784461739,97.4989381368436,4.20540838582896
471.45000000000044,97.13261348330612,7.310903784461739,97.49919213814513,5.486660901251531
471.4750000000004,96.9895691861779,7.298460960389861,97.49951061892595,2.5223470239764874
471.5000000000004,96.9895691861779,7.298460960389861,97.49513272019885,2.500205815959613
471.52500000000043,97.05960745197176,7.268933957522512,97.49969015348482,2.50156180664451
471.5500000000004,97.05960745197176,7.268933957522512,97.49997456946834,2.5034927006493937
471.57500000000044,96.94429612368216,7.181526370518458,97.49999062538105,2.531817076927407
471.6000000000004,96.94429612368216,7.181526370518458,97.4999621071342,2.5000434809849352
471.6250000000004,96.7822994024972,7.1414535385092375,97.49999814219187,2.500002206055515
471.65000000000043,96.7822994024972,7.1414535385092375,97.49999875838625,2.500265825119574
471.6750000000004,96.66206688993589,7.102930343062246,97.4999969883992,2.5000160946490158
471.70000000000044,96.66206688993589,7.102930343062246,97.49999789408373,2.500004576114161
471.7250000000004,96.52393189227725,7.10952639137465,97.49999382751216,2.5000156821771307
471.7500000000004,96.52393189227725,7.10952639137465,97.49998604432365,2.500322674730941
471.77500000000043,96.37757285738246,7.109182667446455,97.4999609659996,2.5001304681073866
471.8000000000004,96.37757285738246,7.109182667446455,97.49749774013108,2.504907807743431
471.82500000000044,96.21547108829832,7.077747624612579,97.49214261558123,2.5034897616242695
471.8500000000004,96.21547108829832,7.077747624612579,97.49633194602825,5.243457941990227
471.8750000000004,96.10376643003404,7.038791971688961,97.36905880046422,6.473235701671557
471.90000000000043,96.10376643003404,7.038791971688961,96.6069860333564,4.355817427515793
471.9250000000004,96.1196010393868,6.998636244172964,96.3017441122727,5.237771627807764
471.95000000000044,96.1196010393868,6.998636244172964,95.63043866961604,5.120724325257605
471.9750000000004,96.2034947637575,6.954320227304887,97.16755559295524,6.749626503352622
472.0000000000004,96.2034947637575,6.954320227304887,97.4987993224099,7.478623998312539
472.02500000000043,96.31691659348246,6.866866209869141,97.49950088501414,7.468289927212602
472.0500000000004,96.31691659348246,6.866866209869141,97.4981076570934,7.35971203152071
472.07500000000044,96.58077374251378,6.709366407951809,97.49951077237522,7.288133616358637
472.1000000000004,96.58077374251378,6.709366407951809,97.49733797780193,7.000769542507449
472.1250000000004,96.69816775791963,6.610587425868446,97.49993782572639,7.443890222031472
472.15000000000043,96.69816775791963,6.610587425868446,97.49997475506913,7.387276614855886
472.1750000000004,96.78070761970392,6.586145215891423,97.4999908950329,7.32441313355777
472.20000000000044,96.78070761970392,6.586145215891423,97.4999994234041,7.463331558092879
472.2250000000004,96.75177548230988,6.628903438383273,97.49999540947307,7.41278520670656
472.2500000000004,96.75177548230988,6.628903438383273,97.49926775232615,4.021885723640952
472.27500000000043,96.79636581008798,6.56986501175075,97.46729757496765,3.544482579582763
472.3000000000004,96.79636581008798,6.56986501175075,97.49126852542125,2.7524938563531047
472.32500000000044,96.935760105112,6.594386266988465,97.48167360986432,2.891406881129713
472.3500000000004,96.935760105112,6.594386266988465,97.48591591108476,2.50651157588766
472.3750000000004,97.34397323591024,6.701644811587001,97.3291029259948,2.5066255309091314
472.40000000000043,97.34397323591024,6.701644811587001,96.53296430419525,2.5005524475042566
472.4250000000004,97.88203159104036,6.787864522549951,97.26061946237657,2.5000011329033187
472.45000000000044,97.88203159104036,6.787864522549951,97.30794111186631,2.500000185931347
472.4750000000004,98.20826184086002,7.044240210066584,96.84791097331984,2.5000002446433904
472.5000000000004,98.20826184086002,7.044240210066584,96.92823810987132,2.50005335017853
472.52500000000043,98.46731151027411,7.237851742153212,97.4987940746426,2.500016231642142
472.5500000000004,98.46731151027411,7.237851742153212,97.49713831594113,2.5000154886985118
472.57500000000044,98.77144758080576,7.4378260172877075,97.49997187766823,2.500000796341616
472.6000000000004,98.77144758080576,7.4378260172877075,97.49998875649973,2.500006684852382
472.6250000000004,98.76573404948968,7.59175527170721,97.49999956754256,2.500276263341663
472.65000000000043,98.76573404948968,7.59175527170721,97.49999998416857,2.5001073124189355
472.6750000000004,98.88565998821406,7.734384219024966,97.4999999591479,4.258732487183166
472.70000000000044,98.88565998821406,7.734384219024966,97.49999999231024,6.361088653361776
472.7250000000004,98.7175705772175,7.860867860876181,97.49999999667351,6.965277446260291
472.7500000000004,98.7175705772175,7.860867860876181,97.49999999876744,7.143570574216471
472.77500000000043,98.36271533530191,7.868898610280542,97.49999999175685,7.482324274922763
472.8000000000004,98.36271533530191,7.868898610280542,97.49999913133489,5.77930541263708
472.82500000000044,98.1407349356695,7.877602031026138,97.4998301182177,4.2712795087357485
472.8500000000004,98.1407349356695,7.877602031026138,97.4996349985697,5.297875740617135
472.8750000000004,97.82339868043812,7.93476434577501,97.49963777615773,2.9044541011820133
472.90000000000043,97.82339868043812,7.93476434577501,97.49981165197832,5.378911013342172
472.9250000000004,97.62817231205676,8.015442874735887,97.49988776454241,3.43612985535994
472.95000000000044,97.62817231205676,8.015442874735887,97.49939200850412,4.1671947439054
472.9750000000004,97.44944703627158,8.132393522579088,97.49954303855885,6.310930875466177
473.0000000000004,97.44944703627158,8.132393522579088,97.49332865773971,2.9926554892805424
473.02500000000043,97.30902317117013,8.225965429473668,97.49537907232228,2.5183280335463087
473.0500000000004,97.30902317117013,8.225965429473668,97.4998519992098,6.612564560248982
473.07500000000044,97.21440481877644,8.37413091140991,97.49999631967405,7.498173404747529
473.1000000000004,97.21440481877644,8.37413091140991,97.49999639147556,7.49943215983007
473.1250000000004,97.02979332445878,8.473600333003475,97.49999733864037,7.499710601229243
473.15000000000043,97.02979332445878,8.473600333003475,97.49999714660366,7.499985635309362
473.1750000000004,96.86950661708823,8.542131421809437,97.49998420715345,7.499976370837748
473.20000000000044,96.86950661708823,8.542131421809437,97.49999896413092,7.499998135540446
473.2250000000004,96.72975965688282,8.5964000841406,97.49999915829754,7.499998296994627
473.2500000000004,96.72975965688282,8.5964000841406,97.499994557387,7.5000116920517375
473.27500000000043,96.56396468161408,8.630428785437124,97.49999987806277,7.500000753685729
473.3000000000004,96.56396468161408,8.630428785437124,97.49995895968415,7.499957869402151
473.32500000000044,96.4790268328039,8.672774017733152,97.49998534800999,7.500334135920196
473.3500000000004,96.4790268328039,8.672774017733152,97.49997513381153,7.784317464065653
473.3750000000004,96.3648457344784,8.740685342374102,97.49999511739337,7.789751607342824
473.40000000000043,96.3648457344784,8.740685342374102,97.49999781786079,22.45194377150132
473.4250000000004,96.37195378087084,8.882754531797039,97.49978025190305,22.069310349397064
473.45000000000044,96.37195378087084,8.882754531797039,97.49897635351194,22.287877904360766
473.4750000000004,96.35950483843924,9.028934586629376,97.49413756709177,16.148936053590262
473.5000000000004,96.35950483843924,9.028934586629376,97.49519164911828,15.3684074355081
473.52500000000043,96.15235279344652,9.134749343830844,97.49998775383767,22.213021523532433
473.5500000000004,96.15235279344652,9.134749343830844,97.49999999957804,22.499792367459087
473.57500000000044,95.9661033620421,9.27263407342928,97.4999999834948,22.499837269612733
473.6000000000004,95.9661033620421,9.27263407342928,97.49999999888094,22.499548198458374
473.6250000000004,95.8107556871439,9.464477253897204,97.49999999993193,22.499653648273572
473.65000000000043,95.8107556871439,9.464477253897204,97.49999999960013,22.411320625260437
473.6750000000004,95.65610869889018,9.667250995918245,97.49999999985596,22.41230631657992
473.70000000000044,95.65610869889018,9.667250995918245,97.49999995923667,7.597632959970987
473.7250000000004,95.51267490080043,9.850096013842188,97.49999998606806,8.234266998702097
473.7500000000004,95.51267490080043,9.850096013842188,97.4999999819753,7.502640528999037
473.77500000000043,95.37088834793607,9.986142333864066,97.4999999180669,7.501545655332074
473.8000000000004,95.37088834793607,9.986142333864066,97.49999961619798,7.500002354648801
473.82500000000044,95.25662137183268,10.127317674575917,97.49999928211642,7.500024171422141
473.8500000000004,95.25662137183268,10.127317674575917,97.4999838302144,7.500023761685384
473.8750000000004,95.16260582588625,10.296450072554734,97.49999303302523,7.500002812809848
473.90000000000043,95.16260582588625,10.296450072554734,97.49999811250028,7.499998490276403
473.9250000000004,95.06952979414577,10.519108496209444,97.49999999999093,7.499996771672091
473.95000000000044,95.06952979414577,10.519108496209444,97.49999999815084,7.499996986535676
473.9750000000004,94.93055391809672,10.710425626116844,97.49999999334237,7.500005737281057
474.0000000000004,94.93055391809672,10.710425626116844,97.4999999980038,7.500104764712412
474.02500000000043,94.85490992916306,10.97549057891117,97.49999999873337,7.500968094628935
474.0500000000004,94.85490992916306,10.97549057891117,97.49999999944873,7.500929157474404
474.07500000000044,94.84279556325843,11.193744807048295,97.49999999984998,7.501179881296321
474.1000000000004,94.84279556325843,11.193744807048295,97.49999999978105,7.871568686490657
474.1250000000004,94.8481357767966,11.472657230876306,97.49999999983045,7.967252635991521
474.15000000000043,94.8481357767966,11.472657230876306,97.49999999857566,7.5038516289789
474.1750000000004,94.80646555744224,11.713921186020244,97.49999907651012,14.583811792254545
474.20000000000044,94.80646555744224,11.713921186020244,97.4999894246895,21.12450024425116
474.2250000000004,94.755505694,11.979498460223178,97.49999815777822,22.2962727567352
474.2500000000004,94.755505694,11.979498460223178,97.49999994210583,22.420396412369286
474.27500000000043,94.70231159641284,12.193996166823666,97.49999999708689,22.43453970177084
474.3000000000004,94.70231159641284,12.193996166823666,97.49999999485284,22.22431994772927
474.32500000000044,94.66807565342312,12.428829124150411,97.49999999994691,22.480755558819748
474.3500000000004,94.66807565342312,12.428829124150411,97.49999996723629,18.97353517685079
474.3750000000004,94.63243730402652,12.664337394607628,97.49999999869878,13.363264811769723
474.40000000000043,94.63243730402652,12.664337394607628,97.49999999999021,22.347487457377323
474.4250000000004,94.58671542766976,12.860530642724608,97.49999999846214,9.022999045624879
474.45000000000044,94.58671542766976,12.860530642724608,97.49999999999983,7.50756927860122
474.4750000000004,94.54462543353256,13.016510151460354,97.5,7.500012072856709
474.5000000000004,94.54462543353256,13.016510151460354,97.49999999998819,7.500087898476995
474.52500000000043,94.49631806594697,13.113739140551722,97.49999999720015,7.50172004029387
474.5500000000004,94.49631806594697,13.113739140551722,97.49999994292847,7.518327933820304
474.57500000000044,94.47847487673344,13.200815007038566,97.49999996417671,7.525586354903898
474.6000000000004,94.47847487673344,13.200815007038566,97.49999961311198,7.6484437510212935
474.6250000000004,94.4112213336468,13.26414950874416,97.49995546626027,9.823334659659533
474.65000000000043,94.4112213336468,13.26414950874416,97.49997753254252,7.517935133474714
474.6750000000004,94.3765744790189,13.339949402920595,97.49980398217046,7.536731127863254
474.70000000000044,94.3765744790189,13.339949402920595,97.49259725649861,7.506871999688454
474.7250000000004,94.4219675784156,13.451342121806816,95.24371502164888,8.63406777920776
474.7500000000004,94.4219675784156,13.451342121806816,96.71236028447478,7.900067033112465
474.77500000000043,94.46744286564464,13.53050118835596,97.36365375888633,7.578698328848786
474.8000000000004,94.46744286564464,13.53050118835596,97.48957758130486,7.500331008865994
474.82500000000044,94.37955983133337,13.57535914777516,96.20730972212677,8.128098524104905
474.8500000000004,94.37955983133337,13.57535914777516,97.45848316269445,6.9073688711971295
474.8750000000004,94.26999461206312,13.62633173263736,97.25948742399092,6.947951455898384
474.90000000000043,94.26999461206312,13.62633173263736,97.27775249419298,7.7073375465330125
474.9250000000004,94.16197163900316,13.676590604390512,97.33268718999813,7.8387799600936265
474.95000000000044,94.16197163900316,13.676590604390512,97.45916984870192,9.501309949139756
474.9750000000004,94.05713003045332,13.709096127197936,97.426057100183,32.03854481238624
475.0000000000004,94.05713003045332,13.709096127197936,97.48813830717685,48.33029268754584
475.02500000000043,93.95591573494411,13.74005280539654,97.49856274648018,7.66901479546728
475.0500000000004,93.95591573494411,13.74005280539654,97.42210273800784,10.575123255761298
475.07500000000044,93.86602701364296,13.7862902975766,97.41331910243585,7.575363947180139
475.1000000000004,93.86602701364296,13.7862902975766,97.47391469169223,9.573678226728829
475.1250000000004,93.77441842654063,13.84166040670777,97.49358187145005,7.594982593775303
475.15000000000043,93.77441842654063,13.84166040670777,97.49531354088077,7.5024235599218105
475.1750000000004,93.71456188789152,13.919873316992112,97.49363240289682,7.503242994688494
475.20000000000044,93.71456188789152,13.919873316992112,97.28932505148512,8.165181049068945
475.2250000000004,93.64448641660964,13.977623150703272,97.38595972626847,22.145522300503337
475.2500000000004,93.64448641660964,13.977623150703272,94.64915281033667,12.648126175484135
475.27500000000043,93.5891198376386,14.065049495726416,92.49127232020807,12.62261653729417
475.3000000000004,93.5891198376386,14.065049495726416,97.14881208939785,7.774325788827818
475.32500000000044,93.50692673442146,14.178981452727182,97.49490696554646,7.590409200631078
475.3500000000004,93.50692673442146,14.178981452727182,96.69433516783943,8.305387059282365
475.3750000000004,93.42199649106588,14.360966870182212,97.45287528904868,9.2763371427991
475.40000000000043,93.42199649106588,14.360966870182212,89.23620387014265,21.927689558009337
475.4250000000004,93.33383138111886,14.555294017984666,90.44960058969868,22.48366594373191
475.45000000000044,93.33383138111886,14.555294017984666,87.56416155924036,22.497083279114953
475.4750000000004,93.23629592883644,14.76078597753306,87.51198487419495,22.49657741628866
475.5000000000004,93.23629592883644,14.76078597753306,87.500006083903,22.499999907950787
475.52500000000043,93.14113788293822,15.007610802107804,88.20562793517003,22.499477080357558
475.5500000000004,93.14113788293822,15.007610802107804,89.82149842407289,22.48852525355279
475.57500000000044,93.04820593407268,15.335030273640102,87.61777601083026,22.499973647332958
475.6000000000004,93.04820593407268,15.335030273640102,91.04312908712902,22.49698275327788
475.6250000000004,92.9893968857722,15.568531708172134,87.59373900531493,22.84635013724783
475.65000000000043,92.9893968857722,15.568531708172134,97.27982898683982,22.09868923176823
475.6750000000004,92.94228822791226,15.872479818498851,96.39910894682669,21.268957973200408
475.70000000000044,92.94228822791226,15.872479818498851,96.03605490605075,9.476764340703257
475.7250000000004,92.90489322439932,16.110845321592667,97.30348541572451,7.793672299183672
475.7500000000004,92.90489322439932,16.110845321592667,97.49920643266996,7.500646773947172
475.77500000000043,92.8723406584138,16.36504863852576,97.47148568693926,7.54068166498737
475.8000000000004,92.8723406584138,16.36504863852576,95.0736620950202,8.786738444682799
475.82500000000044,92.81172462190206,16.48800028924239,94.79290178658503,12.646509901696493
475.8500000000004,92.81172462190206,16.48800028924239,92.49880470992942,17.498832092802
475.8750000000004,92.73483820210193,16.620601630427963,92.50000283848074,17.49998327771527
475.90000000000043,92.73483820210193,16.620601630427963,92.50002124492781,17.499985606786364
475.9250000000004,92.65911019258851,16.777193164763858,92.46648513190313,13.2086080496976
475.95000000000044,92.65911019258851,16.777193164763858,92.52452080692426,17.52443872400394
475.9750000000004,92.59297270576728,16.883444776392214,92.7097373868053,16.875632418569587
476.0000000000004,92.59297270576728,16.883444776392214,97.29545819414275,22.091449080689763
476.02500000000043,92.5474305028025,16.997473280626153,96.37151716957044,20.548871263594087
476.0500000000004,92.5474305028025,16.997473280626153,95.6177737634534,23.257100957976995
476.07500000000044,92.5072708025167,17.118305358635975,97.49991544713204,22.499925543853724
476.1000000000004,92.5072708025167,17.118305358635975,93.67570996885989,24.44864102796132
476.1250000000004,92.48148879228395,17.253694311533856,88.08544060577839,27.20897974756481
476.15000000000043,92.48148879228395,17.253694311533856,90.69576031273381,25.29614051120866
476.1750000000004,92.45090290483262,17.312374343605146,97.41926598557335,21.664581113013323
476.20000000000044,92.45090290483262,17.312374343605146,97.2404867536721,18.633512944841566
476.2250000000004,92.42634252950384,17.35231130180804,97.48193923789377,22.204071802439802
476.2500000000004,92.42634252950384,17.35231130180804,90.20027941335782,22.45670287892742
476.27500000000043,92.39165274889274,17.374181463976115,87.5220307033883,22.499999105559105
476.3000000000004,92.39165274889274,17.374181463976115,87.5125331937203,22.499996136116913
476.32500000000044,92.36121539985324,17.39822001306035,87.50000916186228,22.49999962085954
476.3500000000004,92.36121539985324,17.39822001306035,93.59135080727907,22.49985072487417
476.3750000000004,92.33119890739542,17.41581458186266,88.01228048763079,22.486212871721804
476.40000000000043,92.33119890739542,17.41581458186266,94.99537481382423,21.93363039724281
476.4250000000004,92.31335707258056,17.439494203987493,88.06912994396954,22.50504313684828
476.45000000000044,92.31335707258056,17.439494203987493,97.47204224206246,22.509552737038113
476.4750000000004,92.3108355901842,17.459817249240665,93.12671932613894,24.298930008063255
476.5000000000004,92.3108355901842,17.459817249240665,87.77073908368291,27.396805977706105
476.52500000000043,92.3453835036412,17.481174342532285,92.5311855548446,27.428570811414335
476.5500000000004,92.3453835036412,17.481174342532285,92.50521339426234,27.48038915282143
476.57500000000044,92.34944711187757,17.487563874625213,92.50916816817355,27.486227640754755
476.6000000000004,92.34944711187757,17.487563874625213,93.91236684273305,22.24244456077153
476.6250000000004,92.40403231133588,17.48882932434758,97.4781630589511,22.25233265977139
476.65000000000043,92.40403231133588,17.48882932434758,97.4916127386323,22.499132726296246
476.6750000000004,92.57687384818372,17.468443650444286,97.49936530197239,22.488172672408858
476.70000000000044,92.57687384818372,17.468443650444286,96.91948890517047,21.532385631361155
476.7250000000004,92.77719623750733,17.42044492024898,97.49934037977512,22.4351325408139
476.7500000000004,92.77719623750733,17.42044492024898,97.49994680116279,22.32370124534943
476.77500000000043,92.92337458807953,17.33412954773185,97.49892465461294,22.14572379606851
476.8000000000004,92.92337458807953,17.33412954773185,97.49579787764863,11.269662058072694
476.82500000000044,93.10014749597332,17.187571908536043,97.48531090460794,9.174365479742246
476.8500000000004,93.10014749597332,17.187571908536043,97.49325237828066,7.493987911467113
476.8750000000004,93.24863343366526,16.963579961514082,93.46541519721505,3.5166373151557275
476.90000000000043,93.24863343366526,16.963579961514082,92.54639888588679,2.5156458021512793
476.9250000000004,93.35883558389249,16.686746807890867,92.53169462301184,2.5018575592637013
476.95000000000044,93.35883558389249,16.686746807890867,92.5435192004862,2.5134589397417946
476.9750000000004,93.52273427460284,16.369035277190342,92.54062471642361,2.5048385061635643
477.0000000000004,93.52273427460284,16.369035277190342,92.52728655434741,2.5038989678577828
477.02500000000043,93.58448615855356,16.137536568679177,92.55959332023622,2.500085490183033
477.0500000000004,93.58448615855356,16.137536568679177,92.56141923659979,2.500013312342394
477.07500000000044,93.66020461695666,15.871338999156418,92.75383776290883,2.5000102177554426
477.1000000000004,93.66020461695666,15.871338999156418,95.23864029361941,2.500000014585507
477.1250000000004,93.82663542167737,15.534292830435836,97.14626096191125,2.5000014908335917
477.15000000000043,93.82663542167737,15.534292830435836,97.4353048653685,2.500019497678514
477.1750000000004,94.19813837521224,15.164317456841966,97.483020914303,2.500072185351571
477.20000000000044,94.19813837521224,15.164317456841966,97.4576300175448,2.5000057627719756
477.2250000000004,94.7559873303171,14.803262662964576,97.49833248519288,2.500000532127511
477.2500000000004,94.7559873303171,14.803262662964576,97.4986590403233,2.5000028180670744
477.27500000000043,95.24304593531096,14.594926375573952,97.4988506359657,2.500162149328954
477.3000000000004,95.24304593531096,14.594926375573952,97.49908102209278,2.5003852625949454
477.32500000000044,95.69674104842024,14.363846370784582,97.49971526168216,2.500415082840256
477.3500000000004,95.69674104842024,14.363846370784582,97.45167742657151,2.723107196071746
477.3750000000004,96.1316835603872,14.207662031258,97.27579199258375,4.857885781773709
477.40000000000043,96.1316835603872,14.207662031258,97.44049965143535,7.177793752789377
477.4250000000004,96.43544266877268,14.129101164551,97.41590075084143,6.783508390925831
477.45000000000044,96.43544266877268,14.129101164551,97.4780246890336,6.50352951798133
477.4750000000004,96.67883325765048,14.13355017558434,96.83784360375228,11.810310292538848
477.5000000000004,96.67883325765048,14.13355017558434,94.16764572440312,6.323216149995909
477.52500000000043,96.90025811946104,14.266605275707986,93.88418878394272,2.564994761885321
477.5500000000004,96.90025811946104,14.266605275707986,95.16797998941635,2.727326780906234
477.57500000000044,97.08716509231743,14.40576969550374,92.72460857121487,2.5636638096027053
477.6000000000004,97.08716509231743,14.40576969550374,92.66330782801623,2.5001261798709846
477.6250000000004,97.09073026036091,14.472171278634036,93.96062254697554,2.5000041556938117
477.65000000000043,97.09073026036091,14.472171278634036,92.56440805140484,2.5000000622156753
477.6750000000004,96.99710896572668,14.545008417545452,95.73756340648329,2.5008676127282987
477.70000000000044,96.99710896572668,14.545008417545452,97.17822149709986,2.500607104662081
477.7250000000004,96.94285398931731,14.650202383023172,96.86741268848071,2.6072691238690124
477.7500000000004,96.94285398931731,14.650202383023172,97.36812500745272,2.667849375669062
477.77500000000043,96.86542388986447,14.775612670889236,97.49999554017599,7.495572595508463
477.8000000000004,96.86542388986447,14.775612670889236,97.49987883072436,7.492135492977948
477.82500000000044,96.82953237230308,14.925864179902002,97.49975214266192,7.499063373878504
477.8500000000004,96.82953237230308,14.925864179902002,97.4998860157286,7.500090184162373
477.8750000000004,96.7942481534902,15.096159781872172,97.49999972395089,7.500001245367386
477.90000000000043,96.7942481534902,15.096159781872172,97.499999984831,7.49999991629509
477.9250000000004,96.75344100989317,15.284263732932663,97.49999987603134,7.499999370274407
477.95000000000044,96.75344100989317,15.284263732932663,97.49999997705709,7.500000000399405
477.9750000000004,96.8875953225311,15.35219034621334,97.49999924964631,7.499986019226722
478.0000000000004,96.8875953225311,15.35219034621334,97.49917446452605,7.500498115904389
478.02500000000043,96.8357199465156,15.33092046609358,97.44443522566776,7.531040643001388
478.0500000000004,96.8357199465156,15.33092046609358,97.4985688855144,7.500701863674313
478.07500000000044,96.85758113831734,15.324475627489726,97.49999891543936,7.499956990213687
478.1000000000004,96.85758113831734,15.324475627489726,97.49999929812566,7.499996180134933
478.1250000000004,96.82990158802134,15.298175826229595,97.49999768307516,7.499986294423252
478.15000000000043,96.82990158802134,15.298175826229595,97.49995947300772,7.499886876041333
478.1750000000004,96.78336811425147,15.30753786680696,97.4999570211919,7.4999538114421584
478.20000000000044,96.78336811425147,15.30753786680696,97.49590327111545,7.49582641830136
478.2250000000004,96.76960644377438,15.354337151471809,96.69467943651036,6.6939543452169215
478.2500000000004,96.76960644377438,15.354337151471809,97.49847910585932,7.498126287155202
478.27500000000043,96.64982967964193,15.33661879537626,97.49995905019226,7.499599473535083
478.3000000000004,96.64982967964193,15.33661879537626,97.4999137033677,7.500035031147798
478.32500000000044,96.49364757400063,15.333386619188364,97.4999917945254,7.776561272044832
478.3500000000004,96.49364757400063,15.333386619188364,97.49999893036949,8.410744627350754
478.3750000000004,96.32249560965504,15.320564438713893,97.4999989894856,22.487644933095773
478.40000000000043,96.32249560965504,15.320564438713893,97.49999466839272,21.495744239365198
478.4250000000004,96.16515846967026,15.333189368189077,97.499982812274,18.526403522738626
478.45000000000044,96.16515846967026,15.333189368189077,97.49999216004208,19.179520603073144
478.4750000000004,95.9514548328116,15.34228460226922,97.49999999914903,22.054597087136383
478.5000000000004,95.9514548328116,15.34228460226922,97.49999999650453,22.419029276935284
478.52500000000043,95.75385958449648,15.336905815323096,97.49999999309651,22.493629846311464
478.5500000000004,95.75385958449648,15.336905815323096,97.49999950327303,22.4856545630862
478.57500000000044,95.64382194551088,15.286328931959076,97.49999999588756,22.499397708915883
478.6000000000004,95.64382194551088,15.286328931959076,97.49996889009182,18.337347403006284
478.6250000000004,95.52423935311931,15.201687992609289,97.49999748812978,7.513186298733399
478.65000000000043,95.52423935311931,15.201687992609289,97.4999861680609,8.7664400233351
478.6750000000004,95.42261405736272,15.150365585491226,97.49999996782353,21.676362204904827
478.70000000000044,95.42261405736272,15.150365585491226,97.49999996216549,22.27026153710331
478.7250000000004,95.3707051813542,15.120533545916548,97.49999974595875,8.928223667940284
478.7500000000004,95.3707051813542,15.120533545916548,97.49999961955308,7.553117100944237
478.77500000000043,95.33759203775767,15.049845168099546,97.49999002262828,7.2975423331798694
478.8000000000004,95.33759203775767,15.049845168099546,97.49998743195877,3.222304326839881
478.82500000000044,95.26195131488592,14.992002620094528,97.49999962140531,7.406728896340389
478.8500000000004,95.26195131488592,14.992002620094528,97.49999998454115,7.487589140661866
478.8750000000004,95.26743653543916,14.917142687956591,97.49999866688864,13.763780578004747
478.90000000000043,95.26743653543916,14.917142687956591,97.49999858957338,14.843798681452762
478.9250000000004,95.47738989186736,14.727924013464136,97.49989370873558,5.948023735067195
478.95000000000044,95.47738989186736,14.727924013464136,97.49998052137907,7.215947052533408
478.9750000000004,95.71568181006288,14.49209065163786,97.49932193541677,2.622665887586352
479.0000000000004,95.71568181006288,14.49209065163786,97.49857028828517,2.7315280890222375
479.02500000000043,95.89630162352974,14.262247965017552,97.49577801751471,2.5190407851990844
479.0500000000004,95.89630162352974,14.262247965017552,97.47793596204922,2.513174301671321
479.07500000000044,96.0923697026266,13.928277852745229,97.45159260731683,2.5129034423361696
479.1000000000004,96.0923697026266,13.928277852745229,97.4813703896999,2.500133023100555
479.1250000000004,96.2061954421634,13.582183940021404,97.43095791270652,2.5153849915288324
479.15000000000043,96.2061954421634,13.582183940021404,97.40779335019246,2.5039405360802935
479.1750000000004,96.20984463804004,13.262331879186071,97.47647408354102,2.5000000753363696
479.20000000000044,96.20984463804004,13.262331879186071,97.20351392803232,2.500000058245021
479.2250000000004,96.19096427738364,13.053687899320032,96.7381106014684,2.5000246877154892
479.2500000000004,96.19096427738364,13.053687899320032,94.98613508734186,2.5000061577631203
479.27500000000043,96.1498171680948,12.9129828308179,97.325720943985,2.500003193584619
479.3000000000004,96.1498171680948,12.9129828308179,97.48650246016503,2.5000373018913624
479.32500000000044,96.05655268853693,12.815903820756189,97.49192931438476,2.500196087106624
479.3500000000004,96.05655268853693,12.815903820756189,97.47864200844644,2.5181211299641406
479.3750000000004,96.0656615634049,12.683729484559535,97.24357460130486,2.573919930796152
479.40000000000043,96.0656615634049,12.683729484559535,97.47793469671957,7.372637030604308
479.4250000000004,96.2845636090702,12.46568771123543,97.49999160513516,7.501017730934966
479.45000000000044,96.2845636090702,12.46568771123543,97.49999944993911,7.504787996411876
479.4750000000004,96.6124771530062,12.343132452406152,97.4999999576842,7.499880958788455
479.5000000000004,96.6124771530062,12.343132452406152,97.49999995616629,7.500307751370216
479.52500000000043,96.78993948905551,12.196225840579194,97.49999972312347,7.499993215617846
479.5500000000004,96.78993948905551,12.196225840579194,97.49999896881005,7.4999769476501745
479.57500000000044,97.01572835447683,12.118223140563185,97.49996398852018,7.4992865898784276
479.6000000000004,97.01572835447683,12.118223140563185,97.49993101762655,7.4921840379942575
479.6250000000004,97.20010232428952,12.036001540958514,97.499953909863,7.407748560132587
479.65000000000043,97.20010232428952,12.036001540958514,97.49995402526577,4.626369042873566
479.6750000000004,97.2133350539501,11.939416011725852,97.4999877207694,3.4823236927758803
479.70000000000044,97.2133350539501,11.939416011725852,97.49988075117194,2.80275452152516
479.7250000000004,97.34696024342088,11.830876492595232,97.49998930180016,2.500821496666829
479.7500000000004,97.34696024342088,11.830876492595232,97.49999819161513,2.5026761414822136
479.77500000000043,97.38260054922608,11.577004105137128,97.49999992076216,2.504631052404638
479.8000000000004,97.38260054922608,11.577004105137128,97.49999981500186,3.2558503271236674
479.82500000000044,97.50910543559114,11.32690597398306,97.49999996293052,2.5025778218521735
479.8500000000004,97.50910543559114,11.32690597398306,97.4999996656841,2.5000916883018065
479.8750000000004,97.57139414839176,11.157785482693626,97.49999965958806,2.5000439238894367
479.90000000000043,97.57139414839176,11.157785482693626,97.49999840619026,2.50023527745046
479.9250000000004,97.4348155790066,11.017915359049528,97.49999624990417,2.5000832614873643
479.95000000000044,97.4348155790066,11.017915359049528,97.49999673000671,2.5003754981248787
479.9750000000004,97.30056108252803,10.836237377802258,97.49997799451172,3.397264770316554
480.0000000000004,97.30056108252803,10.836237377802258,97.49805414260277,2.5059808361225473
480.02500000000043,97.24903057535975,10.585305074543449,97.49906484390199,3.0147495854405326
480.0500000000004,97.24903057535975,10.585305074543449,97.49803465556417,2.52721435391857
480.07500000000044,97.30791018245012,10.257899034779532,97.49199082203016,2.52511934071879
480.1000000000004,97.30791018245012,10.257899034779532,97.42065631670411,3.055491068117241
480.1250000000004,97.2086780770622,9.992171779177571,97.40060821633418,3.3532800223676116
480.15000000000043,97.2086780770622,9.992171779177571,97.4897853129919,3.950301321801594
480.1750000000004,97.08654868984964,9.69719287407964,97.48773550722618,6.177656144794678
480.20000000000044,97.08654868984964,9.69719287407964,97.49642214392998,5.515582487876201
480.2250000000004,96.91829574587769,9.488248816201994,97.49117957636844,3.2199013189612526
480.25000000000045,96.91829574587769,9.488248816201994,97.49994357879224,7.250919589145713
480.27500000000043,96.75872789473205,9.26924353555274,97.49948475441033,7.264004902927333
480.3000000000004,96.75872789473205,9.26924353555274,97.49994838014102,7.498291924779802
480.32500000000044,96.64243927131687,9.069090071609248,97.49990453708507,7.497910909396576
480.3500000000004,96.64243927131687,9.069090071609248,97.49999957220784,7.499387119198972
480.37500000000045,96.51408875664012,8.847752620219666,97.499998394201,7.498684904921201
480.40000000000043,96.51408875664012,8.847752620219666,97.49998599166722,7.496516864408269
480.4250000000004,96.43811589069516,8.52918608741802,97.4998815385835,7.422818615745538
480.45000000000044,96.43811589069516,8.52918608741802,97.49617504453612,7.4598156105219795
480.4750000000004,96.40960446293649,8.25193816990807,97.49975307241006,7.421535147646719
480.50000000000045,96.40960446293649,8.25193816990807,97.49981035828793,7.36966580876323
480.52500000000043,96.30797847757653,8.061332831521309,97.49934584285593,6.5525690173266655
480.5500000000004,96.30797847757653,8.061332831521309,97.49950093072684,6.795753823646575
480.57500000000044,96.12582626942276,7.980882333314359,97.49994294061055,7.376880064866288
480.6000000000004,96.12582626942276,7.980882333314359,97.49904042766661,7.293235924588383
480.62500000000045,95.93157624252387,7.940084284980506,97.49998871189811,7.487674598074373
480.65000000000043,95.93157624252387,7.940084284980506,97.49999282445593,7.496386056410524
480.6750000000004,95.75856481638336,7.878133370665351,97.49999615025868,7.495841820846033
480.70000000000044,95.75856481638336,7.878133370665351,97.49999992748728,7.495191852425029
480.7250000000004,95.66586816052876,7.684421453011154,97.4999999117109,7.49992422418754
480.75000000000045,95.66586816052876,7.684421453011154,97.49998720948803,7.4928814902913645
480.77500000000043,95.68581475849297,7.514000427577402,97.49999825657923,7.498687466378169
480.8000000000004,95.68581475849297,7.514000427577402,97.49999431224425,7.469991914509204
480.82500000000044,95.64034313556031,7.423787838832646,97.49998670965837,7.19616575285044
480.8500000000004,95.64034313556031,7.423787838832646,97.49989564124922,5.767870740645661
480.87500000000045,95.66566420543352,7.37095929867874,97.49596339799758,3.5004131876346847
480.90000000000043,95.66566420543352,7.37095929867874,97.48729371902441,4.822874724572308
480.9250000000004,95.76028986174012,7.401908898760882,97.49455517201497,6.946572550160151
480.95000000000044,95.76028986174012,7.401908898760882,97.41674844348884,6.522902862904713
480.9750000000004,95.7482180654525,7.432662619530422,97.4059910919717,4.212259463798825
481.00000000000045,95.7482180654525,7.432662619530422,97.47794260157238,6.879815030093061
481.02500000000043,95.87661523304088,7.428494137414796,97.43449855475357,6.954044515224099
481.0500000000004,95.87661523304088,7.428494137414796,97.46430073445114,7.2673118772986625
481.07500000000044,95.9191734998346,7.390047711320305,95.64180305157169,2.670305274576175
481.1000000000004,95.9191734998346,7.390047711320305,96.32818178212004,2.758010380769529
481.12500000000045,96.12310807495948,7.373768080396406,97.20697554297216,2.6711345336210277
481.15000000000043,96.12310807495948,7.373768080396406,97.40452470406406,3.1677834489490166
481.1750000000004,96.21156743880408,7.369702455670027,97.14842331108558,4.247409394693595
481.20000000000044,96.21156743880408,7.369702455670027,96.95250253718457,2.821784887049338
481.2250000000004,96.27039167859176,7.319239575437757,97.31312592554002,2.5165874209457
481.25000000000045,96.27039167859176,7.319239575437757,97.48424677235221,3.125885235125035
481.27500000000043,96.33809594305272,7.236786932052711,97.49423121882224,2.5200454044569276
481.3000000000004,96.33809594305272,7.236786932052711,97.43280626857651,2.5515621870643153
481.32500000000044,96.38184012231996,7.1851694092169165,97.49734648494625,6.807517181034654
481.3500000000004,96.38184012231996,7.1851694092169165,97.49778306197726,7.170605632516797
481.37500000000045,96.26947985329662,7.136655848608663,97.49913694228532,7.464876518691001
481.40000000000043,96.26947985329662,7.136655848608663,97.49909825881227,7.437765855478517
481.4250000000004,96.20855668745416,7.068113371576692,97.49735980661922,7.41503182431964
481.45000000000044,96.20855668745416,7.068113371576692,97.49993745040275,7.498598813230454
481.4750000000004,96.2358610592834,6.999330394386341,97.49999940556083,7.49994500917775
481.50000000000045,96.2358610592834,6.999330394386341,97.49997717514657,7.497490324596624
481.52500000000043,96.10980096101656,6.9443153556309065,97.49999455091177,7.499895114429265
481.5500000000004,96.10980096101656,6.9443153556309065,97.49999409199626,7.49783008523662
481.57500000000044,95.97369347368569,6.92807334457107,97.49984223835493,7.4803959842323735
481.6000000000004,95.97369347368569,6.92807334457107,97.49980687065725,7.130143654920644
481.62500000000045,95.79289001883392,6.941456842787352,97.4999540764357,5.351553232301125
481.65000000000043,95.79289001883392,6.941456842787352,97.49919799432523,2.774692920629839
481.6750000000004,95.64474624795255,6.951064471338612,97.49965304749163,2.5117388423833114
481.70000000000044,95.64474624795255,6.951064471338612,97.49989776033962,2.509745985087824
481.7250000000004,95.55188816610558,6.920722854727165,97.49922734079745,2.5005784043801738
481.75000000000045,95.55188816610558,6.920722854727165,97.47848010873928,2.500176232496283
481.77500000000043,95.48611240522813,6.8095251283224645,97.46711978783787,2.5000012543736503
481.8000000000004,95.48611240522813,6.8095251283224645,97.47770000136214,2.500000069680499
481.82500000000044,95.41598744420178,6.7020124304856905,97.4773042669025,2.500000395320912
481.8500000000004,95.41598744420178,6.7020124304856905,97.4639492544479,2.5000005617793652
481.87500000000045,95.3167748548546,6.493125255321357,97.23739933822773,2.5000019476210773
481.90000000000043,95.3167748548546,6.493125255321357,97.39325983974366,2.500002928929575
481.9250000000004,95.18121261853804,6.332554962725332,97.47142079671954,2.5001633688343423
481.95000000000044,95.18121261853804,6.332554962725332,97.05544257280447,2.5000063845490588
481.9750000000004,95.05734654143085,6.059092756634909,95.9703442243426,2.500002601640752
482.00000000000045,95.05734654143085,6.059092756634909,97.40584294679175,2.500007674390921
482.02500000000043,94.90828217687806,5.8763507812406335,97.49310960504266,2.5016441614987057
482.0500000000004,94.90828217687806,5.8763507812406335,97.48298187086259,2.5230145343320705
482.07500000000044,94.75511621113635,5.818873888480107,97.48799878255289,2.5017441049197697
482.1000000000004,94.75511621113635,5.818873888480107,97.18093427237444,2.5298627096872006
482.12500000000045,94.60597007558054,5.762140295098097,96.67581421933438,2.5022579923147665
482.15000000000043,94.60597007558054,5.762140295098097,95.97208844402705,2.5000151349522044
482.1750000000004,94.43759884905674,5.774868367425693,94.62220671562734,2.500004185216134
482.20000000000044,94.43759884905674,5.774868367425693,96.32539861348346,2.5000051293665884
482.2250000000004,94.26002403677936,5.838156394397707,97.26039927909041,2.500008721714483
482.25000000000045,94.26002403677936,5.838156394397707,94.51175945938516,2.5000035873024555
482.27500000000043,94.10010268854776,5.856528011902965,92.6294513231202,2.500000008686884
482.3000000000004,94.10010268854776,5.856528011902965,92.98548520972335,2.50000007736346
482.32500000000044,93.9614940346044,5.799085271137887,92.57689209598281,2.5000004539275427
482.3500000000004,93.9614940346044,5.799085271137887,92.58303825845357,2.5000001634910634
482.37500000000045,93.81542717024588,5.75177053575308,93.13880843086574,2.5000266905957265
482.40000000000043,93.81542717024588,5.75177053575308,93.13881291039654,2.500180625694567
482.4250000000004,93.70688535678558,5.714844502340591,92.67599073587641,2.5000061798771305
482.45000000000044,93.70688535678558,5.714844502340591,92.56443626542357,2.5000002945628084
482.4750000000004,93.58682737922112,5.660009342949587,92.50530173564951,2.5000001706364614
482.50000000000045,93.58682737922112,5.660009342949587,92.89618507996612,2.500004930427011
482.52500000000043,93.48722769776104,5.547630094184504,92.72403852914273,2.500001479032684
482.5500000000004,93.48722769776104,5.547630094184504,92.60143047542535,2.5000003489244524
482.57500000000044,93.38802574630397,5.4356740229843385,92.81516796047644,2.5000003313974988
482.6000000000004,93.38802574630397,5.4356740229843385,92.55717926804651,2.500000005729883
482.62500000000045,93.27477243319788,5.188405794516469,92.52432640646774,2.500000000373059
482.65000000000043,93.27477243319788,5.188405794516469,92.69459061045437,2.500000000646058
482.6750000000004,93.17919014324724,5.137054514597127,92.73481668361353,2.5000000021716295
482.70000000000044,93.17919014324724,5.137054514597127,92.5433196344108,2.5000003696970325
482.7250000000004,93.0942376894374,5.13519316919097,92.73289373128306,2.5000006844091804
482.75000000000045,93.0942376894374,5.13519316919097,92.50790141270208,2.500000034041153
482.77500000000043,93.02024534890974,5.240935243739632,92.50119674999306,2.500000006078244
482.8000000000004,93.02024534890974,5.240935243739632,92.50259247393609,2.500000214259776
482.82500000000044,92.98585641846968,5.261546725859792,92.50342248262861,2.5000002494587323
482.8500000000004,92.98585641846968,5.261546725859792,92.50338825343177,2.500001403127796
482.87500000000045,92.96345265467288,5.221203379161808,92.50612264031075,2.5000005358786486
482.90000000000043,92.96345265467288,5.221203379161808,92.50013913640744,2.500000049247252
482.9250000000004,93.0093487674997,5.103830271773731,92.50042127546546,2.5000005067929116
482.95000000000044,93.0093487674997,5.103830271773731,92.5072681018158,2.5000000010375643
482.9750000000004,93.0527219979478,4.976718270033897,92.53659855895818,2.5000000003978937
483.00000000000045,93.0527219979478,4.976718270033897,92.6152712358195,2.5000000002690084
483.02500000000043,93.17391925107488,4.829271930813427,94.13323765910341,2.500000105179511
483.0500000000004,93.17391925107488,4.829271930813427,94.5243356583441,2.500000380867399
483.07500000000044,93.29045178311748,4.65486758788744,95.20782015177463,2.500000002060774
483.1000000000004,93.29045178311748,4.65486758788744,97.1901419585309,2.5000000007535
483.12500000000045,93.49853079965956,4.437125299638708,97.01307778586424,2.5000000062519194
483.15000000000043,93.49853079965956,4.437125299638708,97.35338325346315,2.500000104835371
483.1750000000004,93.53325964467264,4.389707809483364,97.49067445755391,2.500000004141712
483.20000000000044,93.53325964467264,4.389707809483364,97.44726152255878,2.5000012518737864
483.2250000000004,93.51438141230234,4.189702921790893,97.4857132009429,2.500001061352389
483.25000000000045,93.51438141230234,4.189702921790893,97.49966675481265,2.5001667432284123
483.27500000000043,93.37518338401776,3.9984860829968176,97.4997749615369,2.500002430371382
483.3000000000004,93.37518338401776,3.9984860829968176,97.49891445746698,2.5000001014785966
483.32500000000044,93.20247423761124,3.878149190591339,97.49837734916295,2.500017207231073
483.3500000000004,93.20247423761124,3.878149190591339,97.49960798636057,2.500011578443806
483.37500000000045,93.05217595602204,3.6872799920214265,97.49497523180091,2.5000000385743526
483.40000000000043,93.05217595602204,3.6872799920214265,97.4951001020088,2.500000068803481
483.4250000000004,92.81802871503064,3.4549460349312127,97.49674652513612,2.500002481426492
483.45000000000044,92.81802871503064,3.4549460349312127,97.48186924951301,2.50001439106641
483.4750000000004,92.45327842864684,3.086768843392974,96.74341881380927,2.50014950973688
483.50000000000045,92.45327842864684,3.086768843392974,93.06855131473651,2.500005475409638
483.52500000000043,92.0316605823078,2.575192398038305,92.93573294889629,2.500048997962917
483.5500000000004,92.0316605823078,2.575192398038305,93.21286684464864,2.5000050220862295
483.57500000000044,91.8378669669631,2.245151599016787,92.99466292356797,2.5000029032625513
483.6000000000004,91.8378669669631,2.245151599016787,93.86154425402282,2.500003929745237
483.62500000000045,91.62529685935851,1.9186416514475944,95.15859802256317,2.5012648032794678
483.65000000000043,91.62529685935851,1.9186416514475944,96.41977241414943,2.5018821772108395
483.6750000000004,91.66869625987891,1.5710826964351874,92.80868716783023,2.5000013582457616
483.70000000000044,91.66869625987891,1.5710826964351874,94.93941776561603,2.500000312316041
483.7250000000004,91.90242337467043,1.3399309278423148,96.14954482607939,2.500001396784597
483.75000000000045,91.90242337467043,1.3399309278423148,93.93095805658282,2.500000045963524
483.77500000000043,92.35411931226268,0.897298500544855,94.19367399116277,2.5000001577441378
483.8000000000004,92.35411931226268,0.897298500544855,92.66954762751806,2.5000000257343897
483.82500000000044,92.87682177488249,0.5250818571804627,92.68667665699337,2.500000010499924
483.8500000000004,92.87682177488249,0.5250818571804627,92.51102406508998,2.5000000020251196
483.87500000000045,93.37516214161636,0.3769657110528009,92.50199351505235,2.500000011792664
483.90000000000043,93.37516214161636,0.3769657110528009,92.55040945642226,2.500000437962002
483.9250000000004,93.69584585590349,0.3231661817729665,95.57209339910472,2.500001661049441
483.95000000000044,93.69584585590349,0.3231661817729665,95.22146710992537,2.5000572057068107
483.9750000000004,93.6562575492563,0.4713864216362534,96.53677190444402,2.500198202942779
484.00000000000045,93.6562575492563,0.4713864216362534,97.45411016429921,2.5002632536448184
484.02500000000043,93.47976141088998,0.4813534683617544,97.49651733735114,2.5000005322586722
484.0500000000004,93.47976141088998,0.4813534683617544,97.49968065195603,2.5000000849642077
484.07500000000044,93.33504943817395,0.4928657485518014,97.49993559358701,2.5000013384745565
484.1000000000004,93.33504943817395,0.4928657485518014,97.49948147628866,2.500006836035327
484.12500000000045,92.9583731948526,0.4386403658332628,97.49994288077419,2.5000000713779094
484.15000000000043,92.9583731948526,0.4386403658332628,97.49891551277403,2.500000135210844
484.1750000000004,92.46268808311648,0.3792277454819932,97.34433334176693,2.500000053505506
484.20000000000044,92.46268808311648,0.3792277454819932,97.45553856543786,2.5000000008334484
484.2250000000004,91.97684690815476,0.486663568308567,97.43084284937693,2.5000000011741688
484.25000000000045,91.97684690815476,0.486663568308567,97.3852986221577,2.500001027800441
484.27500000000043,91.56100691364252,0.6702442153727272,93.70930767234496,2.500018882030468
484.3000000000004,91.56100691364252,0.6702442153727272,94.18324708595904,2.500000013053209
484.32500000000044,91.16739370106964,0.7943610121246338,92.50926275117928,2.5000000417388843
484.3500000000004,91.16739370106964,0.7943610121246338,93.13876362851904,2.5000015287397526
484.37500000000045,90.639953232465,0.7666188703531039,94.25634120448915,2.500005065089067
484.40000000000043,90.639953232465,0.7666188703531039,92.5510970529788,2.5000000844262926
484.4250000000004,89.95778921561174,0.6346488395232467,92.5917389910507,2.500002555023619
484.45000000000044,89.95778921561174,0.6346488395232467,92.51762887894404,2.500000003837688
484.4750000000004,89.404583913526,0.551844403217752,92.5139629908007,2.500000000043463
484.50000000000045,89.404583913526,0.551844403217752,92.5004389011255,2.500000000130687
484.52500000000043,88.8365311796607,0.4067029131136457,92.53748256012825,2.5000000000488147
484.5500000000004,88.8365311796607,0.4067029131136457,92.51069805448164,2.500000001610119
484.57500000000044,88.18362844534272,0.5690315251752646,92.63862191371908,2.5000000046357425
484.6000000000004,88.18362844534272,0.5690315251752646,92.5152444154862,2.500000000014571
484.62500000000045,87.52445261239792,1.0040264628297964,92.50081079283062,2.5000000000124656
484.65000000000043,87.52445261239792,1.0040264628297964,92.51123426096119,2.500000000001253
484.6750000000004,86.89592532202036,1.402631508247467,92.50121879766799,2.500000000000004
484.70000000000044,86.89592532202036,1.402631508247467,92.47647814430661,2.500000000112375
484.7250000000004,86.13690940848977,1.6943224399188035,92.49969296188253,2.5000000070452963
484.75000000000045,86.13690940848977,1.6943224399188035,90.04366665461103,2.5001135224782307
484.77500000000043,85.44625515896799,1.826267709363371,92.29974546039904,2.5000046902516577
484.8000000000004,85.44625515896799,1.826267709363371,92.4463991840483,2.500024433360845
484.82500000000044,85.00840164290173,1.947785785469552,92.49728918513298,2.501369093669196
484.8500000000004,85.00840164290173,1.947785785469552,92.50011373755378,2.5000003764877423
484.87500000000045,84.43349533982051,1.825437068099222,91.77798535643743,2.861085563373804
484.90000000000043,84.43349533982051,1.825437068099222,92.41428053710933,2.5429438949870096
484.9250000000004,83.98794885421627,1.908324963935061,92.4794677011441,2.510365579958731
484.95000000000044,83.98794885421627,1.908324963935061,92.1146945614752,2.512237565960507
484.9750000000004,83.57203924789442,1.9757605432849288,74.35213006744767,2.5038304636213344
485.00000000000045,83.57203924789442,1.9757605432849288,90.95662132204097,2.500244985254759
485.02500000000043,83.2775876260818,2.1154733744880634,92.34171116583214,2.500172417661797
485.0500000000004,83.2775876260818,2.1154733744880634,87.82999387862041,2.550859177041643
485.07500000000044,83.04706379321556,2.264743033584247,72.63590418045996,2.500130153350659
485.1000000000004,83.04706379321556,2.264743033584247,92.30434389016858,2.500047274274007
485.12500000000045,82.9410405379762,2.3999295257725226,92.619914209811,2.5000566185824353
485.15000000000043,82.9410405379762,2.3999295257725226,92.56568843617474,2.500000627649014
485.1750000000004,82.81434826084426,2.319064778120773,92.86315373155593,2.500102736089381
485.20000000000044,82.81434826084426,2.319064778120773,96.23443715028692,2.5000776830796627
485.2250000000004,82.7482839464802,2.223247741301168,92.64445148469609,2.500002389976555
485.25000000000045,82.7482839464802,2.223247741301168,96.64933609704043,2.5000001320265377
485.27500000000043,82.77575965170631,2.246740968284434,97.48922834577843,2.5000001642681395
485.3000000000004,82.77575965170631,2.246740968284434,97.35333226835598,2.500000014227241
485.32500000000044,82.85274046993409,2.333772585403662,96.10557953319051,2.500002374167606
485.3500000000004,82.85274046993409,2.333772585403662,94.5772349474395,2.5000000751430558
485.37500000000045,82.88179201096739,2.52283511963844,94.7364629484772,2.5000002758900197
485.40000000000043,82.88179201096739,2.52283511963844,90.46611264151711,2.5000000068107484
485.4250000000004,82.91258093131724,2.724681607059168,88.16525878948707,2.500000001309861
485.45000000000044,82.91258093131724,2.724681607059168,87.60862919624824,2.5000000000002642
485.4750000000004,82.92058748558058,3.038538098924193,89.16229297870565,2.5000000000007345
485.50000000000045,82.92058748558058,3.038538098924193,92.09541514223388,2.5000000000339164
485.52500000000043,82.94231766491012,3.336831917430124,92.47197610603311,2.500000000000035
485.5500000000004,82.94231766491012,3.336831917430124,92.4360084413112,2.500000000000265
485.57500000000044,82.95323587053304,3.626860415148921,92.49828974809155,2.500000000015555
485.6000000000004,82.95323587053304,3.626860415148921,92.49999044066959,2.500000000005579
485.62500000000045,82.9276283776237,3.838254440412817,92.49999591706408,2.500000000000371
485.65000000000043,82.9276283776237,3.838254440412817,92.50000005843921,2.5000000000070295
485.6750000000004,82.91260741685007,4.0257070613037325,92.50000249948252,2.5000000000014513
485.70000000000044,82.91260741685007,4.0257070613037325,92.50143604716543,2.500000000037477
485.7250000000004,82.90077743734315,4.157999180624548,92.5008949407768,2.5000001255851325
485.75000000000045,82.90077743734315,4.157999180624548,92.7344564912571,2.500021176675125
485.77500000000043,82.85218399447288,4.263527549464799,92.51228270280214,2.500426344969717
485.8000000000004,82.85218399447288,4.263527549464799,92.41697285909254,2.5051699478718183
485.82500000000044,82.72241420407433,4.343885944313712,88.68307599295466,2.528322121787127
485.8500000000004,82.72241420407433,4.343885944313712,83.58755771085293,2.5094291300587925
485.87500000000045,82.59241011521988,4.421078410153708,75.27252566611875,2.5047573566072976
485.90000000000043,82.59241011521988,4.421078410153708,73.14124936024436,2.502099438619269
485.9250000000004,82.45600534114593,4.488715315233415,79.75675720278568,4.890394625577039
485.95000000000044,82.45600534114593,4.488715315233415,87.51514937289134,3.016815241924352
485.9750000000004,82.29745484923612,4.532125994886449,87.50099136158873,2.5005933207961917
486.00000000000045,82.29745484923612,4.532125994886449,87.8056594858141,2.5000392371293976
486.02500000000043,82.16375434347849,4.620540360450011,89.07720955144434,2.500032898320194
486.0500000000004,82.16375434347849,4.620540360450011,89.28288551292228,2.500088836851991
486.07500000000044,82.0654733027121,4.718971343556684,87.72713326017616,2.5000291673681616
486.1000000000004,82.0654733027121,4.718971343556684,88.09993486848035,2.5002310604845612
486.12500000000045,82.01330704871904,4.8267790225614,78.10157342723426,2.500000435252166
486.15000000000043,82.01330704871904,4.8267790225614,81.03709522907899,2.500008262877539
486.1750000000004,81.97457737554272,4.897065365123226,92.49911243742451,2.500012395447115
486.20000000000044,81.97457737554272,4.897065365123226,91.0201696487097,2.5000130291215954
486.2250000000004,81.97113051583736,4.9960965740614025,91.2766975241976,2.5000104893198265
486.25000000000045,81.97113051583736,4.9960965740614025,80.37372986809318,2.5329783461921007
486.27500000000043,81.97945609523252,4.968705639324151,74.52203689805782,2.5293169945011202
486.3000000000004,81.97945609523252,4.968705639324151,84.82038355640977,2.5022605035496017
486.32500000000044,81.98313835001323,4.84553790827663,90.77694188694431,2.5135450970004407
486.3500000000004,81.98313835001323,4.84553790827663,89.46239422841185,2.504446424939203
486.37500000000045,82.02906255802836,4.685822058841183,92.03217738033239,2.5000048791433387
486.40000000000043,82.02906255802836,4.685822058841183,92.05474248511378,2.500017709465832
486.4250000000004,82.14980331092858,4.530514731665523,75.73350645524182,2.500214976797767
486.45000000000044,82.14980331092858,4.530514731665523,72.74661472013102,2.5000340560670975
486.4750000000004,82.26295306967656,4.404784231934877,89.1101710939879,2.500500714046074
486.50000000000045,82.26295306967656,4.404784231934877,92.60785936022634,2.500088888921795
486.52500000000043,82.47279998846454,4.187282589512882,93.67595717895003,2.501014114925484
486.5500000000004,82.47279998846454,4.187282589512882,96.6682071492513,2.500744925922511
486.57500000000044,82.69890410207405,3.977788933631543,96.06982545254498,2.5023322664261447
486.6000000000004,82.69890410207405,3.977788933631543,91.4045194253118,2.5047146190025433
486.62500000000045,82.98648358467675,3.668161051939414,92.54494505870561,2.5002114280890457
486.65000000000043,82.98648358467675,3.668161051939414,92.53069293184357,2.500010600598668
486.6750000000004,83.21867776116825,3.379013103466811,91.89818404630275,2.5000012951617725
486.70000000000044,83.21867776116825,3.379013103466811,92.46847543535726,2.50001572087067
486.7250000000004,83.38446467594646,3.3514116532206804,92.43352474307662,2.5000000071219595
486.75000000000045,83.38446467594646,3.3514116532206804,85.84928862896815,2.500000133985993
486.77500000000043,83.58144082333007,3.1861556242739635,72.79880574564756,2.5000000036637315
486.8000000000004,83.58144082333007,3.1861556242739635,73.82666763826704,2.500000056783048
486.82500000000044,83.9252563224208,2.839409146717967,90.06060123385687,2.500028219353102
486.8500000000004,83.9252563224208,2.839409146717967,97.32664403935934,2.5000014183618213
486.87500000000045,84.20488278087176,2.8738221393731957,97.06387477183168,2.500017250053451
486.90000000000043,84.20488278087176,2.8738221393731957,97.49169872410137,2.50004643912046
486.9250000000004,84.34850452315041,3.041550298326378,97.49663297246857,2.500347982820562
486.95000000000044,84.34850452315041,3.041550298326378,97.4997444968632,2.5001063258828298
486.9750000000004,84.44657932057937,3.2753940036631977,97.49996727959088,2.5000064487341813
487.00000000000045,84.44657932057937,3.2753940036631977,97.49946855289258,2.500037588401295
487.02500000000043,84.55111088260023,3.5273683262610898,97.49961348700138,2.5000005008209474
487.0500000000004,84.55111088260023,3.5273683262610898,97.49932392043192,2.5001389180283615
487.07500000000044,84.75462085034945,3.6997425576873217,97.4913576977617,2.5000980473158227
487.1000000000004,84.75462085034945,3.6997425576873217,97.48148210951355,2.5020254005877205
487.12500000000045,85.12336546040972,3.790307895048586,97.49841436860538,2.500354612013876
487.15000000000043,85.12336546040972,3.790307895048586,97.38501450053467,2.500559042944136
487.1750000000004,85.4159898118223,3.8859115406880576,97.47157592657388,2.5000191264300478
487.20000000000044,85.4159898118223,3.8859115406880576,97.3625799204101,2.5522690691147516
487.2250000000004,85.6446383444267,4.020859337007517,96.39442808509058,2.5410937062424974
487.25000000000045,85.6446383444267,4.020859337007517,95.41815858898737,2.566690175923119
487.27500000000043,85.86469130324107,4.138838830432007,95.92285697189106,7.28988834678116
487.3000000000004,85.86469130324107,4.138838830432007,97.02715689745477,7.717137962671537
487.32500000000044,86.10442552094642,4.235379002830612,97.49480436664611,7.494200157967139
487.3500000000004,86.10442552094642,4.235379002830612,97.49939717313826,7.498834811479002
487.37500000000045,86.38628809924617,4.36328792442977,97.49980817290827,7.499898584283441
487.40000000000043,86.38628809924617,4.36328792442977,97.49999998201952,7.499999689605201
487.4250000000004,86.71769735560221,4.4691308705923145,97.49999997513041,7.499999716886182
487.45000000000044,86.71769735560221,4.4691308705923145,97.49999886001805,7.499977665893272
487.4750000000004,87.11840351754631,4.543591080126971,97.499999760379,7.499991048244851
487.50000000000045,87.11840351754631,4.543591080126971,97.49999999785447,7.499982632584774
487.52500000000043,87.49163869165452,4.652163499866808,97.49999995048333,7.495304842881393
487.5500000000004,87.49163869165452,4.652163499866808,97.49999614032924,7.480260988253772
487.57500000000044,87.85598474873387,4.722018947699824,97.49999980383015,7.48988168675773
487.6000000000004,87.85598474873387,4.722018947699824,97.49999782347918,7.487212421238348
487.62500000000045,88.21300623525504,4.763047310936742,97.49999393905131,7.497062561853956
487.65000000000043,88.21300623525504,4.763047310936742,97.4999220234839,7.167530952047673
487.6750000000004,88.50545805987036,4.7439504683097615,97.49998230547943,7.451196032986974
487.70000000000044,88.50545805987036,4.7439504683097615,97.49992067412333,7.206816609804313
487.7250000000004,88.78723900847524,4.703208366819863,97.49999986312723,7.478248646764333
487.75000000000045,88.78723900847524,4.703208366819863,97.49966775475448,7.4582849667870565
487.77500000000043,89.0195795261798,4.689971519801869,97.49989662357164,7.318692091643019
487.8000000000004,89.0195795261798,4.689971519801869,97.49999831665775,7.267879606028264
487.82500000000044,89.28227701406273,4.609929426852271,97.49975358095702,5.032180012437693
487.8500000000004,89.28227701406273,4.609929426852271,97.4997824645054,3.0548533418500856
487.87500000000045,89.5170595833838,4.3828446960435175,97.4999564435154,3.4022586850551
487.90000000000043,89.5170595833838,4.3828446960435175,97.49942420968397,5.949961663679208
487.9250000000004,89.63891158105534,4.375238815683334,97.45436149888464,2.523147600868983
487.95000000000044,89.63891158105534,4.375238815683334,97.47946081679963,2.5219113915330027
487.9750000000004,89.79208056190583,4.394703539939204,97.4334868743559,2.502183930777202
488.00000000000045,89.79208056190583,4.394703539939204,97.45378124500245,2.5005413497582922
488.02500000000043,89.98972427935249,4.304033272795524,97.49586841276785,2.5136586367167655
488.0500000000004,89.98972427935249,4.304033272795524,97.47645388811063,2.500039740111589
488.07500000000044,90.14608933161723,4.355081235252545,97.3885516247479,2.500008460333763
488.1000000000004,90.14608933161723,4.355081235252545,97.45223854627767,2.5000002071020626
488.12500000000045,90.33737018425452,4.367403706346535,97.31934068402039,2.500000022705777
488.15000000000043,90.33737018425452,4.367403706346535,97.36944699537791,2.5000001284997717
488.1750000000004,90.49475418173704,4.446218746233417,97.46871925916305,2.5000008590681806
488.20000000000044,90.49475418173704,4.446218746233417,95.51243275095268,2.5000714334625918
488.2250000000004,90.71708190357016,4.4531054529481455,94.60980091043854,2.5000280801626187
488.25000000000045,90.71708190357016,4.4531054529481455,94.72043560257218,2.500028001133506
488.27500000000043,90.87473566716108,4.550164224196489,93.97720989420175,2.500057729102543
488.3000000000004,90.87473566716108,4.550164224196489,96.57039276157543,2.5038185062389133
488.32500000000044,91.04485546704818,4.652701284536206,96.938349061411,2.502048960864066
488.3500000000004,91.04485546704818,4.652701284536206,95.10595461014734,2.6033372616480395
488.37500000000045,91.22799994257588,4.73722199007199,94.55324937731027,2.522287057380972
488.40000000000043,91.22799994257588,4.73722199007199,95.32256729889303,2.5049966759730395
488.4250000000004,91.36082399985922,4.8590644552571485,94.13607533815096,2.5058594314821216
488.45000000000044,91.36082399985922,4.8590644552571485,93.87846167928673,2.5004205758929405
488.4750000000004,91.62187509481048,4.865739639917381,94.09634909959779,2.500372112126175
488.50000000000045,91.62187509481048,4.865739639917381,95.75323524959884,2.5015682268643653
488.52500000000043,91.84851815200948,4.895503581100061,96.80428572398256,2.5000105144963545
488.5500000000004,91.84851815200948,4.895503581100061,95.36468564580233,2.500018189975048
488.57500000000044,92.02907417887954,5.004991838809924,95.72172851637417,2.5000304846448747
488.6000000000004,92.02907417887954,5.004991838809924,94.67978388651721,2.5000092768271087
488.62500000000045,92.23057587564928,5.08080696135784,97.03721166415737,2.500347275649121
488.65000000000043,92.23057587564928,5.08080696135784,97.07553006432171,2.5019007324054274
488.6750000000004,92.41473244935112,5.226130472606396,95.88894665730878,2.5684918356869884
488.70000000000044,92.41473244935112,5.226130472606396,97.2676614589305,2.595013955733899
488.7250000000004,92.5622779822825,5.374263483419252,97.46773031392031,7.405897472750974
488.75000000000045,92.5622779822825,5.374263483419252,97.22913695414603,7.0339904629812855
488.77500000000043,92.8505005386357,5.529296018938109,96.07879164341468,6.10360500199556
488.8000000000004,92.8505005386357,5.529296018938109,96.5973998839476,6.572683347539901
488.82500000000044,93.13615706622348,5.731669548606103,97.47836766513635,7.717537836148525
488.8500000000004,93.13615706622348,5.731669548606103,97.49793196461148,7.529568835540403
488.87500000000045,93.34008592675194,5.944221160833568,97.49887403763523,7.492513225735942
488.90000000000043,93.34008592675194,5.944221160833568,97.49477809704086,7.746760277025342
488.9250000000004,93.58646348989848,6.135588065675002,97.45698764293435,4.997387030822219
488.95000000000044,93.58646348989848,6.135588065675002,97.47167356474225,6.331547625195776
488.9750000000004,93.68201974399037,6.298918894239828,97.49283064435747,4.111909227594778
489.00000000000045,93.68201974399037,6.298918894239828,97.49998086261498,6.938211154173292
489.02500000000043,93.7414567407276,6.468623497600726,97.49999956395442,7.335639680613954
489.0500000000004,93.7414567407276,6.468623497600726,97.49999994050033,7.492796699056704
489.07500000000044,93.73476499055974,6.59711103995627,97.49999997739597,7.480026624392947
489.1000000000004,93.73476499055974,6.59711103995627,97.49999996050248,7.495787845103971
489.12500000000045,93.75010239885296,6.720560652746184,97.499999982869,7.500410617485173
489.15000000000043,93.75010239885296,6.720560652746184,97.4999999943982,7.500163328716853
489.1750000000004,93.68899023983208,6.810878821183762,97.49999879528977,7.500345638984056
489.20000000000044,93.68899023983208,6.810878821183762,97.49994745393496,7.500193904678319
489.2250000000004,93.6192948980716,6.897015373508725,97.49999646287702,7.530316731382417
489.25000000000045,93.6192948980716,6.897015373508725,97.49999992945999,7.538640877377141
489.27500000000043,93.62255627736774,6.980700678183589,97.49999910072303,7.5442033174339524
489.3000000000004,93.62255627736774,6.980700678183589,97.49999546984516,7.545116775137184
489.32500000000044,93.64336214254452,7.076359848906693,97.4999996136099,19.58790688991114
489.3500000000004,93.64336214254452,7.076359848906693,97.49999994119156,9.629181776086993
489.37500000000045,93.75423073380487,7.215265955856228,97.49999977774927,14.18086870384414
489.40000000000043,93.75423073380487,7.215265955856228,97.49999992814149,10.766079586479485
489.4250000000004,93.90282434040714,7.384464077479805,97.49999999342218,21.430728686176483
489.45000000000044,93.90282434040714,7.384464077479805,97.49999997639094,13.08486998735811
489.4750000000004,94.0098945532048,7.56716272924505,97.49999903629956,16.78178835497348
489.50000000000045,94.0098945532048,7.56716272924505,97.4999783337236,16.102833127046186
489.52500000000043,94.06868630017117,7.723276695708211,97.49999769969132,17.344937027063676
489.5500000000004,94.06868630017117,7.723276695708211,97.49999994762594,21.090767757618814
489.57500000000044,94.08159404136508,7.821843040573953,97.49999875211246,14.69685402921059
489.6000000000004,94.08159404136508,7.821843040573953,97.49999982619282,7.623606103049465
489.62500000000045,94.11167298417858,7.930655514730517,97.49998967523034,7.6402511321826
489.65000000000043,94.11167298417858,7.930655514730517,97.49999969299152,7.948802480877413
489.6750000000004,94.14895839652311,8.02755033264846,97.49999936010622,7.500137294828436
489.70000000000044,94.14895839652311,8.02755033264846,97.4999994243166,7.503686723848912
489.7250000000004,94.251218413227,8.154528841573306,97.4999804293961,7.500512914855118
489.75000000000045,94.251218413227,8.154528841573306,94.5855061173731,7.500705852749556
489.77500000000043,94.34453516962488,8.299474880772195,97.41992910568291,7.500107933731446
489.8000000000004,94.34453516962488,8.299474880772195,97.49999999048447,7.499999578946784
489.82500000000044,94.5033029721078,8.521124086994883,97.49999998645319,7.500000071454898
489.8500000000004,94.5033029721078,8.521124086994883,97.49999878149087,7.5000075713851055
489.87500000000045,94.63347456000864,8.758044975511295,97.49999965639994,7.4999948813856445
489.90000000000043,94.63347456000864,8.758044975511295,97.49724560708432,7.4446105002644964
489.9250000000004,94.94908538327596,9.028765359371794,97.48952745096861,6.658732146350373
489.95000000000044,94.94908538327596,9.028765359371794,97.49985289586601,7.268421491300432
489.9750000000004,95.22721210435884,9.296059117404576,97.49998373824543,7.510652402882707
490.00000000000045,95.22721210435884,9.296059117404576,97.4999998280174,7.6219487140030004
490.02500000000043,95.3311094841672,9.498101039037216,97.49999909071742,8.532182864905208
490.0500000000004,95.3311094841672,9.498101039037216,97.49999029975325,29.263710401482083
490.07500000000044,95.52485790808382,9.768627681297064,97.49993007471413,6.468782333319815
490.1000000000004,95.52485790808382,9.768627681297064,97.49999218506893,6.183794309140515
490.12500000000045,95.73540451349412,10.031209256284711,97.49999980749566,11.900686782908465
490.15000000000043,95.73540451349412,10.031209256284711,97.49999999272703,7.54646448025185
490.1750000000004,95.90195341010292,10.442725735149754,97.49999996665078,7.499998152310524
490.20000000000044,95.90195341010292,10.442725735149754,97.49999988764037,7.499998426435512
490.2250000000004,96.1009793298296,10.90187366201382,97.49999993663523,7.499988484701342
490.25000000000045,96.1009793298296,10.90187366201382,97.49999914531399,7.4999040210256105
490.27500000000043,96.19437481311516,11.231771405542538,97.49999850033221,7.492337063874746
490.3000000000004,96.19437481311516,11.231771405542538,97.49999997614668,7.499746076726748
490.32500000000044,96.24036761141024,11.491050536381527,97.49999999924484,7.500008223464243
490.3500000000004,96.24036761141024,11.491050536381527,97.49999999997416,7.500000177357127
490.37500000000045,96.31939375768452,11.867202665715562,97.49999999995558,7.499999801821147
490.40000000000043,96.31939375768452,11.867202665715562,97.49999999999761,7.499999793410897
490.4250000000004,96.3916548143188,12.26140394639005,97.5,7.500148302166539
490.45000000000044,96.3916548143188,12.26140394639005,97.49999999999994,7.5014512998766145
490.4750000000004,96.399786296966,12.698420879532367,97.49999999999758,7.503120055578861
490.50000000000045,96.399786296966,12.698420879532367,97.4999999997279,7.503912705205172
490.52500000000043,96.21303878068215,13.113505384286857,97.49999999896929,7.500117707415342
490.5500000000004,96.21303878068215,13.113505384286857,97.49999961018781,7.54702389857966
490.57500000000044,96.02201434163294,13.519197487730816,97.49999368322612,8.260066481490744
490.6000000000004,96.02201434163294,13.519197487730816,97.49999836623677,11.681207426797169
490.62500000000045,95.8945052855648,13.890740942662362,97.49994776506819,8.05414103240376
490.65000000000043,95.8945052855648,13.890740942662362,97.48209609330061,7.6297222513059095
490.6750000000004,95.74337841086816,14.19168203501822,97.44443812411113,7.6047985892937575
490.70000000000044,95.74337841086816,14.19168203501822,97.48914245555964,7.527935293538066
490.7250000000004,95.5586046389653,14.483507644445767,97.35685931685462,8.026209526876427
490.75000000000045,95.5586046389653,14.483507644445767,97.49258153027986,9.022290612983022
490.77500000000043,95.44298963114863,14.737344326277617,97.49986583331297,8.25188326478363
490.8000000000004,95.44298963114863,14.737344326277617,97.49999999211475,7.512716210959099
490.82500000000044,95.41950423104797,15.001658842251134,97.4999996809663,14.312868356246408
490.8500000000004,95.41950423104797,15.001658842251134,97.49781713726541,7.815391264302172
490.87500000000045,95.34128733508965,15.207192587736449,97.46128357244355,20.937795207939022
490.90000000000043,95.34128733508965,15.207192587736449,97.49999066927452,22.498980666459424
490.9250000000004,95.24375063931282,15.410406218510742,97.49999996957004,22.49999975033308
490.95000000000044,95.24375063931282,15.410406218510742,97.49999999824894,22.499888130406397
490.9750000000004,95.11409991995298,15.6755201908803,97.49999999920313,22.49969346780049
491.00000000000045,95.11409991995298,15.6755201908803,97.49999999502408,22.498027721789047
491.02500000000043,94.9296708932974,15.902058562582628,97.49998602783081,22.496400194634496
491.0500000000004,94.9296708932974,15.902058562582628,97.49999645240803,22.499854011972754
491.07500000000044,94.72660896856964,16.050359780180596,97.4912952421053,22.46455860966457
491.1000000000004,94.72660896856964,16.050359780180596,97.49999909869632,22.497577121720116
491.12500000000045,94.54321192910886,16.149864777565682,97.49999979382599,22.499487736143703
491.15000000000043,94.54321192910886,16.149864777565682,97.49992748249336,22.49922744706625
491.1750000000004,94.35629327019022,16.22334862999336,97.49977632087786,22.483319154597158
491.20000000000044,94.35629327019022,16.22334862999336,97.47979559876788,22.435637857632095
491.2250000000004,94.18127634642752,16.297097205719176,87.62976965808744,18.56732431174984
491.25000000000045,94.18127634642752,16.297097205719176,87.49663674232272,22.489906117294428
491.27500000000043,94.02486728157976,16.419232573840386,87.48922148178976,22.467637373559967
491.3000000000004,94.02486728157976,16.419232573840386,87.50286472827803,22.500297980484884
491.32500000000044,93.89120487059752,16.495683235591326,87.5036830879436,22.502309851897454
491.3500000000004,93.89120487059752,16.495683235591326,87.50000016714817,22.50000016547198
491.37500000000045,93.75035048769774,16.616267410395615,87.49999992692605,22.49986470246273
491.40000000000043,93.75035048769774,16.616267410395615,87.50000111378418,22.499922605120297
491.4250000000004,93.63640061939488,16.87880452428149,87.50005570411578,22.49994124016361
491.45000000000044,93.63640061939488,16.87880452428149,87.50000232295709,22.500144794181338
491.4750000000004,93.58109327116745,17.299070650361525,87.50082729067505,22.49806215838228
491.50000000000045,93.58109327116745,17.299070650361525,87.50218179484298,20.234049107384898
491.52500000000043,93.59516559535292,17.58090832440117,88.31561828719424,13.382691062297992
491.5500000000004,93.59516559535292,17.58090832440117,88.82791916144416,14.039050825479535
491.57500000000044,93.7520004181719,17.95223879584397,87.52121620457898,12.521350343457074
491.6000000000004,93.7520004181719,17.95223879584397,90.79102750460105,15.790079948604449
491.62500000000045,93.98804103672568,18.36043443991551,93.79407550913172,19.17999986725223
491.65000000000043,93.98804103672568,18.36043443991551,92.88161397164141,17.881747972237306
491.6750000000004,94.38495272596204,18.80470775254553,87.62952208024498,12.629711002236743
491.70000000000044,94.38495272596204,18.80470775254553,89.08447501958688,14.079635912620619
491.7250000000004,94.77623403100397,19.17903499386461,89.24189689329305,12.143449946896911
491.75000000000045,94.77623403100397,19.17903499386461,82.583065227094,17.600388737922664
491.77500000000043,95.00914576248724,19.45091840061001,83.3814574386327,17.017574241735318
491.8000000000004,95.00914576248724,19.45091840061001,89.53672246962563,19.821189108075842
491.82500000000044,95.08870604079284,19.685406913507546,91.6343755605592,17.452146548662462
491.8500000000004,95.08870604079284,19.685406913507546,97.49485821285343,10.23114102118556
491.87500000000045,95.1044703273304,19.896110450373,97.4999311508087,7.501486401366867
491.90000000000043,95.1044703273304,19.896110450373,97.49999214666862,7.50034491861749
491.9250000000004,95.14952101328652,20.08361880252828,97.49999300672587,7.5011949658116395
491.95000000000044,95.14952101328652,20.08361880252828,97.49999973523184,7.579783819410583
491.9750000000004,95.26275319997292,20.28015541965677,97.49998922172446,22.46739885304336
492.00000000000045,95.26275319997292,20.28015541965677,97.49999621558139,22.47383517832473
492.02500000000043,95.37746458071274,20.42313547008876,97.49999170250962,22.49452256178207
492.0500000000004,95.37746458071274,20.42313547008876,97.49997927528202,22.277239098767843
492.07500000000044,95.536778201313,20.509366744572716,97.49986140829466,12.351428487271356
492.1000000000004,95.536778201313,20.509366744572716,97.49996318087906,9.130552098332164
492.12500000000045,95.76477608067016,20.580818468436963,97.48823895590878,18.51522724581484
492.15000000000043,95.76477608067016,20.580818468436963,97.49005773716941,22.32575456980399
492.1750000000004,96.06656007093405,20.62676350022595,97.26615846428795,12.590530038306266
492.20000000000044,96.06656007093405,20.62676350022595,97.10878655290033,8.12391502252503
492.2250000000004,96.50981107556552,20.51793556672564,97.49538434576318,7.561118801619019
492.25000000000045,96.50981107556552,20.51793556672564,97.49614092646358,7.505514478088635
492.27500000000043,96.9258019453033,20.314256318138742,97.49998444359441,7.500002139202737
492.3000000000004,96.9258019453033,20.314256318138742,97.49999291662208,7.499515609400605
492.32500000000044,97.41099929879302,20.008842825088674,97.49951739070404,7.47865238219159
492.3500000000004,97.41099929879302,20.008842825088674,97.49743071337393,7.443622767261177
492.37500000000045,97.86070437370432,19.59232997318817,97.49998484429562,7.37638746365428
492.40000000000043,97.86070437370432,19.59232997318817,97.49999874651401,7.364643275167168
492.4250000000004,98.17269551040668,18.926653424735832,97.49999830635078,4.926246441461814
492.45000000000044,98.17269551040668,18.926653424735832,97.4999989846665,2.5127084067195082
492.4750000000004,98.3078313779191,18.20928436411953,97.49999696374711,2.5654782590165928
492.50000000000045,98.3078313779191,18.20928436411953,97.49998555561571,2.501618296061677
492.52500000000043,98.4205391146157,17.58842124688435,97.4999800617655,2.5024449649847567
492.5500000000004,98.4205391146157,17.58842124688435,97.49984167052898,2.7496749806588188
492.57500000000044,98.58374602165792,16.86044196810375,97.49926090962795,2.536114727150965
492.6000000000004,98.58374602165792,16.86044196810375,97.49932585645331,2.5062490590578816
492.62500000000045,98.54021657896595,16.087283781512546,97.4988999961899,2.504537277247651
492.65000000000043,98.54021657896595,16.087283781512546,97.49675984382354,2.5002393080289704
492.6750000000004,98.23129941422188,15.364750530094696,97.49499732184451,2.5037263613389524
492.70000000000044,98.23129941422188,15.364750530094696,97.48508725562247,2.7660294271189616
492.7250000000004,97.90007552291516,14.66751868300399,97.46193806992413,3.1206498303131736
492.75000000000045,97.90007552291516,14.66751868300399,97.47026530227743,3.8728647021138385
492.77500000000043,97.57037273010826,14.065652983083517,97.42300806635835,2.6660113739688818
492.8000000000004,97.57037273010826,14.065652983083517,97.42489929031943,2.5199351486238073
492.82500000000044,97.2532526315566,13.42117910193192,97.44055276364931,2.602386617267815
492.8500000000004,97.2532526315566,13.42117910193192,97.49191678883344,2.525369937770663
492.87500000000045,96.92860930905856,12.680690872347869,97.45824929834554,2.5006443320251495
492.90000000000043,96.92860930905856,12.680690872347869,97.2614379077298,2.5002553781677728
492.9250000000004,96.7333119371832,11.78321233429567,97.38599609666105,2.500000260975493
492.95000000000044,96.7333119371832,11.78321233429567,97.47793862525955,2.500000027379456
492.9750000000004,96.486707658686,10.912799216226128,97.49758959909033,2.500000000243042
493.00000000000045,96.486707658686,10.912799216226128,97.49304747273781,2.500000000478321
493.02500000000043,96.25304704508105,10.068053477234576,97.47696022571607,2.500000003251218
493.0500000000004,96.25304704508105,10.068053477234576,97.45596104628149,2.5000000006385172
493.07500000000044,96.18830268532908,9.390735998667948,97.49394995664997,2.500000000222647
493.1000000000004,96.18830268532908,9.390735998667948,97.48119171143874,2.5000000000098734
493.12500000000045,96.1919303397956,8.853788418870748,96.92924968113986,2.500000003019641
493.15000000000043,96.1919303397956,8.853788418870748,97.38410930335662,2.50000006028465
493.17500000000047,96.12867813456822,8.512399550234367,97.36503519830669,2.500000884413185
493.20000000000044,96.12867813456822,8.512399550234367,97.29146957179233,2.500000155781142
493.2250000000004,96.1930627598591,8.054248793229993,94.10346987170024,2.500007434346373
493.25000000000045,96.1930627598591,8.054248793229993,96.75526657213658,2.501453960321164
493.27500000000043,96.23941737929144,7.722194672269832,97.47962181368626,2.500267777064933
493.30000000000047,96.23941737929144,7.722194672269832,97.44507122358189,2.50317865716981
493.32500000000044,96.38994477168316,7.446842785838599,96.52592449982129,2.515770587303321
493.3500000000004,96.38994477168316,7.446842785838599,97.3210187501632,6.66693020710746
493.37500000000045,96.56752853784558,7.340024106448369,97.49188576817909,3.0353933331816476
493.40000000000043,96.56752853784558,7.340024106448369,97.28544046051914,3.1642752432867924
493.42500000000047,96.74911871128376,7.322834537780223,97.47063993458131,7.108830762395563
493.45000000000044,96.74911871128376,7.322834537780223,97.47081060818695,7.215344904643218
493.4750000000004,96.95961229010808,7.391831778428702,97.48187244045296,7.110235506522243
493.50000000000045,96.95961229010808,7.391831778428702,97.3500659944229,7.1322257875215795
493.52500000000043,96.97014441422309,7.454960177995322,97.40433204400175,7.380744855678117
493.55000000000047,96.97014441422309,7.454960177995322,97.49887233547447,7.493521095485958
493.57500000000044,96.98016643696104,7.535698943362136,97.49892300791024,7.468489793634859
493.6000000000004,96.98016643696104,7.535698943362136,97.48550680270401,7.185858367254984
493.62500000000045,96.9377567031192,7.603378495357793,97.20475498981722,7.570987410801558
493.65000000000043,96.9377567031192,7.603378495357793,97.49864056417906,11.708403857506974
493.67500000000047,96.859187548245,7.642855043894421,96.73287768988983,4.830895546369112
493.70000000000044,96.859187548245,7.642855043894421,96.7427413843423,9.947108440991165
493.7250000000004,96.79569882958783,7.70997106441937,97.49024128067273,11.783519766864227
493.75000000000045,96.79569882958783,7.70997106441937,97.49123236919799,9.829399207212742
493.77500000000043,96.80748747373563,7.839797107521427,97.49989813864177,8.991324325209888
493.80000000000047,96.80748747373563,7.839797107521427,97.49999020693718,12.277988396541808
493.82500000000044,96.97695988652544,7.955174925697571,97.49998217466893,7.639745801732354
493.8500000000004,96.97695988652544,7.955174925697571,97.49999995052039,7.62578280474398
493.87500000000045,97.09539343494438,8.078659379487856,97.49999999999761,7.500015509914893
493.90000000000043,97.09539343494438,8.078659379487856,97.49999999999969,7.501330644796632
493.92500000000047,97.24267309191544,8.322420179321345,97.49999999999999,7.500000230316074
493.95000000000044,97.24267309191544,8.322420179321345,97.5,7.500001816314798
493.9750000000004,97.4219029452919,8.554028665507282,97.49999999999996,7.499999951558568
494.00000000000045,97.4219029452919,8.554028665507282,97.49999999999977,7.4999998646921835
494.02500000000043,97.46114157412416,8.642167217936148,97.49999999999984,7.499999886163788
494.05000000000047,97.46114157412416,8.642167217936148,97.49999999999754,7.499999651717295
494.07500000000044,97.32993500078,8.650464604160096,97.49999999997439,7.4999977464193295
494.1000000000004,97.32993500078,8.650464604160096,97.49999998329784,7.499987893943089
494.12500000000045,97.31232714435104,8.605588057935936,97.49996850394784,7.498255914185882
494.15000000000043,97.31232714435104,8.605588057935936,97.49997838622578,7.401736899793583
494.17500000000047,97.28270874293352,8.558909048906072,97.4993603665416,4.979811294129055
494.20000000000044,97.28270874293352,8.558909048906072,97.49461119308731,2.5904247363974373
494.2250000000004,97.17338974328958,8.652598121187992,97.49961965704597,2.550423314324073
494.25000000000045,97.17338974328958,8.652598121187992,97.4998282837495,2.5408413810426684
494.27500000000043,97.25544207490454,8.769100859754664,97.49885032019387,2.5041174823580485
494.30000000000047,97.25544207490454,8.769100859754664,97.49951506279798,2.5005728832745535
494.32500000000044,97.26383687989662,8.936230826656006,97.4709242468645,2.5000646571380183
494.3500000000004,97.26383687989662,8.936230826656006,97.4995492436294,2.500007870044038
494.37500000000045,97.28491038803756,9.198517182496138,97.49989990468556,2.5004401827213885
494.40000000000043,97.28491038803756,9.198517182496138,97.47016609876626,2.502022762499693
494.42500000000047,97.21256340816151,9.506673662791028,97.4930828143134,2.500061398082798
494.45000000000044,97.21256340816151,9.506673662791028,97.48971831289903,2.5159153212246643
494.4750000000004,97.14659760496022,9.843884488142114,92.80719241962082,11.885172908254
494.50000000000045,97.14659760496022,9.843884488142114,97.43816652816166,2.625927105770989
494.52500000000043,97.0891221483328,10.19044989238109,97.49846049682647,2.510873160656304
494.55000000000047,97.0891221483328,10.19044989238109,97.49987480282127,52.49122069718039
494.57500000000044,97.06898898301615,10.531516751860336,97.49984589959725,6.099711353491364
494.6000000000004,97.06898898301615,10.531516751860336,97.4999604013255,7.510126317661594
494.62500000000045,96.97205631936338,10.783192117666692,97.49998683858657,7.808938922367389
494.65000000000043,96.97205631936338,10.783192117666692,97.49999904919808,7.507330283951245
494.67500000000047,96.81354222574444,11.012839780744834,97.49999912206434,7.5068381908172865
494.70000000000044,96.81354222574444,11.012839780744834,97.49999578198945,7.5000283511810935
494.7250000000004,96.69632374163092,11.213314337912754,97.49999999966543,7.500007590835214
494.75000000000045,96.69632374163092,11.213314337912754,97.4999999998714,7.500009866791706
494.77500000000043,96.67972283332284,11.47582647038727,97.4999999997048,7.500000079756677
494.80000000000047,96.67972283332284,11.47582647038727,97.49999999995276,7.5002496130663205
494.82500000000044,96.6631986463724,11.720724090122747,97.49999999999912,7.500929200681766
494.8500000000004,96.6631986463724,11.720724090122747,97.49999999999993,7.5000152355140495
494.87500000000045,96.75479750911032,12.036314644633933,97.49999999999919,7.500001657442233
494.90000000000043,96.75479750911032,12.036314644633933,97.49999999999045,7.500000750202004
494.92500000000047,96.82814106307444,12.357829359353932,97.49999999833939,7.500008922127351
494.95000000000044,96.82814106307444,12.357829359353932,97.49999992008999,7.504052399670575
494.9750000000004,96.82767282564032,12.63964047485619,97.49996719815373,7.571910049228454
495.00000000000045,96.82767282564032,12.63964047485619,97.4999999988176,8.303254192181582
495.02500000000043,96.80699011471098,12.891411306536002,97.49999999977227,7.952483326791013
495.05000000000047,96.80699011471098,12.891411306536002,97.49999998946619,7.494360957029503
495.07500000000044,96.7630519537321,13.175404595079144,97.49999987775391,7.427889978810716
495.1000000000004,96.7630519537321,13.175404595079144,97.49999688009346,7.4898955710800585
495.12500000000045,96.75885691377393,13.582963781831964,97.49999816889324,7.492107282769707
495.15000000000043,96.75885691377393,13.582963781831964,97.49999993664798,7.4985195865732885
495.17500000000047,96.66151729510295,14.164788676046667,97.49999999952563,7.499945416044007
495.20000000000044,96.66151729510295,14.164788676046667,97.49999999951986,7.4999987715389675
495.2250000000004,96.48089326572064,14.728329238040756,97.49999999709642,7.499997737272609
495.25000000000045,96.48089326572064,14.728329238040756,97.3184796200239,7.621009746324854
495.27500000000043,96.32743070043232,15.228950497108872,95.80516507431597,9.191220299289675
495.30000000000047,96.32743070043232,15.228950497108872,97.49266345300771,7.507294376190845
495.32500000000044,96.12450608781316,15.685424302271707,93.8070953609356,11.196846819231373
495.3500000000004,96.12450608781316,15.685424302271707,97.15226032152171,7.849141920711113
495.37500000000045,95.94376186962516,16.016490240782637,94.39570625887032,10.60432948119411
495.40000000000043,95.94376186962516,16.016490240782637,95.67930082482287,9.320717670026898
495.42500000000047,95.89488027793242,16.386886326316457,97.19092858678333,7.718319547130122
495.45000000000044,95.89488027793242,16.386886326316457,97.49065862788659,7.507229138261967
495.4750000000004,95.95198292501355,16.893213500629102,97.33793224685402,7.588075871789658
495.50000000000045,95.95198292501355,16.893213500629102,97.37895437771647,7.560624100843676
495.52500000000043,96.09671670225664,17.530281350658424,96.4583514058751,8.04956039818817
495.55000000000047,96.09671670225664,17.530281350658424,95.98608368772857,8.25835417073135
495.57500000000044,96.2190787194792,18.199972575759933,94.18917333514871,17.0931242845976
495.6000000000004,96.2190787194792,18.199972575759933,97.49304307773906,17.82486156690101
495.62500000000045,96.1291276734706,18.8714244744688,97.48418026693005,21.671493489897973
495.65000000000043,96.1291276734706,18.8714244744688,97.49999433873589,22.4998579554499
495.67500000000047,96.0360002793696,19.36306794461332,97.4999974296551,22.499996018045138
495.70000000000044,96.0360002793696,19.36306794461332,97.49999999978303,22.499919824412505
495.7250000000004,95.97059350856604,19.918773704319022,97.4999999999979,22.499948654070867
495.75000000000045,95.97059350856604,19.918773704319022,97.49999999999538,22.499101831730158
495.77500000000043,95.8489183629808,20.3065554295876,97.4999999999943,22.496850688658984
495.80000000000047,95.8489183629808,20.3065554295876,97.49999999999842,22.499330374121527
495.82500000000044,95.78576634134126,20.69195451594781,97.49999999907631,22.471409289943225
495.8500000000004,95.78576634134126,20.69195451594781,97.49999997288472,22.49969903746666
495.87500000000045,95.75924501399736,21.092395651738947,97.49999999999666,22.499620999967597
495.90000000000043,95.75924501399736,21.092395651738947,97.4999999996928,22.340667134003066
495.92500000000047,95.80623710697914,21.589336670967405,97.49999999986173,22.079699626785864
495.95000000000044,95.80623710697914,21.589336670967405,97.49999999944731,22.495529571772376
495.9750000000004,95.80516202297092,22.01747819544517,97.49999999929202,22.491571136188238
496.00000000000045,95.80516202297092,22.01747819544517,97.4999922325997,22.33244619684435
496.02500000000043,95.8437493799422,22.41030277884281,97.4999999833919,22.433176846682603
496.05000000000047,95.8437493799422,22.41030277884281,97.49999991413203,22.42268413830587
496.07500000000044,96.01936513649332,22.78765498505866,97.49998614019256,22.110937798423464
496.1000000000004,96.01936513649332,22.78765498505866,97.1981919868365,15.90105651013777
496.12500000000045,95.97028750998828,22.975293348116452,97.49877970768162,10.893234582997122
496.15000000000043,95.97028750998828,22.975293348116452,97.494318908261,9.678783707373501
496.17500000000047,95.84379215842218,23.162775229389844,97.49993255991062,7.782871499479684
496.20000000000044,95.84379215842218,23.162775229389844,97.49999997795014,7.514022141800764
496.2250000000004,95.70640392498814,23.370734564253056,97.49999311311105,7.679549855172589
496.25000000000045,95.70640392498814,23.370734564253056,97.49983189506611,9.851656317592983
496.27500000000043,95.5721995137716,23.6480975192654,97.49999889447815,7.914384997968952
496.30000000000047,95.5721995137716,23.6480975192654,97.49947683378339,7.5019729376645765
496.32500000000044,95.54039155033226,24.023923390637663,97.48943861547538,7.54117994421227
496.3500000000004,95.54039155033226,24.023923390637663,97.49985249974877,7.690454098263104
496.37500000000045,95.52372934656862,24.27033963726689,97.47248270410941,7.537203050460814
496.40000000000043,95.52372934656862,24.27033963726689,97.06239236766751,14.694546389353926
496.42500000000047,95.62218749992324,24.478379731878466,96.75544776708523,17.634656824595478
496.45000000000044,95.62218749992324,24.478379731878466,94.75966212547233,11.649095774243758
496.4750000000004,95.8020676675492,24.66466903878175,94.00979211841654,12.749860865126385
496.50000000000045,95.8020676675492,24.66466903878175,97.39632410072926,7.665151175344209
496.52500000000043,95.9428968008956,24.80389152427261,97.49623869785351,7.505633548352475
496.55000000000047,95.9428968008956,24.80389152427261,97.49990825346808,7.501449998955644
496.57500000000044,96.21500993588626,24.985254399520027,97.49999994446836,7.500633058061973
496.6000000000004,96.21500993588626,24.985254399520027,97.4999999942032,7.499997915722749
496.62500000000045,96.51724714597164,25.16011704375782,97.49999999967649,7.500043550522504
496.65000000000043,96.51724714597164,25.16011704375782,97.49999999930881,7.50031076559246
496.67500000000047,96.7275772394441,25.341089789500565,97.49999986364078,11.447989359415915
496.70000000000044,96.7275772394441,25.341089789500565,97.4999999894847,52.30555473613025
496.7250000000004,96.99461741987348,25.533791963489925,97.49999999718469,51.406654374494984
496.75000000000045,96.99461741987348,25.533791963489925,97.49999999903444,52.49724651364891
496.77500000000043,97.30111763659558,25.76866653840245,97.4999999998249,52.472489592699
496.80000000000047,97.30111763659558,25.76866653840245,97.49999999667868,52.23104974344247
496.82500000000044,97.68668802294331,26.062544362807223,97.49999820414884,52.27696510999615
496.8500000000004,97.68668802294331,26.062544362807223,97.49999929523372,52.482975176683496
496.87500000000045,98.04326500994412,26.374849454046075,97.49999999960775,52.49985353021628
496.90000000000043,98.04326500994412,26.374849454046075,97.49999999985414,52.48816649365663
496.92500000000047,98.03976084175254,26.5919237617918,97.49999996989581,52.490467169819325
496.95000000000044,98.03976084175254,26.5919237617918,97.49999998138294,52.2704665977149
496.9750000000004,97.98447550842846,26.876452412521225,97.49999999993189,52.14753751923388
497.00000000000045,97.98447550842846,26.876452412521225,97.49999999972124,51.701871611390295
497.02500000000043,97.9008086600772,27.20445995462744,97.49999999565757,49.44479150469148
497.05000000000047,97.9008086600772,27.20445995462744,97.49999999968631,52.48340034115448
497.07500000000044,97.70677671560068,27.427184520695658,97.49999998807345,52.493732218093726
497.1000000000004,97.70677671560068,27.427184520695658,97.49999999926098,51.45793656380939
497.12500000000045,97.52396372927971,27.670323161422758,97.49999999881987,48.28215920225448
497.15000000000043,97.52396372927971,27.670323161422758,97.49999999822099,52.01919479349536
497.17500000000047,97.29317701320622,27.99001091927916,97.4999999995975,52.26766632318659
497.20000000000044,97.29317701320622,27.99001091927916,97.49999999862413,52.473321298143574
497.2250000000004,96.96390649724628,28.2749107522424,97.49999999667297,52.456700337061505
497.25000000000045,96.96390649724628,28.2749107522424,97.49999998228509,52.36886218892245
497.27500000000043,96.61607272676972,28.60029659814409,97.49999997374931,52.674166474984204
497.30000000000047,96.61607272676972,28.60029659814409,97.4999998531532,53.26794264868791
497.32500000000044,96.25988432816511,29.030075569489014,97.40807010432692,50.11740779192042
497.3500000000004,96.25988432816511,29.030075569489014,97.23583103660783,52.661122834264475
497.37500000000045,95.9782386609927,29.396081907775656,97.40999881165818,23.923450167338586
497.40000000000043,95.9782386609927,29.396081907775656,97.4989315066691,22.508216063660768
497.42500000000047,95.68558477675684,29.54461800754348,97.48945292856834,22.5813441346894
497.45000000000044,95.68558477675684,29.54461800754348,97.19854036212257,24.08959587572657
497.4750000000004,95.43773073030977,29.63602664178065,93.39445931704718,30.853802590612293
497.50000000000045,95.43773073030977,29.63602664178065,92.53257195560668,37.820530768353905
497.52500000000043,95.2018170844915,29.67359321385964,92.75229450206088,35.35194318932314
497.55000000000047,95.2018170844915,29.67359321385964,92.50007482041899,32.50049212314847
497.57500000000044,94.98748127883624,29.70827628508645,92.49999866856139,32.49999574112577
497.6000000000004,94.98748127883624,29.70827628508645,92.49999726851307,32.50084700897812
497.62500000000045,94.7920025317568,29.763794498078905,92.50000270469177,32.52002707765881
497.65000000000043,94.7920025317568,29.763794498078905,92.15575502406564,36.47545213632923
497.67500000000047,94.60411811022225,29.80847363379834,90.5042142446234,28.583000583683486
497.70000000000044,94.60411811022225,29.80847363379834,90.73563362431997,26.963505980332904
497.7250000000004,94.4250417701733,29.882685532385988,88.20525044449178,25.887775995698647
497.75000000000045,94.4250417701733,29.882685532385988,91.93044501367925,27.110174647053906
497.77500000000043,94.2373339107206,29.96214944327405,92.45487012785222,27.527637680641224
497.80000000000047,94.2373339107206,29.96214944327405,92.49962471898888,27.51433679538479
497.82500000000044,94.05264673946434,30.068367200512995,92.49491509566825,31.542804554178968
497.8500000000004,94.05264673946434,30.068367200512995,92.48659084638008,30.662875479435
497.87500000000045,93.77879563216338,30.303438166412505,92.18549040074055,28.233106299517335
497.90000000000043,93.77879563216338,30.303438166412505,92.45683043294659,31.131692739466388
497.92500000000047,93.52231112676672,30.50825703484047,92.05073815180371,30.474590930375395
497.95000000000044,93.52231112676672,30.50825703484047,92.44077954153559,32.10292776651924
497.9750000000004,93.25649312061776,30.752188164475356,92.49089165713687,32.3096971980811
498.00000000000045,93.25649312061776,30.752188164475356,92.31766174030719,32.13342881262111
498.02500000000043,93.0384796316553,30.937428227310708,87.68146506559593,22.902473018825376
498.05000000000047,93.0384796316553,30.937428227310708,87.83112488696051,23.162151959806337
498.07500000000044,92.87154006192226,31.11759224169457,88.94495203931243,22.819547353362353
498.1000000000004,92.87154006192226,31.11759224169457,90.95894869251333,22.551393082567802
498.12500000000045,92.70040086155326,31.31342403836373,92.55662327562304,32.36508201195435
498.15000000000043,92.70040086155326,31.31342403836373,92.93937054891023,32.02982444740209
498.17500000000047,92.54010108014816,31.485352378750797,93.82476391745868,35.36678580139965
498.20000000000044,92.54010108014816,31.485352378750797,93.85675449399535,29.896340754122992
498.2250000000004,92.38092232205264,31.65275727141681,95.12565251035757,27.237915655933307
498.25000000000045,92.38092232205264,31.65275727141681,92.98976902144662,31.509749832912632
498.27500000000043,92.25312860036742,31.974099254554915,92.53131887770549,32.42504424043731
498.30000000000047,92.25312860036742,31.974099254554915,96.21698377497933,42.49417499928599
498.32500000000044,92.168476493523,32.30918272476884,89.15476258399941,56.66210503658954
498.3500000000004,92.168476493523,32.30918272476884,90.15499225921651,52.66305288564564
498.37500000000045,92.0738322085872,32.59544802530111,92.63023959516569,33.08797010490322
498.40000000000043,92.0738322085872,32.59544802530111,89.84002020364042,29.460940967351828
498.42500000000047,91.95478471285364,32.959602009841745,97.4739011064569,52.44078789754351
498.45000000000044,91.95478471285364,32.959602009841745,97.41273520409145,52.832433832699124
498.4750000000004,91.79139024330756,33.28325833635387,97.49191460050744,52.52906829232939
498.50000000000045,91.79139024330756,33.28325833635387,97.49993436408111,52.50027465522496
498.52500000000043,91.71657584926012,33.532090598935326,97.4988253920018,52.51235721658709
498.55000000000047,91.71657584926012,33.532090598935326,97.19497302273143,52.54692340115844
498.57500000000044,91.64471635015252,33.80232660636388,97.11154331901773,52.47819343109857
498.6000000000004,91.64471635015252,33.80232660636388,97.41080168152176,52.49127478160867
498.62500000000045,91.55082802237068,34.193367761229695,97.44704288378541,52.48676307716821
498.65000000000043,91.55082802237068,34.193367761229695,97.45284066572127,52.48088008894592
498.67500000000047,91.44682998231012,34.52196225464622,97.44757257906997,43.666612098278144
498.70000000000044,91.44682998231012,34.52196225464622,96.08316652889947,49.64635463967404
498.7250000000004,91.32144085725156,34.85977204157287,88.03912188190549,28.845155042186025
498.75000000000045,91.32144085725156,34.85977204157287,90.92112190851132,33.90055732535469
498.77500000000043,91.17948432685009,35.20132496423135,93.3740016391326,24.78847825427545
498.80000000000047,91.17948432685009,35.20132496423135,87.60596715339591,27.50822557129606
498.82500000000044,91.05127683315472,35.519287497210115,94.92403066481035,42.10971074232122
498.8500000000004,91.05127683315472,35.519287497210115,96.50156717027929,48.55268674865658
498.87500000000045,90.85927125439991,35.85243910729519,97.05593239237568,50.8054528039113
498.90000000000043,90.85927125439991,35.85243910729519,95.3839332311862,44.33617356557659
498.92500000000047,90.64029364135936,36.16713566192958,97.45148390879172,52.34159951521904
498.95000000000044,90.64029364135936,36.16713566192958,97.49700456652344,52.50899978761592
498.9750000000004,90.48149116884578,36.40822688311594,97.46223206486864,52.61422833149844
499.00000000000045,90.48149116884578,36.40822688311594,97.48491053561519,52.54578045365419
499.02500000000043,90.34413840352396,36.72129229439163,97.47213264095299,52.583785967574215
499.05000000000047,90.34413840352396,36.72129229439163,97.48850183150275,52.536130815107896
499.07500000000044,90.20663752173616,37.099632522601176,97.18917083860741,53.432153101846524
499.1000000000004,90.20663752173616,37.099632522601176,95.48978590522215,58.52828413114976
499.12500000000045,90.02020078881628,37.56032799853494,92.61620110249962,66.61161237107484
499.15000000000043,90.02020078881628,37.56032799853494,92.54557884397668,54.77866875929344
499.17500000000047,89.87853777685616,37.96505426857528,88.3410421357685,33.556550259126695
499.20000000000044,89.87853777685616,37.96505426857528,92.63893008591532,73.5977652315386
499.2250000000004,89.6951284075239,38.27026744970235,92.48338223025036,66.47065274617283
499.25000000000045,89.6951284075239,38.27026744970235,91.62217961536605,64.6021409472276
499.27500000000043,89.47866589920345,38.499240195096405,87.5023444543918,27.521037058833954
499.30000000000047,89.47866589920345,38.499240195096405,87.51429863559224,27.62317323396082
499.32500000000044,89.2706610946812,38.713899110618094,92.87255609747262,71.26387452208813
499.3500000000004,89.2706610946812,38.713899110618094,97.06057792579224,54.18576227567078
499.37500000000045,88.9485608458019,39.04943250626773,97.28517271038136,53.44904356802705
499.40000000000043,88.9485608458019,39.04943250626773,92.65924349357927,75.16822621636712
499.42500000000047,88.47466362418125,39.48572047119757,92.72556852881901,75.08289398296643
499.45000000000044,88.47466362418125,39.48572047119757,92.4997011559681,72.49800583192817
499.4750000000004,88.08846536127322,39.96892802043796,92.27629663828561,73.16240573393395
499.50000000000045,88.08846536127322,39.96892802043796,92.47161830735787,72.57749303580144
499.52500000000043,87.71249763358718,40.36535755083322,92.38167178874627,72.80531500972985
499.55000000000047,87.71249763358718,40.36535755083322,92.38993340451499,72.77475270411479
499.57500000000044,87.26811517322234,40.77900174103208,89.82807032845456,75.21734305057964
499.6000000000004,87.26811517322234,40.77900174103208,87.51235669915067,77.4674266404091
499.62500000000045,86.74154442495016,41.12398070067079,89.46447027895552,71.70211064279036
499.65000000000043,86.74154442495016,41.12398070067079,91.42851612924999,64.37821223148356
499.67500000000047,86.1501518652061,41.400317285035634,92.33794449385474,72.64532260929107
499.70000000000044,86.1501518652061,41.400317285035634,91.91164924621542,73.08828181191815
499.7250000000004,85.61747457245025,41.60517823236881,92.33319878382362,72.66305442024601
499.75000000000045,85.61747457245025,41.60517823236881,92.49959294987262,72.49997067092113
499.77500000000043,84.83185401670622,41.9229396930044,92.50080516872542,72.49663545429816
499.80000000000047,84.83185401670622,41.9229396930044,92.4998613859444,72.49992534130044
499.82500000000044,84.08715745473756,42.18527469676393,92.50006782673476,72.49973332697871
499.8500000000004,84.08715745473756,42.18527469676393,92.50000585619115,72.4999615295039
499.87500000000045,83.4242787430739,42.33009729886011,92.50433882453825,72.48271030973756
499.90000000000043,83.4242787430739,42.33009729886011,92.95835894720926,70.57265429318072
499.92500000000047,83.00044556171207,42.45839413866756,92.81745201668357,70.218091238389
499.95000000000044,83.00044556171207,42.45839413866756,97.39189551737672,47.186621093389796
499.9750000000004,82.35094622879402,42.585997911697234,95.12029300106644,61.09712935289454
500.00000000000045,82.35094622879402,42.585997911697234,92.7450665807102,60.5432345959435
500.02500000000043,81.71576401634637,42.6856599841695,87.74974462839091,23.16119350645574
500.05000000000047,81.71576401634637,42.6856599841695,91.04112724378845,55.56107509128893
500.07500000000044,81.01400437454586,42.79994778629278,78.59723048353294,14.425616960086169
500.1000000000004,81.01400437454586,42.79994778629278,91.86208703717278,40.437921324414205
500.12500000000045,80.10668258738053,43.12491636638661,77.09665708829277,51.91475364263869
500.15000000000043,80.10668258738053,43.12491636638661,69.31437359033654,49.31384601768983
500.17500000000047,79.55035690238688,43.491391929409176,92.49946432870833,72.4994345768851
500.20000000000044,79.55035690238688,43.491391929409176,92.50000174637046,72.49997439506734
500.2250000000004,78.9811616086593,43.89912848675285,81.53205100547072,61.531401999817334
500.25000000000045,78.9811616086593,43.89912848675285,62.50482688736513,42.50482414355076
500.27500000000043,78.59828509459817,44.1644295233858,63.667715766758256,43.52425163743122
500.30000000000047,78.59828509459817,44.1644295233858,63.01905758969886,43.0177968148339
500.32500000000044,78.1593495704617,44.48402300651361,62.50231889653266,42.502265867429436
500.3500000000004,78.1593495704617,44.48402300651361,62.52578546743717,42.533573193284745
500.37500000000045,77.95023943002103,44.76106915687853,62.500013678601675,42.50000359494539
500.40000000000043,77.95023943002103,44.76106915687853,62.825963443687606,42.610186079164684
500.42500000000047,77.7045432872228,45.09302615972848,62.500248002767634,42.5000707849927
500.45000000000044,77.7045432872228,45.09302615972848,62.5008119509418,42.50079297300806
500.4750000000004,77.31777983622756,45.51137958999594,62.50238013593854,42.50211567105493
500.50000000000045,77.31777983622756,45.51137958999594,62.60231817808333,42.593646198870076
500.52500000000043,76.65529257405609,46.07253715266739,62.50001065246239,42.500367817076686
500.55000000000047,76.65529257405609,46.07253715266739,62.49948236482983,42.50894016450565
500.57500000000044,75.8626620994656,46.65265288398307,62.48831298292236,42.515982724077475
500.6000000000004,75.8626620994656,46.65265288398307,62.57373155735744,42.65927480378517
500.62500000000045,75.14392940408075,47.113658351414415,62.521875965667576,42.53283436364148
500.65000000000043,75.14392940408075,47.113658351414415,62.50016220834261,42.50020081776697
500.67500000000047,74.6009784220779,47.68888848093026,68.16042838222175,50.411232591352736
500.70000000000044,74.6009784220779,47.68888848093026,62.50099359469242,42.50105001618881
500.7250000000004,74.17690719292824,48.182194282411054,62.50490985330059,42.50491121244008
500.75000000000045,74.17690719292824,48.182194282411054,62.812993743029786,42.81392933432149
500.77500000000043,73.77482376028006,48.728423994490655,64.29122837947396,44.294172390319396
500.80000000000047,73.77482376028006,48.728423994490655,62.51577085928,42.516328107288246
500.82500000000044,73.3128093379884,49.22784731066777,76.0006952766377,56.000976469069975
500.8500000000004,73.3128093379884,49.22784731066777,91.60308238825961,71.60302867939016
500.87500000000045,72.88238001988904,49.71635731113434,92.49741905156199,72.49700871949342
500.90000000000043,72.88238001988904,49.71635731113434,92.36389507375793,72.364086778901
500.92500000000047,72.48063444100123,50.22980460009694,62.4800750840039,42.398886644066806
500.95000000000044,72.48063444100123,50.22980460009694,62.4816343562529,45.886964100847955
500.9750000000004,72.30517042889115,50.96447366838236,62.4971363936297,47.38511138474966
501.00000000000045,72.30517042889115,50.96447366838236,62.49941994124238,44.76576606379756
501.02500000000043,72.35587657415945,51.76745542926824,62.494729360274455,42.87266588141866
501.05000000000047,72.35587657415945,51.76745542926824,62.4973049581113,42.51089431052807
501.07500000000044,72.50590587033766,52.41686857448424,62.49999718573978,42.757063523269125
501.1000000000004,72.50590587033766,52.41686857448424,62.50000829429124,42.501479885539275
501.12500000000045,72.56906372771664,52.93507510803105,62.54263816584134,42.545424461405325
501.15000000000043,72.56906372771664,52.93507510803105,92.44318288297278,72.44456212432499
501.17500000000047,72.6118542142936,53.50978009701685,92.49422153311328,72.49428203592727
501.20000000000044,72.6118542142936,53.50978009701685,92.49996816544802,72.49995392963127
501.2250000000004,72.67514233137221,54.12913723227888,92.49997556494989,72.49994306258671
501.25000000000045,72.67514233137221,54.12913723227888,92.50019990994917,72.49959430779809
501.27500000000043,72.69601201501065,54.705408951061344,92.50002560738125,72.49994736330905
501.30000000000047,72.69601201501065,54.705408951061344,92.50000095193366,72.49999845066718
501.32500000000044,72.80156961823756,55.352288660510254,92.50003200915798,72.49992363021379
501.3500000000004,72.80156961823756,55.352288660510254,92.14963094642154,72.0288504913417
501.37500000000045,72.92151681353258,55.937938726967,94.31505418826023,55.070404753361814
501.40000000000043,72.92151681353258,55.937938726967,57.57498862074716,32.58256715521484
501.42500000000047,73.05946108417515,56.51759771335435,71.2480537002953,38.86101647623594
501.45000000000044,73.05946108417515,56.51759771335435,68.93011858477747,37.54817729452646
501.4750000000004,73.05431125880862,56.9921906984298,70.21701014732204,47.0202309061321
501.50000000000045,73.05431125880862,56.9921906984298,64.67170887746352,45.38517814474265
501.52500000000043,72.99772139813663,57.45293471630897,62.371436194200754,42.24306896070769
501.55000000000047,72.99772139813663,57.45293471630897,62.49628442725135,42.4964039880085
501.57500000000044,72.89484729712225,58.01312617655127,64.37787678436754,48.665755320938025
501.6000000000004,72.89484729712225,58.01312617655127,62.531043301741605,44.76838034768802
501.62500000000045,72.83369485548555,58.54703958300974,62.50108961130555,46.52228990504976
501.65000000000043,72.83369485548555,58.54703958300974,62.50019098386951,46.95034147647875
501.67500000000047,72.65532027261492,58.98544290041991,62.500023110074906,47.39379346848041
501.70000000000044,72.65532027261492,58.98544290041991,62.50000512069989,47.49994058544448
501.7250000000004,72.58371974401648,59.390243560890376,62.49905775188214,47.49387316383589
501.75000000000045,72.58371974401648,59.390243560890376,62.49962579864209,46.27596313399888
501.77500000000043,72.59317597936855,59.822792621652574,62.83753812022826,47.53787239139291
501.80000000000047,72.59317597936855,59.822792621652574,90.30224781470592,70.6456711446948
501.82500000000044,72.60440267114785,60.176511753763975,75.74309743419336,56.61801736090755
501.8500000000004,72.60440267114785,60.176511753763975,62.500202065666755,42.502549384044016
501.87500000000045,72.62004712164686,60.508594110794135,62.49948236546948,42.5010015749122
501.90000000000043,72.62004712164686,60.508594110794135,62.49991096733485,42.50011888713203
501.92500000000047,72.54129320722517,60.78094324123875,62.46444559983114,42.54741592675628
501.95000000000044,72.54129320722517,60.78094324123875,62.33406595968551,42.721272586358154
501.9750000000004,72.42684977305963,61.0105006686824,62.94856769766767,43.46759434151698
502.00000000000045,72.42684977305963,61.0105006686824,86.49691428909955,94.45929850108222
502.02500000000043,72.3150310477528,61.16203713608211,66.30950249821068,50.65968551209486
502.05000000000047,72.3150310477528,61.16203713608211,64.31377395883888,45.68057059432016
502.07500000000044,72.2159688140112,61.3486450985364,62.73247959061876,42.825498332665966
502.1000000000004,72.2159688140112,61.3486450985364,68.15871464817346,50.42363902278051
502.12500000000045,72.14515033576565,61.463320760139375,62.55227966138632,42.573713863353376
502.15000000000043,72.14515033576565,61.463320760139375,64.90084800214782,45.274521183737875
502.17500000000047,72.08645064065931,61.5642596933526,62.749587787712244,42.84909966194509
502.20000000000044,72.08645064065931,61.5642596933526,86.46659817425724,77.1481379497969
502.2250000000004,72.02722265294402,61.66041616842728,78.10738638065705,80.77426509808576
502.25000000000045,72.02722265294402,61.66041616842728,60.67464774645527,54.029236464038306
502.27500000000043,71.94123671383969,61.74937960553898,89.8377656920968,73.3822356864902
502.30000000000047,71.94123671383969,61.74937960553898,52.96549315501915,57.57563531273168
502.32500000000044,71.83904010499643,61.83257235401531,92.30057019786027,67.76535005466168
502.3500000000004,71.83904010499643,61.83257235401531,92.49452246338902,72.50444479351091
502.37500000000045,71.69841925826468,61.91442437830159,92.36333517211848,73.17487535790261
502.40000000000043,71.69841925826468,61.91442437830159,92.4995836791506,72.501474939127
502.42500000000047,71.48267528023166,62.040707275587295,92.4999811566373,72.50008918295224
502.45000000000044,71.48267528023166,62.040707275587295,92.49991280098723,72.49999128924813
502.4750000000004,71.24911937928172,62.239609475418334,92.4985276812869,72.49882118253836
502.50000000000045,71.24911937928172,62.239609475418334,92.4993898470432,72.50226713209824
502.52500000000043,71.09251834105005,62.37787583434805,90.43184181605844,71.39361063091152
502.55000000000047,71.09251834105005,62.37787583434805,92.26672054757775,72.41497666697792
502.57500000000044,70.92922522915384,62.53116425994295,92.2612680275816,72.99265776907811
502.6000000000004,70.92922522915384,62.53116425994295,86.84795351287511,76.0281360438967
502.62500000000045,70.73369466953197,62.75845044994889,91.20080931207654,73.70205772357639
502.65000000000043,70.73369466953197,62.75845044994889,81.93583777399394,96.53890861268351
502.67500000000047,70.6085947688487,62.94149643255652,80.19451104449398,96.29828366256967
502.70000000000044,70.6085947688487,62.94149643255652,47.45340558424955,64.11503704544975
502.7250000000004,70.5378899664417,63.185173433837335,46.76989113742851,64.69785792609238
502.75000000000045,70.5378899664417,63.185173433837335,47.59008504203298,62.58059594035613
502.77500000000043,70.4763492797397,63.49328581455942,68.63827224438255,80.78490698448249
502.80000000000047,70.4763492797397,63.49328581455942,47.504637861779315,62.50204729094714
502.82500000000044,70.46214358015466,63.62512526886333,81.93742976509506,95.54939847151955
502.8500000000004,70.46214358015466,63.62512526886333,87.54441652413283,97.3618332668727
502.87500000000045,70.44401616203133,63.79838168709961,88.26145940693024,93.66177885725742
502.90000000000043,70.44401616203133,63.79838168709961,92.47691058764846,72.56549270412916
502.92500000000047,70.44683349989585,63.95828663587658,92.47756554943136,72.52579453886521
502.95000000000044,70.44683349989585,63.95828663587658,91.964618195257,75.08224029890478
502.9750000000004,70.4529116391422,64.1503770233255,92.44655136259763,72.76994596662651
503.00000000000045,70.4529116391422,64.1503770233255,92.49719409346265,72.52993097565799
503.02500000000043,70.47001971777064,64.40704652034339,92.40862006406736,73.10077376496942
503.05000000000047,70.47001971777064,64.40704652034339,91.28230790175333,79.20625961484258
503.07500000000044,70.49037454406884,64.5726506300598,85.59420302006568,70.55269321445064
503.1000000000004,70.49037454406884,64.5726506300598,91.8583195557996,68.08751601145529
503.12500000000045,70.53877494251097,64.85010852297025,92.96326892440398,82.1760890697037
503.15000000000043,70.53877494251097,64.85010852297025,87.6356293811181,84.96601798088814
503.17500000000047,70.60505754910551,65.2017569459192,87.54043965163063,95.00244211768374
503.20000000000044,70.60505754910551,65.2017569459192,84.54691490369392,89.10886131471565
503.2250000000004,70.61113137273087,65.51233629244989,83.08338734962389,95.8870992176923
503.25000000000045,70.61113137273087,65.51233629244989,52.53850266499791,57.526522868966914
503.27500000000043,70.58379210325721,65.77199740459947,52.50573887956563,57.50396495145785
503.30000000000047,70.58379210325721,65.77199740459947,59.22863099088388,50.80835515275401
503.32500000000044,70.55127824467284,66.0449439635456,62.50000604348622,47.500008990955415
503.3500000000004,70.55127824467284,66.0449439635456,62.499273099502794,47.50153460105176
503.37500000000045,70.52962290492324,66.31372374893888,62.49447543924632,47.485678019953625
503.40000000000043,70.52962290492324,66.31372374893888,62.502217067265285,47.47285701755103
503.42500000000047,70.56909545642328,66.54764501603391,62.50000932028462,47.49912978895269
503.45000000000044,70.56909545642328,66.54764501603391,62.50106539527118,47.500939993898115
503.4750000000004,70.67116295768771,66.82574672527566,62.572861840010184,47.570425628591224
503.50000000000045,70.67116295768771,66.82574672527566,63.07676403250851,42.985646878083955
503.52500000000043,70.80312698621222,67.13322592190208,64.18249935793439,45.17175906731579
503.55000000000047,70.80312698621222,67.13322592190208,63.83354876564892,45.05072038819694
503.57500000000044,70.98574992079179,67.59091029062755,62.504926032828955,42.580690333241925
503.6000000000004,70.98574992079179,67.59091029062755,94.78281572632685,60.295607032805705
503.62500000000045,71.21133385266691,68.05802705762783,95.52839066166396,58.75947277697665
503.65000000000043,71.21133385266691,68.05802705762783,53.34963384551695,57.45243722229266
503.67500000000047,71.38834778396514,68.45478663672382,96.1253415818271,60.25667687841109
503.70000000000044,71.38834778396514,68.45478663672382,91.5298458581022,69.57532922876506
503.7250000000004,71.63288305165607,69.10217382461883,92.39359355022171,72.60287960765815
503.75000000000045,71.63288305165607,69.10217382461883,88.2734217897623,76.72494293621793
503.77500000000043,71.87278498062211,69.78282115582114,88.03541912648514,76.96444516686152
503.80000000000047,71.87278498062211,69.78282115582114,87.73634959395204,77.25136764579332
503.82500000000044,72.1482367695238,70.38951392788378,87.70524797878853,77.29317406374292
503.8500000000004,72.1482367695238,70.38951392788378,89.2904585111261,75.70810736341035
503.87500000000045,72.39981951381333,70.89924272951433,87.50370425785412,77.496213827596
503.90000000000043,72.39981951381333,70.89924272951433,87.50008215227959,77.49991517132018
503.92500000000047,72.68307370336684,71.30487610442367,87.50000108282806,77.49999841977613
503.95000000000044,72.68307370336684,71.30487610442367,87.50000259361303,77.49999717196295
503.9750000000004,73.0009639374165,71.69775809910122,87.50000044373466,77.49999948568494
504.00000000000045,73.0009639374165,71.69775809910122,87.50036153659929,77.49963826014623
504.02500000000043,73.31194698731474,72.0889166227266,87.5001184278992,77.49988137241995
504.05000000000047,73.31194698731474,72.0889166227266,87.51738607483797,77.48263206350913
504.07500000000044,73.52667910170364,72.3489147174152,87.52152761181804,77.47848013881884
504.1000000000004,73.52667910170364,72.3489147174152,90.40846993450663,74.60367985292044
504.12500000000045,73.66603009628658,72.60551362148875,92.50100741635453,72.5877446997175
504.15000000000043,73.66603009628658,72.60551362148875,92.49994837532564,72.56186407969204
504.17500000000047,73.76136595433769,72.80193269670117,92.45984935282952,73.09952032299796
504.20000000000044,73.76136595433769,72.80193269670117,91.22560944241594,84.35274837460648
504.2250000000004,73.9111128800577,73.11648738131915,92.43441445759777,82.64531534861806
504.25000000000045,73.9111128800577,73.11648738131915,92.49249187842288,83.02392716815694
504.27500000000043,74.15083881600928,73.58644820095265,92.50091440217878,82.68965546912312
504.30000000000047,74.15083881600928,73.58644820095265,92.47183385064753,88.488839952024
504.32500000000044,74.36370090619161,74.02375649333588,92.50762456097291,93.3247854039689
504.3500000000004,74.36370090619161,74.02375649333588,92.464577194553,82.13604233846598
504.37500000000045,74.5974080250441,74.46321579598563,87.5003912804807,77.50044138110762
504.40000000000043,74.5974080250441,74.46321579598563,87.50022478420881,77.5003092770918
504.42500000000047,74.86137666922859,74.98128258414548,87.50078321839605,77.50153492342871
504.45000000000044,74.86137666922859,74.98128258414548,89.29626706348286,80.78798792315813
504.4750000000004,75.00865105369309,75.48060284328575,87.53749963121972,77.60036186249656
504.50000000000045,75.00865105369309,75.48060284328575,87.76593352276312,78.59215697033939
504.52500000000043,75.20499092306848,75.93386567468828,88.08546028240026,84.9702112338322
504.55000000000047,75.20499092306848,75.93386567468828,87.51971489719648,77.60247788742255
504.57500000000044,75.34124441037636,76.43040164747197,87.53244714605563,77.59635952077632
504.6000000000004,75.34124441037636,76.43040164747197,89.38630368773103,96.32489414685331
504.62500000000045,75.34049145989044,76.88964886377758,88.118033936079,93.26305143707664
504.65000000000043,75.34049145989044,76.88964886377758,87.56737273428999,97.25240477363296
504.67500000000047,75.27831875599962,77.35650287172513,92.32038160594394,73.47141948681238
504.70000000000044,75.27831875599962,77.35650287172513,87.60604187731748,77.39830266578257
504.7250000000004,75.23879908138554,77.69030109298956,87.5039023868459,78.04351071797234
504.75000000000045,75.23879908138554,77.69030109298956,88.58801322055106,91.92161622339819
504.77500000000043,75.21063553007707,77.96542847252434,73.19239053104471,85.97556212524873
504.80000000000047,75.21063553007707,77.96542847252434,87.57430430257592,96.87613635854547
504.82500000000044,75.18989344465564,78.43690572998801,78.13671034519771,95.04385670200082
504.8500000000004,75.18989344465564,78.43690572998801,85.29076090076165,79.46266658387343
504.87500000000045,75.27989104560949,78.81956292598672,87.3390311236187,85.83044698370678
504.90000000000043,75.27989104560949,78.81956292598672,86.52566997841373,82.02168182897935
504.92500000000047,75.49093754653586,79.19729939705525,88.89727831719684,87.8251909206615
504.95000000000044,75.49093754653586,79.19729939705525,90.50734048644792,82.52106782724917
504.9750000000004,75.72958458785781,79.56302680842569,92.49547793434311,72.54020741105462
505.00000000000045,75.72958458785781,79.56302680842569,89.44217837499164,79.36401850046937
505.02500000000043,75.99171688472839,79.99295185578738,87.5504679176385,77.55037291014085
505.05000000000047,75.99171688472839,79.99295185578738,91.77823367177497,81.7652993601488
505.07500000000044,76.24934229805628,80.4224946672991,92.4996905863127,82.36262935615365
505.1000000000004,76.24934229805628,80.4224946672991,92.49761218401885,82.4098702008461
505.12500000000045,76.60750147138074,80.95056109912575,90.06728836705707,88.15601456177805
505.15000000000043,76.60750147138074,80.95056109912575,92.03139136322694,92.19228241740832
505.17500000000047,76.99268883597668,81.49617300731097,87.63503500132562,97.17907292936434
505.20000000000044,76.99268883597668,81.49617300731097,87.80349324574125,97.49353683264546
505.2250000000004,77.28468643917846,82.13517864061154,87.56265288976127,97.49997607410252
505.25000000000045,77.28468643917846,82.13517864061154,87.58151824586845,97.49997980275425
505.27500000000043,77.60539694059747,82.89635602244292,87.71012729446545,97.49899972165767
505.30000000000047,77.60539694059747,82.89635602244292,87.65498185295527,97.4999739631054
505.32500000000044,77.9546444270135,83.76870604247532,88.33724529421877,97.49908329501638
505.3500000000004,77.9546444270135,83.76870604247532,87.53413208433547,97.49951355300715
505.37500000000045,78.35804183894214,84.65472989822888,88.23476012263255,97.49999639420568
505.40000000000043,78.35804183894214,84.65472989822888,87.7492889463865,97.49998204389149
505.42500000000047,78.94039578377793,85.38221453984164,89.36355343267401,97.4965271767063
505.45000000000044,78.94039578377793,85.38221453984164,88.46373932006182,95.79503592786472
505.4750000000004,79.48084835738264,85.82424553149036,92.49731232044186,82.51464005596007
505.50000000000045,79.48084835738264,85.82424553149036,92.49702742366316,82.5171121921885
505.52500000000043,79.9655492009427,86.11191747881496,92.49902720840979,82.54117627545703
505.55000000000047,79.9655492009427,86.11191747881496,92.49909103990774,82.5374104539312
505.57500000000044,80.42128102081556,86.25050500027507,92.49999351193782,82.50015167455635
505.6000000000004,80.42128102081556,86.25050500027507,92.50013993904028,82.50029776610819
505.62500000000045,80.89072143762036,86.27143576349869,92.50112946833488,82.50229934442925
505.65000000000043,80.89072143762036,86.27143576349869,94.18630421687455,85.87853787281516
505.67500000000047,81.2191356021669,86.22081251994139,94.94844639400297,87.40412191179787
505.70000000000044,81.2191356021669,86.22081251994139,97.27389225581939,92.21332032683182
505.7250000000004,81.44824683593114,86.1463150905053,97.49519592046006,91.3975715627661
505.75000000000045,81.44824683593114,86.1463150905053,97.49947095020347,89.64555156226416
505.77500000000043,81.69532468748197,86.10801877936922,97.4999322986666,87.55238556321889
505.80000000000047,81.69532468748197,86.10801877936922,97.49988087046476,87.53290623456063
505.82500000000044,81.9110828509993,86.10904771198024,97.49997584512136,87.55608766763517
505.8500000000005,81.9110828509993,86.10904771198024,97.49978875316133,87.5618802552432
505.87500000000045,82.1542133385505,86.1119273868403,97.38793016767269,88.64695156083057
505.90000000000043,82.1542133385505,86.1119273868403,95.4678096599111,92.07076008445736
505.92500000000047,82.3596597019984,86.12274563536991,94.66812195981579,92.35472105355518
505.95000000000044,82.3596597019984,86.12274563536991,97.2704999502118,88.00028118772316
505.9750000000005,82.58986334167757,86.1633943997503,95.23274973736407,89.98405235553865
506.00000000000045,82.58986334167757,86.1633943997503,96.34107471318872,88.7150478519076
506.02500000000043,82.73367302479528,86.20665648591168,96.94316897899344,89.17488930809229
506.05000000000047,82.73367302479528,86.20665648591168,97.2783640868905,87.98593467819308
506.07500000000044,82.86190563730244,86.25900041424298,94.86194399854418,91.75498374870222
506.1000000000005,82.86190563730244,86.25900041424298,93.65009127719891,91.53018761731552
506.12500000000045,82.9885378024043,86.32519794263783,94.26071950766833,81.61261886281201
506.15000000000043,82.9885378024043,86.32519794263783,89.55057863927597,78.38335233158513
506.17500000000047,83.15018562037771,86.35928353801123,91.33891243903136,77.580338681564
506.20000000000044,83.15018562037771,86.35928353801123,92.11331899733457,90.99004000984542
506.2250000000005,83.32626963398474,86.39270491069968,92.80348786462035,92.4954268111108
506.25000000000045,83.32626963398474,86.39270491069968,93.23414017683803,92.49399997984729
506.27500000000043,83.54464909469748,86.42672647975161,92.55541794758452,92.24246775671071
506.30000000000047,83.54464909469748,86.42672647975161,92.5762074439242,91.14258747421812
506.32500000000044,83.83860252181435,86.52730232672924,92.70166910829687,92.28843552046199
506.3500000000005,83.83860252181435,86.52730232672924,92.74241261585486,92.44310837023569
506.37500000000045,84.0970220445546,86.68558938753137,94.24816210955495,91.02231269155186
506.40000000000043,84.0970220445546,86.68558938753137,92.57651763829527,87.71032156965066
506.42500000000047,84.33442853102633,86.8744723244329,92.62417604716342,87.93277035742526
506.45000000000044,84.33442853102633,86.8744723244329,92.77897615658584,88.84285217875868
506.4750000000005,84.58088625628493,87.07208112276582,92.53247435385349,87.56188014120615
506.50000000000045,84.58088625628493,87.07208112276582,92.50984386932205,87.63511537106348
506.52500000000043,84.94406212605494,87.38426771947397,92.5092846706431,87.68286883830433
506.55000000000047,84.94406212605494,87.38426771947397,92.68393359487716,90.0159452624015
506.57500000000044,85.28610793756792,87.75852533236146,92.50124634023351,90.38494519967655
506.6000000000005,85.28610793756792,87.75852533236146,92.49979593223766,88.0152295447062
506.62500000000045,85.71355182147165,88.09525465928625,92.4963360802877,93.17352457020976
506.65000000000043,85.71355182147165,88.09525465928625,92.51613385765674,93.07884851879467
506.67500000000047,86.21659277520814,88.39742198745533,92.70197744747021,92.70717278535338
506.70000000000044,86.21659277520814,88.39742198745533,92.68749365454853,93.61770198415019
506.7250000000005,86.80380726567513,88.65289053646558,92.57007654737822,92.84151967536563
506.75000000000045,86.80380726567513,88.65289053646558,92.55717440290427,92.56569330632244
506.77500000000043,87.59019389718907,88.91528579911603,92.79442822614403,92.93544308391203
506.80000000000047,87.59019389718907,88.91528579911603,92.7302381913914,92.68671681030594
506.82500000000044,88.42082092379727,89.3330797062348,96.09051811643806,92.45875124195734
506.8500000000005,88.42082092379727,89.3330797062348,96.51675284483603,92.48929783428862
506.87500000000045,89.23117182094987,89.91384120546054,93.9452114284421,92.21273977563747
506.90000000000043,89.23117182094987,89.91384120546054,97.23591662894276,92.27517577862932
506.92500000000047,90.04641590860338,90.71145733354612,96.89042390408746,92.37171240202419
506.95000000000044,90.04641590860338,90.71145733354612,97.36702926225644,92.45181521390859
506.9750000000005,90.83281800194108,91.50969268365924,97.45001148810618,92.4820025360951
507.00000000000045,90.83281800194108,91.50969268365924,97.2675174759441,92.09716188983256
507.02500000000043,91.30090792184208,92.2860828513955,97.27369879167546,92.28835948685094
507.05000000000047,91.30090792184208,92.2860828513955,97.23396405903854,92.91833520995499
507.07500000000044,91.63634086427402,93.03736863352128,96.77222633323471,93.14674874388471
507.1000000000005,91.63634086427402,93.03736863352128,92.09430723177101,97.34181179725817
507.12500000000045,91.85103159203074,93.78742117612671,91.93474659092645,97.49695233163587
507.15000000000043,91.85103159203074,93.78742117612671,92.39877904883124,97.49996215455782
507.17500000000047,92.02496192549496,94.595985795092,93.91580195451694,97.49996163123373
507.20000000000044,92.02496192549496,94.595985795092,92.46938743794152,97.49999960965755
507.2250000000005,92.08454735254874,95.06288192337212,92.23621257603806,97.49999948603785
507.25000000000045,92.08454735254874,95.06288192337212,92.46945603123557,97.4999999805963
507.27500000000043,92.17729154462558,95.54886329188462,92.40498032598073,97.49999999635992
507.30000000000047,92.17729154462558,95.54886329188462,92.47098560699493,97.49999999551457
507.32500000000044,92.2214680560236,95.94581024463864,92.28234232254354,97.49999999782081
507.3500000000005,92.2214680560236,95.94581024463864,92.4165420935496,97.49999992235139
507.37500000000045,92.37183669194653,96.360709270161,92.02887341432655,97.49999535397323
507.40000000000043,92.37183669194653,96.360709270161,88.64416826871012,97.4999806013717
507.42500000000047,92.64021518921336,96.7616114172613,87.67376359504433,97.49999261670749
507.45000000000044,92.64021518921336,96.7616114172613,88.45811576706944,97.49995112681779
507.4750000000005,92.90381150706628,96.8744282669649,90.69556673670196,97.49999651959583
507.50000000000045,92.90381150706628,96.8744282669649,89.7987469875176,97.49996419820467
507.52500000000043,93.20089131759876,96.8766577756213,90.40900661114647,97.49988616573117
507.55000000000047,93.20089131759876,96.8766577756213,89.8443515115481,97.49984615217245
507.57500000000044,93.56503769282055,96.79198636899386,97.11179178106146,97.49991344434835
507.6000000000005,93.56503769282055,96.79198636899386,97.45834844151936,97.4999688331881
507.62500000000045,93.8615485051034,96.56422698121662,97.27704729814755,97.49996691988447
507.65000000000043,93.8615485051034,96.56422698121662,97.38373837291914,97.49996676135072
507.67500000000047,94.04824422977175,96.28469149058785,97.4953057283713,97.49996074092098
507.70000000000044,94.04824422977175,96.28469149058785,97.48730519990812,97.49995484506141
507.7250000000005,94.25146245847507,96.00557440695609,97.48552717347724,97.38039642782346
507.75000000000045,94.25146245847507,96.00557440695609,96.96565421149992,95.66930136296088
507.77500000000043,94.43497690396188,95.76983907017824,97.28750670123787,94.58584920786333
507.80000000000047,94.43497690396188,95.76983907017824,97.42762577425208,92.69833732416127
507.82500000000044,94.82005669273371,95.5444196462938,97.40801671788226,92.50518716029474
507.8500000000005,94.82005669273371,95.5444196462938,97.44978898299532,92.50034240986304
507.87500000000045,95.1471089621766,95.26951872747914,97.4962040170413,92.50005010884865
507.90000000000043,95.1471089621766,95.26951872747914,97.49989367520587,92.50003592063584
507.92500000000047,95.35560180786686,94.94786143453376,97.49925466385109,92.50092207189599
507.95000000000044,95.35560180786686,94.94786143453376,97.49986908843255,92.50019322489304
507.9750000000005,95.47393137694024,94.645453462725,97.49947006248696,92.50068269351773
508.00000000000045,95.47393137694024,94.645453462725,97.49998957643125,92.50005905583203
508.02500000000043,95.63949916085204,94.3424974267225,97.49999649067192,92.50116063418007
508.05000000000047,95.63949916085204,94.3424974267225,97.49984715657865,92.50794710164377
508.07500000000044,95.88088015715223,94.03205025747712,97.49938544137706,92.49988195245768
508.1000000000005,95.88088015715223,94.03205025747712,97.49995934372008,92.50035868954099
508.12500000000045,96.09927346594633,93.73546759922104,97.49955788793743,92.40456299593771
508.15000000000043,96.09927346594633,93.73546759922104,97.4993648199282,92.4849930719064
508.17500000000047,96.24588262746406,93.50198452435416,97.49999335221507,92.48921720199839
508.20000000000044,96.24588262746406,93.50198452435416,97.4999995586262,92.49973084172991
508.2250000000005,96.25959095718568,93.24294258561063,97.49999988764228,92.50053592683219
508.25000000000045,96.25959095718568,93.24294258561063,97.4999984780266,92.5041255822144
508.27500000000043,96.15892104644092,92.93371237801888,97.49998362692031,92.49825898365775
508.30000000000047,96.15892104644092,92.93371237801888,97.49999987033145,92.4801943132442
508.32500000000044,96.05285488545046,92.59663148012586,97.4999964484035,92.44156578221923
508.3500000000005,96.05285488545046,92.59663148012586,97.49985269826145,92.36814329574538
508.37500000000045,95.93948593580444,92.2043886624338,97.49999464822197,92.14253559303907
508.40000000000043,95.93948593580444,92.2043886624338,97.49999889205316,92.26497643728156
508.42500000000047,95.85653857883749,91.7829610333998,97.49999830241106,89.62376676287802
508.45000000000044,95.85653857883749,91.7829610333998,97.4999880848472,92.32175065461989
508.4750000000005,95.7805143197543,91.4126106096422,97.49996195711307,91.43781281624032
508.50000000000045,95.7805143197543,91.4126106096422,97.49889228561028,90.3041397578426
508.52500000000043,95.8094215553186,90.90802006779003,97.49990402883022,92.18143544336081
508.55000000000047,95.8094215553186,90.90802006779003,97.49893258184886,92.49639720488933
508.57500000000044,95.84669982377578,90.5690014423803,97.49995792726955,92.49976554820584
508.6000000000005,95.84669982377578,90.5690014423803,97.49999224818262,92.49986400877624
508.62500000000045,95.97935422566688,90.2529423178952,97.49991573788137,92.49914294213718
508.65000000000043,95.97935422566688,90.2529423178952,97.49995704070943,92.49733499106623
508.67500000000047,96.1130385691694,89.98274115495477,97.49992535508588,92.49761449251862
508.70000000000044,96.1130385691694,89.98274115495477,97.49939757685954,92.49551121807895
508.7250000000005,96.2290047786779,89.73634885264129,97.49632939902052,92.47738374181327
508.75000000000045,96.2290047786779,89.73634885264129,97.49835983514099,92.41579033352427
508.77500000000043,96.40453631378448,89.45244308454983,97.49935027154989,92.42698695254664
508.80000000000047,96.40453631378448,89.45244308454983,97.49999612358218,91.82346192766136
508.82500000000044,96.5843113423526,89.22531809438819,97.49723532768662,87.71255312412751
508.8500000000005,96.5843113423526,89.22531809438819,96.77697848277707,88.02784389230328
508.87500000000045,96.78714958298478,89.0842128301466,97.49766662681014,92.4030912795219
508.90000000000043,96.78714958298478,89.0842128301466,97.49981482832244,91.64169882772795
508.92500000000047,96.85900781288044,89.00348439241567,97.49997731932653,90.72121670357167
508.95000000000044,96.85900781288044,89.00348439241567,97.49999965418047,90.14132453709519
508.9750000000005,96.84192713169358,88.92489118523802,97.49999995614914,92.37857111875017
509.00000000000045,96.84192713169358,88.92489118523802,97.49999980739962,92.49061143114507
509.02500000000043,96.75096127071116,88.6811878000611,97.4999999614908,92.34577126190366
509.05000000000047,96.75096127071116,88.6811878000611,97.49999978773346,89.54656495735293
509.07500000000044,96.53069226446492,88.48399398873889,97.49999981763183,92.22011656751411
509.1000000000005,96.53069226446492,88.48399398873889,97.49999952637769,90.49305995063165
509.12500000000045,96.26738967394222,88.29727311261286,97.49999690004064,90.02126756497871
509.15000000000043,96.26738967394222,88.29727311261286,97.4999559798931,92.31049293189902
509.17500000000047,96.05271015323044,88.06922788139373,97.49972241825994,92.33996593372598
509.20000000000044,96.05271015323044,88.06922788139373,97.4961983274075,92.19971908817915
509.2250000000005,95.87544165608604,87.87949984212649,97.45018191302084,91.89377332572936
509.25000000000045,95.87544165608604,87.87949984212649,97.39069042716478,91.6530352774935
509.27500000000043,95.7314101303618,87.64764655485676,94.8990181822095,91.83087274324797
509.30000000000047,95.7314101303618,87.64764655485676,95.99258890454402,85.73806044416952
509.32500000000044,95.5718252919366,87.39539300250937,96.39413917451131,83.86893353489693
509.3500000000005,95.5718252919366,87.39539300250937,95.10566222786896,80.13926842686377
509.37500000000045,95.43358029069589,87.20914814142698,93.78282855557659,78.79703270345215
509.40000000000043,95.43358029069589,87.20914814142698,94.25761349533454,79.2774112576305
509.42500000000047,95.3148015613308,86.9995570838644,97.49669444670745,82.49881229873277
509.45000000000044,95.3148015613308,86.9995570838644,97.48933925522955,82.49260922945346
509.4750000000005,95.39187771835677,86.60156280349999,97.46147930338178,82.47056195700175
509.50000000000045,95.39187771835677,86.60156280349999,97.44752197067793,82.45871096138835
509.52500000000043,95.4818841586034,86.24663349654416,97.485836074136,82.61323150188858
509.55000000000047,95.4818841586034,86.24663349654416,97.45740696734232,82.76927930096616
509.57500000000044,95.526403718106,85.88457528439484,97.22943049257297,82.97185201328706
509.6000000000005,95.526403718106,85.88457528439484,97.39656347544448,85.21345930999274
509.62500000000045,95.5638473518876,85.35470718126658,97.4829270232355,91.40295954672887
509.65000000000043,95.5638473518876,85.35470718126658,97.48755879783421,91.75915527460288
509.67500000000047,95.45387645673924,84.84343377492377,97.31629097846319,92.0927374975278
509.70000000000044,95.45387645673924,84.84343377492377,97.40458476783495,92.40388414587301
509.7250000000005,95.27200338339536,84.50949875309443,97.45370401948125,92.45268399035571
509.75000000000045,95.27200338339536,84.50949875309443,97.30910673191003,92.23124812807684
509.77500000000043,95.04806526124835,84.27129232237094,97.37838490131018,92.34007230358851
509.80000000000047,95.04806526124835,84.27129232237094,97.38224957889523,92.484018333908
509.82500000000044,94.8317494548488,84.08191649972828,92.64490689042225,78.21120358252699
509.8500000000005,94.8317494548488,84.08191649972828,93.1509846857882,84.84796888462832
509.87500000000045,94.64185671503962,83.94302707980262,92.76826609891062,85.8888708716568
509.90000000000043,94.64185671503962,83.94302707980262,92.59521408488666,78.28294021421998
509.92500000000047,94.48364578065387,83.7996406675479,92.53385830312264,77.53558027622972
509.95000000000044,94.48364578065387,83.7996406675479,92.50102313447042,77.50103803882763
509.9750000000005,94.31611497833896,83.71781298455977,92.50016170704409,77.50017242889491
510.00000000000045,94.31611497833896,83.71781298455977,92.55778863720506,77.57160689583165
510.02500000000043,94.15909002081553,83.63018795759871,92.59025239595267,77.63013172583884
510.05000000000047,94.15909002081553,83.63018795759871,92.50522461934325,77.5080302983958
510.07500000000044,94.00360248502632,83.54045897497693,92.90686192592953,78.6305186110946
510.1000000000005,94.00360248502632,83.54045897497693,92.65084898504101,77.78157422981843
510.12500000000045,93.83068399634516,83.40290532527705,92.52070691393178,77.52723766075361
510.15000000000043,93.83068399634516,83.40290532527705,92.5097905154426,77.53246634441409
510.17500000000047,93.6725923789821,83.2469736758584,96.09916513135124,91.19515672650873
510.20000000000044,93.6725923789821,83.2469736758584,96.15870686975968,92.1008775975433
510.2250000000005,93.55996437571096,82.99521260016834,92.7909878860829,78.65281891426638
510.25000000000045,93.55996437571096,82.99521260016834,92.55269509080877,77.78414991999355
510.27500000000043,93.488208266425,82.62791578005373,92.51334238250959,77.55276611680064
510.30000000000047,93.488208266425,82.62791578005373,92.5014868626998,77.50567712028392
510.32500000000044,93.45393281053263,82.20640836399228,92.50031042328104,77.50125624133189
510.3500000000005,93.45393281053263,82.20640836399228,92.50029872555642,77.50279329554577
510.37500000000045,93.52848002112832,81.69307329125877,92.50003706936229,77.50096599922006
510.40000000000043,93.52848002112832,81.69307329125877,92.50020116157012,77.51147016923554
510.42500000000047,93.61658756073854,81.12836912892372,92.50315697718624,77.50544450025788
510.45000000000044,93.61658756073854,81.12836912892372,92.50098589199708,77.51713012599922
510.4750000000005,93.64254572858964,80.74150349035052,96.1743649125546,83.63716691656344
510.50000000000045,93.64254572858964,80.74150349035052,96.88673416888246,82.42769146909654
510.52500000000043,93.69041245533904,80.24930221674433,92.66921027553485,76.60547807136695
510.55000000000047,93.69041245533904,80.24930221674433,93.6738903411878,78.54951359604149
510.57500000000044,93.82320055173156,79.82499651986159,95.04648277548615,79.94257649354724
510.6000000000005,93.82320055173156,79.82499651986159,96.87680387726883,77.50385926540352
510.62500000000045,93.984019833775,79.4096790157962,97.46728797085767,77.47698422608586
510.65000000000043,93.984019833775,79.4096790157962,93.60769263312962,76.90824467669616
510.67500000000047,94.10181371819066,78.96082628835389,97.39996325245524,77.43473624641395
510.70000000000044,94.10181371819066,78.96082628835389,92.79650135083955,76.17273425122171
510.7250000000005,94.16792677427703,78.51238584145283,92.50002218285638,77.44940928358845
510.75000000000045,94.16792677427703,78.51238584145283,92.50011548577314,75.99685889067712
510.77500000000043,94.13918537820508,78.02989368853352,92.5006123094735,75.55333402374684
510.80000000000047,94.13918537820508,78.02989368853352,92.50413435278223,72.76947194615724
510.82500000000044,94.0520984612733,77.38948641653167,92.50181356678998,72.62255282795715
510.8500000000005,94.0520984612733,77.38948641653167,92.50009796281404,73.27726030093183
510.87500000000045,93.94242339114804,76.83050826204068,92.51393877402091,73.56706237721079
510.90000000000043,93.94242339114804,76.83050826204068,92.50000832314831,72.5042647963277
510.92500000000047,93.82427889354872,76.37216617347391,92.50000001765059,73.1238687290353
510.95000000000044,93.82427889354872,76.37216617347391,92.50000039865414,72.58577186825163
510.9750000000005,93.68050604452564,76.02161740449253,92.50013371288715,72.68213666874523
511.00000000000045,93.68050604452564,76.02161740449253,92.50000080787493,77.2885393494748
511.02500000000043,93.47394997371326,75.7055101670613,92.50000000038804,77.46860091076466
511.05000000000047,93.47394997371326,75.7055101670613,92.50000000000026,77.49980134365174
511.07500000000044,93.267987279553,75.39295422922828,92.50000000000003,77.499871419563
511.1000000000005,93.267987279553,75.39295422922828,92.5000000019138,77.49646746553435
511.12500000000045,93.12689339897786,75.07610868224641,92.50000002803093,77.49807963400164
511.15000000000043,93.12689339897786,75.07610868224641,92.50000000039553,77.49970103829345
511.17500000000047,93.03222100924816,74.75580644568525,92.50000002758888,77.49703730981899
511.20000000000044,93.03222100924816,74.75580644568525,92.50000000125247,77.43319464550481
511.2250000000005,92.95116624253576,74.46010208287043,92.50000000020113,77.21949415230065
511.25000000000045,92.95116624253576,74.46010208287043,92.50000000763715,68.66020823819107
511.27500000000043,92.87043402162207,74.16811342495372,92.50000146628477,70.3817264769589
511.30000000000047,92.87043402162207,74.16811342495372,92.50000047305326,67.51888461156592
511.32500000000044,92.79269722874152,73.96439408001218,92.52847969633027,76.63373947679749
511.3500000000005,92.79269722874152,73.96439408001218,92.5003536346959,77.43023457286263
511.37500000000045,92.69561372001068,73.69110403079777,92.50006892337694,77.39451892593317
511.40000000000043,92.69561372001068,73.69110403079777,92.50009536282376,77.20227687068976
511.42500000000047,92.5365578711938,73.26135686986366,92.50045884409052,76.63477368386518
511.45000000000044,92.5365578711938,73.26135686986366,92.50007293966266,77.40734973275025
511.4750000000005,92.40927558740572,72.80517336587555,92.5000632464111,74.13279208084693
511.50000000000045,92.40927558740572,72.80517336587555,92.5001490367603,78.14205254329067
511.52500000000043,92.22939798363738,72.32562306417837,92.5000160836453,77.67911362843027
511.55000000000047,92.22939798363738,72.32562306417837,92.49999902414339,81.87439911242552
511.57500000000044,92.05717365980426,71.95233658950285,92.50000031983107,78.66642064308053
511.6000000000005,92.05717365980426,71.95233658950285,92.50006254497534,74.21790236100935
511.62500000000045,91.8249866964468,71.48939306203027,92.50106453349541,72.93463633991868
511.65000000000043,91.8249866964468,71.48939306203027,92.50294160846303,76.2924459426008
511.67500000000047,91.55243593360784,71.07366003190444,92.5188547014832,71.45785519810194
511.70000000000044,91.55243593360784,71.07366003190444,93.97872104120141,69.2922547867646
511.7250000000005,91.12539793837726,70.54844204540129,93.09891327393075,68.46104263894553
511.75000000000045,91.12539793837726,70.54844204540129,92.50028164056033,73.7015745096518
511.77500000000043,90.68893991906307,70.09222081447768,92.50001727717992,68.29157635441747
511.80000000000047,90.68893991906307,70.09222081447768,92.50000122050912,67.62521822729589
511.82500000000044,90.41985588758732,69.81514566521054,92.50000001664891,67.61547189444401
511.8500000000005,90.41985588758732,69.81514566521054,92.50000000001249,75.79697551856616
511.87500000000045,90.10387571841127,69.51968311511176,92.50000000000027,77.35071314674029
511.90000000000043,90.10387571841127,69.51968311511176,92.49999999996994,77.49093018426305
511.92500000000047,89.82345242769554,69.16416948944494,92.50000000004496,77.41017416754016
511.95000000000044,89.82345242769554,69.16416948944494,92.5000000000121,77.39774535126747
511.9750000000005,89.53741995776792,68.790755047719,92.50000000084985,76.13113727267331
512.0000000000005,89.53741995776792,68.790755047719,92.50000000499206,74.8121183688633
512.0250000000004,89.10438369309664,68.16513315280883,92.50000000822334,76.38850980015093
512.0500000000004,89.10438369309664,68.16513315280883,92.5000000000861,77.46245429911733
512.0750000000005,88.3657493755238,67.38557279603553,92.50000003575667,76.50450878794092
512.1000000000005,88.3657493755238,67.38557279603553,92.50000190861329,72.71280703208357
512.1250000000005,87.62172369059876,66.7128931953776,92.50000009699481,72.59176416724536
512.1500000000004,87.62172369059876,66.7128931953776,92.50000000067169,71.18380378516852
512.1750000000004,86.90849030470243,66.24020016664687,92.5000000001854,68.44789073680722
512.2000000000005,86.90849030470243,66.24020016664687,92.50000000000529,68.97544972126121
512.2250000000005,86.22361128132539,65.81006769985895,92.50000000000239,72.44200816276485
512.2500000000005,86.22361128132539,65.81006769985895,92.50000000000342,72.19052381417026
512.2750000000004,85.69650486260983,65.36092752651528,92.50000000000753,72.32955277797686
512.3000000000004,85.69650486260983,65.36092752651528,92.50000001711791,71.74403681109273
512.3250000000005,85.23352939527223,64.96460434584148,92.50000001509184,70.7180153416318
512.3500000000005,85.23352939527223,64.96460434584148,92.50000000688152,71.39055620453597
512.3750000000005,84.70565923932536,64.57329727749011,92.5000000410177,67.56242361764163
512.4000000000004,84.70565923932536,64.57329727749011,92.5000037721517,72.90030917764989
512.4250000000004,84.00161627531016,64.24808047788227,92.50000000679597,76.11262483559426
512.4500000000005,84.00161627531016,64.24808047788227,92.50000010482758,73.98530721119016
512.4750000000005,83.33544314232681,64.03881467221274,92.50000013940539,73.29577824300223
512.5000000000005,83.33544314232681,64.03881467221274,92.49999999516344,73.66956346821132
512.5250000000004,82.86353096092174,63.91784742023415,92.5000000072307,72.62135204092034
512.5500000000004,82.86353096092174,63.91784742023415,92.50000000035566,73.08430604935155
512.5750000000005,82.49273642071981,63.77152691149463,92.50000000000333,77.58227374267594
512.6000000000005,82.49273642071981,63.77152691149463,92.50000000000034,77.87554126946343
512.6250000000005,82.19518747961035,63.676816656409365,92.49999999949722,79.86107415117318
512.6500000000004,82.19518747961035,63.676816656409365,92.50000000003523,82.15737112600026
512.6750000000004,81.8345233729342,63.48224512465194,92.50000000060439,82.42885356003607
512.7000000000005,81.8345233729342,63.48224512465194,92.49999999999763,77.62046899206894
512.7250000000005,81.4763863448702,63.17163062417019,92.50000000000003,77.4980514910819
512.7500000000005,81.4763863448702,63.17163062417019,92.49999999999717,77.31362671573918
512.7750000000004,80.99698670241128,62.683169484563,92.49999999999898,77.49622589379803
512.8000000000004,80.99698670241128,62.683169484563,92.50000000000001,77.49972518476541
512.8250000000005,80.57128201640438,62.27785581504477,92.49999999999383,77.49836141950504
512.8500000000005,80.57128201640438,62.27785581504477,92.49999999998275,77.49969328495358
512.8750000000005,80.21443186407515,61.80514955922455,92.49999999938075,77.4999684684921
512.9000000000004,80.21443186407515,61.80514955922455,92.49999999999976,77.49998477030566
512.9250000000004,79.93104447351175,61.38786533594613,92.4999999999553,77.49755856931334
512.9500000000005,79.93104447351175,61.38786533594613,92.49999999945071,77.36778835337915
512.9750000000005,79.6200758067502,60.7152433133954,92.49999997000425,77.41498312526402
513.0000000000005,79.6200758067502,60.7152433133954,92.49999991510892,77.49302040405736
513.0250000000004,79.24537747381981,60.10252984204718,92.5000000023623,76.1517036034256
513.0500000000004,79.24537747381981,60.10252984204718,92.4827040973356,72.52295380502117
513.0750000000005,78.66983253999577,59.54482264544416,92.48106505706855,72.43858875137776
513.1000000000005,78.66983253999577,59.54482264544416,92.49410234658042,72.47637701037789
513.1250000000005,78.26964295723519,59.06795341523888,92.49975863825767,72.33537745337406
513.1500000000004,78.26964295723519,59.06795341523888,92.50007742154035,70.43870502625715
513.1750000000004,77.89946159923497,58.63707175583084,92.50000034201929,69.01447459148875
513.2000000000005,77.89946159923497,58.63707175583084,92.50001215304255,67.5306113542605
513.2250000000005,77.67453352330656,58.29270465378514,92.50053002422268,68.8498092702375
513.2500000000005,77.67453352330656,58.29270465378514,92.50001512056005,72.86614801295006
513.2750000000004,77.51662638207628,58.04280340675844,92.50000167581625,67.99522006841383
513.3000000000004,77.51662638207628,58.04280340675844,92.49999506538354,67.56573533317876
513.3250000000005,77.29405718612442,57.78543373419317,92.49411070330589,67.78072625737045
513.3500000000005,77.29405718612442,57.78543373419317,92.49979531029197,67.8925968238802
513.3750000000005,77.11956420851546,57.64651825782386,92.26598663609461,71.43875084661087
513.4000000000004,77.11956420851546,57.64651825782386,92.10000211169418,71.71096264940743
513.4250000000004,76.94859582179943,57.48982473917712,88.60076819148169,66.17897503978747
513.4500000000005,76.94859582179943,57.48982473917712,83.18601839200167,58.256409105556116
513.4750000000005,76.68534385101412,57.25110201733684,88.79683588736624,65.00840799974638
513.5000000000005,76.68534385101412,57.25110201733684,73.69518813372514,50.43184983994529
513.5250000000004,76.41027027571324,57.00890831551616,85.86069444205691,60.93678283972561
513.5500000000004,76.41027027571324,57.00890831551616,92.15931920323722,71.83576948169369
513.5750000000005,76.12328387090884,56.75446386745032,86.74436043632824,63.87843086460882
513.6000000000005,76.12328387090884,56.75446386745032,92.02757457458375,70.6153701926739
513.6250000000005,75.95308405546052,56.51951720118896,91.15843429953128,67.14146149816092
513.6500000000004,75.95308405546052,56.51951720118896,77.93889201527405,14.890680094549209
513.6750000000004,75.85445667884896,56.28956137973119,89.87817155181975,69.65956422280507
513.7000000000005,75.85445667884896,56.28956137973119,62.51651618980119,42.50575906515061
513.7250000000005,75.79462370834126,56.08887498885034,62.499562400905575,42.49898387384739
513.7500000000005,75.79462370834126,56.08887498885034,62.461590299937846,42.43988020213865
513.7750000000004,75.70005539505047,55.84533954880598,91.62717812150508,71.41719403274007
513.8000000000004,75.70005539505047,55.84533954880598,64.92076520739654,39.36814753446237
513.8250000000005,75.53423413788295,55.48451234066499,92.46368364842152,64.04599497552798
513.8500000000005,75.53423413788295,55.48451234066499,92.50005722524561,58.66291852071792
513.8750000000005,75.39328224355309,55.07586081933312,92.50002306277922,58.54996544974042
513.9000000000004,75.39328224355309,55.07586081933312,92.51444951916507,61.931824282545975
513.9250000000004,75.2935029338892,54.808122124435656,92.5125465230465,64.18144339608236
513.9500000000005,75.2935029338892,54.808122124435656,92.50009951043464,64.77221608217648
513.9750000000005,75.14449541489299,54.37748979497423,92.5000053904223,67.49187676887699
514.0000000000005,75.14449541489299,54.37748979497423,92.50000000233896,68.31486116422268
514.0250000000004,75.03757630070795,54.0491751443391,92.06454911726044,69.79324768017315
514.0500000000004,75.03757630070795,54.0491751443391,92.49999229015646,67.52918504928915
514.0750000000005,74.94529370707653,53.7945476613642,78.301712399513,58.10415979726631
514.1000000000005,74.94529370707653,53.7945476613642,62.62807249977837,47.606781335521845
514.1250000000005,74.82122307881961,53.58233804749466,62.51527806294375,47.511834460957886
514.1500000000004,74.82122307881961,53.58233804749466,72.04288945237116,56.19533442225631
514.1750000000004,74.61778851014924,53.18741983823655,89.91542218829773,74.03023476998045
514.2000000000005,74.61778851014924,53.18741983823655,72.50045091129284,54.070597966337594
514.2250000000005,74.50533857848313,52.835670076633335,62.50072039205104,42.53110526954369
514.2500000000005,74.50533857848313,52.835670076633335,62.531509367694355,42.72687423525543
514.2750000000004,74.48095752237823,52.51906635758616,62.54124799065501,47.092324837312
514.3000000000004,74.48095752237823,52.51906635758616,62.499162833897095,46.80862458939557
514.3250000000005,74.50109165099319,52.304718950053385,62.398537066666265,45.888926460244114
514.3500000000005,74.50109165099319,52.304718950053385,61.812985360171986,41.209966254356566
514.3750000000005,74.5347131969807,52.07943686711619,61.78121329315169,41.07199859561841
514.4000000000004,74.5347131969807,52.07943686711619,62.40431291425845,42.314222811907
514.4250000000004,74.5667400609174,51.92821915503806,57.52303114946042,32.54730868434372
514.4500000000005,74.5667400609174,51.92821915503806,57.748388623817505,32.79049399462961
514.4750000000005,74.64683091800819,51.75619022931273,58.57762185019342,33.72732495106135
514.5000000000005,74.64683091800819,51.75619022931273,57.54749483132652,32.581872270408354
514.5250000000004,74.72230229517405,51.588599751734485,57.55770548612888,32.615084360624074
514.5500000000004,74.72230229517405,51.588599751734485,59.67259784414449,36.8322072602324
514.5750000000005,74.81020317424887,51.40301512351167,58.7686398530294,34.99799337988551
514.6000000000005,74.81020317424887,51.40301512351167,62.517430043937296,42.49378664332329
514.6250000000005,74.89404871983312,51.23356523037256,63.9912176260921,43.960556645964274
514.6500000000004,74.89404871983312,51.23356523037256,63.43224147820456,42.857932296173075
514.6750000000004,74.98229405193077,51.066487332280175,62.50012152503603,42.49987978569879
514.7000000000005,74.98229405193077,51.066487332280175,62.51386928782027,42.50642561759437
514.7250000000005,75.04002230654504,50.92146496944151,65.88696818641706,45.570954686768424
514.7500000000005,75.04002230654504,50.92146496944151,95.71746067947487,60.37554355978063
514.7750000000004,75.11703913854882,50.69946379768032,93.38540515349541,73.78939157465757
514.8000000000004,75.11703913854882,50.69946379768032,92.51709884355833,77.43150854101366
514.8250000000005,75.13434724553413,50.4620783342241,97.37275414716392,58.005773025209294
514.8500000000005,75.13434724553413,50.4620783342241,93.52234709601588,73.40838974631832
514.8750000000005,75.1210187648891,50.2598828482469,92.84507347701765,76.11939866572983
514.9000000000004,75.1210187648891,50.2598828482469,97.41077888258943,57.83290392715649
514.9250000000004,75.0699369850432,50.121274164903525,97.33877494763041,57.953986363634755
514.9500000000005,75.0699369850432,50.121274164903525,93.18489243151959,55.52684773357362
514.9750000000005,75.04530597949963,50.03507896204841,97.45640814292705,57.56905268569977
515.0000000000005,75.04530597949963,50.03507896204841,92.60588362981723,72.17906849111999
515.0250000000004,75.03300846322003,49.94305769921127,92.49832224172161,58.42827927814111
515.0500000000004,75.03300846322003,49.94305769921127,62.53420410852657,42.48708342051541
515.0750000000005,75.03259659072098,49.919297145440304,62.499999504776426,42.50341177025953
515.1000000000005,75.03259659072098,49.919297145440304,62.50001329252295,42.50153491582964
515.1250000000005,75.03218130740483,49.889615259488345,62.49999999669804,42.50077926804177
515.1500000000004,75.03218130740483,49.889615259488345,62.61625151266426,42.784563593595365
515.1750000000004,75.03512575967287,49.86592377001841,62.70216099403306,42.47221488357229
515.2000000000005,75.03512575967287,49.86592377001841,78.52856901798603,37.945435373977226
515.2250000000005,75.03515096243002,49.855287042035314,62.71393418379134,45.53273306254232
515.2500000000005,75.03515096243002,49.855287042035314,62.507931762651445,46.01523165380441
515.2750000000004,75.03558575046412,49.83365168220969,59.97520325648462,47.203788969165814
515.3000000000004,75.03558575046412,49.83365168220969,92.3987087463575,53.24823567466964
515.3250000000005,75.03610862912265,49.81599824582854,64.29304294196737,44.825626832338884
515.3500000000005,75.03610862912265,49.81599824582854,58.8666470393744,46.93152181500836
515.3750000000005,75.04029791705872,49.7434957594658,70.67962564507297,49.96134694651033
515.4000000000004,75.04029791705872,49.7434957594658,57.736947110089936,45.521815328225856
515.4250000000004,75.04380615930086,49.62926762506233,57.64997005497334,46.95040578907387
515.4500000000005,75.04380615930086,49.62926762506233,58.40380170058188,45.974385950530404
515.4750000000005,75.03580869721233,49.44093530503631,62.13545071656608,42.38623482438775
515.5000000000005,75.03580869721233,49.44093530503631,62.500007189653644,42.50003789846731
515.5250000000004,75.05319337025962,49.27211672310444,62.49999974683734,42.49999965484906
515.5500000000004,75.05319337025962,49.27211672310444,62.499999959505594,42.49999991619345
515.5750000000005,75.14770604817942,49.0167629455574,62.4999999800357,42.5000000093976
515.6000000000005,75.14770604817942,49.0167629455574,62.499999974282865,42.500000002838696
515.6250000000005,75.2218699657099,48.81493538756873,62.49999997234912,42.4999999653783
515.6500000000004,75.2218699657099,48.81493538756873,62.499999987706886,42.49999998946805
515.6750000000004,75.33696726301818,48.647540312733184,62.499998657511114,42.49999824097829
515.7000000000005,75.33696726301818,48.647540312733184,62.50052181011078,42.500708626639785
515.7250000000005,75.44849056465807,48.49638341947667,62.50225631064036,42.50085821176986
515.7500000000005,75.44849056465807,48.49638341947667,62.10932758736441,42.531800023660175
515.7750000000004,75.63957137216889,48.26006339876419,71.65605293903243,47.061275252843906
515.8000000000004,75.63957137216889,48.26006339876419,76.37276776817926,49.64324201841587
515.8250000000005,75.79119775439622,48.04043908200003,62.78412477091645,47.38674843413564
515.8500000000005,75.79119775439622,48.04043908200003,67.82735842235212,47.32049335233682
515.8750000000005,75.9678468488451,47.87139240034588,65.94418383094539,48.01565316700067
515.9000000000004,75.9678468488451,47.87139240034588,97.12246675039707,52.79324693428291
515.9250000000004,76.20477801022535,47.67101845486373,97.49988328007247,56.24666169526999
515.9500000000005,76.20477801022535,47.67101845486373,97.48746024261807,55.018755564091585
515.9750000000005,76.31636211756049,47.58799938657562,72.2338634018694,50.031383353855254
516.0000000000005,76.31636211756049,47.58799938657562,97.49852263292604,57.43833087760263
516.0250000000004,76.48889512214426,47.47005487959224,97.49895705022378,57.25689940902317
516.0500000000004,76.48889512214426,47.47005487959224,97.49995548027904,57.31715213957428
516.0750000000005,76.74035320224522,47.33249557771293,97.49998996324803,57.443432054358865
516.1000000000005,76.74035320224522,47.33249557771293,97.49990197853825,57.49014739389317
516.1250000000005,77.0883263965572,47.17598475554472,97.49999556466041,57.44124467642059
516.1500000000004,77.0883263965572,47.17598475554472,97.44993574153631,57.43895198249321
516.1750000000004,77.3724782800073,47.05293299411981,96.59432261235078,57.166736782292396
516.2000000000005,77.3724782800073,47.05293299411981,97.31476008209133,57.41454096018885
516.2250000000005,77.78446361102777,46.90987390599085,97.49991610425649,57.02577427101152
516.2500000000005,77.78446361102777,46.90987390599085,92.70812466723716,53.2845364427459
516.2750000000004,78.15446067419953,46.70520977815983,77.05871932897664,51.25895264839866
516.3000000000004,78.15446067419953,46.70520977815983,94.5637569270956,55.603587881081666
516.3250000000005,78.45264572904405,46.53032637173609,97.41314045238231,56.92544265300553
516.3500000000005,78.45264572904405,46.53032637173609,97.40642672302576,57.37341451870636
516.3750000000005,78.83834940095049,46.28976194358057,95.13427656450135,56.688627486805814
516.4000000000004,78.83834940095049,46.28976194358057,97.48530782347713,57.40856227948119
516.4250000000004,79.2272326970985,46.0580572103069,97.49473181916653,54.32763206189888
516.4500000000005,79.2272326970985,46.0580572103069,97.42772144030951,56.128956571345405
516.4750000000005,79.57438741539845,45.86531830099738,97.423400263888,53.31463230047494
516.5000000000005,79.57438741539845,45.86531830099738,97.24764877524035,55.62660146979994
516.5250000000004,79.90697714269427,45.56036979479494,96.65766020192954,37.719376950151215
516.5500000000004,79.90697714269427,45.56036979479494,97.42027288338545,59.69760373963778
516.5750000000005,80.21586778105613,45.214063268502,94.57942126607004,66.29954880244772
516.6000000000005,80.21586778105613,45.214063268502,97.46756557001791,54.17391222820075
516.6250000000005,80.53289488525867,44.82283391175766,95.53930519010584,64.6095148117927
516.6500000000004,80.53289488525867,44.82283391175766,94.43686754224102,63.41757259583745
516.6750000000004,80.8071652251985,44.47914598930664,92.44839805998933,72.1399223758723
516.7000000000005,80.8071652251985,44.47914598930664,75.23702251443602,54.00769942948905
516.7250000000005,81.2473184210519,44.011225521004,62.50545924409752,42.511732678470615
516.7500000000005,81.2473184210519,44.011225521004,93.07098905849762,61.379027485380746
516.7750000000004,81.5965027737025,43.633633442846566,97.28960034921934,58.0612082113741
516.8000000000004,81.5965027737025,43.633633442846566,95.6075297353463,57.641561754969416
516.8250000000005,81.94898364809498,43.18826482730264,97.49663510242212,57.5082408416788
516.8500000000005,81.94898364809498,43.18826482730264,97.396349823134,57.586209676920696
516.8750000000005,82.18892735228083,42.88608735852477,97.4008410114442,57.51489654676593
516.9000000000004,82.18892735228083,42.88608735852477,93.64855869487647,60.35113853272255
516.9250000000004,82.42097750332897,42.54089885523232,97.45780959258231,57.53193923634205
516.9500000000005,82.42097750332897,42.54089885523232,97.49498394043286,57.4993120257502
516.9750000000005,82.65048552440993,42.118044249006985,96.65375904424513,57.52597087651039
517.0000000000005,82.65048552440993,42.118044249006985,97.32333388813834,57.49850581452686
517.0250000000004,82.81736826762828,41.730402167743016,97.49979562793901,57.498086416293056
517.0500000000004,82.81736826762828,41.730402167743016,97.49992512626932,57.49842887071333
517.0750000000005,83.01119650747853,41.44028745228625,97.3275984845354,57.49730545541986
517.1000000000005,83.01119650747853,41.44028745228625,97.49999909491285,57.499681399435325
517.1250000000005,83.14942626803565,41.26584546070811,97.4999998429244,57.499468503905405
517.1500000000004,83.14942626803565,41.26584546070811,97.49999970843172,57.49994739446449
517.1750000000004,83.28401618287474,41.0859342334864,97.49879173761988,57.4953606090786
517.2000000000005,83.28401618287474,41.0859342334864,97.3136775806106,53.27312386369459
517.2250000000005,83.42545299619627,40.93019974989572,97.22804651473875,56.54088926922398
517.2500000000005,83.42545299619627,40.93019974989572,92.52480646196508,56.663882091797085
517.2750000000004,83.56636198725194,40.80162802755475,92.62415888406424,47.23892680032337
517.3000000000004,83.56636198725194,40.80162802755475,92.64371074793786,60.82465876251881
517.3250000000005,83.78902318561461,40.62909839789112,95.53844781481016,58.66122039687327
517.3500000000005,83.78902318561461,40.62909839789112,92.50324134053666,57.500237940392395
517.3750000000005,84.07159017572748,40.33833873684618,92.53326300180437,57.49998643132805
517.4000000000004,84.07159017572748,40.33833873684618,92.8507373361091,57.497741993915305
517.4250000000004,84.42017314355716,40.022644895853865,97.29779517101046,57.102625982561804
517.4500000000005,84.42017314355716,40.022644895853865,97.49856279504988,56.924290489198995
517.4750000000005,84.68665427986372,39.8157117414728,97.49783795982863,56.83099967684126
517.5000000000005,84.68665427986372,39.8157117414728,97.49995389485471,57.16589271291721
517.5250000000004,84.91011048222674,39.64144012998918,97.49995246712,57.09053889000627
517.5500000000004,84.91011048222674,39.64144012998918,97.49999867304383,57.35269310666133
517.5750000000005,85.21884964228578,39.46481940069984,97.4998283481629,57.45768072893102
517.6000000000005,85.21884964228578,39.46481940069984,96.24101996378006,50.592145953910844
517.6250000000005,85.5193567412004,39.29844483776321,97.37120489602296,54.91537525937176
517.6500000000004,85.5193567412004,39.29844483776321,97.49677161866913,53.26810507583717
517.6750000000004,85.728594825835,39.173053997355,97.4965750268601,53.87457221052267
517.7000000000005,85.728594825835,39.173053997355,94.53515644274597,52.265259512858016
517.7250000000005,85.91801310446033,38.9802291998702,92.52095411424642,52.28574662333041
517.7500000000005,85.91801310446033,38.9802291998702,92.56529132108612,52.53710423148122
517.7750000000004,86.22279074144069,38.68152491569737,93.29758022425358,51.68993863631926
517.8000000000004,86.22279074144069,38.68152491569737,93.68563561606393,43.57065713961825
517.8250000000005,86.61589613298615,38.28339374099004,95.88461796411248,46.71925956427849
517.8500000000005,86.61589613298615,38.28339374099004,97.49678860852117,52.53201203925004
517.8750000000005,87.1019021781147,37.8523253778374,93.9210667213718,57.185312775766505
517.9000000000004,87.1019021781147,37.8523253778374,96.93819690908084,56.074494234460424
517.9250000000004,87.50366195217511,37.5434279543695,97.49613858903344,57.448779772434854
517.9500000000005,87.50366195217511,37.5434279543695,97.4998998289535,57.42537790962865
517.9750000000005,87.9806049022086,37.19504716431643,97.49790809940828,57.42822525555655
518.0000000000005,87.9806049022086,37.19504716431643,97.4998717298938,53.22575280426521
518.0250000000004,88.55241530981216,36.892625956252594,97.4996045921777,54.958437545613236
518.0500000000004,88.55241530981216,36.892625956252594,97.49766354324788,55.798959282352875
518.0750000000005,89.35175830146578,36.34805695439641,97.49506001492162,57.49904662377233
518.1000000000005,89.35175830146578,36.34805695439641,97.45962425732561,57.39654045519926
518.1250000000005,90.2082545760351,35.64631958649312,96.24247574259626,56.72419532498022
518.1500000000004,90.2082545760351,35.64631958649312,92.79130916807684,43.6362562276028
518.1750000000004,91.04321656221946,34.98053481757189,92.50788714912763,57.49321725379887
518.2000000000005,91.04321656221946,34.98053481757189,92.85029745129748,56.50655047792578
518.2250000000005,92.08041474366269,34.39597060747021,95.8956603381299,49.726614920664424
518.2500000000005,92.08041474366269,34.39597060747021,96.27147981068826,47.10883630990914
518.2750000000004,93.16248670667996,33.87766323131511,97.49996434865413,42.491775761590254
518.3000000000004,93.16248670667996,33.87766323131511,97.49999771907737,42.49977254835238
518.3250000000005,94.27418676601236,33.41242582930595,97.49959223512786,42.1905115712936
518.3500000000005,94.27418676601236,33.41242582930595,97.49260340244032,38.84289319688427
518.3750000000005,95.18716640816731,33.042035282058784,97.4877917020501,4.095504299193611
518.4000000000004,95.18716640816731,33.042035282058784,97.49808486213358,11.67245952672739
518.4250000000004,95.68623083165264,32.818914748570094,97.49750367197298,23.622920194173773
518.4500000000005,95.68623083165264,32.818914748570094,97.49999182412579,52.21189066085342
518.4750000000005,96.01806042935772,32.683799851263686,97.49950954063334,19.71593350824785
518.5000000000005,96.01806042935772,32.683799851263686,97.49999991939407,46.88350300490653
518.5250000000004,96.06438856402556,32.670369232933695,97.49999999906183,47.49486061192055
518.5500000000004,96.06438856402556,32.670369232933695,97.49999999074767,47.279064090767605
518.5750000000005,96.14615386406832,32.59138943456812,97.49999989913773,47.503664807058286
518.6000000000005,96.14615386406832,32.59138943456812,97.4999999999595,47.50000796237178
518.6250000000005,96.23568812273462,32.471927865737825,97.49999999985833,47.49642601908628
518.6500000000004,96.23568812273462,32.471927865737825,97.49999918388053,45.99207689832977
518.6750000000004,96.359372250804,32.299801605809805,97.49959237828074,47.45416948301891
518.7000000000005,96.359372250804,32.299801605809805,97.23825353959971,46.870388934252695
518.7250000000005,96.56599581027598,32.1262322135506,97.05958745485287,53.01397413852461
518.7500000000005,96.56599581027598,32.1262322135506,97.49995730560433,52.499676868009274
518.7750000000004,96.77810221111288,31.964625066756792,97.4999847851518,52.49965797544523
518.8000000000004,96.77810221111288,31.964625066756792,97.49999898570691,52.49966954615737
518.8250000000005,97.0145520984899,31.85278036189045,97.49999999405388,52.498629734226355
518.8500000000005,97.0145520984899,31.85278036189045,97.49999985302763,52.324770132747524
518.8750000000005,97.2425239077401,31.67841719386794,97.49999915693543,52.497712578665585
518.9000000000004,97.2425239077401,31.67841719386794,97.49999999660496,52.500016941120684
518.9250000000004,97.4261624656048,31.56594412459745,97.49997944210648,52.49994610845633
518.9500000000005,97.4261624656048,31.56594412459745,97.4998846309473,52.49943659657299
518.9750000000005,97.3861288530322,31.55562356739447,97.49998458418517,52.500093669550665
519.0000000000005,97.3861288530322,31.55562356739447,97.49999980255976,52.500051688177294
519.0250000000004,97.40763848431392,31.556509233651305,97.49999998469886,52.499405064521
519.0500000000004,97.40763848431392,31.556509233651305,97.49999999936907,51.04917667185353
519.0750000000005,97.283075654489,31.52807656150467,97.49999999768932,48.496116247254065
519.1000000000005,97.283075654489,31.52807656150467,97.49999999837082,49.868919041484624
519.1250000000005,97.3451573043202,31.459824179118616,97.49999994733572,51.517901059312415
519.1500000000004,97.3451573043202,31.459824179118616,97.4999998325772,50.68327260297037
519.1750000000004,97.44628917165645,31.43084748111845,97.49999415482348,51.630040514650695
519.2000000000005,97.44628917165645,31.43084748111845,97.49999583145329,52.76305376380344
519.2250000000005,97.56167974035591,31.348500313414444,97.49987805977543,55.47633461458108
519.2500000000005,97.56167974035591,31.348500313414444,97.49995811248104,56.6667252277618
519.2750000000004,97.43223257808202,31.38597030258444,97.49990702016957,49.0345745055608
519.3000000000004,97.43223257808202,31.38597030258444,97.4999440363103,51.88756012871043
519.3250000000005,97.40317539016792,31.503015362989316,97.49999999011379,38.711539097569194
519.3500000000005,97.40317539016792,31.503015362989316,97.49999988882333,31.744615845533595
519.3750000000005,97.27142575630936,31.618660174847054,97.49999958645242,24.0818506911489
519.4000000000004,97.27142575630936,31.618660174847054,97.49999999941237,57.480863118250305
519.4250000000004,96.99130210478894,31.68135394498715,97.49990215514237,56.63708554671816
519.4500000000005,96.99130210478894,31.68135394498715,97.49999986226659,57.247311892199185
519.4750000000005,96.8097621005549,31.76786511481981,97.49996184404756,47.754590261632714
519.5000000000005,96.8097621005549,31.76786511481981,97.49998039139844,55.361110743347574
519.5250000000004,96.64053424712962,31.783036229392923,97.49986196818912,51.48624364544852
519.5500000000004,96.64053424712962,31.783036229392923,97.49181186927903,41.23761426987963
519.5750000000005,96.59131625139604,31.832721709077568,96.93280269953104,37.8139464264493
519.6000000000005,96.59131625139604,31.832721709077568,97.38292342189439,25.524144227747005
519.6250000000005,96.58184622531375,31.822946094501717,97.318706560536,51.94678146834444
519.6500000000004,96.58184622531375,31.822946094501717,97.49998795405678,23.14321936879726
519.6750000000004,96.5782147946864,31.779389993373343,97.49999916503769,22.506386274204345
519.7000000000005,96.5782147946864,31.779389993373343,97.49745050776242,32.81263787263073
519.7250000000005,96.5839253636086,31.72735271966606,97.49996124143071,21.610781771001278
519.7500000000005,96.5839253636086,31.72735271966606,97.49999999931342,21.935172402932416
519.7750000000004,96.63392101452676,31.659194089123243,97.49999999896858,21.16906010342259
519.8000000000004,96.63392101452676,31.659194089123243,97.49998087861913,15.122433682226621
519.8250000000005,96.68559627028937,31.568399974725693,97.49998445575282,49.2102346580635
519.8500000000005,96.68559627028937,31.568399974725693,97.49999994558516,30.38499341812929
519.8750000000005,96.9317083314066,31.5628363173892,97.49999995239077,9.373033956796787
519.9000000000004,96.9317083314066,31.5628363173892,97.49999969056968,7.505111412571334
519.9250000000004,97.18536084789169,31.6550925167738,97.49999967021975,8.602212179319602
519.9500000000005,97.18536084789169,31.6550925167738,97.4999170394664,8.275025691865146
519.9750000000005,97.25637413246096,31.69400941843356,97.49998478527299,52.11651610776866
520.0000000000005,97.25637413246096,31.69400941843356,97.47528144093383,52.11128434916714
520.0250000000004,97.16344808962008,31.675616703914542,97.49944157643208,26.100550099605773
520.0500000000004,97.16344808962008,31.675616703914542,97.49996927032169,12.605245889479948
520.0750000000005,97.0780558023326,31.67628505257157,97.44843350889761,32.29021929391379
520.1000000000005,97.0780558023326,31.67628505257157,95.39690634314367,15.581628271790064
520.1250000000005,96.89372219468063,31.671547507914973,93.97926755247747,11.78467280283255
520.1500000000004,96.89372219468063,31.671547507914973,97.4950815356008,53.86492920061207
520.1750000000004,96.84923048598868,31.59134307595957,97.49152062563893,50.5791149512691
520.2000000000005,96.84923048598868,31.59134307595957,97.49941416334958,47.953157165983846
520.2250000000005,96.70107953533288,31.504660276132302,97.49804870203207,10.604948514797632
520.2500000000005,96.70107953533288,31.504660276132302,97.49891501685629,40.956128798362315
520.2750000000004,96.62961458723515,31.33864010029924,97.49893549925767,9.802064219687534
520.3000000000004,96.62961458723515,31.33864010029924,97.40017589933977,6.5871861340085305
520.3250000000005,96.713195047871,31.095359245642427,97.48406919084285,14.9312196041736
520.3500000000005,96.713195047871,31.095359245642427,95.68020757405189,3.1311175489583687
520.3750000000005,96.96302135389976,30.82872235457684,94.8963735026211,2.6426281085342973
520.4000000000004,96.96302135389976,30.82872235457684,94.70385917125319,3.273891896975628
520.4250000000004,97.26815960962416,30.62439875979957,93.8173793995004,2.5038111437521446
520.4500000000005,97.26815960962416,30.62439875979957,96.63488572953462,2.5007872228997794
520.4750000000005,97.55688975940572,30.4828993371392,97.17460739829413,2.5001696016728108
520.5000000000005,97.55688975940572,30.4828993371392,97.43990100632021,2.517958904551025
520.5250000000004,97.82072702608838,30.375282566817173,97.49854268172975,2.573333957621935
520.5500000000004,97.82072702608838,30.375282566817173,97.49874293831472,3.360135788267693
520.5750000000005,98.03627073360654,30.35146442784394,97.49924189342934,11.08943050268925
520.6000000000005,98.03627073360654,30.35146442784394,97.49999765852824,50.71958089615636
520.6250000000005,98.40369568135408,30.384421779498798,97.4999999987536,51.359191822255426
520.6500000000004,98.40369568135408,30.384421779498798,97.49999991424266,33.43715455083023
520.6750000000004,98.51446397481804,30.40862533157303,97.49999999995185,37.084909500132575
520.7000000000005,98.51446397481804,30.40862533157303,97.49999999995758,13.988464965129502
520.7250000000005,98.66221114305456,30.34024103712888,97.49999999997641,52.312459935682455
520.7500000000005,98.66221114305456,30.34024103712888,97.4999999999984,52.489943246640784
520.7750000000004,98.60676613689702,30.333328177694085,97.49999999994141,45.13162562921486
520.8000000000004,98.60676613689702,30.333328177694085,97.49999999984334,52.90385355445327
520.8250000000005,98.51360098131651,30.35343720512557,97.49999999999966,52.51948551123784
520.8500000000005,98.51360098131651,30.35343720512557,97.49999999999818,52.44590107168965
520.8750000000005,98.42712632852492,30.359789382299237,97.4999999955332,52.47568179121447
520.9000000000004,98.42712632852492,30.359789382299237,97.4999997518913,52.49923216396227
520.9250000000004,98.25515712078273,30.330902462646065,97.49999974382536,52.50000966852835
520.9500000000005,98.25515712078273,30.330902462646065,97.49999999498392,52.49852205615399
520.9750000000005,98.19375300856537,30.356386283097653,97.49999850092084,52.50023034246048
521.0000000000005,98.19375300856537,30.356386283097653,97.49999996110138,52.49999576765569
521.0250000000004,98.26160086393884,30.430988054799425,97.49999992417587,52.500001096000595
521.0500000000004,98.26160086393884,30.430988054799425,97.49999999884295,52.4999879865763
521.0750000000005,98.37627972774608,30.397612155661943,97.49999856625338,52.499426634203765
521.1000000000005,98.37627972774608,30.397612155661943,97.49999925462912,52.499995332968574
521.1250000000005,98.44279195990448,30.39472258481996,97.49999999278326,52.499987666031394
521.1500000000004,98.44279195990448,30.39472258481996,97.4999999974754,52.499802907744446
521.1750000000004,98.45762017017272,30.294358786827907,97.49999999998539,52.49986339587692
521.2000000000005,98.45762017017272,30.294358786827907,97.49999998689658,52.499917102640616
521.2250000000005,98.57898932492576,30.05901516670923,97.49999998289496,52.401898866478604
521.2500000000005,98.57898932492576,30.05901516670923,97.49999997287006,52.48837381636071
521.2750000000004,98.7152795113016,29.86024654765792,97.49999999848833,52.49999891467185
521.3000000000004,98.7152795113016,29.86024654765792,97.49999999866564,52.49999046108385
521.3250000000005,98.61363577902928,29.5900567234876,97.49999997341139,52.49631104039458
521.3500000000005,98.61363577902928,29.5900567234876,97.49999061768177,51.8907037548701
521.3750000000005,98.38966756595528,29.299708257353856,97.49972267525368,49.61284203708673
521.4000000000004,98.38966756595528,29.299708257353856,97.49999523724027,46.17906657007976
521.4250000000004,98.07038974250972,29.082663509974594,97.49922127299757,41.29069445035349
521.4500000000005,98.07038974250972,29.082663509974594,97.49928205968779,37.33552596388284
521.4750000000005,97.7991722592883,28.953855756676628,95.97531927693565,3.4655604406827343
521.5000000000005,97.7991722592883,28.953855756676628,94.99194550208432,10.006771897185851
521.5250000000004,97.54301765890855,28.900527579165704,92.88736308324137,4.568683152311462
521.5500000000004,97.54301765890855,28.900527579165704,93.45320617275857,5.841363827321977
521.5750000000005,97.37286658425614,28.794478271797725,94.18833316873774,9.42040406174112
521.6000000000005,97.37286658425614,28.794478271797725,95.97454976916175,15.820899810072449
521.6250000000005,97.17664511768083,28.63868990909785,96.66421170178779,10.133663730789674
521.6500000000004,97.17664511768083,28.63868990909785,96.93847729347593,3.886794744143794
521.6750000000004,97.0689048655817,28.45161841068076,97.4369887573022,5.020641260472293
521.7000000000005,97.0689048655817,28.45161841068076,97.1342035245451,5.32870476824741
521.7250000000005,96.98352551902144,28.27307638960304,97.4651052438921,4.710335299940957
521.7500000000005,96.98352551902144,28.27307638960304,97.39321788169381,5.058066952705261
521.7750000000004,96.98187022568004,28.026821008475046,96.96614995889809,9.836690047313596
521.8000000000004,96.98187022568004,28.026821008475046,96.2870776667349,16.85136580303312
521.8250000000005,96.89593308919297,27.83822473722054,97.43237701045612,5.69633518499246
521.8500000000005,96.89593308919297,27.83822473722054,97.49896802252051,7.238630618789337
521.8750000000005,96.8591899723694,27.66324082549182,97.49918957378367,7.452374423836126
521.9000000000004,96.8591899723694,27.66324082549182,97.49742045964251,21.1447587672895
521.9250000000004,97.00431978795768,27.431498181513568,97.49956311442908,51.978986224215014
521.9500000000005,97.00431978795768,27.431498181513568,97.49970886096521,52.332303298605986
521.9750000000005,97.06982487457454,27.14188103240399,97.49922632704843,46.08349020857106
522.0000000000005,97.06982487457454,27.14188103240399,97.49999059935708,12.010657526681708
522.0250000000004,96.99528415840796,26.967022829933924,97.49999874198116,7.538590883693856
522.0500000000004,96.99528415840796,26.967022829933924,97.49999997664521,7.497404291927729
522.0750000000005,97.0559109994152,26.74371571595439,97.49980643823045,5.81472281651099
522.1000000000005,97.0559109994152,26.74371571595439,97.4997906554739,3.0386925051365212
522.1250000000005,97.26218826877025,26.53340361260338,97.49999588833874,4.49270821639624
522.1500000000004,97.26218826877025,26.53340361260338,97.49996598771038,6.198892547218755
522.1750000000004,97.45284989470356,26.24457198087795,97.49974167472486,7.490848536273146
522.2000000000005,97.45284989470356,26.24457198087795,97.49999875774945,7.499349127982751
522.2250000000005,97.71425011691773,26.076846899372857,97.49999888527746,7.479065871638347
522.2500000000005,97.71425011691773,26.076846899372857,97.49990011572682,6.048005452013795
522.2750000000004,98.02689999325229,26.107630384004693,97.49976466851096,4.99274608009115
522.3000000000004,98.02689999325229,26.107630384004693,97.4999832009155,7.349664640622947
522.3250000000005,98.15525609873468,26.223151495017248,97.49999964629255,8.61110289886392
522.3500000000005,98.15525609873468,26.223151495017248,97.49999661805391,7.418082876804855
522.3750000000005,98.31644296379358,26.296171662406664,97.49988417373142,7.4420380836348
522.4000000000004,98.31644296379358,26.296171662406664,97.4999871184671,39.42091299146761
522.4250000000004,98.20925952793976,26.355621316071957,97.49803478789758,44.14279007815471
522.4500000000005,98.20925952793976,26.355621316071957,97.4998939320807,40.0953543722633
522.4750000000005,98.17775287576532,26.517701484937007,97.49995823353565,47.24616898441281
522.5000000000005,98.17775287576532,26.517701484937007,97.49936181394749,39.74059921598594
522.5250000000004,98.05930307447684,26.76213267575613,97.49988098285026,42.6533860243405
522.5500000000004,98.05930307447684,26.76213267575613,97.49926842095167,2.530318413191813
522.5750000000005,98.06888792218145,27.176226816781668,97.49941656561606,2.79592701186571
522.6000000000005,98.06888792218145,27.176226816781668,97.49991519150475,10.023902135437538
522.6250000000005,98.19548561598704,27.611227883964297,97.49956662696631,21.447273421511035
522.6500000000004,98.19548561598704,27.611227883964297,97.49984582036346,22.473788195235358
522.6750000000004,98.22713940513222,27.97752980396536,97.49998789757807,51.032020780639215
522.7000000000005,98.22713940513222,27.97752980396536,97.49862930956475,51.02591798534118
522.7250000000005,98.02824300485555,28.322394456419868,97.49984422763143,46.78548861441149
522.7500000000005,98.02824300485555,28.322394456419868,97.49998903613131,52.19504901338053
522.7750000000004,97.78969851815069,28.572774679113166,97.49894674728476,52.24764210520941
522.8000000000004,97.78969851815069,28.572774679113166,97.49991152387595,50.231137071269075
522.8250000000005,97.5505456925339,28.690172457693063,97.49976928508981,51.15643213387896
522.8500000000005,97.5505456925339,28.690172457693063,97.49896667754628,52.44216607095361
522.8750000000005,97.54712912486244,28.775364880842886,97.49995766599514,51.38833503074429
522.9000000000004,97.54712912486244,28.775364880842886,97.49993774978296,52.38297671123106
522.9250000000004,97.5921316807587,28.909533370832623,97.49900533100603,52.43340263483119
522.9500000000005,97.5921316807587,28.909533370832623,97.4999971403654,52.357700658989465
522.9750000000005,97.6555614735286,29.08423749573577,97.4999838520931,51.89714718899606
523.0000000000005,97.6555614735286,29.08423749573577,97.49998868937713,50.36445065590798
523.0250000000004,97.66165959497584,29.287857048935816,97.4996580088848,51.90604577458743
523.0500000000004,97.66165959497584,29.287857048935816,97.49856617057638,40.010241864522904
523.0750000000005,97.5189152887125,29.43211681569542,97.4999956647216,9.49897134608037
523.1000000000005,97.5189152887125,29.43211681569542,97.49999994072667,9.944755028817074
523.1250000000005,97.30833645890137,29.503028774424877,97.49999994297777,7.496374682247001
523.1500000000004,97.30833645890137,29.503028774424877,97.49999994683378,7.489641188582373
523.1750000000004,97.10415228556644,29.611467786188463,97.4999998745867,8.631093510623664
523.2000000000005,97.10415228556644,29.611467786188463,97.4999999930083,10.964875733611446
523.2250000000005,96.87844547358424,29.749393817779985,97.49999864339102,12.45372568429283
523.2500000000005,96.87844547358424,29.749393817779985,97.49999999900332,18.292690776168445
523.2750000000004,96.77133224909274,29.933077862162783,97.49999999993382,17.869821257971367
523.3000000000004,96.77133224909274,29.933077862162783,97.49999999911589,22.509288216259108
523.3250000000005,96.7607298158986,30.167899796673183,97.4999998689766,24.522396734330606
523.3500000000005,96.7607298158986,30.167899796673183,97.49999419346113,22.502007175270098
523.3750000000005,96.8372514211169,30.39598448416016,97.49720946854126,23.638506682819692
523.4000000000004,96.8372514211169,30.39598448416016,97.4995375854831,23.467427971755875
523.4250000000004,96.8866948754616,30.60496666700872,97.49983141698276,52.42640988204773
523.4500000000005,96.8866948754616,30.60496666700872,97.49991933131172,52.263806939082144
523.4750000000005,96.90416224308764,30.797924182799253,97.49999906095341,52.14476259262397
523.5000000000005,96.90416224308764,30.797924182799253,97.49769554112046,12.547318638522032
523.5250000000004,97.10982936832366,31.046787073203653,97.48322016623024,9.527938300611375
523.5500000000004,97.10982936832366,31.046787073203653,97.49813805384716,20.258750813697308
523.5750000000005,97.38493010080542,31.353614730221818,97.4951730941415,22.41941462934697
523.6000000000005,97.38493010080542,31.353614730221818,92.5136736864645,27.445017624841878
523.6250000000005,97.46075481688044,31.79271635721936,94.4340416487601,30.752663522124855
523.6500000000004,97.46075481688044,31.79271635721936,92.67706664077801,32.79780521806858
523.6750000000004,97.4695211766107,32.27616441162138,96.86947833000481,22.884253918082177
523.7000000000005,97.4695211766107,32.27616441162138,96.43316838505578,46.03207869421446
523.7250000000005,97.37537567618628,32.61091202353556,92.51226408272018,32.54051071568724
523.7500000000005,97.37537567618628,32.61091202353556,96.31633850415176,45.241030381473344
523.7750000000004,97.39722575483164,32.87902899756471,97.26573125026943,42.13087149957635
523.8000000000004,97.39722575483164,32.87902899756471,96.91952298898813,50.06356809045217
523.8250000000005,97.2490404463005,33.06554238619818,97.49999112777472,52.5550921625161
523.8500000000005,97.2490404463005,33.06554238619818,97.49999924027982,52.65582571556839
523.8750000000005,97.20128871226775,33.35862908674385,97.49999967885803,52.54367145230042
523.9000000000004,97.20128871226775,33.35862908674385,97.49987399639726,44.15222768822161
523.9250000000004,97.2105745757617,33.697122368484514,97.49999999614714,47.49123006827091
523.9500000000005,97.2105745757617,33.697122368484514,97.49999959359333,48.87892659306975
523.9750000000005,97.1531621834289,34.015271409582944,97.49999685478755,30.303652126075747
524.0000000000005,97.1531621834289,34.015271409582944,97.49999933243977,52.253663979292696
524.0250000000004,97.16481195641065,34.24195132841843,97.49998713890265,52.331178973681666
524.0500000000004,97.16481195641065,34.24195132841843,97.49995498779363,50.57293880719687
524.0750000000005,97.23188044464032,34.53162479887295,97.49993611240488,46.437498646182846
524.1000000000005,97.23188044464032,34.53162479887295,97.47106988832326,52.0833123591322
524.1250000000005,97.25248009909716,34.74547852504403,97.34461248319145,34.73470626251055
524.1500000000004,97.25248009909716,34.74547852504403,97.49998404879399,52.430233404824996
524.1750000000004,97.37996985215293,35.104887665746546,97.49999613643622,52.3902975121924
524.2000000000005,97.37996985215293,35.104887665746546,97.4999993769499,55.57235971597379
524.2250000000005,97.6469286055848,35.442772317281715,97.4999999999999,57.45521762017348
524.2500000000005,97.6469286055848,35.442772317281715,97.49999999999986,57.49743260190926
524.2750000000004,97.78449185506746,35.870817864524625,97.49999999980473,57.49957910646473
524.3000000000004,97.78449185506746,35.870817864524625,97.49999999992913,57.499975127668876
524.3250000000005,97.8206284986054,36.53377208328671,97.49999999996155,57.49989232072562
524.3500000000005,97.8206284986054,36.53377208328671,97.4999999727548,57.49987909946027
524.3750000000005,97.70505637314577,37.17276505887453,97.49999966139993,57.49741948107396
524.4000000000004,97.70505637314577,37.17276505887453,97.49999996663301,57.458507302003014
524.4250000000004,97.71588709834748,37.90709895904683,97.48940948012351,57.517015291960874
524.4500000000005,97.71588709834748,37.90709895904683,96.95700856986059,56.717932229899525
524.4750000000005,97.78651484744762,38.515680550096974,96.12689098535462,59.199300212171075
524.5000000000005,97.78651484744762,38.515680550096974,97.14684431307866,54.87257875728017
524.5250000000004,97.6518347616257,38.90282959832461,97.49236920356577,53.68222672776967
524.5500000000004,97.6518347616257,38.90282959832461,96.97010688987565,62.49696096369976
524.5750000000005,97.68163807076792,39.2948647410618,95.25752953034682,62.41812973993236
524.6000000000005,97.68163807076792,39.2948647410618,96.71512440197864,60.8070110076751
524.6250000000005,97.82839428299458,39.64469065047042,97.48835049085041,59.33815513787676
524.6500000000004,97.82839428299458,39.64469065047042,97.49411369679038,52.737086186320774
524.6750000000004,97.9736913990858,39.9732967827255,97.49994136492388,52.46830543400896
524.7000000000005,97.9736913990858,39.9732967827255,97.4770126482418,52.374196431043806
524.7250000000005,98.05340598255866,40.18819113510957,94.93544305463574,38.269222790002274
524.7500000000005,98.05340598255866,40.18819113510957,97.4994693551203,47.548810061421186
524.7750000000004,98.1434931908957,40.39575761499977,97.49087137230966,52.50107423826554
524.8000000000004,98.1434931908957,40.39575761499977,97.49980146931374,52.13792111891701
524.8250000000005,98.32714922282965,40.648311939232926,97.49987637897901,52.50097406054635
524.8500000000005,98.32714922282965,40.648311939232926,95.6539409996489,52.50679136764805
524.8750000000005,98.54503313794008,40.95434494996086,97.49975845107632,52.509942405178265
524.9000000000004,98.54503313794008,40.95434494996086,97.49997079570777,52.43683529694324
524.9250000000004,98.85949928209382,41.37383116757536,97.4999974322737,55.01264699399882
524.9500000000005,98.85949928209382,41.37383116757536,97.49998363060004,53.957984152459126
524.9750000000005,98.85027686859632,41.93842536970671,97.49874526197229,53.31314289952262
525.0000000000005,98.85027686859632,41.93842536970671,97.49969131339539,52.56455169352745
525.0250000000004,98.76948520916616,42.849402920206224,97.49999961097329,49.20165076854899
525.0500000000004,98.76948520916616,42.849402920206224,97.49999994457245,52.496847802725796
525.0750000000005,98.45702176098608,43.81519434419176,97.49999999996614,52.496261736718814
525.1000000000005,98.45702176098608,43.81519434419176,97.49999999996362,52.43066614391781
525.1250000000005,97.99982482552052,44.76077465817212,97.4999999999708,52.43378465936501
525.1500000000004,97.99982482552052,44.76077465817212,97.49999999900854,52.57649862496389
525.1750000000005,97.45071864713222,45.71944704649128,97.49999999695093,49.84862164546208
525.2000000000005,97.45071864713222,45.71944704649128,97.49999999923273,52.54964955189051
525.2250000000005,96.98581194114306,46.652764717493625,97.4999999964022,52.482149542316215
525.2500000000005,96.98581194114306,46.652764717493625,97.49999986550299,51.930578981984006
525.2750000000004,96.66015294125609,47.4941475304395,97.49999996305687,49.257724501448976
525.3000000000005,96.66015294125609,47.4941475304395,97.4999999996879,47.50022714049165
525.3250000000005,96.3889917401574,48.54113665239711,97.49999999999977,47.50000076427424
525.3500000000005,96.3889917401574,48.54113665239711,97.4999999999998,47.50000015053404
525.3750000000005,95.9261830778236,49.55638982526344,97.49999999999845,47.50000690433088
525.4000000000004,95.9261830778236,49.55638982526344,97.49999999982016,47.50006067772058
525.4250000000005,95.44878064429108,50.71882554746598,97.49999999944674,47.50269668962398
525.4500000000005,95.44878064429108,50.71882554746598,97.49999999714288,47.52101514207054
525.4750000000005,95.05359286649671,51.96317268188465,97.49999999853947,47.50303474102083
525.5000000000005,95.05359286649671,51.96317268188465,97.49999415495544,48.10864720532328
525.5250000000004,94.77442161267098,53.174633282278805,97.49998197883298,53.18622708116193
525.5500000000005,94.77442161267098,53.174633282278805,97.49992088431809,58.721116013918
525.5750000000005,94.41696192724947,54.29727506300356,97.49997756587469,53.44983028838799
525.6000000000005,94.41696192724947,54.29727506300356,97.49972677623896,61.69908305324256
525.6250000000005,94.15476464595616,55.49721700577129,97.49881941808917,61.59270703746002
525.6500000000004,94.15476464595616,55.49721700577129,97.49996941722831,51.60823453777331
525.6750000000005,93.85589437212882,56.73099233529613,97.4998464121104,48.54397702672098
525.7000000000005,93.85589437212882,56.73099233529613,97.49150830538035,58.30585628334683
525.7250000000005,93.38535045884804,57.78059369440992,97.07276069818842,61.602619804000135
525.7500000000005,93.38535045884804,57.78059369440992,96.42446412399502,63.73188553227145
525.7750000000004,92.76577350587615,58.75689773914728,94.42100814917589,67.1013854074793
525.8000000000005,92.76577350587615,58.75689773914728,87.7141153857681,77.22978891860588
525.8250000000005,92.1016200177426,59.85514829979866,95.1528439286836,66.12803846438375
525.8500000000005,92.1016200177426,59.85514829979866,90.60538372795857,74.35588186037295
525.8750000000005,91.40343253723418,60.98236664830571,92.49975163627498,72.58200987971007
525.9000000000004,91.40343253723418,60.98236664830571,91.91560092581484,75.42243439699155
525.9250000000005,90.8570109553729,62.06265119035754,92.49853823867265,72.50717896556752
525.9500000000005,90.8570109553729,62.06265119035754,92.38218015343323,73.0887107777491
525.9750000000005,90.189363482916,63.25074811225962,92.49999991325888,72.49911134282249
526.0000000000005,90.189363482916,63.25074811225962,92.49999354607176,71.94704539030342
526.0250000000004,89.45022045715568,64.14721658506015,92.49998151034302,72.49555405815508
526.0500000000005,89.45022045715568,64.14721658506015,92.49988935330548,72.49501501137759
526.0750000000005,88.75851369427875,65.11830753305541,92.11945259109416,72.94154585169083
526.1000000000005,88.75851369427875,65.11830753305541,92.49839646331866,72.49898629988948
526.1250000000005,88.14610547651452,66.03971100090934,92.3732926066811,72.7007092735523
526.1500000000004,88.14610547651452,66.03971100090934,92.39717219345336,72.6479651493604
526.1750000000005,87.6170114724762,66.81265238284621,87.98868668775606,93.1392930057641
526.2000000000005,87.6170114724762,66.81265238284621,87.70021586118403,78.00269761772145
526.2250000000005,86.8956365428156,67.74571634568917,87.50119469314292,97.48140562241193
526.2500000000005,86.8956365428156,67.74571634568917,87.5020244519984,97.48722140942459
526.2750000000004,86.19568752677559,68.69949304611154,87.52357157437528,97.36417562306933
526.3000000000005,86.19568752677559,68.69949304611154,87.58193275891057,96.62574823723163
526.3250000000005,85.54814624445565,69.76146741358548,87.55446449107026,97.22740773979261
526.3500000000005,85.54814624445565,69.76146741358548,87.50559045873923,97.45172394337831
526.3750000000005,84.90885598334764,70.74688151146174,88.24797512481922,77.61262593780276
526.4000000000004,84.90885598334764,70.74688151146174,89.90602973984406,80.07219053144851
526.4250000000005,84.31537050128092,71.60140900435937,87.59090660424282,77.49990434962821
526.4500000000005,84.31537050128092,71.60140900435937,90.50837493867954,80.15888163344394
526.4750000000005,83.60157975251663,72.4880095953909,87.82687019548084,77.78396788918467
526.5000000000005,83.60157975251663,72.4880095953909,88.73270909476057,76.1880476410895
526.5250000000004,83.0043407518352,73.2686410273062,88.32340779186569,91.83022757166034
526.5500000000005,83.0043407518352,73.2686410273062,88.17588837293415,94.09425533182163
526.5750000000005,82.32357211152818,74.11540782173218,88.05136442246301,94.67747787245901
526.6000000000005,82.32357211152818,74.11540782173218,87.52691302443358,97.37488044912948
526.6250000000005,81.80734299832935,74.76069489791993,87.63723102818253,97.03995497918044
526.6500000000004,81.80734299832935,74.76069489791993,89.24013898119566,92.1980886349156
526.6750000000005,81.34060590733729,75.22023887086637,91.60409044772506,85.1744835773234
526.7000000000005,81.34060590733729,75.22023887086637,87.7338194980748,96.83407794317753
526.7250000000005,80.94624528577428,75.67661986706581,87.50715135812288,97.47467237436095
526.7500000000005,80.94624528577428,75.67661986706581,87.50027200046938,97.49998210230383
526.7750000000004,80.75617861121157,75.94925265081484,87.50084137721164,97.49487871290948
526.8000000000005,80.75617861121157,75.94925265081484,87.50036581488638,97.48947986050932
526.8250000000005,80.50225802544149,76.26873813789366,87.50020555257981,97.05092080734119
526.8500000000005,80.50225802544149,76.26873813789366,87.50006133132021,78.66422651619993
526.8750000000005,80.1937145802962,76.54320489138516,87.5000210722772,86.83658101902677
526.9000000000004,80.1937145802962,76.54320489138516,87.50003236843668,97.42573939443456
526.9250000000005,79.66389744932084,76.78374776932006,87.52516266316097,89.69914552082182
526.9500000000005,79.66389744932084,76.78374776932006,87.65174998380488,77.78230600019543
526.9750000000005,78.85574332878292,77.03849396393554,92.16429830089763,74.04679220928567
527.0000000000005,78.85574332878292,77.03849396393554,92.48209689191678,72.5230138970502
527.0250000000004,78.24946368076395,77.18625589395512,92.43806685314587,72.56269628492909
527.0500000000005,78.24946368076395,77.18625589395512,90.92468851972704,74.09976174812861
527.0750000000005,77.75612051873905,77.31926442068733,92.42345432773791,72.73275764014879
527.1000000000005,77.75612051873905,77.31926442068733,92.49921933178676,72.50656735427621
527.1250000000005,77.48758628632726,77.35860349779924,92.47356890025121,72.74259643823697
527.1500000000004,77.48758628632726,77.35860349779924,92.10973119197848,72.89654594220076
527.1750000000005,77.28364192685325,77.38945233872515,92.24902871395403,73.19293063766223
527.2000000000005,77.28364192685325,77.38945233872515,92.45012494366438,77.41279278388208
527.2250000000005,77.07077888169135,77.43497415412746,92.49090302054368,77.50176764759769
527.2500000000005,77.07077888169135,77.43497415412746,92.4999764207902,77.49955966032688
527.2750000000004,76.77278625915325,77.53941110688659,92.49155895558982,77.53508617762095
527.3000000000005,76.77278625915325,77.53941110688659,92.49942976047984,77.44088012370494
527.3250000000005,76.36089840885266,77.6303887301042,92.49994260597178,74.9600334298652
527.3500000000005,76.36089840885266,77.6303887301042,92.49902268125408,77.61137008774085
527.3750000000005,75.96882819795167,77.63552072697273,92.49885606032214,78.1448151213481
527.4000000000004,75.96882819795167,77.63552072697273,92.4979151566709,77.59044463403336
527.4250000000005,75.56056623275946,77.54805493511437,80.81046306413393,75.35617432492711
527.4500000000005,75.56056623275946,77.54805493511437,91.61249846611605,79.92699368899396
527.4750000000005,75.11917596139565,77.39251878817058,92.48519228807928,73.55738568029795
527.5000000000005,75.11917596139565,77.39251878817058,92.44025283976552,72.69465135958038
527.5250000000004,74.83489195989922,77.23809791468192,92.4996062069793,72.6175897868773
527.5500000000005,74.83489195989922,77.23809791468192,92.4999356230572,72.57075091906451
527.5750000000005,74.55267828049499,77.01954151302375,92.49593472349383,73.94604709622611
527.6000000000005,74.55267828049499,77.01954151302375,92.4996811871349,72.65656168222286
527.6250000000005,74.35032057019204,76.85560661520289,92.49995721019097,72.52194595120156
527.6500000000004,74.35032057019204,76.85560661520289,92.49988927201379,72.57226723492252
527.6750000000005,73.99220175590222,76.54985672347794,92.49999999629276,72.52404777299722
527.7000000000005,73.99220175590222,76.54985672347794,92.4999945866281,72.55961940882071
527.7250000000005,73.70341731255897,76.23092341672516,92.15416161669698,73.29331373359369
527.7500000000005,73.70341731255897,76.23092341672516,92.11998944690718,73.81116095371618
527.7750000000004,73.45933591371613,75.9708229119864,87.74169255640511,77.48282478005565
527.8000000000005,73.45933591371613,75.9708229119864,87.56429524480167,77.49977272760198
527.8250000000005,73.15955953778509,75.71905595086443,87.83773397538745,77.49976748125056
527.8500000000005,73.15955953778509,75.71905595086443,89.24802670072947,77.4947501129628
527.8750000000005,72.92500528843296,75.53301087383014,92.4875547711738,75.16065721335367
527.9000000000004,72.92500528843296,75.53301087383014,92.49486834217274,77.17382533489636
527.9250000000005,72.69783575658323,75.30609457481322,92.49980813078133,77.48030170662783
527.9500000000005,72.69783575658323,75.30609457481322,92.49999905572385,77.46858057103682
527.9750000000005,72.5101518626994,75.16278886940756,92.49999996466794,77.4985961660976
528.0000000000005,72.5101518626994,75.16278886940756,92.49999996630824,77.457236290471
528.0250000000004,72.40821154503895,75.10566695399858,92.49996649613152,73.87669147637953
528.0500000000005,72.40821154503895,75.10566695399858,92.49999344887424,72.53819416574483
528.0750000000005,72.32270200255492,75.07602730294217,92.49999999923699,72.55831673878525
528.1000000000005,72.32270200255492,75.07602730294217,92.49999996020792,72.72112175230829
528.1250000000005,72.13312045161604,75.05006250268396,92.50000000000607,77.41214606854025
528.1500000000004,72.13312045161604,75.05006250268396,92.49998455711165,77.2288254623091
528.1750000000005,71.91427636233404,75.05511435347206,92.49999974891534,76.58172107987257
528.2000000000005,71.91427636233404,75.05511435347206,92.49999982969092,77.41722705502725
528.2250000000005,71.77603109719786,75.05822694227321,92.49997111006681,77.02584376560262
528.2500000000005,71.77603109719786,75.05822694227321,92.49999180440106,77.48974885064747
528.2750000000004,71.64624267368282,75.05147519646673,92.49999999964697,77.49694839023792
528.3000000000005,71.64624267368282,75.05147519646673,92.49999995498854,77.48891284075444
528.3250000000005,71.50603430421165,75.00349980082055,92.02852209378264,77.47357677652928
528.3500000000005,71.50603430421165,75.00349980082055,92.35292158384567,73.96361051717287
528.3750000000005,71.24142098671953,74.87360287657616,92.46851080685887,72.6312167675364
528.4000000000004,71.24142098671953,74.87360287657616,92.45538811682772,72.57023344599415
528.4250000000005,71.02843781271133,74.79398108997304,92.49642393606106,72.51715686047406
528.4500000000005,71.02843781271133,74.79398108997304,92.43224607060687,72.43871799186184
528.4750000000005,70.78511226036733,74.76814272606983,92.47741192852843,72.4774539456663
528.5000000000005,70.78511226036733,74.76814272606983,83.28333178073916,63.28772852795966
528.5250000000004,70.55705717123234,74.76906803566713,65.96939136356954,45.969584057238826
528.5500000000005,70.55705717123234,74.76906803566713,62.87065485872962,42.87974291652773
528.5750000000005,70.32480994686814,74.79043154637375,62.56988927804774,42.57077966133379
528.6000000000005,70.32480994686814,74.79043154637375,62.89350458646788,42.91699481970282
528.6250000000005,70.08461739542891,74.79271064437573,64.73091289988412,45.11862503622128
528.6500000000004,70.08461739542891,74.79271064437573,89.57078459452116,74.18674843483933
528.6750000000005,69.84733326335217,74.75526607373736,91.95640816324519,78.16104886838657
528.7000000000005,69.84733326335217,74.75526607373736,92.47786471083418,79.62729054187453
528.7250000000005,69.6133621459536,74.67822391217634,76.16876444912386,75.91286465698734
528.7500000000005,69.6133621459536,74.67822391217634,91.88770548188127,77.39814010900108
528.7750000000004,69.26812822957912,74.51746279196246,64.60853681494105,77.7699800889822
528.8000000000005,69.26812822957912,74.51746279196246,42.71367139788589,77.49974439778771
528.8250000000005,68.8716184585948,74.256412760595,92.08719741333994,77.45012608630235
528.8500000000005,68.8716184585948,74.256412760595,92.4375581538303,77.5004817288107
528.8750000000005,68.49027715512979,74.0434069191111,92.08648327532664,77.49675938382914
528.9000000000004,68.49027715512979,74.0434069191111,90.41712219748422,77.47305035353784
528.9250000000005,68.13111385416626,73.8439698011068,43.87094040130548,76.82149991466541
528.9500000000005,68.13111385416626,73.8439698011068,33.689675348167604,72.95098280740253
528.9750000000005,67.8504622670719,73.63307520895678,32.62020728885546,72.51060292648866
529.0000000000005,67.8504622670719,73.63307520895678,34.58844162666381,73.28807824954053
529.0250000000004,67.66543358352396,73.40739437038712,92.0159082702577,77.37739068854275
529.0500000000005,67.66543358352396,73.40739437038712,92.23956092748081,73.70274705131327
529.0750000000005,67.42931276237218,73.03376215412243,87.57046212379645,74.73072138849416
529.1000000000005,67.42931276237218,73.03376215412243,84.68837275164441,74.89136497286869
529.1250000000005,67.20663371064286,72.60791296334568,92.49905171298761,76.1730548095782
529.1500000000004,67.20663371064286,72.60791296334568,92.49996890661038,76.80055752637814
529.1750000000005,66.97929233377505,72.07472127742933,92.49999872771922,72.84924407142452
529.2000000000005,66.97929233377505,72.07472127742933,92.49999999635816,76.43796732270249
529.2250000000005,66.77514581484154,71.67044183122775,92.50000000202606,69.16407559748643
529.2500000000005,66.77514581484154,71.67044183122775,92.50000000043194,73.79099320475635
529.2750000000004,66.53030108231329,71.22800378620612,92.50000000003928,77.39376999147754
529.3000000000005,66.53030108231329,71.22800378620612,92.49999999989157,77.48654957679682
529.3250000000005,66.22188227095693,70.76920364810616,92.49999999966099,77.48415049726265
529.3500000000005,66.22188227095693,70.76920364810616,92.49999993442485,77.49571319066222
529.3750000000005,65.90534733783775,70.40988352734053,92.49996012078712,77.4827663539807
529.4000000000004,65.90534733783775,70.40988352734053,92.37969082521636,77.26319026109996
529.4250000000005,65.57228096516982,70.12785284835566,62.48692838906069,42.52264672560076
529.4500000000005,65.57228096516982,70.12785284835566,52.53675877894287,57.49036779603016
529.4750000000005,65.21740615228909,69.80206429151791,52.99642123014674,57.61025744888757
529.5000000000005,65.21740615228909,69.80206429151791,52.50194895661627,57.52057469854752
529.5250000000004,64.91053126083631,69.44031888456695,52.50037836962602,57.49878271513824
529.5500000000005,64.91053126083631,69.44031888456695,52.49971995404101,57.50056307791016
529.5750000000005,64.59662221694978,69.06620885752868,52.49982227151417,57.50035564216206
529.6000000000005,64.59662221694978,69.06620885752868,52.49976549836421,57.50047040290116
529.6250000000005,64.27114684663977,68.6565851002816,52.50000013774099,57.5000001480362
529.6500000000004,64.27114684663977,68.6565851002816,52.499988442355104,57.50002452482854
529.6750000000005,64.07722920855092,68.27298769903994,52.50214679991177,57.501080443958045
529.7000000000005,64.07722920855092,68.27298769903994,52.50706044477671,57.492896001572674
529.7250000000005,63.91364429015683,67.90358144620731,51.85762850305664,58.83922751338202
529.7500000000005,63.91364429015683,67.90358144620731,52.44713114889236,57.61624164917414
529.7750000000004,63.72398379408142,67.43772779176139,45.51548325067522,71.60836141660478
529.8000000000005,63.72398379408142,67.43772779176139,52.584843108195955,57.375078399360206
529.8250000000005,63.59991091845109,66.88511110056396,52.50003701560449,57.51478460910408
529.8500000000005,63.59991091845109,66.88511110056396,50.08138368100851,63.03347592207136
529.8750000000005,63.5882498987146,66.27597931771965,79.2546212390002,70.17276728479982
529.9000000000004,63.5882498987146,66.27597931771965,55.868991916446056,75.7462994500379
529.9250000000005,63.53079828304816,65.7574857839851,67.5089600734164,67.54736318314514
529.9500000000005,63.53079828304816,65.7574857839851,91.80449388380597,72.00376475069011
529.9750000000005,63.42108439240456,65.31630710070951,74.16136982397789,60.80626229726004
530.0000000000005,63.42108439240456,65.31630710070951,63.77018246333691,44.90373123946894
530.0250000000004,63.3648307048693,64.72965563923862,68.81669044461532,59.74868564990517
530.0500000000005,63.3648307048693,64.72965563923862,92.8610637651375,60.19354178165555
530.0750000000005,63.23374079020889,64.13053934957634,81.10137667150488,53.124716220350756
530.1000000000005,63.23374079020889,64.13053934957634,62.54374561763279,47.512214945997364
530.1250000000005,63.079558577298975,63.583544711290486,62.499847954958724,47.50000200139803
530.1500000000004,63.079558577298975,63.583544711290486,69.08124373369301,56.05153917232258
530.1750000000005,62.89349180712168,63.06582385314482,64.23976921892405,52.521145723612456
530.2000000000005,62.89349180712168,63.06582385314482,86.48260205701162,71.0895171326967
530.2250000000005,62.70951255370781,62.58677929254481,58.6371964369936,48.309367043222096
530.2500000000005,62.70951255370781,62.58677929254481,80.15658834597467,63.70124315944837
530.2750000000004,62.42729664010968,62.03614179918051,57.500044410461804,47.50003183622677
530.3000000000005,62.42729664010968,62.03614179918051,57.49999171314712,47.50002090014872
530.3250000000005,62.204445907155936,61.80393574026638,57.45346110044073,47.59315671788709
530.3500000000005,62.204445907155936,61.80393574026638,57.38099513905711,47.7379821487264
530.3750000000005,61.90881376280779,61.5039582492074,57.499650746980215,47.500698400151
530.4000000000004,61.90881376280779,61.5039582492074,57.49845611257661,47.50309856412451
530.4250000000005,61.58569873615958,61.253987377052745,57.49998591587425,47.50002945468883
530.4500000000005,61.58569873615958,61.253987377052745,57.50299325041563,47.497004016242784
530.4750000000005,61.20204689768808,60.97488518262782,57.48818912455204,47.518918589128845
530.5000000000005,61.20204689768808,60.97488518262782,52.706617596987655,57.08791883981679
530.5250000000004,60.8367065258626,60.72880945787825,57.74381402040501,47.31859586030159
530.5500000000005,60.8367065258626,60.72880945787825,60.94466543672605,44.08277009512221
530.5750000000005,60.42946694782852,60.38271689472609,57.50532504191798,47.49438541981593
530.6000000000005,60.42946694782852,60.38271689472609,61.63269253441529,43.36713646910172
530.6250000000005,59.96614986739224,60.043361186494,61.53806610105963,43.51557154867103
530.6500000000004,59.96614986739224,60.043361186494,62.49597573127682,42.50596651291972
530.6750000000005,59.41844515070734,59.62223656653659,61.41455069629338,44.12805305529849
530.7000000000005,59.41844515070734,59.62223656653659,52.57120640344463,57.39314402165796
530.7250000000005,58.75812248854394,59.13858951893848,53.21730459274715,56.379602399768494
530.7500000000005,58.75812248854394,59.13858951893848,56.972836327773834,50.7905953532525
530.7750000000004,58.27025765035226,58.74757602665424,52.523535165259716,57.464696160691105
530.8000000000005,58.27025765035226,58.74757602665424,52.77696747475536,57.08447019412353
530.8250000000005,57.77155333561278,58.30755370071861,52.49826832388701,57.50083159635895
530.8500000000005,57.77155333561278,58.30755370071861,52.90898932129837,56.881895074600905
530.8750000000005,57.40150300795288,57.816415646153054,52.605138066326184,57.34214002287571
530.9000000000004,57.40150300795288,57.816415646153054,52.55140869030877,57.42082676099758
530.9250000000005,57.03904019224919,57.29266802636992,52.49812949979543,57.498722699878876
530.9500000000005,57.03904019224919,57.29266802636992,54.73833060169128,54.142296723749716
530.9750000000005,56.659326534604304,56.79448602793368,54.66103104182077,54.25670891052221
531.0000000000005,56.659326534604304,56.79448602793368,53.3489474187087,56.561621349956496
531.0250000000004,56.34725296323192,56.272776566400815,52.8822015173109,57.11704616387292
531.0500000000005,56.34725296323192,56.272776566400815,56.82358514179199,53.181068095930094
531.0750000000005,56.08956101412558,55.69509617638243,52.91748996957958,57.08191916873392
531.1000000000005,56.08956101412558,55.69509617638243,52.5011687158943,57.49882949569454
531.1250000000005,55.91866757157783,55.06382749040405,52.875966422863776,55.353313976882276
531.1500000000004,55.91866757157783,55.06382749040405,52.73419073909696,48.023787800273695
531.1750000000005,55.78284825379044,54.51881717180103,55.29944039409749,48.221397580085785
531.2000000000005,55.78284825379044,54.51881717180103,52.50105875765966,47.527928840166155
531.2250000000005,55.60085646619996,54.0619413570253,52.74065908683467,51.04908115855736
531.2500000000005,55.60085646619996,54.0619413570253,52.50031768375275,42.59171988765898
531.2750000000004,55.46506354290193,53.58144735710475,52.50001322569618,44.53624060695109
531.3000000000005,55.46506354290193,53.58144735710475,52.497942773483324,51.087946074588835
531.3250000000005,55.425398691803416,53.08624418995016,47.647951604188215,52.62233910013524
531.3500000000005,55.425398691803416,53.08624418995016,47.51256964972372,52.51218577370424
531.3750000000005,55.48883395836833,52.60264743339378,47.83610167996535,52.836102539207175
531.4000000000004,55.48883395836833,52.60264743339378,51.795437261089006,56.79543897531082
531.4250000000005,55.640124868738575,51.96545944730895,47.52174959059004,52.521764928685904
531.4500000000005,55.640124868738575,51.96545944730895,47.592828439962084,52.58842252011928
531.4750000000005,55.97193746111599,51.26173756215311,47.91699450742761,52.91372609527182
531.5000000000005,55.97193746111599,51.26173756215311,51.28700591618168,55.973005357864295
531.5250000000004,56.239124926269255,50.49999076696168,56.82497305190074,50.09447321697985
531.5500000000005,56.239124926269255,50.49999076696168,57.00087641715618,49.72343588558318
531.5750000000005,56.46205494533048,49.63080527905142,52.54793609280165,44.56134912161251
531.6000000000005,56.46205494533048,49.63080527905142,52.50020128927144,42.518684385353666
531.6250000000005,56.5031828301159,48.70742714976356,52.50008874578641,42.50004164110438
531.6500000000004,56.5031828301159,48.70742714976356,52.50296901215043,42.49425766145948
531.6750000000005,56.40237414921964,48.08408149336076,52.53800374511612,42.51310412285443
531.7000000000005,56.40237414921964,48.08408149336076,52.569092553104674,43.01585010113986
531.7250000000005,56.30487020148196,47.62340219446576,57.88363502778226,42.489048199600695
531.7500000000005,56.30487020148196,47.62340219446576,52.926748063457424,41.99161282636272
531.7750000000004,56.18781182652215,47.23115354540836,57.333884039070924,28.671322534051153
531.8000000000005,56.18781182652215,47.23115354540836,57.28728866871383,28.942565861714684
531.8250000000005,56.04350791919544,46.84079223321712,57.50136230464668,27.506618090657565
531.8500000000005,56.04350791919544,46.84079223321712,57.500007143627954,27.49989835585578
531.8750000000005,55.88816874005106,46.44354389412089,57.500116169021986,26.783774080755318
531.9000000000004,55.88816874005106,46.44354389412089,57.52533590850203,22.66478947575226
531.9250000000005,55.80104123065786,46.21969356437421,57.56039741073907,23.091522431909326
531.9500000000005,55.80104123065786,46.21969356437421,57.52339986603261,26.358001695950424
531.9750000000005,55.725967301355325,46.0196138949424,54.19557409985208,42.63016997799359
532.0000000000005,55.725967301355325,46.0196138949424,56.86211627757404,47.4995901317035
532.0250000000004,55.62351037223162,45.84080613937846,56.56493070476167,44.530929728377316
532.0500000000005,55.62351037223162,45.84080613937846,54.5945085611916,47.23471575714097
532.0750000000005,55.51185676491811,45.64585197622078,57.057384457335715,47.45055006125448
532.1000000000005,55.51185676491811,45.64585197622078,57.472276565902966,47.499793458209986
532.1250000000005,55.41272809391394,45.488065361687816,53.131646849659816,47.49998173673145
532.1500000000004,55.41272809391394,45.488065361687816,55.37900113715526,47.499989503442215
532.1750000000005,55.32658507878892,45.37792175184537,56.07465072782616,47.49999536521138
532.2000000000005,55.32658507878892,45.37792175184537,57.194733370655804,47.49947088907685
532.2250000000005,55.24100877837509,45.27454731883102,57.49935652662074,47.49975910569993
532.2500000000005,55.24100877837509,45.27454731883102,57.49999972282886,47.4999967018502
532.2750000000004,55.13058716523832,45.14866875670552,57.500000646913946,47.499995653452096
532.3000000000005,55.13058716523832,45.14866875670552,57.502170941258115,47.49049025704507
532.3250000000005,55.00189977139283,44.94158166494748,57.49863493812382,47.49858173684487
532.3500000000005,55.00189977139283,44.94158166494748,57.499864957939685,47.49998139713917
532.3750000000005,54.75009868824101,44.65918383230472,57.50021912869698,47.493404572790816
532.4000000000004,54.75009868824101,44.65918383230472,57.498855225671385,45.34528813597207
532.4250000000005,54.43436471020148,44.36706557690501,57.50047618059892,47.01578582442628
532.4500000000005,54.43436471020148,44.36706557690501,57.498487988209554,47.49992558680099
532.4750000000005,54.15495057672215,44.212874646021405,57.497916542076595,47.499999720787244
532.5000000000005,54.15495057672215,44.212874646021405,57.26682037162827,47.50002714037932
532.5250000000004,53.9759394431016,44.13741419816783,52.717985972715304,47.50231641244963
532.5500000000005,53.9759394431016,44.13741419816783,52.61158397050057,47.500005526830044
532.5750000000005,53.76239860545778,44.07822694830249,52.81813213340747,47.499999687010174
532.6000000000005,53.76239860545778,44.07822694830249,53.607587630503396,47.50000146119588
532.6250000000005,53.4698067728574,44.01032834358456,55.978709534769024,47.50003486740165
532.6500000000004,53.4698067728574,44.01032834358456,57.35487870967216,47.50022126022352
532.6750000000005,53.12241243511049,43.95613168663506,56.17838529217232,47.49985440485851
532.7000000000005,53.12241243511049,43.95613168663506,57.48953317752282,47.49679571966285
532.7250000000005,52.81974822932444,43.8941890440702,56.50448130659056,46.897200980163866
532.7500000000005,52.81974822932444,43.8941890440702,54.89408032382181,45.277825651365745
532.7750000000004,52.5282170959689,43.84364190179031,56.604050331879975,46.61076953180124
532.8000000000005,52.5282170959689,43.84364190179031,54.902678536757925,44.85002835066719
532.8250000000005,52.26106445329724,43.80735031906154,57.48859392475976,47.49052377040367
532.8500000000005,52.26106445329724,43.80735031906154,57.44306857164511,47.49667724714627
532.8750000000005,51.95572973308443,43.761634450800976,57.006372379175474,46.9555478614416
532.9000000000004,51.95572973308443,43.761634450800976,57.617812891039534,47.12787613368437
532.9250000000005,51.4787360746173,43.72934141716123,57.408993192820795,46.08758436188161
532.9500000000005,51.4787360746173,43.72934141716123,62.19194424321091,42.585296072516435
532.9750000000005,51.04078697238802,43.73370301883213,55.174189579403794,44.017635997825295
533.0000000000005,51.04078697238802,43.73370301883213,57.44210908948033,47.49994206803989
533.0250000000004,50.6960458886179,43.74066866351835,57.455115842968844,47.499996817166526
533.0500000000005,50.6960458886179,43.74066866351835,57.38997604919249,47.50000005940058
533.0750000000005,50.25249695326579,43.73395649804691,53.376497558961866,47.500000826816894
533.1000000000005,50.25249695326579,43.73395649804691,57.483145952146465,47.50000006571832
533.1250000000005,49.98440080553533,43.72500903133847,57.497740692656265,47.50000001682447
533.1500000000004,49.98440080553533,43.72500903133847,55.835402493024716,47.50001085090654
533.1750000000005,49.71824189027841,43.7173022285357,52.5747148681353,47.5137436037118
533.2000000000005,49.71824189027841,43.7173022285357,52.342979863401425,47.70649715682174
533.2250000000005,49.39560245371657,43.768663978566266,52.67526137765875,47.5014184385408
533.2500000000005,49.39560245371657,43.768663978566266,47.27275461737886,50.86671338787951
533.2750000000004,49.08967464032487,43.89281299408759,40.43797506970534,46.01195289000648
533.3000000000005,49.08967464032487,43.89281299408759,48.626834137874205,55.43292283736521
533.3250000000005,48.585502117780045,43.98954018906954,25.140609905357913,47.53015213930057
533.3500000000005,48.585502117780045,43.98954018906954,38.13998873277188,49.70497961243147
533.3750000000005,47.96381428317222,44.13139162039205,27.539959288833522,47.50978841024213
533.4000000000004,47.96381428317222,44.13139162039205,27.500625887322144,47.49990084657568
533.4250000000005,47.28718458643044,44.22057835707939,27.826323324377515,47.4999988918059
533.4500000000005,47.28718458643044,44.22057835707939,27.95126349752815,47.500052911866085
533.4750000000005,46.719552909214976,44.292371331236346,28.343633452333787,47.70904631496348
533.5000000000005,46.719552909214976,44.292371331236346,27.518474389914086,47.50067898884714
533.5250000000004,46.07520080341786,44.46345314635393,27.514798529247788,47.49996717389729
533.5500000000005,46.07520080341786,44.46345314635393,27.535117110726286,47.50010541522627
533.5750000000005,45.39431214739073,44.653600433911386,43.94892691106168,47.49794532344389
533.6000000000005,45.39431214739073,44.653600433911386,57.468998142609166,47.498958816171445
533.6250000000005,44.75055204777838,44.763588888492365,57.3060352516194,47.49875311551599
533.6500000000004,44.75055204777838,44.763588888492365,56.96424713858175,46.58576657095318
533.6750000000005,44.09632215788264,44.81911848857268,57.451278222161086,47.35945077429918
533.7000000000005,44.09632215788264,44.81911848857268,57.486419330602516,47.50359206535584
533.7250000000005,43.64789925636842,44.813404665394266,57.49606841466055,47.501851427411225
533.7500000000005,43.64789925636842,44.813404665394266,57.39165927490449,47.55415016631279
533.7750000000004,42.98457744202706,44.7486396203514,57.312163477462306,47.59317779873582
533.8000000000005,42.98457744202706,44.7486396203514,47.67916448512479,52.4099811867979
533.8250000000005,42.33685144377738,44.59387891261531,47.50310224397954,52.498443148581295
533.8500000000005,42.33685144377738,44.59387891261531,47.500395213883706,52.49972315441855
533.8750000000005,41.7227039113904,44.29668725432344,47.54258727261086,52.47771435225487
533.9000000000004,41.7227039113904,44.29668725432344,49.880747326022586,51.14847050100374
533.9250000000005,41.08706832910979,44.013008993428045,48.09435661875722,51.0538286998558
533.9500000000005,41.08706832910979,44.013008993428045,49.7832868171949,46.8531480571674
533.9750000000005,40.24110007584172,43.50915353680706,47.52845662909966,52.2426764781039
534.0000000000005,40.24110007584172,43.50915353680706,47.87131610710439,49.382059705061685
534.0250000000004,39.45564952854029,42.93718331381672,57.35194781652553,28.09049849986925
534.0500000000005,39.45564952854029,42.93718331381672,57.48303592226409,29.694711538390997
534.0750000000005,38.64010028841923,42.56322652340407,57.4990286755605,29.143114571173165
534.1000000000005,38.64010028841923,42.56322652340407,48.65342246779882,32.38078592105039
534.1250000000005,37.81004759063832,42.18693510170163,47.50015990595957,32.499979265765845
534.1500000000004,37.81004759063832,42.18693510170163,47.500003504174515,32.50000043218409
534.1750000000005,36.9377524245322,41.88229094628574,47.50010736932815,32.50006637055653
534.2000000000005,36.9377524245322,41.88229094628574,47.500044832785356,32.499999289532056
534.2250000000005,35.94671801415954,41.61522065933623,47.500001682035645,32.49999969081864
534.2500000000005,35.94671801415954,41.61522065933623,47.49999960426295,32.50000055599109
534.2750000000004,34.93393701987684,41.558372041972696,47.4999856070047,32.50003221823229
534.3000000000005,34.93393701987684,41.558372041972696,46.39072668735157,33.58303089483836
534.3250000000005,34.16647057886144,41.61426223544692,47.524876564273725,32.62520117496072
534.3500000000005,34.16647057886144,41.61426223544692,47.60407922983065,33.035515840083065
534.3750000000005,33.51688397617999,41.83298711727713,52.46855784905554,57.50260127359751
534.4000000000004,33.51688397617999,41.83298711727713,52.03354311089279,56.08466196982268
534.4250000000005,33.03432662198511,42.14384118339532,52.46612116061538,57.48058063437742
534.4500000000005,33.03432662198511,42.14384118339532,47.21564029955604,55.380273631395646
534.4750000000005,32.679535515744426,42.56730715009341,51.85455963076694,57.22631288821
534.5000000000005,32.679535515744426,42.56730715009341,52.136962583385476,57.40093436540754
534.5250000000004,32.32790331729343,43.21923632519763,24.605299829990315,53.50581732167808
534.5500000000005,32.32790331729343,43.21923632519763,19.346102060020854,52.12969728495153
534.5750000000005,32.05616412727651,43.91290081161729,27.49995904667757,47.500025149209776
534.6000000000005,32.05616412727651,43.91290081161729,27.499997276045296,47.50000130729097
534.6250000000005,31.773873380160836,44.48652538018215,27.49999988176641,47.49999970095408
534.6500000000004,31.773873380160836,44.48652538018215,27.499999856433543,47.499999644249165
534.6750000000005,31.41350354247357,45.11141916435725,27.4997574644933,47.50242648743214
534.7000000000005,31.41350354247357,45.11141916435725,27.601264714579163,47.57618008648866
534.7250000000005,31.048918203259667,45.82398977615912,27.499999384284713,47.50000263709902
534.7500000000005,31.048918203259667,45.82398977615912,27.500219315506058,47.50043892237
534.7750000000004,30.667518296651156,46.68859211221976,27.499370019752423,47.500004141713575
534.8000000000005,30.667518296651156,46.68859211221976,27.50009733455742,47.500090955038665
534.8250000000005,30.222937392754613,47.59734490214249,29.637848702916084,49.103431514956924
534.8500000000005,30.222937392754613,47.59734490214249,27.579549199763992,47.55966216374791
534.8750000000005,29.83692858489232,48.72972792708763,27.73455536333231,47.67591691995568
534.9000000000004,29.83692858489232,48.72972792708763,27.509034772129702,47.506822983491226
534.9250000000005,29.43898930140239,49.82414720195632,27.50355391474264,47.50264296614771
534.9500000000005,29.43898930140239,49.82414720195632,27.505996124279438,47.504494222156374
534.9750000000005,29.11103947742969,51.02949752315234,32.657914424385034,51.364806974744745
535.0000000000005,29.11103947742969,51.02949752315234,47.44493609849247,62.45861135983407
535.0250000000004,28.71006540915399,52.18527503694481,47.498744156332144,62.49905750332714
535.0500000000005,28.71006540915399,52.18527503694481,47.499994273254096,62.49999531277148
535.0750000000005,28.23767450392593,53.30684306561413,47.49999759262181,62.499998164375484
535.1000000000005,28.23767450392593,53.30684306561413,47.499999971482865,62.49999997795272
535.1250000000005,27.96100627009302,54.26873619169805,47.50000000509099,62.499999993554376
535.1500000000004,27.96100627009302,54.26873619169805,47.499999998457845,62.50000000009917
535.1750000000005,27.76497578799839,55.33128494496785,47.500000000013785,62.499999999927276
535.2000000000005,27.76497578799839,55.33128494496785,47.499999987676375,62.49999998256005
535.2250000000005,27.81844618098556,56.34382163777285,47.500000000724114,62.499999903192794
535.2500000000005,27.81844618098556,56.34382163777285,47.50000093656833,62.49999899733334
535.2750000000004,27.86439817108192,57.29655524601148,47.55999156246341,62.43992589633045
535.3000000000005,27.86439817108192,57.29655524601148,47.50017419545679,62.49962153320887
535.3250000000005,27.932487734754645,58.025454447388405,47.51624626205219,62.4826631318587
535.3500000000005,27.932487734754645,58.025454447388405,47.50565487153835,62.423757611261564
535.3750000000005,27.9679100892686,58.78278274389761,47.500345635336075,62.495750581966014
535.4000000000004,27.9679100892686,58.78278274389761,47.49998570204493,62.49996711294252
535.4250000000005,27.9415528097916,59.65809421013479,46.46382166782485,61.72152368795698
535.4500000000005,27.9415528097916,59.65809421013479,47.502435152022024,62.49006908735318
535.4750000000005,27.82232062579976,60.50166981198921,47.49967828069752,62.499757089639964
535.5000000000005,27.82232062579976,60.50166981198921,47.49864280041878,62.49899054520539
535.5250000000004,27.682939675501338,61.28674425126757,47.49999997064228,62.49999997808522
535.5500000000005,27.682939675501338,61.28674425126757,47.499999980793895,62.499999985116986
535.5750000000005,27.516290397359768,62.17237300932671,47.49999999019609,62.499999950777365
535.6000000000005,27.516290397359768,62.17237300932671,47.499984717721915,62.50004445046267
535.6250000000005,27.306995242518077,63.3054895006982,47.49996392647341,62.49999010688437
535.6500000000004,27.306995242518077,63.3054895006982,47.49999974587259,62.500000221842996
535.6750000000005,26.927587857759196,64.09466581350726,47.499680046652436,62.500937642918515
535.7000000000005,26.927587857759196,64.09466581350726,47.499966806281066,62.50004834670652
535.7250000000005,26.44745234436346,64.72689854273263,47.499818534142086,62.50026102821492
535.7500000000005,26.44745234436346,64.72689854273263,47.49999999929361,62.500000000989274
535.7750000000004,25.899027417147675,65.51434975713032,47.49999999365949,62.50000000882789
535.8000000000005,25.899027417147675,65.51434975713032,47.499996998855266,62.500004199688824
535.8250000000005,25.464319123131,66.22987088543327,47.4986234266265,62.501917930882996
535.8500000000005,25.464319123131,66.22987088543327,47.49999870104822,62.500001641529835
535.8750000000005,24.930607624299693,67.12489372293645,47.49950150724849,62.49970944741242
535.9000000000004,24.930607624299693,67.12489372293645,35.26635703013289,55.16041723498726
535.9250000000005,24.346594300512475,68.09328159229786,47.415980004651374,62.449725083552316
535.9500000000005,24.346594300512475,68.09328159229786,22.57305109227904,47.501422484814
535.9750000000005,23.87129380653064,69.10770198623632,26.988868709453094,47.50007958838063
536.0000000000005,23.87129380653064,69.10770198623632,22.50326836981141,47.582867911420266
536.0250000000004,23.51494860776456,69.92923089212726,13.185494841499736,94.14001707482404
536.0500000000005,23.51494860776456,69.92923089212726,12.424710031126686,96.11356817106909
536.0750000000005,23.217398308311243,70.70859002513252,25.135652321641416,48.69086302109858
536.1000000000005,23.217398308311243,70.70859002513252,19.90684988330597,84.49790922931848
536.1250000000005,22.950744011928283,71.30252808140852,29.706417177850586,89.16537849961266
536.1500000000004,22.950744011928283,71.30252808140852,43.904191452029465,85.91270061338288
536.1750000000005,22.770216936347783,71.94930013521714,39.82994848113168,89.66093524393672
536.2000000000005,22.770216936347783,71.94930013521714,43.266883832875024,87.95248988087957
536.2250000000005,22.68174577405311,72.53408649942708,45.5860586907392,87.17348310417096
536.2500000000005,22.68174577405311,72.53408649942708,4.680965766418488,87.49945063887849
536.2750000000004,22.620273671755395,73.1342968572932,17.917763006978635,91.06193047335242
536.3000000000005,22.620273671755395,73.1342968572932,42.37399248424015,88.57036709026717
536.3250000000005,22.555783445142232,73.93327694696885,22.934285294710786,92.39453553748305
536.3500000000005,22.555783445142232,73.93327694696885,22.412138328210798,92.53150042888562
536.3750000000005,22.49636284869323,74.8415789260867,22.473632760798026,92.98621868746207
536.4000000000004,22.49636284869323,74.8415789260867,22.427887341494834,93.10579747921732
536.4250000000005,22.707578855041167,75.8870136018478,22.498250933613214,97.48000001085717
536.4500000000005,22.707578855041167,75.8870136018478,22.493435257790036,97.49665341906764
536.4750000000005,23.05182622492035,76.769542444992,22.49998278684615,97.49815744011953
536.5000000000005,23.05182622492035,76.769542444992,24.531353067394008,91.36186354292764
536.5250000000004,23.423367643535222,77.45353459914658,37.41834756346362,82.48917367126609
536.5500000000005,23.423367643535222,77.45353459914658,22.81623840660525,94.07893381581455
536.5750000000005,23.642135500095705,78.09066310555208,27.74096134781071,90.11596697019726
536.6000000000005,23.642135500095705,78.09066310555208,23.640794323370454,95.45458298300937
536.6250000000005,23.847229762897047,78.7556642178566,27.488352365358274,88.87308536468377
536.6500000000004,23.847229762897047,78.7556642178566,37.25670417619851,81.43249720855422
536.6750000000005,23.99460683217657,79.39778898919191,42.483513866394276,77.51236460829003
536.7000000000005,23.99460683217657,79.39778898919191,42.488793931204015,77.50840455203111
536.7250000000005,24.09675012159525,79.94807013555597,22.766001982073924,92.300498538811
536.7500000000005,24.09675012159525,79.94807013555597,22.500013244226174,92.5000304090736
536.7750000000004,24.160756132572736,80.57928228771848,25.67001597110927,90.12399339932304
536.8000000000005,24.160756132572736,80.57928228771848,38.0698649294345,80.82335942899894
536.8250000000005,24.226828550422077,81.13664879720382,40.57739993247491,78.94211665343393
536.8500000000005,24.226828550422077,81.13664879720382,41.53563053006584,78.2235619737939
536.8750000000005,24.26072821343634,81.56225758176983,22.581409916773524,92.70956945344966
536.9000000000004,24.26072821343634,81.56225758176983,22.460157241661914,97.46587883417617
536.9250000000005,24.21801366046224,82.13242163608247,22.502531996661318,97.49547547718281
536.9500000000005,24.21801366046224,82.13242163608247,22.499681141184848,97.49979550219822
536.9750000000005,24.185160034664733,82.62595185890451,22.498853730928467,97.49943318412954
537.0000000000005,24.185160034664733,82.62595185890451,22.49999999321664,97.49999999187658
537.0250000000004,24.12857294420044,82.92310623794505,22.499999885872608,97.49997038038208
537.0500000000005,24.12857294420044,82.92310623794505,22.499998195384595,97.49959882011834
537.0750000000005,24.04346021471239,83.24658348953444,22.499999927576006,97.49973372017207
537.1000000000005,24.04346021471239,83.24658348953444,22.499995723448542,97.34618305315087
537.1250000000005,23.929545737397312,83.63333718969467,22.49975049078085,95.63938156765076
537.1500000000004,23.929545737397312,83.63333718969467,22.492930596083514,92.51915158078783
537.1750000000005,23.85025033517961,84.11781025692268,20.710112566935422,92.05473565977444
537.2000000000005,23.85025033517961,84.11781025692268,22.500009373946266,92.50000474033203
537.2250000000005,23.817973441019443,84.49475722981296,22.315368518931912,92.59233720347041
537.2500000000005,23.817973441019443,84.49475722981296,21.91672468128295,92.79024881809038
537.2750000000004,23.825949845410147,84.73197213706153,14.694556830949663,96.402720981949
537.3000000000005,23.825949845410147,84.73197213706153,14.30950606500946,96.59526457236176
537.3250000000005,23.825973503663864,85.01008886267638,13.266653797059787,97.11666962147288
537.3500000000005,23.825973503663864,85.01008886267638,13.150451312160767,97.17472507093983
537.3750000000005,23.848751353190607,85.28314075319953,13.534328013949189,96.98344797570014
537.4000000000004,23.848751353190607,85.28314075319953,20.40276827221069,93.54884115317128
537.4250000000005,23.92947798777412,85.63827905506713,19.86472360855867,93.81764050669746
537.4500000000005,23.92947798777412,85.63827905506713,18.577267677028356,94.46136062748361
537.4750000000005,24.05127608332327,85.99953907420831,22.49829670336237,92.50085167973663
537.5000000000005,24.05127608332327,85.99953907420831,21.01976233667699,93.24041507060689
537.5250000000004,24.320108402176803,86.46609112943537,21.498074109990284,93.00745132138674
537.5500000000005,24.320108402176803,86.46609112943537,13.595317302087738,96.962482945292
537.5750000000005,24.61919956304095,86.77980216165034,17.25688092442418,95.15324251604872
537.6000000000005,24.61919956304095,86.77980216165034,22.269230459655674,92.62200386736649
537.6250000000005,24.95697285988109,87.10993537466678,24.15981495968899,92.5064535197661
537.6500000000004,24.95697285988109,87.10993537466678,22.624508127740313,92.68524533274076
537.6750000000005,25.23970942947692,87.34099987558915,22.493182777155198,92.77205421743805
537.7000000000005,25.23970942947692,87.34099987558915,22.50406978097334,92.57317702023077
537.7250000000005,25.51369640245896,87.65140732450892,22.500111913841643,92.50004283642699
537.7500000000005,25.51369640245896,87.65140732450892,22.50011297986719,92.50000161254697
537.7750000000004,25.737777825589426,87.99053077177923,22.50032433868686,92.50001962133615
537.8000000000005,25.737777825589426,87.99053077177923,22.500188232941042,92.50000166791841
537.8250000000005,25.88949790399832,88.46518309673395,22.531159492003425,92.53110938516234
537.8500000000005,25.88949790399832,88.46518309673395,22.5059667032876,92.50515093323197
537.8750000000005,26.09382313535905,89.03444888309802,22.53489446267705,92.53233123781374
537.9000000000004,26.09382313535905,89.03444888309802,23.599152908275975,93.5872107202655
537.9250000000005,26.47851126073506,89.63586182698884,22.829579869557506,93.1221839185344
537.9500000000005,26.47851126073506,89.63586182698884,22.49975813616976,97.35274941444756
537.9750000000005,26.858291306067137,90.11388263450534,22.50202496743347,97.4998280444764
538.0000000000005,26.858291306067137,90.11388263450534,22.497698104380532,97.47664464856452
538.0250000000004,27.11896006107934,90.56167137191063,22.50120273161853,92.52429051100538
538.0500000000005,27.11896006107934,90.56167137191063,22.499871196890407,92.50009075733654
538.0750000000005,27.36114120543951,91.04729127154827,22.499814579255833,92.50016041926914
538.1000000000005,27.36114120543951,91.04729127154827,22.474085798736983,92.52313559743824
538.1250000000005,27.419998391264684,91.48769866281296,22.492426641609004,92.50409728752413
538.1500000000004,27.419998391264684,91.48769866281296,14.491124405171039,96.52489720859988
538.1750000000005,27.378892476563248,91.97940431261384,16.50700428916401,95.49853642851525
538.2000000000005,27.378892476563248,91.97940431261384,15.72335795002592,96.56308657539232
538.2250000000005,27.23770721110884,92.51328315197097,40.329323305112865,89.54655904967304
538.2500000000005,27.23770721110884,92.51328315197097,47.40601841825227,87.52666281242107
538.2750000000004,27.0332912823286,92.93699095110496,12.559872901849552,97.48284944910051
538.3000000000005,27.0332912823286,92.93699095110496,12.624723032920796,97.49918898845277
538.3250000000005,26.833445648184597,93.25102130237477,12.561444788225089,97.4919609278202
538.3500000000005,26.833445648184597,93.25102130237477,13.318831137175696,97.07210819097246
538.3750000000005,26.660710799897007,93.4320999246225,3.594452966115398,88.53510507777635
538.4000000000004,26.660710799897007,93.4320999246225,22.282593625644434,97.31091685956208
538.4250000000005,26.429926457251817,93.80543769470356,22.46915492718489,97.46315828157128
538.4500000000005,26.429926457251817,93.80543769470356,22.330894529238265,97.31698673030958
538.4750000000005,26.210045003324627,94.20342336574794,22.498803220603634,96.06480636448586
538.5000000000005,26.210045003324627,94.20342336574794,22.495079605392295,92.50218193343163
538.5250000000004,26.11577750512083,94.49751444091406,22.493888079511486,92.50024350644779
538.5500000000005,26.11577750512083,94.49751444091406,22.499902331610638,92.49999674952443
538.5750000000005,25.976156329666445,94.8331799094654,22.499991122764186,92.50000452727673
538.6000000000005,25.976156329666445,94.8331799094654,22.50002771596255,92.50018116208153
538.6250000000005,25.755945442519213,95.19225169447829,22.495561529101362,92.50218526311427
538.6500000000004,25.755945442519213,95.19225169447829,22.49928513595931,92.50029898385283
538.6750000000005,25.46208761812206,95.44698882976752,22.44924652942629,92.52537001892178
538.7000000000005,25.46208761812206,95.44698882976752,15.506159838120947,95.99611952972612
538.7250000000005,25.21001255841898,95.63673219932323,13.170178894640738,97.16497130792209
538.7500000000005,25.21001255841898,95.63673219932323,12.792774067789322,97.35361074819211
538.7750000000004,24.92756940801454,95.73885786250467,12.533896165518177,97.48309656864329
538.8000000000005,24.92756940801454,95.73885786250467,12.501922374445588,97.49930248692206
538.8250000000005,24.646438822006843,95.69475513784072,12.500078522021642,97.49999377444455
538.8500000000005,24.646438822006843,95.69475513784072,12.500003272507602,97.49999991205785
538.8750000000005,24.411398247486105,95.60853701466928,12.502350624532232,97.49999965777822
538.9000000000004,24.411398247486105,95.60853701466928,12.541618250085586,97.49999107124383
538.9250000000005,24.087379275226198,95.53645045535616,12.50056247764177,97.49991582769827
538.9500000000005,24.087379275226198,95.53645045535616,22.433412312355046,97.49981723833581
538.9750000000005,23.907808242220923,95.41652071546235,22.48805382729949,97.49927797374367
539.0000000000005,23.907808242220923,95.41652071546235,22.486824425201906,97.49548477227631
539.0250000000004,23.771127444192,95.31989070185612,22.488273861173106,97.44573286572252
539.0500000000005,23.771127444192,95.31989070185612,22.498779340751565,97.49833375589763
539.0750000000005,23.59714835174545,95.25922267548091,22.489670389486598,96.54561668026223
539.1000000000005,23.59714835174545,95.25922267548091,22.497427268311398,92.77929939324068
539.1250000000005,23.347137913601923,95.27026032842544,22.318864174058856,92.4574245453064
539.1500000000004,23.347137913601923,95.27026032842544,2.842906160628524,87.58633914810248
539.1750000000005,22.988408731094097,95.29854960754378,22.300331830882882,92.4546779850175
539.2000000000005,22.988408731094097,95.29854960754378,9.62967577617307,89.32678822283992
539.2250000000005,22.6687445681764,95.22470934725304,22.03721139254585,92.39745904068528
539.2500000000005,22.6687445681764,95.22470934725304,13.872777254352659,90.34658678700526
539.2750000000004,22.311533406999416,95.1479806704423,3.0959189740033977,87.6442602599453
539.3000000000005,22.311533406999416,95.1479806704423,7.926574043979633,88.87630324660448
539.3250000000005,21.81799995126428,95.17453466216534,3.0262361812818783,87.63590056950638
539.3500000000005,21.81799995126428,95.17453466216534,2.505536627521664,87.50140099206956
539.3750000000005,21.442274817778085,95.17302730785124,2.646043155590357,87.53655204727757
539.4000000000004,21.442274817778085,95.17302730785124,11.598148354794006,89.8913861000437
539.4250000000005,20.99845739512568,95.11831080336964,2.6831580320288375,87.60657713384414
539.4500000000005,20.99845739512568,95.11831080336964,21.286137942433577,93.22348674819709
539.4750000000005,20.471758494825817,95.04391636518756,14.070693034732813,96.16624572963221
539.5000000000005,20.471758494825817,95.04391636518756,12.716935442352836,97.41945861086015
539.5250000000004,19.911263205631315,95.04839214513088,15.799283800305858,95.63761887720015
539.5500000000005,19.911263205631315,95.04839214513088,8.559958691470209,94.32964489882221
539.5750000000005,19.41249966091278,95.04596319907084,16.31026014780651,96.29160922785137
539.6000000000005,19.41249966091278,95.04596319907084,17.02791875457815,97.29042707206499
539.6250000000005,18.97525615231235,95.01026945223924,22.149150611778225,97.49907458409753
539.6500000000004,18.97525615231235,95.01026945223924,21.412136523804524,97.49241841669198
539.6750000000005,18.343841210706653,95.1159326774299,17.198619398488614,97.47835572130985
539.7000000000005,18.343841210706653,95.1159326774299,8.134289524947839,93.08568875227401
539.7250000000005,17.84555563625578,95.15768021255172,2.528952243913026,87.57710893101557
539.7500000000005,17.84555563625578,95.15768021255172,2.594104601973391,87.68471633138161
539.7750000000004,17.330722548655675,95.20464252738084,15.856161915802543,94.16375027661462
539.8000000000005,17.330722548655675,95.20464252738084,17.906749250873425,94.86632299907542
539.8250000000005,16.723749921427554,95.16131556460648,8.37158495892344,90.12195438552557
539.8500000000005,16.723749921427554,95.16131556460648,14.38033517624095,91.85976381934691
539.8750000000005,16.0867893764149,95.1551024716922,19.9934902218849,91.88123299173058
539.9000000000004,16.0867893764149,95.1551024716922,22.40566284902966,92.55979284934253
539.9250000000005,15.417978733072188,95.13513474074672,21.46620882067534,92.342490305809
539.9500000000005,15.417978733072188,95.13513474074672,22.499239377677014,93.62241538493574
539.9750000000005,14.7708736317556,95.07446425802208,19.35597654613862,91.56776207162288
540.0000000000005,14.7708736317556,95.07446425802208,5.495811788708841,86.0444042743987
540.0250000000004,14.091798929863206,95.06771535517686,2.500129115571451,92.4974911472187
540.0500000000005,14.091798929863206,95.06771535517686,2.5042614092042,92.49984529822878
540.0750000000005,13.261254231756798,95.20683420718588,2.5000086832194723,92.50000029657089
540.1000000000005,13.261254231756798,95.20683420718588,2.5000001231970295,92.49999986790468
540.1250000000005,12.239754639036954,95.1316142029633,2.5008877407359056,92.4999998796777
540.1500000000004,12.239754639036954,95.1316142029633,2.5183957227808342,92.28940981093949
540.1750000000005,11.301806418124151,95.10705051902592,2.5447024901044233,84.93523983806065
540.2000000000005,11.301806418124151,95.10705051902592,2.5000000025641764,82.5000062456686
540.2250000000005,10.370983957363322,95.31515144835453,12.649704346853701,97.38343341564588
540.2500000000005,10.370983957363322,95.31515144835453,21.492053568038777,97.30440000005237
540.2750000000004,9.650481588517463,95.4551200016433,18.668759912041104,95.62016974260348
540.3000000000005,9.650481588517463,95.4551200016433,22.465683493601468,97.49793980570728
540.3250000000005,8.943152325192383,95.67248010470152,12.70442908619037,94.92151769741558
540.3500000000005,8.943152325192383,95.67248010470152,21.821280022981753,97.15234487972252
540.3750000000005,8.111519765633513,95.9019614155186,4.4988747856597735,85.24010687408561
540.4000000000004,8.111519765633513,95.9019614155186,17.406369394503525,92.51878707661655
540.4250000000005,7.274193182649586,96.34163142656374,8.329925740391683,92.24881790816346
540.4500000000005,7.274193182649586,96.34163142656374,17.476318900286657,92.50029273417421
540.4750000000005,6.538407282537412,96.68769744184908,8.66863929868547,87.06344401137538
540.5000000000005,6.538407282537412,96.68769744184908,6.1446588652654155,88.32398949286238
540.5250000000004,5.767123413497311,96.746974586648,10.454811853305909,95.26626491967806
540.5500000000005,5.767123413497311,96.746974586648,2.555689970335847,86.25020252960181
540.5750000000005,5.086915296629034,96.63002197515056,2.500027087836097,92.3653664548164
540.6000000000005,5.086915296629034,96.63002197515056,2.500056907000206,88.14281248809513
540.6250000000005,4.576138189126921,96.42623015820908,2.500000089543185,87.50222195008183
540.6500000000004,4.576138189126921,96.42623015820908,2.5000000000200875,87.50000359803535
540.6750000000005,4.011885595515865,96.32585977139854,2.500000000007521,87.50000382302863
540.7000000000005,4.011885595515865,96.32585977139854,2.500000000000004,87.50000004056041
540.7250000000005,3.6270054960946623,96.1924323978931,2.5000000000000235,87.50000003963842
540.7500000000005,3.6270054960946623,96.1924323978931,2.5000000000000147,87.5000217123188
540.7750000000004,3.3247304649942016,96.06860506959528,2.5000000000145186,87.54181586948984
540.8000000000005,3.3247304649942016,96.06860506959528,2.500000015550418,87.50102196459989
540.8250000000005,3.161302822476164,95.91449596568825,2.500000170643232,87.50037069514873
540.8500000000005,3.161302822476164,95.91449596568825,2.5000001877098277,88.37021264588992
540.8750000000005,2.8161614703777813,95.86023611370877,2.500001303345578,91.10962186432977
540.9000000000004,2.8161614703777813,95.86023611370877,2.5000216034636393,87.93602854484841
540.9250000000005,2.590910326398545,95.78663049557063,2.5034142840100206,87.5058882791599
540.9500000000005,2.590910326398545,95.78663049557063,3.3184290406231693,88.43896272874873
540.9750000000005,2.576163210031463,95.59754466710018,2.719361225601027,92.60967822710715
541.0000000000005,2.576163210031463,95.59754466710018,9.951745949764629,96.22278295893258
541.0250000000004,2.7005932029911057,95.41599177465598,12.154033998961129,97.22511819731947
541.0500000000005,2.7005932029911057,95.41599177465598,12.49669523839427,97.49716460850198
541.0750000000005,2.766190963380598,95.21539469848165,12.409044840805931,97.40905225202279
541.1000000000005,2.766190963380598,95.21539469848165,12.407487004546853,97.406846288204
541.1250000000005,2.940805818256706,95.06581183740651,12.488153758094343,97.48737643566938
541.1500000000004,2.940805818256706,95.06581183740651,3.42390642074131,92.94789006877714
541.1750000000005,2.952197104264048,94.94479093651678,2.5014768554329465,92.50070139879814
541.2000000000005,2.952197104264048,94.94479093651678,2.5292539862291714,92.51316723503206
541.2250000000005,2.905892619203473,94.9164229463841,2.5002085705562864,87.67573318376276
541.2500000000005,2.905892619203473,94.9164229463841,2.5000028224081103,88.2249768054681
541.2750000000004,2.935441927791159,94.90982037198124,2.5000000028742297,87.51621036932804
541.3000000000005,2.935441927791159,94.90982037198124,2.5000000008184546,88.04768567131106
541.3250000000005,2.7613639532926766,94.92247049161467,2.5000000001407057,92.4829616024661
541.3500000000005,2.7613639532926766,94.92247049161467,2.500000000480157,92.49770515967384
541.3750000000005,2.6029604166796028,94.87554856958404,2.500000005217448,91.1871054880871
541.4000000000004,2.6029604166796028,94.87554856958404,2.500001478566533,91.78464176683669
541.4250000000005,2.537010711083948,94.86026474007362,2.5000001247964785,92.40704060310127
541.4500000000005,2.537010711083948,94.86026474007362,2.500000162235828,88.66269296020754
541.4750000000005,2.505248249695188,94.7230092533263,2.50000920713569,87.50346090556418
541.5000000000005,2.505248249695188,94.7230092533263,2.50000029376925,87.50000007452248
541.5250000000004,2.4086510049590766,94.61266538329052,2.5000144836249003,87.50000374780602
541.5500000000005,2.4086510049590766,94.61266538329052,2.5000066954049465,87.50000178212144
541.5750000000005,2.346329598724035,94.56138293298302,2.5000000068590826,87.50000000652373
541.6000000000005,2.346329598724035,94.56138293298302,2.500000000004539,87.49999999988735
541.6250000000005,2.450452731639775,94.45381223218604,2.5000000000004476,87.4999947016412
541.6500000000004,2.450452731639775,94.45381223218604,2.500000000000035,87.49927834834124
541.6750000000005,2.39984474867291,94.28034046255506,2.500000000000005,87.4999655310434
541.7000000000005,2.39984474867291,94.28034046255506,2.500000000000273,87.49868446721476
541.7250000000005,2.250482013845032,94.023866381162,2.5000000000114997,87.49950513331484
541.7500000000005,2.250482013845032,94.023866381162,2.5000001577173996,87.67296219797304
541.7750000000004,2.03673969729347,93.75548987861698,2.5000001179459246,87.66061664510615
541.8000000000005,2.03673969729347,93.75548987861698,2.500000077782754,87.50657907253596
541.8250000000005,1.906037410969368,93.5897859029583,2.5000008368240665,87.79741200382803
541.8500000000005,1.906037410969368,93.5897859029583,2.5000017556845497,87.50188099243017
541.8750000000005,1.6796285197887943,93.51021020148444,2.500027502151734,87.50038830345838
541.9000000000004,1.6796285197887943,93.51021020148444,2.5026693182489814,87.50130082457538
541.9250000000005,1.6909816527904464,93.52261362516184,2.5021213126684105,87.50091365329352
541.9500000000005,1.6909816527904464,93.52261362516184,2.5016345036135945,87.50087675602212
541.9750000000005,1.876433959365574,93.57987055643495,2.5002558925566127,87.49905479511393
542.0000000000005,1.876433959365574,93.57987055643495,2.5000165650528174,87.49966730248515
542.0250000000004,2.0270715194558377,93.63298575467006,2.5000005323410726,87.49994604020239
542.0500000000005,2.0270715194558377,93.63298575467006,2.500015997332899,87.49995736185812
542.0750000000005,2.240975776246682,93.64419748649476,2.5000173118804536,87.50023978007243
542.1000000000005,2.240975776246682,93.64419748649476,2.5000395829305457,87.5019319906397
542.1250000000005,2.307392096976133,93.50771366317773,2.503020296755048,87.50157086054732
542.1500000000004,2.307392096976133,93.50771366317773,2.543161998118906,89.21236996882018
542.1750000000005,2.254893615350656,93.37950391409316,2.5004100627648875,89.67186732645408
542.2000000000005,2.254893615350656,93.37950391409316,2.50000025560349,92.47910709034267
542.2250000000005,2.126614856740338,93.32686001285194,2.5000000010708923,92.49999366109212
542.2500000000005,2.126614856740338,93.32686001285194,2.5000002355307505,92.4973623195446
542.2750000000004,1.9823530613133733,93.0677165348094,2.5000026540582985,92.49511883799329
542.3000000000005,1.9823530613133733,93.0677165348094,2.5000000002193206,92.42924171350606
542.3250000000005,2.0360926991732167,92.95645688105988,2.5000000004268133,92.3192620277407
542.3500000000005,2.0360926991732167,92.95645688105988,2.500000000128412,92.3271282470538
542.3750000000005,2.264615718961319,92.84146071066884,2.5000000000005076,92.49324330488956
542.4000000000004,2.264615718961319,92.84146071066884,2.500000000003767,92.14546346046592
542.4250000000005,2.4595760272350224,92.72162262779544,2.5000000002394955,88.29055542139737
542.4500000000005,2.4595760272350224,92.72162262779544,2.500000000718492,87.52287242329731
542.4750000000005,2.60233106510777,92.4952733217103,2.5000000003412355,87.50067912189225
542.5000000000005,2.60233106510777,92.4952733217103,2.500000036477726,87.94932332148534
542.5250000000004,2.572264824163212,92.1626109078476,2.5000000008911085,88.4767080965436
542.5500000000005,2.572264824163212,92.1626109078476,2.5000000001811244,88.71207449360219
542.5750000000005,2.5692377840094505,91.82866229731222,2.500000000044579,87.51425010695706
542.6000000000005,2.5692377840094505,91.82866229731222,2.5000000001268345,87.50054072755132
542.6250000000005,2.495909753656947,91.52551536102148,2.500000001597868,87.50026766142454
542.6500000000004,2.495909753656947,91.52551536102148,2.500000147844007,87.50001159563008
542.6750000000005,2.422555336003954,91.24126842699668,2.5005435655680768,87.49999948215887
542.7000000000005,2.422555336003954,91.24126842699668,2.5000006307048763,87.50000001461679
542.7250000000005,2.471403624540857,90.9928413812692,2.5000257912872006,87.50002274471656
542.7500000000005,2.471403624540857,90.9928413812692,2.5000000991691342,87.49999072092571
542.7750000000004,2.4932628279065003,90.8277394840477,2.5000000019056268,87.49999999094103
542.8000000000005,2.4932628279065003,90.8277394840477,2.500000019190169,87.50000001502394
542.8250000000005,2.349751643635046,90.70326307521476,2.5000000019909487,87.50000015315074
542.8500000000005,2.349751643635046,90.70326307521476,2.50000000006345,87.50000914991035
542.8750000000005,2.3455902626300738,90.6566870141082,2.500000017352777,87.50010789300515
542.9000000000004,2.3455902626300738,90.6566870141082,2.500000057297153,87.50334700602875
542.9250000000005,2.3017481694955437,90.58048342777694,2.5000000034385517,88.81889725491763
542.9500000000005,2.3017481694955437,90.58048342777694,2.5000000000440634,91.97420467985465
542.9750000000005,2.2437585359345653,90.50897555317312,2.500000000001963,87.55711000888346
543.0000000000005,2.2437585359345653,90.50897555317312,2.500000000000063,88.19919345826588
543.0250000000004,2.171125327559412,90.40126717447284,2.5000000000010103,91.66499924246682
543.0500000000005,2.171125327559412,90.40126717447284,2.500000000001512,90.27254685583209
543.0750000000005,2.257473507348236,90.31574092607887,2.5000000000045244,91.37473130786847
543.1000000000005,2.257473507348236,90.31574092607887,2.5000000000013345,91.21752437866438
543.1250000000005,2.446184157792988,90.20309241002757,2.5000000000004974,87.50197245694396
543.1500000000004,2.446184157792988,90.20309241002757,2.5000000000554743,87.50098666027925
543.1750000000005,2.5704828155451485,90.11904284345415,2.500000002182822,84.76476873248647
543.2000000000005,2.5704828155451485,90.11904284345415,2.5000065299826666,88.34955028400475
543.2250000000005,2.6952202375416325,90.06423436457347,2.500000749765815,90.25307088665252
543.2500000000005,2.6952202375416325,90.06423436457347,2.500000051662559,87.71075463299934
543.2750000000004,2.667310756956046,90.06215846908819,2.5000005760799207,87.50027682006744
543.3000000000005,2.667310756956046,90.06215846908819,2.5000009006352992,87.5000001016261
543.3250000000005,2.6482563906657157,90.03576363860535,2.5000112915497437,87.500013032149
543.3500000000005,2.6482563906657157,90.03576363860535,2.5000909499515016,87.50003157067553
543.3750000000005,2.658112375313036,89.91544544781127,2.5131562943555332,87.50806430415103
543.4000000000004,2.658112375313036,89.91544544781127,2.500287318230135,87.50082726270838
543.4250000000005,2.669885931768291,89.8163500829433,2.5000001741935898,87.50052667893188
543.4500000000005,2.669885931768291,89.8163500829433,2.5000000505436395,87.500016478024
543.4750000000005,2.636830476918554,89.63131439762532,2.5000075637687673,87.50010054295726
543.5000000000005,2.636830476918554,89.63131439762532,2.500182858542303,87.50007839545029
543.5250000000004,2.5183731257448114,89.39156878850584,2.5000145381002907,87.53627390359398
543.5500000000005,2.5183731257448114,89.39156878850584,2.500279824654103,91.03853807500136
543.5750000000005,2.546942212174488,89.10632283650766,2.5004386516453057,89.83041410482518
543.6000000000005,2.546942212174488,89.10632283650766,2.500018948251772,90.80941980157881
543.6250000000005,2.673816789155286,88.67084140766583,2.5000000004661067,91.28151765905609
543.6500000000004,2.673816789155286,88.67084140766583,2.500000000292883,91.82948188763132
543.6750000000005,2.781225444135968,88.13940608640955,2.5000000026623166,91.74633614618976
543.7000000000005,2.781225444135968,88.13940608640955,2.5000000000003344,92.39106907135411
543.7250000000005,2.982403485020034,87.71412409093881,2.5000000000024474,92.18416429078385
543.7500000000005,2.982403485020034,87.71412409093881,2.500000000000458,91.40128083446719
543.7750000000004,3.1963183471853216,87.36364295070248,2.500000000003117,89.31427279175594
543.8000000000005,3.1963183471853216,87.36364295070248,2.5000000000000044,88.3627308852546
543.8250000000005,3.450879589858808,87.04158966415527,2.5000000000082436,89.1569476258762
543.8500000000005,3.450879589858808,87.04158966415527,2.500000002758958,89.74245110705743
543.8750000000005,3.7625762444601167,86.76230938685075,2.5000001788884814,89.07045285794051
543.9000000000004,3.7625762444601167,86.76230938685075,2.5000000245976985,87.64420946513154
543.9250000000005,4.018980081012213,86.39791401797419,2.5000000021691777,87.50005270218068
543.9500000000005,4.018980081012213,86.39791401797419,2.500000002766805,87.50000113762131
543.9750000000005,4.243476508116414,86.0940375487504,2.5000297492988763,87.50003516741448
544.0000000000005,4.243476508116414,86.0940375487504,2.5000075374980084,87.50016083194747
544.0250000000004,4.3493098297650645,85.81130507473276,2.5000312207441597,87.50059912596083
544.0500000000005,4.3493098297650645,85.81130507473276,2.511374014839378,87.49798222418968
544.0750000000005,4.411222831603219,85.61144581479951,2.500002295964289,87.49999991008903
544.1000000000005,4.411222831603219,85.61144581479951,2.500005699242252,87.50000001288002
544.1250000000005,4.5557494675211,85.50047219580533,2.500000005100678,87.50000000032979
544.1500000000004,4.5557494675211,85.50047219580533,2.5000000722583287,87.50000000000234
544.1750000000005,4.630669542845543,85.29809753841393,2.501530695893097,87.49999999983473
544.2000000000005,4.630669542845543,85.29809753841393,2.5036265492845824,87.49999969963405
544.2250000000005,4.561898333810743,84.97770946735643,2.5000373527726034,87.49999939839176
544.2500000000005,4.561898333810743,84.97770946735643,2.500001329121407,87.49999999935422
544.2750000000004,4.447176301241113,84.66565553284875,2.5000013119039575,87.49999999875713
544.3000000000005,4.447176301241113,84.66565553284875,2.500166126307047,87.50001579341291
544.3250000000005,4.454125129185183,84.4251312167098,2.5000269625022753,87.52600439144565
544.3500000000005,4.454125129185183,84.4251312167098,2.527008061410751,87.784846947082
544.3750000000005,4.413246586255534,84.07629695077438,3.7937115788366205,91.86921838382267
544.4000000000004,4.413246586255534,84.07629695077438,2.5150153201935352,92.4934333787878
544.4250000000005,4.402957509535903,83.81159687385473,2.5000071282860277,92.49799832975525
544.4500000000005,4.402957509535903,83.81159687385473,2.5000015442894408,92.49549133514586
544.4750000000005,4.472579723490632,83.65480123849349,2.583704649527481,91.49532429582759
544.5000000000005,4.472579723490632,83.65480123849349,2.6175361299365227,91.30084927595152
544.5250000000004,4.437320205857147,83.43753943750085,2.500571219940492,90.81690485262487
544.5500000000005,4.437320205857147,83.43753943750085,2.5000047539810946,89.79988226192063
544.5750000000005,4.288065774047415,83.22285277787712,2.5000156568723693,87.49401555497454
544.6000000000005,4.288065774047415,83.22285277787712,2.500025560148785,87.38930242022643
544.6250000000005,4.074205727832663,82.9952500143329,2.500002316717954,87.48718464188487
544.6500000000004,4.074205727832663,82.9952500143329,2.5000000040946477,87.5000098788842
544.6750000000005,3.9585247345021854,82.79180172061339,2.5000000098017354,87.5000175311355
544.7000000000005,3.9585247345021854,82.79180172061339,2.50000000009871,87.50006248943576
544.7250000000005,3.942074402373045,82.63442457911135,2.5000000000107088,87.50000134844625
544.7500000000005,3.942074402373045,82.63442457911135,2.5000000000106968,87.50661405307173
544.7750000000004,3.770174710375932,82.50574702754628,2.5000000033016816,87.50001673029467
544.8000000000005,3.770174710375932,82.50574702754628,2.5000000005144902,87.50000020077093
544.8250000000005,3.4551815476010663,82.42030906779358,2.5000001458220837,87.50012198258484
544.8500000000005,3.4551815476010663,82.42030906779358,2.5000000155813313,87.50005060740196
544.8750000000005,3.346436724688393,82.46189575013942,2.5000000000312244,87.50000060324139
544.9000000000004,3.346436724688393,82.46189575013942,2.500000000000749,87.5000000360351
544.9250000000005,3.2994261391639155,82.62214454844424,2.5000000000676588,87.4999990943345
544.9500000000005,3.2994261391639155,82.62214454844424,2.500000000007202,87.49999993382396
544.9750000000005,3.3243047229797598,82.8777778373538,2.5000028260318965,87.50000060051607
545.0000000000005,3.3243047229797598,82.8777778373538,2.5000009625231305,87.4999994062763
545.0250000000004,3.375711700834181,83.16967947454877,2.5000120602597926,82.72998261428319
545.0500000000005,3.375711700834181,83.16967947454877,2.5175458869113974,82.7531405663917
545.0750000000005,3.3470572709402187,83.55526575087127,2.5248932944565063,82.51563231967245
545.1000000000005,3.3470572709402187,83.55526575087127,2.5002716476169264,82.5020722403399
545.1250000000005,3.4976106175112576,83.94152274762655,2.6016193558512883,82.71995821127061
545.1500000000004,3.4976106175112576,83.94152274762655,2.6977168457817364,87.5091317506853
545.1750000000005,3.542418295573328,84.37156195272192,7.153160084556603,87.59012609442955
545.2000000000005,3.542418295573328,84.37156195272192,2.648437550024044,82.71179402793044
545.2250000000005,3.630160366964952,84.72007810583328,2.500785556996089,87.4934200294569
545.2500000000005,3.630160366964952,84.72007810583328,2.5000300554706056,87.50006337414422
545.2750000000004,3.694306350048892,85.06241453193135,2.5000010170245077,87.50000053185973
545.3000000000005,3.694306350048892,85.06241453193135,2.500000017777676,87.50000019633596
545.3250000000005,3.8839563577950806,85.32259961408928,2.5000000019807613,87.49999998240972
545.3500000000005,3.8839563577950806,85.32259961408928,2.5000000000007336,87.5000000079331
545.3750000000005,4.05695576407229,85.61021403088222,2.5000000000000093,87.50000174425575
545.4000000000004,4.05695576407229,85.61021403088222,2.5000000000000124,87.50000140135333
545.4250000000005,4.241798808945102,85.77444571698207,2.50000000000007,87.5001313032402
545.4500000000005,4.241798808945102,85.77444571698207,2.500000003809597,87.50055372853903
545.4750000000005,4.347038280011465,85.95606568034037,2.5000616898646886,87.68392025649145
545.5000000000005,4.347038280011465,85.95606568034037,2.625121328439882,87.53632443894998
545.5250000000004,4.437346169040975,86.09057370670993,21.98473830149025,92.36865375400728
545.5500000000005,4.437346169040975,86.09057370670993,22.494542178454317,92.49852864913925
545.5750000000005,4.532746398703117,86.21299074390991,16.57329717639067,91.04384232007725
545.6000000000005,4.532746398703117,86.21299074390991,22.476691050862023,92.49701410119441
545.6250000000005,4.533880438772118,86.36345468143328,13.48112707133939,97.00949494156747
545.6500000000004,4.533880438772118,86.36345468143328,19.49900635766908,94.00033926186664
545.6750000000005,4.516213594337659,86.53476167189137,18.602151750158544,93.5863221041143
545.7000000000005,4.516213594337659,86.53476167189137,2.5002568130139267,87.66405805287133
545.7250000000005,4.547583377373004,86.7040949678546,2.500320364675974,88.78494177555014
545.7500000000005,4.547583377373004,86.7040949678546,2.50773107490377,92.45761960648517
545.7750000000004,4.517263547327117,86.94323029457517,2.554614649952161,92.49740489141206
545.8000000000005,4.517263547327117,86.94323029457517,2.5004761671571316,92.48890762766416
545.8250000000005,4.458792778213312,87.27075515253412,2.5000146669844776,92.45767640559042
545.8500000000005,4.458792778213312,87.27075515253412,2.5008605515879014,89.07594758333869
545.8750000000005,4.411539914367313,87.7110006240571,10.589298283600863,90.25085228383828
545.9000000000004,4.411539914367313,87.7110006240571,22.48081943747513,97.47333795499226
545.9250000000005,4.325180878870678,88.20691539446953,22.51310202763929,93.32063940745311
545.9500000000005,4.325180878870678,88.20691539446953,22.501473034185477,97.49384341538921
545.9750000000005,4.349009538201102,88.64325612914652,22.500000367422082,97.49956147383267
546.0000000000005,4.349009538201102,88.64325612914652,22.500000423994813,97.49767781225054
546.0250000000004,4.256821320481016,89.13429145020577,22.500000088700258,97.49952575711202
546.0500000000005,4.256821320481016,89.13429145020577,22.499999109874825,97.47958107062922
546.0750000000005,4.184226949373312,89.56786609022487,22.499993899834493,97.44557126629533
546.1000000000005,4.184226949373312,89.56786609022487,22.499948642912724,97.43694945462107
546.1250000000005,3.9443504244002248,90.12828713029404,22.497406646472303,93.87260905377624
546.1500000000004,3.9443504244002248,90.12828713029404,22.263765856854114,97.187325031644
546.1750000000005,3.703955341033645,90.64739796478388,8.18722309069092,89.12355623663522
546.2000000000005,3.703955341033645,90.64739796478388,2.5068672977128075,87.50179783479464
546.2250000000005,3.4722899765778457,91.15633657586024,2.500000976570243,87.50073584120751
546.2500000000005,3.4722899765778457,91.15633657586024,2.500000002755848,87.50958857140449
546.2750000000004,3.602873409503251,91.43782484195744,2.5000000001149854,87.50022383011384
546.3000000000005,3.602873409503251,91.43782484195744,2.5000000002162266,87.5000041349472
546.3250000000005,3.666939998046638,91.66779070961046,2.500000134531127,87.50112623848587
546.3500000000005,3.666939998046638,91.66779070961046,2.5000030481109103,87.5160186210583
546.3750000000005,3.656992373097069,91.94878801004396,2.5000000169516317,87.75133923352936
546.4000000000004,3.656992373097069,91.94878801004396,2.500000134735621,92.46822173070525
546.4250000000005,3.5930933095972604,92.10561025784772,2.500000043599975,92.47960054257608
546.4500000000005,3.5930933095972604,92.10561025784772,2.5255207744464494,90.85567839198684
546.4750000000005,3.5799995989125604,92.15744736006972,2.5251226555689454,92.36632812191077
546.5000000000005,3.5799995989125604,92.15744736006972,11.241267217054247,96.13057793678166
546.5250000000004,3.49935631795604,92.19740047651835,3.2550230805078417,88.18309787227345
546.5500000000005,3.49935631795604,92.19740047651835,2.5151679735145596,89.17933453271961
546.5750000000005,3.44785754132986,92.22097861800428,2.5139848897632735,87.85395660610021
546.6000000000005,3.44785754132986,92.22097861800428,2.5929717299048987,88.19053211200776
546.6250000000005,3.2189036520459284,92.45232761132776,6.860756632472622,89.64101212326096
546.6500000000004,3.2189036520459284,92.45232761132776,2.5030859819692726,90.23901272285906
546.6750000000005,3.114518996607102,92.69388993018649,2.529567935754124,87.57541788278628
546.7000000000005,3.114518996607102,92.69388993018649,2.500998206700791,90.26374918334763
546.7250000000005,3.056093489807295,92.90204245088452,2.5070319506123497,88.67640856062854
546.7500000000005,3.056093489807295,92.90204245088452,2.501839357675059,87.51593906544913
546.7750000000004,3.0373290096290217,93.143561312469,2.5003609401857307,88.83630127002164
546.8000000000005,3.0373290096290217,93.143561312469,2.50232108128605,87.51046468020462
546.8250000000005,2.9162388533344163,93.44578708060688,2.5151940478102364,87.75870831595458
546.8500000000005,2.9162388533344163,93.44578708060688,2.5000004047677042,87.50975995417113
546.8750000000005,2.754441283976105,93.68024109764924,2.5000011185924844,87.50148893478121
546.9000000000004,2.754441283976105,93.68024109764924,2.5015090350613343,87.50150953823169
546.9250000000005,2.8553410172942613,93.78769828368117,2.50068143693143,87.50114340083891
546.9500000000005,2.8553410172942613,93.78769828368117,2.500135305994493,87.50226942870484
546.9750000000005,2.9933878630442523,93.8972956493649,2.500030558565689,87.66174444488352
547.0000000000005,2.9933878630442523,93.8972956493649,2.500009680055197,87.51559851853865
547.0250000000004,3.108317720767057,93.97873501222472,2.5258483402156626,88.21188158041335
547.0500000000005,3.108317720767057,93.97873501222472,2.5002780393188817,90.96650143715767
547.0750000000005,3.172103362736225,94.04062080555472,2.50061050291135,90.01787742868457
547.1000000000005,3.172103362736225,94.04062080555472,2.502591938718897,88.18706251820416
547.1250000000005,3.0598215112544067,94.11126315169015,2.500029329608005,87.50013693289908
547.1500000000004,3.0598215112544067,94.11126315169015,2.5000002846606484,88.09681396228696
547.1750000000005,2.903768688052833,94.16908708004112,2.500003145936825,87.51202792653878
547.2000000000005,2.903768688052833,94.16908708004112,2.5000005968481918,87.50001970299665
547.2250000000005,2.6286496170048137,94.20100462655746,2.500018344702424,87.49837865939966
547.2500000000005,2.6286496170048137,94.20100462655746,2.5000105391430183,87.47324671910928
547.2750000000004,2.5203873785709465,94.13744534218792,2.5000016987905274,87.19179956504831
547.3000000000005,2.5203873785709465,94.13744534218792,2.500022414735565,82.54991776601679
547.3250000000005,2.4168691371808206,94.19884067543984,2.5000013678438475,83.1973070739271
547.3500000000005,2.4168691371808206,94.19884067543984,2.5000001826939586,82.80721920312611
547.3750000000005,2.382246836867328,94.35429035033624,2.500000077877224,91.18874162453875
547.4000000000004,2.382246836867328,94.35429035033624,2.5000000719099287,91.30970049271288
547.4250000000005,2.4208672137199,94.53155066233312,2.5000087264890336,92.37675091745571
547.4500000000005,2.4208672137199,94.53155066233312,2.500000475697955,92.49977255090913
547.4750000000005,2.3967256143504456,94.6471976135281,2.500043576256883,92.48589323955376
547.5000000000005,2.3967256143504456,94.6471976135281,2.50028732705523,92.49402762961068
547.5250000000004,2.4160424775927005,94.6805183902744,2.516601476929203,92.44027871693295
547.5500000000005,2.4160424775927005,94.6805183902744,2.5011529061755273,92.39598936466933
547.5750000000005,2.522330143015705,94.7259753649627,2.5000264837121398,92.4926452859805
547.6000000000005,2.522330143015705,94.7259753649627,2.501034786506374,92.49678193232819
547.6250000000005,2.596533525552875,94.69288234171312,2.5022630410737734,92.49869087545439
547.6500000000004,2.596533525552875,94.69288234171312,2.6902895356714494,92.582320845024
547.6750000000005,2.735892405755235,94.56604674071484,2.5328827351165675,92.51152726131798
547.7000000000005,2.735892405755235,94.56604674071484,2.504459961696855,92.49513701508432
547.7250000000005,2.719344433201872,94.48480125349732,2.5010310830854343,92.49999811195109
547.7500000000005,2.719344433201872,94.48480125349732,2.512070269166501,92.50062805885962
547.7750000000004,2.656449072423294,94.43271275716214,2.500811031168817,92.4989054916498
547.8000000000005,2.656449072423294,94.43271275716214,2.5029861658624033,92.50145003435242
547.8250000000005,2.617087410566448,94.42193636012658,2.6190216209324153,92.55202107141943
547.8500000000005,2.617087410566448,94.42193636012658,2.501561993694843,92.50069907994033
547.8750000000005,2.6017464679343747,94.42005534703402,2.501986352494077,92.50086459434306
547.9000000000004,2.6017464679343747,94.42005534703402,2.502035504196199,92.50080907155937
547.9250000000005,2.582443058528057,94.36364366175704,2.50011362513835,92.49865509825311
547.9500000000005,2.582443058528057,94.36364366175704,2.5001390600952638,92.47341428009473
547.9750000000005,2.6773176766596416,94.2646706825474,2.5115735621040205,88.12335317304924
548.0000000000005,2.6773176766596416,94.2646706825474,2.5011521426854735,91.63055518597535
548.0250000000004,2.7602515544150648,94.14368789845363,2.5005223746937304,89.23910966638483
548.0500000000005,2.7602515544150648,94.14368789845363,2.5356367855133715,87.51882665131672
548.0750000000005,2.728752350802748,94.08168645864986,2.505793509421733,87.50144964823389
548.1000000000005,2.728752350802748,94.08168645864986,2.5061565212411074,87.50153931111394
548.1250000000005,2.6406064843084502,93.96134024595544,2.50058262081786,87.50014592899093
548.1500000000004,2.6406064843084502,93.96134024595544,2.506858819847732,87.50169439215952
548.1750000000005,2.641141854563213,93.81471087999722,2.621656958030908,87.52982703994506
548.2000000000005,2.641141854563213,93.81471087999722,2.519844238647612,87.47341700758597
548.2250000000005,2.63842181903086,93.66833764995044,2.699823634416188,87.54864437745599
548.2500000000005,2.63842181903086,93.66833764995044,2.523027518044465,87.03554130872804
548.2750000000004,2.402497658584722,93.5047580748912,2.5008392416090466,87.50019330850746
548.3000000000005,2.402497658584722,93.5047580748912,2.500000221659526,87.50141396929092
548.3250000000005,2.382335797433125,93.34141505007555,2.5000001715285065,92.0855560875761
548.3500000000005,2.382335797433125,93.34141505007555,2.5000352390106646,87.84370034185766
548.3750000000005,2.355980265948931,93.30144542383198,2.5000176448804337,87.50412296248139
548.4000000000004,2.355980265948931,93.30144542383198,2.50000037820368,87.50020672372636
548.4250000000005,2.134775493670291,93.2557238557248,2.5000000580156376,87.5000002903618
548.4500000000005,2.134775493670291,93.2557238557248,2.5000011646796687,87.50000116331198
548.4750000000005,2.0005714850763123,93.3033704344005,2.5000000963597437,87.50000021210626
548.5000000000005,2.0005714850763123,93.3033704344005,2.5000021139646056,87.49999848328183
548.5250000000004,2.0772379837392783,93.34899374720068,2.5000001208698546,87.48444269072694
548.5500000000005,2.0772379837392783,93.34899374720068,2.5014612522526467,87.5008258089161
548.5750000000005,2.3137453779614074,93.35985787152384,2.5044807895685053,87.48755168419285
548.6000000000005,2.3137453779614074,93.35985787152384,2.5022431494444564,87.5025651641314
548.6250000000005,2.6825534955126127,93.3575504866879,2.5000074121406466,87.5212653528659
548.6500000000004,2.6825534955126127,93.3575504866879,2.5000000139265155,87.50754726507492
548.6750000000005,2.958620669007185,93.40099890341412,2.5000000410261873,87.56586182639381
548.7000000000005,2.958620669007185,93.40099890341412,2.5000000082808675,87.87538070802921
548.7250000000005,3.2497406522242955,93.45861918386512,2.500000000860104,90.00466367606785
548.7500000000005,3.2497406522242955,93.45861918386512,2.50000195590574,89.79919683801714
548.7750000000004,3.436303757507228,93.57572124280044,2.5000037432568916,87.51515895221254
548.8000000000005,3.436303757507228,93.57572124280044,2.500000048875502,87.50065883692403
548.8250000000005,3.582733934808758,93.72126784546356,2.5000107548115738,87.50003902206564
548.8500000000005,3.582733934808758,93.72126784546356,2.500000202051355,87.5000712613551
548.8750000000005,3.650871888146318,94.01183992889872,2.500008635392646,87.50000869717032
548.9000000000004,3.650871888146318,94.01183992889872,2.50101761637078,87.50093323115705
548.9250000000005,3.751750942452423,94.2133578217058,2.500227905159265,87.5010084022304
548.9500000000005,3.751750942452423,94.2133578217058,2.5000016303754564,87.50305814136463
548.9750000000005,3.787113008327596,94.45868648240068,2.5000000377970837,87.50002375682939
549.0000000000005,3.787113008327596,94.45868648240068,2.5000000046413997,87.5000130196329
549.0250000000004,3.910322433033976,94.69102575314436,2.500000501581519,87.50000372325157
549.0500000000005,3.910322433033976,94.69102575314436,2.500000041675198,87.50003665143988
549.0750000000005,4.053813131168636,94.81534025269674,2.500000003997623,87.50081180816062
549.1000000000005,4.053813131168636,94.81534025269674,2.500000599916584,87.50111507715376
549.1250000000005,4.025614603416701,95.0454999922104,2.5000063791219547,87.50763347585657
549.1500000000004,4.025614603416701,95.0454999922104,2.5000000949728935,87.5164036546778
549.1750000000005,4.061850005607895,95.30576328441668,2.5000003320521214,87.50001240309707
549.2000000000005,4.061850005607895,95.30576328441668,2.5000227295166875,87.50003141278172
549.2250000000005,4.0754874535954695,95.58835971637188,2.54600894549834,87.54609691251252
549.2500000000005,4.0754874535954695,95.58835971637188,2.6626592557492597,87.6627427100007
549.2750000000004,4.1240702652792605,95.74296751000782,2.6247624533750122,87.69608262472666
549.3000000000005,4.1240702652792605,95.74296751000782,2.54086653489539,87.54346093350468
549.3250000000005,4.25799100825411,95.8012599630209,2.5018443855739285,87.502104610507
549.3500000000005,4.25799100825411,95.8012599630209,2.501138905030761,87.50211782067426
549.3750000000005,4.368059709523583,95.80669639177162,2.5001344712470686,87.50085168024329
549.4000000000004,4.368059709523583,95.80669639177162,10.327956361351372,95.33093928875945
549.4250000000005,4.400718409052828,95.82994726166751,7.2130989771786,94.56031876682906
549.4500000000005,4.400718409052828,95.82994726166751,8.828008111534297,95.43543648391518
549.4750000000005,4.439243516493105,95.8166074485932,3.291371020645065,92.65111838252689
549.5000000000005,4.439243516493105,95.8166074485932,2.541127304918031,92.51807142042043
549.5250000000004,4.3507785750354815,95.90125730900073,2.6918581519952594,92.58443243553488
549.5500000000005,4.3507785750354815,95.90125730900073,2.608735323876632,92.55405381304713
549.5750000000005,4.199603676397565,96.17558043103934,2.5148919053072785,92.50700963129773
549.6000000000005,4.199603676397565,96.17558043103934,2.5199379137539015,92.4964211055475
549.6250000000005,3.968402092961085,96.5893901555625,2.5307344125156708,92.48502231254415
549.6500000000004,3.968402092961085,96.5893901555625,2.500004155378319,90.20486332722761
549.6750000000005,3.970602187383077,96.89424494989908,2.5014366670253008,92.500062067406
549.7000000000005,3.970602187383077,96.89424494989908,2.5000210134412018,92.49997985676427
549.7250000000005,3.9479274676882263,97.10735833869344,9.645938332570193,92.917674357156
549.7500000000005,3.9479274676882263,97.10735833869344,7.521296181251397,92.6551541457177
549.7750000000004,3.997941224308077,97.07232730392582,55.25157409767243,95.38748383312458
549.8000000000005,3.997941224308077,97.07232730392582,19.65907977502565,95.61813616043013
549.8250000000005,4.045241645097897,97.01755324234084,13.91524583713331,97.43866924616009
549.8500000000005,4.045241645097897,97.01755324234084,12.800630751953095,97.4920505795804
549.8750000000005,4.106949494341675,96.94084041815708,12.507024520331289,97.4999123085627
549.9000000000004,4.106949494341675,96.94084041815708,12.501025960150445,97.49999964533147
549.9250000000005,4.2677993354764165,97.04785755403884,12.41115578945638,97.40981499079749
549.9500000000005,4.2677993354764165,97.04785755403884,12.490763761449006,97.48978753484094
549.9750000000005,4.374705321777675,97.19527110896756,12.504999491447563,97.49995743902323
550.0000000000005,4.374705321777675,97.19527110896756,11.58074106655668,97.45112797579233
550.0250000000004,4.595031174919625,97.22604445453725,12.453171020704218,97.46204880924437
550.0500000000005,4.595031174919625,97.22604445453725,12.473853248178001,97.47146586168542
550.0750000000005,4.807458854283815,97.3356288289026,9.269383008802835,93.65260444646746
550.1000000000005,4.807458854283815,97.3356288289026,17.27046839189227,95.40882815065119
550.1250000000005,5.092589737549331,97.4314652002027,6.023765020342776,89.41077657123003
550.1500000000004,5.092589737549331,97.4314652002027,22.465198778175438,97.49138145257285
550.1750000000005,5.327152418277695,97.7796185518955,21.255447223253615,97.49968979126953
550.2000000000005,5.327152418277695,97.7796185518955,15.979232835422545,97.49946311093028
550.2250000000005,5.598187917750356,97.95927706367706,21.210709893814318,97.39754985749664
550.2500000000005,5.598187917750356,97.95927706367706,17.28143412618568,97.47709475676406
550.2750000000004,5.830079775925896,98.13286788132154,14.463525331798529,97.4129298334758
550.3000000000005,5.830079775925896,98.13286788132154,12.48942215411258,97.47740816540382
550.3250000000005,5.995929006255656,98.07502477104715,12.500546197973582,97.49956678095134
550.3500000000005,5.995929006255656,98.07502477104715,12.501685167294324,97.49991758959253
550.3750000000005,6.102804981334357,97.932426955611,12.504894404723045,97.49997840761324
550.4000000000004,6.102804981334357,97.932426955611,12.42543237420851,97.42250560300135
550.4250000000005,6.204645162476539,97.88729147417727,11.657146086258704,96.6186812847616
550.4500000000005,6.204645162476539,97.88729147417727,10.961860684322795,95.96178722778852
550.4750000000005,6.378882419412291,97.8538395603381,12.499468423485789,97.49946660292362
550.5000000000005,6.378882419412291,97.8538395603381,12.500000139149664,97.49999968563934
550.5250000000004,6.667723601320848,97.77527953240347,12.500005563604388,97.49999740563665
550.5500000000005,6.667723601320848,97.77527953240347,12.503361061725368,97.49985513100548
550.5750000000005,7.0470968266656,97.7219983530054,12.914671026484712,97.49508559544422
550.6000000000005,7.0470968266656,97.7219983530054,12.595295482340227,97.49687927739896
550.6250000000005,7.432044648167436,97.57601406841484,12.529346129381388,97.49208485231594
550.6500000000005,7.432044648167436,97.57601406841484,12.402731559091286,97.47471062979257
550.6750000000005,7.750895544674631,97.43921915030316,12.49045077333894,97.4997517730924
550.7000000000005,7.750895544674631,97.43921915030316,20.272849937247617,97.4992833924384
550.7250000000005,7.967029266267879,97.25659580824724,20.459005732674477,97.41517510889052
550.7500000000005,7.967029266267879,97.25659580824724,22.369149943549406,97.49977856470284
550.7750000000005,8.197596032007029,97.19272223732146,22.416117886380963,97.49986170939684
550.8000000000005,8.197596032007029,97.19272223732146,16.058269291394087,97.49908536725982
550.8250000000005,8.390811989955571,97.024437996128,12.881556735868415,97.4980196114636
550.8500000000005,8.390811989955571,97.024437996128,12.807611884899462,97.3867724004713
550.8750000000005,8.638372854662297,97.01664484620837,14.79451298706023,96.77188451480338
550.9000000000005,8.638372854662297,97.01664484620837,12.67787190691243,97.4506352280614
550.9250000000005,8.76892411921725,97.0158195581418,20.613549535659224,96.39146463122542
550.9500000000005,8.76892411921725,97.0158195581418,19.817243153347096,94.68495381843474
550.9750000000005,8.948618380643786,97.11163006690364,12.53969307318947,97.48015635586182
551.0000000000005,8.948618380643786,97.11163006690364,13.064655512122155,97.2178900636137
551.0250000000005,9.17878019395742,97.26631573169902,14.515562642586852,96.49638120363912
551.0500000000005,9.17878019395742,97.26631573169902,12.541690605245943,97.47675429785697
551.0750000000005,9.431398556889844,97.29210599843852,12.500030434065648,97.49957663049194
551.1000000000005,9.431398556889844,97.29210599843852,12.504398586136196,97.498729401764
551.1250000000005,9.627211361116252,97.40901361928242,12.498367650377558,97.49992470547583
551.1500000000005,9.627211361116252,97.40901361928242,12.487600885515864,97.49999374123502
551.1750000000005,9.722340523364034,97.45668033658562,12.495321669394016,97.49999989493567
551.2000000000005,9.722340523364034,97.45668033658562,9.936524581239494,97.49999995022615
551.2250000000005,9.836675407092848,97.5301097649336,12.902914189920962,97.49999521432393
551.2500000000005,9.836675407092848,97.5301097649336,13.853749481505881,97.49986539976065
551.2750000000005,9.84902060541493,97.54974825861387,12.590531634008649,97.4999548505047
551.3000000000005,9.84902060541493,97.54974825861387,22.0075153867531,97.49964969565254
551.3250000000005,9.865485248807593,97.49170820711052,20.494647019630296,97.49625903902215
551.3500000000005,9.865485248807593,97.49170820711052,19.582532650077354,97.49364671763284
551.3750000000005,9.8726712222971,97.4039410732146,22.111068734782954,97.38464741576153
551.4000000000005,9.8726712222971,97.4039410732146,22.439532627252547,96.84830183455254
551.4250000000005,9.86510832473485,97.3844922529219,22.37783678807297,96.42066384037899
551.4500000000005,9.86510832473485,97.3844922529219,22.37424115485842,94.03729299682989
551.4750000000005,9.83375508212417,97.27577147154764,22.15667728941629,96.99820142879251
551.5000000000005,9.83375508212417,97.27577147154764,14.069470654536962,97.49765370510163
551.5250000000005,9.74557257407409,97.12401252910408,17.65632835243439,97.41228841696775
551.5500000000005,9.74557257407409,97.12401252910408,20.42336213170594,97.37373848026364
551.5750000000005,9.622066267683495,97.10006106415796,22.08462747422697,97.46450398428419
551.6000000000005,9.622066267683495,97.10006106415796,21.755641811831957,97.45084057082785
551.6250000000005,9.51346830310656,97.2340525494874,21.636117107019214,97.45291104567364
551.6500000000005,9.51346830310656,97.2340525494874,20.971919964663666,97.27292604835856
551.6750000000005,9.441417012202926,97.37741747875523,22.173684021764004,97.39991351257571
551.7000000000005,9.441417012202926,97.37741747875523,22.14699263077717,97.44804838590427
551.7250000000005,9.342624379669202,97.34936212057826,22.36016405254666,97.49542509846924
551.7500000000005,9.342624379669202,97.34936212057826,22.07023248651902,97.49845879260033
551.7750000000005,9.223147835796428,97.33645962468492,18.668992693077332,97.49972891150617
551.8000000000005,9.223147835796428,97.33645962468492,12.604201770374802,97.49999886355843
551.8250000000005,9.19187861130856,97.38941692426047,12.501959818606686,97.49999675016653
551.8500000000005,9.19187861130856,97.38941692426047,12.512292155454395,97.49282483924367
551.8750000000005,9.181662208269827,97.48034971878106,12.416005100961243,97.49999980988952
551.9000000000005,9.181662208269827,97.48034971878106,7.886221258142318,97.49999535925127
551.9250000000005,9.210022175206394,97.6928186039664,7.927211272501622,97.49999948124335
551.9500000000005,9.210022175206394,97.6928186039664,7.50003189183584,97.49999999978414
551.9750000000005,9.256821101254909,97.88899928413728,7.50592934256059,97.49999975610801
552.0000000000005,9.256821101254909,97.88899928413728,7.5000729280775325,97.49999999997951
552.0250000000005,9.456425413702997,97.94114231318804,8.268406068417955,97.4999821841019
552.0500000000005,9.456425413702997,97.94114231318804,12.348327049964801,97.47211469812129
552.0750000000005,9.797698302214606,97.94664509648103,8.709310721659378,97.49992428871323
552.1000000000005,9.797698302214606,97.94664509648103,17.37795324707645,97.4999011850038
552.1250000000005,10.184235647234132,97.87549844149434,20.361003366251584,97.49178459593445
552.1500000000005,10.184235647234132,97.87549844149434,22.49040964784746,97.49992216525568
552.1750000000005,10.515814564366678,97.72290850241085,22.49471310083363,97.4996034491922
552.2000000000005,10.515814564366678,97.72290850241085,14.437747819785168,97.49999987559576
552.2250000000005,10.94645186049489,97.57101261711615,13.947263372022984,97.49999997923577
552.2500000000005,10.94645186049489,97.57101261711615,12.766606732478586,97.49999968941182
552.2750000000005,11.356894827739625,97.43550473936564,12.613819858748542,97.49999999910688
552.3000000000005,11.356894827739625,97.43550473936564,12.571893679123315,97.49999999931829
552.3250000000005,11.852218396447684,97.3243769130762,12.500818867796639,97.49999999910884
552.3500000000005,11.852218396447684,97.3243769130762,12.500059999217147,97.49999999799483
552.3750000000005,12.198534901000356,97.14078480789306,12.500017055975379,97.49999991024094
552.4000000000005,12.198534901000356,97.14078480789306,12.500068551164786,97.49999985472051
552.4250000000005,12.535695664161253,96.83372877288384,12.500335202763683,97.4999977737808
552.4500000000005,12.535695664161253,96.83372877288384,12.644795734386596,97.49604666156034
552.4750000000005,12.904467994777946,96.53024621481268,12.50191982304514,97.4991750642687
552.5000000000005,12.904467994777946,96.53024621481268,12.500002798921997,97.49999736136887
552.5250000000005,13.247343102009443,96.24623581698071,12.50002574493006,97.49997930800733
552.5500000000005,13.247343102009443,96.24623581698071,12.500038139316942,97.49997751664296
552.5750000000005,13.528998433101588,95.96726862727954,12.500049974499674,97.4999150565437
552.6000000000005,13.528998433101588,95.96726862727954,12.544495608943524,97.45083313547342
552.6250000000005,13.898974266524538,95.85461082333826,16.992303554302133,92.55163368809856
552.6500000000005,13.898974266524538,95.85461082333826,23.649516284793634,85.10310766503983
552.6750000000005,14.310319603421076,95.85676504360862,12.503031388974394,97.49661534828654
552.7000000000005,14.310319603421076,95.85676504360862,12.509339837817661,97.48956364630222
552.7250000000005,14.800756261322704,95.85498670153406,12.500358104027864,97.4999759718929
552.7500000000005,14.800756261322704,95.85498670153406,13.331057368169258,97.49069937798534
552.7750000000005,15.233217818830502,95.76468949641114,21.093140558557568,97.49981266786219
552.8000000000005,15.233217818830502,95.76468949641114,18.91463028095137,97.49968761641752
552.8250000000005,15.60915828406648,95.65074986712108,22.450949903335662,97.4996069245158
552.8500000000005,15.60915828406648,95.65074986712108,21.912755831694472,96.76351002435301
552.8750000000005,15.926823702937993,95.58825188135124,22.327633795244466,97.43239130388761
552.9000000000005,15.926823702937993,95.58825188135124,16.06499286129208,97.34133841374772
552.9250000000005,16.54759542780789,95.6042476144267,15.077218464483321,97.46824226129283
552.9500000000005,16.54759542780789,95.6042476144267,12.995091953466854,97.42506953153747
552.9750000000005,17.408232131608397,95.65168078419684,12.774360927846912,97.36334385137523
553.0000000000005,17.408232131608397,95.65168078419684,14.784724422553973,96.39664936363465
553.0250000000005,18.2925011478868,95.6052278636546,12.520286164746253,97.49283870573207
553.0500000000005,18.2925011478868,95.6052278636546,12.698616851574142,97.48034754978525
553.0750000000005,19.29696983441661,95.54109998389826,12.779992176459961,97.42896949465707
553.1000000000005,19.29696983441661,95.54109998389826,12.519669740824583,97.49392034208232
553.1250000000005,20.121476213558285,95.48750774827096,12.624963261619664,97.4718119274504
553.1500000000005,20.121476213558285,95.48750774827096,21.880767255340697,97.22766148708729
553.1750000000005,20.854053752515973,95.42663626193584,21.907020274946575,97.2607463358756
553.2000000000005,20.854053752515973,95.42663626193584,37.861413920699114,97.41717527324991
553.2250000000005,21.538646123372622,95.42233893385968,23.17108548624508,96.50629970829094
553.2500000000005,21.538646123372622,95.42233893385968,54.570976499002924,97.04744032181333
553.2750000000005,22.229461724535668,95.39199833318716,71.29931074204569,97.45708864581768
553.3000000000005,22.229461724535668,95.39199833318716,27.455892437495713,96.86420252426583
553.3250000000005,22.953922897847747,95.3375336756445,22.227561146512688,97.42515451806214
553.3500000000005,22.953922897847747,95.3375336756445,22.066995215873447,97.43237010558151
553.3750000000005,23.458096703590265,95.3365801546832,13.036191931425964,97.49709212147735
553.4000000000005,23.458096703590265,95.3365801546832,24.509630439829923,97.36912732105326
553.4250000000005,23.98630776865503,95.50298138755228,12.709662056725836,97.4998174837927
553.4500000000005,23.98630776865503,95.50298138755228,21.249182549686015,97.49997187049303
553.4750000000005,24.502391316044395,95.84687001604424,22.48262537626483,97.49999600122248
553.5000000000005,24.502391316044395,95.84687001604424,22.49757987717645,97.49999813709415
553.5250000000005,24.96297954247456,96.14926199899914,22.43868071555074,97.48458844687894
553.5500000000005,24.96297954247456,96.14926199899914,22.404995462919246,97.28953728690621
553.5750000000005,25.46410567587,96.27525477868524,22.493576538410785,92.56221467836374
553.6000000000005,25.46410567587,96.27525477868524,22.499983559339036,94.86882287497627
553.6250000000005,26.009212618194056,96.33454083850994,22.499999987959292,97.47189240768871
553.6500000000005,26.009212618194056,96.33454083850994,22.499998719266152,97.49840475503697
553.6750000000005,26.36130468271885,96.3341108220572,22.499999235918565,97.48812990767202
553.7000000000005,26.36130468271885,96.3341108220572,22.49999992248506,97.47282321799076
553.7250000000005,26.720876851792625,96.34207432585572,22.499243870806396,92.50230738250275
553.7500000000005,26.720876851792625,96.34207432585572,22.499847940781024,92.50046544740867
553.7750000000005,27.296094248404497,96.3764963637468,22.49991918217599,92.50132022528857
553.8000000000005,27.296094248404497,96.3764963637468,22.49936178533061,92.50499052731453
553.8250000000005,28.019513905281784,96.26682883430732,22.500146657817805,92.51433293205561
553.8500000000005,28.019513905281784,96.26682883430732,22.447056227274057,92.52798172143673
553.8750000000005,28.80228677318415,96.03058195760823,18.939028686959595,94.32461677676542
553.9000000000005,28.80228677318415,96.03058195760823,18.761118492605704,95.21754765371122
553.9250000000005,29.64919867610175,95.9476963680043,21.798585116245746,92.93703022407092
553.9500000000005,29.64919867610175,95.9476963680043,22.727219800030383,95.85467402958267
553.9750000000005,30.344119500209864,95.78873928470928,22.499994754861017,97.49999676893135
554.0000000000005,30.344119500209864,95.78873928470928,22.50000081836688,97.49999131545927
554.0250000000005,31.04320828951345,95.56561035023527,22.500451181924,97.4999081589003
554.0500000000005,31.04320828951345,95.56561035023527,64.10585188911517,85.20785272028222
554.0750000000005,31.491477989977383,95.3252431441491,22.62288462925501,97.43096400525503
554.1000000000005,31.491477989977383,95.3252431441491,23.094761259690664,97.38180864749104
554.1250000000005,32.03358150290667,95.23567163013684,53.50526013979629,97.02160918950929
554.1500000000005,32.03358150290667,95.23567163013684,22.508192111874873,97.4992120610155
554.1750000000005,32.47500856292058,95.21415522816145,22.500024921687512,97.49998151124039
554.2000000000005,32.47500856292058,95.21415522816145,22.505645559848418,97.49485251830535
554.2250000000005,32.97250120450497,95.40054810110227,22.500757024822942,97.49949579152502
554.2500000000005,32.97250120450497,95.40054810110227,45.448919630334174,97.31447837936584
554.2750000000005,33.42243322208864,95.53294166749252,22.542047876157163,94.4825209283894
554.3000000000005,33.42243322208864,95.53294166749252,22.996501594311162,92.57704982607571
554.3250000000005,33.95586257473864,95.58313817063772,22.53553693698047,93.00924903027453
554.3500000000005,33.95586257473864,95.58313817063772,22.549368062681236,92.5637268114811
554.3750000000005,34.41291819797459,95.5036108354644,23.342651945037854,92.72771609929498
554.4000000000005,34.41291819797459,95.5036108354644,22.561960719618792,92.50018087000907
554.4250000000005,34.87114961072805,95.34310077063728,22.510214728369444,92.50001706780914
554.4500000000005,34.87114961072805,95.34310077063728,22.522911428493217,92.50041546742719
554.4750000000005,35.381585054523384,95.13078859567467,22.502573815311237,92.50136968766239
554.5000000000005,35.381585054523384,95.13078859567467,22.516426328112686,97.2908753520393
554.5250000000005,35.903513231866654,94.98729911516148,22.500007377396372,97.49592276183641
554.5500000000005,35.903513231866654,94.98729911516148,22.5000000144066,97.49999782602418
554.5750000000005,36.49557927440567,94.8484763619342,22.500025446861255,97.49359262394358
554.6000000000005,36.49557927440567,94.8484763619342,22.50346241883245,97.48522175488918
554.6250000000005,37.152563679474085,94.87316750663526,23.436329065703184,96.37494729064701
554.6500000000005,37.152563679474085,94.87316750663526,15.99809278016055,97.22355012530136
554.6750000000005,37.8759353796643,94.99437141426432,18.63591838555868,97.44863285481796
554.7000000000005,37.8759353796643,94.99437141426432,13.540505824190776,97.49146592002411
554.7250000000005,38.581781247073366,95.236181735356,13.460893396222271,97.49946166926999
554.7500000000005,38.581781247073366,95.236181735356,13.49692375890817,97.49970273819667
554.7750000000005,39.39675551531892,95.46493004605938,12.5291094318543,97.49985681304179
554.8000000000005,39.39675551531892,95.46493004605938,12.813860260018439,97.49533351105777
554.8250000000005,40.25681769676629,95.55743167154816,95.59581895884017,97.47811834170868
554.8500000000005,40.25681769676629,95.55743167154816,83.43398728563274,97.25902191391012
554.8750000000005,40.88227517935909,95.5933116257032,97.41550531073419,97.3920309747742
554.9000000000005,40.88227517935909,95.5933116257032,79.13437078289462,97.21336254065422
554.9250000000005,41.66953343183435,95.60279967713213,40.779121659381445,96.67463019934506
554.9500000000005,41.66953343183435,95.60279967713213,34.50304759595307,96.57136095827745
554.9750000000005,42.620557819746914,95.66145921469575,22.500396775775613,92.50052329391461
555.0000000000005,42.620557819746914,95.66145921469575,22.50071530026429,92.5000071638805
555.0250000000005,43.61197129821645,95.69583801427116,22.51051343091395,92.5031657068558
555.0500000000005,43.61197129821645,95.69583801427116,22.523743926120524,92.73578694654553
555.0750000000005,44.38378950260906,95.56475888570723,22.502889221706198,92.50267075038586
555.1000000000005,44.38378950260906,95.56475888570723,22.581464166166754,92.53771784275553
555.1250000000005,44.99172497800979,95.35274974643184,26.271855833502556,93.08174739542946
555.1500000000005,44.99172497800979,95.35274974643184,85.96707976680783,97.12091134444397
555.1750000000005,45.66888764473854,95.08878570273706,83.80084186206449,96.68911849009197
555.2000000000005,45.66888764473854,95.08878570273706,96.74729901856594,97.01130468746004
555.2250000000005,46.37044380344288,94.79012735289656,97.49966212619866,93.52507005343968
555.2500000000005,46.37044380344288,94.79012735289656,97.49958059736484,92.94682644185272
555.2750000000005,46.94613961554728,94.48874893712724,86.43451369865475,92.87965597698773
555.3000000000005,46.94613961554728,94.48874893712724,34.54865748615621,92.5941420796352
555.3250000000005,47.47562239750076,94.15822540234096,95.08884978299538,92.57129655774824
555.3500000000005,47.47562239750076,94.15822540234096,93.49656140542649,92.53673929713511
555.3750000000005,48.03076675886348,93.84830614008897,48.68704889227234,92.50675187236396
555.4000000000005,48.03076675886348,93.84830614008897,23.961226374086404,92.50034669325869
555.4250000000005,48.403341264060906,93.5912163834328,27.198621234220848,92.5000212422501
555.4500000000005,48.403341264060906,93.5912163834328,27.495593097697117,92.49999922903419
555.4750000000005,48.79787509171166,93.37064494137393,27.406491863903113,92.49994246327454
555.5000000000005,48.79787509171166,93.37064494137393,27.333009300194654,92.50000106032388
555.5250000000005,49.13621940554827,93.16363889029176,27.497961634717026,92.5000000188727
555.5500000000005,49.13621940554827,93.16363889029176,27.499987279866225,92.49999999868237
555.5750000000005,49.495245439365554,93.00249842766904,27.442454210885764,92.49999955050927
555.6000000000005,49.495245439365554,93.00249842766904,27.11344805253934,92.49983598886595
555.6250000000005,49.890884841911245,92.88109643559906,27.437413784842917,92.49999335094799
555.6500000000005,49.890884841911245,92.88109643559906,27.703689631219177,92.49994255982855
555.6750000000005,50.22614294400006,92.75712116593274,27.626584004054948,92.49989631600887
555.7000000000005,50.22614294400006,92.75712116593274,91.56094312285983,92.49421166495944
555.7250000000005,50.622310308197584,92.62341708970752,28.214850979506732,92.49942929005006
555.7500000000005,50.622310308197584,92.62341708970752,85.50175095964512,92.4953848894858
555.7750000000005,50.8325149339388,92.52662230491624,96.56567752779956,92.49983613964068
555.8000000000005,50.8325149339388,92.52662230491624,97.26764420936314,92.49438242597058
555.8250000000005,51.0741785156171,92.45405698433136,96.60752270841331,92.49577412486583
555.8500000000005,51.0741785156171,92.45405698433136,31.944527057280574,92.49543548433482
555.8750000000005,51.26103465565498,92.4221718424509,22.51650705326651,92.49999662047505
555.9000000000005,51.26103465565498,92.4221718424509,22.508089704494893,92.4999996858063
555.9250000000005,51.380896276088926,92.41544134023158,22.50990730619899,92.49999998100063
555.9500000000005,51.380896276088926,92.41544134023158,27.122490993984126,92.49999993188501
555.9750000000005,51.47065861768226,92.4041663139058,27.505062797915148,92.49999981306286
556.0000000000005,51.47065861768226,92.4041663139058,27.499982782507228,92.50000000158758
556.0250000000005,51.55053199155638,92.3811814461829,27.499999006198124,92.50000000284912
556.0500000000005,51.55053199155638,92.3811814461829,27.49999993829512,92.50000000015565
556.0750000000005,51.64336583137984,92.37802657071144,27.49999955838161,92.5000000020012
556.1000000000005,51.64336583137984,92.37802657071144,28.456045927675433,92.50000014464321
556.1250000000005,51.76338944755808,92.39187877535625,90.61064795832293,92.50000108294238
556.1500000000005,51.76338944755808,92.39187877535625,92.41245769723578,92.50000075505483
556.1750000000005,51.98184221884723,92.54048530044744,92.49168730402957,92.50000076993163
556.2000000000005,51.98184221884723,92.54048530044744,92.52638491355236,92.50001085549802
556.2250000000005,52.13248957785691,92.68519618445474,92.6378096492388,92.50023313874571
556.2500000000005,52.13248957785691,92.68519618445474,92.70956022123579,92.49499136050628
556.2750000000005,52.22958040176879,92.81945881750585,93.40113310524337,92.49933839136972
556.3000000000005,52.22958040176879,92.81945881750585,92.67419440674524,92.50047999153969
556.3250000000005,52.29840966253727,92.9527153881966,92.50334961298874,92.50589138878837
556.3500000000005,52.29840966253727,92.9527153881966,92.3757531382585,92.5898655849793
556.3750000000005,52.32578508799895,93.02380956746411,85.70324007301664,96.1422101795196
556.4000000000005,52.32578508799895,93.02380956746411,89.9954150284588,95.77131653647551
556.4250000000005,52.32895874117456,93.06974451171943,84.14088831962167,95.90136941658224
556.4500000000005,52.32895874117456,93.06974451171943,52.11985950802107,94.49204074770316
556.4750000000005,52.3180036271755,93.16095972132976,27.360431708073694,92.50004020750015
556.5000000000005,52.3180036271755,93.16095972132976,27.508217217284788,92.50319410513586
556.5250000000005,52.26879536069183,93.31437993566584,28.18769578420594,92.56405660708701
556.5500000000005,52.26879536069183,93.31437993566584,33.42941466321845,92.95439427124299
556.5750000000005,52.24487503608204,93.57479070620812,82.22918153495421,96.0812392676962
556.6000000000005,52.24487503608204,93.57479070620812,48.81250095513278,86.99731418477727
556.6250000000005,52.27428554279378,93.7935719688025,91.70123388638973,97.07424030390372
556.6500000000005,52.27428554279378,93.7935719688025,91.66400620569503,97.45933617782087
556.6750000000005,52.254597386731405,94.13120643936746,92.24887552666462,94.7027209952649
556.7000000000005,52.254597386731405,94.13120643936746,92.22540167556777,95.23212339939383
556.7250000000005,52.18774023010169,94.62051564773355,90.15801218940368,95.998328268795
556.7500000000005,52.18774023010169,94.62051564773355,90.1266397120282,96.04840612965323
556.7750000000005,52.05997371256225,95.19333697857668,89.61513354047383,96.263409435159
556.8000000000005,52.05997371256225,95.19333697857668,88.6365206007472,96.2451078734071
556.8250000000005,51.945026798429886,95.47833496438814,89.1650808621674,96.084337513337
556.8500000000005,51.945026798429886,95.47833496438814,91.8124466096499,93.28622794615347
556.8750000000005,51.80133592264827,95.704697112416,87.9224883731181,97.08235946214546
556.9000000000005,51.80133592264827,95.704697112416,88.47512252512324,96.4411453618896
556.9250000000005,51.65332939538538,95.91525806530294,87.45757069717388,97.48024264297946
556.9500000000005,51.65332939538538,95.91525806530294,87.37631825261153,97.4408087642067
556.9750000000005,51.512084671206246,96.20245402284196,87.63385096643498,97.35253781517017
557.0000000000005,51.512084671206246,96.20245402284196,87.39725196416832,97.46078238786335
557.0250000000005,51.50035531858159,96.6018698435036,87.69759756584531,97.46492892905937
557.0500000000005,51.50035531858159,96.6018698435036,87.6437102410732,97.48433266369622
557.0750000000005,51.51174508753608,96.98853576378676,87.57612684321471,97.47479675142075
557.1000000000005,51.51174508753608,96.98853576378676,86.10617567386643,97.49982176028513
557.1250000000005,51.624638900996025,97.17270276444845,83.62866076759956,97.49983569510324
557.1500000000005,51.624638900996025,97.17270276444845,85.5371729321968,97.49983972343826
557.1750000000005,51.67472324515392,97.2802208386478,87.56874912617737,97.45148803142214
557.2000000000005,51.67472324515392,97.2802208386478,53.035892663834346,88.89034988364527
557.2250000000005,51.7102580765858,97.23442408230734,60.41931036678103,90.70751606955398
557.2500000000005,51.7102580765858,97.23442408230734,84.58558844281393,96.7579159936867
557.2750000000005,51.7150904883964,97.21586919980663,87.32765711505242,97.45109411871829
557.3000000000005,51.7150904883964,97.21586919980663,87.58944484583013,97.45921042459072
557.3250000000005,51.671521586177846,97.18299314286293,70.56378769162143,97.49932984320169
557.3500000000005,51.671521586177846,97.18299314286293,70.98613251541701,97.49972744577562
557.3750000000005,51.61870781825206,97.2394958260936,76.44908465163435,96.66216898094997
557.4000000000005,51.61870781825206,97.2394958260936,79.19073717735014,97.47930864433677
557.4250000000005,51.5419298640923,97.32792948815968,86.38445889217641,97.45132986636546
557.4500000000005,51.5419298640923,97.32792948815968,85.60916332842581,97.499681149231
557.4750000000005,51.48701819290626,97.30827688566704,89.5203720184771,97.49998860415197
557.5000000000005,51.48701819290626,97.30827688566704,87.48329565735197,97.49994574362438
557.5250000000005,51.39986475237185,97.26434359843824,87.13759206009897,97.49980544794612
557.5500000000005,51.39986475237185,97.26434359843824,86.55702010086729,97.49970699755376
557.5750000000005,51.33092821624699,97.21562671504326,88.59059867048433,97.49987832557068
557.6000000000005,51.33092821624699,97.21562671504326,90.62358643840506,97.49851974022656
557.6250000000005,51.29442008612152,97.28234841323464,89.92595130900533,97.49986079326919
557.6500000000005,51.29442008612152,97.28234841323464,88.37545254880087,97.49876908470054
557.6750000000005,51.23549620790892,97.465286362184,88.44361088533907,97.4993870562509
557.7000000000005,51.23549620790892,97.465286362184,89.14801535874707,97.4999527584906
557.7250000000005,51.21832482116402,97.56732919107976,87.70608137246258,97.49973225031239
557.7500000000005,51.21832482116402,97.56732919107976,89.15528033820972,97.49998662745192
557.7750000000005,51.28653468529221,97.5756886745737,91.13131098876941,97.49998182207361
557.8000000000005,51.28653468529221,97.5756886745737,86.22965613744911,97.18393463621273
557.8250000000005,51.356553408091,97.73125083009188,87.12636014138123,97.4979688536632
557.8500000000005,51.356553408091,97.73125083009188,76.5161593082436,97.4999462744361
557.8750000000005,51.3831566933179,97.891373915367,23.576417183151072,97.49577763334484
557.9000000000005,51.3831566933179,97.891373915367,23.928616795125254,97.40300252060007
557.9250000000005,51.44167053106722,98.36725378888885,37.348308289800826,94.8543405452762
557.9500000000005,51.44167053106722,98.36725378888885,22.652576298860005,95.17543862099714
557.9750000000005,51.57852866164714,98.44715385778974,80.34529979789433,96.92280729276372
558.0000000000005,51.57852866164714,98.44715385778974,85.50153084927669,97.34977880235219
558.0250000000005,51.75434709843578,98.48862960540534,83.95085966610858,97.4991963596229
558.0500000000005,51.75434709843578,98.48862960540534,82.66276437386038,97.4999998532042
558.0750000000005,51.91901065047148,98.53649221579836,83.94336984399192,97.49883699942674
558.1000000000005,51.91901065047148,98.53649221579836,85.11147913956472,97.49870789570271
558.1250000000005,51.98044899154988,98.61536551034024,91.10413954380323,97.49309180642425
558.1500000000005,51.98044899154988,98.61536551034024,89.78939077557726,97.49941802427807
558.1750000000005,51.97979337908056,98.63081055136136,89.04223969604536,97.49795787813345
558.2000000000005,51.97979337908056,98.63081055136136,89.05166123020906,97.4999918773383
558.2250000000005,51.96481168819624,98.59371298158293,91.66411131212637,97.4990481079304
558.2500000000005,51.96481168819624,98.59371298158293,88.41661819452744,97.4477046021285
558.2750000000005,52.06388840378213,98.38931766185333,77.84336807548243,97.35545435876405
558.3000000000005,52.06388840378213,98.38931766185333,84.65818764182565,96.98805682825642
558.3250000000005,52.14847104919264,98.13230525708492,90.03253096341024,97.47986816279837
558.3500000000005,52.14847104919264,98.13230525708492,91.98137671479613,97.49441148697501
558.3750000000005,52.17127138673835,97.81097135326374,83.41734523698213,97.47930303342567
558.4000000000005,52.17127138673835,97.81097135326374,92.56313467399785,97.49774222656328
558.4250000000005,52.18919931118443,97.45033832484584,87.31966505697896,97.4990741179202
558.4500000000005,52.18919931118443,97.45033832484584,88.4966479507937,97.49894593604365
558.4750000000005,52.24453653081878,97.21821167855448,64.78487705984473,97.49873700673837
558.5000000000005,52.24453653081878,97.21821167855448,85.62281303621629,97.49911270647962
558.5250000000005,52.29526707364038,96.94702367400512,81.10632798046528,97.49905272583908
558.5500000000005,52.29526707364038,96.94702367400512,79.19520548325684,97.49974877651219
558.5750000000005,52.3339794264338,96.61882255675802,83.57985286530055,97.49988658023065
558.6000000000005,52.3339794264338,96.61882255675802,20.86441854597855,97.49921442519127
558.6250000000005,52.39438711272797,96.35502756532372,86.64528758911737,97.48904113475866
558.6500000000005,52.39438711272797,96.35502756532372,90.98760596661735,97.07467669728345
558.6750000000005,52.53712622263429,96.20757279528208,92.33936789094207,94.6806472075325
558.7000000000005,52.53712622263429,96.20757279528208,90.27624044204529,92.81909247345557
558.7250000000005,52.8290697304672,96.18805545396344,56.623637878349825,96.43682087233455
558.7500000000005,52.8290697304672,96.18805545396344,91.39611633821667,97.24295925818095
558.7750000000005,53.195624509644034,96.22875871338503,84.55960430207688,96.5400811400459
558.8000000000005,53.195624509644034,96.22875871338503,46.5611859979639,94.53182074803303
558.8250000000005,53.606589466146346,96.19364084526087,91.64049600580107,96.881933339203
558.8500000000005,53.606589466146346,96.19364084526087,97.00040750352585,97.44969791822744
558.8750000000005,53.95622145631286,96.08651803648736,85.48048385419649,97.3516003171909
558.9000000000005,53.95622145631286,96.08651803648736,94.16882288203358,97.47228846192753
558.9250000000005,54.32571038468197,95.99964544468558,92.69393948357056,97.05686126698329
558.9500000000005,54.32571038468197,95.99964544468558,97.38467544100972,97.49860685178419
558.9750000000005,54.63058167843303,95.87443774233732,97.4995500940684,97.49721725415696
559.0000000000005,54.63058167843303,95.87443774233732,97.4997533199132,97.30747384310997
559.0250000000005,55.02585338766045,95.69310879120316,97.49994798729709,95.75126101020152
559.0500000000005,55.02585338766045,95.69310879120316,97.49959627604366,94.7466229931756
559.0750000000005,55.32820715141445,95.4869676249489,97.49955993051337,93.04722916988075
559.1000000000005,55.32820715141445,95.4869676249489,97.49975832580077,93.37817761101181
559.1250000000005,55.50643574396067,95.25164836620148,97.49514559833894,92.29373525812395
559.1500000000005,55.50643574396067,95.25164836620148,97.49899055732124,88.91449208481511
559.1750000000005,55.77158492379605,95.12351574560498,97.49919082931925,96.97946556126972
559.2000000000005,55.77158492379605,95.12351574560498,97.4975762020043,97.23321351771563
559.2250000000005,55.95927524356622,95.01116374321796,97.47718281909766,97.37719210691304
559.2500000000005,55.95927524356622,95.01116374321796,97.4235560022172,97.43603765891397
559.2750000000005,56.22664082467822,94.9478230973655,97.44532817094392,97.48104125994664
559.3000000000005,56.22664082467822,94.9478230973655,96.75143317665675,96.5483410861971
559.3250000000005,56.4048564249584,94.86447280426486,90.54947470631525,93.58756002053138
559.3500000000005,56.4048564249584,94.86447280426486,93.72305437676025,92.5880447537634
559.3750000000005,56.63874924375973,94.89837925293963,97.29701899670552,92.50315873826162
559.4000000000005,56.63874924375973,94.89837925293963,96.6785920370156,92.5036732264289
559.4250000000005,56.796438448475584,94.88257513202738,97.40504221100792,92.50979745924619
559.4500000000005,56.796438448475584,94.88257513202738,97.33805777420746,92.54119239189082
559.4750000000005,56.94121237730042,94.9077298976344,90.82552134119612,94.71160458895959
559.5000000000005,56.94121237730042,94.9077298976344,95.3332510773477,93.14260183834847
559.5250000000005,57.2111719887401,95.10904114109935,90.30050431719016,94.8872891418051
559.5500000000005,57.2111719887401,95.10904114109935,90.48571156159306,94.81108954677768
559.5750000000005,57.44913054345662,95.19039005395196,97.27388719735183,92.54814156088275
559.6000000000005,57.44913054345662,95.19039005395196,88.47137055992668,95.33192991821956
559.6250000000005,57.74500070717065,95.2826548979245,79.99283068723074,91.31362087235027
559.6500000000005,57.74500070717065,95.2826548979245,84.91120191965807,92.20065405201179
559.6750000000005,57.94976623000229,95.29434685764387,92.60984607273492,92.50749070642553
559.7000000000005,57.94976623000229,95.29434685764387,92.51181151775324,92.50294568542154
559.7250000000005,58.220925694501005,95.35691550971106,92.69551219206517,92.5072544859552
559.7500000000005,58.220925694501005,95.35691550971106,92.55024986838092,92.50302677214776
559.7750000000005,58.54867247660669,95.52503611608437,92.88222851685575,92.58787650877765
559.8000000000005,58.54867247660669,95.52503611608437,94.42016060766368,92.64813883072054
559.8250000000005,58.915252046080745,95.80187475478822,92.65199684525865,95.14720281346807
559.8500000000005,58.915252046080745,95.80187475478822,93.08994322224893,93.09079612310174
559.8750000000005,59.31048869860216,95.98907857817606,92.67935297031728,96.84927769787947
559.9000000000005,59.31048869860216,95.98907857817606,96.61788348663379,93.60840955930242
559.9250000000005,59.6539627863604,96.03706970518373,95.50769453317956,94.55503788085225
559.9500000000005,59.6539627863604,96.03706970518373,96.99557313511154,96.38878620424937
559.9750000000005,60.00582616881272,96.14749841745255,97.02076632572899,97.07819201292754
560.0000000000005,60.00582616881272,96.14749841745255,97.42216364685758,97.3726112045312
560.0250000000005,60.35578875856898,96.29794424790336,97.28527531100683,97.20695241918493
560.0500000000005,60.35578875856898,96.29794424790336,95.62198002563169,95.75437953573145
560.0750000000005,60.71817276112209,96.44017463542951,97.38838222795869,93.35242051419819
560.1000000000005,60.71817276112209,96.44017463542951,97.45782340903793,96.94643702157006
560.1250000000005,61.19708030591888,96.6216448787752,97.49570241970686,93.15068406751075
560.1500000000005,61.19708030591888,96.6216448787752,94.00235870875808,96.24042027049583
560.1750000000005,61.71675300656797,96.6580666682745,96.08335485782823,97.08553660988836
560.2000000000005,61.71675300656797,96.6580666682745,85.71696459389011,97.18192419865159
560.2250000000005,62.1167301179837,96.6071956197147,92.45244518597309,97.21318484351531
560.2500000000005,62.1167301179837,96.6071956197147,86.02155640401868,97.42299978022304
560.2750000000005,62.50657136800215,96.52935870520209,95.40095946507864,97.28047374379493
560.3000000000005,62.50657136800215,96.52935870520209,97.36982747072615,97.49802967056456
560.3250000000005,62.901362507897495,96.49769428429266,97.43067287340007,97.49565648766578
560.3500000000005,62.901362507897495,96.49769428429266,95.82916494340449,96.56645451165943
560.3750000000005,63.17880063721909,96.42732832624166,96.2484912800662,97.43607803506505
560.4000000000005,63.17880063721909,96.42732832624166,96.36724929336638,97.12925782256619
560.4250000000005,63.45393002492428,96.41918661852856,91.23199711817871,97.47457007034495
560.4500000000005,63.45393002492428,96.41918661852856,94.22479431770833,96.66599831608346
560.4750000000005,63.718774847998816,96.42585420170532,89.52981013184412,96.70626184253447
560.5000000000005,63.718774847998816,96.42585420170532,91.60315852782183,95.03286695688979
560.5250000000005,63.98716151220904,96.4045745291118,89.6974475983012,97.07072688409929
560.5500000000005,63.98716151220904,96.4045745291118,90.73198006284176,95.21100558299148
560.5750000000005,64.32985527599271,96.3515477080025,90.64306959476959,97.22136524848152
560.6000000000005,64.32985527599271,96.3515477080025,91.82174955855123,97.29439533677791
560.6250000000005,64.65632054885616,96.3260189965166,92.25143368730065,97.16247049025445
560.6500000000005,64.65632054885616,96.3260189965166,91.08801263506386,96.29186034484789
560.6750000000005,64.8429223956575,96.22930040488563,92.49166509691388,92.64340863214892
560.7000000000005,64.8429223956575,96.22930040488563,92.08866106224006,92.78420275937351
560.7250000000005,65.10461057262035,96.14262268069264,83.00287450891102,95.77840351423167
560.7500000000005,65.10461057262035,96.14262268069264,78.64896460824171,97.14683771074256
560.7750000000005,65.38128111437702,96.0626417606438,92.58842717440596,92.53537775370073
560.8000000000005,65.38128111437702,96.0626417606438,92.98468329644771,92.5131140842032
560.8250000000005,65.62513380169533,95.9424241497252,93.8568863001417,92.77387224358307
560.8500000000005,65.62513380169533,95.9424241497252,93.28222404712606,92.60114586104774
560.8750000000005,65.8111674779397,95.80830246443044,93.33034476683306,92.5776739024686
560.9000000000005,65.8111674779397,95.80830246443044,92.65139748291126,92.52071006086821
560.9250000000005,65.86683095890561,95.58060075050209,92.78789998629422,92.51651636644024
560.9500000000005,65.86683095890561,95.58060075050209,92.79869077537691,92.75041504532963
560.9750000000005,65.89118288260575,95.3648745821695,93.17347950071782,92.61992242960032
561.0000000000005,65.89118288260575,95.3648745821695,92.52244446396492,92.53153535573554
561.0250000000005,65.96189852509146,95.2541143083976,92.43775261375545,92.54304187273716
561.0500000000005,65.96189852509146,95.2541143083976,92.40991855215229,92.62866746189425
561.0750000000005,66.02335056153106,95.12743478534532,91.6715476822432,93.46879850459149
561.1000000000005,66.02335056153106,95.12743478534532,86.6570183985695,96.39575508916032
561.1250000000005,66.0856562896952,95.02369118599306,28.119995021643437,92.85761910989771
561.1500000000005,66.0856562896952,95.02369118599306,89.07034112140788,96.29474801793837
561.1750000000005,66.1668483859146,94.98491782268415,86.62422594096388,96.30760286942619
561.2000000000005,66.1668483859146,94.98491782268415,90.70795778303871,94.4572880290627
561.2250000000005,66.29667837842757,95.00047268563068,90.95050934123503,95.07586982260833
561.2500000000005,66.29667837842757,95.00047268563068,92.46950991121408,95.31649693420118
561.2750000000005,66.4665360862276,94.99376836954644,92.48626032306014,95.35347754453527
561.3000000000005,66.4665360862276,94.99376836954644,91.00409708263135,95.35710244867026
561.3250000000005,66.5767287917332,94.898400133514,92.48569324553978,92.70756558860545
561.3500000000005,66.5767287917332,94.898400133514,92.52316240368886,93.27994362510161
561.3750000000005,66.72371008943824,94.85386261084344,92.49779775084814,92.53822616283873
561.4000000000005,66.72371008943824,94.85386261084344,92.64349383960892,92.55170392463957
561.4250000000005,66.87903735076284,94.91160304789442,92.64479294582323,92.61389673806232
561.4500000000005,66.87903735076284,94.91160304789442,92.45744546141167,92.54784661670712
561.4750000000005,66.95602974121738,94.9147499571455,92.40753121269631,92.63926315628802
561.5000000000005,66.95602974121738,94.9147499571455,91.78709004151705,93.2655571749706
561.5250000000005,67.04189144369072,94.9319797678794,89.01569486978912,95.97556331049866
561.5500000000005,67.04189144369072,94.9319797678794,90.25445492344366,94.75396254164212
561.5750000000005,67.11498017853744,95.03968106301788,88.21293407316386,96.80686235806448
561.6000000000005,67.11498017853744,95.03968106301788,89.21756277810071,95.75697183892642
561.6250000000005,67.15065076835334,95.22910710859934,87.65395422572333,97.3402801579332
561.6500000000005,67.15065076835334,95.22910710859934,87.22979106636772,97.48362398793589
561.6750000000005,67.17646849524274,95.33757158318262,87.50939394542023,97.49665045994846
561.7000000000005,67.17646849524274,95.33757158318262,87.50683762412842,97.49637644762282
561.7250000000005,67.16043918205123,95.5516737542499,87.46816728612366,97.49980665798432
561.7500000000005,67.16043918205123,95.5516737542499,87.80380663789856,97.49940341077316
561.7750000000005,67.15110874030769,95.61443712036392,89.68836852213369,97.49791289934542
561.8000000000005,67.15110874030769,95.61443712036392,91.58654514848,97.49986493899237
561.8250000000005,67.09769943987293,95.67394704081438,91.09997728967737,97.49996907957784
561.8500000000005,67.09769943987293,95.67394704081438,87.85541195797057,97.49991591824421
561.8750000000005,67.0917302000229,95.6467510213223,90.22962631003351,97.49997559494032
561.9000000000005,67.0917302000229,95.6467510213223,76.2285549701172,97.49999402181341
561.9250000000005,67.1014749409611,95.71591615354428,91.33330866432776,97.49991488856844
561.9500000000005,67.1014749409611,95.71591615354428,91.2390993399652,97.49994457677039
561.9750000000005,67.03859226512799,95.7899817163384,91.39532707673956,97.49808907195114
562.0000000000005,67.03859226512799,95.7899817163384,90.48091226924292,97.49876712191042
562.0250000000005,66.94317259357845,95.87814153912764,89.2344263265376,97.4965319301333
562.0500000000005,66.94317259357845,95.87814153912764,88.80317714350987,97.44591726567538
562.0750000000005,66.85893900379858,95.77196293233166,90.13904372295784,96.73797187459573
562.1000000000005,66.85893900379858,95.77196293233166,90.7503752022069,91.82949376434865
562.1250000000005,66.83870222786,95.62774489539431,88.43099414017509,97.35077044608266
562.1500000000005,66.83870222786,95.62774489539431,86.2341337600941,97.48244376454777
562.1750000000005,66.84713267967814,95.60411385487323,87.49851943200225,97.49325637459044
562.2000000000005,66.84713267967814,95.60411385487323,87.9465604434061,97.49392563518036
562.2250000000005,66.93280315263802,95.77568428512184,87.99920665137982,97.49650201312137
562.2500000000005,66.93280315263802,95.77568428512184,88.17916667455617,97.49854473168175
562.2750000000005,67.03412843764515,95.9011476956427,89.07679693907585,97.4977435259037
562.3000000000005,67.03412843764515,95.9011476956427,88.48546562560807,97.49907994439636
562.3250000000005,67.12583218399386,96.18491951786795,87.23147676829471,97.49924895214076
562.3500000000005,67.12583218399386,96.18491951786795,85.90101579416238,97.4986359403985
562.3750000000005,67.23750577280778,96.40216810008504,85.96066496848043,97.40993211017134
562.4000000000005,67.23750577280778,96.40216810008504,89.37471498538977,96.94306282086727
562.4250000000005,67.38473751958924,96.60441762527834,90.91347141070894,95.72435930127656
562.4500000000005,67.38473751958924,96.60441762527834,90.42666055368778,96.40792091081732
562.4750000000005,67.60553441408638,96.82811828124817,90.00108421277179,97.39263059281132
562.5000000000005,67.60553441408638,96.82811828124817,89.34374420065683,97.45936431716419
562.5250000000005,67.90488182230587,97.09017186386846,87.56684980460295,97.4987539992234
562.5500000000005,67.90488182230587,97.09017186386846,87.81671019127113,97.43289497538728
562.5750000000005,68.04628414475292,96.99874151635196,88.05976111118039,97.49848365702474
562.6000000000005,68.04628414475292,96.99874151635196,89.49060099492529,97.49942361442825
562.6250000000005,68.15668195948757,96.8505972647666,88.71687756545512,97.49999116380148
562.6500000000005,68.15668195948757,96.8505972647666,90.94429501533645,97.4999948278927
562.6750000000005,68.25630186633687,96.75913176602732,89.70087704628082,97.49999995304945
562.7000000000005,68.25630186633687,96.75913176602732,86.92976194661802,97.4999999993941
562.7250000000005,68.34016639343061,96.65221288479027,84.61237098210206,97.4999999993375
562.7500000000005,68.34016639343061,96.65221288479027,84.20494132785569,97.49999999675848
562.7750000000005,68.33593270439162,96.45368087757308,86.62101856919125,97.4999999200896
562.8000000000005,68.33593270439162,96.45368087757308,90.3398136253748,97.4999999941986
562.8250000000005,68.28887213305,96.27335524414691,87.04291433464971,97.49999832177902
562.8500000000005,68.28887213305,96.27335524414691,91.0347314658238,97.49993171178221
562.8750000000005,68.20274858617749,96.15089108680476,90.53591676870342,97.4994485888188
562.9000000000005,68.20274858617749,96.15089108680476,84.89835280434383,97.4922959967162
562.9250000000005,68.13669343327715,95.95675140209669,87.84699289825171,97.4589171322449
562.9500000000005,68.13669343327715,95.95675140209669,91.40981146186535,94.18487403989603
562.9750000000005,68.07981114334206,95.78347439264992,89.09020572320352,94.90738928078886
563.0000000000005,68.07981114334206,95.78347439264992,92.20171919683276,93.39366829282044
563.0250000000005,67.97219364578893,95.71496299689495,91.03376804001489,94.56684777903439
563.0500000000005,67.97219364578893,95.71496299689495,92.52734070861685,92.96155345200587
563.0750000000005,67.8243877353592,95.70382972846188,92.49140676530298,93.06988620425135
563.1000000000005,67.8243877353592,95.70382972846188,91.98440997952294,93.48465183752528
563.1250000000005,67.70912758194366,95.68331776935447,92.45315298599748,95.687210926827
563.1500000000005,67.70912758194366,95.68331776935447,92.47870276224612,95.39113584248304
563.1750000000005,67.55393955776414,95.85339135105043,92.49083914732682,94.64028233739039
563.2000000000005,67.55393955776414,95.85339135105043,92.23861632666234,96.75818458837043
563.2250000000005,67.40674873696165,96.01704609897588,91.53667310221297,97.48889980157912
563.2500000000005,67.40674873696165,96.01704609897588,90.79873767441812,97.47206701869064
563.2750000000005,67.25782153325191,96.0694642437973,91.6589617578102,97.44069416915356
563.3000000000005,67.25782153325191,96.0694642437973,88.67301016704336,97.498798852456
563.3250000000005,67.15643402955594,96.05559893687112,87.85850840729164,97.49996211868789
563.3500000000005,67.15643402955594,96.05559893687112,87.79517880247572,97.49995062243367
563.3750000000005,67.08733109100605,96.0843702308126,87.46518045985002,97.49996443800862
563.4000000000005,67.08733109100605,96.0843702308126,87.49798374907627,97.49999969871355
563.4250000000005,67.03523810949716,96.05880315432944,87.5046510644271,97.4999999207798
563.4500000000005,67.03523810949716,96.05880315432944,87.51001259252796,97.49999995223547
563.4750000000005,67.00516746685892,96.01241283800124,87.54716774980002,97.4999873538402
563.5000000000005,67.00516746685892,96.01241283800124,87.5872140307297,97.49999879230988
563.5250000000005,66.96002635796023,95.92569034356696,87.54712079095847,97.4999995674202
563.5500000000005,66.96002635796023,95.92569034356696,87.62184233646413,97.49999714292052
563.5750000000005,66.85540029674843,95.8846612310266,87.69902090965294,97.49998315309895
563.6000000000005,66.85540029674843,95.8846612310266,87.76943844582684,97.4999892157604
563.6250000000005,66.80086554769844,95.71487242806388,87.83727609251335,97.49999239886252
563.6500000000005,66.80086554769844,95.71487242806388,88.06934670320013,97.49999170750719
563.6750000000005,66.78304794460254,95.48469071802504,87.7395171522593,97.49991936493079
563.7000000000005,66.78304794460254,95.48469071802504,87.55436355008993,97.49990922239004
563.7250000000005,66.76748112466903,95.31608617699084,88.13937685033007,97.49555348285595
563.7500000000005,66.76748112466903,95.31608617699084,87.62405286221198,97.49394124554543
563.7750000000005,66.76189224366965,95.12956991654426,87.53241252658586,97.49756185394166
563.8000000000005,66.76189224366965,95.12956991654426,87.50973936263217,97.49951514087384
563.8250000000005,66.76003971834784,94.95088134540303,87.50604871609902,97.49883771222902
563.8500000000005,66.76003971834784,94.95088134540303,87.52817293108369,97.47474388571645
563.8750000000005,66.76219530137159,94.77924440649056,87.60518180060832,97.40240357507116
563.9000000000005,66.76219530137159,94.77924440649056,87.71976650313586,97.29015411377559
563.9250000000005,66.76545871484775,94.63297599848758,87.67952773552366,97.3350136215619
563.9500000000005,66.76545871484775,94.63297599848758,91.35922477095863,93.67053783755698
563.9750000000005,66.77291997081426,94.49221901077048,89.63484757815814,95.3971004179187
564.0000000000005,66.77291997081426,94.49221901077048,91.72428504044217,93.31705790145956
564.0250000000005,66.78397134323181,94.35798708380172,92.11843097066446,92.90364788341456
564.0500000000005,66.78397134323181,94.35798708380172,92.29902728365317,92.72772688953062
564.0750000000005,66.82025511117425,94.25578563083616,92.45871648117222,92.54617643857303
564.1000000000005,66.82025511117425,94.25578563083616,92.20077937913608,92.83323119346544
564.1250000000005,66.84462497328262,94.1413214016591,91.9779027817332,93.06231774222066
564.1500000000005,66.84462497328262,94.1413214016591,92.27083364269387,92.73411080661126
564.1750000000005,66.87425262352762,94.03110489392152,92.49668273206278,92.50350554561328
564.2000000000005,66.87425262352762,94.03110489392152,92.49397170470326,92.50656162152252
564.2250000000005,66.91378905505626,93.9260013145464,92.4994549215599,92.50058420508391
564.2500000000005,66.91378905505626,93.9260013145464,92.49997043965536,92.50003158887972
564.2750000000005,66.9570562993315,93.80907340369714,92.49999695198179,92.50000091769995
564.3000000000005,66.9570562993315,93.80907340369714,92.50000476105735,92.49999681459475
564.3250000000005,67.05205694014276,93.69490707295498,92.5004046444338,92.50000043093885
564.3500000000005,67.05205694014276,93.69490707295498,92.50442824467594,92.50000137564717
564.3750000000005,67.13471660191502,93.5936537483251,92.5008886761652,92.49998929062933
564.4000000000005,67.13471660191502,93.5936537483251,92.50446005724677,92.49999813574057
564.4250000000005,67.25326544085132,93.50132499040534,92.26156142729485,92.49993276638858
564.4500000000005,67.25326544085132,93.50132499040534,92.40582626297117,92.49998334657764
564.4750000000005,67.44918806859678,93.4090000232801,79.89395607231884,92.49983381269769
564.5000000000005,67.44918806859678,93.4090000232801,47.42612531551105,92.50006284785455
564.5250000000005,67.64732328391766,93.30320860777952,52.562743752097106,92.38930691649298
564.5500000000005,67.64732328391766,93.30320860777952,92.5801465411276,92.48661299891513
564.5750000000005,67.89173100065247,93.21084555769492,92.66950923379459,92.49857654403641
564.6000000000005,67.89173100065247,93.21084555769492,94.42458926736056,91.8427378965277
564.6250000000005,68.13190750202584,93.15595293636942,96.93206669031377,91.44475334875656
564.6500000000005,68.13190750202584,93.15595293636942,94.64606518348516,92.4681784964475
564.6750000000005,68.34484550664378,93.06797581908762,92.69986398101159,92.4990979491203
564.7000000000005,68.34484550664378,93.06797581908762,92.78325310633632,92.49941371422398
564.7250000000005,68.55522017180337,92.99680154108972,93.0663072577991,92.49961053102187
564.7500000000005,68.55522017180337,92.99680154108972,93.85336536117102,92.49617660087524
564.7750000000005,68.69635059948641,92.89246987888524,92.74989333232215,92.49999821282397
564.8000000000005,68.69635059948641,92.89246987888524,93.04798898566011,92.50000052036548
564.8250000000005,68.90112505382618,92.76149898742904,92.65926045800225,92.49970425539132
564.8500000000005,68.90112505382618,92.76149898742904,92.50605674976472,92.49999893167687
564.8750000000005,69.08484818730032,92.64371353649145,92.51690683369056,92.49999903001661
564.9000000000005,69.08484818730032,92.64371353649145,92.51593610340467,92.49999616281488
564.9250000000005,69.28477197029557,92.50912234530183,92.68174829018777,92.49994195943974
564.9500000000005,69.28477197029557,92.50912234530183,92.84487789180893,92.49983431548199
564.9750000000005,69.46031262447089,92.32620686555993,92.7376774041486,92.49969825317784
565.0000000000005,69.46031262447089,92.32620686555993,92.84897155924425,92.49932992020943
565.0250000000005,69.56872936076276,92.14436983262672,93.22103087281182,92.49559519050734
565.0500000000005,69.56872936076276,92.14436983262672,94.20747143661772,92.45393755425714
565.0750000000005,69.63180946105977,92.00134185021588,95.62515180115784,92.30468454321701
565.1000000000005,69.63180946105977,92.00134185021588,95.1220461703116,91.95405735132728
565.1250000000005,69.70808260004853,91.7992284620802,97.25077645287385,88.32258272013031
565.1500000000005,69.70808260004853,91.7992284620802,97.40016550131035,87.49793293324672
565.1750000000005,69.91360745779156,91.39524367463596,96.43280516927867,88.77189477583418
565.2000000000005,69.91360745779156,91.39524367463596,97.49011665237624,85.7410175886286
565.2250000000005,70.25390376786436,91.0027831303142,97.49855037073448,82.50788181278125
565.2500000000005,70.25390376786436,91.0027831303142,97.4971456496826,82.50183472446521
565.2750000000005,70.71343874649155,90.60116094565949,97.08875202840622,82.10787958153506
565.3000000000005,70.71343874649155,90.60116094565949,97.02516404756223,82.09738481148979
565.3250000000005,71.05134219439144,90.34575049933302,97.25581529253044,82.59686594686923
565.3500000000005,71.05134219439144,90.34575049933302,97.49944667746604,82.51212692239535
565.3750000000005,71.42601294997685,90.05378086626878,97.49644252551926,82.61107452231137
565.4000000000005,71.42601294997685,90.05378086626878,97.37624915771455,82.67575558940828
565.4250000000005,71.90939982579417,89.69622150795655,97.49929976476996,82.5084526342529
565.4500000000005,71.90939982579417,89.69622150795655,97.4120180610508,82.89885945661273
565.4750000000005,72.32440665844385,89.44065915333044,97.48949467812771,87.54960144687055
565.5000000000005,72.32440665844385,89.44065915333044,97.46041798411912,88.18788280828406
565.5250000000005,72.95376983090462,89.26520236748044,97.38808131867204,90.20228326749968
565.5500000000005,72.95376983090462,89.26520236748044,97.23169340119085,88.79095312291174
565.5750000000005,73.51896671081052,89.24199248741675,97.45116116351129,91.9241147179694
565.6000000000005,73.51896671081052,89.24199248741675,97.49571331355693,92.25913847602571
565.6250000000005,73.99871711690452,89.22300914514256,97.47739520692829,89.91112928720395
565.6500000000005,73.99871711690452,89.22300914514256,97.49986720649119,87.92596753858273
565.6750000000005,74.42635514704018,89.12961319790249,97.49911480861148,89.21169037104701
565.7000000000005,74.42635514704018,89.12961319790249,97.49888434141937,88.4089620499795
565.7250000000005,74.83154532346103,88.99086020370176,97.49997486769122,84.95596401456504
565.7500000000005,74.83154532346103,88.99086020370176,97.4999906105522,87.50333049320946
565.7750000000005,75.18582605977538,88.89569022642239,97.49703508099134,87.42191083808763
565.8000000000005,75.18582605977538,88.89569022642239,97.2809015648392,89.48008959946941
565.8250000000005,75.5744215645199,88.83025936227455,96.42698811453312,88.60552411323481
565.8500000000005,75.5744215645199,88.83025936227455,97.06168066360308,87.94798908942589
565.8750000000005,75.83185785321045,88.7896367348816,97.48810321324052,87.5087643541026
565.9000000000005,75.83185785321045,88.7896367348816,96.54312795924903,88.15247995034058
565.9250000000005,76.05211632079302,88.69401073092749,93.24615640887895,90.91579088326236
565.9500000000005,76.05211632079302,88.69401073092749,94.77988716869558,90.18306772604946
565.9750000000005,76.29171758360125,88.57594669062759,92.51128848428165,92.32618167319364
566.0000000000005,76.29171758360125,88.57594669062759,92.51303650622475,92.4858269440493
566.0250000000005,76.53948233299747,88.40919608000188,93.48039194058659,91.5038526938879
566.0500000000005,76.53948233299747,88.40919608000188,95.95875458103014,87.62460260031054
566.0750000000005,76.8822349032639,88.18450057391173,92.83044838387451,87.76350940633503
566.1000000000005,76.8822349032639,88.18450057391173,95.49126910364171,86.93821037396634
566.1250000000005,77.29341308400632,87.8845740847248,92.64810375617328,92.4840967451368
566.1500000000005,77.29341308400632,87.8845740847248,92.53947852162685,92.499529713703
566.1750000000005,77.55494760399235,87.55421883317727,92.63610595364551,92.48366563538346
566.2000000000005,77.55494760399235,87.55421883317727,92.4906407652404,92.3975449478719
566.2250000000005,77.90900649591254,87.11486345223207,93.94303028850649,92.49942348800157
566.2500000000005,77.90900649591254,87.11486345223207,94.54289770905683,92.35885346581972
566.2750000000005,78.33474902395912,86.6098992707064,94.01880844102674,92.43994703150763
566.3000000000005,78.33474902395912,86.6098992707064,94.252905535139,92.49768876820957
566.3250000000005,78.78844091851857,86.2824260373895,97.4189619742649,91.96912253429065
566.3500000000005,78.78844091851857,86.2824260373895,97.40450417614421,92.36223910743216
566.3750000000005,79.32394035736314,86.00903232826683,97.25859787536369,91.0167513042514
566.4000000000005,79.32394035736314,86.00903232826683,95.92127848799797,87.10424926615254
566.4250000000005,80.01671645084708,85.6663975514721,97.28972292992627,92.26863248975735
566.4500000000005,80.01671645084708,85.6663975514721,95.60930319264584,87.33301537851868
566.4750000000005,80.6131725984073,85.33306580114262,96.26163352877718,88.94710247092564
566.5000000000005,80.6131725984073,85.33306580114262,94.58925840957228,83.94657778635455
566.5250000000005,81.04866262361168,85.03810457759681,97.03917637802446,91.18717672964196
566.5500000000005,81.04866262361168,85.03810457759681,97.32242636528706,91.82508338437336
566.5750000000005,81.35322988302597,84.76339594244192,92.96811053540323,74.3996029912295
566.6000000000005,81.35322988302597,84.76339594244192,97.2954611316522,91.9956625690801
566.6250000000005,81.59523474546523,84.53073405600678,96.87114479695659,90.48594476694538
566.6500000000005,81.59523474546523,84.53073405600678,92.05522885218566,82.32293356794267
566.6750000000005,81.85902600036754,84.29662611082426,88.70044854231472,76.69955096707399
566.7000000000005,81.85902600036754,84.29662611082426,97.48835547038509,87.51035401831292
566.7250000000005,82.1178809055742,84.03739976133117,97.4574021050552,87.37243065033016
566.7500000000005,82.1178809055742,84.03739976133117,92.58014183300664,72.80575447848328
566.7750000000005,82.36831587144793,83.88315414743477,97.47479477356809,82.45512223639668
566.8000000000005,82.36831587144793,83.88315414743477,96.1240699440483,81.12215024818987
566.8250000000005,82.55893952830759,83.76306101676504,92.6561547153789,77.65646121086343
566.8500000000005,82.55893952830759,83.76306101676504,96.94762486282951,81.9444296200135
566.8750000000005,82.78717291624024,83.61345140187235,96.36174196785046,81.36381381675196
566.9000000000005,82.78717291624024,83.61345140187235,97.27332669699535,82.26496380111193
566.9250000000005,83.0282481959392,83.4288833935791,97.4708965465795,82.47581694676907
566.9500000000005,83.0282481959392,83.4288833935791,97.4977897631269,82.49706624139014
566.9750000000005,83.22658054440069,83.23553597065806,97.49975689759655,82.49964463914756
567.0000000000005,83.22658054440069,83.23553597065806,97.4999593026344,82.51455609196982
567.0250000000005,83.44073936201492,83.03577466940577,97.49999336806891,87.49523103738406
567.0500000000005,83.44073936201492,83.03577466940577,97.49606162644571,87.46862229811623
567.0750000000005,83.67138311962738,82.80596898834317,97.4153506160637,86.88073009840035
567.1000000000005,83.67138311962738,82.80596898834317,96.41690855520605,83.9675047708233
567.1250000000005,84.04264096048388,82.50395002003738,95.86531809258949,81.58121329006468
567.1500000000005,84.04264096048388,82.50395002003738,95.33845622430107,79.44951060424582
567.1750000000005,84.40516372289177,82.20011114285722,96.61415197868402,83.08524044843836
567.2000000000005,84.40516372289177,82.20011114285722,96.97324710331698,84.0841934475541
567.2250000000005,84.85244118319119,81.88237176284426,97.4665805287211,87.38835388709523
567.2500000000005,84.85244118319119,81.88237176284426,97.47858503063938,87.43902743262474
567.2750000000005,85.31188382242992,81.48942110131539,97.49631305934655,87.45481747692989
567.3000000000005,85.31188382242992,81.48942110131539,97.49985227289571,87.49560159625184
567.3250000000005,85.5252568479453,81.31073048225201,97.47907237605527,87.44903438094045
567.3500000000005,85.5252568479453,81.31073048225201,97.49940655160461,87.49875003164419
567.3750000000005,85.70918761963514,81.16196539111533,97.48933105380486,87.47850307659864
567.4000000000005,85.70918761963514,81.16196539111533,97.49882616978837,87.4976526879422
567.4250000000005,85.87752777545681,80.99281109440012,97.49961599233863,87.49943095004096
567.4500000000005,85.87752777545681,80.99281109440012,95.85195263737083,84.50525108300357
567.4750000000005,85.97311648895453,80.83724429947353,97.47351384622328,87.43982541736175
567.5000000000005,85.97311648895453,80.83724429947353,97.44815559471913,87.36992551715355
567.5250000000005,86.00588158273032,80.7618527491322,97.08989876493666,87.24531100321927
567.5500000000005,86.00588158273032,80.7618527491322,96.60307126003386,86.56210423553317
567.5750000000005,86.03437360141153,80.64354009965571,97.439735981823,85.69229763911486
567.6000000000005,86.03437360141153,80.64354009965571,97.49084275370721,82.54468095224964
567.6250000000005,86.0580801738648,80.48743840679681,97.48344805233468,82.78733075120638
567.6500000000005,86.0580801738648,80.48743840679681,97.4969377322782,82.49969903991956
567.6750000000005,86.06730341212845,80.37942093525565,97.49692166259919,82.50106868348227
567.7000000000005,86.06730341212845,80.37942093525565,97.49624756803328,82.51177299938726
567.7250000000005,86.0790426750593,80.25562391870228,93.22535163034262,74.0056347525119
567.7500000000005,86.0790426750593,80.25562391870228,93.74685211448248,75.19205610961971
567.7750000000005,86.09894438506628,80.16189773956981,95.08868320135814,79.51215302712605
567.8000000000005,86.09894438506628,80.16189773956981,92.61320796649389,79.97752967305532
567.8250000000005,86.12621060229432,80.06120061341163,92.50307095689821,84.65809482935767
567.8500000000005,86.12621060229432,80.06120061341163,92.50000039978579,77.49872341043059
567.8750000000005,86.15311065405908,80.01330658062258,92.50000129781868,77.49842841954825
567.9000000000005,86.15311065405908,80.01330658062258,92.5000000369744,77.49962868613662
567.9250000000005,86.17008152184656,79.99388134517484,92.50000002614071,77.4988863362491
567.9500000000005,86.17008152184656,79.99388134517484,92.50000009527412,77.36432477245762
567.9750000000005,86.21753303157543,79.92957978265576,92.50085985019899,77.49859125867609
568.0000000000005,86.21753303157543,79.92957978265576,92.51115188115311,77.50972998011456
568.0250000000005,86.24368074807606,79.89786279752597,92.50188513735476,77.4765423316465
568.0500000000005,86.24368074807606,79.89786279752597,92.52438945889952,77.4214456780384
568.0750000000005,86.31687318463337,79.81765899782539,92.50092589044596,77.33631632353985
568.1000000000005,86.31687318463337,79.81765899782539,92.50825639168443,78.55334509312048
568.1250000000005,86.36706779387863,79.74903697621592,92.63719514585446,91.16465831696449
568.1500000000005,86.36706779387863,79.74903697621592,93.99984971323065,87.7183865046397
568.1750000000005,86.41241175720357,79.66569686725332,96.69969491148244,84.34454593849851
568.2000000000005,86.41241175720357,79.66569686725332,93.16363577427241,91.28141004324394
568.2250000000005,86.4495401260721,79.56986800220902,92.75787812059698,88.4803266460541
568.2500000000005,86.4495401260721,79.56986800220902,92.53670640297183,89.12602123491311
568.2750000000005,86.50128947380834,79.41726278369255,92.76854437957171,88.82302165919884
568.3000000000005,86.50128947380834,79.41726278369255,93.2938792363541,92.09202195085358
568.3250000000005,86.54622378474569,79.26071404659149,97.4457232665506,82.66633956918112
568.3500000000005,86.54622378474569,79.26071404659149,97.49694122558321,82.55729245032927
568.3750000000005,86.60927645511502,79.03411910898377,97.49925705743881,86.65809061598773
568.4000000000005,86.60927645511502,79.03411910898377,97.49957349513475,87.49995117494173
568.4250000000005,86.7070952661423,78.65854425320423,97.35891962927272,87.21764949777389
568.4500000000005,86.7070952661423,78.65854425320423,97.48983655714477,87.47739254433266
568.4750000000005,86.77630598856578,78.28359336936256,97.49405174395474,87.49577293096687
568.5000000000005,86.77630598856578,78.28359336936256,97.40541590831269,87.31291646669084
568.5250000000005,86.8679636145941,77.8221085234324,97.46197907176004,87.42420828820042
568.5500000000005,86.8679636145941,77.8221085234324,92.5006772070225,77.5013940733684
568.5750000000005,87.0439997860132,77.26562457851361,92.50005537618982,77.50055066604794
568.6000000000005,87.0439997860132,77.26562457851361,92.50000271542916,77.50000065362381
568.6250000000005,87.25505897375267,76.71828432182019,92.50000217994679,77.49978239318857
568.6500000000005,87.25505897375267,76.71828432182019,92.50000577077067,77.49895089062376
568.6750000000005,87.41786559723741,76.33165487698459,92.50000052825563,77.50180095281758
568.7000000000005,87.41786559723741,76.33165487698459,92.50000007161393,77.50043507387595
568.7250000000005,87.52434832146541,75.965945677256,92.50000015734973,77.49133227658379
568.7500000000005,87.52434832146541,75.965945677256,92.50000002601192,77.49871616603356
568.7750000000005,87.6144946629375,75.61143736460409,92.50000001349402,77.49851421389921
568.8000000000005,87.6144946629375,75.61143736460409,92.50000029414721,77.49631122879788
568.8250000000005,87.71336810072462,75.1841533682137,92.50011922228205,77.44248298264655
568.8500000000005,87.71336810072462,75.1841533682137,92.50069587872734,76.78356892268195
568.8750000000005,87.80641956907344,74.84337641772635,92.49990728570161,77.42453723909074
568.9000000000005,87.80641956907344,74.84337641772635,92.59016751289172,77.4180171175422
568.9250000000005,87.93578997386408,74.59684427293895,92.53382406163882,76.03105068464485
568.9500000000005,87.93578997386408,74.59684427293895,92.51818348849386,75.88540321334806
568.9750000000005,88.01520493785263,74.43411580980074,92.50047721070722,77.2514071581738
569.0000000000005,88.01520493785263,74.43411580980074,92.50874706518758,76.11536159663625
569.0250000000005,88.10580978174876,74.17471753235971,92.54652286987188,77.33288206489486
569.0500000000005,88.10580978174876,74.17471753235971,92.9904236062998,77.57373815545446
569.0750000000005,88.15189394862749,73.9690114689129,92.50006969118628,77.48646973916823
569.1000000000005,88.15189394862749,73.9690114689129,92.50004570755719,77.4997095569395
569.1250000000005,88.17232795545043,73.7007443750565,92.50306774214675,77.50276878382105
569.1500000000005,88.17232795545043,73.7007443750565,92.50000008665704,77.49991399536313
569.1750000000005,88.1848165956574,73.53460872878559,92.50000050730357,77.4999223679528
569.2000000000005,88.1848165956574,73.53460872878559,92.50000104255177,77.49983631246958
569.2250000000005,88.1700733205433,73.25184878051074,92.50000011570606,77.49962997477957
569.2500000000005,88.1700733205433,73.25184878051074,92.50000003841963,77.49977867315299
569.2750000000005,88.1259918484876,73.03422733612804,92.50000000696247,77.49929078527653
569.3000000000005,88.1259918484876,73.03422733612804,92.50000000105986,77.49993909802748
569.3250000000005,88.04665393463799,72.7729384138383,92.50003474538917,77.49246572616113
569.3500000000005,88.04665393463799,72.7729384138383,92.50002581925808,77.48760885935553
569.3750000000005,87.8928356881972,72.41365258649607,92.50000022220969,77.46717458639607
569.4000000000005,87.8928356881972,72.41365258649607,92.50007818778377,77.48261669740972
569.4250000000005,87.75814951806305,72.11887066973986,92.50001449797175,77.34138641999071
569.4500000000005,87.75814951806305,72.11887066973986,92.50000255405679,77.47571151793646
569.4750000000005,87.48268748021935,71.76053815289237,92.500000082468,77.49981554149993
569.5000000000005,87.48268748021935,71.76053815289237,92.50000010316009,77.49998281853067
569.5250000000005,87.19514519978809,71.43612009906612,92.5000004202033,77.49996734551556
569.5500000000005,87.19514519978809,71.43612009906612,92.50000006042045,77.47408002353188
569.5750000000005,86.80680902198694,71.04667384307379,92.5000000000596,77.49998951873962
569.6000000000005,86.80680902198694,71.04667384307379,92.50000000000382,77.49998374092826
569.6250000000005,86.43904622666957,70.68670281617374,92.50000000000001,77.49992390722315
569.6500000000005,86.43904622666957,70.68670281617374,92.5000000000007,77.49888483860383
569.6750000000005,86.11666357381502,70.29843069788745,92.50000000000055,77.49768599103454
569.7000000000005,86.11666357381502,70.29843069788745,92.50000000000627,77.49212528302344
569.7250000000005,85.54957294925462,69.87194618630762,92.50000000000287,77.49165869628564
569.7500000000005,85.54957294925462,69.87194618630762,92.50000000000001,77.49915433677933
569.7750000000005,84.98044564589793,69.3538605252051,92.49999999999994,77.49634693813348
569.8000000000005,84.98044564589793,69.3538605252051,92.4999999998237,77.49078571283175
569.8250000000005,84.46449943415291,68.97689862065417,92.49999962855722,73.59757562997537
569.8500000000005,84.46449943415291,68.97689862065417,92.49999872216,74.37970421375742
569.8750000000005,83.82800325625533,68.42012583177382,92.49999990243032,68.80013526750452
569.9000000000005,83.82800325625533,68.42012583177382,92.49999918433878,71.04235716759638
569.9250000000005,83.35221062981857,67.99886846245195,92.49995474338323,69.09294799538961
569.9500000000005,83.35221062981857,67.99886846245195,92.49994158081557,72.89673937816578
569.9750000000005,82.75974811588777,67.43229568229756,92.49995640630847,71.41907134694706
570.0000000000005,82.75974811588777,67.43229568229756,92.49999823792727,67.68037979837501
570.0250000000005,82.17693404429077,67.10084412757152,92.4999999662668,67.50899655038671
570.0500000000005,82.17693404429077,67.10084412757152,92.49999995380531,67.97484279079323
570.0750000000005,81.58311815797312,66.8630930631862,92.49999997867745,67.52743708015117
570.1000000000005,81.58311815797312,66.8630930631862,92.49999999997858,67.5014336263123
570.1250000000005,80.92929944721841,66.77294574082293,92.49999917698365,68.97444281294119
570.1500000000005,80.92929944721841,66.77294574082293,92.49989048391954,72.74032857431962
570.1750000000005,80.28149841767316,66.76647006385451,88.58430435113792,78.15163261305683
570.2000000000005,80.28149841767316,66.76647006385451,87.70529642952062,77.90412023425687
570.2250000000005,79.64543251634215,66.90157820692862,84.54067005651123,80.47794259378401
570.2500000000005,79.64543251634215,66.90157820692862,85.33207640111776,79.6742324570936
570.2750000000005,79.0013374713041,66.99037930882443,83.1816931040098,81.81859932614756
570.3000000000005,79.0013374713041,66.99037930882443,91.12287849439932,73.87802611752439
570.3250000000005,78.42725731922326,66.98105719532032,92.38297310696916,72.61809033589503
570.3500000000005,78.42725731922326,66.98105719532032,92.4306506451692,72.56989455150112
570.3750000000005,77.99873016605179,66.90781310487488,92.49997529091212,72.50054659541001
570.4000000000005,77.99873016605179,66.90781310487488,92.49999738718863,72.53375853270862
570.4250000000005,77.65376769387984,66.90439189411565,92.49999966791613,72.62431395892177
570.4500000000005,77.65376769387984,66.90439189411565,92.49999946508282,74.152470165971
570.4750000000005,77.16220511630763,66.97489152692786,92.49999970654085,76.60691151967045
570.5000000000005,77.16220511630763,66.97489152692786,92.49999986105037,73.40004876242102
570.5250000000005,76.8186070101256,67.02719142995612,92.4999971419852,75.43827880772056
570.5500000000005,76.8186070101256,67.02719142995612,92.49999103774498,74.75358844319881
570.5750000000005,76.40453285499719,67.10980522867072,92.49965738735517,74.04997008717034
570.6000000000005,76.40453285499719,67.10980522867072,92.49996961468631,77.04745233932616
570.6250000000005,76.00266501139654,67.25990870854052,92.49992025382461,77.29856578766682
570.6500000000005,76.00266501139654,67.25990870854052,92.49796385435228,72.75523653749576
570.6750000000005,75.68042813962413,67.45708449316993,92.47997197181937,74.61914777770038
570.7000000000005,75.68042813962413,67.45708449316993,92.49094433487772,72.56424795856091
570.7250000000005,75.40624916291063,67.77493309351354,92.49209775869033,72.51675168703929
570.7500000000005,75.40624916291063,67.77493309351354,88.40999807030896,76.59671284398804
570.7750000000005,75.23751713901493,68.02678111493408,89.2864554645982,75.98819855268391
570.8000000000005,75.23751713901493,68.02678111493408,87.81341792984816,77.19457240787713
570.8250000000005,75.14416001035745,68.27587643982919,91.38068677644823,73.8701288181575
570.8500000000005,75.14416001035745,68.27587643982919,91.78242849543491,73.46173821273098
570.8750000000005,75.0294934621739,68.60480819502317,88.89727545221277,77.21495221617704
570.9000000000005,75.0294934621739,68.60480819502317,87.6128361949472,77.42762794344472
570.9250000000005,74.89502290898989,68.93767186382601,87.8835163394792,77.13859670066934
570.9500000000005,74.89502290898989,68.93767186382601,87.64605022542757,77.42424221947755
570.9750000000005,74.7177328693469,69.34901211588306,88.11124096238782,77.19083910292188
571.0000000000005,74.7177328693469,69.34901211588306,92.47473078801734,72.69830215358628
571.0250000000005,74.48669213847433,69.84010175459004,92.0684986756055,72.9482752543216
571.0500000000005,74.48669213847433,69.84010175459004,91.94792093882486,73.11372028141997
571.0750000000005,74.28215413707277,70.30472287995242,87.50280575419345,77.49722404038329
571.1000000000005,74.28215413707277,70.30472287995242,87.50002999353637,77.49997120137556
571.1250000000005,74.02381180432579,70.81422501570275,87.50059142947462,77.49941140845425
571.1500000000005,74.02381180432579,70.81422501570275,87.50627405743228,77.4943297198444
571.1750000000005,73.72645018651187,71.4208311062461,87.5023247090791,77.49816115609094
571.2000000000005,73.72645018651187,71.4208311062461,87.50077989374886,77.49927416342312
571.2250000000005,73.44484402675133,72.29954686792968,87.50001650884114,77.49998308745002
571.2500000000005,73.44484402675133,72.29954686792968,87.65320739483214,77.1943553935632
571.2750000000005,73.06092943874764,73.17735463853109,87.6273057801536,77.24562761747595
571.3000000000005,73.06092943874764,73.17735463853109,91.75124871102717,69.01776509434484
571.3250000000005,72.73461922787892,73.93058346063029,92.35152328943003,67.8597850259279
571.3500000000005,72.73461922787892,73.93058346063029,92.49144458904476,67.91084287743278
571.3750000000005,72.3491935190076,74.67863289198786,92.07396806338545,77.00062282424393
571.4000000000005,72.3491935190076,74.67863289198786,87.81873891922142,78.25272865988259
571.4250000000005,72.18602137641987,75.20740597676492,87.61933832179915,79.64837549737948
571.4500000000005,72.18602137641987,75.20740597676492,87.52352880722565,77.56556945712164
571.4750000000005,72.01674682420615,75.82592546851907,88.18932857450571,82.38654467416433
571.5000000000005,72.01674682420615,75.82592546851907,87.76154277200611,79.37633208433854
571.5250000000005,72.0163536068689,76.60541856638928,87.50077587556268,91.05694577635059
571.5500000000005,72.0163536068689,76.60541856638928,87.50000448603568,77.54107853918148
571.5750000000005,72.13812940808002,77.28230774533172,87.50008450103327,77.65674653171479
571.6000000000005,72.13812940808002,77.28230774533172,87.50007385575769,97.41868968710378
571.6250000000005,72.1919690972575,77.9753234116474,87.50202063372957,97.13597505990103
571.6500000000005,72.1919690972575,77.9753234116474,87.20276876315488,95.29406466735212
571.6750000000005,72.27349216718507,78.65980782040516,87.51687188224417,85.98035054216336
571.7000000000005,72.27349216718507,78.65980782040516,87.51277115543097,79.86089059821833
571.7250000000005,72.17447772246734,79.33616929123434,87.50000841221333,77.50254600715455
571.7500000000005,72.17447772246734,79.33616929123434,87.5000002982157,77.50013418025273
571.7750000000005,72.09174638898929,79.84982770072386,87.50041824373206,77.50504451550289
571.8000000000005,72.09174638898929,79.84982770072386,92.07856700132317,97.09593835147462
571.8250000000005,72.00226927672131,80.45040253404702,91.34988823668169,97.49365504904394
571.8500000000005,72.00226927672131,80.45040253404702,93.12725537686764,97.22239456928541
571.8750000000005,71.93381269188245,81.12105458507537,88.89676953133467,97.49162732717609
571.9000000000005,71.93381269188245,81.12105458507537,85.32472236162488,97.49772332546534
571.9250000000005,71.80973235375247,81.72406661586193,84.75504129177804,97.49961432157205
571.9500000000005,71.80973235375247,81.72406661586193,87.19731718544394,97.49977899929705
571.9750000000005,71.77845190312789,82.18394912920913,85.98716161245456,97.49963341032876
572.0000000000005,71.77845190312789,82.18394912920913,87.52062914028384,97.26591650475673
572.0250000000005,71.65373555940093,82.71951765666056,87.53017251771958,97.49589845764291
572.0500000000005,71.65373555940093,82.71951765666056,87.47370822482068,81.06394556525774
572.0750000000005,71.53960421889111,83.26722045171475,42.678240646657066,77.51499094077097
572.1000000000005,71.53960421889111,83.26722045171475,86.10479737333934,96.8718524366291
572.1250000000005,71.42997019585627,83.84451909472129,88.73346229502836,95.78414294437972
572.1500000000005,71.42997019585627,83.84451909472129,88.04781764318422,96.71401057762635
572.1750000000005,71.35708805725749,84.574664104655,87.95046910086631,94.7359847698241
572.2000000000005,71.35708805725749,84.574664104655,86.34318085628497,95.80286156000372
572.2250000000005,71.25251111184205,84.98314304707182,89.97648102419305,85.14292799796283
572.2500000000005,71.25251111184205,84.98314304707182,87.38667673378154,97.49996799813543
572.2750000000005,71.06310336965595,85.38126293580966,86.98900967002825,97.49997921956106
572.3000000000005,71.06310336965595,85.38126293580966,87.32943750643159,97.49820033852605
572.3250000000005,70.80926248006273,85.76707504620298,88.55264182604503,96.8054861263503
572.3500000000005,70.80926248006273,85.76707504620298,87.58150015498776,97.3566630407065
572.3750000000005,70.6035057435296,86.05067268330366,87.41281001054892,97.38970390952065
572.4000000000005,70.6035057435296,86.05067268330366,88.19942704941823,96.5990542917288
572.4250000000005,70.50737015288979,86.13792419167511,87.3922923784332,97.4914273531661
572.4500000000005,70.50737015288979,86.13792419167511,87.53091460651481,97.44468217524826
572.4750000000005,70.39494275665707,86.23677297500828,87.56072393413778,97.42116003205936
572.5000000000005,70.39494275665707,86.23677297500828,90.02927260836103,89.00788420158412
572.5250000000005,70.2757382437596,86.3532086146363,92.16981409114752,84.1411258781785
572.5500000000005,70.2757382437596,86.3532086146363,92.41741274703155,82.75254360137018
572.5750000000005,70.21604311435964,86.41447947444072,88.74623975600637,93.23296916329059
572.6000000000005,70.21604311435964,86.41447947444072,87.78338630550145,96.18948742148262
572.6250000000005,70.15708858783168,86.47872297877491,87.65653423541372,96.71844949958646
572.6500000000005,70.15708858783168,86.47872297877491,91.59232203195349,77.23550927262866
572.6750000000005,70.03362038049956,86.5756064951951,92.47162274182017,72.68802573024905
572.7000000000005,70.03362038049956,86.5756064951951,91.93739011934491,75.34559975820021
572.7250000000005,69.8842948775739,86.67065780878286,89.21617753092777,88.953022186988
572.7500000000005,69.8842948775739,86.67065780878286,90.72966034886662,81.5562330594088
572.7750000000005,69.73690692210492,86.7493395762028,88.72021100390243,91.63637701087892
572.8000000000005,69.73690692210492,86.7493395762028,88.23086131062453,94.30507006718904
572.8250000000005,69.56351399991799,86.8581460027395,91.3417637201785,82.11583485794993
572.8500000000005,69.56351399991799,86.8581460027395,92.13977530430768,77.93045485687136
572.8750000000005,69.33621895279062,87.0314003559507,88.8148213437667,91.11594400113307
572.9000000000005,69.33621895279062,87.0314003559507,84.55170295131799,96.65063026422342
572.9250000000005,68.91438304982972,87.34095649211258,86.93735366307864,96.58636083661959
572.9500000000005,68.91438304982972,87.34095649211258,89.08407041560493,94.405179907196
572.9750000000005,68.45885623462702,87.62887927935378,87.41740265513718,96.8860056288327
573.0000000000005,68.45885623462702,87.62887927935378,87.51737341393545,97.30767206121085
573.0250000000005,68.10976639625605,87.8878910978203,87.16535629706203,97.48366048515817
573.0500000000005,68.10976639625605,87.8878910978203,87.38660653699601,97.49609885422466
573.0750000000005,67.77428592211585,88.08582803210622,86.91851834849129,97.49994117304122
573.1000000000005,67.77428592211585,88.08582803210622,87.09911393988237,97.41245185880278
573.1250000000005,67.51328560166597,88.16977394396947,87.25192822839438,97.4523647655533
573.1500000000005,67.51328560166597,88.16977394396947,87.38024233119397,97.49999730439346
573.1750000000005,67.17174251860327,88.2171877777304,87.49690393813886,97.49975517298182
573.2000000000005,67.17174251860327,88.2171877777304,87.48419435595126,97.49717809549017
573.2250000000005,66.76804465532513,88.20379821028895,70.98685905223212,93.37189823153753
573.2500000000005,66.76804465532513,88.20379821028895,81.95691229133256,96.11621062778086
573.2750000000005,66.47718134678423,88.15678031449168,49.01170687682389,88.01482574778974
573.3000000000005,66.47718134678423,88.15678031449168,60.19388039488782,97.49967324233103
573.3250000000005,66.11299376885788,88.1572862642936,88.20768650355626,96.44601927402854
573.3500000000005,66.11299376885788,88.1572862642936,88.6499647889878,96.5538925002995
573.3750000000005,65.68130150570816,88.15162306188556,92.05963170950729,92.91973694836035
573.4000000000005,65.68130150570816,88.15162306188556,92.48686724877219,92.38828134978816
573.4250000000005,65.27117860515168,88.19034811331225,92.42768683811346,92.27677843321594
573.4500000000005,65.27117860515168,88.19034811331225,92.49961235458028,91.97256734499327
573.4750000000005,64.73322895338251,88.28781627680237,92.50071145062627,89.48148709931482
573.5000000000005,64.73322895338251,88.28781627680237,92.49997942574859,86.92780700905337
573.5250000000005,64.25594265050375,88.32567303772386,92.50000919090888,77.98252995071788
573.5500000000005,64.25594265050375,88.32567303772386,92.49991398789922,82.43421445712731
573.5750000000005,63.90315345284835,88.328340719286,92.49999351937831,81.30431293553369
573.6000000000005,63.90315345284835,88.328340719286,92.4999959855996,86.40158205589368
573.6250000000005,63.56819541874131,88.28358609274851,92.49989742472107,83.2848680916438
573.6500000000005,63.56819541874131,88.28358609274851,92.42092802668134,82.84013099722749
573.6750000000005,63.29688426635855,88.1703038977215,92.04553642686716,83.89234949907737
573.7000000000005,63.29688426635855,88.1703038977215,73.14460195801648,88.92618437528996
573.7250000000005,63.13110551741704,88.08517812157339,87.85103362918223,97.32864989940222
573.7500000000005,63.13110551741704,88.08517812157339,47.58366299631985,87.51811566584558
573.7750000000005,62.86084710778764,87.97688752109562,86.09730074802253,95.99468832922432
573.8000000000005,62.86084710778764,87.97688752109562,85.2424855854926,96.42268562101751
573.8250000000005,62.42222135358973,87.92589124263104,68.58373318844254,92.81859081836905
573.8500000000005,62.42222135358973,87.92589124263104,88.41738849288309,97.44993639511368
573.8750000000005,62.15375098362781,87.95979601362414,83.10928866764347,97.49708765475107
573.9000000000005,62.15375098362781,87.95979601362414,83.10710482947442,97.48737495822324
573.9250000000005,61.947508695191246,88.02307362557012,85.35627616236806,97.41050609274146
573.9500000000005,61.947508695191246,88.02307362557012,83.06683258062641,97.4250688299157
573.9750000000005,61.76904251492616,88.1260500905133,82.67486535785642,97.48696767439478
574.0000000000005,61.76904251492616,88.1260500905133,83.44179269065465,97.48444449845282
574.0250000000005,61.54848629557582,88.27856662772031,87.50271063055733,97.49701329114471
574.0500000000005,61.54848629557582,88.27856662772031,87.51410624800666,97.48125483770846
574.0750000000005,61.2986238145263,88.50276015994784,85.86567405001662,97.48044402267584
574.1000000000005,61.2986238145263,88.50276015994784,86.21599298372925,97.45625279044826
574.1250000000005,60.997609696018095,88.74668757450158,86.07612829124493,96.82404562121835
574.1500000000005,60.997609696018095,88.74668757450158,87.38086171033808,97.39817780847277
574.1750000000005,60.74562824270436,88.88638226109245,89.67480768668597,92.65783113202743
574.2000000000005,60.74562824270436,88.88638226109245,85.99200241044758,88.0109240529264
574.2250000000005,60.53872767021091,88.98398531005891,91.82363609663366,88.56502202899337
574.2500000000005,60.53872767021091,88.98398531005891,89.87550268131133,88.64747297408104
574.2750000000005,60.18932198813157,89.10505738689962,73.39466170861279,88.88518173582574
574.3000000000005,60.18932198813157,89.10505738689962,80.52026819634048,88.35953383535627
574.3250000000005,59.900776328297646,89.1739316232008,74.57630270498412,88.77997883288342
574.3500000000005,59.900776328297646,89.1739316232008,87.8172247376421,87.83743298715154
574.3750000000005,59.63336908964828,89.22586590153952,92.49824735128615,87.50016242912295
574.4000000000005,59.63336908964828,89.22586590153952,89.39560476509067,87.73084152755187
574.4250000000005,59.38871456401408,89.28211086935104,25.41691618779423,92.4295813485273
574.4500000000005,59.38871456401408,89.28211086935104,29.555836425483253,92.99982686464422
574.4750000000005,59.17322959634356,89.3327009164261,48.23546263419381,94.48701960918956
574.5000000000005,59.17322959634356,89.3327009164261,79.80529127887957,97.25134062074652
574.5250000000005,58.81102569449297,89.37376831996534,84.46458159298824,97.4975452263157
574.5500000000005,58.81102569449297,89.37376831996534,82.61721639186005,97.49712228644665
574.5750000000005,58.50831693271555,89.45543680952451,83.0529829713713,97.47970164906822
574.6000000000005,58.50831693271555,89.45543680952451,87.23949339268958,97.49909610314587
574.6250000000005,58.129331490524926,89.48207144550169,87.49972875512992,97.49994508108611
574.6500000000005,58.129331490524926,89.48207144550169,87.46080087148306,97.49991363351484
574.6750000000005,57.72888871016112,89.49144173338394,87.49994277131577,97.4998033005295
574.7000000000005,57.72888871016112,89.49144173338394,87.49830087402349,97.4976347710375
574.7250000000005,57.34223792378934,89.47971064301305,87.49989355966694,97.49962120994303
574.7500000000005,57.34223792378934,89.47971064301305,87.49965433832114,97.49992159417748
574.7750000000005,56.85718195332287,89.40906938183005,71.54123221036676,95.90452618196875
574.8000000000005,56.85718195332287,89.40906938183005,87.50061525288615,97.4997739269893
574.8250000000005,56.3664153916118,89.229530795207,87.49957264684218,97.49991584452208
574.8500000000005,56.3664153916118,89.229530795207,45.86556059670571,93.3110512841985
574.8750000000005,55.8032267902334,88.97048083517409,37.50225617179393,92.49505526487857
574.9000000000005,55.8032267902334,88.97048083517409,37.54270394576747,92.377027147128
574.9250000000005,55.25555870925134,88.6738139514461,37.501546504836966,92.49598688985579
574.9500000000005,55.25555870925134,88.6738139514461,38.504217255681596,92.61059857623009
574.9750000000005,54.80336281896422,88.3636533667116,38.012138993331604,92.55200088014897
575.0000000000005,54.80336281896422,88.3636533667116,32.954296400612385,91.70534285821488
575.0250000000005,54.45417654811692,88.11732604962515,67.964294706806,86.6350542790792
575.0500000000005,54.45417654811692,88.11732604962515,37.45064204102482,92.38116683951962
575.0750000000005,54.11362016335299,87.82393549531515,38.64054079697979,92.26713151776252
575.1000000000005,54.11362016335299,87.82393549531515,37.855522011189144,92.43263040520736
575.1250000000005,53.851110068584,87.55556515376273,37.50080328152817,92.49989287985413
575.1500000000005,53.851110068584,87.55556515376273,37.50003029760937,92.49999312080277
575.1750000000005,53.57884321328514,87.25601932219926,37.500070746557874,92.4999823640755
575.2000000000005,53.57884321328514,87.25601932219926,37.49753638865063,92.49259273574104
575.2250000000005,53.20148652331994,86.91344597437197,37.50012373973996,92.49941211108904
575.2500000000005,53.20148652331994,86.91344597437197,41.870118632558864,90.31311031451321
575.2750000000005,52.93809282980955,86.5653345956599,39.39395272117074,79.39947770434391
575.3000000000005,52.93809282980955,86.5653345956599,43.47881866194204,83.48007974301814
575.3250000000005,52.73806006790507,86.21600035983093,42.061160759438955,82.11755444250505
575.3500000000005,52.73806006790507,86.21600035983093,47.138741399777075,85.20274474851146
575.3750000000005,52.61355291348705,85.92258918566722,82.50075662958632,82.52869450666081
575.4000000000005,52.61355291348705,85.92258918566722,82.49238046499121,82.50337630220912
575.4250000000005,52.55939100594531,85.61606371610473,92.98615160642827,85.48229787460673
575.4500000000005,52.55939100594531,85.61606371610473,97.4835957174717,87.47481866246532
575.4750000000005,52.54159665388316,85.31344361571318,97.32849655878388,87.12691252511364
575.5000000000005,52.54159665388316,85.31344361571318,93.83942023387502,80.51062703422238
575.5250000000005,52.571930987794666,84.88348556556411,92.51071930653008,77.63647281578206
575.5500000000005,52.571930987794666,84.88348556556411,92.5000083067887,77.50093042994123
575.5750000000005,52.57233159811836,84.61400362859018,92.5007951598115,77.58876808228946
575.6000000000005,52.57233159811836,84.61400362859018,92.49814549760993,77.72689574557089
575.6250000000005,52.54009587404968,84.43719230163617,34.94972697927578,77.5014737030555
575.6500000000005,52.54009587404968,84.43719230163617,45.84631925790174,77.79092048849961
575.6750000000005,52.491035204086025,84.28377028106436,32.520129661679924,77.50011481566992
575.7000000000005,52.491035204086025,84.28377028106436,32.500243141279604,77.50000003750002
575.7250000000005,52.41639073956137,84.06322659564283,32.50003736700959,77.50000212202973
575.7500000000005,52.41639073956137,84.06322659564283,32.50000942718019,77.50000005299935
575.7750000000005,52.27240313029661,83.75412021262535,32.50027772287178,77.49999990841586
575.8000000000005,52.27240313029661,83.75412021262535,55.531678346939735,77.58624555213913
575.8250000000005,52.10413286359954,83.49897561920211,32.72979496218799,77.50371720043097
575.8500000000005,52.10413286359954,83.49897561920211,33.911285910664624,77.64004837131942
575.8750000000005,51.74263635154277,83.17678662319983,82.15623394665514,82.41538656313078
575.9000000000005,51.74263635154277,83.17678662319983,82.47577092650845,82.49742972940797
575.9250000000005,51.3384101283199,82.94846014746099,53.36773054993401,79.58668542743835
575.9500000000005,51.3384101283199,82.94846014746099,82.48847225829846,82.49884552695023
575.9750000000005,50.80969472660719,82.6399236972929,70.02059305207324,81.14669734641986
576.0000000000005,50.80969472660719,82.6399236972929,82.49945392735958,82.49994411934438
576.0250000000005,50.38111962667098,82.21205688334905,78.22613283567787,83.00252536254112
576.0500000000005,50.38111962667098,82.21205688334905,32.50010122199828,77.49985898737961
576.0750000000005,50.023073102064586,81.8399230160636,32.534350382346865,77.50010033849036
576.1000000000005,50.023073102064586,81.8399230160636,32.95447067454188,77.4630760154147
576.1250000000005,49.59625150953469,81.53231990315783,50.399962625029474,61.211189259290535
576.1500000000005,49.59625150953469,81.53231990315783,52.25263631306727,58.160328460947504
576.1750000000005,48.9838435362992,81.28990567608274,43.208117233146,77.01628951716617
576.2000000000005,48.9838435362992,81.28990567608274,42.625878241836304,77.2594269462445
576.2250000000005,48.41330370060562,81.03334781186918,42.4552363497295,77.50426249212875
576.2500000000005,48.41330370060562,81.03334781186918,42.27744882965295,75.91037112277189
576.2750000000005,48.00601442571308,80.6895247229436,42.49053834408772,77.50689923911098
576.3000000000005,48.00601442571308,80.6895247229436,42.499917128225135,77.50000693282075
576.3250000000005,47.71843283377951,80.3181823376589,42.207594699258486,77.55624630166129
576.3500000000005,47.71843283377951,80.3181823376589,40.77994259246483,82.64372388705512
576.3750000000006,47.45923335738584,79.85489559447888,37.692232797255436,91.6698579006152
576.4000000000005,47.45923335738584,79.85489559447888,37.59240240074855,92.20126362659687
576.4250000000005,47.09353647051268,79.2034512096235,37.50618769187087,92.32670430841667
576.4500000000005,47.09353647051268,79.2034512096235,34.57019357991268,80.34195430404752
576.4750000000005,46.743669981546695,78.56470832748667,32.50096866985321,72.50048442104934
576.5000000000006,46.743669981546695,78.56470832748667,32.50003123314524,72.50001563297322
576.5250000000005,46.24000709804152,77.84351224358058,32.50000000284682,72.50042845490191
576.5500000000005,46.24000709804152,77.84351224358058,32.5000000249932,72.50088788547149
576.5750000000005,45.57594640378673,76.95156010580322,32.500000000043656,72.50000004349266
576.6000000000005,45.57594640378673,76.95156010580322,32.5000000000075,72.50000863404061
576.6250000000006,44.88626937148433,75.90183931768755,32.50000000000281,72.50156371245475
576.6500000000005,44.88626937148433,75.90183931768755,32.500000000361794,72.5000003349048
576.6750000000005,44.33712787099951,74.78515996827583,32.50213196899781,72.51211478166759
576.7000000000005,44.33712787099951,74.78515996827583,32.500663429515356,72.50003447108965
576.7250000000005,43.950595812724536,73.69595735103775,33.77656754131278,73.13927257206646
576.7500000000006,43.950595812724536,73.69595735103775,42.30648225877378,77.40304949784438
576.7750000000005,43.77668793831014,72.48892084576126,33.777808821955176,73.13875983736723
576.8000000000005,43.77668793831014,72.48892084576126,37.96990986811529,75.22519991678946
576.8250000000005,43.6753219857166,71.42465074219139,34.14278222895221,71.44988931373125
576.8500000000005,43.6753219857166,71.42465074219139,41.071344886778924,76.60849910771121
576.8750000000006,43.638347096756895,70.31774997554477,40.22068227792899,76.35928276561036
576.9000000000005,43.638347096756895,70.31774997554477,32.63422352500904,72.57560412566389
576.9250000000005,43.75928929877958,69.23812093155274,32.50004653716856,72.50889063160261
576.9500000000005,43.75928929877958,69.23812093155274,32.50005605673466,72.53855148029153
576.9750000000005,43.75652909729687,68.1644894674064,32.50000000306815,75.04465830915375
577.0000000000006,43.75652909729687,68.1644894674064,32.499999925048606,75.64405895068334
577.0250000000005,43.60488005285404,67.13922289321745,32.500006062285436,73.66422059614787
577.0500000000005,43.60488005285404,67.13922289321745,32.499999850695225,72.50405985513473
577.0750000000005,43.23622448353092,66.17507961403449,32.49967831669588,77.29233971495995
577.1000000000005,43.23622448353092,66.17507961403449,32.50003977543367,76.90053940773186
577.1250000000006,42.85118024840152,65.29473592748612,32.214596648315265,73.4328090479573
577.1500000000005,42.85118024840152,65.29473592748612,32.462427572237026,77.26872357550982
577.1750000000005,42.36871814837806,64.42590540292483,32.71203226682394,72.37901231758366
577.2000000000005,42.36871814837806,64.42590540292483,45.74874122564538,59.25215726792014
577.2250000000005,42.03195802186459,63.69301112576812,45.107429213503984,59.8988026306407
577.2500000000006,42.03195802186459,63.69301112576812,42.17454146720093,62.82568521593036
577.2750000000005,41.660631094143646,62.93369456616568,47.46250906861657,57.53751139321943
577.3000000000005,41.660631094143646,62.93369456616568,47.453909593084695,57.560055026976926
577.3250000000005,41.49293803271575,62.31346865543339,47.50000001061743,57.499995070638704
577.3500000000005,41.49293803271575,62.31346865543339,47.50019515646379,57.49671049016639
577.3750000000006,41.30692974243661,61.66194213271399,47.55141178500452,53.92437634833473
577.4000000000005,41.30692974243661,61.66194213271399,49.42855503794568,56.53595500340346
577.4250000000005,41.24110328675786,61.15672366183732,51.029319551546536,54.288695217817306
577.4500000000005,41.24110328675786,61.15672366183732,50.891005339833846,55.6877042749648
577.4750000000005,41.19930131754458,60.62309600992412,52.43763714190218,57.251328218643934
577.5000000000006,41.19930131754458,60.62309600992412,52.49981287906827,55.63798496187495
577.5250000000005,41.12033015963084,59.88176673697505,52.494160816272746,53.01948663909687
577.5500000000005,41.12033015963084,59.88176673697505,52.49999888123103,47.596962728696056
577.5750000000005,41.00043123125223,59.211919669366864,52.500006762752705,47.50051848106014
577.6000000000005,41.00043123125223,59.211919669366864,52.50003180945438,47.50000654800959
577.6250000000006,40.77259285054727,58.28340042652954,52.50002893733251,47.50041519051996
577.6500000000005,40.77259285054727,58.28340042652954,52.500000288236905,47.50025877781135
577.6750000000005,40.4419200378853,57.407781237992,52.500002102880366,47.50235248992666
577.7000000000005,40.4419200378853,57.407781237992,52.500000046247415,47.50000444870644
577.7250000000005,40.03114497615057,56.612647418041405,52.500015158642626,47.50054950494765
577.7500000000006,40.03114497615057,56.612647418041405,52.522206327460054,47.5048577111533
577.7750000000005,39.45659510873012,55.8480603990239,49.63437814228141,47.19289775087255
577.8000000000005,39.45659510873012,55.8480603990239,53.568630986388875,47.92671307050411
577.8250000000005,38.98710137184816,55.02773929143544,32.892645958378765,72.12387961260372
577.8500000000005,38.98710137184816,55.02773929143544,32.500101960381535,72.49998375509409
577.8750000000006,38.43612531639016,54.09236715356332,32.514822664633044,72.49771051213445
577.9000000000005,38.43612531639016,54.09236715356332,47.52010719567899,52.53827174907709
577.9250000000005,38.015711180317886,53.17579328605749,47.51468774418077,52.46870908232461
577.9500000000005,38.015711180317886,53.17579328605749,47.80436699119438,51.902206648403464
577.9750000000005,37.51688194454365,52.22270905050984,47.66515258178369,52.18209018128524
578.0000000000006,37.51688194454365,52.22270905050984,47.50003678327973,52.49996448313276
578.0250000000005,36.93283423667543,51.253343987177566,47.50000241435157,52.49999728445476
578.0500000000005,36.93283423667543,51.253343987177566,47.51816022501865,52.46510548466485
578.0750000000005,36.428269602594334,50.21813758392607,47.50170139381158,52.49717832015891
578.1000000000005,36.428269602594334,50.21813758392607,47.50684987543085,52.49569459692176
578.1250000000006,35.7750228673527,49.0597690110104,47.500271447736175,52.499907184597916
578.1500000000005,35.7750228673527,49.0597690110104,47.600331911158925,52.466358267832554
578.1750000000005,35.15222683585629,47.97502710291447,47.5000947249864,52.49983108108804
578.2000000000005,35.15222683585629,47.97502710291447,47.499982723297414,52.49997119495823
578.2250000000005,34.952545206668155,46.87250684984775,47.499999008823366,52.49999834751078
578.2500000000006,34.952545206668155,46.87250684984775,45.777581832313636,49.629286545986794
578.2750000000005,34.86107459143592,45.761177723699,47.49310657144949,52.48848041431254
578.3000000000005,34.86107459143592,45.761177723699,47.49999517203857,52.499987357353945
578.3250000000005,34.87998746802851,44.75130838003986,47.50000047309249,52.499996947663085
578.3500000000005,34.87998746802851,44.75130838003986,47.49996212992575,52.49962045300898
578.3750000000006,35.07218090567855,43.80788929199876,46.65611648572966,51.09322336073741
578.4000000000005,35.07218090567855,43.80788929199876,25.795256796288932,16.33204500297641
578.4250000000005,35.33327928940411,42.814564638118455,43.0304265913364,57.63091977197839
578.4500000000005,35.33327928940411,42.814564638118455,52.443862799221854,46.437725516113396
578.4750000000005,35.704161389210974,41.70006060482938,38.7160487637044,56.14926706990488
578.5000000000006,35.704161389210974,41.70006060482938,44.66129555466953,57.29818348842633
578.5250000000005,36.158475096217394,40.30861994238449,52.487558471907285,47.51571015515131
578.5500000000005,36.158475096217394,40.30861994238449,50.994323672070735,50.4410206604406
578.5750000000005,36.37642709508013,38.93313411342381,51.5811455201832,42.55413337323555
578.6000000000005,36.37642709508013,38.93313411342381,56.897195110436996,29.73432988308961
578.6250000000006,36.79256431999388,37.5920054551284,57.03711009364265,33.92810635672459
578.6500000000005,36.79256431999388,37.5920054551284,54.603481848500955,35.3969303482165
578.6750000000005,36.94969821870349,36.414758396200654,54.125995575604485,35.860619121674624
578.7000000000005,36.94969821870349,36.414758396200654,57.437442506753264,32.261384819025686
578.7250000000005,36.97911100194845,35.586060559778446,57.49769738750148,32.631020326580284
578.7500000000006,36.97911100194845,35.586060559778446,57.49681283280946,32.50649798125113
578.7750000000005,36.91737569414183,34.848990321361,51.25052447452947,44.99896386548005
578.8000000000005,36.91737569414183,34.848990321361,47.50187984475498,52.49630827011879
578.8250000000005,36.764042570100486,34.21283182825134,47.75713771743185,52.22826569880667
578.8500000000005,36.764042570100486,34.21283182825134,47.75584474343916,51.98823955340638
578.8750000000006,36.541007984211696,33.391716216780566,47.50664783351715,52.48680959573707
578.9000000000005,36.541007984211696,33.391716216780566,47.783201176058334,51.93721579510076
578.9250000000005,36.182116545568405,32.39486966253549,47.500164760811096,52.500159716463585
578.9500000000005,36.182116545568405,32.39486966253549,47.499995316338534,52.499991255778625
578.9750000000005,35.70104637577256,31.615261797097283,47.499996090556664,52.49999217542894
579.0000000000006,35.70104637577256,31.615261797097283,47.49830995119384,52.49759271954346
579.0250000000005,35.15472779215239,30.890408224602066,47.49798510014003,52.4965795020479
579.0500000000005,35.15472779215239,30.890408224602066,20.487421310689736,7.052146605193533
579.0750000000005,34.704219716412446,30.12164800846447,17.506187588525098,2.505496649786943
579.1000000000005,34.704219716412446,30.12164800846447,18.0283070867233,2.860409806092296
579.1250000000006,34.174955207259565,29.47106259502811,17.500089137692456,2.5001088716242736
579.1500000000005,34.174955207259565,29.47106259502811,17.50002780815155,2.500028703715069
579.1750000000005,33.54749295840478,28.89889255660118,17.50442277364587,2.5039077134432954
579.2000000000005,33.54749295840478,28.89889255660118,17.526550953119227,2.5248691370064287
579.2250000000005,33.09830195767323,28.38195771052708,17.498169456047155,2.500635713690332
579.2500000000006,33.09830195767323,28.38195771052708,17.504481191993143,2.5007318905686287
579.2750000000005,32.656458167598416,27.68948965372577,17.544888278855144,2.5182686631439744
579.3000000000005,32.656458167598416,27.68948965372577,33.13797863165452,3.766835712324445
579.3250000000005,32.32361221605149,27.09520213985452,36.86694507867216,7.216170002536117
579.3500000000005,32.32361221605149,27.09520213985452,27.498984957125696,2.5006911978183064
579.3750000000006,31.83892055301069,26.55961127367344,26.020162921594086,2.501177133263783
579.4000000000005,31.83892055301069,26.55961127367344,22.727638213183692,2.5205827956832887
579.4250000000005,31.338392808511795,26.26207401840823,24.181860587171748,2.5020199605622797
579.4500000000005,31.338392808511795,26.26207401840823,27.498545391007266,2.500001734417078
579.4750000000005,30.816338568191814,26.060612897055456,27.446319312896776,2.5001241487758277
579.5000000000006,30.816338568191814,26.060612897055456,27.470885021892087,2.500116948108567
579.5250000000005,30.264727798521896,25.938363044848785,27.490959987694314,2.500025591331876
579.5500000000005,30.264727798521896,25.938363044848785,23.234157651859768,2.5130979082262934
579.5750000000005,29.782000399508007,25.852513325505765,22.569154441697016,2.50043116387691
579.6000000000005,29.782000399508007,25.852513325505765,14.551756740540037,4.000334875712945
579.6250000000006,29.32260281161528,25.711372058079156,16.5535297992328,4.164609668251962
579.6500000000005,29.32260281161528,25.711372058079156,7.30320721039338,15.687337273237581
579.6750000000005,28.82951615325635,25.51032240277757,13.966991737217965,6.959096547046847
579.7000000000005,28.82951615325635,25.51032240277757,7.514350593810948,22.428147391745732
579.7250000000005,28.397336118889765,25.348306513979978,8.70207887422815,20.063124960303895
579.7500000000006,28.397336118889765,25.348306513979978,8.01902007866414,22.99874936340834
579.7750000000005,27.902182737628173,25.189213230982546,52.26663743647941,30.551586252407283
579.8000000000005,27.902182737628173,25.189213230982546,55.10534197756549,26.03786959312989
579.8250000000005,27.240440366191727,24.99592035980565,57.1280890345182,27.268689347883733
579.8500000000005,27.240440366191727,24.99592035980565,57.49986051551996,27.49991253856136
579.8750000000006,26.58836381374443,24.803799727572933,57.487232605659536,27.493161748597522
579.9000000000005,26.58836381374443,24.803799727572933,54.588480085468845,25.634689376571405
579.9250000000005,25.93426154386821,24.613803869243757,53.54516788576747,24.999895916844313
579.9500000000005,25.93426154386821,24.613803869243757,57.495470415320305,27.495558914918306
579.9750000000005,25.192083569096773,24.145895558301355,55.889767810801665,26.134357005929182
580.0000000000006,25.192083569096773,24.145895558301355,32.75975233529183,9.19036886441086
580.0250000000005,24.356295477820563,23.58327003360828,17.516451944326864,2.505997417597774
580.0500000000005,24.356295477820563,23.58327003360828,17.552035259281855,2.5049909024272123
580.0750000000005,23.60004746329668,22.85689925934372,17.49314464739028,2.5052237111620275
580.1000000000005,23.60004746329668,22.85689925934372,17.080904505942218,3.34444134774504
580.1250000000006,22.89018207838458,22.059844192278785,17.497533797612203,2.5054093948966045
580.1500000000005,22.89018207838458,22.059844192278785,17.498977595120056,2.5021890563867037
580.1750000000005,22.119392112783444,21.38464732878522,17.482669930504645,2.534657639381897
580.2000000000005,22.119392112783444,21.38464732878522,17.49999999203502,2.5000000121338264
580.2250000000005,21.441706369850845,20.786345954544725,17.499999896346953,2.500000204380586
580.2500000000006,21.441706369850845,20.786345954544725,17.49999798926894,2.5000040205795595
580.2750000000005,20.86630175968858,19.968692838897308,17.499971572720373,2.5000568533279797
580.3000000000005,20.86630175968858,19.968692838897308,17.49999918258768,2.500001623813143
580.3250000000005,20.51283044316717,19.10326439107969,17.499999999785707,2.5000000005251777
580.3500000000005,20.51283044316717,19.10326439107969,17.500000000246356,2.5000000000002043
580.3750000000006,20.228589057311947,18.170978255239326,17.49999995236117,2.5000000597650827
580.4000000000005,20.228589057311947,18.170978255239326,17.499839841499075,2.5000008313348254
580.4250000000005,20.059568794606115,17.382990647392294,17.5000056755409,2.5000000086557
580.4500000000005,20.059568794606115,17.382990647392294,17.508691336395632,2.5000259647533034
580.4750000000005,19.82558265825733,16.622225419663355,17.50440655907396,2.500001539228238
580.5000000000006,19.82558265825733,16.622225419663355,17.512992820890183,2.5000089059095685
580.5250000000005,19.59143210173081,15.837173030087191,17.502149670357976,2.5000001555772644
580.5500000000005,19.59143210173081,15.837173030087191,17.910195301616824,2.500008665167045
580.5750000000005,19.441147899575085,15.133793035422594,20.145452598917267,2.5000022956327737
580.6000000000005,19.441147899575085,15.133793035422594,17.64938050493825,2.500244112971559
580.6250000000006,19.17968713339469,14.466364344464788,37.36284889414906,2.5001816091166207
580.6500000000005,19.17968713339469,14.466364344464788,17.57244798007273,2.500030348013702
580.6750000000005,18.853351403589382,13.921740482670478,17.502840122430893,2.50000098373059
580.7000000000005,18.853351403589382,13.921740482670478,28.299108630534917,2.5000895064110025
580.7250000000005,18.581848916479352,13.592300659643566,17.70047059757556,2.5000184643122867
580.7500000000006,18.581848916479352,13.592300659643566,17.536827515911884,2.500021590196748
580.7750000000005,18.318685368755997,13.184567743954092,17.499793329547135,2.5000046696111466
580.8000000000005,18.318685368755997,13.184567743954092,17.500135253163386,2.500034072339464
580.8250000000005,18.037687562480595,12.68807251714413,17.682590441051996,2.5014421014350585
580.8500000000005,18.037687562480595,12.68807251714413,17.62048601212747,2.500002879324551
580.8750000000006,17.719576140302106,12.122665170413908,17.46598202058205,2.500001645892768
580.9000000000005,17.719576140302106,12.122665170413908,17.429651222325358,2.5000124993673074
580.9250000000005,17.607404472958457,11.698432134205998,16.335597306299814,2.5002266165395004
580.9500000000005,17.607404472958457,11.698432134205998,8.008741278735592,2.500888809349956
580.9750000000005,17.494750857467185,11.215630637687106,8.487527285467486,2.502716512099746
581.0000000000006,17.494750857467185,11.215630637687106,7.503511732992482,2.5009606047264965
581.0250000000005,17.3317984125605,10.71574055360168,5.613294861940914,4.388686155767054
581.0500000000005,17.3317984125605,10.71574055360168,7.501185438944298,2.5037090810135973
581.0750000000005,17.16494497565447,10.373244715733268,7.149508094143888,2.793678881053159
581.1000000000005,17.16494497565447,10.373244715733268,8.464862560348584,3.8498474271614818
581.1250000000006,16.892816862454975,9.910947400904904,12.45338920435894,2.5194703211196003
581.1500000000005,16.892816862454975,9.910947400904904,12.2931831595953,2.6031849666069693
581.1750000000005,16.65279728816015,9.353893217932177,8.816653996873777,4.32235030739724
581.2000000000005,16.65279728816015,9.353893217932177,12.388096378586573,2.5457432815234347
581.2250000000005,16.4481424697916,8.861420876260636,12.50006521918567,2.5000445964877374
581.2500000000006,16.4481424697916,8.861420876260636,12.514826332183254,2.500015815607635
581.2750000000005,16.10589566176555,8.265703757259056,12.500070643742383,2.500000566488188
581.3000000000005,16.10589566176555,8.265703757259056,12.500096026137307,2.5000036347421175
581.3250000000005,15.777666262612872,7.676293803798739,12.501238802906041,2.500002546328594
581.3500000000005,15.777666262612872,7.676293803798739,12.525316408586916,2.50474411838005
581.3750000000006,15.3740539588613,7.208414732107996,12.554465784233203,2.50110305536264
581.4000000000005,15.3740539588613,7.208414732107996,12.501533697370707,2.5000067692232224
581.4250000000005,14.910325450189571,6.848233408907232,12.509299250150024,2.500114456831946
581.4500000000005,14.910325450189571,6.848233408907232,12.527854823280911,2.500340108112683
581.4750000000005,14.421830551183485,6.606859355591527,12.499833315491632,2.5001661021930732
581.5000000000006,14.421830551183485,6.606859355591527,12.492142036367573,2.5009627599849646
581.5250000000005,13.921297171160866,6.460364545436866,11.177318011847182,2.5115351927133687
581.5500000000005,13.921297171160866,6.460364545436866,3.067831536079438,2.501312756864728
581.5750000000005,13.55082933386908,6.415030883967285,2.5322012513334746,2.5003015356727327
581.6000000000005,13.55082933386908,6.415030883967285,5.735128475958141,2.509421404034091
581.6250000000006,13.278146495023286,6.430222938067997,11.527174027748694,3.4726118306481553
581.6500000000005,13.278146495023286,6.430222938067997,8.548077377099965,6.456543605771816
581.6750000000005,13.028331198966743,6.4724252645235225,7.507758450203699,7.48979937863474
581.7000000000005,13.028331198966743,6.4724252645235225,7.674077573731411,7.317167254982229
581.7250000000005,12.83610749507205,6.538868660955346,7.461123109180826,7.513002209724331
581.7500000000006,12.83610749507205,6.538868660955346,6.370402065648972,7.627988123323508
581.7750000000005,12.535004891849583,6.597677840872906,2.786571364208565,9.988071818959986
581.8000000000005,12.535004891849583,6.597677840872906,2.565778455242283,10.61538977337566
581.8250000000005,12.177063693021871,6.604739342764189,3.1976978685030444,9.551305423252604
581.8500000000005,12.177063693021871,6.604739342764189,2.500962978992003,12.331039149774895
581.8750000000006,11.79776107329544,6.648864943313421,2.5000013104122227,12.493802988671206
581.9000000000005,11.79776107329544,6.648864943313421,2.50001331980406,7.865302330431985
581.9250000000005,11.44663003887808,6.672600842455669,2.500684576018615,7.528158652866936
581.9500000000005,11.44663003887808,6.672600842455669,2.5000829168623517,7.502468398550266
581.9750000000005,11.243531783171193,6.72271167702686,2.501399052905516,7.508842816992703
582.0000000000006,11.243531783171193,6.72271167702686,2.532268351494727,7.502095046428847
582.0250000000005,11.102823199250388,6.75021984607786,2.5193115919801046,7.506136526045417
582.0500000000005,11.102823199250388,6.75021984607786,2.634722053488608,7.505169807787188
582.0750000000005,10.983361050455388,6.796579856874546,2.501142006224471,7.5538791098706355
582.1000000000005,10.983361050455388,6.796579856874546,2.5548884098158924,7.501656963551323
582.1250000000006,10.857826110275424,6.847617676675724,2.516039771127492,7.50031454749988
582.1500000000005,10.857826110275424,6.847617676675724,2.539440070247332,7.500621851631518
582.1750000000005,10.647873064509335,6.880357871379244,2.501030080305772,7.502337462508218
582.2000000000005,10.647873064509335,6.880357871379244,2.5002048425960157,7.500100567033579
582.2250000000005,10.396847501435149,6.885976675296171,2.5000090069790035,7.5000117480860755
582.2500000000006,10.396847501435149,6.885976675296171,2.5000070328095143,7.499997330191758
582.2750000000005,10.054472640739556,6.7737732871176,2.5021361432754032,7.4998139800893435
582.3000000000005,10.054472640739556,6.7737732871176,2.5026162499580655,7.4990469447148485
582.3250000000005,9.77253200744252,6.681483423591928,2.5916462442643375,7.499866567531118
582.3500000000005,9.77253200744252,6.681483423591928,2.5009301462548756,7.499090647111694
582.3750000000006,9.572830486917248,6.653991859679011,2.6317053482837025,7.368752801380741
582.4000000000005,9.572830486917248,6.653991859679011,2.5009951996003115,7.499021355836466
582.4250000000005,9.307717269405298,6.5531566860436445,2.5029231378026053,7.4970771900681985
582.4500000000005,9.307717269405298,6.5531566860436445,2.503038885813536,7.4970531894036085
582.4750000000005,9.118025335783624,6.459037366616903,2.5014490168214043,7.4985931812262105
582.5000000000006,9.118025335783624,6.459037366616903,2.501361979677552,7.498937717238338
582.5250000000005,8.90984973984479,6.299102506359236,2.5009651325530946,7.499228318121649
582.5500000000005,8.90984973984479,6.299102506359236,2.500020443361815,7.499999998346471
582.5750000000005,8.716875968990923,6.094464243193694,2.501279670198055,7.499575208093428
582.6000000000005,8.716875968990923,6.094464243193694,2.5077158985768757,7.496767357336961
582.6250000000006,8.569672013774785,5.8304713473894845,2.5000329150800056,7.499983876688018
582.6500000000005,8.569672013774785,5.8304713473894845,2.6314767587045944,7.434050003221831
582.6750000000005,8.390610653371859,5.329086991983012,3.6424556118633253,7.329611115880493
582.7000000000005,8.390610653371859,5.329086991983012,5.318775995090998,5.90004672821292
582.7250000000005,8.06144533193897,4.95166573845599,11.122860937666825,3.19729530941558
582.7500000000006,8.06144533193897,4.95166573845599,12.322731669511095,2.5651710503936167
582.7750000000005,7.872278189327821,4.708171937271318,11.264285530314185,2.5946505089402
582.8000000000005,7.872278189327821,4.708171937271318,12.491912515863417,2.5000027584351767
582.8250000000005,7.589211250474053,4.563585178800176,10.986727327729911,2.5000003050721853
582.8500000000005,7.589211250474053,4.563585178800176,12.555665199713541,2.500000562931185
582.8750000000006,7.2816065246188915,4.53927128072403,15.581565936421525,2.5000000302070635
582.9000000000005,7.2816065246188915,4.53927128072403,17.4159051753371,2.500000006420594
582.9250000000005,6.8681172086640885,4.613402320020255,17.48734665328627,2.500000002813192
582.9500000000005,6.8681172086640885,4.613402320020255,17.333895132349912,2.5000000002200427
582.9750000000005,6.381668666749429,4.655396617495584,16.53625167566397,2.5000000036528154
583.0000000000006,6.381668666749429,4.655396617495584,13.880695528877077,2.50000000274671
583.0250000000005,5.8607524997990925,4.722977185919685,17.082567985549684,2.500000000236762
583.0500000000005,5.8607524997990925,4.722977185919685,9.894522018708487,2.500000032215619
583.0750000000005,5.511888823691432,4.79578098579792,4.4993874132582405,2.500016694215832
583.1000000000005,5.511888823691432,4.79578098579792,6.829050596783213,4.278379632604895
583.1250000000006,5.223184319646887,4.74704932492749,11.426630934015016,5.906861964990862
583.1500000000005,5.223184319646887,4.74704932492749,4.074839344501327,2.8288968148141604
583.1750000000005,5.0058717235652,4.75668338160548,6.395098978844153,2.509514447906242
583.2000000000005,5.0058717235652,4.75668338160548,6.302222356975573,2.513115234748645
583.2250000000005,4.815306658003455,4.695974539232823,3.3051649203923086,2.5711496097771196
583.2500000000006,4.815306658003455,4.695974539232823,2.9138887078148703,2.5152469293789013
583.2750000000005,4.792372454509135,4.641493526878036,3.1690074511359057,4.653329963758646
583.3000000000005,4.792372454509135,4.641493526878036,2.546676895066772,7.099164975184958
583.3250000000005,4.7446114997473945,4.537326674863337,3.9445901079996544,6.991941038916801
583.3500000000005,4.7446114997473945,4.537326674863337,8.687456885709361,5.397096012483403
583.3750000000006,4.621380044940703,4.467636607417572,2.9145615702873826,7.32245126250578
583.4000000000005,4.621380044940703,4.467636607417572,2.5003498573408147,7.491359475145433
583.4250000000005,4.480633893153936,4.3377234900558514,2.516886635091355,7.488983979533334
583.4500000000005,4.480633893153936,4.3377234900558514,2.8374381659765118,7.482613548100399
583.4750000000005,4.468292270203779,4.284285903572807,2.5011351468254177,7.4998611589660715
583.5000000000006,4.468292270203779,4.284285903572807,2.5036970609366636,7.499998978988629
583.5250000000005,4.523735740425685,4.259180125829333,2.5005530438421038,7.4999814719551825
583.5500000000005,4.523735740425685,4.259180125829333,2.5025174253250992,7.499876689073568
583.5750000000005,4.602306432867476,4.2946737854987225,2.5068937115742944,7.497389891431575
583.6000000000005,4.602306432867476,4.2946737854987225,3.762747922562287,6.872062704932943
583.6250000000006,4.700342819879855,4.144228993846644,3.7672194130998014,6.866599708232994
583.6500000000005,4.700342819879855,4.144228993846644,5.672067821630841,5.940250452655397
583.6750000000005,4.7823387171882334,4.148990409981017,7.345910870463025,5.287940090219746
583.7000000000005,4.7823387171882334,4.148990409981017,9.539473883084533,4.012721085580717
583.7250000000005,4.849328861610654,4.080397661854872,12.499960129459371,2.500641608759285
583.7500000000006,4.849328861610654,4.080397661854872,12.50076343723014,2.500123770491603
583.7750000000005,4.996154701498075,4.111481678237792,12.500037959774918,2.500099877881207
583.8000000000005,4.996154701498075,4.111481678237792,12.500012934253483,2.5000038146930303
583.8250000000005,5.142113859743428,4.132071289110797,12.500041204258412,2.5000114099770303
583.8500000000005,5.142113859743428,4.132071289110797,12.495582344414677,2.503907557924157
583.8750000000006,5.27571712782399,4.237718265636942,12.499763831405057,2.5005852491648257
583.9000000000005,5.27571712782399,4.237718265636942,12.499983036149883,2.500046163446003
583.9250000000005,5.381039266083184,4.340869415775952,12.499425144519593,2.501383743869292
583.9500000000005,5.381039266083184,4.340869415775952,12.498336972180125,2.504210108319482
583.9750000000005,5.461031527596636,4.405174014997202,12.493790948794551,2.510538111266827
584.0000000000006,5.461031527596636,4.405174014997202,12.498870303300144,2.5007821838303848
584.0250000000005,5.526573810153948,4.535904883302037,12.499700516431846,2.500472412986359
584.0500000000005,5.526573810153948,4.535904883302037,10.550289709860538,3.4479342156498696
584.0750000000005,5.495750210236052,4.570925902770023,8.682662630082955,6.022267509888309
584.1000000000005,5.495750210236052,4.570925902770023,10.158736884664867,4.363796085841077
584.1250000000006,5.495166168596245,4.672890073021218,4.687043965978027,7.446587136938026
584.1500000000005,5.495166168596245,4.672890073021218,2.541942602348759,7.4786635042172565
584.1750000000005,5.496938826967382,4.808421582586106,5.059930004406233,6.132024419680316
584.2000000000005,5.496938826967382,4.808421582586106,2.763290993960691,7.3299756053528
584.2250000000005,5.441098235193096,4.94206694934431,2.509935607920145,7.494061461117002
584.2500000000006,5.441098235193096,4.94206694934431,2.507957616689867,7.496335659952641
584.2750000000005,5.410672002300268,5.077827466004059,2.5000233130891254,7.499995612299706
584.3000000000005,5.410672002300268,5.077827466004059,2.5002529653137695,7.499922206228086
584.3250000000005,5.443703386160849,5.230943143614404,2.5000106047686934,7.500425303613659
584.3500000000005,5.443703386160849,5.230943143614404,2.500101601237962,7.511945857471144
584.3750000000006,5.52918520516688,5.388120513363158,2.5002266424168273,7.514838996839756
584.4000000000005,5.52918520516688,5.388120513363158,2.5000106045652046,7.551424000126459
584.4250000000005,5.590233613371327,5.500715737753382,2.5000000026622655,7.570784983230392
584.4500000000005,5.590233613371327,5.500715737753382,2.500000034209098,7.541457018249665
584.4750000000005,5.623846340835319,5.599574852346775,2.5000001017073217,7.667097317214793
584.5000000000006,5.623846340835319,5.599574852346775,2.5000015449769166,8.274441668993116
584.5250000000005,5.573093964721031,5.675663534465655,2.5000220652248477,9.232718118671704
584.5500000000005,5.573093964721031,5.675663534465655,2.500020377288796,11.024632379586063
584.5750000000005,5.499460199871792,5.7703214787419,2.5000121424439383,8.141115280219108
584.6000000000005,5.499460199871792,5.7703214787419,2.5028308158473553,7.595026145017207
584.6250000000006,5.541935340649319,5.900926457655905,2.500507885178775,7.553178380107976
584.6500000000005,5.541935340649319,5.900926457655905,2.5081367691232215,7.74089887260706
584.6750000000005,5.557505801686505,5.982703370064603,2.8697780944830082,7.456416972059995
584.7000000000005,5.557505801686505,5.982703370064603,3.0210244199582155,7.500199395225861
584.7250000000005,5.580265066749429,6.0179067384708285,5.181109903767929,7.420251689278334
584.7500000000006,5.580265066749429,6.0179067384708285,6.280820160656646,7.328401410358012
584.7750000000005,5.610761917607066,6.021359082006658,7.345886383120455,7.405046814751481
584.8000000000005,5.610761917607066,6.021359082006658,7.487441924167104,7.4330491928197455
584.8250000000005,5.621455126150979,5.996915329074554,7.499573648559729,7.49979625178966
584.8500000000005,5.621455126150979,5.996915329074554,7.499910242026821,7.498567394986205
584.8750000000006,5.544754907392476,5.890001079028619,7.500354660305275,7.507569232104666
584.9000000000005,5.544754907392476,5.890001079028619,7.492146841494485,7.526743819304165
584.9250000000005,5.4904660512268375,5.737478950690937,7.546559456625883,7.4498488480922385
584.9500000000005,5.4904660512268375,5.737478950690937,7.618447762905082,7.380210058844961
584.9750000000005,5.496046417492993,5.50284972669427,8.190418106367702,6.809860561288646
585.0000000000006,5.496046417492993,5.50284972669427,8.553256330919776,6.445481213537953
585.0250000000005,5.559493398949417,5.332945445071773,7.780211564702471,7.212183209736395
585.0500000000005,5.559493398949417,5.332945445071773,7.93907214603834,7.048858404058369
585.0750000000005,5.622865273016416,5.122550632104209,8.375122666853043,6.244420101228718
585.1000000000005,5.622865273016416,5.122550632104209,10.717415072689352,3.7804703046864168
585.1250000000006,5.620426824316274,4.922337640242496,7.965545905457686,7.026822556113192
585.1500000000005,5.620426824316274,4.922337640242496,11.736304036688031,3.2902302414538607
585.1750000000005,5.528646144512432,4.793400334149304,7.494692907462007,5.690873276994882
585.2000000000005,5.528646144512432,4.793400334149304,7.601954654212384,7.157227612836391
585.2250000000005,5.436742443816073,4.574681354238221,7.515197048334139,7.294281953654154
585.2500000000006,5.436742443816073,4.574681354238221,7.466219649377978,7.4904101774804905
585.2750000000005,5.392321335307734,4.313331539825187,6.260203655999659,6.0159646571023035
585.3000000000005,5.392321335307734,4.313331539825187,7.946643501147682,2.5255610987652664
585.3250000000005,5.364605759012739,3.949432400577184,6.117553414382141,2.5008239285728218
585.3500000000005,5.364605759012739,3.949432400577184,11.737619703423713,2.5032374530536607
585.3750000000006,5.30748590990136,3.6512580876618586,11.110415729810141,2.514354201082413
585.4000000000005,5.30748590990136,3.6512580876618586,2.7256955570003747,2.51526089118017
585.4250000000005,5.319487832924401,3.4172411068190174,3.1655613679739165,2.5000007932196424
585.4500000000005,5.319487832924401,3.4172411068190174,5.441450084940625,2.500125962372918
585.4750000000005,5.284259007472127,3.25837100859755,4.6850889674608185,2.500056303099411
585.5000000000006,5.284259007472127,3.25837100859755,6.79242308831088,2.5034494637531863
585.5250000000005,5.207167229050664,3.0465568966927896,12.206168055192524,2.500185037794203
585.5500000000005,5.207167229050664,3.0465568966927896,4.478479062057673,2.5000028220113006
585.5750000000005,5.132105400393053,2.844857970586248,2.9212084644561265,2.5000054301096872
585.6000000000005,5.132105400393053,2.844857970586248,5.0517060806438,2.5001577226886162
585.6250000000006,5.012213696475827,2.610711060792068,4.48888819593402,2.5001054443543564
585.6500000000005,5.012213696475827,2.610711060792068,9.296121865239588,2.5000009891755504
585.6750000000005,4.929544653594181,2.411757137615562,12.47069543997803,2.5000020417975612
585.7000000000005,4.929544653594181,2.411757137615562,12.45359987047249,2.5000000809340914
585.7250000000005,4.934119815737911,2.2754000773772645,12.497697043116286,2.500001316382724
585.7500000000006,4.934119815737911,2.2754000773772645,12.497628086196647,2.5001841920125942
585.7750000000005,5.01992485812669,2.2982162257211574,12.492858127573273,2.500814650396076
585.8000000000005,5.01992485812669,2.2982162257211574,12.744284601888594,2.5001702218988475
585.8250000000005,5.114164241856125,2.443989383904747,12.499635449746746,2.500050538313259
585.8500000000005,5.114164241856125,2.443989383904747,12.044502775549915,2.500694423484899
585.8750000000006,5.208908432213611,2.683337621395691,11.943533907452455,2.509197924549074
585.9000000000005,5.208908432213611,2.683337621395691,2.6898428727850985,6.371896588460716
585.9250000000005,5.273900558179545,2.9513623992515305,2.634417029664441,7.267885645372348
585.9500000000005,5.273900558179545,2.9513623992515305,2.9544453605382697,7.24026769583946
585.9750000000005,5.289303746782065,3.1050161503775686,3.153551348455764,6.905509369748973
586.0000000000006,5.289303746782065,3.1050161503775686,5.292267581292514,4.589251191823151
586.0250000000005,5.23407543043632,3.158144867382886,5.223036578508357,4.324530369581544
586.0500000000005,5.23407543043632,3.158144867382886,5.4322831452083165,5.41319618536173
586.0750000000005,5.238908677827206,3.1891440422806983,6.379026614122235,7.480069053707734
586.1000000000005,5.238908677827206,3.1891440422806983,7.127557640228124,7.493094989285022
586.1250000000006,5.269603287052408,3.318711104354838,4.850508870394483,7.087880872226842
586.1500000000005,5.269603287052408,3.318711104354838,11.65590856992594,3.0365882306748304
586.1750000000005,5.211344119058057,3.3929454026891084,3.4115399878470414,7.0320694729369855
586.2000000000005,5.211344119058057,3.3929454026891084,11.831759458875808,2.8738174380693717
586.2250000000005,4.986800298206137,3.385596422094083,12.431276498720047,2.555857268141557
586.2500000000006,4.986800298206137,3.385596422094083,12.32243386555936,2.6798873730695414
586.2750000000005,4.724615455402844,3.449865226600078,12.20581109743052,2.656332639856167
586.3000000000005,4.724615455402844,3.449865226600078,9.4155874794738,4.049488429146727
586.3250000000005,4.595182672937019,3.519007999747728,11.104094367029155,3.0982038228177546
586.3500000000005,4.595182672937019,3.519007999747728,2.6817730365974883,7.407159079289616
586.3750000000006,4.429536092536431,3.5044754910630167,2.5711040954193174,7.456746608083506
586.4000000000005,4.429536092536431,3.5044754910630167,2.5341775628666965,7.487213891604993
586.4250000000005,4.3966082020364405,3.6237665185398353,2.6344346854392695,7.441658830430321
586.4500000000005,4.3966082020364405,3.6237665185398353,2.5005938932172738,7.500266565967633
586.4750000000005,4.268275698804676,3.608526876226069,2.5000186862225866,7.505319359756974
586.5000000000006,4.268275698804676,3.608526876226069,2.5000012177364273,7.509253371324769
586.5250000000005,4.224416931594707,3.656336181478427,2.500004826904951,7.5618246918988605
586.5500000000005,4.224416931594707,3.656336181478427,2.5000175769019,7.807179343816087
586.5750000000005,4.207755609022826,3.705236358923517,2.5000040938871795,7.685969094842083
586.6000000000005,4.207755609022826,3.705236358923517,2.500821512194982,7.14192707281537
586.6250000000006,4.125476441017524,3.71979479586728,2.536602957229581,4.696781419287985
586.6500000000005,4.125476441017524,3.71979479586728,2.521991488433136,3.157094829809462
586.6750000000005,3.924314446870925,3.7097892621927366,2.5197874671058766,5.6706835164285
586.7000000000005,3.924314446870925,3.7097892621927366,2.705499471633913,2.883161234528018
586.7250000000005,3.79674155709944,3.7726011395015178,3.9318353668175856,6.745080012621506
586.7500000000006,3.79674155709944,3.7726011395015178,2.6513192131603214,6.458903761620448
586.7750000000005,3.8001633756934794,3.9193040348821193,2.539770256791466,7.349716412888638
586.8000000000005,3.8001633756934794,3.9193040348821193,2.5142574361258956,7.4829780391854195
586.8250000000005,3.680058389416708,4.032531794188442,2.5404211279827154,7.484472397460835
586.8500000000005,3.680058389416708,4.032531794188442,2.500597681107745,7.499759986977799
586.8750000000006,3.486212366784093,4.185725315235083,2.500006626719014,7.500755822154889
586.9000000000005,3.486212366784093,4.185725315235083,2.500024418872537,7.499995860930969
586.9250000000005,3.4375245032974746,4.44706684831291,2.500238328806653,7.4999131906971215
586.9500000000005,3.4375245032974746,4.44706684831291,2.500124478645737,7.499943232637782
586.9750000000005,3.3693284869892053,4.653494130438593,2.5000670807909176,7.499968691667967
587.0000000000006,3.3693284869892053,4.653494130438593,2.500704589934261,7.497681667998388
587.0250000000005,3.309953106127565,4.699727253758753,2.5000579276600243,7.499755821179184
587.0500000000005,3.309953106127565,4.699727253758753,2.500370496335551,7.488534570737191
587.0750000000005,3.1315449749415047,4.6433969618231465,2.5000373572420465,7.371204168866094
587.1000000000005,3.1315449749415047,4.6433969618231465,2.5001649759233344,7.37369026126182
587.1250000000006,3.1074535290085548,4.672285503364075,2.500277774724977,6.910050895192575
587.1500000000005,3.1074535290085548,4.672285503364075,2.5000609745980134,7.500540091636673
587.1750000000005,3.153024569021844,4.62365998206598,2.50000373342464,7.508980732727162
587.2000000000005,3.153024569021844,4.62365998206598,2.5000000961322493,7.500218238363005
587.2250000000005,3.205050279207316,4.584102298876943,2.5000000178656343,7.507927836273901
587.2500000000006,3.205050279207316,4.584102298876943,2.5000000739048462,8.419038359297224
587.2750000000005,3.356729577932284,4.481276594277307,2.500000559567696,7.697403955445108
587.3000000000005,3.356729577932284,4.481276594277307,2.5000011162549347,10.638274339465932
587.3250000000005,3.5764908715685286,4.543672348345649,2.500001741186713,9.436508966017538
587.3500000000005,3.5764908715685286,4.543672348345649,2.500299472148542,7.732213365652037
587.3750000000006,3.744535172662281,4.623437227767183,5.470637758243363,7.570692457318506
587.4000000000005,3.744535172662281,4.623437227767183,2.74450572666535,10.584973375306017
587.4250000000005,3.8322786996848026,4.624070323997195,2.924162657580294,8.093482450801272
587.4500000000005,3.8322786996848026,4.624070323997195,5.210758920223852,9.727012012840579
587.4750000000005,3.978010991324848,4.728477980462957,8.339255555491395,6.689648218704094
587.5000000000006,3.978010991324848,4.728477980462957,2.6227151087532814,7.477274529171437
587.5250000000005,4.141210782314476,4.850746593540093,2.502156526597608,7.27498548589751
587.5500000000005,4.141210782314476,4.850746593540093,2.5130798129472716,6.577748738364798
587.5750000000005,4.261271127702274,4.966080890686678,2.506149115347927,4.1180784052807065
587.6000000000005,4.261271127702274,4.966080890686678,2.5000268947107855,3.734081946869904
587.6250000000006,4.300957273426876,5.060612460548383,2.500001362843592,7.481620377502192
587.6500000000005,4.300957273426876,5.060612460548383,2.500007919149895,7.48937643919555
587.6750000000005,4.320450793095085,5.130717221710484,2.503887012848241,7.478917159885995
587.7000000000005,4.320450793095085,5.130717221710484,2.500440993232548,7.4997520669338025
587.7250000000005,4.351172104972278,5.227096003772452,2.5031222902804227,7.499011448670252
587.7500000000006,4.351172104972278,5.227096003772452,2.607828968677253,7.401675626476782
587.7750000000005,4.321583982899356,5.332713559189493,2.720064941818528,7.323425347488536
587.8000000000005,4.321583982899356,5.332713559189493,2.5017109584418247,7.507751100164026
587.8250000000005,4.310307309098895,5.443008648232805,2.500132699865168,7.501958693948628
587.8500000000005,4.310307309098895,5.443008648232805,2.500358002901679,7.5033318874185095
587.8750000000006,4.378087347188175,5.542230314440733,2.5009235723603775,7.502803267668137
587.9000000000005,4.378087347188175,5.542230314440733,2.500002663841721,7.500293753608099
587.9250000000005,4.445011380767131,5.615583141022268,2.500005011616017,7.500248756467558
587.9500000000005,4.445011380767131,5.615583141022268,2.5012883975931435,7.499880901579797
587.9750000000005,4.370945222320851,5.704949924199078,2.535526350545664,7.482920731427482
588.0000000000006,4.370945222320851,5.704949924199078,2.509484513193143,7.495275049422067
588.0250000000005,4.277307615946261,5.713036429913574,2.5000057548878254,7.500015702854529
588.0500000000005,4.277307615946261,5.713036429913574,2.500053544078441,7.499998177499893
588.0750000000005,4.254855430992039,5.7477989653940815,2.509462518543932,7.495248923110948
588.1000000000005,4.254855430992039,5.7477989653940815,2.5062709221542594,7.4968272371322096
588.1250000000006,4.234045435543312,5.778407024291719,2.501892406998072,7.498998641272264
588.1500000000005,4.234045435543312,5.778407024291719,2.6348791564311487,7.381256384236354
588.1750000000005,4.312263257281343,5.877857722500868,3.706768480445634,6.351901866424866
588.2000000000005,4.312263257281343,5.877857722500868,6.702183600953308,3.317286562074942
588.2250000000005,4.5020850698648855,6.016229598744652,2.6418559823671632,7.361595063661342
588.2500000000006,4.5020850698648855,6.016229598744652,2.6132393469419983,7.408467398944205
588.2750000000005,4.653136411270186,6.175963367164875,7.4064635797548934,2.594279924594745
588.3000000000005,4.653136411270186,6.175963367164875,7.219368748388918,2.781284671213513
588.3250000000005,4.819041241264674,6.325037417310324,7.317447953202058,2.683291834493485
588.3500000000005,4.819041241264674,6.325037417310324,7.184761789007766,3.9846932972856433
588.3750000000006,4.958990006941122,6.50787075313914,7.350057867689941,7.471982575884575
588.4000000000005,4.958990006941122,6.50787075313914,7.404448516777045,7.152850612065429
588.4250000000005,5.065667809606354,6.702812363896025,7.421425904162841,7.6553306964668995
588.4500000000005,5.065667809606354,6.702812363896025,7.4444896794781865,7.852733141897449
588.4750000000005,5.126128415741444,6.878015543905041,7.24982312404308,7.766369507864068
588.5000000000006,5.126128415741444,6.878015543905041,7.44642737215403,7.5404722988847395
588.5250000000005,5.049721099574379,7.127995753149509,7.13657133079092,16.816092755345608
588.5500000000005,5.049721099574379,7.127995753149509,7.487190500377861,17.466882696722426
588.5750000000005,4.800055987304104,7.414172100434984,7.395663193567534,17.281751557554546
588.6000000000005,4.800055987304104,7.414172100434984,5.814005085834297,14.089771245331404
588.6250000000006,4.583634594371519,7.627546768966958,2.594324770936816,7.426597915963817
588.6500000000005,4.583634594371519,7.627546768966958,2.517117653925463,7.562283091417749
588.6750000000005,4.338546005824815,7.851906037601106,2.7583245321422933,7.648349274000534
588.7000000000005,4.338546005824815,7.851906037601106,2.7521859746375803,7.813190322733269
588.7250000000005,4.165031183402188,8.100489889442667,2.5673488095011168,8.189270144864103
588.7500000000006,4.165031183402188,8.100489889442667,2.500413953466297,7.900366075215023
588.7750000000005,3.954903990299753,8.36535386701206,2.5583927387916297,8.102275378958355
588.8000000000005,3.954903990299753,8.36535386701206,2.5000007877057775,12.238209763284843
588.8250000000005,3.679271342124432,8.839731220867526,2.500000033933009,12.350303009081188
588.8500000000005,3.679271342124432,8.839731220867526,2.5000016519180575,11.930572979841934
588.8750000000006,3.3471854802246117,9.460568748471248,2.50000084389719,12.436326524823254
588.9000000000005,3.3471854802246117,9.460568748471248,2.5000004405229235,11.226329606092424
588.9250000000005,3.0854416744559554,10.091774584446462,2.5000000285505677,8.129780179948217
588.9500000000005,3.0854416744559554,10.091774584446462,2.5000001241230083,10.032474860077022
588.9750000000005,2.946058580131143,10.652282359815148,2.5000000568661163,10.628822015539114
589.0000000000006,2.946058580131143,10.652282359815148,2.5000054212040723,12.163280776727172
589.0250000000005,2.816522121357827,11.230833082873607,2.500000779277095,11.891224328913122
589.0500000000005,2.816522121357827,11.230833082873607,2.5000048860633775,9.524730488504055
589.0750000000005,2.6268572046716945,11.889366469650366,2.5000001832248655,9.734890905364352
589.1000000000005,2.6268572046716945,11.889366469650366,2.500000998861932,11.530395038152013
589.1250000000006,2.647579409217621,12.580948008351289,2.5000001349735967,12.272255004062774
589.1500000000005,2.647579409217621,12.580948008351289,2.5000001229019815,12.219219726032188
589.1750000000005,2.5903407218801706,13.134086938251862,2.5000000269544436,12.419693638472772
589.2000000000005,2.5903407218801706,13.134086938251862,2.5000003464288323,11.47390575609991
589.2250000000005,2.5815833328018565,13.488588601143285,2.5000001148183313,10.773887174888033
589.2500000000006,2.5815833328018565,13.488588601143285,2.5000000004811347,9.42842669360494
589.2750000000005,2.5736121111681576,13.78470290714512,2.5000000000680753,8.519827066767983
589.3000000000005,2.5736121111681576,13.78470290714512,2.500000000066559,10.538637389778215
589.3250000000005,2.755808448696832,13.99253230324215,2.500000000224848,12.206714604969596
589.3500000000005,2.755808448696832,13.99253230324215,2.5000000234652537,9.898064288131588
589.3750000000006,2.948966670688925,14.222016998228211,2.5000001553167936,8.003203987002097
589.4000000000005,2.948966670688925,14.222016998228211,2.500000004149182,9.457947708324578
589.4250000000005,3.1265840411876176,14.50904293483177,2.500000021810237,9.128372023020049
589.4500000000005,3.1265840411876176,14.50904293483177,2.500000012033742,11.394549012086248
589.4750000000005,3.2475962882577702,14.862078407672907,2.500000580472633,12.204493218937905
589.5000000000006,3.2475962882577702,14.862078407672907,2.5000350987917064,12.418836139422616
589.5250000000005,3.384607601190221,15.226223130694738,2.5000108650072494,12.454579610708423
589.5500000000005,3.384607601190221,15.226223130694738,2.500004894236867,12.246016713291684
589.5750000000005,3.651372339836747,15.43044283945312,2.500002341295773,12.184589880989618
589.6000000000005,3.651372339836747,15.43044283945312,2.500007732013464,12.496728573338869
589.6250000000006,3.9260858532410334,15.55988770248119,2.5003350227358765,9.56655283140641
589.6500000000005,3.9260858532410334,15.55988770248119,2.50259861218602,9.223804908168711
589.6750000000005,4.114213604415761,15.79220706521776,2.5065268464901505,8.599836743036983
589.7000000000005,4.114213604415761,15.79220706521776,2.504899015012169,9.712224432440244
589.7250000000005,4.204931383142283,16.114234834215633,2.586327667327247,8.51346809934807
589.7500000000006,4.204931383142283,16.114234834215633,4.128265107898116,11.467267583858579
589.7750000000005,4.308712081631043,16.413288725580163,7.456358113020598,17.43515286974625
589.8000000000005,4.308712081631043,16.413288725580163,7.499801329245883,17.499984138919395
589.8250000000005,4.4328719155643945,16.654729120355924,7.499078480525024,17.4982850877176
589.8500000000005,4.4328719155643945,16.654729120355924,7.497889260877005,17.495867893359595
589.8750000000006,4.538657271358488,16.894372687823363,7.059857599639787,17.046755386827655
589.9000000000005,4.538657271358488,16.894372687823363,6.4266426908641225,16.41773257766913
589.9250000000005,4.531392418316346,17.287914521226302,7.134282854665895,17.131150048499332
589.9500000000005,4.531392418316346,17.287914521226302,6.813963407251376,16.610925766465048
589.9750000000005,4.517240540120327,17.661355716259294,2.549447586763682,10.862019816230877
590.0000000000006,4.517240540120327,17.661355716259294,2.5063921095587838,9.277674249676942
590.0250000000005,4.566412576663042,18.040128065817694,2.509596023701523,7.80871516935714
590.0500000000005,4.566412576663042,18.040128065817694,2.589641027407974,8.386372024237707
590.0750000000005,4.7044757698949935,18.396179889575865,2.5895799718559944,8.596159552636156
590.1000000000005,4.7044757698949935,18.396179889575865,2.500782760084526,7.634151481562322
590.1250000000006,4.841679351198154,18.725961176109998,2.508534964462784,8.847035274364718
590.1500000000005,4.841679351198154,18.725961176109998,2.73295967597531,12.613127976302062
590.1750000000005,4.9558879297374805,19.11099156226028,2.5006021009064003,12.49434979165022
590.2000000000005,4.9558879297374805,19.11099156226028,2.5012853901283125,12.502213490761449
590.2250000000005,5.125778897418424,19.61928894299529,2.5000909151409574,12.500174893500809
590.2500000000006,5.125778897418424,19.61928894299529,2.50064814387126,12.501275826393734
590.2750000000005,5.312345496370076,20.254374343582256,2.5000066596483643,12.500010090203887
590.3000000000005,5.312345496370076,20.254374343582256,2.5000006292268666,12.499997234546454
590.3250000000005,5.5707329611159135,20.73274621701976,2.500040402898206,12.500080584948774
590.3500000000005,5.5707329611159135,20.73274621701976,2.5005166149016773,12.501032776462138
590.3750000000006,5.888838554388479,21.153055907306168,2.502495654780311,12.504991473126854
590.4000000000005,5.888838554388479,21.153055907306168,2.821342440477953,13.142684633473138
590.4250000000005,6.112642414454425,21.508134217476,7.487717088985158,22.475434172199076
590.4500000000005,6.112642414454425,21.508134217476,7.4997878333515295,22.499575653768918
590.4750000000005,6.3171482161612005,21.889770989569985,7.499998678888301,22.49999710297694
590.5000000000006,6.3171482161612005,21.889770989569985,7.499999355498638,22.499871092527677
590.5250000000005,6.483183554753856,22.244900621593448,7.499999933708818,22.49998897792874
590.5500000000005,6.483183554753856,22.244900621593448,7.499999999998501,22.499999954818545
590.5750000000005,6.652153770242704,22.583878028126037,7.5000000000012035,22.49999983147766
590.6000000000005,6.652153770242704,22.583878028126037,7.500000000000227,22.499999461830722
590.6250000000006,6.786149052174967,22.992058524386927,7.500000000018689,22.4999999165449
590.6500000000005,6.786149052174967,22.992058524386927,7.500000102878912,22.49999618948039
590.6750000000005,6.8808006700100135,23.44727556087943,7.500000015210368,22.499991832666943
590.7000000000005,6.8808006700100135,23.44727556087943,7.50000001513094,22.49999751396053
590.7250000000005,6.981854318657228,23.882161606701292,7.500000000403101,22.49997793978723
590.7500000000006,6.981854318657228,23.882161606701292,7.500000000868681,22.49992664949825
590.7750000000005,7.016824947283388,24.227635347161836,7.500000000823732,22.499965877298735
590.8000000000005,7.016824947283388,24.227635347161836,7.500003198667773,22.487479497506257
590.8250000000005,7.011248278090619,24.639125712045683,7.500289722079701,22.489242059243583
590.8500000000005,7.011248278090619,24.639125712045683,7.500015181707933,22.49978113315648
590.8750000000006,7.08231663774687,25.023887875834944,7.499979898651624,22.469031245927802
590.9000000000005,7.08231663774687,25.023887875834944,7.498136502873844,22.474796721694315
590.9250000000005,7.182043835949292,25.30170509095077,7.499445131330833,22.49883333695143
590.9500000000005,7.182043835949292,25.30170509095077,7.358466441894706,22.215630551989168
590.9750000000005,7.272597495242919,25.477618467443783,5.830996710129938,19.14499955323271
591.0000000000006,7.272597495242919,25.477618467443783,7.4924181118250734,22.48453807514381
591.0250000000005,7.356266631837917,25.61201839899356,7.498629708373164,22.497139676532598
591.0500000000005,7.356266631837917,25.61201839899356,7.499926919519079,22.499848218028525
591.0750000000005,7.452005136217567,25.77134716280984,7.499655859586126,22.499306985921546
591.1000000000005,7.452005136217567,25.77134716280984,7.468785447347418,22.437014579724178
591.1250000000006,7.559443670651398,25.940028052989305,7.499792713034727,22.499576518492418
591.1500000000005,7.559443670651398,25.940028052989305,7.500010553862602,22.50000383217178
591.1750000000005,7.682153083506854,26.159191585680976,7.500000130628939,22.447336609844843
591.2000000000005,7.682153083506854,26.159191585680976,7.500693977906739,22.42716414460652
591.2250000000005,7.761107381944197,26.45083010614728,7.500010949051632,22.46681847862537
591.2500000000006,7.761107381944197,26.45083010614728,7.500001697776017,22.405087019870972
591.2750000000005,7.809901924550027,26.62000151044005,7.49980564430435,17.50932009972769
591.3000000000005,7.809901924550027,26.62000151044005,7.172159752565752,17.35061432711619
591.3250000000005,7.837172649752902,26.76342105633384,6.889087101531001,16.992687019779332
591.3500000000005,7.837172649752902,26.76342105633384,3.6574781061409753,13.965820899934725
591.3750000000006,7.862183149434452,26.98961599524569,2.5682195404784744,12.57045245351853
591.4000000000005,7.862183149434452,26.98961599524569,2.5021653950730918,12.495338598541595
591.4250000000005,7.873659459524195,27.19679965427894,2.508603608366775,12.448900636438903
591.4500000000005,7.873659459524195,27.19679965427894,2.5062228267498727,11.023002097563207
591.4750000000005,7.911856889170687,27.374762069625465,2.50032771341659,7.974600780584946
591.5000000000006,7.911856889170687,27.374762069625465,2.500118908135841,10.962009909006248
591.5250000000005,7.958226930103712,27.532087236009627,2.500013651260323,11.722425163911597
591.5500000000005,7.958226930103712,27.532087236009627,2.5394700238388124,12.507448316239786
591.5750000000005,8.019647941740185,27.63990736069805,4.222892372528362,12.378874956627675
591.6000000000005,8.019647941740185,27.63990736069805,7.418290105210965,17.43932586779158
591.6250000000006,8.141048210526996,27.81937557259421,7.494204771771769,17.504603803489033
591.6500000000005,8.141048210526996,27.81937557259421,7.503596357144044,17.51891808525265
591.6750000000005,8.312141112336255,27.99568778911649,7.499463009309759,17.577646873294892
591.7000000000005,8.312141112336255,27.99568778911649,7.4999077931012845,21.376773395348334
591.7250000000005,8.581526371375716,28.26993405307249,7.499957498300056,17.60526028674719
591.7500000000006,8.581526371375716,28.26993405307249,7.499999048557155,17.521219329131558
591.7750000000005,8.964925263377076,28.585153943867965,7.500000124926808,17.877900342086573
591.8000000000005,8.964925263377076,28.585153943867965,7.499999872576833,17.56256576445091
591.8250000000005,9.330253742501442,28.8371374120387,7.499999998595348,17.500017395939317
591.8500000000005,9.330253742501442,28.8371374120387,7.4999999984238945,17.500004873448596
591.8750000000006,9.699112631069868,29.12473107196429,7.500000014881068,17.500010669484563
591.9000000000005,9.699112631069868,29.12473107196429,7.5000008905955236,17.500014246397882
591.9250000000005,9.93858280310856,29.44727590853116,7.682733209783274,20.423726329164634
591.9500000000005,9.93858280310856,29.44727590853116,7.775843299986723,21.912639435517555
591.9750000000005,10.160216637517571,29.72468388826803,7.796258210855081,22.015427759516
592.0000000000006,10.160216637517571,29.72468388826803,7.818326775230562,17.662425201351677
592.0250000000005,10.36757684599435,30.07536421417453,17.498889116611096,22.499446266973383
592.0500000000005,10.36757684599435,30.07536421417453,17.499879541159533,22.49993978936006
592.0750000000005,10.62104071339234,30.498298839458517,17.499997473180873,22.499998928967273
592.1000000000005,10.62104071339234,30.498298839458517,17.499965207626325,22.499984059650966
592.1250000000006,10.778107070276366,30.80039068993233,10.193717811537505,19.397108234659157
592.1500000000005,10.778107070276366,30.80039068993233,7.500027527393961,22.38583189877138
592.1750000000005,10.845991325711015,31.039031652935368,7.500950723353681,22.492599126562656
592.2000000000005,10.845991325711015,31.039031652935368,7.590134604593507,22.4805399368046
592.2250000000005,10.858188282781606,31.23489647852159,7.505943334962627,22.46251682441824
592.2500000000006,10.858188282781606,31.23489647852159,7.500425410997745,22.494383378581826
592.2750000000005,10.883486304437668,31.53294113423636,7.500146607967032,22.497948112473736
592.3000000000005,10.883486304437668,31.53294113423636,7.499996065743415,19.39053503060856
592.3250000000005,10.949326907294688,31.877786922254035,7.499494344180631,19.948417053724775
592.3500000000005,10.949326907294688,31.877786922254035,7.499970023106638,22.18797861757363
592.3750000000006,11.066658165127505,32.268375139819774,7.500085711396757,22.47188820382226
592.4000000000005,11.066658165127505,32.268375139819774,7.499999798807451,22.49986125301487
592.4250000000005,11.299197548023184,32.833142013218634,7.461167406221796,19.399892590621725
592.4500000000005,11.299197548023184,32.833142013218634,7.496444978808716,22.073943627637632
592.4750000000005,11.625537931386209,33.34890212493775,7.189570522661749,17.371804628309228
592.5000000000006,11.625537931386209,33.34890212493775,7.503696590437576,17.538400002794127
592.5250000000005,11.890059445756089,33.65597556919304,7.5014751525202055,17.50002895134452
592.5500000000005,11.890059445756089,33.65597556919304,7.505371180928529,17.933382832682252
592.5750000000005,12.206459075644586,33.93645791376984,7.617428284532161,19.533040007704173
592.6000000000005,12.206459075644586,33.93645791376984,8.605087534039905,18.12380527263073
592.6250000000006,12.533121497429695,34.2764977826183,7.6091227402575115,17.530615124922647
592.6500000000005,12.533121497429695,34.2764977826183,7.501321294023569,17.50480217855212
592.6750000000005,12.744148821276536,34.55492684996317,7.501646845416042,21.562922942785217
592.7000000000005,12.744148821276536,34.55492684996317,7.556123767486184,17.532566318289376
592.7250000000005,13.015813692709438,35.0216838319171,8.121320269498908,18.041367414866986
592.7500000000006,13.015813692709438,35.0216838319171,7.505680642890938,18.04448853571566
592.7750000000005,13.31274443221045,35.367986383002005,7.502553247051607,21.091873209471945
592.8000000000005,13.31274443221045,35.367986383002005,7.538365238390887,19.666532893023433
592.8250000000005,13.790185044251416,35.79933943386059,7.930601469953799,21.3398543987376
592.8500000000005,13.790185044251416,35.79933943386059,8.578458963487394,21.46159763357692
592.8750000000006,14.499676127784008,36.28359629756362,7.7033781886918336,22.115503738841845
592.9000000000005,14.499676127784008,36.28359629756362,12.495741292977483,17.504210611602712
592.9250000000005,15.108219367150555,36.63949945835223,7.512974039277329,22.488241961985743
592.9500000000005,15.108219367150555,36.63949945835223,7.500565969619913,22.50070672446738
592.9750000000005,15.625837568322408,36.93073475009079,7.500019857123967,22.50002435767766
593.0000000000006,15.625837568322408,36.93073475009079,7.500000329452046,22.499999984910566
593.0250000000005,16.01279336501959,37.23012810384701,7.500007373917683,22.49999275607579
593.0500000000005,16.01279336501959,37.23012810384701,7.5000317383566975,22.49999981864196
593.0750000000005,16.665289239573884,37.68756690307093,7.500016407470797,22.49999999996813
593.1000000000005,16.665289239573884,37.68756690307093,7.500000041045364,22.499999999996195
593.1250000000006,17.251241796009538,38.08411281003328,7.500000011406957,22.500000000009152
593.1500000000005,17.251241796009538,38.08411281003328,7.500002617259399,22.499999999862514
593.1750000000005,17.686325899575188,38.52431412754942,7.500966782319922,22.500000006207387
593.2000000000005,17.686325899575188,38.52431412754942,7.500268769200562,22.500005874312105
593.2250000000005,18.031509642130544,38.99165717211357,7.500000129206503,22.50000031996581
593.2500000000006,18.031509642130544,38.99165717211357,7.500007207539231,22.500001267190797
593.2750000000005,18.42551705284852,39.57987084008373,7.500000029688775,22.500000033024598
593.3000000000005,18.42551705284852,39.57987084008373,7.500023931728421,22.50003877978946
593.3250000000005,18.8245883649205,40.14245654969079,7.500000184796623,22.500000311126726
593.3500000000005,18.8245883649205,40.14245654969079,7.500000161233713,22.500002155900148
593.3750000000006,19.19120109889486,40.59547149160037,7.500367283832153,22.500592057011396
593.4000000000005,19.19120109889486,40.59547149160037,7.50506521409202,22.49493643270343
593.4250000000005,19.667518181000982,41.18258918405742,7.500005644299579,22.49999451756902
593.4500000000005,19.667518181000982,41.18258918405742,7.5000000925750845,22.499997378637243
593.4750000000005,20.205895738805676,41.82158621328762,7.7852771668679335,22.784886507160067
593.5000000000006,20.205895738805676,41.82158621328762,7.500266101690228,22.485924231063134
593.5250000000005,20.588587475122317,42.347329456978656,7.500026944059799,22.342415545813502
593.5500000000005,20.588587475122317,42.347329456978656,7.595380974353963,21.742163414239954
593.5750000000005,20.821172476405764,42.65378413100928,16.07979543207969,66.00412384516369
593.6000000000005,20.821172476405764,42.65378413100928,7.617288452483379,23.08297791796592
593.6250000000006,21.11564164565915,42.9776630608316,22.20989965475112,96.10873761047314
593.6500000000005,21.11564164565915,42.9776630608316,22.43275676823111,97.16242173770176
593.6750000000005,21.337162515334786,43.20787088878576,22.12784004096687,95.64004899237406
593.7000000000005,21.337162515334786,43.20787088878576,22.49938689352021,97.49699954579286
593.7250000000005,21.5227937751434,43.42072614410639,22.50003731477829,97.49937051539588
593.7500000000006,21.5227937751434,43.42072614410639,26.41211309508681,48.73208226326281
593.7750000000005,21.760085027660043,43.7072953562055,26.119758897691113,47.50530264298303
593.8000000000005,21.760085027660043,43.7072953562055,26.44276806990351,47.503432043677584
593.8250000000005,21.95126198921417,43.98676846679258,26.015683453148732,47.65054944004914
593.8500000000005,21.95126198921417,43.98676846679258,27.772837348401676,47.71225866398295
593.8750000000006,22.066967548840665,44.21328182785137,27.502111267330932,47.50199414879365
593.9000000000005,22.066967548840665,44.21328182785137,22.706827375754322,47.50019462640197
593.9250000000005,22.123744792289543,44.38490000867719,27.499972558172725,47.51288303778494
593.9500000000005,22.123744792289543,44.38490000867719,27.1858062870367,47.50000176440104
593.9750000000005,22.19420563321005,44.55278340334333,27.34834371912005,47.500030746187605
594.0000000000006,22.19420563321005,44.55278340334333,27.43764752702749,47.5000026888329
594.0250000000005,22.314883270494168,44.76212592710551,27.448962511482897,47.5000000814748
594.0500000000005,22.314883270494168,44.76212592710551,27.47451378803725,47.50000001504047
594.0750000000005,22.427190008793424,45.03138353118757,27.49136537526881,47.50000000040668
594.1000000000005,22.427190008793424,45.03138353118757,22.919350843742684,47.499999994326295
594.1250000000006,22.61069644095611,45.35621057872503,22.50169557801412,47.49999999724637
594.1500000000005,22.61069644095611,45.35621057872503,22.501873274244236,47.49999999327897
594.1750000000005,22.75885276354588,45.638093165555176,22.500001761465406,47.499999999999474
594.2000000000005,22.75885276354588,45.638093165555176,22.500074852195652,47.49999999975511
594.2250000000005,22.900802855307308,45.88927943815786,22.502182010374437,47.499999998122206
594.2500000000006,22.900802855307308,45.88927943815786,22.50002888102553,47.4999999874165
594.2750000000005,23.1033440235666,46.22080955017894,22.799835451618154,47.49999444181884
594.3000000000005,23.1033440235666,46.22080955017894,23.260487139212266,47.499820481385996
594.3250000000005,23.31073626485222,46.4505978763964,27.148045109245743,47.49976184851687
594.3500000000005,23.31073626485222,46.4505978763964,27.499996130888647,47.49999990706694
594.3750000000006,23.483358342571144,46.695076119950016,27.500032849823633,47.500028047426525
594.4000000000005,23.483358342571144,46.695076119950016,27.500446957534148,47.50044505433328
594.4250000000005,23.62025440431333,46.85056078226052,27.508542390268047,47.50843165633639
594.4500000000005,23.62025440431333,46.85056078226052,27.502413985144962,47.50213887946089
594.4750000000005,23.80967850165046,47.08979516626619,27.497624943531417,47.49596551606912
594.5000000000006,23.80967850165046,47.08979516626619,28.349977148360132,47.15205555676655
594.5250000000005,24.00950702652255,47.40374559653333,22.877760339644027,38.130111839682485
594.5500000000005,24.00950702652255,47.40374559653333,42.49814789896053,62.473068146736026
594.5750000000005,24.209823955458944,47.63634389275919,42.346730802463696,62.319306903203305
594.6000000000005,24.209823955458944,47.63634389275919,42.42037913349231,62.395621370126975
594.6250000000006,24.531006643129,47.93940898464884,42.40614580303687,62.42288740783832
594.6500000000005,24.531006643129,47.93940898464884,22.72902825880386,47.670507848547736
594.6750000000005,24.892599455345326,48.230030530234,22.89622046305126,47.73776437423054
594.7000000000005,24.892599455345326,48.230030530234,22.505290575238234,47.502650232594725
594.7250000000005,25.33855824829496,48.56986772728258,43.96732861778543,59.856867169024675
594.7500000000006,25.33855824829496,48.56986772728258,27.749742003385006,47.68730598070909
594.7750000000005,25.62748046865945,48.801947126159504,27.50002898142727,47.49999639269016
594.8000000000005,25.62748046865945,48.801947126159504,27.52114692437558,47.51586337500678
594.8250000000005,26.091649297623714,49.19051504205639,28.353670722756135,48.14025260660697
594.8500000000005,26.091649297623714,49.19051504205639,27.78079400209517,47.710595498777046
594.8750000000006,26.448697115174863,49.50500665203621,28.56221623822003,48.29666217819058
594.9000000000005,26.448697115174863,49.50500665203621,28.04086540091955,47.90564889787709
594.9250000000005,26.634708159357668,49.7657336898519,27.599439915667553,47.57457612366673
594.9500000000005,26.634708159357668,49.7657336898519,39.092330503147956,56.1819471353877
594.9750000000005,26.728245619402774,49.874347174756885,47.248654502342475,62.3130285097631
595.0000000000006,26.728245619402774,49.874347174756885,44.44392574014946,60.20790772619539
595.0250000000005,26.79543541560907,49.94702810287753,47.230529416010384,62.30265555308988
595.0500000000005,26.79543541560907,49.94702810287753,25.72472100952847,47.663408097622586
595.0750000000005,26.85013177340568,49.994715880296894,22.564155963844094,47.50000003520854
595.1000000000005,26.85013177340568,49.994715880296894,23.251708342034032,47.49999996230074
595.1250000000006,26.901576592450084,50.03061931013904,22.724750610103733,47.50000032822005
595.1500000000005,26.901576592450084,50.03061931013904,24.437562416632524,47.50010994610987
595.1750000000005,26.96240769842108,50.06138990093445,22.557672990493604,47.4922210578428
595.2000000000005,26.96240769842108,50.06138990093445,24.056487554340023,47.499752717789555
595.2250000000005,27.056643653981748,50.109445343697615,27.282416414354437,47.49998105305389
595.2500000000006,27.056643653981748,50.109445343697615,23.123835261486654,47.463270909833014
595.2750000000005,27.20172085961153,50.17690400153623,27.49925477895091,42.95895413816291
595.3000000000005,27.20172085961153,50.17690400153623,27.500070199694044,43.0641502316962
595.3250000000005,27.43286400095383,50.245909982723205,27.80301758066898,47.62120532038702
595.3500000000005,27.43286400095383,50.245909982723205,52.226986243633725,57.390795885149856
595.3750000000006,27.667098387882465,50.30498276860433,28.71501729033711,47.966172589456335
595.4000000000005,27.667098387882465,50.30498276860433,44.55098436432235,54.43497073578412
595.4250000000005,27.94106767730524,50.38058163173511,27.60886496930116,47.67566661132927
595.4500000000005,27.94106767730524,50.38058163173511,27.504199051262454,47.60540815803803
595.4750000000005,28.274320806002457,50.42527579561641,27.568800700001816,47.85379273707445
595.5000000000006,28.274320806002457,50.42527579561641,27.550467097196773,47.598396406420385
595.5250000000005,28.58070250144528,50.41882523495392,22.52651716466609,47.49979045610608
595.5500000000005,28.58070250144528,50.41882523495392,22.50020619959201,47.50000023797002
595.5750000000005,28.77618696105057,50.41326486534805,22.500010548259016,47.50000336368748
595.6000000000005,28.77618696105057,50.41326486534805,22.502668175133362,47.50064974554538
595.6250000000006,29.059180846275712,50.3791706233518,22.504271894509277,47.50125230060505
595.6500000000005,29.059180846275712,50.3791706233518,23.470866920798322,47.79663331833136
595.6750000000005,29.38802083702573,50.36815180593332,52.07901690932632,57.33760429001913
595.7000000000005,29.38802083702573,50.36815180593332,52.411932265433215,57.46998652379255
595.7250000000005,29.637787412067617,50.384245956543424,52.49136847510673,57.49522815897777
595.7500000000006,29.637787412067617,50.384245956543424,52.49987171805009,57.49986510410383
595.7750000000005,29.749308075184626,50.40734606465372,52.49999690488044,57.49999822849224
595.8000000000005,29.749308075184626,50.40734606465372,52.499996587232715,57.49999768399561
595.8250000000005,29.870141532693907,50.43274363696415,52.25693592649011,57.40529660070358
595.8500000000005,29.870141532693907,50.43274363696415,38.6683971989293,52.80187193953084
595.8750000000006,30.04131797949958,50.47709396830962,28.922136397233963,49.63569876828968
595.9000000000005,30.04131797949958,50.47709396830962,26.5897592977941,48.76840423395935
595.9250000000005,30.298845082698296,50.53693896109001,26.924446430982886,47.541604679083626
595.9500000000005,30.298845082698296,50.53693896109001,27.171600898020802,47.52998522987444
595.9750000000005,30.646024568918385,50.591278280611085,25.156587025771643,47.5317624007434
596.0000000000006,30.646024568918385,50.591278280611085,27.501794356147283,47.50073578969848
596.0250000000005,31.164816533791356,50.76287477330437,26.37338405943418,41.4626004105904
596.0500000000005,31.164816533791356,50.76287477330437,27.588795583122334,47.31180456384052
596.0750000000005,31.649792416131984,50.95631710405607,26.612496099231493,38.368262906094735
596.1000000000005,31.649792416131984,50.95631710405607,28.7785565027788,47.90186997428
596.1250000000006,31.96253374410719,51.19807300408287,28.23211417163512,47.74066007604397
596.1500000000005,31.96253374410719,51.19807300408287,48.98708069378621,56.09427597431604
596.1750000000005,32.218157091990456,51.38617185987603,39.03733630095828,52.11135496908214
596.2000000000005,32.218157091990456,51.38617185987603,42.62603336778615,53.53095704109218
596.2250000000005,32.39449185928164,51.5511777229653,52.06889887317836,57.32731230726541
596.2500000000006,32.39449185928164,51.5511777229653,52.48920943790146,57.49548432604482
596.2750000000005,32.50114048675621,51.67309282430325,53.51903627471948,55.855694524767166
596.3000000000005,32.50114048675621,51.67309282430325,49.950076119514904,56.250068488669235
596.3250000000005,32.58625572601036,51.82500381229936,62.43289136257476,47.565977861974915
596.3500000000005,32.58625572601036,51.82500381229936,62.485691649314944,47.51411089562894
596.3750000000006,32.696586494576515,52.05654531753182,62.49993450986965,47.500002844039116
596.4000000000005,32.696586494576515,52.05654531753182,62.499989122634865,47.500000161529094
596.4250000000005,32.77449841564339,52.24435288703344,62.49998500070755,47.50001466947388
596.4500000000005,32.77449841564339,52.24435288703344,58.35034165823063,50.63183279115831
596.4750000000005,32.87860647964475,52.47893517669156,45.537368271530944,62.33518953009357
596.5000000000006,32.87860647964475,52.47893517669156,47.22359202643159,62.447291137725955
596.5250000000005,32.922015998060466,52.77538526341829,47.06605610900319,61.95566325807464
596.5500000000005,32.922015998060466,52.77538526341829,44.8058533644011,60.660310459320705
596.5750000000005,32.93967022983742,53.136762383660695,46.090759226456264,62.01982739791214
596.6000000000005,32.93967022983742,53.136762383660695,29.525341587148816,49.048509334686415
596.6250000000006,32.87831718708137,53.58339955178521,39.267360188579794,56.325423255609664
596.6500000000005,32.87831718708137,53.58339955178521,41.14552070485002,57.73410626842796
596.6750000000005,32.72993193453613,54.11093172076836,30.04352051820954,49.407639332299134
596.7000000000005,32.72993193453613,54.11093172076836,27.50504786035559,47.50378588657415
596.7250000000005,32.63331245181786,54.78419679783018,27.50000012011117,47.50000009003882
596.7500000000006,32.63331245181786,54.78419679783018,27.500386933414216,47.500290174485094
596.7750000000005,32.59366966594462,55.48931113420144,27.50000730724718,47.50000548029433
596.8000000000005,32.59366966594462,55.48931113420144,27.503412762948937,47.50255668604873
596.8250000000005,32.569295976245805,56.26860916524716,27.500219113443517,47.500163553631566
596.8500000000005,32.569295976245805,56.26860916524716,28.051090071202335,47.7858106667308
596.8750000000006,32.52781989587944,57.03724507208717,27.572207801667854,47.553848328884776
596.9000000000005,32.52781989587944,57.03724507208717,28.15205318865624,47.986546595706045
596.9250000000005,32.54385887713842,57.772645996056646,27.710990693885343,47.65657629597731
596.9500000000005,32.54385887713842,57.772645996056646,38.625683167308594,55.77970962784842
596.9750000000005,32.38008279627622,58.57582708719681,47.50015477112439,62.4991405610956
597.0000000000006,32.38008279627622,58.57582708719681,47.48929316183924,62.49138985551223
597.0250000000005,32.41897785693757,59.35631439196406,47.49887555572202,62.49914393710042
597.0500000000005,32.41897785693757,59.35631439196406,47.49942426176225,62.499568222626074
597.0750000000005,32.50847643830608,59.93793152288512,46.38688498305043,61.674384307020965
597.1000000000005,32.50847643830608,59.93793152288512,47.49579402221355,62.49686184334462
597.1250000000006,32.61329462314185,60.67859485009456,47.493530164217404,62.495289900670805
597.1500000000005,32.61329462314185,60.67859485009456,47.41029061416591,62.43269103380182
597.1750000000005,32.69690682642473,61.44937829520345,31.829164477505632,50.74671213867974
597.2000000000005,32.69690682642473,61.44937829520345,27.54807932819097,47.5360551687208
597.2250000000005,32.75344296713687,62.18653148197686,27.50000275406013,47.50000208038913
597.2500000000006,32.75344296713687,62.18653148197686,27.500005514539062,47.50000255737241
597.2750000000005,32.706340485947216,62.83002262475325,27.50048105357436,47.50025804921866
597.3000000000005,32.706340485947216,62.83002262475325,27.544329602045615,47.525301637755796
597.3250000000005,32.70952655741334,63.3869063340708,46.964898825288564,62.04000492111176
597.3500000000005,32.70952655741334,63.3869063340708,41.07649953071379,56.70425213690822
597.3750000000006,32.78448558896027,63.96273031017071,28.543545162919152,48.25133100832032
597.4000000000005,32.78448558896027,63.96273031017071,46.95013846811276,62.048774502480235
597.4250000000005,32.85954612915947,64.37953989410987,47.47737785284128,62.48303054483144
597.4500000000005,32.85954612915947,64.37953989410987,46.808945992347056,61.981675867084356
597.4750000000005,33.00054246821944,64.72491082452619,47.4977952818746,62.50387586356223
597.5000000000006,33.00054246821944,64.72491082452619,47.49999689591106,62.500002932241074
597.5250000000005,33.11346767777619,65.0622122957206,47.49991412556466,62.50016332037805
597.5500000000005,33.11346767777619,65.0622122957206,47.49924922543823,62.50095432514914
597.5750000000005,33.25115623537844,65.41022631561248,47.467932145711075,62.54148429099428
597.6000000000005,33.25115623537844,65.41022631561248,47.49998593430331,62.50003524934854
597.6250000000006,33.41473976764245,65.97451612361554,47.50001424314858,62.499986016428984
597.6500000000005,33.41473976764245,65.97451612361554,47.519754673060696,62.97960411257048
597.6750000000005,33.60120269742239,66.43481222363995,47.48293686189123,77.33440466885791
597.7000000000005,33.60120269742239,66.43481222363995,42.507599728317295,77.4781948620516
597.7250000000005,33.838094129288415,66.93926500371526,42.72655107520953,76.82096927169188
597.7500000000006,33.838094129288415,66.93926500371526,47.48896234516981,62.61790596043122
597.7750000000005,34.05957466515058,67.57640168169938,46.68303846326485,64.95895720049234
597.8000000000005,34.05957466515058,67.57640168169938,46.8885392598705,64.35286584376362
597.8250000000005,34.17203012023146,68.0068615736183,47.47997090405887,62.561048798940156
597.8500000000005,34.17203012023146,68.0068615736183,43.251783556964845,75.15424619868517
597.8750000000006,34.262442898130686,68.62671729524983,42.51692295076418,77.44920780104188
597.9000000000005,34.262442898130686,68.62671729524983,47.406258310441046,62.78121915018399
597.9250000000005,34.30565577092246,69.25909656383178,47.498616333653636,62.5041291534177
597.9500000000005,34.30565577092246,69.25909656383178,47.48875631961285,62.51119518792467
597.9750000000005,34.35516994357333,69.86124107064572,45.905433677399365,64.40891700366976
598.0000000000006,34.35516994357333,69.86124107064572,43.00322347961767,75.25512133858234
598.0250000000005,34.39988245917416,70.32466112630479,42.765629699223034,64.6239028751831
598.0500000000005,34.39988245917416,70.32466112630479,43.77907270465896,59.727986398460615
598.0750000000005,34.419251331835504,70.88265546614763,47.398497407198356,62.43703673794571
598.1000000000005,34.419251331835504,70.88265546614763,47.34006589629628,62.97988158460789
598.1250000000006,34.41315168241168,71.3119451958736,47.492988355717046,62.522018896414544
598.1500000000005,34.41315168241168,71.3119451958736,42.507315357237275,77.47879097677283
598.1750000000005,34.41781322500531,71.68653063330339,42.50014361157489,77.50027259967281
598.2000000000005,34.41781322500531,71.68653063330339,42.50007046591587,77.49991584660972
598.2250000000005,34.35654881914286,72.14820692578218,42.50170287150103,77.503395066027
598.2500000000006,34.35654881914286,72.14820692578218,42.50006086098023,77.50012039284518
598.2750000000005,34.383000030632225,72.61588106346511,43.6501627857391,78.66335344130114
598.3000000000005,34.383000030632225,72.61588106346511,42.52894465290232,77.53318253098809
598.3250000000005,34.51773079098581,73.12692550331545,42.50137662201278,77.50010394476008
598.3500000000005,34.51773079098581,73.12692550331545,47.3669472757591,77.49975119922289
598.3750000000006,34.68978198773627,73.76635954573545,42.591503236281945,77.59512343824198
598.4000000000005,34.68978198773627,73.76635954573545,47.391965325636036,82.18811292468018
598.4250000000005,34.89205480577398,74.26676557496246,47.24273751735501,81.98729174212916
598.4500000000005,34.89205480577398,74.26676557496246,45.550201996071465,80.53823036758115
598.4750000000005,35.13581295070776,74.73995923860856,47.03726751849726,79.47924432402691
598.5000000000006,35.13581295070776,74.73995923860856,47.45827599155886,81.63520392749308
598.5250000000005,35.42686390436521,75.22458603865077,43.76213864512697,77.76646359459481
598.5500000000005,35.42686390436521,75.22458603865077,42.64931883908321,77.64932049760768
598.5750000000005,35.824567953819866,75.89393533342563,46.83588115030415,81.84644256212611
598.6000000000005,35.824567953819866,75.89393533342563,42.500096673902455,77.50009667032515
598.6250000000006,36.17273119527463,76.56338942201842,42.50000000018595,77.50000000035647
598.6500000000005,36.17273119527463,76.56338942201842,42.500000000001414,77.50000000000271
598.6750000000005,36.69278510708905,77.22116051481227,42.4999854184732,77.50001093630338
598.7000000000005,36.69278510708905,77.22116051481227,42.50000012461172,77.50000024872914
598.7250000000005,37.317247385511976,77.91993116143901,42.50004072165315,77.50008145129448
598.7500000000006,37.317247385511976,77.91993116143901,42.50001214546909,77.50002445309916
598.7750000000005,37.878362706460464,78.7826328524844,42.50646491970633,77.51300013973938
598.8000000000005,37.878362706460464,78.7826328524844,43.97177149985149,80.44354403319855
598.8250000000005,38.542398105752525,79.70576976769019,42.502957972389765,77.50591593601091
598.8500000000005,38.542398105752525,79.70576976769019,47.499999998613006,87.50000000026847
598.8750000000006,39.39120380031797,80.50202338192672,47.49999999976946,87.49999949761695
598.9000000000005,39.39120380031797,80.50202338192672,47.49999999335671,87.49999999781082
598.9250000000005,40.22360942760621,81.09583953729042,47.49999999939525,87.49999999879601
598.9500000000005,40.22360942760621,81.09583953729042,47.49999999179208,87.50000000042674
598.9750000000005,41.06121862010371,81.57869335060082,47.4999769822515,87.49995861869743
599.0000000000006,41.06121862010371,81.57869335060082,47.49997711372364,87.49995422760672
599.0250000000005,41.97168833938051,81.93280578888267,46.263863149441704,85.02773910977977
599.0500000000005,41.97168833938051,81.93280578888267,42.54076964239067,77.58199017983786
599.0750000000005,43.03849203434243,82.2300876145977,42.502902066623086,77.50601046321044
599.1000000000005,43.03849203434243,82.2300876145977,42.5000000000253,77.50000000053676
599.1250000000006,44.08271222143959,82.4128984005775,42.49996181271319,77.50019415412733
599.1500000000005,44.08271222143959,82.4128984005775,42.58847004659844,77.53554737862072
599.1750000000005,45.12990054657035,82.89922705698487,58.02848020794289,83.1469215586702
599.2000000000005,45.12990054657035,82.89922705698487,95.83909020884695,96.88839878191152
599.2250000000005,46.00546940021819,83.38345194799037,97.4986105650171,95.23541030217582
599.2500000000006,46.00546940021819,83.38345194799037,97.49999066325105,97.49805066231283
599.2750000000005,46.73756429092244,83.98890368753098,97.37052813692932,93.89655438786855
599.3000000000005,46.73756429092244,83.98890368753098,47.65302626544532,87.53051713638402
599.3250000000005,47.43315700945786,84.59044070242795,47.500000069621194,87.49976665490065
599.3500000000005,47.43315700945786,84.59044070242795,47.499999995638646,87.49999939968706
599.3750000000006,48.14266215640649,85.2242705392183,47.499999892298085,87.49999998466205
599.4000000000005,48.14266215640649,85.2242705392183,47.49988683072673,87.50001724602762
599.4250000000005,48.69930907295888,85.72569826071678,47.500000033558365,87.49971957931818
599.4500000000005,48.69930907295888,85.72569826071678,47.499999994584,87.47013921710938
599.4750000000005,49.21876434442491,86.34693734695075,47.49999067647338,87.49972312241887
599.5000000000006,49.21876434442491,86.34693734695075,47.49844333391813,87.50052494869247
599.5250000000005,49.54099334775288,86.91589383308023,45.73083558988198,87.29875223668476
599.5500000000005,49.54099334775288,86.91589383308023,34.443779989318955,92.01888596236219
599.5750000000005,49.780476650336034,87.51565354024193,22.571714316301442,96.4410640422049
599.6000000000005,49.780476650336034,87.51565354024193,23.394577328320725,92.67359900570692
599.6250000000006,49.97021842656514,88.04503446913536,23.2675296408114,93.76870861149766
599.6500000000005,49.97021842656514,88.04503446913536,44.714588876468476,88.05724537083677
599.6750000000005,50.07187597466258,88.60299277525108,47.49052604812394,87.5018422321886
599.7000000000005,50.07187597466258,88.60299277525108,47.35162630431622,87.52451650655627
599.7250000000005,50.16349744147234,89.22171601281643,47.49979164754658,87.49958386436951
599.7500000000006,50.16349744147234,89.22171601281643,43.670854806504735,79.84170424165207
599.7750000000005,50.22334648596035,89.6465143876218,47.48993123206514,87.47994637689237
599.8000000000005,50.22334648596035,89.6465143876218,47.48831315210405,87.47746378757941
599.8250000000005,50.36044580622308,90.13623299389172,47.44198543159165,87.3960636224573
599.8500000000005,50.36044580622308,90.13623299389172,47.38209166606399,87.52339677848818
599.8750000000006,50.52863259257471,90.64048652081118,47.47062512502254,87.47177847524443
599.9000000000005,50.52863259257471,90.64048652081118,44.080710133856975,80.81586404906523
599.9250000000005,50.66132706675853,91.21448368537438,22.51076877611938,92.49860790979729
599.9500000000005,50.66132706675853,91.21448368537438,23.093244123770585,92.40191808082663
599.9750000000005,50.66132706675853,91.21448368537438,22.502107982819215,92.49985783139772
600.0000000000006,50.66132706675853,91.21448368537438,22.88757493095799,92.42266146277069
