time,true,pred
420.3,3.1601965161012373,3.5724793627144886
420.35,3.364613384642496,3.932683746800579
420.4,3.49156730635994,4.106091088478599
420.4500000000001,3.4463338883252845,4.1103950888353245
420.5,3.292243140866887,4.139454200272938
420.55,3.2139462099495972,4.497274798121468
420.6,3.2363462995176633,4.624958904181666
420.65,3.2464761144518235,4.747109458704791
420.7000000000001,3.175680777521322,4.6216659466308485
420.75,3.3237192806825533,4.521637251692763
420.8,3.391647916845457,4.460687569212594
420.85,3.4641300389674825,4.5630117141052
420.9,3.6679003480492014,4.50785875864666
420.9500000000001,3.876914697427395,4.683472928902937
421.0,4.021784482696916,4.619337632688667
421.05,4.155187923635722,4.685807401742448
421.1,4.241904167001493,4.893791531872228
421.15,4.330551662293118,4.8675692153026215
421.2000000000001,4.377190001831579,4.863142326476225
421.25,4.252738422569621,5.103369603611547
421.3,4.0684498250063825,4.924539008407601
421.35,4.029427346493961,4.929882033354742
421.4,3.82548543237516,5.041350019345034
421.4500000000001,3.7736361403546823,5.3780234257041215
421.5,3.744952244845777,5.434987443447551
421.55,3.57954351709796,5.314371607401683
421.6,3.2645838945959014,5.013959970695684
421.65,2.9158451057074757,4.391560453813465
421.7000000000001,2.5022661769130394,4.34682449348872
421.75,2.099078178305433,4.223809977939365
421.8,1.8287707046234942,4.219821061581684
421.85,1.7851246003034618,4.173028864254019
421.9,1.898678289044696,4.79280353098573
421.9500000000001,2.0605675305356357,4.654894716257599
422.0,2.248928535357436,4.581122204050824
422.05,2.4217310705072776,4.3590512477154615
422.1,2.535713466608442,4.912872283771999
422.15,2.6446092400557006,4.919582872927065
422.2000000000001,2.7254759212879947,5.338819519190463
422.25,2.798283565300281,4.828485804103935
422.3,2.7622241325820767,4.682277332030423
422.35,2.7264097279566784,4.182351167046393
422.4,2.745078040496125,4.647399721099043
422.4500000000001,2.858845334850301,4.788067121895226
422.5,3.0004103502228645,4.244225027508269
422.55,3.1081611849179183,4.180757046045291
422.6,3.2154813775919564,4.687522916718151
422.65,3.3762475545325543,5.238073330736472
422.7000000000001,3.256546015079479,4.989392533401922
422.75,3.0611605923260754,5.359772409189885
422.8,2.915009891817107,5.073850406213501
422.85,2.9258798503648364,5.103232338658156
422.9,2.877453267972058,4.832991497450795
422.9500000000001,2.861275162307038,4.811125469296585
423.0,2.6139805120675987,4.9152825850757225
423.05,2.506250821173623,4.852346869179135
423.1,2.646483749864686,5.056869366729325
423.15,2.7972587582717665,4.943714180352358
423.2000000000001,2.988026446127833,4.601887238452127
423.25,3.190030620850763,4.623335630064416
423.3,3.3979147184570735,4.90293749341786
423.35,3.6475816125382465,4.886273697201784
423.4,3.875243528463116,5.08693865749322
423.4500000000001,4.083685848558645,5.097412713026054
423.5,4.213699701748126,5.233207391766424
423.55,4.363345178218523,5.2493870707892025
423.6,4.5160490929574735,5.3101151845929
423.65,4.676038945446095,5.319035906804157
423.7000000000001,4.753922527549236,5.371620370565991
423.75,4.813681333365281,5.566530006837789
423.8,4.904533013384764,5.6291999208704215
423.85,5.008340397064643,5.636438732366023
423.9,5.137849199635113,5.577518903059402
423.9500000000001,5.25175313996364,5.320772176188828
424.0,5.378222467726204,5.261258259241989
424.05,5.458356178026605,5.185041467669087
424.1,5.460542769697113,5.0775822828230055
424.15,5.3769751524974225,5.495367560768345
424.2000000000001,5.264355340997554,5.365333274447231
424.25,5.146402633761795,5.2163672779777155
424.3,5.045031132136259,5.618838773757344
424.35,4.827497428727838,5.794483319534661
424.4,4.562399645780161,5.584076246603525
424.4500000000001,4.421762324386805,5.727915844662464
424.5,4.278219806221898,5.7955646529758065
424.55,4.209162614489202,5.837935351803142
424.6,4.164436445310258,5.9548684761871264
424.65,3.974350178960435,6.754445162675398
424.7000000000001,3.882786533650517,6.309553831735919
424.75,3.824983539020522,5.7931636605062655
424.8,3.727568426760243,5.657071991696064
424.85,3.6232746064818,6.058815925257411
424.9,3.7124068044657577,6.061953443549576
424.9500000000001,3.877476510751194,8.301711880392494
425.0,4.046780116069016,7.96687748578206
425.05,4.2220406132518775,8.484980038222435
425.1,4.393295405250953,8.80016129530911
425.15,4.4055646203116225,9.395915758118205
425.2000000000001,4.285850544919882,9.486229675479075
425.25,4.029335934409005,9.573022634067076
425.3,3.929735817201305,9.59586515589493
425.35,3.798307499610047,9.363097629943322
425.4,3.5815225921860048,6.991176964478724
425.4500000000001,3.409820364669315,6.920845944495117
425.5,3.3362376192626044,6.779942954394491
425.55,3.289083487260058,7.109651139407876
425.6,3.3045705375438956,7.298425355761623
425.65,3.339710173772943,6.059672287084993
425.7000000000001,3.373083528947177,5.832706693899459
425.75,3.4718461539825967,5.820099415620974
425.8,3.556433414971238,6.015272804963829
425.85,3.7150344275462004,5.127438002033057
425.9,3.8853088223696375,6.34359511660816
425.9500000000001,3.958448374158678,6.421761426449201
426.0,4.076103637198642,6.98674474031344
426.05,4.261391293092444,8.71545092910706
426.1,3.7491990800844905,8.345863526235776
426.15,3.267994016159201,8.058338359118649
426.2000000000001,2.8852188605078,4.1366999805334235
426.25,2.568362034570765,4.241626426989657
426.3,2.1646621004597537,4.161581518138479
426.35,2.059890294213261,3.956792960457627
426.4,1.921210169904199,3.7881823100998337
426.4500000000001,1.8830733940417703,4.210971552149078
426.5,1.826118132249672,4.062487973959688
426.55,1.865104042849997,4.120459497665654
426.6,1.8775534899329127,4.15974716292414
426.65,1.8762944749667343,3.2070991773590265
426.7000000000001,1.8607951171740689,3.350966202443033
426.75,1.9491837510062595,3.099589296158514
426.8,2.14609569036124,3.099589296158514
426.85,2.262826357009744,3.1453624624162684
426.9,2.382485467414296,3.1866373434948176
426.9500000000001,2.2773231903324564,3.434104548325101
427.0,2.133751484106248,3.344447576987729
427.05,2.059081546262442,3.320344660261079
427.1,2.1864754872913186,3.305417712907818
427.15,2.249992609385661,3.4292385510678827
427.2000000000001,2.1752462563867647,3.599360929535251
427.25,2.0128501188509897,3.4369311659034296
427.3,1.7836271506115984,3.477576108050771
427.35,1.863596084301924,3.5065440374301784
427.4,1.930471070489044,3.3005821745314567
427.4500000000001,1.8830255731894272,3.1745428133514717
427.5,1.8779684885541372,3.280869526904878
427.55,1.8371362018148565,3.506951114125126
427.6,1.7198782427865478,3.547708907969069
427.65,1.7065980978402135,3.6267001621967854
427.7000000000001,1.695437742979451,3.636242523491627
427.75,1.736584987961071,3.5768699960564567
427.8,2.011064742540256,3.5955866610151945
427.85,2.2488468192149726,3.8331247991656436
427.9,2.4636709660996825,3.649640775354361
427.9500000000001,2.733479082753957,4.197083260607569
428.0,2.8874227814362308,3.9693142899445504
428.05,3.0402859828521303,4.58740065066167
428.1,2.9527248983084333,5.178838753057752
428.15,2.7146967910705464,5.103141059239673
428.2000000000001,2.4842983296561294,5.041477770069291
428.25,2.454358702927708,5.4484406147274385
428.3,2.4980997940133696,5.520093420043447
428.35,2.458206006306898,5.564773148600325
428.4,2.5299309754752053,5.432172352530484
428.4500000000001,2.5276027224004216,5.465424823958607
428.5,2.4969062545513823,5.419557816776561
428.55,2.4487946887095857,5.335994468650133
428.6,2.3607654362489217,5.503025181431166
428.65,2.117682363490932,6.021746290242711
428.7000000000001,1.8221074805620556,4.240805029379425
428.75,1.8550199462547097,3.823384556906815
428.8,1.9225959651674376,3.784928792557947
428.85,2.172659653898644,3.773776277624413
428.9,2.412786790954049,3.807352255759851
428.9500000000001,2.745853276303989,3.806596575336243
429.0,2.989258285770702,3.9575409043658905
429.05,3.3127939175251164,3.870671880268791
429.1,3.634782998134831,4.805163103337376
429.15,3.878687243848965,4.765495240409618
429.2000000000001,4.102785825445474,4.85689601118862
429.25,4.213623853026374,4.94669649647365
429.3,4.333545043674894,4.985585612294259
429.35,4.457035122060792,5.091888338669351
429.4,4.561077636255711,5.147118451005873
429.4500000000001,4.691597845484281,5.1325520096125725
429.5,4.720103140578649,5.163745132611346
429.55,4.739846867638132,5.062306154245315
429.6,4.796439140026358,5.099331456127736
429.65,4.830133602029847,5.1053380774434505
429.7000000000001,4.7620176920386585,5.235656562631788
429.75,4.664618229927906,5.335518579198199
429.8,4.603283092051655,5.307453941495151
429.85,4.453837292439486,5.307453941495151
429.9,4.443430409854352,5.299243130675498
429.9500000000001,4.341446272896194,5.147676904247181
430.0,4.251003957684693,5.059795868612242
430.05,4.1256597144805855,5.008045492690157
430.1,3.999051843132014,5.033394472590919
430.15,3.810965100512202,5.021862527567067
430.2000000000001,3.659575059318538,4.820836880028162
430.25,3.5347252438723644,5.195893918365411
430.3,3.3343168604423323,5.29026999809325
430.35,2.928467469077203,5.070101737001622
430.4,2.5266603881360234,4.932847780235866
430.4500000000001,2.298774959317344,5.042758130284864
430.5,2.2307119520937992,5.032443477721302
430.55,2.237139630972328,5.093186192304448
430.6,2.1679325333722463,5.166165480880676
430.65,2.1732893266618927,5.081863553756813
430.7000000000001,2.4197821227072134,5.078869895527414
430.75,2.60639454320631,4.987029802725574
430.8,2.8277817960531397,4.972977340231237
430.85,3.054229081002249,4.822894815610844
430.9,3.2394202335597715,4.943495939781104
430.9500000000001,3.267104047647916,5.021473001904255
431.0,3.2849927411686237,4.994139975120053
431.05,3.3905619227477035,5.041670397303675
431.1,3.532872855582399,5.109117748115819
431.15,3.746364470534525,5.123492904362305
431.2000000000001,3.9470109483863527,5.0951577820950344
431.25,4.1995373852957565,4.954406704104385
431.3,4.449438269913094,4.7687452234652765
431.35,4.674544720147232,4.713113831562427
431.4,4.826866408265169,4.755249880306622
431.4500000000001,4.873586770977991,4.758667308869346
431.5,4.925658150706817,4.728545193162059
431.55,4.919840203361506,4.71774876344537
431.6,4.891932598718447,4.719244645855261
431.65,4.801790482090754,4.773104708991365
431.7000000000001,4.643016137103239,4.858012544293567
431.75,4.261902797739498,4.946316144756007
431.8,3.9549483686335054,4.871175148853332
431.85,3.815760673410407,4.808753229359329
431.9,3.7839100285591982,4.938666576451735
431.9500000000001,3.8171099830365423,4.75905324825384
432.0,3.8498646746031207,4.188360354129702
432.05,3.880785270132587,4.142213932152085
432.1,3.999803246145047,3.9826147356436103
432.15,4.123012489248611,4.029865507839616
432.2000000000001,4.129608217838771,4.150881139251322
432.25,4.293715460133933,4.15559401780984
432.3,4.43310591380635,4.305449065856442
432.35,4.462218366318122,4.097873620945048
432.4,4.4058086863301815,4.103977147877197
432.4500000000001,4.521518387187473,4.227566108296697
432.5,4.736070472931982,4.161761952327401
432.55,4.911724972056003,5.0370007505612735
432.6,4.887098326105132,5.325214867195019
432.65,4.920846590344407,5.403156922465837
432.7000000000001,4.873558158858889,5.357205053453692
432.75,4.824827058723454,5.219314034850438
432.8,4.852566224158063,5.699766512792644
432.85,5.213326468533244,5.868134175423357
432.9,5.459452422102375,5.817260796764538
432.9500000000001,5.588408622414434,6.093858922714557
433.0,5.7585157721960645,4.648622912571086
433.05,5.862628473779816,4.839913259765519
433.1,5.843426312059888,4.926258769422998
433.15,5.857918745706477,4.696757970435389
433.2000000000001,5.901319349624949,5.620469904922702
433.25,5.968403076209489,5.744479664833026
433.3,6.112287079536681,5.807221192013639
433.35,6.286756599683349,8.874082579527935
433.4,6.522442004743175,8.842593021631146
433.4500000000001,6.890077715044464,8.610139866415443
433.5,7.286738979420813,8.74889980389967
433.55,7.585495836346902,8.757684895539624
433.6,8.042119001782035,8.816655478203353
433.65,8.54611937833952,8.880510636383473
433.7000000000001,8.986327387138118,10.29888476032587
433.75,9.328457620400412,10.302544738722366
433.8,9.481208769502729,10.251060952774472
433.85,9.592841613283904,9.211401093593429
433.9,9.765642078909378,9.46390568146105
433.9500000000001,10.09855581957604,8.83537562070663
434.0,10.561958234462612,8.754415504483239
434.05,11.029736646682666,12.164996692817724
434.1,11.49979724227374,12.003509099912016
434.15,12.004661174418011,12.161373903812638
434.2000000000001,12.308022963679512,11.908386769442311
434.25,12.42569652070236,8.672329718161691
434.3,12.626249914553847,9.077577918905797
434.35,12.936574966485695,8.962128200324718
434.4,13.127437139182256,9.335419982129897
434.4500000000001,13.143350648766097,7.292493199773427
434.5,13.074628338621109,10.086185860663406
434.55,12.882183463923823,9.86997913626363
434.6,12.637595687945067,6.22975162210557
434.65,12.44218678151042,6.856238316879704
434.7000000000001,12.313326053566657,8.180495634840524
434.75,12.189216217809744,8.734882727702933
434.8,12.061602270033813,9.04594351701181
434.85,11.975737477001012,8.592311985253254
434.9,11.992739315843352,8.168063297068823
434.9500000000001,11.974583071000456,8.022711837539525
435.0,11.964900742098031,10.988366857279738
435.05,11.978681638238688,10.828743405920777
435.1,11.995422176088065,10.770072748462603
435.15,11.9998567039451,11.416353751164438
435.2000000000001,11.989122317150803,10.067579536595927
435.25,11.965102320108436,8.662406432432121
435.3,11.971528896671764,9.194351914504146
435.35,11.99072347871175,8.963687675397619
435.4,12.016970752231702,8.877056038303005
435.4500000000001,11.987266420855608,10.135264939149915
435.5,11.868161097954602,9.993270022471167
435.55,11.716866157825596,9.833079639376281
435.6,11.529481163297426,9.952395082224003
435.65,11.323575084665418,9.766964603502913
435.7000000000001,11.082508753445076,10.044197998001703
435.75,10.928932228601193,9.476580783705874
435.8,10.835575321588331,8.915686198132086
435.85,10.740295159901954,9.001435820460022
435.9,10.629860310732129,8.247489060032086
435.9500000000001,10.690991888799116,7.139033375865032
436.0,10.9429740496587,7.628867464216726
436.05,11.217917039493392,7.070247160297815
436.1,10.574003099149602,7.759539226031275
436.15,9.97425060161447,7.324083986077534
436.2000000000001,9.304327491223182,6.221575514398303
436.25,8.628258249020286,6.186208815732969
436.3,8.125116222855858,7.164578348072497
436.35,7.57110144414051,6.5277057824632045
436.4,7.013834571485809,5.695639463887265
436.4500000000001,6.487424879563809,5.648428927320473
436.5,6.011037719938598,5.212822512541075
436.55,5.542890372062232,5.075681159946928
436.6,5.214573510073574,5.007413336774199
436.65,5.157212971527719,5.088935119912461
436.7000000000001,5.055389432209344,4.239808091896022
436.75,4.953559228561837,4.158197603030617
436.8,4.840468124438132,4.500669442934923
436.85,4.669455925511894,4.440149384938472
436.9,4.588339128292691,4.444064778543477
436.9500000000001,4.548434057634741,4.448923175950529
437.0,4.424982511533299,6.215941127234612
437.05,4.168473186617367,6.289445228824408
437.1,4.048535031837471,6.514385790623855
437.15,4.069329247597612,6.279466190122942
437.2000000000001,3.9471823250282743,4.888391417191319
437.25,3.8818980352518233,4.863896483062952
437.3,3.723871328564881,4.9025582170061135
437.35,3.780017910638146,5.879106463613088
437.4,3.908749551249589,5.930046608027391
437.4500000000001,4.043780467335059,5.915964783703592
437.5,4.0637707515003045,6.51949549667036
437.55,3.971599835581839,6.38783569273457
437.6,3.889366893427075,6.115220678820826
437.65,3.822072898540321,6.464581410711788
437.7000000000001,3.703228010368647,6.349233861349702
437.75,3.6623507263966735,6.493007788821047
437.8,3.6292060406431377,5.63397339119114
437.85,3.583602540351017,5.701246276419446
437.9,3.360767371193437,5.535229962566668
437.9500000000001,3.284448314988712,5.628892988221358
438.0,3.094678366300728,5.866391119496557
438.05,3.0542166888670264,5.857694099245386
438.1,2.975492185536868,5.9986655492806005
438.15,3.0102934345830628,5.818925954980092
438.2000000000001,3.0658917119195843,5.868289028494392
438.25,3.2573613127771504,5.922631306748034
438.3,3.4151235709737957,6.012821896775771
438.35,3.582393722140299,5.837793266384017
438.4,3.716412365597139,6.225160303391164
438.4500000000001,3.819614713046717,5.903278523281728
438.5,3.9505453737891534,5.237840692544507
438.55,4.146800217698173,5.230257071003652
438.6,4.320195792816928,5.392973400050538
438.65,4.4674157762966455,5.089852858333075
438.7000000000001,4.616091381948105,5.05252293444766
438.75,4.8019533701484365,5.128246174935388
438.8,4.868173765426895,5.586460916307706
438.85,4.7793896829455695,4.481468106641505
438.9,4.625910090817306,6.524652221233906
438.9500000000001,4.548854128064408,6.80808517623722
439.0,4.474422810790992,6.844479670117718
439.05,4.425235427856603,6.802221187352569
439.1,4.326688286367942,6.86980977349165
439.15,4.219622965797512,6.0727848066294055
439.2000000000001,4.027345486475044,5.810828609765866
439.25,3.810418759436676,5.984938616276719
439.3,3.4354309634412994,6.121808908906169
439.35,3.2976802924635207,6.052460264590227
439.4,3.1976037964003856,6.081723421548982
439.4500000000001,3.196691319493402,6.487497040360954
439.5,3.1596189158402863,6.739752960911813
439.55,3.2212570202135877,6.218941251174092
439.6,3.33295209840644,6.335206375843618
439.65,3.2569579338926173,6.192991996291268
439.7000000000001,3.321895892120868,6.331291221052948
439.75,3.431952668055024,6.231282731134455
439.8,3.5944024309374614,5.751068363374373
439.85,3.8192847183916494,5.7398181921391
439.9,3.985194521309861,5.5625362232775135
439.9500000000001,4.148897730019672,5.551743066972632
440.0,4.251441225511075,5.693665118516257
440.05,4.3256683453016,5.734316547470895
440.1,4.420546864328352,5.66449390185837
440.15,4.5289332327748575,5.9531229950346445
440.2000000000001,4.585778815421769,5.557837442221588
440.25,4.662006349335276,5.748878297788898
440.3,4.759200262102879,6.161066054760521
440.35,4.869369651988635,5.813513152207317
440.4,4.960359067377851,5.300649139173675
440.4500000000001,5.040478700314115,5.464294553998598
440.5,5.140315077241264,5.346935141257531
440.55,5.322341138497212,6.131796125537836
440.6,5.500011303261112,5.849836535382609
440.65,5.66450235714227,5.931842977041255
440.7000000000001,5.8075714039293045,5.9608551274396175
440.75,5.969454684606461,5.679755057202072
440.8,6.090663664193396,5.3324571522508935
440.85,6.18613321610433,5.427631747034644
440.9,6.26120357650867,5.2860903766318295
440.9500000000001,6.349848780682028,5.343725888156264
441.0,6.445321284830201,5.403159478683328
441.05,6.54052696482002,5.481074457522655
441.1,6.631912218218367,5.926572140444105
441.15,6.718564766498597,5.4764309005452825
441.2000000000001,6.808355739140147,5.63760316789226
441.25,6.895282277873728,5.470801823102828
441.3,7.017421641904218,5.118474293836826
441.35,7.252849389033705,5.462884196726662
441.4,7.516774484038019,5.300245905610621
441.4500000000001,7.777150716367435,4.916134302012601
441.5,8.141324337285399,5.364054863385824
441.55,8.303922689140725,5.070669710049067
441.6,8.437656955982304,6.565254427826932
441.65,8.524431132891461,6.538330058780962
441.7000000000001,8.460255208373313,6.519514892236287
441.75,8.409732811927654,5.352402852225874
441.8,8.436814717089684,5.808605895516145
441.85,8.412108988197922,5.279971158192032
441.9,8.38772869523973,5.247753549731886
441.9500000000001,7.812901730409931,8.517225797259188
442.0,6.65390243721362,9.146182303811734
442.05,5.636130905416667,7.2020838123456095
442.1,4.371199341479868,7.419205717691852
442.15,3.521467050805542,7.990216700083917
442.2000000000001,2.6644731349024218,6.286925956406239
442.25,2.094638177844561,5.893990589256699
442.3,1.3935361185082211,6.51258921406253
442.35,0.8706608021466593,6.0232001212545665
442.4,0.3828106307916242,5.8063545660899845
442.4500000000001,0.0077033054792965,6.059327578556807
442.5,0.2058587880363276,4.010842311323291
442.55,1.5232129551241962,3.6870610228390337
442.6,2.359459223326057,3.6842771721927754
442.65,2.9940635222784624,3.7084467650884996
442.7000000000001,3.5523093732281645,3.77079701309539
442.75,4.002309822401448,4.8925942037050945
442.8,4.395983151395813,4.624720517273827
442.85,4.781983654414006,5.561163936030006
442.9,5.102763356997299,5.6419719844063785
442.9500000000001,5.446565116712216,5.38430019575532
443.0,5.694731907774261,5.284871136240013
443.05,5.921961327369107,5.203912729622341
443.1,6.083677255453476,4.923351759800878
443.15,6.229678921941292,5.204664475068828
443.2000000000001,6.361590086747761,5.971032640325448
443.25,6.500176264806397,5.49250924403238
443.3,6.598548462108524,6.161882227935853
443.35,6.615561709078823,6.1724035588651915
443.4,6.653255487142628,6.017020408371397
443.4500000000001,6.640233606216979,6.14660450755271
443.5,6.672994491661442,6.677206895834286
443.55,6.69957167875951,6.806601803795302
443.6,6.700587245135073,6.764924716563325
443.65,6.652546754523564,6.928493134036106
443.7000000000001,6.615430005147749,6.785322979293171
443.75,6.487943977686693,6.074473946768153
443.8,6.360069338657119,6.172988142402674
443.85,6.247735957286783,5.428949502482073
443.9,6.211005928209333,5.445144783879448
443.9500000000001,6.308267612767613,5.470577465724936
444.0,6.456115533518117,5.518054474624909
444.05,6.594965759703199,5.927563523347767
444.1,6.746033975622535,7.433327110367261
444.15,6.885020170586385,7.5443131147916525
444.2000000000001,7.076392854583856,7.493463864364986
444.25,7.334149457966902,6.979874269218737
444.3,7.684579518500834,7.095286657498414
444.35,8.044978817005896,7.92590808749652
444.4,8.357587375681122,7.8951603774469845
444.4500000000001,8.599278141907583,7.369515604953858
444.5,8.888264985539788,7.365955104722879
444.55,9.20193548398562,7.3759946521007365
444.6,9.45484265408126,7.417966537224252
444.65,9.598836825432778,7.957173250084305
444.7000000000001,9.855185884014071,7.9492990126706085
444.75,10.10892911792212,7.843155576736366
444.8,10.284575554132052,7.656155205714022
444.85,10.454367135502084,7.683479426235896
444.9,10.627905609184904,7.634553301095386
444.9500000000001,10.767388321512406,7.625023071031287
445.0,10.89656986262582,7.45977928756574
445.05,11.018771413620566,7.390992173794672
445.1,11.173441576764445,6.597530834583608
445.15,11.291701415200375,6.635688151684224
445.2000000000001,11.409933405339864,6.4922426875565975
445.25,11.67886127368788,6.702329066582939
445.3,12.053448792544378,6.779776246109394
445.35,12.383385047034322,6.198520226973281
445.4,12.742902669113892,6.023031968431813
445.4500000000001,12.9932647656903,6.108131099077617
445.5,13.313418137147298,6.0922196697273785
445.55,13.73062366955155,7.066098289019879
445.6,14.158440275000364,8.970664991644291
445.65,14.61270362045884,9.557220853474774
445.7000000000001,15.126551754862492,10.328021853474223
445.75,15.544391977722391,12.791820720933453
445.8,15.909558602391536,10.86904242668099
445.85,16.259300961899942,11.727408049504035
445.9,16.64250484335691,12.49699322638013
445.9500000000001,16.89965139768468,14.431257103653122
446.0,17.024446132270658,12.941958629867646
446.05,17.23439417582097,13.100187473946203
446.1,17.569573316712667,13.01631544265706
446.15,18.010413807297095,13.99544525462525
446.2000000000001,18.511277825322267,13.572242756491754
446.25,19.01449134626975,10.907123476592822
446.3,19.2804220445713,10.579171032131478
446.35,19.53492757781388,10.43155177541711
446.4,19.866756172261628,15.378660306311447
446.4500000000001,20.210803282487294,15.252619581313027
446.5,20.619708345211794,14.75281252211225
446.55,21.00095602500901,14.634911508936845
446.6,21.35981695847301,14.617708888118939
446.65,21.65277132351393,14.539870705219494
446.7000000000001,21.935940452185974,14.469229994704166
446.75,22.16320783211868,14.616559027249112
446.8,22.41622401582095,14.617097918030279
446.85,22.77662235164494,14.732626154864882
446.9,23.191834999744604,14.07063348382541
446.9500000000001,23.34273334643742,21.538902462716287
447.0,23.477319182795075,21.568226203198314
447.05,23.547762633438463,21.64700777471343
447.1,23.60113684049878,22.893397743385535
447.15,23.61995907050759,22.891873202102975
447.2000000000001,23.629405025740898,22.118541480358285
447.25,23.64684274584256,22.067633341656155
447.3,23.68520896158597,22.088078634590293
447.35,23.732470105316978,22.188513064772664
447.4,23.78188054632423,22.118715112301267
447.4500000000001,23.85368799068424,22.078437172111094
447.5,23.919181022969475,25.983602273080514
447.55,23.95775443715155,26.23586310804369
447.6,23.97856852481754,26.235633531950256
447.65,23.959151344842955,26.26308260409089
447.7000000000001,23.885294235921293,26.084624239118693
447.75,23.88304024296099,26.06387015565219
447.8,23.91585188243525,26.32746164160208
447.85,24.015638075035294,26.321029322655228
447.9,24.0187187691677,26.015847154257685
447.9500000000001,23.67239012085364,25.91327046499775
448.0,23.19317679251584,25.38699477728626
448.05,22.718411683426854,25.59065115844403
448.1,22.252440063446286,25.195200750938383
448.15,21.891874682759045,25.816409900543423
448.2000000000001,21.54440405180667,18.02195692294421
448.25,21.327039926357656,17.446184056328274
448.3,21.09655555626929,17.099501063067347
448.35,20.86984246258844,17.63694153212924
448.4,20.68365199027778,19.305372856085963
448.4500000000001,20.43392951056385,19.227431503651015
448.5,20.07641174364794,18.80219676137577
448.55,19.878487269085426,18.62201997058782
448.6,19.62890332521138,19.718567257388752
448.65,19.304653862221265,19.756255648524633
448.7000000000001,18.86958762646447,19.36542014281503
448.75,18.44214857699541,16.62082524947911
448.8,17.72290595980401,16.25060404402112
448.85,16.78868276453679,12.716077497606385
448.9,15.902791263939353,12.324247697164154
448.9500000000001,15.13537359391955,10.845456628084362
449.0,14.465297791011473,10.5431710635368
449.05,13.852620190112152,10.251474537201041
449.1,13.210215849574425,9.889801598192957
449.15,12.714494680112626,10.295906669067563
449.2000000000001,12.221003556206886,10.494110898139972
449.25,11.700448997373725,10.92397195216456
449.3,11.268948566371058,10.163889441328177
449.35,10.714821521009496,9.049851665906237
449.4,10.228971665997204,10.667004564152938
449.4500000000001,9.681253169114273,10.899987546634504
449.5,9.152713559239752,10.762269773866494
449.55,8.78757797631924,12.286490828640515
449.6,8.417900518306332,8.928487071292288
449.65,8.03102614541461,8.196577309382635
449.7000000000001,7.646493397044865,6.455523061156915
449.75,7.323320065689046,4.789529541158685
449.8,7.078583815416689,4.412458020809764
449.85,6.930761053101432,6.293813842203502
449.9,6.713214102559426,5.02781967660603
449.9500000000001,6.616749600020571,5.76469276225205
450.0,6.495054742016178,5.517638351943557
450.05,6.334964262153932,5.334904866274477
450.1,6.289941400164036,5.441516304246115
450.15,6.237381583974866,5.418949726031403
450.2000000000001,6.233032127495858,4.453905134899402
450.25,6.12008410676906,4.494026220512784
450.3,6.070384410667669,4.293173885478103
450.35,6.113030978821991,4.251673468773174
450.4,6.20492623037571,4.207622732886017
450.4500000000001,6.327093567703606,4.267565117798506
450.5,6.450374045044106,4.652322340619635
450.55,6.559098830600635,4.656680632667467
450.6,6.680439672689426,4.652207972379474
450.65,6.859130606911087,4.498526156720712
450.7000000000001,7.05068478776173,4.516234724985508
450.75,7.289473674975763,5.145816227033939
450.8,7.591192090606559,5.397810799616038
450.85,7.821078815773477,5.22372192009515
450.9,7.932837662837105,5.155372808995668
450.9500000000001,8.192119396389273,5.10911927751184
451.0,8.647124717164594,5.101465614307614
451.05,9.299414067924909,5.584581055125837
451.1,9.91386666774727,5.841565185541982
451.15,10.305059664450228,6.940118614641734
451.2000000000001,10.732937325473678,7.94321297991901
451.25,11.08692971846936,8.481401228720701
451.3,11.459812401619352,9.815098799284987
451.35,11.810749556372372,9.88101914540363
451.4,11.170549526029813,9.854261340094062
451.4500000000001,10.61951070778285,9.868366603354273
451.5,10.067559167668165,9.602544929895835
451.55,9.480129487604511,9.682986976329131
451.6,9.050384203038911,11.209456381608504
451.65,8.67367525026095,10.024795679504527
451.7000000000001,8.306512587331822,11.133901414477846
451.75,8.027956995894613,10.650782594301974
451.8,7.86586362123788,9.759818498933237
451.85,7.750353671469753,9.164143138273225
451.9,7.672557336378312,8.688579266463337
451.9500000000001,7.547281797301409,9.951759050247292
452.0,7.472919757775809,8.618904417921955
452.05,7.322460523184154,8.74598309178998
452.1,7.061617103908055,8.79366550968945
452.15,6.789334452579437,9.181821866983416
452.2000000000001,6.455233327455382,9.094164099602235
452.25,6.062887322640758,8.45675960774437
452.3,5.705700064825521,8.159537023526203
452.35,5.431465044893314,7.093699678300482
452.4,5.053375091461641,9.284537020637636
452.4500000000001,4.618041245479197,9.13586633984868
452.5,4.16343327716474,9.480513980034068
452.55,4.066704550526973,9.860298586032142
452.6,3.954333040188192,8.804609904293477
452.65,3.787194687232916,8.620288802483794
452.7000000000001,3.5471351264187394,8.584957633493428
452.75,3.540375261862777,8.554876648959263
452.8,3.5502870888914453,8.742918292322942
452.85,3.637313707729673,7.941340619189243
452.9,3.752773636869572,7.6564657870813315
452.9500000000001,3.7843832757083695,7.832765609206063
453.0,3.9078612430997146,7.41102208428639
453.05,4.104077419430316,7.456367017965954
453.1,4.209454303834643,7.443700427580543
453.15,4.338341523770076,7.8461253076138355
453.2000000000001,4.540023922100152,7.316421185970313
453.25,4.727579763388409,7.222315541506779
453.3,4.859412855575951,6.255314309651086
453.35,4.924648699814726,5.495218310218429
453.4,4.944183328593457,6.910682319917412
453.4500000000001,4.950724398575081,4.695535045832014
453.5,4.953021970652821,4.985679337264878
453.55,4.927046589721982,4.976161570422373
453.6,4.87475131047138,4.868833069175016
453.65,4.888136926878685,5.355425921348617
453.7000000000001,4.908201797176102,4.972330905535716
453.75,4.942309876164671,4.878077655371084
453.8,5.004542079813995,4.862024050316562
453.85,4.969889034179554,5.346605908722946
453.9,4.7567548030989455,5.266717649321473
453.9500000000001,4.535999637685051,5.348523023151806
454.0,4.323515467873319,5.404658210706039
454.05,4.105286862399405,5.28953978254592
454.1,3.869590402593576,5.152136509720815
454.15,3.6915338211092297,5.255767208910794
454.2000000000001,3.5667967157371736,4.58938272248746
454.25,3.568877669844936,5.009217551113321
454.3,3.686809030004487,5.212970479639246
454.35,3.7180800937989753,6.261118786698263
454.4,3.6056014457253514,6.334234413817641
454.4500000000001,3.632244095564876,6.2139875921264895
454.5,3.7064531005704566,6.22609681127811
454.55,3.781077762415524,6.9068015464459735
454.6,3.8775272647073913,7.068743919142134
454.65,4.133271634205137,7.2159998085659645
454.7000000000001,4.360396063963503,6.94947135707651
454.75,4.485413739198233,7.245149034703547
454.8,4.588244660383836,7.274541095322068
454.85,4.639704116079178,7.563154727116649
454.9,4.657172743466282,7.428376774409364
454.9500000000001,4.784737480746388,6.773177591822283
455.0,4.885924470724519,6.5068113254731905
455.05,5.081499417001681,6.235071734415561
455.1,5.238894345038922,6.41687363319332
455.15,5.336992520187373,6.5669835441438
455.2000000000001,5.408512315015165,6.371331511791929
455.25,5.403275719749915,5.70216967471526
455.3,5.394200115930251,6.0645546155275305
455.35,5.392615138503085,6.240414591163807
455.4,5.247628583985692,6.558243250432814
455.4500000000001,5.190749720620525,6.795229460416791
455.5,5.065826411772558,6.856882736955576
455.55,5.051608530779532,7.072138948992297
455.6,4.992199476436227,6.645714126884542
455.65,4.922206951431179,6.519702160528904
455.7000000000001,4.866969692951902,7.352686804258923
455.75,4.7931695248255535,6.076848923397846
455.8,4.780722435987485,6.315617437244562
455.85,4.643966173146312,6.417537610291367
455.9,4.410075779504036,6.10227523311562
455.9500000000001,4.157880222918782,6.529134588043925
456.0,4.1219400437531,6.280886693427038
456.05,3.9997516721645954,6.13432479313769
456.1,3.980540260613593,6.108857846140073
456.15,4.042786310030788,6.007093509214821
456.2000000000001,4.134951549139846,5.801874752127646
456.25,4.248243853309265,5.50879859074529
456.3,4.334605396454887,5.482479600668082
456.35,4.332888739268348,5.199336558396641
456.4,4.291397594135845,5.446756944170817
456.4500000000001,4.386781898164734,5.433329212043918
456.5,4.577673180421379,5.464868542510719
456.55,4.749854845299264,5.480707208682986
456.6,4.965709769184441,5.240509570709562
456.65,5.245139820806932,5.082029846794665
456.7000000000001,5.518463914451929,6.083578180547454
456.75,5.890409720186367,4.76035845769712
456.8,6.179940094985998,3.8690680557333406
456.85,6.412007809372441,3.805652219626593
456.9,6.592479587911735,3.8344119596735236
456.9500000000001,6.24737378216976,3.9135167866884286
457.0,5.943664369942404,3.95702554474053
457.05,5.739924837771339,3.949438560440928
457.1,5.433147484615387,4.326911278011283
457.15,5.077665014938609,4.340372254229773
457.2000000000001,4.8475020843007925,4.1528130544886945
457.25,4.765856958005301,4.149678466402865
457.3,4.683801770074116,4.105182466482246
457.35,4.60252435067888,4.105182466482246
457.4,4.55191749273951,4.065225661216245
457.4500000000001,4.493858302020783,4.543512930852497
457.5,4.610277983306647,4.561269599044368
457.55,4.692402250528077,4.570154288257532
457.6,4.766515888688668,4.578582430882268
457.65,4.797077510951153,4.565738682165213
457.7000000000001,4.865917307110719,4.580407924539324
457.75,4.991900043896466,4.6151088378609355
457.8,5.100795332257945,4.569851527869175
457.85,5.143864039071366,4.6713809707676095
457.9,5.198425464735667,4.511657075786115
457.9500000000001,5.270847149921369,4.620682285658239
458.0,5.313209494317172,4.935649477011494
458.05,5.343194652625689,4.94525970820855
458.1,5.342968830288639,5.057996719907773
458.15,5.340903857720665,5.291230446672948
458.2000000000001,5.269629704301423,5.860506141590634
458.25,5.151880641323918,5.2947282493455035
458.3,5.075832859574393,5.380050463641997
458.35,4.945117653228483,5.465810738735772
458.4,4.824732052544032,5.264677076798762
458.4500000000001,4.731384330476798,7.1884932969811075
458.5,4.682360375698041,7.693581506623318
458.55,4.683651501607685,7.2235243989941615
458.6,4.599629450088576,7.431838491618978
458.65,4.49178343204238,7.854873522668384
458.7000000000001,4.370744557655492,7.731444376859954
458.75,4.198000241159088,8.032717917525504
458.8,4.136676937857499,7.528243171323923
458.85,4.190475864263661,7.86694641142849
458.9,4.278611250092037,7.633935101561727
458.9500000000001,4.4090807433078725,7.650611555309255
459.0,4.578549829089885,7.680299916967825
459.05,4.6482736122954,7.526919771666439
459.1,4.700495949179982,7.010252587438621
459.15,4.789490612739416,7.288292078129464
459.2000000000001,4.785136803958262,7.550533045885437
459.25,4.74444759889668,7.737854864540873
459.3,4.683008833773108,7.895924608186649
459.35,4.644071777793344,7.8815669390716
459.4,4.579134036952318,7.96646015361934
459.4500000000001,4.5983276346374256,4.914371811596038
459.5,4.618039684207476,4.928293233439807
459.55,4.645910216156569,4.901903841753
459.6,4.727323891425743,5.046935308883245
459.65,4.809336961865986,5.080933377119537
459.7000000000001,4.928687127281465,5.142473684746748
459.75,5.104706829543157,6.34896864850293
459.8,5.312604821615786,6.977878144142148
459.85,5.515416821362723,7.668832764770084
459.9,5.74130682040457,7.623763104211423
459.9500000000001,5.985350896771351,7.933866973477214
460.0,6.218231402730992,7.998170114453953
460.05,6.506290563999316,7.830190712815897
460.1,6.814342222266732,8.291372859817379
460.15,7.112019540635663,7.390816277949114
460.2000000000001,7.404934976010827,7.601031265957021
460.25,7.564174874014477,7.681596883832359
460.3,7.729573670153762,8.185185516951027
460.35,7.880517435123615,8.158075232725512
460.4,8.014327230752045,7.934173583842007
460.4500000000001,8.147896908820822,8.230201907540419
460.5,8.257575881216276,8.126332371754197
460.55,8.388430786041095,8.44456763854548
460.6,8.547599617674814,8.239928915971525
460.65,8.621155112902336,8.578238953788931
460.7000000000001,8.736392058585967,8.615982499661305
460.75,8.864242738925258,8.631115337345273
460.8,9.038641028470485,8.802112717861151
460.85,9.17233145406552,8.917495947297486
460.9,9.345495195278415,8.657218959872877
460.9500000000001,9.499333483245294,8.516044312256978
461.0,9.652680703907247,7.525914596634141
461.05,9.77055577705095,7.554756911292213
461.1,9.902139583441556,7.004030642052894
461.15,10.08871044735492,7.459952980354062
461.2000000000001,10.4274591069375,7.3800883836412
461.25,10.819143349278946,7.533221218600077
461.3,11.29553099713612,7.51973214421678
461.35,11.850271396449916,7.094099760750697
461.4,12.363757341858104,8.03522615117007
461.4500000000001,12.967514786379237,6.919969192191655
461.5,13.66292430576506,6.767852444007718
461.55,14.391444780012185,7.3447565477357895
461.6,15.08139611933328,7.997987634686369
461.65,15.646898990495686,8.067310544839398
461.7000000000001,16.265845906598614,8.183763641571195
461.75,16.685654309718853,8.135747977616333
461.8,17.084024480205702,9.15798545258037
461.85,17.54212509020402,9.543102151600497
461.9,17.8985959659952,9.661044363703882
461.9500000000001,18.25427023995428,12.77433465808866
462.0,18.501353897746565,12.8106443252852
462.05,18.791327506777066,13.147252357652931
462.1,19.11895787209829,12.8914182098068
462.15,19.405173257735388,12.972374338405382
462.2000000000001,19.694374363962265,12.534957010943598
462.25,20.009433229367147,12.146351857168256
462.3,20.235901949671955,13.325651174658073
462.35,20.58979009845413,11.60653245770535
462.4,21.06821680957749,11.308703335821205
462.4500000000001,21.599405594963464,10.65665276793668
462.5,22.04942688458483,10.885992691422882
462.55,22.46493298787909,11.025992992209678
462.6,22.86181860779112,10.864554724895106
462.65,23.198024926965186,11.14608417139534
462.7000000000001,23.52060452463533,11.568565114861407
462.75,23.71163352789764,12.79573896505313
462.8,23.88084445195017,13.733219296578056
462.85,24.13566360392021,13.185451435116242
462.9,24.49199611728588,18.351940545851992
462.9500000000001,24.979404736198337,18.14609653508917
463.0,25.43646527027826,18.70119070934827
463.05,25.834893847393875,18.340873918070805
463.1,26.313423184431056,18.52955847960433
463.15,26.836639679528705,26.80623615731524
463.2000000000001,27.12324536330654,26.890226034459104
463.25,27.35839574605609,27.300263666437644
463.3,27.42614842732606,26.954991547210962
463.35,27.30825030828109,26.98417725099229
463.4,27.15063942767062,27.187970195839316
463.4500000000001,26.953122034734307,26.468030568587196
463.5,26.823832948412583,26.546562048063752
463.55,26.72554107574752,26.490802308179653
463.6,26.643962104927404,26.619820706594556
463.65,26.50107947834442,26.482198568013832
463.7000000000001,26.418049498775453,26.550149655023965
463.75,26.38159929733845,26.842959308083667
463.8,26.33586545543346,26.822431354813656
463.85,26.27460604844245,26.58232973065229
463.9,26.19556670150404,28.622679905038666
463.9500000000001,26.06545767195445,28.48040779496745
464.0,25.952813286399508,30.467342929268547
464.05,25.784902767350854,30.788200778676465
464.1,25.59483652863129,30.66855363208033
464.15,25.38378842379666,30.488152483484214
464.2000000000001,25.180923673311344,29.7678140368943
464.25,25.07509006337221,30.939698913708625
464.3,25.02274923583192,29.700640865924488
464.35,24.984019319482893,30.165991404443368
464.4,24.937668522568146,30.48228567031268
464.4500000000001,24.915398998947676,30.14733546558797
464.5,24.90482710878276,30.12362153495565
464.55,24.897837485117183,30.22558866847862
464.6,24.89391920045051,27.30605851835518
464.65,24.8902872168182,27.174449588475312
464.7000000000001,24.88920638716045,26.84826373416123
464.75,24.8846117766496,26.60787004437402
464.8,24.88787384662588,26.534267758961164
464.85,24.897237290418783,26.640509369684207
464.9,24.975238462752603,26.62102408277578
464.9500000000001,25.03415115751037,23.691864552814973
465.0,25.0894139065509,22.94452456829192
465.05,24.96328042272244,23.379786132647954
465.1,24.757866533748167,24.146266895882704
465.15,24.5241407007812,24.89360116526599
465.2000000000001,24.14170836086667,27.49395921393368
465.25,23.827629230724327,26.050765607512798
465.3,23.3717627335564,15.079990438148405
465.35,22.979869490215428,14.187878314276015
465.4,22.500973305042024,14.19711467879546
465.4500000000001,22.01946312997994,14.246416057522342
465.5,21.55431497584616,14.78529029169642
465.55,21.253818946974228,15.523050865389003
465.6,21.046262885121124,15.59500436069656
465.65,20.77111900031933,14.739400908347452
465.7000000000001,20.456098254472423,15.459474224448716
465.75,20.154718294477085,15.019462275095831
465.8,19.899600087165147,16.01615112700102
465.85,19.594376089608183,16.3652388857896
465.9,19.348448055835416,23.314993056387173
465.9500000000001,19.076110720144555,26.38192212928712
466.0,18.7342761903679,26.60779030387238
466.05,18.46481190008012,13.498657465474913
466.1,18.244307087840784,13.793608996828448
466.15,18.051743125628363,13.949880100593226
466.2000000000001,17.87183707389319,13.807995889037459
466.25,17.613389336451192,13.642166896012577
466.3,17.316797871272207,13.832833625929839
466.35,16.665445453922274,11.476768538593532
466.4,15.91732508724036,11.529119397859487
466.4500000000001,15.229911041922117,11.233024771520233
466.5,14.501405541022333,13.746629365812447
466.55,13.61284433999854,13.5467775378878
466.6,12.859314270331836,14.451681148051032
466.65,12.181619737248973,14.482325208756176
466.7000000000001,11.473033034623697,14.781002016315902
466.75,10.78578631565981,14.43212950322482
466.8,10.181175722067968,14.025560013458557
466.85,9.698304439641936,14.294312039982536
466.9,9.177196541200376,14.416516237680344
466.9500000000001,8.753295361853283,14.101041901678448
467.0,8.251410372287143,14.110876986778653
467.05,7.701829528912624,15.305274143802505
467.1,7.321679709938063,8.850899897558087
467.15,7.063643657780245,8.491900700913831
467.2000000000001,6.864859500139824,11.239090011723567
467.25,6.680253955857538,11.612403595527278
467.3,6.55800883953763,13.231507807274436
467.35,6.510435588482707,13.790441624838872
467.4,6.5431719846588186,13.660874629718325
467.4500000000001,6.587478530713326,13.540565230904493
467.5,6.641067529628366,14.714309523605055
467.55,6.48765072809159,15.095412622534962
467.6,6.2133922646946464,10.505053411901383
467.65,5.874809190157192,6.706333030623971
467.7000000000001,5.39026662399684,6.657619229474466
467.75,5.042097222276606,6.444386782662147
467.8,4.8267693917238175,6.877157661878084
467.85,4.726354590045146,6.741599953838946
467.9,4.607981620811115,6.661563249099429
467.9500000000001,4.442430954233385,6.745349073754671
468.0,4.150316076599668,9.170378112780591
468.05,3.882515695216528,6.761995147666852
468.1,3.633629291819028,6.78601644136771
468.15,3.5562839807347366,6.487348220073504
468.2000000000001,3.4664542620509167,6.3166335024492035
468.25,3.598837931575103,6.177735545210596
468.3,3.5926718135375943,6.1533450209058715
468.35,3.6170006639926697,6.574744529700399
468.4,3.5082482443897804,6.749579233575369
468.4500000000001,3.367831369073939,6.556915734938759
468.5,3.2443986923261003,6.793299847245639
468.55,3.0471005955982315,6.781067296200258
468.6,2.967178464886783,5.967262516921749
468.65,2.949416836638647,5.942399931495186
468.7000000000001,2.998407380852236,5.2379524153157595
468.75,3.177820532116057,5.717987346912372
468.8,3.3355697064833363,5.334210052218658
468.85,3.503585631513956,5.397522032352645
468.9,3.3996522054031564,5.583862672822004
468.9500000000001,3.225829625855672,5.425895738257826
469.0,3.179644279378371,5.677996917935502
469.05,3.2335366716602185,4.999223750159659
469.1,3.228475077775461,5.196883378443365
469.15,3.204672486523501,5.107071771899461
469.2000000000001,3.123780311872704,6.07811650807574
469.25,2.9836378743431555,6.223170850347126
469.3,3.063513677705184,6.327621016475764
469.35,3.1491234762327536,5.66159089582163
469.4,3.236709280181133,5.532489775792219
469.4500000000001,3.313490637868058,5.149341323575806
469.5,3.2960106114288346,5.324655377311238
469.55,3.342085240827026,4.915763187092582
469.6,3.412597483660387,4.8804893850321065
469.65,3.400024638057828,4.925729767636549
469.7000000000001,3.3725500540091145,5.322999289346637
469.75,3.241367927290479,5.109240228909798
469.8,3.273114578674669,4.8918732770459625
469.85,3.2357390047312,4.630662797264956
469.9,3.2611093951019408,4.498244470467922
469.9500000000001,3.3158346534552225,3.997763924789086
470.0,3.208012672843577,3.9918892033148556
470.05,3.2264140243029065,4.068094005641657
470.1,3.3997165620894165,4.985597633779409
470.15,3.58956033441278,5.038764313131502
470.2000000000001,3.781570917709357,5.0570009947206875
470.25,3.848042367305281,4.966910047551944
470.3,3.811953907168808,4.796036230731088
470.35,3.6696690643401015,4.742577558995887
470.4,3.5925232337015096,4.791900358931278
470.4500000000001,3.455702618428937,4.751868855280882
470.5,3.4148898383764283,5.0045678886472595
470.55,3.5145073379996514,4.946618503069833
470.6,3.549632714800445,4.971526533961305
470.65,3.6075427626137393,5.177028270168568
470.7000000000001,3.652291264668106,4.94647808751964
470.75,3.7070656769914967,4.975253379081689
470.8,3.5592053295803616,4.863778835889201
470.85,3.427781673032744,5.234810120771682
470.9,3.354189264698749,5.231122573406242
470.9500000000001,3.443768565351884,4.79945062751194
471.0,3.4651467098729487,4.6514577628419165
471.05,3.4738583076217333,9.461437301662361
471.1,3.4655826877605738,8.95223244020762
471.15,3.433938395534585,8.897334300648758
471.2000000000001,3.466664463456258,8.527852056419945
471.25,3.5392317791007177,6.664123748008259
471.3,3.435850575139447,6.913268370396683
471.35,3.2265133748907973,8.276494922553677
471.4,3.118880700605936,8.79420469053666
471.4500000000001,3.136834122392354,8.985134040132122
471.5,3.113949834400432,9.410160543602718
471.55,3.1818917499590547,7.744134303329592
471.6,3.228202900264145,8.136701705104361
471.65,3.2583893484920536,5.626780076149954
471.7000000000001,3.31561852192045,5.919426056160372
471.75,3.5374663422985906,5.936501820207733
471.8,3.6845290141450473,6.100644981304813
471.85,3.849138516615111,5.196613631813056
471.9,3.9826399355863815,5.280903669879977
471.9500000000001,4.021553443551718,5.479199813236143
472.0,4.148373344799667,5.653188136139204
472.05,4.255237567483953,6.584566972909665
472.1,4.51063276882028,6.46408795570228
472.15,4.769845888959956,6.279688266835853
472.2000000000001,4.931780526413527,6.290199992004445
472.25,5.104806353036437,5.268290615671512
472.3,5.328962834141273,5.256852633334612
472.35,5.528805387201636,5.373232891315222
472.4,5.710867123304164,5.556936949839682
472.4500000000001,5.867632260695813,5.77081334472669
472.5,6.025943425931435,5.597319953603654
472.55,6.064568589486782,5.456757050256634
472.6,6.278579617313168,5.481450072762687
472.65,6.35874226816169,5.324693223915379
472.7000000000001,6.215741980473965,5.900144008137031
472.75,6.059350850223901,7.301471875338303
472.8,5.838752756250866,7.387817064755078
472.85,5.588718757343882,5.291347679618484
472.9,5.445844555120437,8.374898648604475
472.9500000000001,5.364665716785029,8.497911992117546
473.0,5.155046010435407,5.1986173688717265
473.05,4.8642650045016085,5.270461238938979
473.1,4.665233034262722,5.814476946161391
473.15,4.478197350240749,4.9284493334856565
473.2000000000001,4.379741341691848,4.894386954503619
473.25,4.140857800352483,5.022616042076285
473.3,3.8170759240370793,5.201455662563223
473.35,3.547847373571934,5.375783516828263
473.4,3.204790089780957,5.56340586801733
473.4500000000001,2.9406386256840515,5.8484813056515055
473.5,2.4624419742961154,5.937318586569708
473.55,2.227208002664902,6.310255303861105
473.6,1.8899089321344615,6.514837981783244
473.65,1.988453360181755,5.9021318503948
473.7000000000001,2.1438587797565143,6.003751915550862
473.75,2.3770617227099105,6.3927346724658625
473.8,2.631495154412688,6.214740748699946
473.85,2.785542269818039,6.189985174571941
473.9,2.950909977141884,6.061462864230024
473.9500000000001,2.9183544219816024,6.629576916127603
474.0,2.9360739749455944,6.474459036459084
474.05,3.0072078822605057,6.113574488804769
474.1,3.056089773564976,6.460728238515902
474.15,3.133298513128699,6.903476257060436
474.2000000000001,3.178468049986824,6.999535543044
474.25,3.237739184949431,6.9744782099315366
474.3,3.137181369950784,7.384311936561818
474.35,2.9682138959904467,7.056452218235406
474.4,2.8989860172361754,5.282736556954982
474.4500000000001,2.982162029426185,6.570722982864811
474.5,2.9843930975144244,6.351419443523971
474.55,2.9799646802208173,6.30728736525026
474.6,3.0363474559807893,6.139048459758953
474.65,3.079426975243055,6.03305892658003
474.7000000000001,3.230501253700174,6.304984275532731
474.75,3.500762238534522,6.580936832080813
474.8,3.747092068039299,6.25899937968401
474.85,3.990764711824714,4.980362329435036
474.9,4.217066141645307,5.200209387596741
474.9500000000001,4.470040364670312,4.951681789881025
475.0,4.724046509510735,4.720545510702258
475.05,4.925687095331219,4.679116280418916
475.1,5.184020234539545,4.653603673347021
475.15,5.526304210497951,4.747645648687697
475.2000000000001,5.987671299616217,4.460712768926934
475.25,6.290420421731853,4.158954016383584
475.3,6.635747963871669,4.157539151689548
475.35,6.884710977317625,4.049434061777393
475.4,7.129771753022568,3.9731775593450505
475.4500000000001,7.222031618123026,4.041798992140959
475.5,7.336190838319759,4.276645846344935
475.55,7.483948645694719,4.51410976948817
475.6,7.681181216472171,4.502577824464318
475.65,7.910897274971332,4.410615041672688
475.7000000000001,8.143444010893829,4.521781501729485
475.75,8.327818416827602,6.173449513295541
475.8,8.48404049881375,6.196701308445282
475.85,8.571813354463057,6.431762910937527
475.9,8.658943794365543,6.152982799447086
475.9500000000001,8.599236490045094,9.723934019917634
476.0,8.461867999313293,10.572810453898846
476.05,8.344661947784585,11.841909633256405
476.1,8.283630503016006,11.729368981063892
476.15,8.260119071089164,17.219386917780877
476.2000000000001,8.336317821096982,17.398635628738774
476.25,8.388480355817192,17.68090546140718
476.3,8.515993198736245,17.77047931755485
476.35,8.626852544349678,17.99114397163918
476.4,8.720946169042902,18.025562153332775
476.4500000000001,8.745091974935374,18.195109564493826
476.5,8.698392228064469,17.857677717787
476.55,8.530962289052878,17.61723630623982
476.6,8.228375363186354,17.253662776664825
476.65,7.96503807014832,17.344137018118452
476.7000000000001,7.8215458228824,16.660011335180965
476.75,7.692788964106369,16.749083311080298
476.8,7.609149579368078,14.026614096196639
476.85,7.586882441884573,13.613926019384445
476.9,7.541667091465462,14.928830355707055
476.9500000000001,7.613662742030029,16.328286027019512
477.0,7.826134509432114,17.330649661999477
477.05,8.153557364471162,16.659091882915668
477.1,8.58932032515413,13.049581455049164
477.15,8.936566740914053,15.562596408506693
477.2000000000001,9.437028098979576,10.729875787216232
477.25,9.928571299007311,10.760631653833919
477.3,10.189171760243894,9.653258786803612
477.35,10.400681226578987,10.174451814265876
477.4,10.608713727777946,10.127600644407028
477.4500000000001,10.92179698679568,8.820697270960764
477.5,11.179786737925106,7.873776642809868
477.55,11.387884882187766,8.866336817708934
477.6,11.5894829486831,14.06794405871467
477.65,11.7416196905752,11.132507015753902
477.7000000000001,11.930192633461456,14.144178751944255
477.75,12.160004108193124,14.208292020098105
477.8,12.253176460256215,5.385022027781759
477.85,12.321515272949584,5.214906891156556
477.9,12.346711489317904,5.147035370637473
477.9500000000001,12.382432542262524,5.540968200293732
478.0,12.397470269171698,5.950776606471825
478.05,12.41410128737285,6.137563761241259
478.1,12.393452134929484,6.113002334092662
478.15,12.363900668077417,6.154866357332217
478.2000000000001,12.335170421731444,5.833095689955969
478.25,12.285601903079296,5.793428683730869
478.3,12.211420691222742,5.656169868773105
478.35,12.18947939643724,5.639743702074918
478.4,12.208223519689382,5.621049381900479
478.4500000000001,12.336331982919948,5.668420718243429
478.5,12.566403738860432,5.553755105026051
478.55,12.8417681610841,6.180591720003163
478.6,12.921592577364857,6.059588379336544
478.65,12.933549073452363,5.9588436905254385
478.7000000000001,12.89508367429621,5.645141789735416
478.75,12.70894172680523,5.537369235024906
478.8,12.394683754882973,8.373716006180086
478.85,12.107415254246517,8.729894720654388
478.9,11.88459813786868,10.289079238333246
478.9500000000001,11.646141713252344,10.73653099660886
479.0,11.353893417514689,10.576125007663698
479.05,11.140632234662135,9.605769401656211
479.1,10.905506295846726,9.615046333201251
479.15,10.59365045967831,9.491763886417509
479.2000000000001,10.190252115508008,9.199654125342596
479.25,9.762190772926038,10.182194887698492
479.3,9.347862240845984,10.551347945708843
479.35,8.982810486115934,10.597536593225698
479.4,8.64596107096141,9.746803779118203
479.4500000000001,8.452124646246936,9.331484067782304
479.5,8.163117051876064,9.344630927519692
479.55,7.958036261083615,9.181940103986683
479.6,7.579324653693519,9.189717867724475
479.65,7.28903884260344,8.890417222782201
479.7000000000001,6.924502241965613,8.560524233260317
479.75,6.525419723074815,7.823780595441764
479.8,6.309055817816418,6.759780110288273
479.85,6.051341343821519,7.686210176144236
479.9,5.675377967822824,7.870177320391073
479.9500000000001,5.259018400755341,7.7180945493572
480.0,4.838886960803397,6.9150626420838925
480.05,4.574351174021429,6.837875286680835
480.1,4.396484748865849,7.807359587896005
480.15,4.171891949048873,7.490362572678897
480.2000000000001,3.948210577948109,7.700276067108317
480.25,3.911406436866885,7.066526684442291
480.3,3.872469334844291,6.328138542455494
480.35,3.84000291438468,6.252811116475385
480.4,3.856532778698498,6.330183558869066
480.4500000000001,3.8683790417878976,6.233101434887068
480.5,3.801054683412379,5.99017604969792
480.55,3.688027431517682,5.6060011895283886
480.6,3.747893189490116,5.402783045803939
480.65,3.790086538671796,5.257540902543475
480.7000000000001,3.809263018235995,5.665498271481661
480.75,3.746714545782254,5.3805819154639645
480.8,3.662828231271705,5.406649591222458
480.85,3.5763802370099658,5.281623750669865
480.9,3.5354225034783493,5.036937263099313
480.9500000000001,3.38748141748834,5.113068594486569
481.0,3.142208188892228,4.934716327228602
481.05,2.8719641055052025,5.022359854257693
481.1,2.389263103974611,4.96177418692257
481.15,1.9041829574892908,4.741532161699742
481.2000000000001,1.6930384219110826,4.183469544553307
481.25,1.4395571073894062,4.237123049572482
481.3,1.075897789861047,4.3063345383632665
481.35,0.9792756360025748,4.3504630382754605
481.4,0.823613319012719,4.333822524895919
481.4500000000001,0.7863781019077754,4.228346431427286
481.5,0.7402365950559674,4.348126098090114
481.55,0.641470538207047,4.053328830011029
481.6,0.6233631692718952,3.9758433147768004
481.65,0.8001493302224837,3.9084886227475
481.7000000000001,1.012701992383692,3.910823769114253
481.75,1.026051686632799,3.8204749953495956
481.8,1.2444810153835824,3.5996208412516477
481.85,1.4346019864171566,3.6009778150077225
481.9,1.422381983280328,3.625965696289154
481.9500000000001,1.6789304518203116,3.4920811497729356
482.0,1.7844787151551127,3.715327406924824
482.05,1.7678971797048162,3.885973917555067
482.1,1.865086726539257,4.304990634368214
482.15,2.0160045901293886,4.412018949389643
482.2000000000001,2.2480820690411645,3.0733109498947626
482.25,2.555047967550329,3.032619023458492
482.3,2.8653649115625868,3.6133184472106836
482.35,3.0535253798844217,3.4484525779173527
482.4,3.255846809827957,3.2048019716200753
482.4500000000001,3.5267687096445397,3.2153169417533642
482.5,3.608914998342137,3.2749318477113225
482.55,3.4965869760706614,4.436075061417848
482.6,3.3924187679226074,5.110562626311472
482.65,3.274280938517113,5.242612799826098
482.7000000000001,3.1285527882140687,5.162523964373271
482.75,2.9469492635058865,5.141932343173953
482.8,2.8084592545371567,5.390868411512843
482.85,2.7140050853726625,5.396376547111039
482.9,2.648373323094573,6.0094317695966755
482.9500000000001,2.5738132523745865,5.8058076887229815
483.0,2.5088994273899115,5.8573262731382725
483.05,2.4348214117229565,4.886151899470536
483.1,2.427468375835139,5.382692059348001
483.15,2.530040747375379,5.4524769744565855
483.2000000000001,2.675264273762153,5.356850428175529
483.25,2.964247507407213,6.326831147913662
483.3,3.2358066299317394,18.30375346116286
483.35,3.4592836326994987,10.165350190756412
483.4,3.602503272957637,8.395645494611685
483.4500000000001,3.741397425827267,8.275441937370509
483.5,3.9399139641805374,8.349636254116678
483.55,4.048640879816051,8.505040350883318
483.6,4.144523414837279,8.274325419136636
483.65,4.344520066537467,8.166524148194942
483.7000000000001,4.526117593634058,8.266527643826755
483.75,4.6326103114882855,8.30137617676571
483.8,4.718738396291147,8.41156395091553
483.85,4.76702515882512,9.97603200765472
483.9,4.834169639658945,9.782686316263552
483.9500000000001,4.896722254047536,9.691307053412139
484.0,4.820067020302657,9.392977933826227
484.05,4.657125167705687,8.633812711504442
484.1,4.567654768469713,9.211391163626264
484.15,4.554280462152051,12.705839322962895
484.2000000000001,4.518481670048868,5.702176604989081
484.25,4.562930772338978,6.112904329420819
484.3,4.647855481049589,6.127264165349485
484.35,4.710156182162716,6.2111919957291
484.4,4.80544131931978,5.798663483032098
484.4500000000001,4.875531187580752,6.387013433882528
484.5,4.990131257361279,7.27305516252552
484.55,5.003266700704546,7.249353469337002
484.6,4.927106843774993,12.339455557680207
484.65,4.900471788833958,11.802812880644442
484.7000000000001,4.8449927172992,11.943761165455003
484.75,4.680264536942036,11.41918112094075
484.8,4.536255820129188,11.998164033912985
484.85,4.330121528002636,12.042643987709939
484.9,4.135510628881932,20.36826079720744
484.9500000000001,4.046884522164133,20.026263771267327
485.0,3.977077914973465,21.2241490942672
485.05,3.948894205578447,21.226029860397134
485.1,4.016440561795948,21.09452473380014
485.15,3.9671467688531994,12.551459200416735
485.2000000000001,3.9832599548789567,13.239508741288978
485.25,3.9797618626710816,21.41620709222882
485.3,3.867720485902599,19.999948692229584
485.35,3.752167675798772,20.236987972357735
485.4,3.62620998658084,20.70687252164339
485.4500000000001,3.634883410357258,20.724232014068548
485.5,3.696836459850803,26.28404709739363
485.55,3.670490689317844,25.152670914517138
485.6,3.528188714448366,24.965112555313297
485.65,3.236545402490898,24.630848895500453
485.7000000000001,2.781735543898571,4.261638503813947
485.75,2.3074182669251626,4.543992312546976
485.8,1.8182129511542608,4.4209034642309355
485.85,1.4475181505908556,4.513162537081978
485.9,1.1265214458059143,4.8161546925912
485.9500000000001,0.7838509456758809,4.794939157080394
486.0,0.6087629250358969,4.802292875605278
486.05,0.5418521667219789,4.810020046056273
486.1,0.4872125209700104,4.693144721438281
486.15,0.5545969292744838,4.510490190665405
486.2000000000001,0.4964626719533594,4.590060319215952
486.25,0.3984012328359244,4.818108512081782
486.3,0.6364174532886417,4.92305002812372
486.35,0.693101483679313,4.5042844357323615
486.4,0.7714376112895379,3.8138132482475937
486.4500000000001,0.7267830808723461,3.6045208166224216
486.5,0.7644891253085574,3.1852269275197305
486.55,0.9277487287060262,3.3776977313499925
486.6,1.2020090668288423,3.2287578165813953
486.65,1.4436469188467536,2.945728287515995
486.7000000000001,1.801344835149587,3.1946184708347625
486.75,2.1877305002471523,3.3006674712941817
486.8,2.51785790603092,3.3006674712941817
486.85,2.7991738033401226,3.320652585215425
486.9,3.037372045644735,3.3449514572347
486.9500000000001,3.203208253962991,3.1298680886632786
487.0,3.4380901449504147,3.0675899687851707
487.05,3.650107767774248,3.5203606717840534
487.1,3.8361855129084814,3.580521242370275
487.15,3.9652080648692816,3.1161012400902637
487.2000000000001,4.00911727459694,3.0929842209904512
487.25,4.079648824703434,3.1185080218164525
487.3,4.11905417850175,3.346126749607301
487.35,3.960165908248333,3.1857503564474996
487.4,3.976007735099189,3.312804207567883
487.4500000000001,4.147890435917474,3.7662276747891474
487.5,4.281652770512978,3.85458367927864
487.55,4.335788876232137,3.9294599217971737
487.6,4.497093442391539,4.016070581971797
487.65,4.641370690609257,4.709288237741629
487.7000000000001,4.776982676533733,5.005696729913638
487.75,4.877537702319713,5.014417568081232
487.8,5.008260006148914,5.029819806956578
487.85,5.102684942671712,5.029819806956578
487.9,5.110499323129757,5.183403065242892
487.9500000000001,5.050646298680326,5.21371207950272
488.0,5.015268825786901,5.059945136381198
488.05,4.972701861551259,5.05156583427812
488.1,4.842480789819207,5.089196763372746
488.15,4.783675767626256,5.354512290963054
488.2000000000001,4.607046150013743,5.0545682282952065
488.25,4.48083070056329,5.147447363204655
488.3,4.389151832291078,5.287057988769778
488.35,4.32118617629988,5.567578389296144
488.4,4.250688840287601,5.540990440242625
488.4500000000001,4.14232261691477,5.3541090134105715
488.5,3.848151967405875,5.24055750307374
488.55,3.4459402959025165,5.435851627411335
488.6,3.045052386192811,4.980911823515665
488.65,2.77152030419897,4.980911823515665
488.7000000000001,2.702632649078305,4.804767538061881
488.75,2.613343877333735,4.749297620713446
488.8,2.6476904226005216,4.756739662723002
488.85,2.494403352324341,4.507323469513844
488.9,2.456930370977646,4.4687212638185985
488.9500000000001,2.6377965195348247,4.394083667521527
489.0,2.869293986529541,4.546141630912972
489.05,2.979580425394152,4.520349370715411
489.1,2.994439675720804,4.29159540032193
489.15,2.958892162741918,4.286743932872428
489.2000000000001,3.0500729089867984,4.037813923701952
489.25,3.1448792361773843,4.19426745441664
489.3,3.2260395729432205,3.9365656866097525
489.35,3.1382950593309253,3.8353545487119924
489.4,3.2296411207096662,3.5561308856276157
489.4500000000001,3.42570553310202,3.826263204498378
489.5,3.7438329662775978,3.8178572174027896
489.55,4.0290689178027375,3.6059216028620678
489.6,4.245741212201053,3.739497060412846
489.65,4.462418934955887,3.802798626586356
489.7000000000001,4.614358786759886,3.816277416560705
489.75,4.729945075443992,3.8754900131649697
489.8,4.770444340274902,3.835130087641288
489.85,4.8564704893029536,3.8828413373670627
489.9,5.051591356928677,3.664372120787119
489.9500000000001,5.259522993924597,3.7185818481236845
490.0,5.494355835617225,5.630167161346074
490.05,5.77694026615215,8.251545455632138
490.1,5.934079841482642,8.88608866266537
490.15,6.17984972225853,9.00313228702778
490.2000000000001,6.486352851233026,9.853147763955318
490.25,6.785614782074857,9.51845642571258
490.3,6.994512204181944,9.285119315503355
490.35,7.1233178418329794,8.474476422890959
490.4,7.2197440285682815,7.221695261183711
490.4500000000001,7.205155650371588,7.686800041958257
490.5,7.36835481227926,9.637249389661585
490.55,7.649706185348799,10.322516627437572
490.6,7.960145775242339,6.998071421531049
490.65,8.315453755193966,9.014305157280937
490.7000000000001,8.546748154534617,7.5703378585764725
490.75,8.719484868362095,8.391449519622272
490.8,8.836401488480496,10.884286414163135
490.85,8.908092429759035,11.280317235969775
490.9,8.991844261667255,11.073934972852085
490.9500000000001,9.273224765716472,11.529111824256374
491.0,9.685319927552383,10.881941683863088
491.05,10.21319969800148,10.563801003854575
491.1,10.80494415435324,10.211743662283762
491.15,11.412207220715862,10.043536488630865
491.2000000000001,12.007178938089154,8.76180438810061
491.25,12.74786488756645,11.427061235858993
491.3,13.293510584894031,11.493827683205422
491.35,13.921232349081745,11.311075361138375
491.4,14.587459222397896,11.399554678616745
491.4500000000001,15.065048983782187,11.779820412530164
491.5,15.649904810871307,11.924166354638908
491.55,16.214000856490134,12.915201708595266
491.6,16.828315091841247,12.856071915304467
491.65,17.51089195964315,13.330285550900891
491.7000000000001,18.19418910830184,13.230489282945454
491.75,18.73125579334473,13.14547801799774
491.8,19.258546760655424,13.327935383583677
491.85,19.89910235319205,13.40406418976773
491.9,20.7735789438424,13.31167476193432
491.9500000000001,21.657502539778,14.00771944704196
492.0,22.54671874610127,13.998715536778475
492.05,23.32741667165382,13.001327198208278
492.1,23.49790406638273,13.794536666741406
492.15,23.5070965915699,14.289846521574809
492.2000000000001,23.53191818394361,13.975233760992062
492.25,23.507838817846466,14.408029533435933
492.3,23.59349786418285,13.616892313700275
492.35,23.643654385406997,13.166431241190836
492.4,23.624960361110592,12.6053788521373
492.4500000000001,23.49290395855636,12.70361706715367
492.5,23.347108074856944,12.722618030085851
492.55,23.123270914475647,16.726844790171672
492.6,22.89396847264588,17.09016887234398
492.65,22.5508694461722,16.618245153164764
492.7000000000001,22.245296485797606,16.859233408831223
492.75,21.82916495768715,16.729572914141464
492.8,21.3463459843208,16.82793735913959
492.85,20.840268058747498,16.558453629892306
492.9,20.20586813591118,16.663150396114908
492.9500000000001,19.61131004501584,16.86664283311994
493.0,18.951067634395127,16.330333000099788
493.05,18.360864360133203,16.691714481889765
493.1,17.840483145818133,16.390720199794618
493.15,17.317878515138368,16.19939804326656
493.2000000000001,16.89479546501384,15.989401831084097
493.25,16.63679024089056,15.914307061408296
493.3,16.40225275551785,15.461748771091711
493.35,16.16542390811322,15.503040741932956
493.4,15.79791573201751,15.243858588960833
493.4500000000001,15.392570354069107,15.411644809951937
493.5,15.026885880397128,14.86004175718943
493.55,14.439874832876573,16.284017516651975
493.6,13.855952578644324,16.59699195718364
493.65,13.203662496199414,16.453236733160253
493.7000000000001,12.482152172805025,16.440303931075608
493.75,11.880391172673768,16.39238368577289
493.8,11.17085419629814,16.144034519563096
493.85,10.500057306732003,13.154199382181371
493.9,9.894928752269596,12.931269608626264
493.9500000000001,9.209715961172712,13.724272484787628
494.0,8.577633199820092,12.882138571850197
494.05,8.038947830300005,12.584304112628809
494.1,7.512467546618618,13.917217041937072
494.15,6.989864421373723,11.92656014423684
494.2000000000001,6.562553421382952,11.869504442206276
494.25,6.128453252644459,10.277815521283078
494.3,5.658027380223828,10.227398432292421
494.35,5.136325240490413,9.953815267018308
494.4,4.620940558358518,9.364554701449533
494.4500000000001,4.366862389841038,7.826571616236001
494.5,4.074959412990541,7.319165256740004
494.55,4.010879710331247,7.2162029068728195
494.6,4.010753733756829,8.529139323450014
494.65,4.003405182252205,6.946029548192471
494.7000000000001,3.9687310591376663,7.207905064282927
494.75,3.98573752650052,5.643380507186325
494.8,3.9794438470360847,5.214433616283275
494.85,3.999244712620524,5.697920729999327
494.9,3.95168902476416,5.342947037327124
494.9500000000001,3.937700041162216,5.678425343566713
495.0,3.801053955581496,5.763842316131326
495.05,3.659739437154978,7.11953542718947
495.1,3.3312453810623603,7.322195302054028
495.15,3.2976411393039804,6.059084730215863
495.2000000000001,3.1540213741119607,6.052570855593148
495.25,3.0361355112879225,5.855184052419
495.3,3.0278830713099905,5.6034120267568746
495.35,3.032915912639192,5.555701103900651
495.4,3.103041272881108,5.624494326532241
495.4500000000001,3.125216307642219,3.9756062114113098
495.5,3.061271886774608,4.065475421598098
495.55,2.902717929778344,4.048740350956866
495.6,2.7594315180029447,5.088959516127893
495.65,2.8225225865014743,4.981782020112372
495.7000000000001,2.643508728392711,5.525392159823428
495.75,2.390937706685488,4.326065766690963
495.8,2.168598683070019,5.797222904320434
495.85,2.105935950208951,5.718799644331419
495.9,2.20369080491474,6.26920092111542
495.9500000000001,2.1553777369923104,5.770845698561357
496.0,2.221169203997008,4.964037471233261
496.05,2.32478748749245,4.9238560973083425
496.1,2.3542057081112064,5.151347514212554
496.15,2.454602072843852,5.2138172238173786
496.2000000000001,2.564621402711099,5.211665167194907
496.25,2.705946295506339,5.403482525720216
496.3,2.834897243761289,6.00115129972335
496.35,2.8458355959815,6.587258231066324
496.4,2.836989631260678,6.7976130212633015
496.4500000000001,2.9743488471613806,6.714552901104279
496.5,3.1404378763379635,6.952681847332728
496.55,3.260108836221113,6.440481428236561
496.6,3.209094948714503,6.070893013791673
496.65,3.1913377713676296,5.785591204588071
496.7000000000001,3.216211884289968,5.329059592402799
496.75,3.2616550405504383,5.42694825491726
496.8,3.3108381106626434,4.2369214455909745
496.85,3.3993697829231144,4.440317062906631
496.9,3.436290770726976,4.4076614679456885
496.9500000000001,3.4805053008348144,4.306314697433651
497.0,3.657777587390376,4.2898278260239655
497.05,3.880841782650786,4.289917436968681
497.1,4.050819418023837,4.288421583247826
497.15,4.232313855357607,4.316537114939793
497.2000000000001,4.353161421411405,4.562754868036031
497.25,4.523000135443999,4.239791447843742
497.3,4.616853339932163,4.240470759118047
497.35,4.691604398906884,4.454927726888143
497.4,4.76915570454633,4.454927726888143
497.4500000000001,4.809737953637667,4.5474509260759355
497.5,4.9626002430255625,5.252914966073649
497.55,5.097075612969585,5.223745023207441
497.6,5.242755364066455,5.2522500327274955
497.65,5.389026843744719,5.2522500327274955
497.7000000000001,5.503714888003854,5.313168155941185
497.75,5.642111171816326,5.355858830457788
497.8,5.753085583046726,5.238895875494353
497.85,5.845952557922829,5.1883146073277535
497.9,5.948954981130199,5.284445937565373
497.9500000000001,6.007798372574342,5.238058768189441
498.0,6.046298774056259,5.146507815563941
498.05,6.058745174966945,5.190217639285429
498.1,6.04338031574961,5.280443504630795
498.15,6.0767644189840615,5.9039317349318985
498.2000000000001,6.103872961461863,5.982433787460414
498.25,6.139702870887106,5.908011553734061
498.3,6.113468169200587,5.19733909663355
498.35,6.132295472288924,5.177815265266562
498.4,6.1457754106794695,5.186599106304016
498.4500000000001,6.103944867233897,5.186599106304016
498.5,6.190772529827527,5.138523757806821
498.55,6.27964562917676,5.178458192714831
498.6,6.376445343290992,27.267349133423714
498.65,6.474824634729684,24.96569959226843
498.7000000000001,6.559028821212419,24.795616133379564
498.75,6.640630366649115,25.362971514062618
498.8,6.699430090657518,17.484075300392895
498.85,6.759395249836775,17.480440071036718
498.9,6.798362044494853,10.127039370378833
498.9500000000001,6.849623877549807,9.930384882323581
499.0,6.881581183814824,15.661876751988139
499.05,6.929764670393245,9.790938379651159
499.1,6.972650288059204,7.058269634697876
499.15,7.025177031737541,4.657165439577706
499.2000000000001,7.075199705138702,4.738059825107626
499.25,7.091435397051738,4.587709339773836
499.3,7.110941912185051,4.553956854958566
499.35,7.159121136371089,4.953954716887325
499.4,7.218157893418786,5.219369897894635
499.4500000000001,7.273243718767628,5.243039055290441
499.5,7.350147766195766,5.229519113887956
499.55,7.432169553094388,5.2876735344986425
499.6,7.499758473686903,5.370527117559027
499.65,7.56177891249765,5.190606423844965
499.7000000000001,7.619344494530862,5.403710684820549
499.75,7.654299568322041,5.758964792473924
499.8,7.703288699629023,5.765353003131511
499.85,7.714682087442229,5.679649732192042
499.9,7.7239884520728355,5.42031189693158
499.9500000000001,7.7677385444733185,6.0663776289580085
500.0,7.831732416558203,5.722838354031232
500.05,7.871546291836393,6.100554286164612
500.1,7.906357021729621,6.073257745365042
500.15,7.9257078559671745,5.694720695329769
500.2000000000001,7.935905055614849,7.169001943850356
500.25,7.943553897482191,8.403657653278142
500.3,7.972921305703501,7.039239661999508
500.35,8.11135163189491,6.929888958649883
500.4,8.335191171590429,7.874390433618105
500.4500000000001,8.514467360682266,8.116120887644591
500.5,8.59612549243766,8.292836637923337
500.55,8.594197932897695,8.405509362239803
500.6,8.458102344917206,8.692131655553407
500.65,8.151381983968363,9.075087162237805
500.7000000000001,7.96891680470446,9.293536731802673
500.75,7.8467583920017,9.965989645968186
500.8,7.713649210394608,10.396913933742026
500.85,7.613433565340618,7.909536398226004
500.9,7.551811577650182,7.527907519800578
500.9500000000001,7.327874784567531,7.363572419030757
501.0,7.077286779621559,7.115257777176872
501.05,6.844891269671427,7.243694365810739
501.1,6.623740471918131,6.999009403036132
501.15,6.536246390494885,7.922387418643718
501.2000000000001,6.440304289088564,8.11302281455215
501.25,6.451789135938728,8.550038695710837
501.3,6.5277659661299365,8.585497996912489
501.35,6.597365985135799,8.550342806254925
501.4,6.651886818758196,8.459757569579986
501.4500000000001,6.780643578368843,7.824607699971584
501.5,6.958963536396537,5.624212405932687
501.55,6.799117133734517,5.504742858735951
501.6,6.421293936560615,4.865286796536107
501.65,6.02496940512277,4.760846375975152
501.7000000000001,5.627743425125709,4.851870343443643
501.75,5.380581160970039,5.100670832382193
501.8,5.12637462664019,4.9218018450545
501.85,4.8906626666187,5.18536451863936
501.9,4.561104801751011,5.332854110849849
501.9500000000001,4.2680274785022005,5.03324258819891
502.0,4.055007048974102,5.158228200126196
502.05,3.826971511148384,5.224956063080205
502.1,3.708027468369913,7.169380723399828
502.15,3.690337593999341,7.56808740854322
502.2000000000001,3.7827373525683634,7.570107478401545
502.25,3.756380671746377,7.359216832170383
502.3,3.5988555814038348,7.101269342582558
502.35,3.5894845795763097,6.742863985633324
502.4,3.68838387445381,6.687926506798375
502.4500000000001,3.845928517214924,6.761531103766082
502.5,3.996893108633078,6.842394950435871
502.55,4.22538412153839,6.692252134887009
502.6,4.412557837454576,5.190110405881022
502.65,4.549970813592683,5.6898924608944785
502.7000000000001,4.624861403072975,6.031925179728528
502.75,4.85415960686795,5.874044568431186
502.8,5.107494460267924,5.7284117247782955
502.85,5.262330751124797,6.162788211001718
502.9,5.378589073012397,5.963980094611177
502.9500000000001,5.43447673975869,5.897765952409356
503.0,5.410502807855245,5.886589668128966
503.05,5.435838278187241,5.930795309679167
503.1,5.516663378287091,5.724771569557586
503.15,5.591343618340858,5.554342931405536
503.2000000000001,5.687822211540587,5.5035589288750115
503.25,5.794780017514127,5.297223471888318
503.3,5.961345871315546,5.590529687079902
503.35,6.124109948966866,5.59211334285047
503.4,6.240100573152558,5.914491197827719
503.4500000000001,6.316691233183554,6.107430088985382
503.5,6.4040464821594005,5.986869446772891
503.55,6.48755854785615,6.335121995042804
503.6,6.5618164198206665,6.732402874413667
503.65,6.637505797475854,6.936515787409076
503.7000000000001,6.723316220474716,6.768468843859022
503.75,6.844706578741841,6.624890923263236
503.8,6.978293697310428,6.7631070659104635
503.85,7.147471823268862,6.7539241486673305
503.9,7.260308868654056,6.638511986259706
503.9500000000001,7.3479194320189425,6.853071734088782
504.0,7.409680067033999,6.571505605182788
504.05,7.460125654348165,6.808479121421487
504.1,7.507660636722517,6.554343181632944
504.15,7.623702238620206,5.618103852846122
504.2000000000001,7.75730751228698,6.088973962817862
504.25,7.906962295850523,6.1589732428073045
504.3,7.990718730177643,6.288562701959521
504.35,8.076629622857636,6.281981246472754
504.4,8.140028141068623,5.519555331126399
504.4500000000001,8.201114967849938,5.520453320417865
504.5,8.271937597298269,6.526168356111643
504.55,8.340573499499483,6.9900584145109645
504.6,8.377582081707859,6.79214611571885
504.65,8.415397808261076,7.309038741076705
504.7000000000001,8.433124822843524,7.451879430950439
504.75,8.433826847664957,6.737805058006193
504.8,8.417577045956321,7.626363533564313
504.85,8.436162098379421,7.342412742813414
504.9,8.42648965506898,7.483725136114641
504.9500000000001,8.421173898218106,7.17445936851243
505.0,8.374596347999722,7.353993375372969
505.05,8.284911790631762,7.548976722094361
505.1,8.210629018588646,7.706902566520041
505.15,8.154193270895759,8.110283384102917
505.2000000000001,8.038362870252037,7.62059827480233
505.25,7.915302983313624,7.394042645628778
505.3,7.715953316523662,7.625153547284742
505.35,7.470118732720968,7.231979314170527
505.4,7.114168756965526,8.667511474301179
505.4500000000001,6.695315361245396,7.4863001424940565
505.5,6.174046325258337,7.3577074583808875
505.55,5.754446785967652,8.980878941988315
505.6,5.308224707453152,6.925231905457816
505.65,4.877163005444972,10.118001338911434
505.7000000000001,4.4699493494216345,10.530539789303809
505.75,4.173246080191677,10.108218982792199
505.8,4.000437421334695,9.902618718034258
505.85,3.814219915338347,10.908947160634918
505.9,3.7058042951126047,9.449462401608997
505.9500000000001,3.603063428142234,9.007897789789508
506.0,3.61657611027804,6.866947175784238
506.05,3.6179530361036703,9.830354595655033
506.1,3.6649505587087496,11.355084041734756
506.15,3.814126129975477,11.085103685189479
506.2000000000001,3.975459145828255,11.598656874170905
506.25,4.15653039319864,12.012634681182865
506.3,4.339063600249414,10.176370998670293
506.35,4.453073010516124,13.18860653787186
506.4,4.557609329142951,12.311828599803123
506.4500000000001,4.668737532669182,11.90266164127955
506.5,4.742987346977673,11.864502684240229
506.55,4.819217223859185,8.651329674262444
506.6,4.918331690382712,8.5759872370397
506.65,5.01484177670316,6.990953436814005
506.7000000000001,5.059851256670031,6.195822426187631
506.75,5.088319170726996,6.426157348797579
506.8,5.175003858948261,5.715661845353817
506.85,5.281832832530404,5.686738577392195
506.9,5.3522093242480535,8.02824497520389
506.9500000000001,5.409660170620167,8.207555953407969
507.0,5.377044876572201,8.155579162318011
507.05,5.267232193557465,6.126540850999462
507.1,5.178212797267875,7.772287354572883
507.15,5.065065063654271,7.57221505103714
507.2000000000001,5.024705962170829,7.411100067239626
507.25,4.911668590929367,7.74316432055626
507.3,4.995486814048087,7.733240107312359
507.35,5.128924809526325,5.726741288777016
507.4,5.229191627795495,5.6808747624784734
507.4500000000001,5.2963588402237205,5.594017929375613
507.5,5.317771876216516,5.487936086321094
507.55,5.369272616736926,5.3312985600240745
507.6,5.446478918913926,5.402118434982617
507.65,5.526843934918882,5.349434291472006
507.7000000000001,5.600803341619553,5.3307489758814555
507.75,5.679074899839855,5.293118046786828
507.8,5.70587175919097,6.676118335513774
507.85,5.767240348523243,6.639475082360507
507.9,5.772123431394581,11.402229431562134
507.9500000000001,5.7435271550912965,28.087184589017767
508.0,5.676378791670005,6.6584868747583945
508.05,5.516573610827661,6.733209292043291
508.1,5.350864378326055,6.5908608412620495
508.15,4.829818881877464,6.729730753946603
508.2000000000001,4.399655333250181,6.300506686656795
508.25,3.910585990526215,6.457718107724401
508.3,3.4070552619877543,5.873953842282188
508.35,3.0733028341203776,6.436306133548073
508.4,2.9871548144147844,6.593604720227752
508.4500000000001,2.895918363700214,6.248515795301346
508.5,2.734079618734548,6.187935503550141
508.55,2.672573114759602,6.196234357755427
508.6,2.6179176509148974,5.5663118498296225
508.65,2.5906751617929604,4.5815248767597865
508.7000000000001,2.6942060481061625,4.26386377052283
508.75,2.66403770014272,4.234696933632054
508.8,2.472404177587102,4.214637606443001
508.85,2.359659160145572,4.742292350861635
508.9,2.377404990296894,4.7390834320560735
508.9500000000001,2.4089327176135966,4.453511533908091
509.0,2.352539934225191,3.322452176834582
509.05,2.4060242367470246,3.3418334506072203
509.1,2.407633336143798,3.310611908856745
509.15,2.3577588850250177,3.257205903446827
509.2000000000001,2.197283010477049,3.9598657148736796
509.25,1.9455897667139423,4.112087971431354
509.3,1.6542608974805508,3.4438900743382423
509.35,1.470906818801516,3.658414929720169
509.4,1.4758910824467408,3.4955674469823186
509.4500000000001,1.59191146897217,3.3518959376762507
509.5,1.841135085034609,3.44160183095911
509.55,2.091228139400207,4.109620555887904
509.6,2.299723178320876,3.53867869364621
509.65,2.5912066629308383,3.3954195584465072
509.7000000000001,2.953730166203392,4.024145108988122
509.75,3.261275832754796,4.032779198667239
509.8,3.4428315584297224,4.0137917066943825
509.85,3.5664668682953224,4.081896021849457
509.9,3.5993736934141505,4.200549509323252
509.9500000000001,3.650898211745907,3.8213580998951304
510.0,3.6515957341474032,3.973095463279941
510.05,3.6042024138423936,4.023091658951631
510.1,3.410434271819235,3.9642807079027453
510.15,3.238223385462607,4.085031475605338
510.2000000000001,3.366673619158149,4.21864592936752
510.25,3.523714047796474,4.019345788746826
510.3,3.5995837399703063,4.010196506180058
510.35,3.6372525265774778,3.9780650144506042
510.4,3.5813187170586334,3.9589128185007625
510.4500000000001,3.613115844133063,4.424585491899483
510.5,3.772971163175012,4.577444123562841
510.55,3.691691118957968,4.771278550168337
510.6,3.603209679328947,4.6222303371329
510.65,3.5264779314900365,5.509967707041824
510.7000000000001,3.536255072163402,5.596068511162232
510.75,3.5797251303963264,5.6445590230584495
510.8,3.6110810214375193,5.959685153046085
510.85,3.697388347806428,6.974638716899217
510.9,3.68620931818659,6.8055552608416265
510.9500000000001,3.7146193611508704,5.994361388486024
511.0,3.704074791797604,4.756490678180253
511.05,3.760735854950904,6.018462136259294
511.1,3.8236112708827936,6.81376475112032
511.15,3.9288718304818007,7.053109737073893
511.2000000000001,3.9465884635108335,7.125624657347006
511.25,3.891343369136139,6.94810369784951
511.3,3.7480278119849983,7.043539161700363
511.35,3.63804470246638,6.220014569329364
511.4,3.5197045807371965,6.321916135546056
511.4500000000001,3.344919646203315,5.946488174779858
511.5,3.110888092653625,5.65242808585994
511.55,2.696104703077188,5.0314698000595275
511.6,2.353952426937832,4.68041122445624
511.65,2.089041307395184,3.4445937863049734
511.7000000000001,2.112344263628109,3.8229075307939446
511.75,2.26763943797802,4.050330323743865
511.8,2.3819002937950997,3.897852153059786
511.85,2.457583298913754,4.054555917575053
511.9,2.4783641028620664,3.846083364846827
511.9500000000001,2.483617534407854,4.439153754583317
512.0,2.436680021597672,4.491910045432723
512.0500000000001,2.582007101084762,4.561298083161771
512.1,2.448177420121125,4.336561055713826
512.15,2.06850118699098,4.397949995387815
512.2,1.7986804557783629,4.686465103598028
512.25,1.7406651158140134,4.596990539212859
512.3000000000001,1.500397036809727,4.355423423607511
512.35,1.2070339859354744,4.203854770520243
512.4,0.9776721308827544,3.9369633431035633
512.45,0.8906262494319422,3.9444017862587923
512.5,1.050979762462759,4.201786531347294
512.5500000000001,1.1262020723321793,4.217818546864934
512.6,1.0921028041431975,4.7219446232531235
512.65,1.04451159737671,4.837256970474157
512.7,0.9997650025768204,4.7947026072693
512.75,0.8765627172670981,4.664166478807215
512.8000000000001,0.7879415162326936,4.638997549372004
512.85,0.8236861685640738,4.696292857960011
512.9,0.9795700363424888,4.619777356382732
512.95,1.1417063551734834,4.722727585021813
513.0,1.1286321090171014,4.812631459287079
513.0500000000001,1.1573871301171998,3.927504818732968
513.1,1.303338937406251,3.740588046021051
513.15,1.4331404503118248,3.261753120816987
513.2,1.8122106683370212,3.2455052457988307
513.25,2.1432820913998425,3.193622101765499
513.3000000000001,2.545373404576595,4.085417735466666
513.35,2.7585325093680155,4.196581757220958
513.4,3.058492202866082,4.234163338572118
513.45,3.4227959461667066,3.9063458805337974
513.5,3.6892310983158345,4.866182376806298
513.5500000000001,3.8866569281855208,4.680722971790787
513.6,4.048623500454817,4.671657513600153
513.65,4.0607289090494,4.733423688389386
513.7,4.024712880347031,4.26757411668655
513.75,4.02079192384819,3.9532303190447813
513.8000000000001,3.964811465064257,5.065784433252039
513.85,3.951320961801499,4.981436450436726
513.9,4.022831446080454,5.841317205727555
513.95,3.8354276052113594,4.803764434102734
514.0,3.456117414557704,4.4210219456501765
514.0500000000001,3.0442951227971977,4.3513139480311755
514.1,2.767991414530244,5.213421164566964
514.15,2.439775713977731,5.548265081967162
514.2,2.1333514944197933,5.335054221531274
514.25,1.8795343589170257,5.395729890497178
514.3000000000001,1.5563836907197848,3.759762284077486
514.35,1.602024633078039,12.414189452839516
514.4,1.6272950726178574,8.034812451141345
514.45,1.6226558452276842,8.180826406410281
514.5,1.4608961894364938,8.05134319405881
514.5500000000001,1.2423309249373724,7.664348347924607
514.6,1.1447215876042998,18.796051528104194
514.65,1.0189723782839035,17.882509148839326
514.7,1.0524781558985108,3.4752284850798905
514.75,1.1308723832301315,4.618717342464438
514.8000000000001,1.3195214822093102,4.5551018151309
514.85,1.5414114851986471,4.08338049291541
514.9,1.891491193139974,3.7679825662838518
514.95,2.1961373284899777,3.505381220322356
515.0,2.4817982258634763,3.368069181724169
515.0500000000001,2.874706003602083,2.917577608119594
515.1,3.2501685464611447,2.7350969124358726
515.15,3.5633065847953582,2.907398168229672
515.2,3.773748726523757,2.971187573932471
515.25,4.004577633277269,3.216793994772723
515.3000000000001,4.232747698473851,3.217411143504532
515.35,4.496461053483204,3.1198004642545687
515.4,4.7998246338834925,4.279153259647217
515.45,5.03729331760527,4.151405786961188
515.5,5.27470256239938,4.278651829171171
515.5500000000001,5.424563268596332,4.405589842819626
515.6,5.592083441813619,4.503774339442538
515.65,5.765525541500257,4.512296553677085
515.7,5.880374556083699,4.466456210865968
515.75,5.919526975047415,6.60026506123118
515.8000000000001,5.998875780246432,6.447342705641545
515.85,6.0364737824223775,4.426942062044507
515.9,6.1331329825151,4.1830117374063285
515.95,6.345801289882427,4.455898031089958
516.0,6.6369040262388905,4.338885809033439
516.0500000000001,6.876710342369955,3.9306289397762426
516.1,6.947168166868546,4.391695304592307
516.15,6.9254366735414905,4.756836236986447
516.2,6.919539624575005,4.457954554751973
516.25,6.985648574587519,5.882863293313823
516.3000000000001,7.09727972053867,5.814871188248736
516.35,7.120173492512421,5.56757765015334
516.4,7.130023989988735,4.3520503589046395
516.45,7.071987804902391,4.826937722847587
516.5,6.905841161004614,6.074615293020698
516.5500000000001,6.839084388679003,5.288495930890295
516.6,6.841328649591322,4.115993295602076
516.65,6.875552932777161,4.282158890081382
516.7,6.861063188049389,5.341326872140009
516.75,6.599571281727819,5.226407053638927
516.8000000000001,6.216075518900767,5.911691409430473
516.85,5.96250740121132,7.088646073881755
516.9,5.88640473903825,6.532523534983434
516.95,5.873911307315454,8.202947425904895
517.0,5.92586650817024,8.268849286848008
517.0500000000001,5.990632806098019,7.77798683571222
517.1,6.062714993942349,6.533427062865478
517.15,6.263002359292528,5.084063195571151
517.2,6.473699270459423,5.0198895758730515
517.25,6.618561727531142,4.838184943540853
517.3000000000001,6.739538399695727,4.706874144597478
517.35,6.78026727650263,4.642267842219831
517.4,6.5644841937874,4.681989783177038
517.45,6.063081061447869,4.697913352975922
517.5,5.523320568384864,4.47835433252474
517.5500000000001,5.096021876017176,4.453238017650056
517.6,4.813673864730791,4.48761415874028
517.65,4.570099496152447,4.343243017047387
517.7,4.320604894628867,4.254245111032148
517.75,3.922183634015412,3.5114130159208528
517.8000000000001,3.555494185827933,4.021525433890263
517.85,3.176340730718436,5.415340616276862
517.9,2.866112640958693,5.319872343217035
517.95,2.722870109042377,4.880933852590204
518.0,2.6732938308320278,3.9867838222396563
518.0500000000001,2.7238576651709807,4.0135875556182885
518.1,2.875226678585598,3.833866828512388
518.15,3.04436760664289,4.0626873564311925
518.2,3.146031790959742,3.8969918709593028
518.25,3.3199417935479945,4.1704772508113255
518.3000000000001,3.419378200203073,4.237906070930866
518.35,3.5278759071669814,4.399976534443172
518.4,3.6026650807501053,4.236136500194722
518.45,3.783118943007731,4.308347354121544
518.5,3.992798274249463,3.8524705492600306
518.5500000000001,4.16836053627234,3.3669411768363386
518.6,4.30905328384609,3.4107960943381226
518.65,4.412399790670118,3.5925214740118467
518.7,4.444875951438522,4.619924649622761
518.75,4.517240334363799,4.420654905818862
518.8000000000001,4.562635346394011,4.3742910698285105
518.85,4.649706321394988,4.899091100427546
518.9,4.687695382379466,4.7851027702493685
518.95,4.823412991244256,4.702967855032621
519.0,4.977305029783367,4.969339954965647
519.0500000000001,5.11560771590152,5.176144017909575
519.1,5.279492703456525,5.318345984386843
519.15,5.444016109692805,5.613029018171135
519.2,5.530979137403133,6.084072287700553
519.25,5.550989751046739,5.341649760366613
519.3000000000001,5.555205146507731,6.131479333955834
519.35,5.567831383590338,6.331627833099078
519.4,5.596279576498112,6.255552358952827
519.45,5.637178726042077,6.235593157320312
519.5,5.678657759775762,6.274901009945926
519.5500000000001,5.618946140874511,6.855096089363157
519.6,5.25434093937201,6.908431372271225
519.65,4.993575335731728,6.846731664792799
519.7,4.648940913146309,6.587587390025427
519.75,4.427608910621304,6.317916492074054
519.8000000000001,4.323271222902973,6.643784331519122
519.85,3.991584508371576,5.5539034201139
519.9,3.6560477159087097,5.505280073774816
519.95,3.4282792192073974,5.780207115855908
520.0,3.053625259806356,5.793251463212139
520.0500000000001,2.987201527619021,6.409511647393745
520.1,2.897526381846087,4.056721168390473
520.15,3.0888235401350927,4.060339322778189
520.2,3.409369454926692,4.046067042374788
520.25,3.914987948493872,4.3373177043426425
520.3000000000001,4.355606826166777,4.103527363750906
520.35,4.655529547499689,3.9692093736461826
520.4,5.001575746742657,4.874731879063667
520.45,5.400823560343017,5.864729132654415
520.5,5.855794681372683,4.815773414533661
520.5500000000001,6.4038913061452085,4.558390485904447
520.6,6.932999454017133,5.283815964814254
520.65,7.62730900587041,5.014420791575041
520.7,8.192143234418863,5.722158989506346
520.75,8.701713412325155,5.918081239489253
520.8000000000001,9.412875109008654,5.912174487819857
520.85,9.948235140156363,8.861220998926097
520.9,10.316931107655188,13.129046110641532
520.95,10.498460320418424,19.063996550959843
521.0,10.646588854712164,16.959909613140134
521.0500000000001,10.539582219293928,16.617519705148307
521.1,10.323954248653282,16.506071710959514
521.15,9.953415377370968,18.75917799747637
521.2,9.541277663756317,18.287418773891513
521.25,9.032020808370127,23.176092865408144
521.3000000000001,8.66392937923695,17.251572727246522
521.35,8.47808742118113,18.40246833940733
521.4,8.331640042414937,11.518808338607977
521.45,8.205649458257286,11.548107122807167
521.5,7.964698194238548,11.622869813561078
521.5500000000001,7.828809226262917,11.802110604764255
521.6,7.707751846185759,10.92420285536057
521.65,7.625598941152602,11.222526446289528
521.7,7.702860276556107,11.331663253254149
521.75,7.878971009913559,10.966489768993023
521.8000000000001,8.182422306234221,11.469073750764732
521.85,8.593279800439852,10.460812302512972
521.9,9.01014489825268,17.65956958160447
521.95,9.386561394479308,10.44786174005525
522.0,9.761349494545346,10.61738249113748
522.0500000000001,10.224747843131086,10.918674305021145
522.1,10.576193756121562,8.957706118506566
522.15,10.895267250914436,9.079062687955224
522.2,11.34951411285122,8.688980558334933
522.25,11.869569105704358,8.815870961868283
522.3000000000001,12.249610060727028,9.055087606036055
522.35,12.78244795368148,9.123620116111558
522.4,13.11997227106463,9.247104157042097
522.45,13.54384175062195,10.17574166071541
522.5,14.06806618652313,8.904189366961965
522.5500000000001,14.62116915439426,10.367365526793403
522.6,15.164597624754068,14.278767358008901
522.65,15.90025507611839,14.627447422990363
522.7,16.716584548910653,12.030540306751025
522.75,17.532667597227224,14.687208023058252
522.8000000000001,18.435821129006506,14.847585754219349
522.85,19.12847726903068,14.562579209726241
522.9,19.77129652104352,13.640483995971264
522.95,20.253530284594277,13.334668428743937
523.0,20.780757617780157,13.292611149474626
523.0500000000001,21.36978296023357,13.881795309299806
523.1,22.025821531977467,25.324401513138188
523.15,22.840441150836348,20.457925063590775
523.2,23.75683243444384,20.587422376451563
523.25,24.549576960526224,25.19486483786578
523.3000000000001,25.32392967310377,24.66682324367547
523.35,26.11365500997676,24.962093555752805
523.4,26.648141927948508,25.187227948347516
523.45,27.037654812574065,26.132640454089355
523.5,27.3157995437671,25.645522280072495
523.5500000000001,27.4926368736791,25.683343651204662
523.6,27.76152915195028,25.81300900198892
523.65,28.310926466119845,25.700943971178557
523.7,28.809209709654464,25.80023137023577
523.75,29.318991433505115,27.807393219205164
523.8000000000001,29.944314768358797,28.009856405140113
523.85,30.59024065590061,27.94353899799463
523.9,31.25790468091345,27.13243774296076
523.95,31.804598453470685,28.03394974464713
524.0,32.040565497812054,28.03768116160776
524.0500000000001,31.22685843110979,27.92133852467928
524.1,30.732642100726935,27.96814925008843
524.15,30.229059913869992,28.379241428955538
524.2,29.868642231331343,28.37139708549026
524.25,29.477489574182925,27.591926861717543
524.3000000000001,29.14959098548013,28.558983623840945
524.35,28.73980227385988,28.359979091312248
524.4,28.3865258612494,28.00751585759724
524.45,27.98434030881166,27.210817502800783
524.5,27.585844819625787,27.342992076863126
524.5500000000001,27.18288013286504,27.501527230721493
524.6,26.7351088892424,21.56043217059248
524.65,26.280580088378347,28.254024391847334
524.7,25.912703859585967,28.16857538111497
524.75,25.61561676364176,21.457529047504526
524.8000000000001,25.387091026632586,26.899901685171645
524.85,25.212516907246545,21.12410496330676
524.9,25.12100378842101,21.373272637153647
524.95,25.076681961553497,21.3162168048342
525.0,25.05388896252787,21.202740518837377
525.0500000000001,25.03286558460369,21.35626935989259
525.1,25.062048534776043,20.695982808213003
525.15,25.13920969268744,21.060729792971415
525.2,25.2161528074405,21.043884681358872
525.25,25.28879780766464,20.971046950591763
525.3000000000001,25.365258663812856,21.322764743586948
525.35,25.465000472889542,21.482947938003793
525.4,25.55324292300713,21.446396908083297
525.45,25.661077149707328,21.275301754837628
525.5,25.763656280857955,21.039775195274775
525.5500000000001,25.88674987502408,20.888159061639772
525.6,26.116649692644177,25.332513358405937
525.65,26.3073371974889,25.212897727877404
525.7,26.518520582506333,25.105407116609527
525.75,26.61718110698923,25.130204513146623
525.8000000000001,26.7777215679772,17.294377931521186
525.85,27.046474846023216,17.14717449962735
525.9,27.197107605906428,25.32139038703831
525.95,27.34975108542452,25.335875321761513
526.0,27.510261737375487,25.240076106395506
526.0500000000001,27.668495670681537,25.18685388626959
526.1,27.775842946562424,29.65787015497097
526.15,27.82299999134984,30.296427122583186
526.2,27.887997622616783,31.633498764049396
526.25,28.03670658373532,26.258112819907737
526.3000000000001,28.261035305244263,16.318721192494117
526.35,28.4892520460556,17.54069226335902
526.4,28.86245134272724,17.24280940766969
526.45,29.388366588536517,17.474293070922958
526.5,30.015503500898472,17.846171025428806
526.5500000000001,30.79673140518585,17.912385518233382
526.6,31.51693258215957,28.890256109390645
526.65,32.2584368734232,28.97948325411201
526.7,33.11247815712239,32.24714421755754
526.75,33.916202646973865,26.350250489709207
526.8000000000001,34.5299345147051,31.25349106390079
526.85,35.05536081922326,26.17989902116145
526.9,35.5002847973311,26.06792806513891
526.95,35.900999052027835,26.03003652808159
527.0,36.28704536199179,26.079248225376613
527.0500000000001,36.7432868546031,25.76984383284973
527.1,37.07805228855743,27.671719662407256
527.15,37.47069669415116,16.56433187136483
527.2,37.90142140960708,16.491605150714634
527.25,38.2866126595123,29.948547495543433
527.3000000000001,38.56805092755602,27.217604280663714
527.35,38.68285874294471,25.414525207421082
527.4,38.81640248174456,30.80853016797862
527.45,38.94388573651387,30.830234784722812
527.5,39.1313720547439,29.19779248947385
527.5500000000001,39.49345311100194,29.3653759297173
527.6,38.80984717314519,29.30886996819821
527.65,38.397692198045874,29.382677819797376
527.7,38.01485935663539,29.977894094164824
527.75,37.685275224924766,31.552643458427543
527.8000000000001,37.44192039762005,31.79638645490192
527.85,37.37646021818012,32.108399405726516
527.9,37.34956965180809,31.93375693548899
527.95,37.20700927300644,31.751552507973102
528.0,37.03054626524499,32.35145931935107
528.0500000000001,36.85288915241711,32.673306750007264
528.1,36.72636480196469,32.38139913448219
528.15,36.65538891481553,32.631135970459766
528.2,36.53207751967469,32.748265951908195
528.25,36.33963951487429,32.92200403992341
528.3000000000001,36.25752049218091,32.62644836827044
528.35,36.06948186876547,32.73336545185163
528.4,36.0008587276803,32.34479274592094
528.45,35.90313111897248,22.66756606222598
528.5,35.82176396437396,21.510147401594494
528.5500000000001,35.7342211027304,32.49333166570203
528.6,35.5640554051446,32.67606636243542
528.65,35.21350681728835,32.19766319708876
528.7,34.772459805216556,31.131945512741318
528.75,34.43800478756353,33.25851059859532
528.8000000000001,34.28405213413576,33.02880292829872
528.85,34.002939692500604,33.70457585942964
528.9,33.728464515044834,34.02245361254998
528.95,33.52045230886975,33.971266120550865
529.0,33.35217186079173,33.97331849004635
529.0500000000001,33.22399211633716,33.89383937585352
529.1,33.051130758977706,32.67278860921755
529.15,32.7682530883915,33.687694448121725
529.2,32.43800194919406,33.26491630414948
529.25,32.1337057175528,33.26023428461334
529.3000000000001,31.78729870830567,33.78152341019798
529.35,31.437644193531256,33.932946169345385
529.4,31.25532662323262,34.27494405299944
529.45,31.12388524099042,34.04619185598465
529.5,31.01489136972046,34.14827736734529
529.5500000000001,30.839518224215496,21.25696537600003
529.6,30.66484784627528,20.963439167859907
529.65,30.527693964251327,18.252995952322365
529.7,30.366944452703848,18.240335904369143
529.75,30.345747499677316,21.33385690759635
529.8000000000001,30.36473184514682,21.83588824888602
529.85,30.31849821191831,20.157009280420482
529.9,30.30096857199935,24.579203527712004
529.95,30.322842527718535,24.700757636423617
530.0,30.21737508867905,26.347046344186126
530.0500000000001,29.763313941033914,26.251827268121875
530.1,29.24702376586565,24.626435951477838
530.15,28.832854119574876,24.727857479969956
530.2,28.394525059303817,21.61156344454322
530.25,27.802242603053344,16.754801832885008
530.3000000000001,27.17743018947077,14.273173611416604
530.35,26.71074676806569,19.370276855369994
530.4,26.334412484139463,19.698294947858393
530.45,26.01045652989427,19.566696916881014
530.5,25.813568273930173,19.385802970160494
530.5500000000001,25.63958029171556,14.797357177938807
530.6,25.446829646878967,15.28457786066447
530.65,25.316882067016437,15.637626098584265
530.7,25.16702210583827,18.599252580352328
530.75,24.879803303499344,18.197056511874557
530.8000000000001,24.56136574568896,17.908733005316535
530.85,24.21732301171093,17.714776908566677
530.9,23.900204027294933,17.837273907925507
530.95,23.515861606797145,17.844085482154522
531.0,23.174027359982887,18.801235070369426
531.0500000000001,22.925694759210543,17.063133854716583
531.1,22.80218774957939,16.788709127145538
531.15,22.65667365141121,16.478811862023758
531.2,22.558107129130292,16.48380546283761
531.25,22.37814140476449,16.475572181893295
531.3000000000001,22.213715832393078,16.568747742694725
531.35,22.163101921183596,16.201972659176455
531.4,22.15495958094054,15.891777386972638
531.45,22.142814496970146,16.54867376012307
531.5,22.13305133412294,14.526052578277032
531.5500000000001,22.175150042666985,17.942690713030657
531.6,22.26543808856252,18.407027879523287
531.65,22.42954536551315,19.199188608061792
531.7,22.575632067998384,19.57718425847454
531.75,22.75929941009393,19.389892299420485
531.8000000000001,22.980958010818412,21.33630332233779
531.85,23.25268923397944,21.68460188169831
531.9,22.949360858297155,17.09812654242736
531.95,22.377352376643245,17.611468410983058
532.0,21.828309196296587,16.308653171819245
532.0500000000001,21.189689177269216,17.056212758624067
532.1,20.460532635679,17.379283581095496
532.15,19.743931730064716,17.987910721779553
532.2,18.977194784935534,14.729841379862451
532.25,18.13832030651433,19.06615007183404
532.3000000000001,17.275256185334726,19.0831657255526
532.35,16.545845740743943,17.914968737499137
532.4,15.98446470005473,17.948315120763297
532.45,15.571275799309873,18.035670554555754
532.5,15.199458433501533,17.965379428284447
532.5500000000001,14.716512684197525,17.645081708884913
532.6,14.093699503372164,10.542145283408528
532.65,13.213344086911704,13.115613892026357
532.7,12.547298612776274,13.51631498694834
532.75,11.946388191380791,13.915277697174245
532.8000000000001,11.354705838142053,10.816014802507853
532.85,10.754886964185275,12.796005328347244
532.9,10.264320686076417,11.686525049261727
532.95,9.80019185211468,8.27629217265974
533.0,9.321454905706219,7.366887261947242
533.0500000000001,8.872651091678605,7.439736079434789
533.1,8.516220711757,7.455341584956858
533.15,8.316083234103246,8.100022323036901
533.2,8.179388895190996,7.851931984835014
533.25,8.013582287017485,8.45620013979049
533.3000000000001,7.885191381083118,7.937364260414694
533.35,7.7564168083547,8.728617680678566
533.4,7.671430370000664,9.254573797942674
533.45,7.665995447052353,8.895257760416177
533.5,7.648476758609718,6.893642291385446
533.5500000000001,7.537926983324994,6.603984692682676
533.6,7.481764822186435,6.92512308791757
533.65,7.4996813632705255,6.553886119529351
533.7,7.551746254106618,6.479973038198453
533.75,7.587543116511554,6.584762065159499
533.8000000000001,7.644066640928443,10.411623819507994
533.85,7.806565908249581,10.62673812331137
533.9,7.995897339928561,10.716890574135123
533.95,8.221886752624556,11.23780707803621
534.0,8.4454301312676,10.965647162136763
534.0500000000001,8.716044398274434,8.467124245687053
534.1,8.93273971843692,9.85962019536809
534.15,9.139982640000838,10.633061035554523
534.2,9.300888633908286,10.532652451180875
534.25,9.421975430590393,29.701200055440733
534.3000000000001,9.568275278996438,20.4484048221176
534.35,9.707204668907181,25.57292445484529
534.4,9.785362833676885,25.30048014903241
534.45,9.855679457426419,25.789133533651466
534.5,9.901777002067064,19.220856241582837
534.5500000000001,9.92199904982148,10.630672226369102
534.6,9.933842298340664,11.128928261258407
534.65,9.914150861292796,11.265463455312732
534.7,9.860784047060818,11.128449902152399
534.75,9.780551895650916,9.20977723979184
534.8000000000001,9.649329342955724,7.081203535298633
534.85,9.468847103729047,8.597954251498624
534.9,9.223659093770195,8.730631663606154
534.95,8.979050040804836,8.424853292721087
535.0,8.83647951953752,10.89699744678544
535.0500000000001,8.616471785370578,11.16354080076321
535.1,8.449786103453917,10.76825110730603
535.15,8.290216232562955,9.919805339279522
535.2,8.184330800502963,9.7884496162578
535.25,8.14083587981284,8.695409293940362
535.3000000000001,8.123705080437716,6.944089612775059
535.35,8.093574345511641,7.971233055324991
535.4,8.061848832183557,7.647327913256853
535.45,8.04523117099184,6.0429454393268145
535.5,8.058072917530978,5.9599274674521014
535.5500000000001,8.107660901681314,6.159710033868893
535.6,8.16686895573828,5.645443284395396
535.65,8.195459609662961,7.284771549798895
535.7,8.205129851074119,8.66290351717113
535.75,8.229784097761481,7.879422123196934
535.8000000000001,8.295969796162524,7.989918470726909
535.85,8.369037508147755,7.131641527240316
535.9,8.447021246669195,7.264195486115788
535.95,8.604190861592045,7.734245417983366
536.0,8.716688705055802,7.861677570348016
536.0500000000001,8.866183935338483,7.835312934059291
536.1,9.043025021406919,7.5958316541139475
536.15,9.175352425699487,8.573892723794035
536.2,9.320465857910236,7.667454642917786
536.25,9.462982274470846,7.528540323723133
536.3000000000001,9.561253423605635,10.158597076493907
536.35,9.717711244172165,8.1027322849794
536.4,9.879772650796298,8.151430021208819
536.45,9.977515606603589,7.792700939494352
536.5,10.040736810947934,8.559468412469494
536.5500000000001,10.034989383226701,9.05758070885958
536.6,9.994300644755185,8.418099323396286
536.65,9.956435865024389,7.406472922499852
536.7,9.920726446529045,7.543182609805512
536.75,9.900330515075979,7.045590315547365
536.8000000000001,9.902138916599924,7.168931987231467
536.85,9.858247273808601,7.8296955232103596
536.9,9.795303675041353,7.766196295991935
536.95,9.707259287818403,7.798842710044227
537.0,9.564841788313004,7.852311080064219
537.0500000000001,9.372187213029562,8.226604689950314
537.1,9.23519016277642,7.980024065825574
537.15,9.075451699163764,6.849587732281856
537.2,8.889589764761084,7.130113448224545
537.25,8.584271372179884,6.8819393732947995
537.3000000000001,8.152762922831158,7.215071955120026
537.35,7.593924371726445,7.111805507846762
537.4,7.137358928470562,7.094010937568199
537.45,6.7217825633486825,7.2187133002290365
537.5,6.135553217077955,7.150309882542326
537.5500000000001,5.919385535777195,7.028248278306264
537.6,5.653096106463764,6.546261561261138
537.65,5.407882333825597,6.7614303825947335
537.7,5.011354739611207,6.610490345881645
537.75,4.817596141988815,9.059479228939079
537.8000000000001,4.7895988342268225,8.93016199044085
537.85,4.6684939878044815,8.857854037817354
537.9,4.542695972422919,9.072641677198417
537.95,4.506137886096283,8.881449294007364
538.0,4.388294551557138,9.052330067571004
538.0500000000001,4.2163498316247825,9.026071152584194
538.1,4.149813529953022,9.677533352496107
538.15,4.012223194585545,8.56716118539597
538.2,3.898175257994396,8.440997155572232
538.25,3.8246092712950457,8.46593429269403
538.3000000000001,3.6951117999198004,7.740630553394266
538.35,3.673657698538804,5.662206678784929
538.4,3.6182137951689413,5.6991165034936815
538.45,3.6408544770988414,5.581871999211873
538.5,3.6636254200419955,5.530905879719508
538.5500000000001,3.493041651528884,5.817817011998195
538.6,3.3609201759609846,5.787511224356439
538.65,3.3031415225169667,7.096419803791272
538.7,3.3425466025328205,6.845079709279426
538.75,3.379375318870075,6.55204647688469
538.8000000000001,3.248089328234002,5.218447507805605
538.85,2.9244250588293994,5.272215215493567
538.9,2.7306226789910397,5.354496987085655
538.95,2.6271515377438845,5.3054751824704995
539.0,2.6448993644074363,5.223471705220799
539.0500000000001,2.7012935368234565,5.196538613589398
539.1,2.7240986296990854,5.38472074013064
539.15,2.760731173428624,4.919943083887552
539.2,2.8718872712946393,4.6522870594680095
539.25,3.036797828281564,4.6751315107619345
539.3000000000001,3.1849964693204242,4.199811927433427
539.35,3.3353136721391934,4.183472523661795
539.4,3.51674683166938,4.341894310376918
539.45,3.5407909456451137,3.9524205366238605
539.5,3.379482859191924,4.1063618427634205
539.5500000000001,3.228438646927927,5.194670685440647
539.6,3.201989055765125,5.0153305984438274
539.65,3.181613849667457,8.158166574970698
539.7,3.1011540642367805,7.616087396687476
539.75,2.9015725558020335,5.033028839105707
539.8000000000001,2.7361273779976614,7.347995401352787
539.85,2.606349207270327,7.6610152556188895
539.9,2.528763125527476,8.849668742326454
539.95,2.732041499529217,8.95440718730704
540.0,2.797693613911079,9.396360237662826
540.0500000000001,2.858552397259402,8.243287200976658
540.1,2.8365452341739967,8.834062071750546
540.15,2.7453804079268167,9.794345492011134
540.2,2.6785053582354834,9.6882094985401
540.25,2.7345281712574376,9.721098309412218
540.3000000000001,2.757740792846704,9.912254442134548
540.35,2.856963844298221,9.985488191257964
540.4,3.062901457767353,9.942721387601773
540.45,3.3635417002486463,9.082905492257815
540.5,3.5832876484680156,10.287558557564775
540.5500000000001,3.803733897526996,6.0443853221328565
540.6,4.102885167839744,6.117797626104308
540.65,4.397424858981964,6.403241797038651
540.7,4.541896379443017,6.565423258701231
540.75,4.679521915603203,6.449586552073665
540.8000000000001,4.777146973534883,4.971212294514894
540.85,4.872102544441475,4.889032864868809
540.9,5.058148873696439,4.7671161701246065
540.95,5.261248819713657,4.994424266651839
541.0,5.437918660579484,4.696598814503899
541.0500000000001,5.690788140190406,4.703205417707989
541.1,6.032931098649797,4.452476741506178
541.15,6.482839493955495,5.535278907402049
541.2,7.03909154108662,5.936310760048022
541.25,7.494056664414259,5.186896047014411
541.3000000000001,7.810666849147367,5.3601139527422506
541.35,8.067061739857678,5.410827744001219
541.4,8.238109840469306,6.971269559849054
541.45,8.382189329915235,7.57950408669788
541.5,8.45661870305922,7.578322476714732
541.5500000000001,8.568970380885162,7.7816942659160135
541.6,8.697165807123284,7.7388562326510195
541.65,8.833079849205077,8.07760187550013
541.7,8.974589963970885,9.375583017438553
541.75,9.098917383277154,9.612068137013809
541.8000000000001,9.19159736052056,11.353241401226024
541.85,9.29111034445846,11.349418135733126
541.9,9.395535504400286,11.228470108438966
541.95,9.502651849002206,11.04866010306665
542.0,9.558814993468602,10.927066849270638
542.0500000000001,9.580338637013966,10.77893744590385
542.1,9.615042177695486,11.02656819833918
542.15,9.673711637131916,11.14117871484627
542.2,9.775410638731444,10.841880394071945
542.25,9.866235772372775,11.296605215079007
542.3000000000001,10.043622764119817,9.673931739133158
542.35,10.188747408917237,9.72791900408257
542.4,10.294751218105986,9.943574512108297
542.45,10.389900379619718,9.75801823504565
542.5,10.540529712974006,9.725280990956396
542.5500000000001,10.724545104379857,9.997674536820254
542.6,10.840995915011007,10.475809533941158
542.65,10.90920975859278,10.092917298070427
542.7,11.010666634197037,11.154032901329606
542.75,11.056214921713362,10.808622487960543
542.8000000000001,11.096377670134345,13.553784440019792
542.85,11.166406155522012,13.237946367052345
542.9,11.260275903626507,12.656991353261342
542.95,11.319699926875401,12.336199334524032
543.0,11.378952308160379,8.37075810240041
543.0500000000001,11.467774910700001,11.722268092184658
543.1,11.73480796792576,8.672992154195772
543.15,12.029029441954222,8.336585235922916
543.2,12.1757987294623,7.873168496746474
543.25,12.321353401719492,8.720326507053027
543.3000000000001,12.524459181097285,8.43623436672656
543.35,12.764947061916288,8.544082782802358
543.4,12.982517169768983,12.623668197046234
543.45,13.216771947405263,13.624527904285582
543.5,13.519620773252257,20.580939750534984
543.5500000000001,13.865988183700935,20.118662686762363
543.6,14.20099538530178,20.134474869036456
543.65,14.692303601622143,19.821804405999714
543.7,15.029988685935336,19.7657514365569
543.75,15.390577242310798,19.082979509502323
543.8000000000001,15.715303639426452,18.142105938707594
543.85,16.034025235101396,20.204641473102548
543.9,16.449114498431612,19.871048668009724
543.95,16.940762084421664,19.914007964830628
544.0,17.52011195324377,19.785969019910688
544.0500000000001,17.982549574609138,19.30134639110428
544.1,18.242886413576997,19.31749678494742
544.15,18.489517899642806,19.295310816943935
544.2,18.595682795996282,16.624224450236554
544.25,18.66598435490424,15.8038309211577
544.3000000000001,18.779368330821384,15.813863704367284
544.35,19.02539161039698,15.423074703460955
544.4,19.333699261797065,14.324804294074843
544.45,19.506234541524066,14.015328801240914
544.5,19.674916903248757,14.607037134919597
544.5500000000001,19.752190166810962,14.66480439487194
544.6,19.747892696794736,14.588343514390244
544.65,19.695034784227772,14.314778702971566
544.7,19.681961103737507,14.341736589523554
544.75,19.825386509434253,14.52661185839757
544.8000000000001,20.13858597018016,14.617524553605966
544.85,20.545790038105906,14.45842546852661
544.9,20.900074523119272,14.767350963410715
544.95,21.286628878662412,15.131493449278
545.0,21.734453304733805,17.40152531987704
545.0500000000001,22.257325989644144,15.934600525956157
545.1,22.711099184706256,16.666508340069484
545.15,22.935784273230567,15.723830698755396
545.2,23.12822203655952,15.595188108267543
545.25,23.33524154574026,15.510641149280072
545.3000000000001,23.67553555701558,15.037219103419673
545.35,24.145413282256428,15.369792943725649
545.4,24.589501792723695,15.013648383209933
545.45,25.055605028471916,13.857479276787629
545.5,25.523888580157518,15.867616600066842
545.5500000000001,26.118368543958496,16.119341605500594
545.6,26.662468677066116,16.016986409920072
545.65,27.191681381887207,16.004593083380374
545.7,27.768390694195105,16.656386585219238
545.75,28.399831545583424,16.339489417797765
545.8000000000001,29.11255491564188,16.206030697671718
545.85,29.60611854114154,16.778886342391264
545.9,29.94745079144657,16.57021811162489
545.95,30.51206992335186,15.181513957012838
546.0,31.04729043490542,13.935618307521288
546.0500000000001,31.518482572617216,16.92193076771422
546.1,32.146723886312685,17.10863743184799
546.15,32.74131473931081,20.130470101047294
546.2,32.8741292205266,17.65218007853196
546.25,32.77566428914221,31.44850739856984
546.3000000000001,32.71242097105656,31.747255655650548
546.35,32.72887101911874,32.246615995962856
546.4,32.751722912966486,31.87663404242461
546.45,32.74236208030776,31.8247404873875
546.5,32.718731705629,31.83969789526251
546.5500000000001,32.63897639581627,32.0246444513465
546.6,32.537667608621234,31.73983166747317
546.65,32.422226564528884,30.966293505147735
546.7,32.263848055724225,31.269565799645058
546.75,32.04953897293919,30.62628816583025
546.8000000000001,31.90365847734688,31.06700533994629
546.85,31.70009524687471,31.242453548301036
546.9,31.40965150455456,22.986080727799553
546.95,31.199063294962684,22.79542933221728
547.0,30.964471680986037,23.090187896192525
547.0500000000001,30.746653557785535,23.098998363667434
547.1,30.677931959759903,23.073606610196453
547.15,30.71452143017656,23.247005512906334
547.2,30.732801889382742,23.09192090278757
547.25,30.722734169000844,22.984951628579143
547.3000000000001,30.720630401585098,22.848222335918177
547.35,30.657832924007366,22.82913066270116
547.4,30.515704200164038,22.93298897901184
547.45,30.375248518592343,22.701633042376738
547.5,30.176190218436574,22.70501167354105
547.5500000000001,29.91712168922544,22.999531848924256
547.6,29.718505011309233,23.131166434189502
547.65,29.54592619952608,23.16402602908314
547.7,29.51328492060658,23.038026756045547
547.75,29.639852637946944,23.85480656812116
547.8000000000001,29.984410917524002,24.037043580619706
547.85,30.403592861083737,34.814724016836095
547.9,31.1483791370068,33.901262019636604
547.95,31.869512422924345,33.997402615512755
548.0,32.317120447776446,33.76411541543775
548.0500000000001,32.68019683668848,34.389760988165
548.1,33.06923055964927,34.3264777202038
548.15,33.476505678864484,33.85510719750636
548.2,33.936439296248366,33.83442056346583
548.25,34.31515525620843,33.73503975739201
548.3000000000001,34.6655767677223,33.14395497632249
548.35,34.93084437335371,31.690359243263657
548.4,35.307576771880306,29.211675574651974
548.45,35.53195056841723,24.64815031730594
548.5,35.145040485862395,24.62087520723972
548.5500000000001,34.86303418638107,22.738991966076874
548.6,34.621069513715234,23.340606867311518
548.65,34.46230846204929,29.133879263470163
548.7,34.31802388015352,29.606938141790476
548.75,34.16036293740033,29.66402031609992
548.8000000000001,33.90759235877173,23.93648969305481
548.85,33.52832723793753,24.362640180748937
548.9,33.08078567551902,28.821875058279964
548.95,32.64027289370075,23.634290958862966
549.0,32.190602350287016,29.242832414112335
549.0500000000001,31.468882397961256,29.10766244046333
549.1,30.639641046052585,28.56168180451111
549.15,29.89812496880639,28.59233761444066
549.2,29.36747698766482,28.88738696349256
549.25,28.82740381139858,22.87171615475951
549.3000000000001,28.26944146780984,23.29926017293268
549.35,27.80348420159993,23.16053535055494
549.4,27.41034285140676,24.36556879428283
549.45,26.98071949386182,24.308946175672055
549.5,26.54861896686712,24.125638426174895
549.5500000000001,26.195695829180423,23.95747290253006
549.6,25.790244269395902,23.873555619869546
549.65,25.488863802106977,24.098876052306554
549.7,25.340516436780497,24.361381045529974
549.75,25.188499496048784,27.885819733961448
549.8000000000001,25.008772837974423,27.695939059963536
549.85,24.744116756323624,27.593970543351347
549.9,24.36782261809856,28.10789892106262
549.95,24.04311743432549,28.28928763909333
550.0,23.651572326996533,24.551231043333114
550.0500000000001,23.16726678310319,24.765066987544444
550.1,22.668877820080255,24.741878269877347
550.15,22.135148391922502,24.954298767429783
550.2,21.56124408493596,23.56448375109418
550.25,21.2085439623524,27.414107055273533
550.3000000000001,20.88198225623338,25.44166864795963
550.35,20.43981508830849,25.558692264942362
550.4,20.06684434468248,25.582473698684147
550.45,19.76978698512366,25.566637601346606
550.5,19.413530881433086,18.310111256717637
550.5500000000001,19.010133904244523,18.428705694124936
550.6,18.64197945532082,17.974873911778058
550.65,18.11078797062065,17.764472634321574
550.7,17.436244572755815,17.9667687296287
550.75,16.939738480569876,21.173664317740336
550.8000000000001,16.457736998874562,20.637088957156937
550.85,15.945513224331997,21.408843332410093
550.9,15.37216372409643,20.8040576747024
550.95,14.716445996520076,20.78052823420293
551.0,13.95152691499213,20.79036705559119
551.0500000000001,13.12421360656502,20.866259535056358
551.1,12.234183139971952,17.552045929695424
551.15,11.351078933023295,17.737959301134527
551.2,10.239615052463872,17.40254136647785
551.25,9.023321896697164,17.103161302471648
551.3000000000001,7.890591747725129,16.855863876051572
551.35,6.952735688954773,17.134154519233885
551.4,5.860979750890995,20.44892963260555
551.45,4.840118098275976,17.10277964294362
551.5,3.848206493296511,11.479689396780412
551.5500000000001,3.200113453318553,9.625564707082143
551.6,2.608725703760034,9.128845268091293
551.65,2.298315967640228,8.174607877184618
551.7,2.1643587763476435,7.99407317035508
551.75,2.283513857973007,7.448306850031531
551.8000000000001,2.444420576334345,7.359989180104383
551.85,2.56875062365275,7.4216604127840675
551.9,2.7299546969960296,9.524671462551918
551.95,2.728669506482799,9.58339762133652
552.0,2.731283018896404,9.660137600963576
552.0500000000001,2.6426575683526603,9.583826221871249
552.1,2.607256896241863,9.347914549624555
552.15,2.68442383250196,9.655382265035025
552.2,2.739691777854614,2.8270697801844413
552.25,2.837824017170488,2.9244512665178384
552.3000000000001,2.8184312657299158,3.1614789029636214
552.35,2.8355221472149283,3.2998858186504934
552.4,2.835720291542315,3.0850385032035748
552.45,2.895949552766051,3.012392004864582
552.5,3.1268020499653257,3.074687693227627
552.5500000000001,3.3266182635046637,3.1882568308301944
552.6,3.3345256474934533,3.2357230881903636
552.65,3.165842930043695,3.3294483657087652
552.7,3.014544197167105,3.2091279045498067
552.75,2.6841970794156835,3.2141254637137218
552.8000000000001,2.5285318694560805,3.2015684582699713
552.85,2.4346902786844784,3.259469712208383
552.9,2.466271014456557,3.2700003051378634
552.95,2.402046068232866,4.303547708243383
553.0,2.1876130589637657,4.2921799742428215
553.0500000000001,2.128726868824865,4.313388033650552
553.1,2.201010289848934,4.240527486528085
553.15,2.0954999563381134,4.310116427684243
553.2,1.9889192472082575,4.343719570973466
553.25,1.9168842847741223,4.354329235957327
553.3000000000001,1.7079074740485416,4.094596003729576
553.35,1.5257679276502705,3.9626850079151303
553.4,1.28089366172828,3.830980344421225
553.45,1.1038045535539294,3.9963372370131616
553.5,0.858117945840339,3.955175818448499
553.5500000000001,0.7119753913153842,4.047277131642035
553.6,0.9445312056261904,4.142658970313982
553.65,1.1297405430737577,4.143098304778357
553.7,1.362269509485862,4.078188184872502
553.75,1.493488440727039,4.279353019967598
553.8000000000001,1.461369346492817,4.0404282571490775
553.85,1.4730579824226813,3.8939689398791706
553.9,1.553232370548478,3.6585273508034226
553.95,1.6894813904584292,3.782804565879152
554.0,1.933489197471172,4.006309060332991
554.0500000000001,2.0235716183802004,4.096168671517441
554.1,2.194573738850301,4.057926794761475
554.15,2.403806394986073,3.8209805204013105
554.2,2.673129625439961,3.9850231196283117
554.25,2.9100983510999536,4.129323118705099
554.3000000000001,3.064611555701514,4.177866929988589
554.35,3.118710491676642,4.153221758735217
554.4,2.9987795235835626,4.79767182026682
554.45,2.815483706496475,4.900603328842577
554.5,2.6381448296607566,4.752852268074825
554.5500000000001,2.823971985033028,4.555519434193931
554.6,3.1404852333657445,3.8827498152699307
554.65,3.421183497767185,3.876377371863781
554.7,3.687801127837596,4.065172136699447
554.75,3.880222346982263,4.029192956041928
554.8000000000001,4.009576342001041,4.01729136523436
554.85,4.127123346964199,4.972235922328879
554.9,4.145404989549206,5.064111499639637
554.95,4.042007797851545,4.07882602555367
555.0,3.9991052506207927,3.9329016412095195
555.0500000000001,4.124426951597295,5.22560073817779
555.1,4.39124631534899,5.277315723340622
555.15,4.722312250915531,4.3101760527754065
555.2,4.986050190918095,4.400378412737179
555.25,5.167054465224622,4.4422238934248215
555.3000000000001,5.165939037026721,4.326338969375465
555.35,5.084187679345727,4.86690885264111
555.4,4.858974631454012,5.028955013349727
555.45,4.575309008688778,4.844603981837897
555.5,4.263864225220365,6.6411100527588625
555.5500000000001,3.7361844598380807,6.362585739536275
555.6,3.200328899048782,6.3976330754671435
555.65,2.801655695022621,5.107068396833202
555.7,2.513223487019295,3.845856703647438
555.75,2.3862119932046184,3.6973752243850875
555.8000000000001,2.2526807281370558,3.8561540110823036
555.85,1.822737773521533,3.7169312343823666
555.9,1.3755386162348184,3.3744123225644835
555.95,1.2277588286815866,2.94451005531902
556.0,1.1652516757155615,3.005401539997381
556.0500000000001,1.0587374367906854,3.098978761911058
556.1,1.2468554356129715,3.1926597164165225
556.15,1.5692304934586223,3.1786039522840412
556.2,1.8964037787510564,3.171077892155681
556.25,2.152931126712569,5.53448560609023
556.3000000000001,2.3040248769638563,5.430944232631933
556.35,2.419802072275385,2.5723605336553135
556.4,2.6282099997417765,2.841999013579425
556.45,2.816869623612609,2.9420946276649955
556.5,2.961470642906179,2.51002018657522
556.5500000000001,3.0918247378298824,2.9443707788157156
556.6,3.1997048480691417,2.982674490936709
556.65,3.431268098072767,2.4758638520148226
556.7,3.469657645564358,2.5237338866672743
556.75,3.450594617037954,2.8710943656300456
556.8000000000001,3.4609785694438253,2.9039098249746393
556.85,3.607181043992776,3.0302981194886365
556.9,3.7455839186964397,2.922121880470362
556.95,3.816311015166672,3.206677224296551
557.0,3.753682602534289,3.2047088903387544
557.0500000000001,3.545345097634166,3.230822394953872
557.1,3.212907136378872,2.9885249496473083
557.15,3.0821441449427,3.147180724431913
557.2,3.0148396227785748,3.3136452262211713
557.25,2.804168008423875,3.4193282969801326
557.3000000000001,2.761965648082001,3.4197380722432134
557.35,2.5548694688666806,3.5438850102267154
557.4,2.4556016498987185,3.8690519459548125
557.45,2.44208617569798,3.66981724797864
557.5,2.4284756838499018,3.692456489270276
557.5500000000001,2.3745648633579672,3.5145020666223754
557.6,2.365777445626729,3.482280299324689
557.65,2.374556490974112,3.63905333512067
557.7,2.192116646712292,3.6435576704571035
557.75,1.8936228225923328,3.5464711756294394
557.8000000000001,1.9061210886164317,3.450847245223752
557.85,2.08441624166653,3.333855845917708
557.9,2.2537017248450137,3.4350132448420463
557.95,2.4370076408709966,3.449189814689195
558.0,2.530516099939711,3.472651435474932
558.0500000000001,2.5790197036876243,3.4921268691488745
558.1,2.5516084883810497,3.45156521779399
558.15,2.499715567973928,3.3384650389377075
558.2,2.489811222815635,3.113363779187231
558.25,2.454707290171047,3.0732262088130624
558.3000000000001,2.581074472035425,3.0774654284690284
558.35,2.65631554719289,3.0764084350148266
558.4,2.807950954714204,3.235984485794586
558.45,2.949406384587673,3.2660624791333714
558.5,3.004759362695965,6.0862307871134735
558.5500000000001,3.007238809341032,6.439797473826714
558.6,2.9130921052386114,6.310268932588273
558.65,2.9410532375713,6.26866312121671
558.7,3.030689334304466,6.689282075699008
558.75,3.143671120562091,6.5967482360065945
558.8000000000001,3.1164629133781827,6.072877619872088
558.85,3.006112427120253,6.067298810999424
558.9,2.9108906552709977,6.1682470888913254
558.95,2.823352170465982,6.185389052593837
559.0,2.6569552559155123,5.017742309592288
559.0500000000001,2.484934273746396,5.430929420846997
559.1,2.36464109641817,5.337686713169127
559.15,2.3378571527484646,4.945129197859824
559.2,2.250640092624642,5.402654680956998
559.25,2.3352814306137377,4.809475328896512
559.3000000000001,2.5112245035710865,5.1928599630542065
559.35,2.6587957889524123,4.773228751173386
559.4,2.5862679946201497,4.504883668865526
559.45,2.5026199724583456,4.446376591759112
559.5,2.2517277018776656,3.722893683437809
559.5500000000001,2.052810131548071,3.855241478255503
559.6,2.072949496774378,3.357794270965568
559.65,1.9980339582087063,3.4429927558319564
559.7,1.8254629307654973,3.521678960321718
559.75,1.7778033265435724,3.0051759091550703
559.8000000000001,1.6859935557450083,3.28909218761971
559.85,1.748328547526407,3.334912843458791
559.9,1.747557895178928,3.790118363658134
559.95,1.790974619173383,3.74888187011359
560.0,1.938764767983953,3.8170995970297876
560.0500000000001,2.083570978794768,3.451290110589349
560.1,2.333458481862175,3.214792023834972
560.15,2.6582726899771187,3.5890711693411004
560.2,2.9400450228834134,3.1614436305999543
560.25,3.233514944833983,3.393288029998861
560.3000000000001,3.553360054469596,3.446890483672169
560.35,3.87572568986266,3.434141923457897
560.4,4.132899487549145,3.8730072309163814
560.45,4.321915914897176,3.7982445922968644
560.5,4.463075155487735,3.8911537097892626
560.5500000000001,4.541386106370398,3.937718482941796
560.6,4.609352226474643,3.783759467135573
560.65,4.539409774874852,4.135881621813583
560.7,4.513786674771921,4.5484693070471245
560.75,4.428800641401516,4.598579788721609
560.8000000000001,4.294869343663989,5.139932532516895
560.85,4.292555911956858,5.099390544668896
560.9,4.125626315144796,5.029030153156504
560.95,3.950404644187712,5.068684457476124
561.0,3.885894970583916,5.207939752015879
561.0500000000001,3.8982811054521935,5.180413152666261
561.1,4.063488878896744,4.980151652708113
561.15,4.2252710918529,4.917428374818855
561.2,4.377966892595505,4.757147557879243
561.25,4.530317054768799,4.7350281901002225
561.3000000000001,4.722448572284472,4.434370691258248
561.35,4.924261739712757,4.434370691258248
561.4,5.043245357160016,4.692181017221137
561.45,5.093317549286449,4.778373864664488
561.5,5.097223619995436,4.820813536009254
561.5500000000001,5.157014648548129,4.988152281489307
561.6,5.128905966739109,5.345655223500585
561.65,5.11748068421106,5.976167563203379
561.7,5.126970158658956,4.541124778276192
561.75,5.085142205001443,4.498033781017584
561.8000000000001,5.096905711508359,4.485708390639853
561.85,5.10348069850086,4.490298620125968
561.9,5.036343499198445,4.356629268295589
561.95,4.906251190626528,4.375118986207854
562.0,4.833287677208847,4.250448349261644
562.0500000000001,4.723904459741419,4.374820505537346
562.1,4.655708385296465,4.395714568576824
562.15,4.63075137430385,4.4837106701198675
562.2,4.667306609482274,4.566786722031163
562.25,4.6670356191057545,4.695792617442993
562.3000000000001,4.682320501985185,5.673899356155687
562.35,4.776402846355459,5.446027148291645
562.4,4.883926307168411,5.861803668732668
562.45,5.039193079993074,6.107898693665948
562.5,5.174990130571376,5.905704846796852
562.5500000000001,5.228643357216848,5.455295074106053
562.6,5.146612159777737,5.676285383722072
562.65,5.107697139248117,5.564394614978013
562.7,4.901972135934125,5.79672394539333
562.75,4.803967846272612,5.527606414962704
562.8000000000001,4.763040430013022,5.4934118637557425
562.85,4.633388182473118,4.512917990851438
562.9,4.610678534154497,4.67563565298263
562.95,4.447323106079623,4.587771894590137
563.0,4.217023303115348,4.601454808247725
563.0500000000001,3.963671537927983,4.354303684607283
563.1,3.800944258834012,4.196636754803986
563.15,3.724076309731196,4.385392892151308
563.2,3.5773609616730004,4.344951890712753
563.25,3.4034404398528557,4.593370485613945
563.3000000000001,3.316080264408626,4.598719025349348
563.35,3.12337449411371,4.041559695281209
563.4,3.0443822658941846,3.9355054918686556
563.45,2.9578297858627285,3.6940827692842735
563.5,2.9952867793301063,3.3358773481934003
563.5500000000001,2.965031045091389,3.150065140486659
563.6,3.065195781022363,3.10049584817477
563.65,3.2169009256756524,3.149386262360388
563.7,3.367736577540971,3.0768690971529096
563.75,3.586792251641344,2.8822787573587862
563.8000000000001,3.798097659279126,3.1790301690172553
563.85,4.0226129827016655,3.3713603271548935
563.9,4.24047148303255,3.096166667410852
563.95,4.423001832220843,3.59270631279214
564.0,4.613567803346908,3.8206841402394685
564.0500000000001,4.694897676866191,3.670758293083326
564.1,4.733436571455503,3.984324108143976
564.15,4.80616717146036,6.670622843995351
564.2,4.995335843562877,5.10312641889954
564.25,5.284713535403742,5.7489208156300835
564.3000000000001,5.615562570795305,5.291087968541241
564.35,5.859166670984023,6.726888904174136
564.4,6.045454119568765,6.773758164308385
564.45,6.189467960340088,6.49740132601374
564.5,6.458844414311166,6.386004499171244
564.5500000000001,6.864525844856898,6.479405492890703
564.6,7.428055939871475,6.7316956791772755
564.65,7.960900920680286,6.7559191982653735
564.7,8.61439359541448,7.225473316304263
564.75,9.272044747831568,7.046166266481392
564.8000000000001,10.036107952014683,7.285280617419495
564.85,10.62666706545546,7.268095964891537
564.9,11.135992652489572,7.3990620448350395
564.95,11.675336463727565,7.453511723564949
565.0,12.180095217541998,7.620821807527683
565.0500000000001,12.674572763869303,7.686890874695377
565.1,12.97776466600635,7.664587887608674
565.15,13.154166664710113,11.417143747323726
565.2,13.203556593736712,11.83068204423009
565.25,13.18436863739876,11.251619921468544
565.3000000000001,13.12343859719988,12.170766098697833
565.35,12.99717096636417,11.99214872570621
565.4,12.746795509408171,12.238753800941998
565.45,12.414553120293714,12.56819491513
565.5,12.16665975915372,12.80640997200297
565.5500000000001,11.889991433571536,12.587737375599318
565.6,11.575487359681588,12.488643541272099
565.65,11.059512090287411,12.576836558883695
565.7,10.499429695897833,9.993929928818591
565.75,9.946501633437808,11.50087882533888
565.8000000000001,9.27756558112202,10.666774501213972
565.85,8.677637324061257,13.580508920642863
565.9,8.07894403112131,13.399975470929473
565.95,7.39794735081076,8.403009188526017
566.0,6.882993230823509,9.085090446961091
566.0500000000001,6.412915030830084,7.6600507281898205
566.1,6.045907339028222,7.412100780772043
566.15,5.659465108679966,6.592388282396238
566.2,5.60557918351416,6.69339000801192
566.25,5.582792295802993,8.885945031374266
566.3000000000001,5.456007224892594,8.696276011344374
566.35,5.219680277068341,8.144058823792593
566.4,5.09008911814876,8.319139634007
566.45,4.910270598550097,8.618340839128336
566.5,4.696065122294729,8.470925523577135
566.5500000000001,4.647349371474477,8.575492224077776
566.6,4.544860191775249,8.451850279368022
566.65,4.444502085614543,8.225883853926788
566.7,4.311026261507946,8.309467610601722
566.75,4.322075341216118,8.591427678891314
566.8000000000001,4.363189905688697,8.318988256998772
566.85,4.490710522080912,5.481446170576208
566.9,4.598528711096632,14.470461767914848
566.95,4.755180682827929,13.441019253629843
567.0,4.792291760226704,14.496667364058878
567.0500000000001,4.857995550867355,10.550804272136327
567.1,4.942700168032168,13.029228710389743
567.15,5.00443076520518,13.095053597090281
567.2,4.955313417977874,14.371230401340217
567.25,4.947565741326682,14.363302290752406
567.3000000000001,4.986225242815981,7.941518111559287
567.35,5.017020396167573,7.5768884510020085
567.4,5.038874667019325,7.479781951050078
567.45,5.076921391954421,7.465306240278546
567.5,5.105948578130658,7.719496766703809
567.5500000000001,5.148340455095621,7.6193049933793375
567.6,5.213424505087327,7.929472457409194
567.65,5.285715734067971,7.916219558401525
567.7,5.231467399075581,7.926921889198379
567.75,5.017794663478792,5.820844205314217
567.8000000000001,4.716652179342956,5.096522090655994
567.85,4.548101379197211,5.416711496526104
567.9,4.448451221275213,5.301632431595749
567.95,4.40033246433857,4.995002766219255
568.0,4.315049531492708,5.24958428029238
568.0500000000001,4.347704446875329,5.634007660043383
568.1,4.447171569762798,5.838685477927457
568.15,4.524495615969094,5.705016972211533
568.2,4.658951147216495,5.865678161363295
568.25,4.716485622151733,5.8644026752938165
568.3000000000001,4.685528380560441,6.05491023585416
568.35,4.580059417138707,6.0300532380149106
568.4,4.421139829242337,6.010910265223775
568.45,4.362786346984025,5.939322968685734
568.5,4.325979998604271,5.6556203015228474
568.5500000000001,4.335048976801527,6.924946799778062
568.6,4.420079044032238,6.386481056936777
568.65,4.559139636205195,6.579201659839688
568.7,4.6846532123628615,6.67926199349365
568.75,4.820797353778909,7.171990475063695
568.8000000000001,4.986099242856303,6.560680471293254
568.85,5.15598773654761,6.86669046914583
568.9,5.410049085918369,6.590141932936965
568.95,5.790244802835353,6.054128153193783
569.0,6.1767201606795465,5.427166764840449
569.0500000000001,6.446864206978,5.712218009724703
569.1,6.654262203979758,5.5379584376991104
569.15,6.736263100643575,5.504992066748854
569.2,6.850335633696007,5.476148199993569
569.25,6.963127733901445,7.31027931614879
569.3000000000001,7.104140841314599,6.471338401324736
569.35,7.244927442090451,7.486330861491988
569.4,7.367440879942734,7.340623421142612
569.45,7.466770299305822,7.487852331969428
569.5,7.524132909100126,7.176719034134891
569.5500000000001,7.674992126936739,6.0056262147153525
569.6,8.003429727368722,6.381259973939773
569.65,8.235360543908579,5.806362319346646
569.7,8.396297338592712,5.581802350023638
569.75,8.61513108390844,5.4877509897488315
569.8000000000001,8.856714537605743,5.473011093259864
569.85,9.119443224677656,5.550167749875089
569.9,9.49235632028304,6.35231443373765
569.95,9.89533467020623,6.640778152566301
570.0,10.38237134778161,6.823022011759253
570.0500000000001,10.814475457259611,6.11498362611906
570.1,11.21727115863721,6.052869535191556
570.15,11.550001248213592,5.999859855252473
570.2,11.803752619812164,5.355226685931018
570.25,12.010887387326967,4.8164595877461
570.3000000000001,12.151187489657534,4.7974783321493994
570.35,12.194935964848778,5.854988160013749
570.4,12.110756775051586,4.552110010959812
570.45,11.949975901412788,4.475958075294758
570.5,11.710487935080089,5.9559257895225
570.5500000000001,11.479390997399122,5.9236577395270675
570.6,11.29306710408649,5.656206232278418
570.65,11.14397464297231,4.678188765989038
570.7,10.84962790713719,4.810574742097633
570.75,10.40016554970616,4.844457108587773
570.8000000000001,10.017801893754296,4.987948329437088
570.85,9.723616269394753,5.109142304591426
570.9,9.293682049668874,4.892193674791708
570.95,8.889217712319564,5.049145335515391
571.0,8.641740473647005,5.118631938574968
571.0500000000001,8.503119675135082,5.10895455554197
571.1,8.457971097686183,5.049088791348179
571.15,8.418728244896116,5.084630193453014
571.2,8.348984754260641,5.337073316085995
571.25,8.254385820541955,5.577640421605188
571.3000000000001,8.200144089319295,5.131019857719971
571.35,8.175219741361857,5.719569599705869
571.4,8.156814337109282,5.388184381798513
571.45,8.153618957734238,5.472600100478411
571.5,8.184358994778435,5.316059829014458
571.5500000000001,8.203286499394437,5.310882837231681
571.6,8.152928920571583,5.410491080810054
571.65,8.093892733965376,5.4689693378944675
571.7,8.0493917968994,5.408841635816904
571.75,7.9987795394345795,5.40599333219156
571.8000000000001,7.953225111862594,5.5771847609241965
571.85,7.894618818566158,5.970443278325286
571.9,7.805026093274236,5.967191690393925
571.95,7.7331138232780035,6.02972874196829
572.0,7.702338560647846,6.001928054528934
572.0500000000001,7.596011105127076,5.998030476321835
572.1,7.316011047213522,5.469929906584429
572.15,7.1212237446061835,6.149781286429835
572.2,6.8739761071285415,6.213779918034963
572.25,6.540991203316594,5.5721424858965225
572.3000000000001,6.305396509377516,6.001300738623375
572.35,6.192629274394818,6.011248016332795
572.4,6.021922435348216,5.982685992000955
572.45,5.9800560232825575,6.490453842777402
572.5,5.968522338660435,5.995082198034016
572.5500000000001,5.971603952995494,4.974875209535618
572.6,6.034785836220436,4.912782996693344
572.65,6.067541523003499,5.2283046273045635
572.7,6.054464880243486,6.22716797072734
572.75,6.061545008457841,6.654830202083673
572.8000000000001,6.060785222288999,6.514976140517067
572.85,6.03676554719496,6.572407539339825
572.9,5.884245866443422,6.315748654067888
572.95,5.641984694906242,6.413276086299236
573.0,5.227060029163837,6.344830713354545
573.0500000000001,4.978797898825704,6.240764416249041
573.1,4.740312261927514,6.4490138040149665
573.15,4.585063334850602,6.12850776525292
573.2,4.414026998626724,6.019888060435054
573.25,4.437449388800303,6.086665549534355
573.3000000000001,4.451986731498764,6.167609526314395
573.35,4.54649924248784,6.31613094690355
573.4,4.647549078853245,6.850431369478974
573.45,4.802970909930565,6.801012750128465
573.5,4.928317057265659,7.2313225469963935
573.5500000000001,5.0250203816085985,8.700011703085888
573.6,5.072393818539524,8.941987310546878
573.65,5.23656195991164,9.169413231177732
573.7,5.454635647990742,7.919651307509111
573.75,5.665517484343553,5.9773255046991345
573.8000000000001,5.856301099487482,6.144760388004249
573.85,6.050166099259243,6.249287241520677
573.9,6.285524681855847,6.752302813205681
573.95,6.478781807419637,6.387594430322955
574.0,6.641038683784046,6.898677230067038
574.0500000000001,6.7985233972216434,7.104325485337413
574.1,6.978031099501834,7.111789043970795
574.15,7.175784184660998,8.104985410350592
574.2,7.3290631662813155,8.119794135322161
574.25,7.5143662304706424,7.121164196731386
574.3000000000001,7.738078054267561,7.622081314682214
574.35,7.918382138367775,6.734690818535305
574.4,8.174140711052843,6.735743012199283
574.45,8.396853212857522,5.71885438522336
574.5,8.603047219769621,5.835090708174218
574.5500000000001,8.7539026682512,5.401776279758962
574.6,8.883704869209836,5.071737113299638
574.65,9.101008908707257,5.618255800374154
574.7,9.238640130372417,5.939829654499855
574.75,9.375592489363598,5.896578390902686
574.8000000000001,9.447985924382877,5.020779872090462
574.85,9.477150463076086,5.626123113298433
574.9,9.542789834002619,9.050126984215842
574.95,9.63136273957818,8.030648708371098
575.0,9.720163006598483,11.481517677996365
575.0500000000001,9.88361486076198,11.187176090645565
575.1,10.208074837876651,17.610855124587438
575.15,10.538065521838291,10.465956990167028
575.2,10.781310104766035,10.455214326134875
575.25,11.119942706823892,10.324929556411567
575.3000000000001,11.439503896489526,10.429040818311577
575.35,11.759878948506469,10.477161732348593
575.4,12.065780646298407,12.178256159875
575.45,12.426934867668393,12.524219342137187
575.5,12.774866713954523,12.657241970431352
575.5500000000001,13.423219476277595,12.836613849543092
575.6,13.84169382529494,12.704286189586915
575.65,14.205949651303797,13.16890881694259
575.7,14.542095002493923,13.0328888855166
575.75,14.98015836455464,17.536298307250565
575.8000000000001,15.599260369888512,17.53740269852801
575.85,16.261080279234577,17.701519455977042
575.9,17.137924475369303,17.563002238898967
575.95,18.07212762672478,17.43452690838712
576.0,18.98523415337135,13.322051124682906
576.0500000000001,19.847847975589403,18.444366590956548
576.1,20.44604977554353,18.070811623537164
576.15,20.811501443731444,18.060061471925792
576.2,21.142964801341805,18.1177885071656
576.25,21.7303769820425,18.22326962613062
576.3000000000001,22.31412526927845,19.12096237234796
576.35,23.030694507397683,19.058391867472
576.4,23.791083108581503,18.54051554062927
576.45,24.678064667847906,18.74646300717341
576.5,25.483258092996167,18.672491643381044
576.5500000000001,26.139461458134562,17.24522041425959
576.6,27.05443630912231,18.987793716753984
576.65,27.850742650583953,17.873830258616543
576.7,28.90587426924324,23.815046495256983
576.75,29.96969510096551,24.217192667888476
576.8000000000001,31.015408198432226,18.195334428955924
576.85,31.796971665766364,18.28207763200337
576.9,32.517502198155086,18.44755065902159
576.95,33.262228575466224,18.13234426198603
577.0,34.09899354616947,22.99844528866467
577.0500000000001,34.904102155610175,24.270121150250848
577.1,35.59354800159973,29.6365002385112
577.15,36.52927913565952,30.799727227867763
577.2,37.26109621705462,24.621913522250548
577.25,38.01721227796718,24.213666529007686
577.3000000000001,38.71013923098274,23.815413070305453
577.35,39.380551246192475,31.574196231604752
577.4,40.04280380046643,32.8541878606091
577.45,39.85021253655304,33.86178481577911
577.5,39.05884105065631,33.616484916112455
577.5500000000001,38.306603891390914,33.511671831232746
577.6,37.56491146156669,33.11010018274522
577.65,36.86391299969984,32.49105542229543
577.7,35.93331969249475,32.33005312460641
577.75,34.98454323005731,32.70306497688539
577.8000000000001,34.200643200644194,33.060719100590816
577.85,33.62055899700425,32.98984701151013
577.9,33.105119863850774,32.97950877759123
577.95,32.58852624300643,35.81667927834217
578.0,32.345633180865434,36.67189193425652
578.0500000000001,31.88326372406938,36.75634615521958
578.1,31.41057010296423,36.07817585713484
578.15,30.92163135045702,37.040806769978445
578.2,30.14721164448126,37.668248447460584
578.25,29.30650296714282,37.369670606192805
578.3000000000001,28.49787033809676,34.14182270855959
578.35,27.51166872083178,33.35703448251803
578.4,26.411708234443694,33.29590918639393
578.45,25.370600511240937,24.3542483043963
578.5,24.502159080511916,22.881802030544964
578.5500000000001,23.69643729151602,21.935146047953126
578.6,22.931653057937424,33.00441312271145
578.65,22.18559933163607,31.13807833920492
578.7,21.476712222349647,21.664661803243995
578.75,20.8451097070338,21.644298726409943
578.8000000000001,20.189298617713646,21.981726863675945
578.85,19.51329983908859,21.416996735446546
578.9,18.972842777255252,21.41339230570881
578.95,18.46470152760999,17.286393884102765
579.0,17.85908712764953,14.859584937492139
579.0500000000001,17.369611595552172,15.139687867635594
579.1,16.80285185128953,16.18505610771428
579.15,16.412589346777224,20.904511759813005
579.2,16.11524249933862,20.111078597253524
579.25,15.805686841387839,17.705041047848134
579.3000000000001,15.275330854488203,15.835799014821273
579.35,14.826171837367156,15.190565383000495
579.4,14.401221929559426,12.756553984343213
579.45,13.910996561714256,17.431370966700673
579.5,13.457518038683261,18.13724226879374
579.5500000000001,13.003805183504824,18.351305430438252
579.6,12.308688186911482,17.05498889661056
579.65,11.70017030365031,16.658064283657765
579.7,11.004988660891556,16.505552335290123
579.75,10.314773763527867,16.559124669317907
579.8000000000001,9.565374133000034,19.975565597884565
579.85,8.86131164505204,19.50911047203855
579.9,8.171159844222359,15.78409393597396
579.95,7.664653361632318,15.651726557507311
580.0,7.15602688572622,14.649006634390746
580.0500000000001,6.714964591595958,14.624668373504962
580.1,6.160891492487224,14.93495718741973
580.15,5.6421647097674,11.740641080904442
580.2,5.085239525187674,10.832312059226279
580.25,4.484221812757056,9.645357802196967
580.3000000000001,3.8211975219003165,8.934834471422544
580.35,3.1007280180617585,9.190395409048504
580.4,2.6585445833762407,8.817192209264952
580.45,2.360213391504857,8.763997526041333
580.5,1.9247530920898015,8.578307991743984
580.5500000000001,1.731757427454113,8.332439495683756
580.6,1.5722491687522222,8.139816173444755
580.65,1.4372633362080052,7.161633194594266
580.7,1.339883215350639,5.136215653802199
580.75,1.4355848984871358,4.033569150651491
580.8000000000001,1.601179760497999,4.143677657458536
580.85,1.6052587956974804,3.6668046794381324
580.9,1.8081947939006824,3.6118626865681502
580.95,1.9303579805952467,3.199752846517939
581.0,2.1167948886981662,3.65249330565303
581.0500000000001,2.278934080295244,3.5170830309605052
581.1,2.3563685543304445,3.051115048047237
581.15,2.501927326147637,3.023949113047207
581.2,2.796341409646203,2.9203369669798307
581.25,2.96977421076852,3.433732647235867
581.3000000000001,3.1122774057955667,3.409857058276365
581.35,3.2515316100888185,3.4393213666032176
581.4,3.284636895852941,3.4019399278578777
581.45,3.2612365502411222,3.293379610270741
581.5,3.3445667323389046,3.299442314468388
581.5500000000001,3.416148138499679,3.3791466534919636
581.6,3.5122402715596337,5.947334592976003
581.65,3.7140578842838465,3.5447370099967968
581.7,3.86568145747178,3.5447370099967968
581.75,4.0690103214396345,3.677390698680891
581.8000000000001,4.2795902633262415,6.221689695685003
581.85,4.463831856324205,6.051561385421905
581.9,4.638557037295243,6.594819190639827
581.95,4.809913288946078,4.097938517868476
582.0,4.938598194114675,3.946611148212814
582.0500000000001,5.045752081388017,3.925552159082591
582.1,5.232664287584683,3.9657595429624832
582.15,5.407978768295777,3.9625240474026877
582.2,5.579500863950997,4.445888039590461
582.25,5.740231363997907,5.424746888630336
582.3000000000001,5.886148591725842,5.8932703288552
582.35,6.016671677092461,6.099623231140175
582.4,6.133133555620276,6.205607830123868
582.45,6.252249203468864,6.166228042299373
582.5,6.373437274988916,5.960898057035157
582.5500000000001,6.499057596007361,5.8915453867029495
582.6,6.622069300948354,6.309461134504813
582.65,6.739945717211796,6.44285246168958
582.7,6.848410741292398,6.919159323981112
582.75,6.927754068943997,6.412489605074796
582.8000000000001,7.0049637318032865,6.626364946005651
582.85,7.114261473013002,6.528042892701759
582.9,7.242619769277098,6.395998116107158
582.95,7.344780620108594,6.296906758435459
583.0,7.429876389256435,6.597190071778135
583.0500000000001,7.514686934117634,6.634121262488718
583.1,7.5648721390672335,6.8931361127033846
583.15,7.62928366300028,7.460711299071557
583.2,7.679409643050704,7.199662403808468
583.25,7.7720416861337185,5.834941782483461
583.3000000000001,7.876561601907767,5.3683027519952615
583.35,8.011551680343857,5.853805294630654
583.4,8.169367338048744,5.984491118083031
583.45,8.272117017842476,5.976522319012556
583.5,8.33556558032356,6.135484811882784
583.5500000000001,8.389494702345303,6.322736262161841
583.6,8.436444600075163,6.311579795873387
583.65,8.430889477779957,6.310392189647279
583.7,8.35284827413328,5.843935398146056
583.75,8.347066937763245,5.663141099156685
583.8000000000001,8.405020831902561,4.876428332164482
583.85,8.42046480191064,5.106971352174312
583.9,8.294019828618474,5.150390614009966
583.95,8.128476050405155,5.059520503857556
584.0,7.904757760702239,7.003609411628415
584.0500000000001,7.759594712433923,6.630457643113342
584.1,7.539344710498156,4.94804724268362
584.15,7.468003360978997,4.8056689313643774
584.2,7.545737452281699,5.506273862444756
584.25,7.768884915725536,6.463332273794581
584.3000000000001,7.981908883823678,6.7892313685024
584.35,8.191872777950962,5.492905770492541
584.4,8.419015405436596,5.4701574455996145
584.45,8.66628209018684,5.929940323216068
584.5,8.818180834700541,5.900232965660334
584.5500000000001,8.976688774639058,5.235487568713936
584.6,9.217383339164314,5.5058038550922905
584.65,8.431180667453276,5.655523817555608
584.7,7.425796551981762,5.708414581816328
584.75,6.64634323480368,5.105843752016235
584.8000000000001,6.058912904286302,7.750367313589139
584.85,5.412734049802239,8.454931878442666
584.9,4.937414133890101,8.353788509752249
584.95,4.343692159108315,6.629312061911231
585.0,3.7370450479160837,6.705076087338139
585.0500000000001,3.432979994432756,6.743932470776331
585.1,3.233470672756823,8.334038309753309
585.15,3.1787380616314067,8.730766025502257
585.2,3.1511671636356198,7.0720306999870095
585.25,2.986188603518201,5.5090163266703325
585.3000000000001,2.92613172005548,5.922927148945524
585.35,2.838697290718301,5.888950628376584
585.4,2.964759535208273,5.693621838801236
585.45,3.098132960552718,5.882936882335827
585.5,3.0964481896578775,5.534151992841303
585.5500000000001,3.0607558735859612,5.712357136697232
585.6,2.9117861751291656,5.617329435118287
585.65,2.860007295862715,5.724147938316147
585.7,3.0093271546925138,5.822456889698154
585.75,3.1708852582459173,5.746274814491785
585.8000000000001,3.3398186231667637,4.297390550626966
585.85,3.5849538605466194,4.519026736809115
585.9,3.786643776422281,5.670340664031527
585.95,3.9399135556225957,5.645465757424383
586.0,4.090751884911086,5.718069568148643
586.0500000000001,4.272777549598757,5.684538708222782
586.1,4.474018020175436,5.663940276529762
586.15,4.64745254511152,5.806617339437606
586.2,4.77592403052526,5.652919788939373
586.25,4.867045578858878,5.938004286579415
586.3000000000001,5.027034569491846,5.966754273304861
586.35,5.178014107386957,5.639297117665235
586.4,5.295154170154319,6.072236205361999
586.45,5.3601035522116405,5.795754058525662
586.5,5.233846662626476,5.757573368625361
586.5500000000001,5.135436926246527,5.683076515232217
586.6,5.037976533389283,5.4758423238648755
586.65,4.906583046744942,5.5641645905550385
586.7,4.758051229771127,5.887510069080236
586.75,4.740266134007925,5.715656099239345
586.8000000000001,4.6448720899444,6.020268341880328
586.85,4.446912267851687,5.552563008312624
586.9,4.251235649369633,5.614682227256341
586.95,4.16565018425932,5.445767671258364
587.0,4.239045376591406,5.586713563995036
587.0500000000001,4.410554044529803,5.610125848658632
587.1,4.513786682953963,5.705629779093348
587.15,4.401142395968876,5.769667475323107
587.2,4.305490186217483,5.893440409728753
587.25,4.203370103579601,6.043549532648045
587.3000000000001,4.234608731194484,5.961187997361363
587.35,4.381050897955646,5.9936951798053535
587.4,4.522925277967417,5.9645467370115455
587.45,4.6437137294367545,5.956630845381722
587.5,4.75566539267416,5.771558691781404
587.5500000000001,4.848612287001956,5.653067666814213
587.6,5.004993572371504,5.904848700791875
587.65,5.143112758501545,5.946765546104831
587.7,5.307893227221953,5.83158234228698
587.75,5.447031916970204,5.637660532828326
587.8000000000001,5.548984923090842,5.6567480988196674
587.85,5.641647062189335,5.608992136923018
587.9,5.590430596702873,5.605507507381283
587.95,5.531618604990598,5.629220739528194
588.0,5.436951031575603,5.7007905270059
588.0500000000001,5.327410153568721,5.598158592328574
588.1,5.292680796219116,5.48746227036628
588.15,5.198331006585278,5.632327584942462
588.2,5.142221243762137,5.653719480288712
588.25,5.133637971836961,5.66179104578128
588.3000000000001,5.187996747082522,5.6153216488525945
588.35,5.188747609939597,5.688343536196723
588.4,5.080932329023398,5.59278425179685
588.45,4.856166504414318,5.612723739004646
588.5,4.832386512233754,5.923447988281799
588.5500000000001,4.850718379038284,5.887049378535961
588.6,4.928446172541896,5.926177637532649
588.65,4.961993685021795,5.908942511243135
588.7,4.9990243402231584,5.801942268642572
588.75,4.9920118071286055,5.798622770272243
588.8000000000001,5.000402707834397,5.734162738194552
588.85,4.942503761640879,5.848371036826555
588.9,4.873633219141297,5.796191059210497
588.95,4.787864247947184,5.842374657195124
589.0,4.625053137351657,5.727986833897567
589.0500000000001,4.605539741013416,5.499018644868072
589.1,4.50055627373348,5.015653847400018
589.15,4.400428456983363,5.066299998358213
589.2,4.317550133543094,4.9127205041721735
589.25,4.17395518392054,4.795588300489055
589.3000000000001,4.028306135114633,4.839318651814294
589.35,4.013973013699953,4.69199759649583
589.4,3.949832061443047,4.738717652742266
589.45,3.864004483687822,4.5097152144808
589.5,3.682734454563956,4.5760669796461855
589.5500000000001,3.4892853601592435,4.325887923516216
589.6,3.2986061076035043,4.1947104743278745
589.65,3.208902554703556,3.952260743108866
589.7,3.0736306966029616,3.8062698125714447
589.75,3.1091749974667238,4.147679223025111
589.8000000000001,3.0424247007811545,3.991205880097815
589.85,3.010730314065597,3.960156874454393
589.9,2.8707959910015575,3.9336983959871077
589.95,2.707642976212327,3.7933913041842273
590.0,2.647183332318164,3.9587456578984446
590.0500000000001,2.6360551881471537,3.878095030733399
590.1,2.6003860318161003,3.878095030733399
590.15,2.4039732518694024,3.8830300900014176
590.2,2.114514840553497,3.9227158977161367
590.25,1.7124015785075954,3.915390894917047
590.3000000000001,1.2879403405184036,3.6712434771136215
590.35,1.020933886497673,3.6742522561391735
590.4,0.9670021711044825,3.602857189850384
590.45,1.095063330378082,3.4726182773099703
590.5,1.2777945786375966,3.4107795443789217
590.5500000000001,1.3336599388045158,3.376183143189881
590.6,1.366651800763762,3.1516276549984394
590.65,1.2823021771269225,3.4142468718254713
590.7,1.3341141779086456,3.567207934696089
590.75,1.3361480519555045,3.4855325215086186
590.8000000000001,1.3348006261097822,3.6002522206231977
590.85,1.3420073412477649,3.758580305383494
590.9,1.3856967829653968,3.3119330277893106
590.95,1.2427385751843758,3.6498800833792613
591.0,1.153434501415603,3.2180100919751395
591.0500000000001,1.2531460443045148,3.498353668784554
591.1,1.3382574303796844,3.3030094391493368
591.15,1.4406496720522028,3.075484842150075
591.2,1.4996259638344611,3.1276901735229545
591.25,1.441744695604683,3.26558077262896
591.3000000000001,1.388552927710478,3.161271980617916
591.35,1.6025941704319422,3.1604886436993893
591.4,1.9311973259476787,3.888792011630031
591.45,2.106764453517286,3.8925455009422985
591.5,2.284418648928167,3.560810005606898
591.5500000000001,2.459485374762636,2.9554492162010666
591.6,2.711949913198893,3.0733796686300883
591.65,2.8434127130224596,3.1019609508657147
591.7,2.898189079809484,3.440580287999331
591.75,2.8398438605032936,3.0569458085848025
591.8000000000001,2.7878676252399544,3.0793969508709798
591.85,2.924714032487998,3.184595058072755
591.9,3.186231140878064,3.1588180915283557
591.95,3.4550002712385606,3.1668130144929982
592.0,3.6710019733680355,3.2304801581776372
592.0500000000001,3.887448460954843,3.2754170243148804
592.1,4.166965902960953,3.382061639260264
592.15,4.465521977107784,5.261993011399352
592.2,4.7198222354507635,5.326150406069579
592.25,4.9168275350085935,7.808201330350657
592.3000000000001,5.073067690911316,8.063589605014592
592.35,5.287848911525018,8.25551714051025
592.4,5.5090981037347575,8.572043055653882
592.45,5.790104119637277,8.669106946382898
592.5,6.006745008636102,8.7118268850304
592.5500000000001,6.226411158715919,8.987624820650307
592.6,6.438159442242281,10.0563704067433
592.65,6.558533031310503,9.69428817954555
592.7,6.646811703892155,9.699825758532059
592.75,6.722498820645114,8.301075244993376
592.8000000000001,6.807987458457674,9.347602790503885
592.85,6.794262989018279,9.704729463823524
592.9,6.865859041018581,9.654474674577985
592.95,7.041102116109357,9.939744387483962
593.0,7.275640878850055,9.901639663217153
593.0500000000001,7.450201743606115,8.873365732744093
593.1,7.621794088476079,8.873365732744093
593.15,7.809748323848822,9.257117079949671
593.2,7.930107160955657,9.27190403299634
593.25,8.015159090021598,8.789457862593988
593.3000000000001,8.081004446457882,11.341869025348977
593.35,8.130778215337259,11.616614669449255
593.4,8.1492342941618,9.895507326836968
593.45,8.142771236573566,10.571367693349424
593.5,8.130229109587646,11.068395892397104
593.5500000000001,8.093397176495557,11.008750180472113
593.6,8.009730365139418,10.685564956939299
593.65,7.898349281235255,11.074379024570922
593.7,7.801515854536902,13.01289212949174
593.75,7.629236455136095,12.240267457071038
593.8000000000001,7.3601884020725805,12.307578366712264
593.85,7.101178883053677,12.498119288632543
593.9,6.843752168998833,12.582232502680663
593.95,6.728590462154486,11.369797342459758
594.0,6.655892434410276,11.148888466887877
594.0500000000001,6.543151915455397,10.496130586302854
594.1,6.3962693151061245,10.553357359484117
594.15,6.232561148380725,11.553467749699797
594.2,6.006261009915363,11.609141964185554
594.25,5.860227448459682,10.300121175825877
594.3000000000001,5.7327013755386815,10.35883342084542
594.35,5.517103801988966,10.331326394365682
594.4,5.327091483929905,9.717709885134047
594.45,5.181200324083207,9.82431828800667
594.5,5.0753703521904185,9.885759657921053
594.5500000000001,4.793761992887639,9.719439899405659
594.6,4.527179616017705,8.981402284080968
594.65,4.014262877334204,8.650738799856445
594.7,3.6934104649992747,4.9589010110189475
594.75,3.469172016021858,4.9598744030445
594.8000000000001,3.3010546813559785,4.927505458151598
594.85,3.1545033794303237,4.914904019817431
594.9,3.069337217323195,4.845055024465595
594.95,2.94975259245048,4.659372028744742
595.0,2.7165921274815616,4.357168045557403
595.0500000000001,2.516102511183817,4.434141444595041
595.1,2.258507528476599,4.0903390169253875
595.15,2.0607327680083216,3.826866297406166
595.2,1.8858979892361987,3.209236096998781
595.25,1.7489938879601965,3.410752053867883
595.3000000000001,1.725257169453755,4.005776252656718
595.35,1.798863125728019,3.678337620812357
595.4,1.871226326887097,3.185558380360445
595.45,1.7503001826188012,3.57162965778187
595.5,1.6710253009357956,3.6629276863329947
595.5500000000001,1.7286987330089971,3.611050366876315
595.6,1.7696255418433253,3.564046287859443
595.65,1.5761814896602573,3.1908814510123107
595.7,1.5659161466141427,2.9017480680794727
595.75,1.648206880039055,2.829428929244153
595.8000000000001,1.6443957460904812,2.8616602773707656
595.85,1.5876997835712388,4.7915195563653885
595.9,1.6214742613235558,4.701399137418249
595.95,1.6303826810597002,4.592971009314365
596.0,1.613689596795993,4.429356364889814
596.0500000000001,1.5640835208088362,2.6745430364373872
596.1,1.3506309147518039,2.5909079997555415
596.15,1.1948399097324796,2.691976781188541
596.2,0.9521859215670361,2.8215596220886012
596.25,0.7258844830886773,2.641867958437313
596.3000000000001,0.6490200554658401,2.4768743147446606
596.35,0.7630757428253645,3.0980949465111602
596.4,0.9773067877637658,3.2787181016084115
596.45,1.1570880142211593,3.2448189667748175
596.5,1.2410268372185982,6.614449922781125
596.5500000000001,1.3325136908523376,3.345957991325518
596.6,1.202129343265753,3.3001053570965264
596.65,1.2063119629030439,3.251089483393186
596.7,1.3059035471668636,3.306901098518229
596.75,1.358536303517397,3.3194208901245257
596.8000000000001,1.2049296914445051,5.348504618182521
596.85,1.025891863046553,7.762865073398846
596.9,1.0108759937796208,8.330212738637394
596.95,1.1422478040944952,6.042379610388976
597.0,1.1982795333494636,3.8419184608225128
597.0500000000001,1.1515828783101938,3.697181011127344
597.1,1.1804266201964424,3.772548219031981
597.15,1.1506526672662005,3.4821492785834356
597.2,1.2054569563149613,2.8264622330619913
597.25,1.3446185717856167,2.874369899379515
597.3000000000001,1.408935136441258,2.767292422820161
597.35,1.5968820129403554,2.7879317599977087
597.4,1.915829566108755,9.541191821604839
597.45,2.156554112063759,9.982786499731334
597.5,2.4144841576765543,9.851663031631015
597.5500000000001,2.6510909253074857,3.089892284779329
597.6,2.961837621983264,3.144028974917621
597.65,3.460129965801954,3.2162886077868063
597.7,3.9316157985657583,3.018823433858916
597.75,4.354170441899598,3.0375848455980177
597.8000000000001,4.754564267923286,2.899047148466914
597.85,5.1299325176081965,2.9259821646422104
597.9,5.55646851180876,3.527285979570633
597.95,5.90249155602686,3.2197386777755916
598.0,6.163436138864,3.576901765088743
598.0500000000001,6.440240107770137,3.7104187715319203
598.1,6.711670401267554,3.818588904118655
598.15,7.088366685475805,3.578250768778559
598.2,7.491264154526704,3.630460616672601
598.25,7.9708587862098454,4.035992911260449
598.3000000000001,8.508191947946315,4.03894227258359
598.35,8.946131291171582,5.476801521710189
598.4,9.236669445115595,6.459915916063664
598.45,9.380744284504274,6.134346657717223
598.5,9.497014899697945,6.141464163941736
598.5500000000001,9.66740449308044,4.1188847046188215
598.6,9.826622228131,5.287928261707808
598.65,9.966542044984834,4.350877487089267
598.7,10.016492886178568,4.559243125635584
598.75,9.991524224459951,4.635012376090906
598.8000000000001,9.829234981506175,3.9908610891444063
598.85,9.553673179845703,4.255303929960133
598.9,9.228748520189455,4.212422709313725
598.95,8.928570502239339,4.105157116688543
599.0,8.709072423843182,4.14705989773952
599.0500000000001,8.511828250625314,4.2613110234807134
599.1,8.2195638706783,5.112313764425796
599.15,7.844788627286221,4.816168432457505
599.2,7.6191539680815055,5.157439738013566
599.25,7.430995206152403,5.061814797227666
599.3000000000001,7.138490712323218,5.638932054599486
599.35,6.959098089427698,5.68279580076001
599.4,6.886171802739526,5.371570177468089
599.45,6.780474488648565,5.42043042678505
599.5,6.677718773616718,5.524038478209125
599.5500000000001,6.608447245384923,5.390058361937435
599.6,6.472123907498357,5.807985475331058
599.65,6.350072197894875,5.875272936347759
599.7,6.184391153531607,5.682909894621141
599.75,6.088267133159462,5.905516372863909
599.8000000000001,6.028033223911379,6.169124257760169
599.85,5.974460199726622,5.68183925055735
599.9,5.984476618936199,5.520648921186238
599.95,5.987389843981475,5.6585821952915785
