time,event_type,closed_loop_target,decoded_spatial_context,spatial_context_confidence,decoded_movement_state,movement_state_confidence,true_spatial_context,true_movement_state,correct_trigger
420.3,context_wall,spatial_context,corner,0.9208841275521613,fast,0.5280478579316832,corner,slow,True
420.35,context_wall,spatial_context,corner,0.8953244258964212,slow,0.47811674614747773,corner,slow,True
420.4,context_wall,spatial_context,corner,0.9649280322689617,slow,0.5253982908495386,corner,slow,True
420.4500000000001,context_wall,spatial_context,corner,0.9694192559977526,slow,0.5176974817389167,corner,slow,True
420.5,context_wall,spatial_context,corner,0.9914340410709268,slow,0.5436925909862993,corner,fast,True
420.55,context_wall,spatial_context,corner,0.9764220847258338,slow,0.573375641870712,corner,slow,True
420.6,context_wall,spatial_context,corner,0.978184289209005,slow,0.5727910958631421,corner,slow,True
420.65,context_wall,spatial_context,corner,0.964338611982053,slow,0.5246251431949016,corner,slow,True
420.7000000000001,context_wall,spatial_context,corner,0.9915548116459765,slow,0.45262418529377774,corner,slow,True
420.75,context_wall,spatial_context,corner,0.9819186417584119,still,0.5048635985747697,corner,slow,True
420.8,context_wall,spatial_context,corner,0.9742046864543618,still,0.5168927417011849,corner,slow,True
420.85,context_wall,spatial_context,corner,0.9813898405995433,still,0.45895090001177824,corner,slow,True
420.9,context_wall,spatial_context,corner,0.9836623159204433,slow,0.4935999656658528,corner,slow,True
420.9500000000001,context_wall,spatial_context,corner,0.9626922252236748,slow,0.4968108552442191,corner,slow,True
421.55,context_wall,spatial_context,corner,0.816989427679442,slow,0.5178047493495402,corner,fast,True
421.6,context_wall,spatial_context,corner,0.909606871784122,slow,0.47000920520627726,corner,fast,True
421.65,context_wall,spatial_context,corner,0.9204132816566718,fast,0.5823034131424516,corner,fast,True
421.7000000000001,context_wall,spatial_context,corner,0.9133088291607627,fast,0.7015186216794147,corner,fast,True
421.75,context_wall,spatial_context,corner,0.9470728181613666,fast,0.7908826928598657,corner,fast,True
421.8,context_wall,spatial_context,corner,0.9494420884451341,fast,0.7744987913962479,corner,fast,True
421.85,context_wall,spatial_context,corner,0.9800389096489391,fast,0.8284882147737328,corner,fast,True
421.9,context_wall,spatial_context,corner,0.9336955310104876,fast,0.8595903689561321,corner,fast,True
421.9500000000001,context_wall,spatial_context,corner,0.8950494526824272,fast,0.7748360368664033,corner,slow,True
422.0,context_wall,spatial_context,corner,0.9185530510409587,fast,0.826018729380924,corner,slow,True
422.05,context_wall,spatial_context,corner,0.9105596194111931,fast,0.8354052407431499,corner,slow,True
422.1,context_wall,spatial_context,corner,0.8603082038572123,fast,0.7898035308300431,corner,slow,True
422.15,context_wall,spatial_context,corner,0.9067472812575899,fast,0.720457768772104,corner,slow,True
422.2000000000001,context_wall,spatial_context,corner,0.974235189208926,fast,0.6938863568024806,corner,slow,True
422.25,context_wall,spatial_context,corner,0.9189692068372192,fast,0.47788424856752193,corner,slow,True
422.3,context_wall,spatial_context,corner,0.9748159270920538,fast,0.466503842735635,corner,fast,True
422.35,context_wall,spatial_context,corner,0.9669602388142394,slow,0.5125933165232249,corner,fast,True
422.4,context_wall,spatial_context,corner,0.9410631612678622,slow,0.48940507215845813,corner,fast,True
422.4500000000001,context_wall,spatial_context,corner,0.9886209171534293,slow,0.4735984033863186,corner,slow,True
422.5,context_wall,spatial_context,corner,0.9717249361152889,slow,0.4339097263297131,corner,slow,True
422.55,context_wall,spatial_context,corner,0.9781264640938799,still,0.49005564031531973,corner,fast,True
422.6,context_wall,spatial_context,corner,0.9750791703493427,still,0.5202341214668748,corner,fast,True
422.65,context_wall,spatial_context,corner,0.9751386876740868,still,0.4780859946541016,corner,slow,True
422.75,context_wall,spatial_context,corner,0.8065959074881597,slow,0.4476631977677244,corner,fast,True
423.2000000000001,context_wall,spatial_context,corner,0.8069652738424945,slow,0.515599705654392,corner,slow,True
423.25,context_wall,spatial_context,corner,0.8283545963669767,slow,0.505443734685083,corner,slow,True
423.3,context_wall,spatial_context,corner,0.806976596694967,slow,0.5122426903482334,corner,slow,True
423.35,context_wall,spatial_context,corner,0.8939614854955231,slow,0.49936016055859345,corner,slow,True
423.4,context_wall,spatial_context,corner,0.9755794452180402,slow,0.47705612906092326,corner,slow,True
423.4500000000001,context_wall,spatial_context,corner,0.9896980310671262,slow,0.4510322258575721,corner,slow,True
423.5,context_wall,spatial_context,corner,0.9922843979153556,still,0.5117901346755397,corner,slow,True
423.55,context_wall,spatial_context,corner,0.9827500748807441,still,0.6371576535311995,corner,slow,True
423.6,context_wall,spatial_context,corner,0.895180972067356,still,0.5483822135970449,corner,slow,True
423.65,context_wall,spatial_context,corner,0.9262123342328685,still,0.6742550868866599,corner,slow,True
423.7000000000001,context_wall,spatial_context,corner,0.9565027520125207,still,0.638170811058875,corner,slow,True
423.75,context_wall,spatial_context,corner,0.9423212782065907,still,0.7078095675356089,corner,slow,True
423.8,context_wall,spatial_context,corner,0.8295131115508803,still,0.7788234952267536,corner,slow,True
424.15,context_wall,spatial_context,corner,0.8953907151649019,still,0.6315515700176016,corner,fast,True
424.2000000000001,context_wall,spatial_context,corner,0.8754058496815138,still,0.5528806223207965,corner,slow,True
424.25,context_wall,spatial_context,corner,0.825257595701824,slow,0.4562453415078225,corner,slow,True
424.4500000000001,context_wall,spatial_context,corner,0.8259098810542433,slow,0.5224573708142392,corner,slow,True
424.5,context_wall,spatial_context,corner,0.814506864960937,slow,0.5009771605691025,corner,fast,True
424.55,context_wall,spatial_context,corner,0.8281586346574928,slow,0.5239004829267795,corner,fast,True
424.6,context_wall,spatial_context,corner,0.8100506393961175,slow,0.5611580398439548,corner,fast,True
424.65,context_wall,spatial_context,corner,0.814137511722954,slow,0.5836812809059088,corner,fast,True
424.8,context_wall,spatial_context,corner,0.8202963630595699,slow,0.5891929575425147,corner,fast,True
424.85,context_wall,spatial_context,corner,0.8949078635986814,slow,0.5523257507933363,corner,fast,True
424.9,context_wall,spatial_context,corner,0.93297753604115,slow,0.5056296229832226,corner,fast,True
424.9500000000001,context_wall,spatial_context,corner,0.9321332904284431,slow,0.475651717884458,corner,fast,True
425.0,context_wall,spatial_context,corner,0.9399866509996835,fast,0.515439326653095,corner,fast,True
425.05,context_wall,spatial_context,corner,0.9427383047297795,slow,0.47761758316301195,corner,fast,True
425.1,context_wall,spatial_context,corner,0.9374876464121061,fast,0.49045838289541566,corner,slow,True
425.15,context_wall,spatial_context,corner,0.9114269827047218,slow,0.4911496636494688,corner,fast,True
425.2000000000001,context_wall,spatial_context,corner,0.9642367678288923,slow,0.45465204625193484,corner,fast,True
425.25,context_wall,spatial_context,corner,0.9667012694130084,slow,0.4695667721195729,corner,fast,True
425.3,context_wall,spatial_context,corner,0.9668831683614185,slow,0.4713091943472798,corner,slow,True
425.35,context_wall,spatial_context,corner,0.9626330172805396,slow,0.4916300561240721,corner,fast,True
425.4,context_wall,spatial_context,corner,0.914784852172453,slow,0.45630543950027497,corner,fast,True
425.4500000000001,context_wall,spatial_context,corner,0.9254685664500291,slow,0.5015120627212419,corner,fast,True
425.5,context_wall,spatial_context,corner,0.9180199834812451,slow,0.527764605204082,corner,fast,True
425.55,context_wall,spatial_context,corner,0.877393460964387,slow,0.5139477569038682,corner,fast,True
425.6,context_wall,spatial_context,corner,0.9606759061941438,slow,0.5476339337962547,corner,fast,True
425.65,context_wall,spatial_context,corner,0.9638694840431811,slow,0.5182359187605055,corner,fast,True
425.7000000000001,context_wall,spatial_context,corner,0.8822298099049597,slow,0.5433206641310624,corner,slow,True
425.75,context_wall,spatial_context,corner,0.9759291274048669,slow,0.5194539948786292,corner,slow,True
425.8,context_wall,spatial_context,corner,0.978438970194526,slow,0.5210893742022813,corner,fast,True
425.85,context_wall,spatial_context,corner,0.9768994450305007,slow,0.5357669883441243,corner,slow,True
425.9,context_wall,spatial_context,corner,0.8800612385193611,slow,0.5472675198008208,corner,fast,True
425.9500000000001,context_wall,spatial_context,corner,0.8866539899613689,slow,0.5285341478008891,corner,fast,True
426.0,context_wall,spatial_context,corner,0.9486539559863962,slow,0.49574691463536275,corner,fast,True
426.05,context_wall,spatial_context,corner,0.9905537651437691,still,0.5052859967940652,corner,fast,True
426.1,context_wall,spatial_context,corner,0.9757700072744939,slow,0.5103693809005155,corner,fast,True
426.15,context_wall,spatial_context,corner,0.9578937080046689,slow,0.5030998150138963,corner,fast,True
426.2000000000001,context_wall,spatial_context,corner,0.9583818333471464,fast,0.5678040694549283,corner,fast,True
426.25,context_wall,spatial_context,corner,0.9469987123777851,fast,0.6774658349213603,corner,fast,True
426.3,context_wall,spatial_context,corner,0.873001628941575,fast,0.8097614477410698,corner,fast,True
426.4,context_wall,spatial_context,corner,0.8470965136752695,fast,0.9506155573414693,corner,fast,True
426.4500000000001,context_wall,spatial_context,corner,0.8864689259370269,fast,0.9714777522598727,corner,fast,True
426.5,context_wall,spatial_context,corner,0.8058837187889271,fast,0.9772178849778237,corner,fast,True
426.55,context_wall,spatial_context,corner,0.8614697609659704,fast,0.9861439342094892,corner,fast,True
426.6,context_wall,spatial_context,corner,0.9146723386284531,fast,0.9777896621472753,corner,fast,True
426.65,context_wall,spatial_context,corner,0.9169383459617805,fast,0.9739330067718408,corner,fast,True
426.7000000000001,context_wall,spatial_context,corner,0.9377561647413917,fast,0.9569736721765345,corner,fast,True
426.75,context_wall,spatial_context,corner,0.8899061393765063,fast,0.9501183311765071,corner,fast,True
426.8,context_wall,spatial_context,corner,0.9447256450258543,fast,0.9349332252214504,corner,slow,True
426.85,context_wall,spatial_context,corner,0.9578879922300865,fast,0.9013416194797397,corner,slow,True
426.9,context_wall,spatial_context,corner,0.9793554947962981,fast,0.8380059421769233,corner,slow,True
426.9500000000001,context_wall,spatial_context,corner,0.9315711373970491,fast,0.7567677663089499,corner,fast,True
427.0,context_wall,spatial_context,corner,0.9127291488051215,fast,0.7185155145271317,corner,fast,True
427.05,context_wall,spatial_context,corner,0.9197733438405293,fast,0.7220788927150495,corner,fast,True
427.1,context_wall,spatial_context,corner,0.8935935778251831,fast,0.7782532030356777,corner,fast,True
427.15,context_wall,spatial_context,corner,0.8515795476255871,fast,0.7550669843640445,corner,fast,True
427.25,context_wall,spatial_context,corner,0.8386601330884769,fast,0.7931882606983233,corner,fast,True
427.3,context_wall,spatial_context,corner,0.8877112096113463,fast,0.7979473763703067,corner,fast,True
427.35,context_wall,spatial_context,corner,0.8061455100716687,fast,0.7719328180254842,corner,fast,True
427.4,context_wall,spatial_context,corner,0.8569188523007898,fast,0.7384360420774532,corner,fast,True
427.4500000000001,context_wall,spatial_context,corner,0.8016614453214204,fast,0.8324630341525936,corner,fast,True
427.9,context_wall,spatial_context,corner,0.9136077572550363,fast,0.8682314051448627,corner,fast,True
427.9500000000001,context_wall,spatial_context,corner,0.8894201372368782,fast,0.8688346068249907,corner,fast,True
428.0,context_wall,spatial_context,corner,0.9646265616149653,fast,0.8685559425837357,corner,fast,True
428.05,context_wall,spatial_context,corner,0.9372034155021707,fast,0.8989492393333459,corner,fast,True
428.1,context_wall,spatial_context,corner,0.9534026398779701,fast,0.9108760410690788,corner,fast,True
428.15,context_wall,spatial_context,corner,0.9543198487444515,fast,0.9138993641609046,corner,fast,True
428.2000000000001,context_wall,spatial_context,corner,0.9128948167391867,fast,0.9192843037226555,corner,fast,True
428.25,context_wall,spatial_context,corner,0.8519684666386919,fast,0.9016607824926488,corner,fast,True
428.3,context_wall,spatial_context,corner,0.8691918228650057,fast,0.9084227368314775,corner,fast,True
428.6,context_wall,spatial_context,wall,0.805894689407451,fast,0.8613263035829928,corner,fast,True
428.7000000000001,context_wall,spatial_context,wall,0.8057970348398641,fast,0.836447687133394,wall,fast,True
428.9,context_wall,spatial_context,wall,0.8192010871916533,slow,0.5340244663028759,corner,slow,True
430.35,context_wall,spatial_context,wall,0.8769508332413024,slow,0.528155704776113,wall,fast,True
430.4,context_wall,spatial_context,wall,0.8412855432146813,slow,0.5260756921326064,wall,fast,True
430.4500000000001,context_wall,spatial_context,wall,0.8838639286256748,slow,0.5414725732152612,wall,fast,True
430.5,context_wall,spatial_context,wall,0.8181876756159723,slow,0.5632495963018365,wall,fast,True
430.55,context_wall,spatial_context,wall,0.8252710017747984,slow,0.5740775051557566,wall,fast,True
431.1,context_wall,spatial_context,wall,0.8224411204661715,slow,0.5151574549891706,wall,slow,True
431.35,context_wall,spatial_context,wall,0.8313538112811385,slow,0.5037347063879974,wall,still,True
431.55,context_wall,spatial_context,wall,0.8169823399686489,still,0.46825058512678513,wall,slow,True
431.9500000000001,context_wall,spatial_context,wall,0.8140613218266879,slow,0.5185341328514556,wall,fast,True
432.1,context_wall,spatial_context,wall,0.8523615953102776,fast,0.6857426326416498,wall,slow,True
432.15,context_wall,spatial_context,wall,0.8357387366164787,fast,0.7124027104010693,wall,fast,True
432.2000000000001,context_wall,spatial_context,wall,0.8425330618305931,fast,0.7784671410951547,wall,fast,True
432.25,context_wall,spatial_context,wall,0.9557693435048606,fast,0.7765017633900719,wall,fast,True
432.3,context_wall,spatial_context,wall,0.9543087334196805,fast,0.7935054821657648,wall,fast,True
432.35,context_wall,spatial_context,wall,0.9078210143058233,fast,0.8259456288492218,wall,fast,True
432.4,context_wall,spatial_context,wall,0.8535667333408473,fast,0.8261676105399235,wall,fast,True
432.4500000000001,context_wall,spatial_context,wall,0.8985408175228935,fast,0.8593144703154086,wall,fast,True
432.5,context_wall,spatial_context,wall,0.8789554235213712,fast,0.8676823795862275,wall,fast,True
432.55,context_wall,spatial_context,wall,0.9369076810847701,fast,0.8188708731804397,wall,fast,True
432.6,context_wall,spatial_context,wall,0.9462832427848411,fast,0.7833542848152345,wall,fast,True
432.65,context_wall,spatial_context,wall,0.8938364047998022,fast,0.840738370308238,wall,fast,True
432.7000000000001,context_wall,spatial_context,wall,0.8641519127882552,fast,0.8212983777881715,wall,fast,True
432.75,context_wall,spatial_context,wall,0.8985372617466421,fast,0.7571342680127024,wall,fast,True
432.8,context_wall,spatial_context,wall,0.8895635539574228,fast,0.7450734201136732,wall,fast,True
432.9,context_wall,spatial_context,wall,0.8751513174205712,fast,0.8525215922061714,wall,fast,True
433.15,context_wall,spatial_context,wall,0.8338011538421811,fast,0.6983042457652928,wall,fast,True
433.3,context_wall,spatial_context,wall,0.8143079890908163,fast,0.8394522299632665,wall,fast,True
433.35,context_wall,spatial_context,wall,0.9195377663483153,fast,0.7282081804582423,wall,fast,True
433.4,context_wall,spatial_context,wall,0.9504484146833608,fast,0.6441871831883368,wall,fast,True
433.4500000000001,context_wall,spatial_context,wall,0.9281040724049779,fast,0.5154764430474776,wall,fast,True
433.5,context_wall,spatial_context,wall,0.8118396985192647,fast,0.5720361070738113,wall,fast,True
434.1,context_wall,spatial_context,wall,0.8021521441002541,fast,0.7131855285785911,wall,fast,True
435.55,context_wall,spatial_context,corner,0.8105057553731941,still,0.8027167053706719,corner,slow,True
435.6,context_wall,spatial_context,corner,0.8239328887522835,still,0.7383247153963683,corner,fast,True
435.65,context_wall,spatial_context,corner,0.8477011008598119,still,0.6548275255497755,corner,fast,True
435.7000000000001,context_wall,spatial_context,corner,0.8015210783330069,still,0.5535151723334406,corner,fast,True
435.75,context_wall,spatial_context,corner,0.8242298445294541,fast,0.375980137624268,corner,fast,True
437.4500000000001,context_wall,spatial_context,corner,0.8017878860134633,slow,0.5004419888303995,corner,slow,True
438.05,context_wall,spatial_context,corner,0.8166706040592767,still,0.46624465553330124,corner,slow,True
438.1,context_wall,spatial_context,corner,0.8022316884281971,slow,0.4621901220267172,corner,fast,True
441.3,context_wall,spatial_context,corner,0.8187053285565546,still,0.8191459532954651,corner,slow,True
441.35,context_wall,spatial_context,corner,0.8261121953693241,still,0.7940971399632778,corner,slow,True
441.4,context_wall,spatial_context,corner,0.8196144179232708,still,0.8153443681057044,corner,slow,True
441.4500000000001,context_wall,spatial_context,corner,0.8923270501877486,still,0.7136672867432171,corner,fast,True
441.5,context_wall,spatial_context,corner,0.8778563261277398,still,0.6434206186323231,corner,fast,True
442.7000000000001,context_wall,spatial_context,corner,0.8140089268775529,fast,0.8200363169799618,corner,slow,True
443.3,context_wall,spatial_context,corner,0.8198692522955934,still,0.6890067791568796,corner,still,True
443.4500000000001,context_wall,spatial_context,corner,0.8139158361465251,still,0.7334658235317368,corner,slow,True
443.65,context_wall,spatial_context,corner,0.8097642897760228,still,0.8117536121112908,corner,slow,True
443.7000000000001,context_wall,spatial_context,corner,0.8622211291952769,still,0.8119772303094727,corner,slow,True
443.75,context_wall,spatial_context,corner,0.8448629661926055,still,0.8541496663966288,corner,slow,True
443.8,context_wall,spatial_context,corner,0.8360029811791116,still,0.8531443793522581,corner,slow,True
443.85,context_wall,spatial_context,corner,0.8478230167785596,still,0.8706254992044777,corner,slow,True
443.9,context_wall,spatial_context,corner,0.8953494718050148,still,0.8697378793906444,corner,slow,True
443.9500000000001,context_wall,spatial_context,corner,0.8453090515649881,still,0.8596877851592317,corner,slow,True
444.0,context_wall,spatial_context,corner,0.8295430582989948,still,0.8753176692372333,corner,slow,True
444.05,context_wall,spatial_context,corner,0.8364834593389523,still,0.8472888885243779,corner,slow,True
444.15,context_wall,spatial_context,corner,0.8768205744795093,still,0.7514544267311375,corner,slow,True
444.2000000000001,context_wall,spatial_context,corner,0.8522760576749429,still,0.7658744848387149,corner,slow,True
444.25,context_wall,spatial_context,corner,0.8533469760583771,still,0.6789739154454922,corner,slow,True
444.4,context_wall,spatial_context,corner,0.8391185063170957,slow,0.449470250346444,corner,slow,True
444.4500000000001,context_wall,spatial_context,corner,0.8349241905307574,slow,0.49538600788977155,corner,slow,True
444.55,context_wall,spatial_context,corner,0.8108008325416622,slow,0.4758076258541766,corner,slow,True
445.55,context_wall,spatial_context,corner,0.8563938935038469,slow,0.47889492474643125,corner,fast,True
445.6,context_wall,spatial_context,corner,0.9234567517618847,slow,0.47194782190329576,corner,slow,True
445.65,context_wall,spatial_context,corner,0.8886237638542699,slow,0.45062533924453785,corner,fast,True
445.7000000000001,context_wall,spatial_context,corner,0.8780518968398094,slow,0.4524428678747549,corner,fast,True
449.2000000000001,context_wall,spatial_context,wall,0.8044767087687812,fast,0.7120568016762516,wall,slow,True
449.3,context_wall,spatial_context,wall,0.8804724672212997,fast,0.6980731872390031,wall,slow,True
449.35,context_wall,spatial_context,wall,0.8979695373321955,fast,0.6390354468530013,wall,fast,True
449.4,context_wall,spatial_context,wall,0.9485625375523143,fast,0.6308722868748462,wall,fast,True
449.4500000000001,context_wall,spatial_context,wall,0.8779916569882716,slow,0.4668420930406657,wall,fast,True
449.5,context_wall,spatial_context,wall,0.9425373218177917,slow,0.47486742242869345,wall,fast,True
449.55,context_wall,spatial_context,wall,0.951036625526195,fast,0.4884881486364982,wall,slow,True
449.6,context_wall,spatial_context,wall,0.9507178865050543,slow,0.4840724551380925,wall,slow,True
449.75,context_wall,spatial_context,wall,0.8683787845587897,slow,0.4783758253988359,wall,slow,True
449.8,context_wall,spatial_context,wall,0.8843829135642964,slow,0.4981199242459328,wall,slow,True
449.9,context_wall,spatial_context,wall,0.8054622396050959,slow,0.4551587601329034,wall,slow,True
450.15,context_wall,spatial_context,wall,0.847139085457878,slow,0.42615384048993327,corner,slow,True
450.2000000000001,context_wall,spatial_context,wall,0.8480723919125748,still,0.4357256757562226,corner,slow,True
450.25,context_wall,spatial_context,wall,0.8032954771618754,still,0.48035498132210014,corner,fast,True
450.3,context_wall,spatial_context,wall,0.8368177144389959,still,0.4516723185928009,corner,slow,True
450.75,context_wall,spatial_context,corner,0.8817938473892917,still,0.6570462310122107,corner,fast,True
450.8,context_wall,spatial_context,corner,0.8137428138466745,still,0.6360719194203118,corner,fast,True
451.7000000000001,context_wall,spatial_context,corner,0.8337489458670194,fast,0.8958533976263764,corner,fast,True
451.75,context_wall,spatial_context,corner,0.8107414721434104,fast,0.8715176931170115,corner,slow,True
452.1,context_wall,spatial_context,corner,0.8027909525066628,slow,0.478953031077229,corner,fast,True
452.25,context_wall,spatial_context,corner,0.8635914338681908,slow,0.44517597059548514,corner,fast,True
452.3,context_wall,spatial_context,corner,0.8467489784325442,slow,0.4316238543447254,corner,fast,True
452.35,context_wall,spatial_context,corner,0.8855042656879394,slow,0.4477799474990886,corner,fast,True
453.4,context_wall,spatial_context,wall,0.8465140024551526,still,0.8872724221125423,corner,slow,True
455.25,context_wall,spatial_context,corner,0.8217414035750443,still,0.7835099232296933,corner,slow,True
455.4,context_wall,spatial_context,corner,0.8500596021330299,still,0.841464327809209,corner,slow,True
455.4500000000001,context_wall,spatial_context,corner,0.8139607816158412,still,0.7812405776944897,corner,slow,True
455.5,context_wall,spatial_context,corner,0.8087825256310518,still,0.715367815588299,corner,fast,True
455.55,context_wall,spatial_context,corner,0.8418599132578599,still,0.7051609403042479,corner,slow,True
455.6,context_wall,spatial_context,corner,0.8171914126937776,still,0.6374760730416984,corner,slow,True
455.85,context_wall,spatial_context,corner,0.8668646468758129,fast,0.42897438735837956,corner,fast,True
455.9,context_wall,spatial_context,corner,0.8585637042167553,fast,0.5854543144908051,corner,fast,True
455.9500000000001,context_wall,spatial_context,corner,0.8992279909128239,fast,0.5955879016328761,corner,fast,True
456.0,context_wall,spatial_context,corner,0.9062645240380107,fast,0.6902103802968441,corner,slow,True
456.05,context_wall,spatial_context,corner,0.8991492828422865,fast,0.7407605781531408,corner,fast,True
456.1,context_wall,spatial_context,corner,0.9024756640678869,fast,0.7430480809408488,corner,slow,True
456.15,context_wall,spatial_context,corner,0.8887326869970466,fast,0.7414796834361073,corner,slow,True
456.2000000000001,context_wall,spatial_context,corner,0.8797964123097376,fast,0.7321546463756191,corner,slow,True
456.25,context_wall,spatial_context,corner,0.8796858270091105,fast,0.6702668128363062,corner,slow,True
456.3,context_wall,spatial_context,corner,0.9154765916037222,fast,0.5328030353404706,corner,slow,True
456.35,context_wall,spatial_context,corner,0.8762624268443614,fast,0.503429704852305,corner,slow,True
456.4,context_wall,spatial_context,corner,0.8982912256411312,slow,0.5434898264797123,corner,slow,True
456.4500000000001,context_wall,spatial_context,corner,0.8286390550431082,slow,0.55360791575636,corner,slow,True
457.5,context_wall,spatial_context,corner,0.859339548125332,slow,0.5124118720240747,corner,slow,True
457.55,context_wall,spatial_context,corner,0.9295347859371945,slow,0.4660779377978371,corner,slow,True
457.6,context_wall,spatial_context,corner,0.90177223769232,still,0.4599697244685031,corner,slow,True
457.65,context_wall,spatial_context,corner,0.9071994343126976,slow,0.4504374279677644,corner,slow,True
457.7000000000001,context_wall,spatial_context,corner,0.917336830005885,still,0.4282973671302491,corner,slow,True
457.75,context_wall,spatial_context,corner,0.9113880327199937,still,0.49139355128925594,corner,slow,True
457.8,context_wall,spatial_context,corner,0.8723231411650242,still,0.6555142915252415,corner,slow,True
457.85,context_wall,spatial_context,corner,0.93593661494971,still,0.7368524727940126,corner,slow,True
457.9,context_wall,spatial_context,corner,0.9320975310926015,still,0.7959227676780161,corner,slow,True
457.9500000000001,context_wall,spatial_context,corner,0.8169850923170198,still,0.713430903584743,corner,slow,True
458.4500000000001,context_wall,spatial_context,corner,0.8254000043701732,still,0.47945945165908904,corner,slow,True
458.55,context_wall,spatial_context,corner,0.8258531528604661,slow,0.49647881692484,corner,slow,True
458.6,context_wall,spatial_context,corner,0.8667190376084085,still,0.46168826864818313,corner,slow,True
458.65,context_wall,spatial_context,corner,0.8111526628319894,slow,0.49017231763355423,corner,slow,True
458.7000000000001,context_wall,spatial_context,corner,0.8276078734927574,slow,0.49783687880378596,corner,slow,True
458.8,context_wall,spatial_context,corner,0.8127943829434574,slow,0.47347128055122184,corner,slow,True
458.9500000000001,context_wall,spatial_context,corner,0.8179465458025795,still,0.4792580558694116,corner,slow,True
459.0,context_wall,spatial_context,corner,0.8197101224965604,still,0.5745882471627858,corner,slow,True
459.05,context_wall,spatial_context,corner,0.8368416597617315,still,0.6484840429965693,corner,slow,True
459.25,context_wall,spatial_context,corner,0.821539018097207,still,0.7700346481438672,corner,slow,True
459.8,context_wall,spatial_context,corner,0.8449771776857412,slow,0.5317493668694759,corner,slow,True
459.85,context_wall,spatial_context,corner,0.8863545276422704,slow,0.46527023260390066,corner,slow,True
459.9,context_wall,spatial_context,corner,0.8811076368430539,still,0.5242530944258099,corner,slow,True
459.9500000000001,context_wall,spatial_context,corner,0.9076969451210257,still,0.6393687828943763,corner,slow,True
460.0,context_wall,spatial_context,corner,0.905945599806017,still,0.5935049188072874,corner,slow,True
460.05,context_wall,spatial_context,corner,0.9207774646487843,still,0.623919191856405,corner,slow,True
460.1,context_wall,spatial_context,corner,0.9603609405611014,still,0.576490691900486,corner,slow,True
460.15,context_wall,spatial_context,corner,0.9217843302422309,still,0.6290776183807378,corner,slow,True
460.2000000000001,context_wall,spatial_context,corner,0.9359491910296128,still,0.6481381488173992,corner,slow,True
460.25,context_wall,spatial_context,corner,0.9310620293558511,still,0.6883850313517842,corner,slow,True
460.3,context_wall,spatial_context,corner,0.9447125134431177,still,0.7250546668143006,corner,slow,True
460.35,context_wall,spatial_context,corner,0.9223540762660233,still,0.744303247802961,corner,slow,True
460.4,context_wall,spatial_context,corner,0.9669565406828002,still,0.725124969216325,corner,slow,True
460.4500000000001,context_wall,spatial_context,corner,0.9474532158299023,still,0.7055076365409544,corner,slow,True
460.5,context_wall,spatial_context,corner,0.9130870240781955,still,0.8101200112495027,corner,still,True
460.55,context_wall,spatial_context,corner,0.9371417258679854,still,0.8536422574557614,corner,slow,True
460.6,context_wall,spatial_context,corner,0.907977480026108,still,0.8957143089930563,corner,slow,True
460.65,context_wall,spatial_context,corner,0.9136483427734703,still,0.8695483997593894,corner,still,True
460.7000000000001,context_wall,spatial_context,corner,0.9055907851163394,still,0.8733560151658902,corner,slow,True
460.75,context_wall,spatial_context,corner,0.9217583078460376,still,0.8916224775159002,corner,slow,True
460.8,context_wall,spatial_context,corner,0.9112242296104597,still,0.8865701081244497,corner,slow,True
460.85,context_wall,spatial_context,corner,0.9059527492277171,still,0.8746348252791416,corner,slow,True
460.9,context_wall,spatial_context,corner,0.8834693009518548,still,0.8603625211868174,corner,slow,True
460.9500000000001,context_wall,spatial_context,corner,0.8938135866661407,still,0.8548926826840618,corner,slow,True
461.0,context_wall,spatial_context,corner,0.943161761367304,still,0.7974977041087699,corner,slow,True
461.15,context_wall,spatial_context,corner,0.8358536246810492,still,0.8459385042800237,corner,slow,True
461.2000000000001,context_wall,spatial_context,corner,0.8376284926613538,still,0.8340217699044586,corner,slow,True
461.25,context_wall,spatial_context,corner,0.8782397848302221,still,0.8108147991473283,corner,slow,True
461.3,context_wall,spatial_context,corner,0.8962702269757699,still,0.7970180766677394,corner,slow,True
461.35,context_wall,spatial_context,corner,0.888538446465313,still,0.7570791072442012,corner,fast,True
461.4,context_wall,spatial_context,corner,0.8998384893871173,still,0.7301930291070082,corner,fast,True
461.4500000000001,context_wall,spatial_context,corner,0.9000421568003313,still,0.6399751774883279,corner,fast,True
461.5,context_wall,spatial_context,corner,0.8271938000009422,still,0.5231249567197876,corner,fast,True
461.8,context_wall,spatial_context,corner,0.8313989794463662,fast,0.6502609765519345,corner,slow,True
466.9,context_wall,spatial_context,wall,0.8372963437496809,fast,0.9474209413841045,wall,fast,True
466.9500000000001,context_wall,spatial_context,wall,0.8858901433236922,fast,0.8631880083768966,wall,fast,True
467.0,context_wall,spatial_context,wall,0.9233146420705594,fast,0.8540212680305709,wall,fast,True
467.05,context_wall,spatial_context,wall,0.8907394287471065,fast,0.8632424130760845,wall,fast,True
467.1,context_wall,spatial_context,wall,0.9220273259988118,fast,0.8844612312157014,wall,slow,True
467.15,context_wall,spatial_context,wall,0.9545981702671447,fast,0.8168076356656138,wall,slow,True
467.2000000000001,context_wall,spatial_context,wall,0.9657427682626412,fast,0.7482687861206831,wall,slow,True
467.25,context_wall,spatial_context,wall,0.8957427682626411,fast,0.612060384713465,wall,slow,True
467.3,context_wall,spatial_context,wall,0.9044555535906721,fast,0.51364037922215,wall,slow,True
467.35,context_wall,spatial_context,wall,0.9092698917066164,fast,0.534563019619162,wall,fast,True
467.4,context_wall,spatial_context,wall,0.9474038926130671,slow,0.47642832242739774,wall,slow,True
467.4500000000001,context_wall,spatial_context,wall,0.9319572123370784,slow,0.48504213034042293,wall,fast,True
467.5,context_wall,spatial_context,wall,0.9610589836936286,slow,0.4713683561368747,wall,fast,True
467.55,context_wall,spatial_context,wall,0.9525157046742605,slow,0.5204923931752938,wall,fast,True
467.6,context_wall,spatial_context,wall,0.9591665659984782,slow,0.5587466854562638,wall,fast,True
467.65,context_wall,spatial_context,wall,0.9351368409443575,slow,0.5095816364959631,wall,fast,True
467.7000000000001,context_wall,spatial_context,wall,0.8189423914002787,slow,0.48672624863762054,wall,fast,True
467.8,context_wall,spatial_context,wall,0.8885453394358759,fast,0.6840240442944041,wall,slow,True
467.9,context_wall,spatial_context,wall,0.84858971583016,fast,0.5813299084121402,wall,slow,True
467.9500000000001,context_wall,spatial_context,wall,0.8937972786522238,fast,0.5543782592380789,wall,slow,True
468.0,context_wall,spatial_context,wall,0.8967280784533639,fast,0.5412404642892195,wall,fast,True
468.05,context_wall,spatial_context,wall,0.8744728756378176,fast,0.6367647137386951,wall,fast,True
468.1,context_wall,spatial_context,wall,0.9046361760171251,fast,0.5410667994072619,wall,fast,True
468.15,context_wall,spatial_context,wall,0.8956873621483276,fast,0.5354275019089458,wall,fast,True
468.2000000000001,context_wall,spatial_context,wall,0.951424299488127,fast,0.5179052658884961,wall,slow,True
468.25,context_wall,spatial_context,wall,0.9564728354577099,slow,0.47207779698396724,wall,slow,True
468.3,context_wall,spatial_context,wall,0.957521222554484,slow,0.4977673583971425,wall,slow,True
468.35,context_wall,spatial_context,wall,0.9320127214975958,slow,0.4827070961148627,wall,slow,True
468.4,context_wall,spatial_context,wall,0.8797940433774523,slow,0.5169454381211094,wall,slow,True
468.4500000000001,context_wall,spatial_context,wall,0.9237628979723241,slow,0.5323100180331861,wall,fast,True
468.5,context_wall,spatial_context,wall,0.9244106620259447,slow,0.5387904283171031,wall,fast,True
468.55,context_wall,spatial_context,wall,0.9214921866075201,slow,0.5418538536912582,wall,fast,True
468.6,context_wall,spatial_context,wall,0.8873234995343513,slow,0.5048620832264622,wall,fast,True
468.65,context_wall,spatial_context,wall,0.9613150140510275,slow,0.5158621778245196,wall,fast,True
468.7000000000001,context_wall,spatial_context,wall,0.8907134323758078,slow,0.504198855412571,wall,slow,True
468.75,context_wall,spatial_context,wall,0.9786819520093266,slow,0.4945964079240691,wall,slow,True
468.8,context_wall,spatial_context,wall,0.9462323782301307,slow,0.5129783863209972,wall,slow,True
468.85,context_wall,spatial_context,wall,0.9238496968277319,slow,0.532934726602799,wall,slow,True
468.9,context_wall,spatial_context,wall,0.9443937752164737,slow,0.5362761483982685,wall,fast,True
468.9500000000001,context_wall,spatial_context,wall,0.9839736517177817,slow,0.5121524698913812,wall,fast,True
469.1,context_wall,spatial_context,wall,0.901817263816399,slow,0.5408497334856669,wall,slow,True
469.55,context_wall,spatial_context,wall,0.8203036767495437,slow,0.5644376645588263,wall,slow,True
469.9,context_wall,spatial_context,wall,0.8995823262078187,slow,0.5299925408644127,wall,slow,True
469.9500000000001,context_wall,spatial_context,wall,0.9124833726119995,slow,0.5600081140205541,wall,slow,True
470.0,context_wall,spatial_context,wall,0.8907660743956777,slow,0.5779280299187379,wall,fast,True
470.05,context_wall,spatial_context,wall,0.9286026367930513,slow,0.5870473836880561,wall,slow,True
470.1,context_wall,spatial_context,wall,0.8933150129123582,slow,0.5269337258727571,wall,slow,True
470.15,context_wall,spatial_context,wall,0.8856306471306471,slow,0.539380838312922,wall,slow,True
470.2000000000001,context_wall,spatial_context,wall,0.8697222222222223,slow,0.5320310526606895,wall,slow,True
470.25,context_wall,spatial_context,wall,0.9348165736757278,slow,0.5214893331031275,wall,slow,True
470.3,context_wall,spatial_context,wall,0.972186870204884,slow,0.5319559198224725,wall,slow,True
470.35,context_wall,spatial_context,wall,0.9642566187363123,slow,0.5110791983723096,wall,fast,True
470.4,context_wall,spatial_context,wall,0.9357700594113212,slow,0.5222354574183661,wall,slow,True
470.4500000000001,context_wall,spatial_context,wall,0.8195203325584557,slow,0.53504912816126,wall,fast,True
471.1,context_wall,spatial_context,wall,0.8890442611809963,slow,0.47738780988365576,wall,slow,True
471.15,context_wall,spatial_context,wall,0.9401823625855108,slow,0.5124250948287898,wall,slow,True
471.2000000000001,context_wall,spatial_context,wall,0.9120813472900633,slow,0.45443226776509976,wall,slow,True
471.25,context_wall,spatial_context,wall,0.9128470434038383,slow,0.4796320697056895,wall,slow,True
471.3,context_wall,spatial_context,wall,0.8844012513717802,slow,0.4800183877973117,wall,slow,True
471.35,context_wall,spatial_context,wall,0.8933135652821224,slow,0.4481887408937961,wall,fast,True
471.4,context_wall,spatial_context,wall,0.8333489207565096,still,0.44606364419747146,wall,fast,True
471.4500000000001,context_wall,spatial_context,wall,0.936426528539135,still,0.5269481689734355,wall,slow,True
471.5,context_wall,spatial_context,wall,0.8802152044743095,slow,0.47541050800312407,wall,slow,True
471.55,context_wall,spatial_context,wall,0.8649987182335833,slow,0.501110477832245,wall,slow,True
471.6,context_wall,spatial_context,wall,0.8825208217905808,slow,0.5013439213147589,wall,slow,True
471.7000000000001,context_wall,spatial_context,wall,0.8044431095765187,slow,0.5470161119161012,wall,slow,True
471.75,context_wall,spatial_context,wall,0.9568324859804782,slow,0.5378380820489418,wall,slow,True
471.8,context_wall,spatial_context,wall,0.9733185455601427,slow,0.4906240520607498,wall,slow,True
471.85,context_wall,spatial_context,wall,0.970348541915053,slow,0.46832932856569254,wall,slow,True
471.9,context_wall,spatial_context,wall,0.9871574962059146,slow,0.4751933531624923,wall,fast,True
471.9500000000001,context_wall,spatial_context,wall,0.9117187922631109,slow,0.4772739618529135,wall,fast,True
472.1,context_wall,spatial_context,wall,0.9126728731864547,slow,0.5373918203118296,wall,fast,True
472.7000000000001,context_wall,spatial_context,wall,0.8490343672204098,fast,0.9549026323163015,wall,fast,True
472.75,context_wall,spatial_context,wall,0.8727568182658777,fast,0.9608266697352854,wall,fast,True
472.8,context_wall,spatial_context,wall,0.8832792480123335,fast,0.9071207845224951,wall,fast,True
472.85,context_wall,spatial_context,wall,0.8311295198690679,fast,0.8715825872229704,wall,fast,True
473.0,context_wall,spatial_context,wall,0.8529756760864702,fast,0.850147551909042,wall,fast,True
473.1,context_wall,spatial_context,wall,0.8164202969012826,fast,0.7174517780230508,wall,fast,True
473.2000000000001,context_wall,spatial_context,wall,0.8441323911966832,fast,0.5466688687365173,wall,slow,True
473.25,context_wall,spatial_context,wall,0.929359863922831,slow,0.4961195785615397,wall,fast,True
473.3,context_wall,spatial_context,wall,0.8589516393966293,fast,0.47946005482965587,wall,fast,True
473.4,context_wall,spatial_context,wall,0.8136993961510889,slow,0.544895197772684,wall,fast,True
473.4500000000001,context_wall,spatial_context,wall,0.8630862448704475,slow,0.5730917081274609,wall,fast,True
473.5,context_wall,spatial_context,wall,0.87057881494019,slow,0.5757954771452984,wall,fast,True
473.55,context_wall,spatial_context,wall,0.8752799307699913,slow,0.5231823284947942,wall,fast,True
473.6,context_wall,spatial_context,wall,0.8026849172482193,slow,0.5538568398806989,wall,fast,True
473.7000000000001,context_wall,spatial_context,wall,0.8115126078632044,fast,0.5402569899721372,wall,fast,True
474.05,context_wall,spatial_context,wall,0.8474326410504263,slow,0.5259834588837413,wall,slow,True
474.1,context_wall,spatial_context,wall,0.9036313379780827,slow,0.49451037819006693,wall,slow,True
474.15,context_wall,spatial_context,wall,0.8610993438403723,slow,0.5124288846627439,wall,slow,True
474.2000000000001,context_wall,spatial_context,wall,0.8968428063155182,slow,0.5461068525429733,wall,slow,True
474.25,context_wall,spatial_context,wall,0.9163376112622075,slow,0.5376687890968409,wall,slow,True
474.3,context_wall,spatial_context,wall,0.8910358792450579,slow,0.5460535989374494,wall,fast,True
474.35,context_wall,spatial_context,wall,0.9546595348499461,slow,0.5498924370454369,wall,fast,True
474.4,context_wall,spatial_context,wall,0.9623658163927133,slow,0.48628313902289066,wall,fast,True
474.4500000000001,context_wall,spatial_context,wall,0.97175011709768,fast,0.5169531023515145,wall,slow,True
474.5,context_wall,spatial_context,wall,0.9767099618506282,fast,0.48157166505201093,wall,fast,True
474.55,context_wall,spatial_context,wall,0.9768933707769816,slow,0.4810507491076564,wall,fast,True
474.6,context_wall,spatial_context,wall,0.9881102686693469,slow,0.5229343910223111,wall,fast,True
474.65,context_wall,spatial_context,wall,0.8959910906915654,slow,0.5576872506738197,wall,fast,True
474.7000000000001,context_wall,spatial_context,wall,0.9071411275660246,slow,0.5650506736025366,wall,fast,True
474.75,context_wall,spatial_context,wall,0.9638611549363074,slow,0.5669001588039587,wall,slow,True
474.8,context_wall,spatial_context,wall,0.8927072425388057,slow,0.5716392151329838,wall,slow,True
476.25,context_wall,spatial_context,wall,0.8685711000109897,slow,0.5597344885113108,wall,fast,True
476.3,context_wall,spatial_context,wall,0.8180433351377487,slow,0.5138780099230064,wall,fast,True
476.35,context_wall,spatial_context,wall,0.8184603563147695,slow,0.5074176185693924,wall,slow,True
476.4,context_wall,spatial_context,wall,0.8387967442006218,slow,0.47299107235420823,wall,slow,True
476.4500000000001,context_wall,spatial_context,wall,0.8139331523586426,slow,0.501497507100009,wall,slow,True
476.5,context_wall,spatial_context,wall,0.8560725886266536,slow,0.49430886936902224,wall,slow,True
476.55,context_wall,spatial_context,wall,0.8406519425808837,slow,0.5297255065529772,wall,slow,True
476.6,context_wall,spatial_context,wall,0.8370605192768008,fast,0.49002638821967964,wall,fast,True
476.65,context_wall,spatial_context,wall,0.8403510126929415,fast,0.5687375284181808,wall,fast,True
476.7000000000001,context_wall,spatial_context,wall,0.8514420954400724,fast,0.5816676978353106,wall,fast,True
476.8,context_wall,spatial_context,wall,0.8286065424532422,slow,0.5163736460877422,wall,fast,True
476.85,context_wall,spatial_context,wall,0.8510580257382689,slow,0.4842012924514031,wall,fast,True
476.9,context_wall,spatial_context,wall,0.849933353571937,slow,0.4896471848195727,wall,fast,True
476.9500000000001,context_wall,spatial_context,wall,0.8401873507030593,fast,0.7146845964627329,wall,fast,True
477.0,context_wall,spatial_context,wall,0.8438375477282564,fast,0.7218629022888333,wall,fast,True
477.05,context_wall,spatial_context,wall,0.9237432693871732,fast,0.7819844843694177,wall,fast,True
477.1,context_wall,spatial_context,wall,0.9101011236775856,fast,0.7761148043389702,wall,fast,True
477.15,context_wall,spatial_context,wall,0.8656877138316176,fast,0.7996864517465655,wall,fast,True
477.2000000000001,context_wall,spatial_context,wall,0.8419689070569967,fast,0.8146902340547026,wall,fast,True
477.25,context_wall,spatial_context,wall,0.8477569599649268,fast,0.9099461538925879,wall,fast,True
479.8,context_wall,spatial_context,corner,0.8651432758660518,fast,0.7087636797264615,corner,slow,True
479.85,context_wall,spatial_context,corner,0.9030805094906144,fast,0.6518815170907163,corner,slow,True
480.1,context_wall,spatial_context,corner,0.8328362153611382,fast,0.6751023665932046,corner,slow,True
480.2000000000001,context_wall,spatial_context,corner,0.8504534478362963,fast,0.5573766110377307,corner,fast,True
480.3,context_wall,spatial_context,corner,0.8309118031567456,fast,0.5039701886635828,corner,slow,True
480.4,context_wall,spatial_context,corner,0.8418954178273907,slow,0.4847546084843225,corner,slow,True
480.4500000000001,context_wall,spatial_context,corner,0.8086402825155292,slow,0.5948887758164236,corner,slow,True
480.55,context_wall,spatial_context,corner,0.8242386594713895,slow,0.5826147123341524,corner,slow,True
480.6,context_wall,spatial_context,corner,0.8281906218367439,slow,0.564046961122472,corner,slow,True
480.65,context_wall,spatial_context,corner,0.8526103558408635,slow,0.5248180301067816,corner,slow,True
480.7000000000001,context_wall,spatial_context,corner,0.8845026253973794,slow,0.4989885810554451,corner,slow,True
480.75,context_wall,spatial_context,corner,0.9293918287658659,slow,0.45538876613937573,corner,slow,True
480.8,context_wall,spatial_context,corner,0.8988474091622588,still,0.4717449447875797,corner,fast,True
480.85,context_wall,spatial_context,corner,0.8636255923713188,slow,0.4846510285535285,corner,fast,True
481.15,context_wall,spatial_context,corner,0.8520635579916283,fast,0.5738159690442295,corner,fast,True
481.2000000000001,context_wall,spatial_context,corner,0.8791211600746837,fast,0.6322074988832872,corner,fast,True
481.25,context_wall,spatial_context,corner,0.8476961857291399,fast,0.6991958903801525,corner,fast,True
481.3,context_wall,spatial_context,corner,0.8413618425710948,fast,0.7463473072779881,corner,fast,True
481.35,context_wall,spatial_context,corner,0.8456405777501287,fast,0.8609706441217628,corner,fast,True
482.55,context_wall,spatial_context,wall,0.8129490976924194,fast,0.6001550887975693,corner,fast,True
482.7000000000001,context_wall,spatial_context,wall,0.8548371710029363,fast,0.6162686875217233,corner,fast,True
482.75,context_wall,spatial_context,wall,0.9061648244567833,fast,0.5901485235209137,corner,fast,True
482.8,context_wall,spatial_context,wall,0.8122374436004814,fast,0.659819142158715,corner,fast,True
483.55,context_wall,spatial_context,wall,0.8717999910679078,slow,0.6118779115571723,wall,slow,True
483.6,context_wall,spatial_context,wall,0.8573799656052663,slow,0.5804065702006728,wall,slow,True
483.65,context_wall,spatial_context,wall,0.914333003629734,slow,0.5933206403831779,wall,slow,True
483.7000000000001,context_wall,spatial_context,wall,0.9014274145807102,slow,0.5399780662206467,wall,fast,True
483.75,context_wall,spatial_context,wall,0.9386794358970669,slow,0.5440962537213825,wall,fast,True
483.8,context_wall,spatial_context,wall,0.9261021507992504,fast,0.5040895579604019,wall,fast,True
483.85,context_wall,spatial_context,wall,0.9137733465705119,fast,0.5459081259860797,wall,fast,True
483.9,context_wall,spatial_context,wall,0.9094536835408517,fast,0.6415609871273481,wall,fast,True
483.9500000000001,context_wall,spatial_context,wall,0.8581174712491613,fast,0.6728529156492974,wall,fast,True
484.0,context_wall,spatial_context,wall,0.8856353451574064,fast,0.6607693412435302,wall,fast,True
484.05,context_wall,spatial_context,wall,0.8498292273523375,fast,0.6821804809947714,wall,fast,True
484.1,context_wall,spatial_context,wall,0.8429287272469109,fast,0.7348870714442562,wall,fast,True
484.15,context_wall,spatial_context,wall,0.8401465583635188,fast,0.6155180809447702,wall,slow,True
484.2000000000001,context_wall,spatial_context,wall,0.8394755358412773,fast,0.62816451051654,wall,fast,True
484.25,context_wall,spatial_context,wall,0.8224856799604882,fast,0.7855391010990332,wall,slow,True
484.8,context_wall,spatial_context,wall,0.8369243642147101,slow,0.5042198148888661,wall,fast,True
484.85,context_wall,spatial_context,wall,0.8270323726446362,fast,0.578492617759846,wall,fast,True
485.35,context_wall,spatial_context,wall,0.8728336220366475,slow,0.5087034696399612,wall,fast,True
485.4,context_wall,spatial_context,wall,0.8698768453124471,slow,0.5589543762030795,wall,fast,True
485.55,context_wall,spatial_context,wall,0.8346420268383626,fast,0.5807458710001696,wall,fast,True
485.6,context_wall,spatial_context,wall,0.9093113152509806,fast,0.5978816722910677,wall,fast,True
485.65,context_wall,spatial_context,wall,0.8388477491117088,fast,0.6104828343455441,wall,fast,True
485.7000000000001,context_wall,spatial_context,wall,0.8581823157079032,fast,0.6878772697290855,wall,fast,True
485.75,context_wall,spatial_context,wall,0.8285301116489417,fast,0.7361625238591373,wall,fast,True
485.8,context_wall,spatial_context,wall,0.840901580812127,fast,0.8640864789015111,wall,fast,True
485.9,context_wall,spatial_context,wall,0.8609819651863525,fast,0.8942402125433958,wall,fast,True
485.9500000000001,context_wall,spatial_context,wall,0.9113418876198225,fast,0.8148807211423872,wall,fast,True
486.0,context_wall,spatial_context,wall,0.863995161245703,fast,0.8787529187323508,wall,fast,True
486.05,context_wall,spatial_context,wall,0.8486502376327318,fast,0.9426876956827153,wall,fast,True
486.85,context_wall,spatial_context,wall,0.8729612019452737,fast,0.7061801305227007,wall,slow,True
486.9,context_wall,spatial_context,wall,0.8199073078633832,fast,0.6453641913124372,wall,slow,True
487.15,context_wall,spatial_context,wall,0.8783755270659468,still,0.5996445992252308,wall,slow,True
487.2000000000001,context_wall,spatial_context,wall,0.8124045148662427,still,0.7165356650792414,wall,slow,True
487.4500000000001,context_wall,spatial_context,wall,0.8209363715517611,still,0.5293938813834357,wall,slow,True
487.6,context_wall,spatial_context,wall,0.8378809930326231,slow,0.4911158098568567,wall,slow,True
487.65,context_wall,spatial_context,wall,0.8934127414712378,still,0.520821728463129,wall,slow,True
487.7000000000001,context_wall,spatial_context,wall,0.9659916322714591,still,0.48551602922035664,wall,slow,True
487.75,context_wall,spatial_context,wall,0.9883723305770363,still,0.534765111107039,wall,slow,True
487.8,context_wall,spatial_context,wall,0.9769669141710525,still,0.5572696979468396,wall,slow,True
487.85,context_wall,spatial_context,wall,0.9828517716670313,still,0.6639787924627802,wall,slow,True
487.9,context_wall,spatial_context,wall,0.9626686771087661,still,0.7375388300331996,wall,slow,True
487.9500000000001,context_wall,spatial_context,wall,0.9696887029489509,still,0.776842358223286,wall,slow,True
488.0,context_wall,spatial_context,wall,0.9716673610271326,still,0.7006176289859476,wall,slow,True
488.05,context_wall,spatial_context,wall,0.96856839036966,still,0.6418371588272809,wall,slow,True
488.1,context_wall,spatial_context,wall,0.9064070051666316,still,0.7595471644009458,wall,slow,True
488.15,context_wall,spatial_context,wall,0.8719820901302525,still,0.7428415802388306,wall,fast,True
488.2000000000001,context_wall,spatial_context,wall,0.8870844838891904,still,0.7016058222389135,wall,fast,True
488.25,context_wall,spatial_context,wall,0.8881643460072458,still,0.59056297209736,wall,slow,True
488.3,context_wall,spatial_context,wall,0.9153529197537535,slow,0.52336533694038,wall,fast,True
488.35,context_wall,spatial_context,wall,0.8074952075174114,slow,0.5587630224828878,wall,fast,True
488.85,context_wall,spatial_context,wall,0.8973162961474102,fast,0.6291122266120344,wall,fast,True
488.9,context_wall,spatial_context,wall,0.8598529693687403,fast,0.6609520835255245,wall,fast,True
488.9500000000001,context_wall,spatial_context,wall,0.8941354175224656,fast,0.7167047752446909,wall,fast,True
489.0,context_wall,spatial_context,wall,0.8470903216009004,fast,0.7400942094668708,wall,fast,True
489.05,context_wall,spatial_context,wall,0.9224219140782134,fast,0.7325037638624513,wall,fast,True
489.1,context_wall,spatial_context,wall,0.890330335687236,fast,0.7654757429536807,wall,fast,True
489.2000000000001,context_wall,spatial_context,wall,0.8637738159795029,fast,0.7524991214500342,wall,fast,True
489.25,context_wall,spatial_context,wall,0.8957360725908957,fast,0.7367747251492397,wall,slow,True
489.3,context_wall,spatial_context,wall,0.8530742416479833,fast,0.67369085489511,wall,fast,True
489.35,context_wall,spatial_context,wall,0.8401461096296258,fast,0.7463150723919199,wall,fast,True
489.6,context_wall,spatial_context,wall,0.886455119747987,fast,0.6855702675019353,wall,slow,True
490.8,context_wall,spatial_context,wall,0.8246951479837843,fast,0.9126760339102502,wall,fast,True
494.2000000000001,context_wall,spatial_context,wall,0.8523944250768547,fast,0.7056022077924325,wall,fast,True
494.25,context_wall,spatial_context,wall,0.8739360975757449,fast,0.6880637175822135,wall,fast,True
494.3,context_wall,spatial_context,wall,0.9381301744287902,fast,0.62405002320865,wall,fast,True
494.35,context_wall,spatial_context,wall,0.9580806694782953,fast,0.5943222352374063,wall,fast,True
494.4,context_wall,spatial_context,wall,0.9477053325140697,fast,0.6807811922179494,wall,fast,True
494.4500000000001,context_wall,spatial_context,wall,0.9388952631299076,fast,0.7399875532446111,wall,fast,True
494.5,context_wall,spatial_context,wall,0.9551160362944131,fast,0.733935539030999,wall,fast,True
494.55,context_wall,spatial_context,wall,0.8964994662551742,fast,0.7000618554428399,wall,slow,True
494.6,context_wall,spatial_context,wall,0.9580422799972567,fast,0.7411993589004559,wall,slow,True
494.65,context_wall,spatial_context,wall,0.9635196638286116,fast,0.6682258959461531,wall,slow,True
494.7000000000001,context_wall,spatial_context,wall,0.9485050646362201,fast,0.6707657786374381,wall,slow,True
494.75,context_wall,spatial_context,wall,0.9764405634200858,fast,0.6808378692972038,wall,slow,True
494.8,context_wall,spatial_context,wall,0.9732659947841011,fast,0.6037169187260274,wall,slow,True
494.85,context_wall,spatial_context,wall,0.976315866991178,fast,0.551313184882254,wall,slow,True
494.9,context_wall,spatial_context,wall,0.9662464420788797,slow,0.4893634265452976,wall,slow,True
494.9500000000001,context_wall,spatial_context,wall,0.9765790057763722,slow,0.5385214626150424,wall,slow,True
495.0,context_wall,spatial_context,wall,0.9832112288747514,slow,0.5458539093975271,wall,fast,True
495.05,context_wall,spatial_context,wall,0.9605190156186851,slow,0.5205395624699538,wall,fast,True
495.1,context_wall,spatial_context,wall,0.9019322342212738,slow,0.5675984540722562,wall,fast,True
495.2000000000001,context_wall,spatial_context,wall,0.8548990573303032,fast,0.5228746623660502,wall,fast,True
495.25,context_wall,spatial_context,wall,0.858038748218917,fast,0.509177271705744,wall,fast,True
495.4,context_wall,spatial_context,wall,0.8544506926471818,fast,0.6845962168692091,wall,slow,True
495.6,context_wall,spatial_context,wall,0.9653694778899782,slow,0.5215601553805097,wall,fast,True
495.65,context_wall,spatial_context,wall,0.8796883744650235,slow,0.6168514848574012,wall,slow,True
495.75,context_wall,spatial_context,wall,0.9231128060162347,slow,0.6033050569024655,wall,fast,True
495.9,context_wall,spatial_context,wall,0.8809209107984455,slow,0.5838660289732425,wall,slow,True
495.9500000000001,context_wall,spatial_context,wall,0.9589281066026765,slow,0.48952083251228656,wall,fast,True
496.0,context_wall,spatial_context,wall,0.9922191101149648,fast,0.6069704074267013,wall,fast,True
496.05,context_wall,spatial_context,wall,0.9481410091196555,fast,0.5800223765890967,wall,slow,True
496.1,context_wall,spatial_context,wall,0.983815152117517,fast,0.5453808578887002,wall,fast,True
496.15,context_wall,spatial_context,wall,0.9873650475953739,fast,0.5377794173536251,wall,slow,True
496.2000000000001,context_wall,spatial_context,wall,0.9566315629040639,fast,0.6027080310787805,wall,slow,True
496.25,context_wall,spatial_context,wall,0.9530419681647048,fast,0.7017968659541801,wall,slow,True
496.3,context_wall,spatial_context,wall,0.9822303611711686,fast,0.6852462511792586,wall,slow,True
496.35,context_wall,spatial_context,wall,0.9624334463578649,fast,0.6088465716645011,wall,fast,True
496.4,context_wall,spatial_context,wall,0.9561728967791501,fast,0.5890125332680233,wall,fast,True
496.4500000000001,context_wall,spatial_context,wall,0.9138813119007264,fast,0.6740536062824708,wall,slow,True
496.55,context_wall,spatial_context,wall,0.9819318652766204,fast,0.5076832992214767,wall,slow,True
497.6,context_wall,spatial_context,wall,0.8811196474012043,still,0.7335902955455679,wall,still,True
497.65,context_wall,spatial_context,wall,0.9212136722292119,still,0.7472347978453676,wall,still,True
499.15,context_wall,spatial_context,wall,0.8217814062966913,still,0.8053332244631763,wall,still,True
499.25,context_wall,spatial_context,wall,0.8270194709984203,still,0.8525937363474685,wall,slow,True
499.3,context_wall,spatial_context,wall,0.8437967548551046,still,0.8272118517101362,wall,still,True
499.4,context_wall,spatial_context,wall,0.8109528658658962,still,0.7851761283618742,wall,still,True
499.4500000000001,context_wall,spatial_context,wall,0.8526143471844578,still,0.757300609045802,wall,slow,True
499.5,context_wall,spatial_context,wall,0.8859774043259151,still,0.7817104806655865,wall,still,True
499.55,context_wall,spatial_context,wall,0.8836831134254755,still,0.8263398090142142,wall,slow,True
500.25,context_wall,spatial_context,corner,0.8020534099195625,still,0.6590314959908021,corner,slow,True
500.3,context_wall,spatial_context,corner,0.8210200848851055,still,0.6963258748759624,corner,slow,True
500.5,context_wall,spatial_context,corner,0.8074478104826802,still,0.4553156616745369,corner,fast,True
501.5,context_wall,spatial_context,corner,0.8030174487791861,slow,0.555180002604387,corner,slow,True
501.55,context_wall,spatial_context,corner,0.8749140094687391,slow,0.5141751637457674,corner,slow,True
504.3,context_wall,spatial_context,corner,0.8143983571681338,still,0.7974788444752139,corner,slow,True
505.9500000000001,context_wall,spatial_context,wall,0.805024390492382,fast,0.5250618691817309,wall,slow,True
506.75,context_wall,spatial_context,wall,0.9006560868822348,slow,0.4787228836795574,wall,slow,True
506.8,context_wall,spatial_context,wall,0.8188351359775197,slow,0.5166865977955332,wall,slow,True
506.9,context_wall,spatial_context,wall,0.8317677281683069,slow,0.554736282491495,wall,slow,True
507.15,context_wall,spatial_context,wall,0.8381627699200795,slow,0.5499578181389971,corner,slow,True
508.65,context_wall,spatial_context,corner,0.8314789629935216,fast,0.9930216900512755,corner,fast,True
508.75,context_wall,spatial_context,corner,0.8216728365362086,fast,0.9887858031335796,corner,fast,True
508.8,context_wall,spatial_context,corner,0.8262681698576861,fast,0.982828663440748,corner,fast,True
508.9,context_wall,spatial_context,corner,0.8969433941765302,fast,0.9584984889207788,corner,fast,True
508.9500000000001,context_wall,spatial_context,corner,0.8501019830429449,fast,0.9442728178689669,corner,fast,True
509.0,context_wall,spatial_context,corner,0.8222013327063172,fast,0.9007863392765274,corner,fast,True
509.05,context_wall,spatial_context,corner,0.8166328555176884,fast,0.8462612745689816,corner,fast,True
509.1,context_wall,spatial_context,corner,0.82610404268835,fast,0.792680925519923,corner,fast,True
509.15,context_wall,spatial_context,corner,0.8977460734811848,fast,0.6983972058219463,corner,fast,True
509.2000000000001,context_wall,spatial_context,corner,0.8525879865730698,fast,0.6512629092935197,corner,fast,True
509.25,context_wall,spatial_context,corner,0.8248429642882041,fast,0.5400779103450511,corner,fast,True
509.3,context_wall,spatial_context,corner,0.8209198605297751,fast,0.4959676365573676,corner,fast,True
509.35,context_wall,spatial_context,corner,0.8221985074828858,slow,0.5148446720856216,corner,fast,True
509.4,context_wall,spatial_context,corner,0.8752378945866144,slow,0.5178912678252452,corner,fast,True
509.4500000000001,context_wall,spatial_context,corner,0.8872726963766776,slow,0.48575370692797004,corner,fast,True
509.55,context_wall,spatial_context,corner,0.9075193171265274,fast,0.49723941248387116,corner,slow,True
509.6,context_wall,spatial_context,corner,0.8631418347173251,fast,0.5282947547959714,corner,slow,True
509.65,context_wall,spatial_context,corner,0.8117620960225784,fast,0.617404335529107,corner,slow,True
509.7000000000001,context_wall,spatial_context,corner,0.8615083315929337,fast,0.47300970763983463,corner,slow,True
510.1,context_wall,spatial_context,corner,0.8099886208996365,slow,0.4531828858856684,corner,fast,True
510.25,context_wall,spatial_context,corner,0.8039116011080949,slow,0.5502496469578361,corner,slow,True
510.4500000000001,context_wall,spatial_context,corner,0.8113805161462906,slow,0.5103514881157571,corner,slow,True
512.5500000000001,context_wall,spatial_context,wall,0.8086160230400897,fast,0.9469433073095902,wall,fast,True
512.7,context_wall,spatial_context,wall,0.8443046822631792,fast,0.9661392330731113,wall,fast,True
512.75,context_wall,spatial_context,wall,0.8410646701961845,fast,0.9670359575402221,wall,fast,True
513.65,context_wall,spatial_context,wall,0.8174827644523723,fast,0.6535104310235411,wall,fast,True
513.8000000000001,context_wall,spatial_context,wall,0.8484426953718252,fast,0.5422811794645502,wall,fast,True
513.85,context_wall,spatial_context,wall,0.9133974264973865,slow,0.4929338158309259,wall,fast,True
513.9,context_wall,spatial_context,wall,0.8904645236860464,fast,0.4815937107988071,wall,fast,True
513.95,context_wall,spatial_context,wall,0.8379509412750168,slow,0.5572481648983655,wall,fast,True
514.0500000000001,context_wall,spatial_context,wall,0.8216601342090526,slow,0.5210337612394914,wall,fast,True
514.1,context_wall,spatial_context,wall,0.8020012681661668,fast,0.6558237724421859,wall,fast,True
514.25,context_wall,spatial_context,wall,0.872676192924912,fast,0.9133824752870713,wall,fast,True
514.3000000000001,context_wall,spatial_context,wall,0.827108699937922,fast,0.924306586682586,wall,fast,True
514.7,context_wall,spatial_context,wall,0.8776635701704916,fast,0.9223559546033174,wall,fast,True
514.75,context_wall,spatial_context,wall,0.8529183939739637,fast,0.9367990215553292,wall,fast,True
514.8000000000001,context_wall,spatial_context,wall,0.9143836532706541,fast,0.9370354714795278,wall,fast,True
514.85,context_wall,spatial_context,wall,0.884170475988716,fast,0.9148670261636598,wall,fast,True
514.9,context_wall,spatial_context,wall,0.9009932479383564,fast,0.8718387822796791,wall,fast,True
514.95,context_wall,spatial_context,wall,0.9038754936718132,fast,0.881767170372249,wall,fast,True
515.0500000000001,context_wall,spatial_context,wall,0.9007416399172513,fast,0.7822454142868582,wall,fast,True
515.1,context_wall,spatial_context,wall,0.935895135579568,fast,0.7257791901894609,wall,fast,True
515.15,context_wall,spatial_context,wall,0.8897338011657344,fast,0.6610257212647738,wall,fast,True
515.2,context_wall,spatial_context,wall,0.8472042920844676,fast,0.6097428746471337,wall,fast,True
515.25,context_wall,spatial_context,wall,0.8169658252147535,fast,0.5975827225301722,wall,fast,True
515.6,context_wall,spatial_context,wall,0.9228349151557338,slow,0.4971079179251838,wall,fast,True
515.65,context_wall,spatial_context,wall,0.8688174149928695,fast,0.5533175883640172,wall,fast,True
515.7,context_wall,spatial_context,wall,0.9359136984342978,fast,0.5771030694569416,wall,fast,True
515.75,context_wall,spatial_context,wall,0.9155618428958603,fast,0.4930649648218047,wall,fast,True
515.8000000000001,context_wall,spatial_context,wall,0.9330243574649942,fast,0.5404152239359914,wall,slow,True
515.85,context_wall,spatial_context,wall,0.9058646473670887,slow,0.5150362048615004,wall,slow,True
515.9,context_wall,spatial_context,wall,0.8518398046672832,fast,0.48110584124872735,wall,slow,True
515.95,context_wall,spatial_context,wall,0.8573238722245715,slow,0.5357170292165797,wall,fast,True
517.35,context_wall,spatial_context,corner,0.832579545449716,fast,0.8627667058768708,corner,fast,True
517.4,context_wall,spatial_context,corner,0.9451508380548801,fast,0.8448312315950716,corner,fast,True
517.45,context_wall,spatial_context,corner,0.947259342408293,fast,0.7835618993804347,corner,fast,True
517.5,context_wall,spatial_context,corner,0.9263861228308227,fast,0.8785453869550672,corner,fast,True
517.5500000000001,context_wall,spatial_context,corner,0.9611963159790418,fast,0.9239229779488076,corner,fast,True
517.6,context_wall,spatial_context,corner,0.9572577026974196,fast,0.9612405194527274,corner,fast,True
517.65,context_wall,spatial_context,corner,0.9441734098104714,fast,0.9653106373882719,corner,fast,True
517.7,context_wall,spatial_context,corner,0.9666904194190802,fast,0.97596369237058,corner,fast,True
517.75,context_wall,spatial_context,corner,0.8422963275087468,fast,0.9836226228685644,corner,fast,True
517.8000000000001,context_wall,spatial_context,corner,0.8353805434217143,fast,0.9824857562769621,corner,fast,True
517.85,context_wall,spatial_context,corner,0.8317324775064117,fast,0.9873611699507313,corner,fast,True
517.9,context_wall,spatial_context,corner,0.8839624335452728,fast,0.9787651654583472,corner,fast,True
517.95,context_wall,spatial_context,corner,0.805317805515317,fast,0.9890028920480621,corner,fast,True
518.0,context_wall,spatial_context,corner,0.8322853306085798,fast,0.9898305764290568,corner,fast,True
518.0500000000001,context_wall,spatial_context,corner,0.9124214594212694,fast,0.9874439414792288,corner,slow,True
518.1,context_wall,spatial_context,corner,0.847637501387285,fast,0.9690997161027372,corner,slow,True
518.2,context_wall,spatial_context,corner,0.819260137016621,fast,0.8541644397666831,corner,slow,True
518.25,context_wall,spatial_context,corner,0.9456649030041514,fast,0.7225247043051412,corner,slow,True
518.3000000000001,context_wall,spatial_context,corner,0.8229818792649678,fast,0.5490403819117489,corner,slow,True
518.35,context_wall,spatial_context,corner,0.9475223121049996,slow,0.5369036790648614,corner,slow,True
518.4,context_wall,spatial_context,corner,0.9615894938380265,slow,0.5376260059215447,corner,slow,True
518.45,context_wall,spatial_context,corner,0.9485297898077713,slow,0.55101251992602,corner,slow,True
518.5,context_wall,spatial_context,corner,0.960447519178615,still,0.6081710001147124,corner,slow,True
518.5500000000001,context_wall,spatial_context,corner,0.9572228869696735,still,0.8101189137043081,corner,slow,True
518.6,context_wall,spatial_context,corner,0.9108429955242388,still,0.7872682187753217,corner,slow,True
518.65,context_wall,spatial_context,corner,0.9524871411871528,still,0.7693650907539852,corner,slow,True
518.7,context_wall,spatial_context,corner,0.935254782994586,still,0.8064025365667001,corner,slow,True
518.75,context_wall,spatial_context,corner,0.9166211658883752,still,0.820745814026271,corner,slow,True
518.8000000000001,context_wall,spatial_context,corner,0.9562320555150012,still,0.7744639800920443,corner,slow,True
518.85,context_wall,spatial_context,corner,0.9663674339421217,still,0.7784270223667814,corner,slow,True
518.9,context_wall,spatial_context,corner,0.9729034464683438,still,0.7603336719195113,corner,slow,True
518.95,context_wall,spatial_context,corner,0.9507112720324712,still,0.7425249826209964,corner,slow,True
519.0,context_wall,spatial_context,corner,0.9621518717453077,still,0.7433683485618238,corner,slow,True
519.0500000000001,context_wall,spatial_context,corner,0.9611605382978001,still,0.7500386884514578,corner,slow,True
519.1,context_wall,spatial_context,corner,0.9520388661935429,still,0.7632205791253999,corner,slow,True
519.15,context_wall,spatial_context,corner,0.9443111337848871,still,0.8282541747819824,corner,slow,True
519.2,context_wall,spatial_context,corner,0.9522909910906197,still,0.8073318493569887,corner,slow,True
519.25,context_wall,spatial_context,corner,0.8869099424808934,still,0.7805181815773184,corner,slow,True
519.3000000000001,context_wall,spatial_context,corner,0.9088801526268517,still,0.6450437668458072,corner,slow,True
519.35,context_wall,spatial_context,corner,0.8111291276455701,still,0.6830641220563526,corner,fast,True
519.5500000000001,context_wall,spatial_context,corner,0.8447406439448909,slow,0.5731081093124247,corner,fast,True
519.6,context_wall,spatial_context,corner,0.9021630672556757,slow,0.5769209628633627,corner,fast,True
519.65,context_wall,spatial_context,corner,0.8980363374445602,slow,0.5216647811150419,corner,fast,True
519.7,context_wall,spatial_context,corner,0.9001972749124689,fast,0.5746813473151291,corner,fast,True
519.75,context_wall,spatial_context,corner,0.8565237302065473,fast,0.6836068315906896,corner,fast,True
519.85,context_wall,spatial_context,corner,0.8252060209445132,fast,0.8787162707649829,corner,fast,True
520.45,context_wall,spatial_context,wall,0.907961469983252,fast,0.9767781104447406,wall,fast,True
520.5,context_wall,spatial_context,wall,0.8737450271489091,fast,0.9789380771788703,wall,fast,True
520.6,context_wall,spatial_context,wall,0.8178366390135601,fast,0.9638260561027943,wall,fast,True
521.4,context_wall,spatial_context,wall,0.9275810977688657,fast,0.9230467726881868,wall,fast,True
521.45,context_wall,spatial_context,wall,0.939166352341775,fast,0.881205818142597,wall,fast,True
521.5,context_wall,spatial_context,wall,0.9445900790350565,fast,0.8588830493953398,wall,fast,True
521.5500000000001,context_wall,spatial_context,wall,0.9299454940205107,fast,0.8755958784721446,wall,fast,True
521.6,context_wall,spatial_context,wall,0.9536384208196779,fast,0.8336739391718596,wall,fast,True
521.65,context_wall,spatial_context,wall,0.9486955097246691,fast,0.8826704832976044,wall,fast,True
521.7,context_wall,spatial_context,wall,0.9603189446592012,fast,0.8448440350777146,wall,fast,True
521.75,context_wall,spatial_context,wall,0.9736598422167626,fast,0.8283204123122117,wall,fast,True
521.8000000000001,context_wall,spatial_context,wall,0.9897325050699622,fast,0.7341848940823613,wall,fast,True
521.85,context_wall,spatial_context,wall,0.8961301443063661,fast,0.7479662107642623,wall,fast,True
521.9,context_wall,spatial_context,wall,0.949170648679323,fast,0.6812564505458337,wall,fast,True
521.95,context_wall,spatial_context,wall,0.812082664041827,fast,0.7103834548464255,wall,slow,True
522.0,context_wall,spatial_context,wall,0.8481735758780253,fast,0.6409295384460321,wall,fast,True
522.0500000000001,context_wall,spatial_context,wall,0.8360308998671151,fast,0.5815391831096771,wall,fast,True
535.0,context_wall,spatial_context,wall,0.8005080441225414,slow,0.570203938680049,wall,slow,True
535.0500000000001,context_wall,spatial_context,wall,0.8160720904563246,slow,0.5467505365103641,wall,slow,True
535.1,context_wall,spatial_context,wall,0.892268116320374,slow,0.569297983317659,wall,slow,True
535.15,context_wall,spatial_context,wall,0.8208545336806569,slow,0.4622063997111323,wall,slow,True
535.2,context_wall,spatial_context,wall,0.9205145380468528,slow,0.4823403886813093,wall,slow,True
535.25,context_wall,spatial_context,wall,0.9385960307092774,still,0.5005652260369482,wall,slow,True
535.3000000000001,context_wall,spatial_context,wall,0.8106212775847088,still,0.4753710535836226,wall,slow,True
535.35,context_wall,spatial_context,wall,0.8323168283692328,slow,0.47883591640354856,wall,slow,True
535.5,context_wall,spatial_context,wall,0.8869051717874347,still,0.6989478074401922,wall,slow,True
535.5500000000001,context_wall,spatial_context,wall,0.9018392270061671,still,0.6781013944108364,wall,slow,True
535.6,context_wall,spatial_context,wall,0.8680054014009099,still,0.7108890513420362,wall,slow,True
537.3000000000001,context_wall,spatial_context,wall,0.8387457553899985,slow,0.587653812101631,wall,fast,True
537.35,context_wall,spatial_context,wall,0.8455840999897152,slow,0.5139182389757311,wall,fast,True
537.4,context_wall,spatial_context,wall,0.8769995800543885,fast,0.5208918896210503,wall,fast,True
537.45,context_wall,spatial_context,wall,0.8884645398025112,fast,0.6234420308947387,wall,fast,True
538.2,context_wall,spatial_context,wall,0.8320231013976533,slow,0.5728249701346968,wall,slow,True
538.25,context_wall,spatial_context,wall,0.83308403236814,slow,0.5601415123633894,wall,slow,True
538.3000000000001,context_wall,spatial_context,wall,0.8175220924693085,slow,0.5515311403739714,wall,slow,True
538.35,context_wall,spatial_context,wall,0.8007127847557666,slow,0.5483021294474719,wall,slow,True
538.45,context_wall,spatial_context,wall,0.8520983656135338,slow,0.5305552405943006,wall,slow,True
538.8000000000001,context_wall,spatial_context,corner,0.8147487038005772,fast,0.48889709550833826,wall,fast,True
538.85,context_wall,spatial_context,corner,0.8164912807460065,slow,0.47330483522869826,wall,fast,True
539.0,context_wall,spatial_context,corner,0.8270106358778611,fast,0.788528137161373,wall,fast,True
539.9,context_wall,spatial_context,wall,0.8607093702355083,slow,0.480136916514118,wall,fast,True
539.95,context_wall,spatial_context,wall,0.8926542405413056,fast,0.5745230885221058,wall,slow,True
540.0,context_wall,spatial_context,wall,0.9153683342764104,fast,0.5659322845005654,wall,slow,True
540.0500000000001,context_wall,spatial_context,wall,0.8388227064899888,fast,0.585995915995907,wall,slow,True
540.85,context_wall,spatial_context,wall,0.8482001533809196,slow,0.5108843739272992,wall,fast,True
540.9,context_wall,spatial_context,wall,0.8878380125795143,slow,0.5505101741019259,wall,fast,True
540.95,context_wall,spatial_context,wall,0.8871573614906203,slow,0.4812897736613362,wall,fast,True
541.0,context_wall,spatial_context,wall,0.8255621395480606,slow,0.5217993219360417,wall,slow,True
541.0500000000001,context_wall,spatial_context,wall,0.890446619282345,slow,0.5001604922892341,wall,fast,True
541.1,context_wall,spatial_context,wall,0.9130192237527396,fast,0.49003163174527564,wall,fast,True
541.15,context_wall,spatial_context,wall,0.8469320276772381,fast,0.5108505466739615,wall,slow,True
541.2,context_wall,spatial_context,wall,0.8855495445971898,fast,0.5807701344850231,wall,fast,True
541.25,context_wall,spatial_context,wall,0.8547808127474629,fast,0.6098732881881427,wall,slow,True
541.3000000000001,context_wall,spatial_context,wall,0.8120311478653537,fast,0.596720727803438,wall,slow,True
541.4,context_wall,spatial_context,wall,0.8176473165207231,fast,0.5613326784665215,wall,slow,True
541.45,context_wall,spatial_context,wall,0.8215161646512203,slow,0.47006104863441833,wall,slow,True
541.5,context_wall,spatial_context,wall,0.8190245074013665,slow,0.46465032078789803,wall,still,True
551.6,context_wall,spatial_context,wall,0.8059795928725488,fast,0.9753175699408262,wall,fast,True
551.65,context_wall,spatial_context,wall,0.9175062221116314,fast,0.9698874116310331,wall,fast,True
551.7,context_wall,spatial_context,wall,0.9450157750817351,fast,0.9602543311783079,wall,fast,True
551.75,context_wall,spatial_context,wall,0.9340183600843202,fast,0.931372397309864,wall,fast,True
551.9,context_wall,spatial_context,wall,0.8699411867285872,fast,0.8819615640350681,wall,slow,True
551.95,context_wall,spatial_context,wall,0.8797515365647511,fast,0.8397317751125843,wall,fast,True
552.0,context_wall,spatial_context,wall,0.8384827585972677,fast,0.7498031766038882,wall,fast,True
552.0500000000001,context_wall,spatial_context,wall,0.8922094693590715,fast,0.6598119481679106,wall,fast,True
552.1,context_wall,spatial_context,wall,0.9568606111131595,fast,0.659230919544071,wall,fast,True
552.15,context_wall,spatial_context,wall,0.9619233542895106,fast,0.5687312436115144,wall,fast,True
552.2,context_wall,spatial_context,wall,0.881182236083373,fast,0.6139705666297747,wall,fast,True
552.25,context_wall,spatial_context,wall,0.8705501600052294,fast,0.6309002938254523,wall,fast,True
552.3000000000001,context_wall,spatial_context,wall,0.8455490142049109,fast,0.6631821249772896,wall,fast,True
552.35,context_wall,spatial_context,wall,0.8766643049662365,fast,0.7023021501675094,wall,fast,True
552.4,context_wall,spatial_context,wall,0.8931750763127907,fast,0.698112457236755,wall,fast,True
552.45,context_wall,spatial_context,wall,0.8744500897888892,fast,0.718464041643206,wall,fast,True
552.5,context_wall,spatial_context,wall,0.8034435074610647,fast,0.6819581173743934,wall,slow,True
552.85,context_wall,spatial_context,wall,0.8251308029492415,slow,0.5942179859615798,wall,fast,True
552.9,context_wall,spatial_context,wall,0.8203595744438971,slow,0.5798410639577788,wall,fast,True
553.0,context_wall,spatial_context,wall,0.8086388747898688,slow,0.5046026090701453,wall,fast,True
553.3000000000001,context_wall,spatial_context,wall,0.8301252841687804,fast,0.7872247659953376,wall,fast,True
554.5500000000001,context_wall,spatial_context,wall,0.8116777652005411,fast,0.8102535019086597,wall,fast,True
554.9,context_wall,spatial_context,corner,0.8251707214124417,fast,0.659680268841581,corner,slow,True
555.15,context_wall,spatial_context,corner,0.8721758215856373,fast,0.4929478635923633,corner,fast,True
555.2,context_wall,spatial_context,corner,0.8218022192549177,fast,0.5687863721219594,corner,fast,True
555.3000000000001,context_wall,spatial_context,corner,0.8274087889598623,fast,0.6609046973421929,corner,fast,True
555.35,context_wall,spatial_context,corner,0.8011694364285298,fast,0.755882264485655,corner,fast,True
555.4,context_wall,spatial_context,corner,0.9118079166388121,fast,0.7520759271986784,corner,fast,True
555.5,context_wall,spatial_context,corner,0.811564762416926,fast,0.7225600194716508,corner,fast,True
555.5500000000001,context_wall,spatial_context,corner,0.8334735131708442,fast,0.8424733391345404,corner,fast,True
555.6,context_wall,spatial_context,corner,0.8958208123531005,fast,0.8190130518079792,corner,fast,True
555.65,context_wall,spatial_context,corner,0.9005029829767531,fast,0.8882311772045425,corner,fast,True
555.7,context_wall,spatial_context,corner,0.9492315172828278,fast,0.9256869803224773,corner,fast,True
555.75,context_wall,spatial_context,corner,0.9630655236887713,fast,0.936924243457625,corner,fast,True
555.8000000000001,context_wall,spatial_context,corner,0.9632857158603819,fast,0.9337439773034889,corner,fast,True
555.85,context_wall,spatial_context,corner,0.9537939588291938,fast,0.9386993989323446,corner,fast,True
555.9,context_wall,spatial_context,corner,0.968127548922613,fast,0.9606747079451479,corner,fast,True
555.95,context_wall,spatial_context,corner,0.9607152946569542,fast,0.9656352719584219,corner,fast,True
556.0,context_wall,spatial_context,corner,0.9604089882039678,fast,0.9674112849240979,corner,fast,True
556.0500000000001,context_wall,spatial_context,corner,0.9444158454219462,fast,0.9658313294359653,corner,fast,True
556.1,context_wall,spatial_context,corner,0.8197119326150788,fast,0.9833443649332531,corner,fast,True
556.15,context_wall,spatial_context,corner,0.912486612412702,fast,0.9879599424010675,corner,fast,True
556.2,context_wall,spatial_context,corner,0.8587005927770691,fast,0.9899087505332272,corner,fast,True
556.25,context_wall,spatial_context,corner,0.883968167481334,fast,0.9889096336514432,corner,fast,True
556.3000000000001,context_wall,spatial_context,corner,0.88210434417157,fast,0.9895036216287402,corner,fast,True
556.35,context_wall,spatial_context,corner,0.8165534324644986,fast,0.9886802727825956,corner,fast,True
556.4,context_wall,spatial_context,corner,0.8680007236147661,fast,0.9939304656981449,corner,fast,True
556.45,context_wall,spatial_context,corner,0.8762939702728757,fast,0.985061306981774,corner,fast,True
556.5500000000001,context_wall,spatial_context,corner,0.8709253118435716,fast,0.9647353377324299,corner,slow,True
556.8000000000001,context_wall,spatial_context,corner,0.902370308497471,slow,0.5415704517147669,corner,fast,True
556.85,context_wall,spatial_context,corner,0.9558614428754519,slow,0.623298000102414,corner,slow,True
556.9,context_wall,spatial_context,corner,0.9288425090142632,slow,0.6424878475693658,corner,slow,True
556.95,context_wall,spatial_context,corner,0.9383602098730325,slow,0.6333040403122935,corner,slow,True
557.0,context_wall,spatial_context,corner,0.9622525654993227,slow,0.6189819865265466,corner,slow,True
557.0500000000001,context_wall,spatial_context,corner,0.9816854188190163,slow,0.5939718832837643,corner,fast,True
557.1,context_wall,spatial_context,corner,0.9876511447692279,slow,0.6054280262911355,corner,fast,True
557.15,context_wall,spatial_context,corner,0.9795403441910833,slow,0.5657991988345099,corner,fast,True
557.2,context_wall,spatial_context,corner,0.9737841129757692,slow,0.5807450479216665,corner,fast,True
557.25,context_wall,spatial_context,corner,0.9647270573991418,slow,0.5733442366744196,corner,fast,True
557.3000000000001,context_wall,spatial_context,corner,0.9481129578660115,fast,0.47726682282560523,corner,fast,True
557.35,context_wall,spatial_context,corner,0.9183324235259905,fast,0.4910373696420243,corner,fast,True
557.4,context_wall,spatial_context,corner,0.9707640644052798,slow,0.5231128833765395,corner,fast,True
557.45,context_wall,spatial_context,corner,0.9538954785037198,slow,0.5170857119378007,corner,fast,True
557.5,context_wall,spatial_context,corner,0.9195093038622794,slow,0.5098853644100482,corner,fast,True
557.5500000000001,context_wall,spatial_context,corner,0.8713253160647381,fast,0.5091273444578506,corner,fast,True
557.6,context_wall,spatial_context,corner,0.8974606731278417,fast,0.53842497120282,corner,fast,True
557.65,context_wall,spatial_context,corner,0.8959760436991989,fast,0.5480257963553518,corner,fast,True
557.7,context_wall,spatial_context,corner,0.8217980965383167,fast,0.5740188686200672,corner,fast,True
557.75,context_wall,spatial_context,corner,0.9008654354727583,fast,0.6206149545993931,corner,fast,True
557.8000000000001,context_wall,spatial_context,corner,0.8830046679988258,fast,0.6568775526833398,corner,fast,True
557.85,context_wall,spatial_context,corner,0.8641810146081689,fast,0.7516811416682859,corner,fast,True
558.0500000000001,context_wall,spatial_context,corner,0.8188783310615675,fast,0.5887713043035628,corner,fast,True
558.1,context_wall,spatial_context,corner,0.8380223793463994,fast,0.6152050354777537,corner,fast,True
558.35,context_wall,spatial_context,corner,0.8703784536963701,fast,0.5466882525289763,corner,slow,True
558.8000000000001,context_wall,spatial_context,corner,0.8344274445452102,slow,0.555383267202982,corner,slow,True
559.0500000000001,context_wall,spatial_context,corner,0.8704238331978155,slow,0.5179117831168044,corner,fast,True
559.1,context_wall,spatial_context,corner,0.8925524782835158,slow,0.5044952232616673,corner,fast,True
559.15,context_wall,spatial_context,corner,0.904660423174838,fast,0.5057876778999992,corner,fast,True
559.2,context_wall,spatial_context,corner,0.9481550037957496,fast,0.48795152773979017,corner,fast,True
559.25,context_wall,spatial_context,corner,0.9496981037530307,fast,0.7576676974377727,corner,fast,True
559.3000000000001,context_wall,spatial_context,corner,0.9701267640305712,fast,0.7379332914266518,corner,slow,True
559.35,context_wall,spatial_context,corner,0.9767747994764703,fast,0.6348165408332272,corner,slow,True
559.4,context_wall,spatial_context,corner,0.979568369146445,fast,0.6062413725270791,corner,fast,True
559.45,context_wall,spatial_context,corner,0.9673956298241047,fast,0.6959438812730695,corner,fast,True
559.5,context_wall,spatial_context,corner,0.9525206799338939,fast,0.7094551756444283,corner,fast,True
559.5500000000001,context_wall,spatial_context,corner,0.9502039072384847,fast,0.6458448769905575,corner,fast,True
559.6,context_wall,spatial_context,corner,0.9401599673476835,fast,0.7383364111511834,corner,fast,True
559.65,context_wall,spatial_context,corner,0.8366513555460134,fast,0.6373585899640662,corner,fast,True
559.7,context_wall,spatial_context,corner,0.8658547287456265,fast,0.8093562562093237,corner,fast,True
559.75,context_wall,spatial_context,corner,0.843596694263078,fast,0.7127121169862993,corner,fast,True
560.0,context_wall,spatial_context,corner,0.8015708877814356,fast,0.7068685693139207,corner,fast,True
560.0500000000001,context_wall,spatial_context,corner,0.8436880612129091,fast,0.6419129153843057,corner,fast,True
560.15,context_wall,spatial_context,corner,0.906883501859823,fast,0.6637809780653664,corner,slow,True
560.2,context_wall,spatial_context,corner,0.8822383557359244,fast,0.5610323608482919,corner,slow,True
560.25,context_wall,spatial_context,corner,0.9273840739369232,slow,0.4988797661530361,corner,slow,True
560.3000000000001,context_wall,spatial_context,corner,0.8846445788156164,slow,0.5397094078893804,corner,slow,True
560.35,context_wall,spatial_context,corner,0.8133315840489387,slow,0.5569836322836332,corner,still,True
560.4,context_wall,spatial_context,corner,0.8416394878338919,slow,0.5827440027644039,corner,still,True
560.45,context_wall,spatial_context,corner,0.9324757007660085,slow,0.6191845739979612,corner,slow,True
561.25,context_wall,spatial_context,corner,0.8401374121202047,slow,0.6277039380500811,corner,slow,True
561.3000000000001,context_wall,spatial_context,corner,0.8150854581470988,slow,0.6271017853499516,corner,slow,True
561.4,context_wall,spatial_context,corner,0.8045919460240064,slow,0.6344975963771592,corner,slow,True
561.6,context_wall,spatial_context,corner,0.800604347210793,slow,0.6523395169212193,corner,slow,True
561.65,context_wall,spatial_context,corner,0.8253855904132483,slow,0.6471610748376028,corner,slow,True
561.75,context_wall,spatial_context,corner,0.8352084819095,slow,0.4931719399731465,corner,slow,True
561.8000000000001,context_wall,spatial_context,corner,0.8546182482434417,still,0.48631501563268376,corner,slow,True
561.85,context_wall,spatial_context,corner,0.851853752190654,slow,0.4758636453266866,corner,slow,True
561.9,context_wall,spatial_context,corner,0.9470913904123577,slow,0.5767927680710785,corner,slow,True
561.95,context_wall,spatial_context,corner,0.9370510383536069,slow,0.4693938417623758,corner,slow,True
562.0,context_wall,spatial_context,corner,0.950203815090018,slow,0.5516352125173277,corner,slow,True
562.0500000000001,context_wall,spatial_context,corner,0.9391974446818752,slow,0.5806158095037478,corner,slow,True
562.1,context_wall,spatial_context,corner,0.9288285539307121,slow,0.5508787190839612,corner,slow,True
562.15,context_wall,spatial_context,corner,0.9410470551365332,slow,0.5531805260377511,corner,slow,True
562.2,context_wall,spatial_context,corner,0.9487498043099118,slow,0.5651514337077643,corner,slow,True
562.25,context_wall,spatial_context,corner,0.9624971783750752,slow,0.5697437885655993,corner,slow,True
562.3000000000001,context_wall,spatial_context,corner,0.8575759999170788,slow,0.5997764897387755,corner,slow,True
562.35,context_wall,spatial_context,corner,0.9153354568224162,slow,0.5992395989048176,corner,slow,True
562.4,context_wall,spatial_context,corner,0.8567698792401806,slow,0.5362635464014828,corner,slow,True
562.45,context_wall,spatial_context,corner,0.934762452062397,slow,0.5469604134693493,corner,still,True
562.5,context_wall,spatial_context,corner,0.9292999468827965,slow,0.512403583073985,corner,still,True
562.5500000000001,context_wall,spatial_context,corner,0.8582553577817698,still,0.5986258346031098,corner,slow,True
562.6,context_wall,spatial_context,corner,0.8847316558216999,still,0.5749289686002154,corner,slow,True
562.65,context_wall,spatial_context,corner,0.882966972791685,still,0.5386331558954383,corner,slow,True
562.7,context_wall,spatial_context,corner,0.8695938105518369,still,0.5773653291043223,corner,fast,True
562.75,context_wall,spatial_context,corner,0.8098760687254447,still,0.4788628578930807,corner,slow,True
562.8000000000001,context_wall,spatial_context,corner,0.8209120368622739,still,0.5099437083870234,corner,slow,True
562.85,context_wall,spatial_context,corner,0.8142901091741735,slow,0.48800005109734523,corner,fast,True
563.0500000000001,context_wall,spatial_context,corner,0.810418431008573,slow,0.5101964393940319,corner,fast,True
563.65,context_wall,spatial_context,wall,0.8332612063461547,fast,0.8974585947376619,wall,fast,True
563.7,context_wall,spatial_context,wall,0.829857380545264,fast,0.8530247524251935,wall,fast,True
563.75,context_wall,spatial_context,wall,0.8249984832637477,fast,0.8117697633433287,wall,slow,True
563.8000000000001,context_wall,spatial_context,wall,0.9125628859067377,fast,0.7961327066432055,wall,slow,True
563.85,context_wall,spatial_context,wall,0.8129795987329659,fast,0.778285940287892,wall,slow,True
563.9,context_wall,spatial_context,wall,0.8663271510249028,fast,0.7397248869929872,wall,slow,True
563.95,context_wall,spatial_context,wall,0.9082879751145885,fast,0.6412848804128014,wall,fast,True
564.0,context_wall,spatial_context,wall,0.8750667366481957,fast,0.7779432498610802,wall,fast,True
564.0500000000001,context_wall,spatial_context,wall,0.8567094701057824,fast,0.7222391820061562,wall,fast,True
564.1,context_wall,spatial_context,wall,0.8214827724761691,fast,0.7639327967433107,wall,fast,True
564.15,context_wall,spatial_context,wall,0.8613400294747967,fast,0.6739292376426717,wall,fast,True
564.2,context_wall,spatial_context,wall,0.8128723725385747,fast,0.7638269272315372,wall,fast,True
564.5,context_wall,spatial_context,wall,0.9281815208923195,fast,0.8189079891949739,wall,fast,True
564.5500000000001,context_wall,spatial_context,wall,0.8881979217233902,fast,0.8226125563412383,wall,fast,True
564.6,context_wall,spatial_context,wall,0.8729004057894695,fast,0.8027419526149983,wall,fast,True
564.65,context_wall,spatial_context,wall,0.9691489042914935,fast,0.8120005143241571,wall,fast,True
566.2,context_wall,spatial_context,wall,0.8054320025505171,fast,0.8328317802858222,wall,slow,True
566.35,context_wall,spatial_context,wall,0.855640423382136,fast,0.6742036960403757,wall,fast,True
566.4,context_wall,spatial_context,wall,0.8002216927473867,fast,0.5682043381730862,wall,slow,True
566.6,context_wall,spatial_context,wall,0.8368927454593371,slow,0.5003946249008339,wall,fast,True
567.0,context_wall,spatial_context,wall,0.8508399252145794,slow,0.5799810916099972,wall,fast,True
567.1,context_wall,spatial_context,wall,0.8107080000673565,slow,0.5670759943581358,wall,slow,True
567.75,context_wall,spatial_context,wall,0.8158013658619082,slow,0.5076700647493102,wall,fast,True
568.2,context_wall,spatial_context,wall,0.8369358130423964,fast,0.7109894387072769,wall,slow,True
568.5,context_wall,spatial_context,wall,0.8056036473818041,slow,0.47922226753806896,wall,fast,True
568.6,context_wall,spatial_context,wall,0.8491545527029463,fast,0.7525903133840172,wall,fast,True
568.65,context_wall,spatial_context,wall,0.8818234174205505,fast,0.7698274025450066,wall,slow,True
568.7,context_wall,spatial_context,wall,0.8147143068107564,fast,0.6272279838004531,wall,fast,True
568.75,context_wall,spatial_context,wall,0.8560341342232776,fast,0.6512938290137607,wall,fast,True
568.8000000000001,context_wall,spatial_context,wall,0.8050434337271024,fast,0.8007459338958948,wall,fast,True
569.1,context_wall,spatial_context,wall,0.8067086684551141,slow,0.49437827822982294,corner,slow,True
569.5,context_wall,spatial_context,wall,0.8857167804660117,fast,0.4931881342333195,corner,slow,True
569.5500000000001,context_wall,spatial_context,wall,0.8217442693157768,slow,0.49807956795242725,corner,slow,True
569.75,context_wall,spatial_context,corner,0.8736597203061252,fast,0.555924880880889,corner,slow,True
569.8000000000001,context_wall,spatial_context,corner,0.8617274245233243,fast,0.5951376954189266,corner,slow,True
569.85,context_wall,spatial_context,corner,0.9001251593500987,slow,0.46464991458061417,corner,slow,True
569.9,context_wall,spatial_context,corner,0.9444396472869486,slow,0.46117062285050564,corner,fast,True
569.95,context_wall,spatial_context,corner,0.9199845926474174,fast,0.4703291651843266,corner,fast,True
570.0,context_wall,spatial_context,corner,0.9626246002133663,slow,0.4689480828525824,corner,fast,True
570.0500000000001,context_wall,spatial_context,corner,0.882878241145768,fast,0.495905683482365,corner,fast,True
570.5,context_wall,spatial_context,corner,0.8233038251419572,fast,0.5936760353437432,corner,slow,True
570.5500000000001,context_wall,spatial_context,corner,0.8551980005453741,fast,0.5999948794776718,corner,slow,True
570.6,context_wall,spatial_context,corner,0.9096075219023838,fast,0.4797405048697887,corner,slow,True
570.65,context_wall,spatial_context,corner,0.9020650300615505,slow,0.4768963552372806,corner,slow,True
570.7,context_wall,spatial_context,corner,0.9752257283359087,slow,0.5264981094138451,corner,slow,True
570.75,context_wall,spatial_context,corner,0.974944159750274,slow,0.5397277746471656,corner,slow,True
570.8000000000001,context_wall,spatial_context,corner,0.9406005168107816,slow,0.5261163104662314,corner,slow,True
570.85,context_wall,spatial_context,corner,0.915249679046461,slow,0.5032101990369726,corner,slow,True
570.9,context_wall,spatial_context,corner,0.8904890540525766,slow,0.48733272831617214,corner,slow,True
570.95,context_wall,spatial_context,corner,0.9303950143937234,still,0.5417677205074806,corner,slow,True
571.0,context_wall,spatial_context,corner,0.9215481554137532,still,0.5476567829228689,corner,slow,True
571.0500000000001,context_wall,spatial_context,corner,0.8959407017763339,still,0.5275031137882463,corner,slow,True
571.1,context_wall,spatial_context,corner,0.8734189684295299,slow,0.48941507303462295,corner,still,True
571.6,context_wall,spatial_context,corner,0.8497089639482838,still,0.7563314769060282,corner,slow,True
571.65,context_wall,spatial_context,corner,0.9085904254271889,still,0.7032132933363278,corner,slow,True
571.7,context_wall,spatial_context,corner,0.8890706678390796,still,0.6917941887530993,corner,slow,True
571.8000000000001,context_wall,spatial_context,corner,0.8863494850227838,still,0.6787475375792975,corner,slow,True
571.85,context_wall,spatial_context,corner,0.9273517818599053,still,0.6632731492810935,corner,slow,True
571.9,context_wall,spatial_context,corner,0.9079874214003857,still,0.6265587559930412,corner,slow,True
571.95,context_wall,spatial_context,corner,0.9621256668442689,still,0.6446550740591958,corner,slow,True
572.0,context_wall,spatial_context,corner,0.9876836769567796,still,0.5785644048176062,corner,slow,True
572.0500000000001,context_wall,spatial_context,corner,0.9878217370604119,still,0.5450793474628477,corner,slow,True
572.1,context_wall,spatial_context,corner,0.9605368339674061,still,0.5927463124828387,corner,slow,True
572.15,context_wall,spatial_context,corner,0.9625702363849709,slow,0.4481399942926065,corner,slow,True
572.2,context_wall,spatial_context,corner,0.9671720666941218,slow,0.44873252829611115,corner,slow,True
572.25,context_wall,spatial_context,corner,0.9458901448758774,slow,0.46581453953749574,corner,fast,True
572.3000000000001,context_wall,spatial_context,corner,0.9307490590417028,slow,0.47401374279117836,corner,slow,True
572.35,context_wall,spatial_context,corner,0.9633279885570523,slow,0.4960486438852896,corner,slow,True
572.4,context_wall,spatial_context,corner,0.9532970391128075,slow,0.49711098045753394,corner,slow,True
572.45,context_wall,spatial_context,corner,0.9459797892200246,slow,0.5159869341306759,corner,slow,True
572.5,context_wall,spatial_context,corner,0.9696411598354553,slow,0.49939109793266695,corner,slow,True
572.5500000000001,context_wall,spatial_context,corner,0.9467742519493225,slow,0.4926069328852157,corner,slow,True
572.6,context_wall,spatial_context,corner,0.9075247053695115,slow,0.5341730190636089,corner,slow,True
572.65,context_wall,spatial_context,corner,0.805719477425149,still,0.475957729526037,corner,slow,True
572.7,context_wall,spatial_context,corner,0.8965001909217566,still,0.489185300429827,corner,slow,True
573.5,context_wall,spatial_context,corner,0.844101842847199,fast,0.5117162039317292,corner,slow,True
573.5500000000001,context_wall,spatial_context,corner,0.8462913433132393,fast,0.45588545232510885,corner,slow,True
573.6,context_wall,spatial_context,corner,0.8897018784281332,slow,0.43943507459727577,wall,fast,True
573.65,context_wall,spatial_context,corner,0.8937169598037025,slow,0.4545135704387806,wall,slow,True
573.7,context_wall,spatial_context,corner,0.8532052985575413,fast,0.4377862180248677,wall,slow,True
573.75,context_wall,spatial_context,corner,0.8022176519348351,slow,0.47608613341311684,wall,slow,True
575.1,context_wall,spatial_context,wall,0.8002183000680471,slow,0.5308408110947963,wall,slow,True
575.15,context_wall,spatial_context,wall,0.8525319178996617,slow,0.5071042265413118,wall,fast,True
575.2,context_wall,spatial_context,wall,0.8799065846934192,slow,0.47212296111515745,wall,slow,True
575.25,context_wall,spatial_context,wall,0.8678157982400037,slow,0.4726816376457709,wall,slow,True
575.3000000000001,context_wall,spatial_context,wall,0.8326680994654252,slow,0.49503927770274825,wall,slow,True
576.0500000000001,context_wall,spatial_context,wall,0.829625538893726,fast,0.8685362851434351,center,fast,False
576.1,context_wall,spatial_context,wall,0.8211736696062403,fast,0.8834103633726156,center,fast,False
576.15,context_wall,spatial_context,wall,0.8071493484175356,fast,0.8345633754082618,center,fast,False
580.4,context_wall,spatial_context,wall,0.8123158840840731,fast,0.820245018961811,wall,fast,True
582.15,context_wall,spatial_context,corner,0.8002096933387867,still,0.896725676085716,wall,still,True
582.4,context_wall,spatial_context,corner,0.8110987287472011,still,0.9037499440428656,wall,still,True
583.9,context_wall,spatial_context,corner,0.8255296685756979,slow,0.48374880943267673,corner,fast,True
583.95,context_wall,spatial_context,corner,0.8633591857782861,fast,0.5231619291180851,corner,fast,True
584.0,context_wall,spatial_context,corner,0.8625909682139918,fast,0.6014866436691299,corner,slow,True
584.0500000000001,context_wall,spatial_context,corner,0.8591101908700441,fast,0.6419384291186422,corner,fast,True
584.1,context_wall,spatial_context,corner,0.8794615199094541,fast,0.6657247726214619,corner,fast,True
584.15,context_wall,spatial_context,corner,0.867262607625692,fast,0.7576854149253882,corner,fast,True
584.2,context_wall,spatial_context,corner,0.8099236006357657,fast,0.7494237304456582,corner,fast,True
584.25,context_wall,spatial_context,corner,0.8266082526399953,fast,0.6511272850958247,corner,fast,True
584.8000000000001,context_wall,spatial_context,corner,0.8094231838353484,fast,0.8947093508018766,corner,fast,True
585.1,context_wall,spatial_context,corner,0.810852435889861,fast,0.9700176864020642,corner,fast,True
585.15,context_wall,spatial_context,corner,0.8131644536266432,fast,0.9114808805003679,corner,slow,True
585.7,context_wall,spatial_context,corner,0.847219803055573,slow,0.5089419144495699,corner,slow,True
585.75,context_wall,spatial_context,corner,0.8833771818088924,slow,0.5032854532795022,corner,slow,True
585.8000000000001,context_wall,spatial_context,corner,0.9391614540225349,slow,0.48700786153717335,corner,slow,True
585.85,context_wall,spatial_context,corner,0.9665046062309677,slow,0.4796735110228982,corner,slow,True
585.9,context_wall,spatial_context,corner,0.9367103283583984,slow,0.5069419031102568,corner,slow,True
585.95,context_wall,spatial_context,corner,0.9279380674673738,slow,0.48537360579289235,corner,slow,True
586.0,context_wall,spatial_context,corner,0.9437911883615421,slow,0.4910179909253192,corner,slow,True
586.0500000000001,context_wall,spatial_context,corner,0.9250795133648712,slow,0.4884213260027561,corner,slow,True
586.1,context_wall,spatial_context,corner,0.9084071658208628,still,0.5780290834880171,corner,still,True
586.15,context_wall,spatial_context,corner,0.8559715687034892,still,0.7257942910325078,corner,still,True
586.2,context_wall,spatial_context,corner,0.8166437240078129,still,0.7778241048993446,corner,slow,True
586.75,context_wall,spatial_context,corner,0.8824602909949235,still,0.7674270373486671,corner,slow,True
586.8000000000001,context_wall,spatial_context,corner,0.8616256568543126,still,0.7475225130735382,corner,slow,True
586.9,context_wall,spatial_context,corner,0.8205678150580397,slow,0.44121020683264855,corner,slow,True
586.95,context_wall,spatial_context,corner,0.860244284883754,slow,0.4548990226078907,corner,slow,True
587.0,context_wall,spatial_context,corner,0.8661044603795682,slow,0.5010660848043529,corner,slow,True
587.0500000000001,context_wall,spatial_context,corner,0.8812825253424154,slow,0.5353699078275503,corner,slow,True
587.1,context_wall,spatial_context,corner,0.8929947539100286,slow,0.5304204795130344,corner,slow,True
587.15,context_wall,spatial_context,corner,0.8906216916381503,slow,0.4853949717956924,corner,slow,True
587.2,context_wall,spatial_context,corner,0.9066779859130532,slow,0.47312958398700183,corner,slow,True
587.25,context_wall,spatial_context,corner,0.906289634712998,still,0.4842584734311574,corner,slow,True
587.3000000000001,context_wall,spatial_context,corner,0.9204159585741769,still,0.4597908575691081,corner,slow,True
587.35,context_wall,spatial_context,corner,0.8858506731602291,still,0.5403222204086504,corner,slow,True
587.4,context_wall,spatial_context,corner,0.8716041819064262,still,0.7706420410597602,corner,slow,True
587.45,context_wall,spatial_context,corner,0.9130089773727077,still,0.7952745869579669,corner,slow,True
587.5,context_wall,spatial_context,corner,0.9308346016391144,still,0.8154260113949247,corner,slow,True
587.5500000000001,context_wall,spatial_context,corner,0.822520998895867,still,0.8027465016574222,corner,slow,True
588.65,context_wall,spatial_context,corner,0.8328826389478402,still,0.5368583092791037,corner,slow,True
589.25,context_wall,spatial_context,corner,0.8065090334114174,slow,0.4194505671124188,corner,fast,True
589.35,context_wall,spatial_context,corner,0.8751332596732279,fast,0.5449500414755637,corner,slow,True
589.4,context_wall,spatial_context,corner,0.951529181244276,fast,0.6644508944695477,corner,slow,True
589.45,context_wall,spatial_context,corner,0.912587364207136,fast,0.606247561135745,corner,slow,True
589.5,context_wall,spatial_context,corner,0.8940524692737009,fast,0.5980088766183493,corner,fast,True
589.5500000000001,context_wall,spatial_context,corner,0.8496977012995096,fast,0.6493709740748308,corner,fast,True
589.6,context_wall,spatial_context,corner,0.9017385278328104,fast,0.6806229327190001,corner,fast,True
589.65,context_wall,spatial_context,corner,0.9563337690254083,fast,0.7329791331884533,corner,slow,True
589.7,context_wall,spatial_context,corner,0.9285140538768641,fast,0.782941137264079,corner,fast,True
589.75,context_wall,spatial_context,corner,0.9224049360101741,fast,0.7040826572319114,corner,slow,True
589.8000000000001,context_wall,spatial_context,corner,0.915335222428905,fast,0.6947536880260682,corner,fast,True
589.85,context_wall,spatial_context,corner,0.8615361873082144,fast,0.6420951543510592,corner,fast,True
589.9,context_wall,spatial_context,corner,0.87605619393781,fast,0.5523786467882127,corner,fast,True
589.95,context_wall,spatial_context,corner,0.8839276725041114,fast,0.6388203450953069,corner,fast,True
590.0,context_wall,spatial_context,corner,0.8587550631252262,fast,0.5428910303328583,corner,fast,True
590.0500000000001,context_wall,spatial_context,corner,0.8437588694459741,fast,0.534752628016793,corner,fast,True
590.1,context_wall,spatial_context,corner,0.8786547010490849,fast,0.5375115825825878,corner,fast,True
590.15,context_wall,spatial_context,corner,0.8576628463171587,fast,0.49379699026624696,corner,fast,True
590.2,context_wall,spatial_context,corner,0.8784746377121295,fast,0.47028686562832783,corner,fast,True
590.25,context_wall,spatial_context,corner,0.8364978041388403,fast,0.5197033976276634,corner,fast,True
590.35,context_wall,spatial_context,corner,0.8489137635956879,fast,0.8116651723688266,corner,fast,True
590.4,context_wall,spatial_context,corner,0.8608759327030535,fast,0.7975090530851155,corner,fast,True
590.45,context_wall,spatial_context,corner,0.8286518154570232,fast,0.8708666843681515,corner,fast,True
590.5,context_wall,spatial_context,corner,0.8442598227124417,fast,0.874846831321225,corner,fast,True
590.5500000000001,context_wall,spatial_context,corner,0.8608302653339983,fast,0.8228724798299359,corner,fast,True
590.6,context_wall,spatial_context,corner,0.8714880916795849,fast,0.7785485736313494,corner,fast,True
590.65,context_wall,spatial_context,corner,0.8737669260635528,fast,0.7428152990453045,corner,fast,True
590.7,context_wall,spatial_context,corner,0.9005482874072673,fast,0.834588140585734,corner,fast,True
590.75,context_wall,spatial_context,corner,0.8968998106690218,fast,0.8374615590873846,corner,fast,True
590.8000000000001,context_wall,spatial_context,corner,0.8774257075758121,fast,0.7873915959743394,corner,fast,True
590.85,context_wall,spatial_context,corner,0.8527006379134902,fast,0.729619583240636,corner,fast,True
590.9,context_wall,spatial_context,corner,0.8617246859256494,fast,0.8840256249280699,corner,fast,True
590.95,context_wall,spatial_context,corner,0.8403177910958238,fast,0.7644520007193542,corner,fast,True
591.0,context_wall,spatial_context,corner,0.830024939717629,fast,0.8713133799372995,corner,fast,True
591.0500000000001,context_wall,spatial_context,corner,0.8487301959813334,fast,0.9284646442278048,corner,fast,True
591.1,context_wall,spatial_context,corner,0.8710085831977125,fast,0.9430095375949703,corner,fast,True
593.5,context_wall,spatial_context,wall,0.8209991977393526,slow,0.480439323146868,wall,slow,True
593.5500000000001,context_wall,spatial_context,wall,0.8839122903416985,still,0.5429293523804348,wall,slow,True
594.3000000000001,context_wall,spatial_context,wall,0.8121234094489118,slow,0.5719545675048364,wall,slow,True
594.5,context_wall,spatial_context,wall,0.8940310675486769,slow,0.5496896665563925,wall,slow,True
594.5500000000001,context_wall,spatial_context,wall,0.8308295667340656,slow,0.55097598875504,wall,fast,True
594.6,context_wall,spatial_context,wall,0.8074967925153154,slow,0.5225150483412582,wall,slow,True
594.7,context_wall,spatial_context,wall,0.8152949725770412,fast,0.5874445233616085,wall,fast,True
594.8000000000001,context_wall,spatial_context,wall,0.8651591554533692,fast,0.70550467292309,wall,fast,True
594.95,context_wall,spatial_context,wall,0.8278843412658482,fast,0.8524370939345276,wall,fast,True
595.0,context_wall,spatial_context,wall,0.8311405873454386,fast,0.8480478959290702,wall,fast,True
595.0500000000001,context_wall,spatial_context,wall,0.8014863692966085,fast,0.8790936393706882,wall,fast,True
595.15,context_wall,spatial_context,wall,0.8664187132474087,fast,0.9053863041259707,wall,fast,True
595.2,context_wall,spatial_context,wall,0.8123955865311782,fast,0.8905353283847014,wall,fast,True
595.3000000000001,context_wall,spatial_context,wall,0.8174582870952267,fast,0.8446222854886006,wall,fast,True
595.95,context_wall,spatial_context,wall,0.8195614513827152,fast,0.85368812600489,wall,fast,True
596.0,context_wall,spatial_context,wall,0.82510523115094,fast,0.8698560024393602,wall,fast,True
596.25,context_wall,spatial_context,wall,0.8247792972857775,fast,0.8275395822687901,wall,fast,True
596.3000000000001,context_wall,spatial_context,wall,0.8001413739134674,fast,0.8830028625208378,wall,fast,True
596.35,context_wall,spatial_context,wall,0.8115397314088536,fast,0.9203931527840812,wall,fast,True
596.5,context_wall,spatial_context,wall,0.8472914016420419,fast,0.9476035362301407,wall,fast,True
597.0500000000001,context_wall,spatial_context,wall,0.8406964457963347,fast,0.9054160922790454,wall,fast,True
597.25,context_wall,spatial_context,wall,0.8274205767038043,fast,0.902467223254732,wall,fast,True
597.3000000000001,context_wall,spatial_context,wall,0.895474904178215,fast,0.8940758892369577,wall,fast,True
597.35,context_wall,spatial_context,wall,0.8299975805108886,fast,0.9437453490050913,wall,fast,True
597.5500000000001,context_wall,spatial_context,wall,0.823667048518903,fast,0.8555453704796877,wall,fast,True
597.6,context_wall,spatial_context,wall,0.8746327759160981,fast,0.8503032159218763,wall,fast,True
597.65,context_wall,spatial_context,wall,0.8785080853820912,fast,0.7401771497926992,wall,fast,True
597.7,context_wall,spatial_context,wall,0.9371906168536114,fast,0.7254368997735561,wall,fast,True
597.75,context_wall,spatial_context,wall,0.890985910518464,fast,0.7558663398391389,wall,slow,True
597.8000000000001,context_wall,spatial_context,wall,0.838442860712957,fast,0.7488096003658237,wall,fast,True
597.85,context_wall,spatial_context,wall,0.8539172094628114,fast,0.5508941093792757,wall,fast,True
597.9,context_wall,spatial_context,wall,0.8743853649333198,fast,0.5186913515498712,wall,fast,True
597.95,context_wall,spatial_context,wall,0.8058579088585301,fast,0.6279986946553104,wall,fast,True
599.35,context_wall,spatial_context,corner,0.8191611045554772,still,0.4514766831289856,corner,slow,True
599.4,context_wall,spatial_context,corner,0.9043412780491503,still,0.5933874291871761,corner,slow,True
599.45,context_wall,spatial_context,corner,0.8943023322005114,still,0.6673799453493113,corner,slow,True
599.5,context_wall,spatial_context,corner,0.8203963223185697,still,0.6948758115458227,corner,slow,True
599.7,context_wall,spatial_context,corner,0.8545902526355011,still,0.8156322925351362,corner,slow,True
599.75,context_wall,spatial_context,corner,0.9065572742352939,still,0.7701334700980157,corner,slow,True
599.8000000000001,context_wall,spatial_context,corner,0.9133973307766139,still,0.6890854308156626,corner,slow,True
599.85,context_wall,spatial_context,corner,0.947060264352865,still,0.7551530518840412,corner,slow,True
599.9,context_wall,spatial_context,corner,0.9601076844535434,still,0.7300496292327519,corner,slow,True
599.95,context_wall,spatial_context,corner,0.8748077924029249,still,0.6738902450593599,corner,slow,True
