time,true,pred
420.05,9.045880984616542,10.958272922844007
420.1,9.20937030571343,11.037029523387746
420.15,9.29076634273104,11.187320284017714
420.2000000000001,6.022499752607212,11.927788443227595
420.25,7.612210716571544,10.64572740893533
420.3,5.640785328130868,9.98176362673899
420.35,4.462724282633243,8.671557883567488
420.4,5.297750909629088,7.225465694013061
420.4500000000001,8.30393752381088,6.332665079831311
420.5,10.61928753117887,6.075755378609206
420.55,9.526125063510277,6.723043454078192
420.6,7.859657776434578,8.607257181048618
420.65,7.976717897390032,8.221066606262927
420.7000000000001,9.490940934795884,7.985963212971834
420.75,5.335549773383655,7.414067348559447
420.8,6.571059114015779,6.5663240275218655
420.85,6.231558227288232,5.714346950004234
420.9,3.4544713509682694,7.150711106327039
420.9500000000001,2.835868852486655,7.54415030978067
421.0,3.549641245182617,6.6811740428392765
421.05,3.4278570079720456,7.100520082205058
421.1,4.06020942723297,6.01453162846102
421.15,3.841340110529384,4.52045388836574
421.2000000000001,4.513757174903248,3.373247112568193
421.25,7.898206251148512,5.117935381597663
421.3,9.404529211977326,5.945563133546382
421.35,6.831385419508619,7.9105824823984445
421.4,11.107188725710705,9.02270636249803
421.4500000000001,8.571367248356687,10.87805959401819
421.5,7.634180178346452,10.505518074662165
421.55,10.242872953717267,10.734450093386384
421.6,13.493672575248212,11.300026459413647
421.65,15.013241399591864,12.37284704119939
421.7000000000001,17.6499120742345,12.460670007472116
421.75,18.686083056579555,15.167242092570168
421.8,17.324518269627948,15.154337793882746
421.85,14.03525229357321,16.161232544510458
421.9,11.158947385547163,16.152858703690505
421.9500000000001,9.657720524165034,14.302573291242442
422.0,8.298032828645233,12.741138550699164
422.05,7.869136809872666,13.056652105781952
422.1,8.68207433255989,10.701544092518223
422.15,8.477915057829806,9.237271081188108
422.2000000000001,8.95627350775757,10.254861722717223
422.25,8.855366131025313,8.113256315371816
422.3,11.916246120350433,7.459531870123515
422.35,13.753947536164388,7.05180443705598
422.4,14.020164175903783,7.2487999824058695
422.4500000000001,9.901785935550858,7.341281790498346
422.5,9.739105904643212,7.438215505961644
422.55,10.85986877165724,7.471052255537769
422.6,10.214032824762045,7.652992213325787
422.65,6.491336600937037,7.744701854778135
422.7000000000001,11.370857885967396,8.25333565788776
422.75,13.061981617961958,9.062281356136104
422.8,11.935576005626826,9.958520226418134
422.85,8.9682865659788,9.388949137699832
422.9,9.97582208879916,9.561957856434184
422.9500000000001,9.825318327728649,8.526719924924434
423.0,14.359919106003549,8.455374946177864
423.05,12.57608650261771,8.164126287455407
423.1,7.701588032074163,8.735604647684617
423.15,6.941384106291585,9.252910121026549
423.2000000000001,5.599593881866655,8.239980637771861
423.25,4.778835451391483,8.506681439157482
423.3,4.067962469373858,7.835101125945659
423.35,2.7295587585076624,7.341833626071327
423.4,2.5242284144116343,5.64329422911324
423.4500000000001,2.416041878212428,5.6364155864175345
423.5,3.539498625533159,4.189210397056507
423.55,2.8900039953603844,3.23101937487049
423.6,2.8079486715902044,4.17268307168708
423.65,2.491269253253827,4.637280804715169
423.7000000000001,4.078738938250707,5.074012057727837
423.75,4.5851342314343695,5.3288451470778755
423.8,3.5621055127171304,5.3846607229855135
423.85,3.32638266350102,4.077053798509225
423.9,4.138962209150214,3.6707733135018064
423.9500000000001,5.682808243447517,3.88875501967774
424.0,4.020718461012861,5.265015620734225
424.05,4.857116648143259,5.854217045380634
424.1,7.827450007725958,6.342523753199254
424.15,10.149938232131646,7.163029567222267
424.2000000000001,9.609183699637656,7.8987287352300815
424.25,7.982584520230056,7.614837071434513
424.3,7.201445770496261,7.003964723028124
424.35,10.932169733784482,6.8243455579693775
424.4,12.90195494459737,6.293642141641012
424.4500000000001,9.943033441816088,6.772757927832017
424.5,11.701449395873622,6.242978153584711
424.55,11.119819402950966,7.674308997951975
424.6,12.565819114192276,7.987545086543901
424.65,15.78677033374428,8.738678250303746
424.7000000000001,12.109297932923871,8.365456598616028
424.75,11.916931568256356,8.869167191701477
424.8,14.436437999533942,8.708329583935111
424.85,16.76334709170171,9.674751617622123
424.9,15.444596915360153,9.740666446722944
424.9500000000001,13.026967979381654,10.742070378958488
425.0,13.435005737045415,11.004407897530779
425.05,11.122821753651865,10.131089125545595
425.1,9.31540756791768,9.923341350893498
425.15,12.710307077790372,8.773040218958354
425.2000000000001,13.453574684362971,8.398758829955147
425.25,12.796281386649609,8.038519396571557
425.3,9.348798012083495,8.715058649856708
425.35,10.875656187158178,7.967240291910596
425.4,13.885767500678044,9.704895531606843
425.4500000000001,11.960725306223804,8.399084735887442
425.5,10.703369693204378,8.906434307808762
425.55,11.407446031608728,9.214427746431983
425.6,10.264399065040124,8.893841983111251
425.65,10.092081958278577,8.28392003947681
425.7000000000001,9.539744072436871,8.181704255998364
425.75,9.507602468598527,7.104386276292815
425.8,10.536950829370744,6.019858483019403
425.85,9.086036061996936,6.861699959042596
425.9,11.28349849526054,7.34753392661856
425.9500000000001,13.931950994006105,7.020103248284376
426.0,11.919567102178108,7.823841434428182
426.05,13.538993880283911,7.365591653515914
426.1,16.11150009242978,10.678349558146742
426.15,16.803689051808853,11.37591299319701
426.2000000000001,15.66948909718076,14.605004379226465
426.25,15.471617347957668,15.673062888191819
426.3,18.3543439042336,18.614812281598113
426.35,13.729588486554531,18.7642075081247
426.4,14.938473661660195,20.405361743673623
426.4500000000001,14.027349828707722,19.419904957326438
426.5,14.982765849073113,19.06055932092518
426.55,12.592549261076272,18.503986460675744
426.6,12.699848702716036,16.355527411610357
426.65,12.932116916846123,14.264661139321731
426.7000000000001,13.12371952738368,12.774657783241619
426.75,11.116290846143704,12.43148808257241
426.8,8.580723256515586,11.841199719858738
426.85,9.439650647488552,11.728516392879524
426.9,8.997079637636148,11.24826704979214
426.9500000000001,12.928406711490146,10.766997493715316
427.0,14.366161421718504,10.47894410487286
427.05,14.329026013520016,11.339576170963626
427.1,11.22562433984403,12.331644432145826
427.15,12.59691054797199,12.24772478908968
427.2000000000001,19.16895653358085,12.944779846862588
427.25,19.570496704407105,14.402515303758577
427.3,21.346234013550767,13.872690136487773
427.35,16.719882331086044,12.696955845116312
427.4,18.357934939482085,13.100168538003892
427.4500000000001,18.910519870904317,15.01721062944674
427.5,16.989903393769932,16.176173659177714
427.55,16.08364903316788,15.947024692919028
427.6,15.868515632439731,14.977958018081743
427.65,14.411276730104056,15.725077816674698
427.7000000000001,15.54289146321601,14.23705938982658
427.75,15.327043006978256,13.616807488615269
427.8,12.27550634898822,14.056302540124097
427.85,14.360908911691604,13.949804410982239
427.9,17.255150993152306,13.466124169317055
427.9500000000001,16.247277631289258,15.07403061618585
428.0,17.40319073710442,15.320153085763987
428.05,17.137440445835086,16.11165539172578
428.1,22.17069044055018,16.4643864786934
428.15,22.288156207041123,17.398693492287073
428.2000000000001,21.64828567133886,16.306697011893192
428.25,17.853994674636823,15.384887519372635
428.3,18.3070559747389,14.69792004121216
428.35,16.404189782987782,15.847990145721873
428.4,12.94173810688656,16.885504341412403
428.4500000000001,13.030416587585671,16.92562900826911
428.5,11.936628209473342,15.376820997877235
428.55,12.266750710023254,13.783744025966346
428.6,14.292214334032003,12.060248569673485
428.65,16.561446454124674,10.603266501125855
428.7000000000001,17.88662511115327,10.25427034271133
428.75,12.384544197061308,11.901226691233342
428.8,11.6933957548865,11.14328288782281
428.85,7.680102830738732,10.496914731704912
428.9,6.832623418971457,8.09732570495376
428.9500000000001,4.118533140631117,6.109121022632014
429.0,4.715223819947716,4.23272759477466
429.05,2.439307667383117,4.607072242126276
429.1,1.810734855559116,4.380566072848331
429.15,2.929453645817053,4.100218823756074
429.2000000000001,2.735440736173888,4.544206980318956
429.25,4.91716702387801,3.8036866663127684
429.3,4.130398769603644,3.0604092014983415
429.35,3.800378039775374,3.376173748614071
429.4,4.111790691554664,3.9846344987213467
429.4500000000001,3.2975336655472605,4.578584145432348
429.5,6.461100316072977,4.958374802799199
429.55,7.609982431630206,6.129732970687647
429.6,8.412108927398952,7.0818362802139365
429.65,6.667967045577676,8.719501948070159
429.7000000000001,8.333880767121121,9.916738218316887
429.75,9.662046946568374,10.220939459116442
429.8,10.49456179858356,10.327732163911362
429.85,11.277739899122304,10.923998981130723
429.9,10.844724117914302,10.873381279288798
429.9500000000001,12.711546288584683,9.815521214208093
430.0,13.040565609766434,9.84109260316492
430.05,11.58091256367517,9.763927990524968
430.1,11.27528508389992,10.06648473612357
430.15,12.55047625246429,9.333505233673684
430.2000000000001,11.879869030014662,9.23225134318236
430.25,10.837706883956574,10.424560314367199
430.3,12.133123629662322,9.946124033819338
430.35,15.939470685634255,8.350660201375979
430.4,17.27459588249402,9.079542998528186
430.4500000000001,14.886161691954207,9.221329492378482
430.5,12.503475935903026,7.644530972629874
430.55,11.314820895142246,7.695057100002758
430.6,12.764530869058737,7.572627815674711
430.65,11.512064666809303,7.259789725500263
430.7000000000001,6.694621215837636,8.521872346688157
430.75,6.95651464211501,9.0484709322808
430.8,5.621708251834339,8.46970402009454
430.85,4.831769251181685,7.622404774091597
430.9,4.934549948749743,7.214955392755098
430.9500000000001,7.534011827729564,5.098773744319175
431.0,7.648662234278693,4.59197303108253
431.05,5.940119845972038,5.139199159116744
431.1,5.050042873756163,5.846718981928859
431.15,3.718485820495253,6.983385287878246
431.2000000000001,4.084552204568711,7.76969223377383
431.25,2.4092330618003315,7.653935044110659
431.3,2.0232879286084677,7.7236196884926525
431.35,1.82413241260529,7.407086310570748
431.4,3.099572708866598,5.1805425232464
431.4500000000001,5.478690294903286,4.807820462745443
431.5,4.148522720324656,5.430724867923632
431.55,5.555932965820471,5.865487398429311
431.6,5.900930013061058,7.354073670885565
431.65,7.231958888451465,7.979717517024767
431.7000000000001,8.864489389127796,7.5713351373992595
431.75,13.769100327581466,9.008377294426152
431.8,14.148837521105492,8.92102129576932
431.85,13.692762903041675,9.34917813417036
431.9,12.94023933520755,10.677415718557807
431.9500000000001,11.25956057357087,11.619498704817813
432.0,11.31607936994296,11.367323899912334
432.05,11.774167014236792,13.424084695750635
432.1,9.596992854873529,14.347058290028327
432.15,12.842092357846871,13.522000787382298
432.2000000000001,18.39079919269429,13.742925585070301
432.25,18.17050264378153,14.064038537290294
432.3,16.66749738975836,12.365167888361572
432.35,17.359664804713276,12.374575515243341
432.4,20.32165934637156,13.384903160907927
432.4500000000001,15.502787999862598,13.693073394202859
432.5,14.047596469691946,13.500350378712263
432.55,18.11390359941337,14.05552481216785
432.6,16.899845300524333,13.16311126730691
432.65,15.364673023405008,13.898945871048738
432.7000000000001,15.27326502838296,13.302172928176049
432.75,18.845165533092604,12.075049456986358
432.8,24.47660274363194,11.696971807020255
432.85,21.542733076790167,13.419991900007066
432.9,22.47259342535564,14.140676160693076
432.9500000000001,18.217994766219203,16.027005796318612
433.0,15.584022600006405,16.351769926722856
433.05,14.673844400841984,16.140830639015167
433.1,16.318841408736038,13.7103408532176
433.15,16.8250527300028,10.78843471143365
433.2000000000001,16.152165540253417,10.34244697836928
433.25,14.99925479615343,10.616072952301634
433.3,12.937973307134728,10.952900307983143
433.35,10.622885177713972,10.466886555379157
433.4,11.642663213773677,12.080886678479724
433.4500000000001,14.715172609087384,10.575495017700344
433.5,16.343019732183286,11.209907015331446
433.55,13.965735983994565,10.901692830566947
433.6,16.461658552975525,11.748217969872128
433.65,15.982463267792834,10.957902569633264
433.7000000000001,16.139845208671286,11.273942663868944
433.75,18.60670400483897,11.686065384356477
433.8,17.743590282678962,13.732824343915636
433.85,16.313645449600248,13.076749226918794
433.9,14.06273217762165,12.570828923850627
433.9500000000001,14.886286941632026,12.787855545099974
434.0,17.836630113266192,11.49385453530297
434.05,22.48726426869523,9.19237793770608
434.1,22.95755561458894,10.758034841869359
434.15,19.92746756199713,13.227729918753553
434.2000000000001,17.065689180179877,14.388582212417056
434.25,16.427798494269123,16.082472391403325
434.3,19.3807864122554,17.28246184913492
434.35,17.613530600465012,17.191205521931042
434.4,13.990158376023494,15.224252797134145
434.4500000000001,14.523999999118434,13.282001706306154
434.5,15.099438310497,12.495887662441634
434.55,15.1472827455934,13.756688256242953
434.6,13.273881554411972,12.027902785273541
434.65,8.579679294596875,11.549686390337211
434.7000000000001,5.870855204553005,11.756673624410553
434.75,7.336318183732857,9.619795738642036
434.8,7.094723414001811,6.897679453298622
434.85,7.791359751601188,7.695519016751188
434.9,7.976232057416811,8.369184543045552
434.9500000000001,6.728873880763928,7.696730332618342
435.0,7.025074978035718,8.341285072209033
435.05,5.026523103253803,8.509439431401477
435.1,6.202167504312467,7.0199934998117985
435.15,4.344470290507651,5.56670531571132
435.2000000000001,2.8123273257604016,5.189075658408312
435.25,2.79191039991043,4.198794769689166
435.3,5.947633072449627,3.725774899652026
435.35,4.878976640708605,3.955149406444974
435.4,6.018375502740249,3.688027962642497
435.4500000000001,5.838564926567818,4.856107191564429
435.5,7.454240853412485,6.72719559195529
435.55,9.635772373694056,6.492748344707685
435.6,12.55034397128403,7.683445291453205
435.65,11.207593478437516,9.609924299656447
435.7000000000001,13.060666541908818,9.132669859140512
435.75,10.354523661604595,10.968173703594383
435.8,12.600764340685728,12.86862216795615
435.85,11.52228355815302,12.298833626670746
435.9,11.772124861028727,12.579886055927915
435.9500000000001,13.239652575905804,14.300763553945249
436.0,12.716801172035549,11.85574056790912
436.05,13.239759439853511,12.578496290996792
436.1,13.281446383710994,13.592813895715938
436.15,12.949688953179336,11.34350054396052
436.2000000000001,15.07475525817225,10.106457776037368
436.25,16.001104973545356,12.372491230768384
436.3,12.40160261515839,13.444509436421374
436.35,15.361661345465713,13.287968960697881
436.4,15.82343658652688,15.339395624789367
436.4500000000001,14.047631759914331,15.708224173432505
436.5,12.637097062912462,14.181464917258982
436.55,13.980363613789374,12.052388240764376
436.6,13.648203480044796,11.639074894355524
436.65,8.38457528942096,11.860903592512635
436.7000000000001,9.039768815748191,11.461941868194728
436.75,8.789372132264122,10.579260406238523
436.8,8.945849313586596,9.673679290618537
436.85,11.19563158734829,9.979863137644056
436.9,8.173026865157903,9.365019764526776
436.9500000000001,6.884627963767207,9.673066244620735
437.0,8.2108347546091,9.950709330302887
437.05,11.726458750058512,9.547949711367227
437.1,9.039818122588215,8.655026921401223
437.15,6.683928058180275,7.890206662067939
437.2000000000001,9.575038116194072,7.158948301936077
437.25,8.267929152337357,6.370596902656356
437.3,11.04348716649887,7.432196542859439
437.35,6.738500428832706,9.076779949196615
437.4,5.0255144063582815,8.564558460299953
437.4500000000001,4.324821923754413,8.961899888967771
437.5,6.112980706784058,9.065883371905391
437.55,8.24655776288983,8.160552990037829
437.6,8.183322236279066,5.982882033518252
437.65,8.252040753294716,5.895167664395582
437.7000000000001,9.90297935445329,5.162195692567587
437.75,8.678122862079437,5.810950703304994
437.8,8.406913313528458,5.712528414264515
437.85,8.5433420391016,5.7837271466994595
437.9,11.629088075582755,6.455765625269221
437.9500000000001,9.290834919000384,8.188191799269358
438.0,11.89726229273505,8.206327469880192
438.05,9.85475363916069,8.730245435919281
438.1,11.158507662796966,9.58776324626912
438.15,9.087754103011743,10.954525839789472
438.2000000000001,8.482963510636313,9.835484098891419
438.25,5.983491113020062,9.572500957120862
438.3,8.705828987292566,9.506448792368168
438.35,7.736054888361699,9.44620956777634
438.4,7.717757881806867,8.288017543813963
438.4500000000001,7.831247385848233,8.676114209283368
438.5,7.65019410339367,8.898689828668873
438.55,4.980126026505976,8.442417965724891
438.6,3.911404889970944,8.112070951512292
438.65,3.425120568757836,7.201658416171389
438.7000000000001,2.9762901482935,6.201612784746937
438.75,1.4088898630439235,5.102872970625509
438.8,3.847083614586285,4.407282814457289
438.85,6.8396022439342,4.432083215602328
438.9,8.139207602042895,3.836294166445051
438.9500000000001,6.930767804019484,4.193251686205779
439.0,6.964416945184637,4.732164440590404
439.05,6.386830666132551,7.3306791464102865
439.1,7.246373163064953,7.223912097646887
439.15,7.56500141731595,8.404684459376107
439.2000000000001,9.500674530814877,8.016560943382416
439.25,10.467279726610242,7.613664934999772
439.3,14.110740326531625,6.332181958778847
439.35,10.307907472336726,6.237382470496244
439.4,9.9224397335261,6.161533524571376
439.4500000000001,8.227494837927903,6.851504584695707
439.5,9.02044280720268,6.772280974289892
439.55,7.079297727389916,6.888714010123836
439.6,5.928597643113244,6.273944435077199
439.65,9.39932655580453,6.170474738929501
439.7000000000001,7.3014989691942365,6.72691648843562
439.75,7.596052893569988,7.785578902016692
439.8,7.450496283107378,8.112541046611035
439.85,9.328798100582024,8.52699799990382
439.9,11.206106304769513,8.810282434676562
439.9500000000001,10.260059321715229,8.171711020126912
440.0,9.969109413778243,8.673285548468751
440.05,10.529032654478897,7.276411964090865
440.1,8.549326597271103,7.6406919628599965
440.15,7.042050650177955,9.244550320463503
440.2000000000001,6.706946010063251,9.197977236645912
440.25,6.398257381384423,7.6782746203268335
440.3,5.64527528389808,8.404281790455837
440.35,5.591254122955245,8.926905582522023
440.4,7.041463824618741,7.845958271156324
440.4500000000001,6.270235444715991,8.70163324441409
440.5,5.887462685164609,9.034780442163996
440.55,3.72019041345513,8.292546823420183
440.6,3.0781206829373127,6.929349257786934
440.65,3.789266367844721,5.4132638503174775
440.7000000000001,4.529779063943402,3.60855891576778
440.75,5.340263461467427,5.386869267519695
440.8,3.945997736782638,7.333715843057121
440.85,3.386896951868016,7.39717873850215
440.9,2.870913519124893,8.803879436096954
440.9500000000001,1.230204471716501,8.821866957479475
441.0,0.6485988410618159,6.689811873422336
441.05,0.4034074427105224,4.330997041400023
441.1,0.3242925554585226,4.655137690222486
441.15,0.7825458937332682,2.8958431853706967
441.2000000000001,1.17448666101072,2.9271048501723422
441.25,2.0189418384513536,2.524363388590465
441.3,3.7884603875805616,3.3186474465066222
441.35,6.571093037274285,3.103156882681988
441.4,7.555751020815366,4.828458090266841
441.4500000000001,10.430294289572954,6.6052359503493
441.5,13.397027240763215,7.677891268113494
441.55,10.48444460600713,9.006565716905136
441.6,14.795034392914854,9.961729389279798
441.65,15.075746576859116,9.021931073631865
441.7000000000001,12.926033520768817,9.340684512832423
441.75,17.984008853935673,9.318726329377819
441.8,19.617544710728776,12.712287381929366
441.85,18.43473186415798,14.686733731552632
441.9,20.98673142101439,16.367510081360237
441.9500000000001,21.233840360525296,15.594403192529949
442.0,23.98279661540214,17.013155863449054
442.05,22.66096366056462,13.867806503896471
442.1,30.693930211713315,14.492698674361982
442.15,27.141668986814132,16.154293150107225
442.2000000000001,29.69074310712518,17.405080634444897
442.25,26.239195175079256,19.170520109319924
442.3,29.068309403110906,21.306923015582036
442.35,26.91538613708756,19.040670566679683
442.4,28.394960662649005,17.993080001083825
442.4500000000001,30.249371319190544,17.24064420560198
442.5,4.0,17.016334683193552
442.55,1.9552704377766092,13.946423529364832
442.6,2.699772045106265,12.521090862595065
442.65,2.268223779814585,9.439950601092743
442.7000000000001,3.019202566023257,8.305492314104475
442.75,1.9410836202647783,5.214959346770178
442.8,1.7600489271265671,4.285309992821322
442.85,2.445158102115525,4.344310674230497
442.9,1.93706435760372,5.838297509465561
442.9500000000001,3.020574554621961,5.098384567394412
443.0,1.6910411530470075,4.968974780196852
443.05,1.6121517755452532,5.165350928857573
443.1,0.5908971452926549,5.498873741604707
443.15,0.4804338390384933,4.360836897930513
443.2000000000001,0.4141448883680248,4.662131472956318
443.25,0.8758653743685024,4.997476207182496
443.3,1.0069796620289642,5.152802449699366
443.35,2.0585357160435795,4.8493845883875215
443.4,1.333077465101255,4.892795589782593
443.4500000000001,2.7212749146399284,4.980896495320622
443.5,1.6060039933212853,4.62286999121689
443.55,1.8932772576437256,3.8337739990694306
443.6,2.74629899869294,3.4524858605602446
443.65,4.265367249345902,3.1672132366601646
443.7000000000001,4.130192703716775,3.215870177442201
443.75,6.009767403813245,3.1611658244413494
443.8,6.58057172189445,3.8673839059599837
443.85,6.543773469779715,4.309983579516383
443.9,6.183663657033952,4.874878230671112
443.9500000000001,5.805730589088873,5.261955264410777
444.0,5.922631764410969,5.012686316754848
444.05,6.171109928389429,4.963703592295894
444.1,9.314784384237996,5.032892330054813
444.15,7.520617731795808,5.60857285611116
444.2000000000001,8.28618321717684,4.910655680911005
444.25,9.414086210038825,6.256883766206418
444.3,10.206206857585968,6.733316950105504
444.35,9.58589942040488,7.296781747669567
444.4,7.6788089304509235,7.479065891373487
444.4500000000001,6.849565016233989,8.305369762164371
444.5,7.543699554451628,6.5394421856862905
444.55,7.090725334682355,6.0812222302389225
444.6,5.568853241038847,6.285958159726123
444.65,3.387298703740553,6.079258561251703
444.7000000000001,6.32788380527106,5.455693942439164
444.75,6.432027243630805,6.5339641552938685
444.8,4.875313564548183,7.149550269479006
444.85,5.755711126817863,6.585363855277215
444.9,6.549936888603073,5.970535967723424
444.9500000000001,6.399603492538264,6.835682285674841
445.0,6.541402074977056,6.575257967387625
445.05,5.314752172603186,5.895364075508097
445.1,7.4214697845380195,7.1910744776089786
445.15,6.2707175471751,7.351542716250462
445.2000000000001,5.213845717679376,7.919546897070141
445.25,8.208566824639037,8.823917740102935
445.3,11.319723735050532,8.802346750896138
445.35,8.711443566372552,9.298721574055556
445.4,8.538937302234451,9.702907620328336
445.4500000000001,6.25746092460011,9.49613393510956
445.5,8.195860864057147,9.082917085551687
445.55,10.277427148769672,8.853960992823565
445.6,9.668090356515968,7.739626732592663
445.65,11.64506175095944,8.423443526214863
445.7000000000001,14.247001563177957,8.743466484189616
445.75,12.605497961791125,10.946326735471716
445.8,12.601709894171046,12.75488628463533
445.85,12.783340322127826,14.012977777170137
445.9,13.103409131389864,15.514192133692063
445.9500000000001,11.34880952052393,16.533847949744366
446.0,9.939241675705984,14.350385120632382
446.05,9.25558129881785,13.582500526133389
446.1,11.066390463802293,13.052314526247986
446.15,11.581480114296982,11.168365241092628
446.2000000000001,14.109279600224044,10.1100876407633
446.25,14.25551153577201,9.511100494169527
446.3,9.473930885413507,10.313591417381442
446.35,7.888914726016105,10.614129794777893
446.4,8.995593077224123,10.033752759653197
446.4500000000001,7.69801672854602,9.427155367920983
446.5,8.84521907053547,12.319358524780828
446.55,8.085807624980058,11.306860298401826
446.6,7.298078726349054,9.84881081641505
446.65,5.884626343262937,11.264255604036531
446.7000000000001,5.6942908357554085,9.994841627703499
446.75,4.545836141481054,6.792636831719712
446.8,5.063049688547507,6.912192057999723
446.85,7.231663194812751,5.891551706042161
446.9,8.474745215570362,4.3145224488315455
446.9500000000001,3.230717122047678,6.213699485472333
447.0,3.0107394291193272,6.877160492445195
447.05,1.547230222609328,5.9097753103179445
447.1,1.1877588689816716,6.698273204865383
447.15,0.4340889237941464,5.990623562235878
447.2000000000001,0.2081146535318956,4.500988503968475
447.25,0.3953310030789896,4.116123018533959
447.3,0.9688687451166412,3.8304775910294326
447.35,1.168086365882043,3.1761093163247613
447.4,1.154754782702872,3.9565345604606614
447.4500000000001,1.791804477087575,3.5362504708775067
447.5,2.320390037356961,3.152317163086521
447.55,1.8393260563379563,4.542179776097132
447.6,2.500009096116276,4.770617914712686
447.65,3.801370791352309,4.624747777556473
447.7000000000001,5.388239970428547,6.165332989900392
447.75,3.989536683491897,7.094313955181853
447.8,2.76970906473164,5.996992908890329
447.85,4.330647661757944,5.695650181045184
447.9,8.39873243745846,5.735162859055999
447.9500000000001,7.451499833380311,5.022502927631803
448.0,9.748762010211358,4.296221902164922
448.05,9.91055398200818,5.957782800122221
448.1,9.851898826230933,7.360638445746968
448.15,7.901054581570044,8.289703052488562
448.2000000000001,7.6533661236119075,8.236195142063448
448.25,4.9945041136461,9.523444218906349
448.3,5.692674763820748,8.615336080345937
448.35,6.184443093756362,7.938049212203531
448.4,5.364208719538281,7.047520602912608
448.4500000000001,6.529013579786186,7.465500421727484
448.5,8.891287874872017,7.261298158302478
448.55,5.413994135951236,8.2301015310401
448.6,7.878311020991395,8.213536749317285
448.65,8.977011444089433,8.2918553061438
448.7000000000001,12.51870973481314,8.19371859615966
448.75,11.081205215458468,8.940607191753466
448.8,15.97364666104091,8.153163416831786
448.85,19.108090557671893,10.468653658718688
448.9,17.983504120655176,10.843042644194348
448.9500000000001,15.350092977769378,13.768501463412367
449.0,13.401542903414176,13.049818028254414
449.05,12.265905344262134,13.737736210177868
449.1,12.851809403704788,12.47008057444781
449.15,9.923165353607954,13.042443956171368
449.2000000000001,9.87106934522688,10.050950711128293
449.25,10.415124595963745,9.190886520630585
449.3,8.643439728243681,9.630748580161946
449.35,11.1474505534489,9.180632607927393
449.4,10.433186751671055,8.497763400729164
449.4500000000001,12.417985926109914,8.581744691023
449.5,12.179210973542158,9.18650788173973
449.55,8.166024027973947,9.544366868071855
449.6,8.45349091152671,8.854087870012009
449.65,9.187830878946595,8.60371011272608
449.7000000000001,9.72264255517326,8.621908914933465
449.75,9.038489967491891,8.415407245272824
449.8,7.459383794899753,6.402120640175422
449.85,5.250877861777862,6.509586908959318
449.9,7.754627156530138,7.1269679498272795
449.9500000000001,4.427234439372229,7.5593192239230325
450.0,6.112461959771377,7.723621517462582
450.05,7.925650708590408,8.850640537144285
450.1,5.572768123842313,8.867397513668006
450.15,6.60869801155485,8.757549838498269
450.2000000000001,4.838806290129203,7.953821518322367
450.25,10.396163776408835,6.941621903674777
450.3,7.280713542757199,6.0359199432953226
450.35,4.000945703533524,6.690562582222597
450.4,2.6539874270819435,5.8287346111317495
450.4500000000001,3.413545054404105,5.426611338846904
450.5,4.418556417000444,5.876036914908474
450.55,5.798109629529628,6.070989339614439
450.6,7.667638331496231,4.995911289144873
450.65,8.67806248169273,5.586220095164511
450.7000000000001,9.97641304671555,5.959475855752846
450.75,12.137825016274205,7.055753756348514
450.8,14.246138760983692,6.970954503667104
450.85,16.688581164807577,9.098003693040102
450.9,16.709925977812095,10.402405901553362
450.9500000000001,17.31159482936683,11.544239647566958
451.0,18.234939980642,13.574938878288666
451.05,18.695580542249385,15.064897942031363
451.1,16.60981943853865,15.604207781548618
451.15,13.491848712382136,13.71285497287062
451.2000000000001,17.279592052415524,16.08590682685419
451.25,17.230018570329616,14.254441202121466
451.3,19.99016877546129,13.893188411380665
451.35,18.473065321955733,14.842544041221114
451.4,14.82537141206162,16.262810897986043
451.4500000000001,14.168873052928843,14.60030933030654
451.5,13.13081216962448,13.274695677316537
451.55,13.362571651927414,14.271428476760974
451.6,11.167554299634013,13.891435212603344
451.65,10.398596064022112,12.680387747071423
451.7000000000001,10.579805854717652,13.145275941699675
451.75,9.81065965041108,13.941461540490685
451.8,7.431406827704334,12.518824828367066
451.85,6.232356554790514,9.995265468673237
451.9,5.5225638234571175,9.76296748711519
451.9500000000001,7.258691604104311,7.165254435097246
452.0,7.092277757417054,6.715823754609369
452.05,8.003301286413397,6.232013784616962
452.1,10.196612246520912,5.611693857389035
452.15,11.471158890794554,6.4822612883394815
452.2000000000001,12.998760568265434,7.726310601734083
452.25,13.947255338426071,9.792781350478029
452.3,12.804685591215645,9.463437492934434
452.35,11.08995952540071,10.165112037262428
452.4,14.33541046371208,12.369772451787709
452.4500000000001,15.338186767914175,11.378764062050905
452.5,16.44893854536353,11.077308200596024
452.55,9.04040323716287,11.836906379039908
452.6,9.464742054778156,12.224964419838486
452.65,10.92638339295786,11.966088068179836
452.7000000000001,11.692459951099938,12.738749521896171
452.75,7.559495656703953,11.786587163348164
452.8,7.143067240108463,10.561045363273163
452.85,5.73365288620286,10.614636440751111
452.9,4.967580671655158,8.19347307725108
452.9500000000001,6.466720910075699,7.166225944987855
453.0,4.284773261270663,5.660208018860587
453.05,2.508409737632346,5.155367587364972
453.1,3.897666596310722,4.423842325322228
453.15,3.284744159730592,3.9868796845170573
453.2000000000001,1.6769437994676402,3.5779369355118478
453.25,1.6703012016989158,3.2066780912016313
453.3,2.3539973293081293,3.6014964363088486
453.35,3.381021681484402,2.81584183015479
453.4,4.236069554362065,3.1086792490395867
453.4500000000001,4.709912353850649,3.4894447065242487
453.5,4.743015048418191,4.62262545220828
453.55,5.107140068718235,4.653326710601726
453.6,5.368579191845646,5.633684761744779
453.65,4.0810004589837625,5.65887644716089
453.7000000000001,3.916029025534829,5.972080467355285
453.75,3.6067908082265614,5.943298200792793
453.8,3.131028159417913,5.526933643608652
453.85,5.310651189810619,4.906294606176695
453.9,9.26224603037566,6.531071139447774
453.9500000000001,10.666962527253578,8.409772435871758
454.0,11.42685451793376,9.492634268312264
454.05,12.285407881339866,10.907391938403528
454.1,13.755029797326772,12.437214532346061
454.15,13.267021641837715,12.323631592688693
454.2000000000001,11.62977707418903,11.994174098794849
454.25,8.544909062626031,10.898101269782176
454.3,5.905082951250461,10.484165244574378
454.35,7.271775420882629,10.279050817820158
454.4,9.988913560820285,9.273464683267683
454.4500000000001,7.194333400829351,7.78525844301604
454.5,6.0842047738602645,7.531597045181524
454.55,5.990746379410526,7.160657960463686
454.6,5.343431354671071,6.933732628958937
454.65,1.7593259648259008,5.6939806428874205
454.7000000000001,1.7211907026285778,5.311851295683099
454.75,3.7422278548656935,4.489222381392342
454.8,3.7416922465370166,5.7529609207245045
454.85,4.363299623923226,5.0064940718320035
454.9,4.5993360646180586,5.914763110364114
454.9500000000001,2.200857659286445,6.203814948366281
455.0,2.588418108343209,6.176061467949246
455.05,0.4524717173203663,5.004637414825946
455.1,0.8361377933558558,4.277569458979295
455.15,1.7504390410577435,3.895068109505731
455.2000000000001,2.114176014533138,3.5312164635385743
455.25,3.5711896383459347,3.951740904715847
455.3,3.837328522923489,4.8135470109061735
455.35,4.408944603548446,4.802130638956571
455.4,8.818396204040308,5.484545644796995
455.4500000000001,8.004410091780626,7.025263836542271
455.5,10.80049012903787,7.8233944283875765
455.55,7.631300859455714,7.228450405352652
455.6,9.193042123309551,8.425653720260238
455.65,8.848754228622216,8.63959773493404
455.7000000000001,8.960562506395235,9.443066448182433
455.75,10.811259912556483,9.551623845479863
455.8,8.174188696099893,10.716669552429915
455.85,11.896430741150702,10.22945637209606
455.9,12.043262072862902,12.109524627899999
455.9500000000001,13.159034884940173,11.40248335601898
456.0,8.200510825121963,12.851114657636979
456.05,10.588021321461875,12.878811430517143
456.1,9.889274730311335,13.506753769424964
456.15,7.5495540906966,11.613234893839794
456.2000000000001,7.153253825337994,11.734307784972472
456.25,6.670004837573416,9.355388013721388
456.3,6.964961401631652,7.723050281820239
456.35,7.713922992229591,6.782791292452451
456.4,9.19990188584788,5.9522291195960815
456.4500000000001,8.031843793280453,5.749580933516112
456.5,5.104446634601682,7.120088241963268
456.55,8.237359599450167,7.204239697768722
456.6,8.659766526066058,7.425165634190838
456.65,9.249946667367944,9.526891725471302
456.7000000000001,9.001189763102355,8.041541234205827
456.75,14.364104509645248,8.761973779413498
456.8,12.759700536653549,12.102211236005969
456.85,9.513678528494449,13.539765339471163
456.9,9.993715966723924,12.680926211022804
456.9500000000001,10.026532873925747,13.711281701513897
457.0,10.899127396751458,12.641034282106212
457.05,8.791125254532378,10.498000231415139
457.1,10.669601977236589,9.32793390171143
457.15,11.064771561316697,8.310966621734831
457.2000000000001,8.707336071196565,8.037969065463471
457.25,6.024955248958523,7.697893864376673
457.3,6.507757574862052,8.458564718051317
457.35,6.54095610668772,8.940935935921445
457.4,6.137494324979473,9.167970003119441
457.4500000000001,6.506021718877876,8.743765911473037
457.5,2.977476481072132,8.053490758852597
457.55,3.488870062757594,5.398018734605806
457.6,3.3933726393364703,4.37237076490059
457.65,4.154125960604212,4.483991282280711
457.7000000000001,3.318622270954089,5.393009468480926
457.75,2.01370404169375,5.438720486372992
457.8,2.130165160661682,5.814854497341016
457.85,3.142706988970906,5.4008251524614295
457.9,2.7801149842068806,4.563697631563034
457.9500000000001,2.326375440744193,4.178896241278015
458.0,2.8170108200434925,4.124970485988651
458.05,2.987154760612217,4.465454966198956
458.1,3.5622126396726395,5.316354201729023
458.15,3.5905762382746684,5.750411014816314
458.2000000000001,5.265749619197232,4.925682450658224
458.25,6.222970428557405,6.018369027401593
458.3,5.537133296838407,6.293119484500385
458.35,6.691634647826231,5.800696568213299
458.4,6.624883982584422,6.2448742010360885
458.4500000000001,6.310022564355373,6.7452884319281345
458.5,5.882404098409478,6.257508130702012
458.55,5.067775213239198,6.594336997493773
458.6,6.881105518363119,6.638891457396223
458.65,7.72512244679097,6.617998178543322
458.7000000000001,8.735753428303676,6.733958893569172
458.75,10.329777897147942,6.389324985002059
458.8,7.991710608340683,6.544374749786889
458.85,5.189560047494726,6.55219356071153
458.9,4.59657806745585,6.030006230487269
458.9500000000001,3.3567974407819032,4.9994604657346855
459.0,2.1010726912185995,4.680665633783248
459.05,3.728042253163723,3.4993805005901697
459.1,4.125257158547899,3.8867723701185817
459.15,3.583762845818237,3.264195116951054
459.2000000000001,7.024464221218521,3.2258220376643427
459.25,9.5594689274584,3.6514624873464907
459.3,10.456849382068734,4.000987569587443
459.35,9.24025519801923,6.011612470006337
459.4,8.526854344630031,7.94312047445517
459.4500000000001,5.803011164190828,9.087480900359402
459.5,5.881704425996676,9.529781603593415
459.55,6.03563950128522,10.622261553350269
459.6,4.68093467060592,8.864316150398604
459.65,5.143747523958383,7.678700232487562
459.7000000000001,4.771697112078884,7.518037784266409
459.75,4.926652326301705,7.314063942416816
459.8,4.196830477067183,5.852213822050667
459.85,4.280384815743208,5.171672097291657
459.9,3.8627737044052672,5.158467502127415
459.9500000000001,4.178110467558138,4.193769234873502
460.0,3.770930156124528,4.621537172395374
460.05,4.656628472030531,5.823654497780407
460.1,5.623546046362952,7.033324747143837
460.15,5.559226408432029,6.969326561666962
460.2000000000001,6.596017695249562,7.769216933253108
460.25,3.5757811441406275,7.364658711614183
460.3,4.496758464225657,6.035344015119522
460.35,4.367652638818053,4.486307217521707
460.4,3.2248826084176323,4.756729719694914
460.4500000000001,2.8779523538352088,4.006007390567293
460.5,1.974779058539728,3.0576761513561665
460.55,2.4077654158037363,3.236277899608643
460.6,3.1766477132926147,3.2500635968688503
460.65,1.3451662579430177,3.0951206756394534
460.7000000000001,2.4024739760375944,3.4815220443325545
460.75,2.6505667089733915,3.3962529791663663
460.8,3.712063591530716,3.4857360590692643
460.85,2.706480089733779,3.8162677565448817
460.9,3.608056926128904,3.8324998767879634
460.9500000000001,3.4214901886500635,3.5266015482551474
461.0,3.17194539626868,4.865324827491683
461.05,2.441446860059921,4.818312406619975
461.1,2.6432760569340017,4.500250420493739
461.15,3.739189711494097,3.7344532162358623
461.2000000000001,6.837037134972203,4.355869076746355
461.25,7.8377800558963155,3.75486965744666
461.3,9.683533636077282,4.071515228088048
461.35,11.758456437458443,5.218332124001851
461.4,10.59420326509449,6.677702224075036
461.4500000000001,12.236694944829068,7.637983345348262
461.5,14.11958705515496,9.116741568115465
461.55,14.87160847394853,10.840059001071895
461.6,14.963902408236397,11.791554935657492
461.65,13.063074878660842,12.403481019380155
461.7000000000001,14.950427174127508,12.229505783814325
461.75,10.070168622228108,12.401356944612179
461.8,9.197183481550317,10.59867372665373
461.85,11.128904130768262,11.231731793876532
461.9,8.299302812205614,11.8842197712573
461.9500000000001,8.091438282274897,11.559030795191447
462.0,5.682280388721653,10.325389456953628
462.05,6.391781378459004,11.218002346735217
462.1,7.022105324104169,9.458376564689262
462.15,6.234530761874942,7.187565166473421
462.2000000000001,7.034770456154731,7.594473418040595
462.25,7.440062463905135,7.188739421801558
462.3,5.440420875118339,7.878522541427973
462.35,8.393235410312537,6.94257764052133
462.4,12.264094712317702,8.548498950921456
462.4500000000001,15.447063387074648,9.35647170901472
462.5,15.01207623571765,11.803432767851612
462.55,15.389594275183065,11.074780618338831
462.6,20.058134564567084,13.981348262950178
462.65,20.451969478801413,13.276705470858406
462.7000000000001,19.445362317414517,13.640690153069283
462.75,16.28276621541942,13.267310038533287
462.8,18.919218884058328,14.836376643640403
462.85,19.117556382364324,14.617867026118443
462.9,16.83299706699144,14.535116279438604
462.9500000000001,18.222693498415083,13.651598888935267
463.0,18.675670121391363,12.41403873891086
463.05,16.375211107401025,12.79703924215853
463.1,15.046343724952546,10.943560534137553
463.15,14.515896518282805,11.63630279587842
463.2000000000001,9.455488827787024,11.520150917683845
463.25,9.30243191930441,11.239657032484862
463.3,10.756392782147588,10.054949220076182
463.35,8.080868431073812,10.483412337389298
463.4,7.265775375307872,10.920583514396709
463.4500000000001,6.615875133150553,9.913221063217986
463.5,3.780511352743969,9.695329112610475
463.55,2.5344554233038865,8.017970154130152
463.6,2.167543038410472,7.511744279421162
463.65,3.511076729113043,5.535974986920369
463.7000000000001,2.326252688012687,5.452857020693019
463.75,1.017369186393589,4.449724507235809
463.8,1.306023284935802,4.206005536171449
463.85,1.9282420927384525,4.282375072265742
463.9,2.445153442734377,4.606237506259779
463.9500000000001,3.426703248657875,4.247765491141549
464.0,2.985243113856844,5.064909091866653
464.05,4.329446921359395,5.910526606359223
464.1,4.7812495070369705,5.134401879322639
464.15,5.079014799314795,5.617467661192614
464.2000000000001,5.247015852563441,6.684288709569225
464.25,3.129609473440306,5.8614848128265145
464.3,1.712787264135769,4.770638339592932
464.35,1.3148457418365993,4.715632337523934
464.4,1.580196309106977,3.483451051857191
464.4500000000001,1.0464473740571036,3.2253286635885123
464.5,0.675685967479946,3.8425590460723136
464.55,0.5714622171816426,3.7784560062672057
464.6,0.4314370902270022,4.203201165776762
464.65,0.6742367488044426,4.561129365603116
464.7000000000001,2.690113311969065,3.450869352684877
464.75,3.7880343673209023,3.6514348796145573
464.8,4.946380163259526,4.3051612909169545
464.85,7.4642851857687615,5.39544386818
464.9,12.483216882695544,6.411919354522823
464.9500000000001,12.650323521486738,8.157962935590216
465.0,12.338311421718773,7.685358077037766
465.05,11.949970338746311,8.314905889415474
465.1,10.606143554039408,8.249478658508956
465.15,8.137104215159763,7.949994411276533
465.2000000000001,11.223989221778922,6.987915937732193
465.25,8.890307692225521,8.178726921643031
465.3,10.55035102075625,8.146064944422381
465.35,8.955804962784624,8.067387106690628
465.4,10.706141317793923,8.50790775296707
465.4500000000001,12.069138014279948,9.465387210451226
465.5,12.356338643892634,8.169997028767998
465.55,9.065342537729192,10.605657705249593
465.6,8.783886133677766,10.642391704567641
465.65,11.244958183857856,10.270072300691968
465.7000000000001,11.74190968564057,11.363829431372562
465.75,11.910206143025288,12.667666484606189
465.8,12.551433409645686,12.164887090581253
465.85,12.508440696793862,12.939111591851297
465.9,12.786480591494923,13.223786784643135
465.9500000000001,11.567049829902563,12.2316053293561
466.0,11.872875176764095,11.975411385820914
466.05,10.322105856489678,11.263119582054577
466.1,13.38830868237372,10.490723630451322
466.15,13.466972655090377,11.67070192714715
466.2000000000001,14.144405013996694,13.43902533887237
466.25,13.753791186306962,13.35874392517465
466.3,12.04118971288516,12.416222977570426
466.35,17.00373814096691,12.227244577285903
466.4,15.904887563096771,11.859631716266255
466.4500000000001,13.914012115250678,13.51249626143931
466.5,14.644181004067962,13.793253719119402
466.55,18.051316897582478,14.591773757551891
466.6,15.872637267880188,15.355158997997194
466.65,14.534632361331964,15.860295019959622
466.7000000000001,15.35995216317098,13.114589840039296
466.75,14.4347844582259,14.860791393323105
466.8,14.231385779333191,15.026453402605842
466.85,13.761563979503002,15.541674170531694
466.9,15.139100166735089,15.70208621305045
466.9500000000001,11.662228858446962,14.972877795081388
467.0,14.145782356881586,12.79292309862699
467.05,13.960032554738104,12.669820175924304
467.1,9.648635250074832,12.968320507554836
467.15,7.026396709445283,11.086947282900264
467.2000000000001,6.663727289153473,10.24879941924525
467.25,7.1142397279156215,9.50268489557347
467.3,8.848706403769068,7.9295032611582394
467.35,11.020978681417835,8.009381513676773
467.4,9.574799097607928,8.976288394260909
467.4500000000001,12.047524295160612,9.06542366779661
467.5,11.110535291978572,10.118205488707366
467.55,15.8914273184172,10.69767942467686
467.6,16.131727740268808,10.285743001043322
467.65,13.494264933263096,10.314695902148852
467.7000000000001,15.490502154696554,10.318147664433727
467.75,11.44752029391081,12.034066040150986
467.8,8.49985973097352,12.845934271212725
467.85,6.4522674105872,11.429253659861269
467.9,7.087423480419735,11.671950165151378
467.9500000000001,8.21567867665525,11.351981835136705
468.0,11.446763096390086,8.951332461687972
468.05,12.38413398823941,9.95080669869779
468.1,13.492305870669073,10.030321174874778
468.15,10.191173310348708,9.742187731615891
468.2000000000001,9.748397674885693,9.771717701796806
468.25,5.22484709361321,11.236846723155818
468.3,7.645910761124689,9.592938579412817
468.35,6.6584092127095005,9.734374598586742
468.4,9.248482368554534,8.378929458311339
468.4500000000001,10.163475558235053,8.97361599016448
468.5,10.223778291826576,7.858154795840985
468.55,12.153966349118525,7.116623680473
468.6,10.68934823303862,8.054167267297753
468.65,10.420188281479792,9.564891272986987
468.7000000000001,9.219301090571683,9.868036824030446
468.75,5.837288167127982,11.407720957641303
468.8,5.637121198169793,10.650009247446576
468.85,5.087323127409691,8.762889418380961
468.9,11.849426541278604,7.9587011609902305
468.9500000000001,14.33141809418182,8.05712639724583
469.0,11.532814032334334,7.020722699153387
469.05,8.912406164840132,8.415883593615568
469.1,9.62295766179143,10.271353867708537
469.15,9.396029139102684,10.650387681460533
469.2000000000001,10.647707846325444,11.099907046958698
469.25,12.102431729675908,10.122401861325187
469.3,7.588592681299274,9.507910024857201
469.35,7.057572158160529,8.906898847260099
469.4,6.707508382728855,9.02965453291929
469.4500000000001,6.567722349933337,7.593538401885759
469.5,8.40425721360987,7.9127364642017
469.55,7.119389760030538,8.098339483157602
469.6,6.611128115974195,8.46200509343113
469.65,8.01104372154314,7.026270257545608
469.7000000000001,8.20130616733845,6.514806818935991
469.75,10.448818488109564,6.32849039850162
469.8,7.846592478071835,7.415563832122911
469.85,9.09565894767136,6.829584861486126
469.9,8.275418776275682,7.532833098411251
469.9500000000001,7.561407587770265,8.631569781084757
470.0,10.833288330282045,9.149702597588167
470.05,8.6679498097183,8.539772106447492
470.1,5.9343991395981455,8.312776409374845
470.15,5.459707773481327,7.819394708455501
470.2000000000001,4.968040683937838,6.839304834629679
470.25,8.020245720198421,5.899925992083862
470.3,9.63439392117606,6.956116354484663
470.35,10.4905084650492,7.521196548696263
470.4,9.080110230941507,8.208050917305911
470.4500000000001,10.321322832740014,9.722857261455887
470.5,8.693715415504226,10.13674902296576
470.55,5.843548647427835,9.245534887070347
470.6,6.68512324684106,7.4762764378101325
470.65,6.102523004202351,6.156014445232367
470.7000000000001,6.210541272680468,5.697154269438697
470.75,6.002983288417688,6.0745173133644155
470.8,9.87773521289608,6.592028048223728
470.85,9.93594428428307,8.315608328296387
470.9,9.054362463896128,9.126005980659587
470.9500000000001,6.070258420567352,10.290062500365314
471.0,7.251103661614201,9.571269481973356
471.05,7.519546912608392,8.21377294078418
471.1,7.678962290694726,6.886289481050341
471.15,8.102288337940518,6.894294381481194
471.2000000000001,6.96168830955341,4.679438332502817
471.25,6.187601861014036,6.025939244402647
471.3,9.34573743735072,7.979280766392211
471.35,11.735656059412136,8.394714156977379
471.4,10.592893270331214,8.378824043911136
471.4500000000001,8.761697568704161,9.506342965516751
471.5,9.81292357811501,10.12657404109812
471.55,8.115756758950399,8.410247463029494
471.6,7.994182380342742,8.566593351744226
471.65,8.915142084402698,8.182249740721993
471.7000000000001,8.699113673913232,8.24820221470763
471.75,5.209670066644586,6.774415175157047
471.8,6.523454400001291,6.072357573517987
471.85,7.481606687086942,5.54878724140252
471.9,10.643913982938944,5.957330671275839
471.9500000000001,14.206992470421266,5.753267926411527
472.0,15.927672057218484,6.257867587123398
472.05,17.54766220574167,7.968260001641267
472.1,19.43399390631648,8.916146785291344
472.15,16.443731524314128,11.330919457660073
472.2000000000001,13.860280309513836,11.508792534895141
472.25,16.57402769318194,12.064824853314429
472.3,16.50152852284107,15.280663537382896
472.35,17.11035206598713,16.25690066862491
472.4,14.584630713700344,15.078560057539303
472.4500000000001,17.05628320635592,15.709257677148802
472.5,21.79551332055981,16.028687946303464
472.55,25.27352665497613,13.964567461343155
472.6,22.499717373599665,15.354852763310948
472.65,17.64074332512302,16.53324845173423
472.7000000000001,18.99250132998876,17.11640120270467
472.75,13.450212998588505,17.45062996418467
472.8,13.524712330776444,15.76312564769007
472.85,13.740257724764628,13.111295778389774
472.9,12.303462450497378,12.635086024764812
472.9500000000001,8.43466555084734,11.751568762820476
473.0,10.612472965679803,10.186569173828603
473.05,11.96632272755831,10.089961572761865
473.1,10.35199506303332,10.995511185677215
473.15,10.950544451517812,10.030909486354949
473.2000000000001,8.861610608105234,9.548033390059324
473.25,11.735812904839095,9.6653123470545
473.3,13.998430398971683,10.409992396679035
473.35,13.756259697526808,8.72865342992454
473.4,15.41346395808852,8.01625076375493
473.4500000000001,14.358836057732352,6.584671182593498
473.5,19.86599498555434,7.267545491725772
473.55,15.386610074252127,7.811557123963495
473.6,18.13803568741144,8.769014973327204
473.65,11.65818375004752,11.006666364701056
473.7000000000001,12.039538626776096,14.480097597172046
473.75,9.646755671915418,14.377266011461208
473.8,7.046459358298332,13.000423846318494
473.85,9.502176016518144,12.157143065082998
473.9,9.636459719259442,9.55969943212562
473.9500000000001,11.581213831335704,7.539935274889212
474.0,10.356459274749303,6.224752514133436
474.05,9.221635406153885,6.730869311335643
474.1,9.809844199202828,8.356716718288748
474.15,8.595567669799003,10.602576679163343
474.2000000000001,8.233675173596211,11.466065454788236
474.25,7.58310001842128,13.378040958627475
474.3,10.646745849574662,12.907254251973606
474.35,12.665050745820045,11.231987068292826
474.4,11.581329763360372,10.375306276597415
474.4500000000001,9.72537494030101,10.280518369143804
474.5,12.013989935138026,7.926819581511751
474.55,12.403055009229917,7.996855643259276
474.6,12.293605112068937,8.699694862588382
474.65,12.454166412223037,7.596176272979249
474.7000000000001,11.879914747310526,7.36742438961065
474.75,8.116707790841026,9.872142431371842
474.8,6.685328607039006,9.719305234323647
474.85,6.513574579861051,9.51637578889904
474.9,5.401944677060878,9.92486644141418
474.9500000000001,8.461322168642651,9.155828641953107
475.0,9.322606960884045,8.138807316266822
475.05,10.167849332752276,7.129006108946914
475.1,10.84621853061714,6.960558380484042
475.15,14.300615404630564,6.4712871683221485
475.2000000000001,16.061834887001773,6.569721429695333
475.25,14.862948118191774,8.455637762200906
475.3,13.221396829471644,9.547229270974706
475.35,12.673486724528829,10.870780931534131
475.4,12.81203502258862,12.239918179497149
475.4500000000001,11.699199666807562,13.202478198511166
475.5,6.76047111603683,11.323495634103793
475.55,6.278872147671896,10.32471129451487
475.6,7.797643186994415,9.28208270173922
475.65,10.370542966061734,7.815780414471778
475.7000000000001,15.835533612518956,6.175060625364043
475.75,14.859413321400092,5.367614991750859
475.8,13.741874652945327,6.438303447845572
475.85,13.349685160781828,6.304522502843296
475.9,11.246027715104546,5.902053537114158
475.9500000000001,10.75144670350407,6.247223787274947
476.0,9.50565509886436,6.255571726935302
476.05,10.230732091695922,6.430124341336941
476.1,6.8098094106611455,7.6088465754537475
476.15,9.26136777332616,8.234729776611859
476.2000000000001,13.157931733881137,8.447151811040785
476.25,16.94128220329456,9.65305981825248
476.3,13.145533126960382,11.982763953208426
476.35,9.606511857736583,11.295584619976745
476.4,9.980532640094134,11.604134982531317
476.4500000000001,9.026715741297478,10.56124987919051
476.5,7.281659019515171,9.325937193714656
476.55,9.382672767122088,6.08969627772831
476.6,13.250705191048548,8.780868984106801
476.65,12.92102554301962,9.636551881311119
476.7000000000001,10.93109012714293,11.024032350298336
476.75,12.162957007982708,10.758113530039543
476.8,12.085168501283691,12.630058351961605
476.85,13.690341576530022,10.387559378783154
476.9,18.05555393748376,9.772825591172529
476.9500000000001,17.002062693714183,13.010829011575323
477.0,17.01116352826804,13.707734888258218
477.05,17.30050898231228,13.22478606517512
477.1,15.530558632702498,15.425842642574965
477.15,14.271685962978973,16.552774901458992
477.2000000000001,16.126985203335426,14.00613071517894
477.25,14.667237945639911,16.735806612935527
477.3,9.767861443086405,15.25172241946078
477.35,9.626667159327935,14.645383160940506
477.4,11.614966053410802,13.5230841266968
477.4500000000001,14.232016550481449,12.369924063385277
477.5,13.185743486449926,10.1105514521195
477.55,9.64744496296214,13.595596388260908
477.6,8.419740517975736,11.305532978640823
477.65,6.0966471011952095,10.345246401424006
477.7000000000001,7.290370926282184,10.767307844620086
477.75,8.118016540695624,9.998589861815354
477.8,3.822769928354585,8.593735561470272
477.85,5.664281408161779,8.73746605391171
477.9,5.410874433395104,8.340080763945899
477.9500000000001,4.577523531191949,7.231352245217834
478.0,3.484966875133809,6.835617373600087
478.05,5.99752342917083,5.442865809835233
478.1,8.401306350819247,4.852451987594688
478.15,4.778366421850817,5.171102874449631
478.2000000000001,5.0341042407986,6.9145322305789865
478.25,4.338824948220072,7.728022184546175
478.3,5.698656439356502,6.82393146173083
478.35,6.6901977489118,6.963913261421425
478.4,6.877711844801557,7.841002109936249
478.4500000000001,7.624467871144293,6.104286871697482
478.5,10.986294037087076,5.235660308540013
478.55,11.04617304774262,6.398227052151188
478.6,9.701790360952112,8.380521168485428
478.65,8.015279649022514,10.658837133722926
478.7000000000001,12.702706789791351,12.022311196006026
478.75,15.432348375471287,13.773154255064075
478.8,17.600601454642042,14.529451526663117
478.85,11.9653789744487,14.346568910062116
478.9,9.032416584087947,12.19537131517635
478.9500000000001,9.871089115384976,11.872738261470161
479.0,11.996448915650188,12.009002448782455
479.05,10.438352100345634,12.165928724911584
479.1,9.393308046423789,9.929652770495483
479.15,11.429593376986412,9.730648841297104
479.2000000000001,12.018320034749715,9.687247659672618
479.25,11.569892399342995,7.875420879147371
479.3,11.05352294285265,8.418706314743424
479.35,9.712340803294603,10.571983721803512
479.4,9.685415798336624,11.520767922348409
479.4500000000001,6.025101823430588,11.320459279171702
479.5,7.271659647873311,11.950369365711818
479.55,5.547319676033317,11.087384435995732
479.6,10.239537206829445,9.661705199091484
479.65,9.024055125514652,9.517414936998744
479.7000000000001,10.477536064493256,11.398827553645193
479.75,11.67487837072922,11.386202900815395
479.8,8.353548138795562,12.342721385193501
479.85,8.440228424929945,12.678719416247395
479.9,11.559530275793978,11.563645809047278
479.9500000000001,14.3299357722311,11.691006914906907
480.0,16.2891233530964,11.361646691591371
480.05,13.110107741988266,10.198560951704854
480.1,9.894855031096776,10.070706867340105
480.15,10.75339750745181,11.327295698177785
480.2000000000001,11.57326428073765,9.682184349439234
480.25,8.175178531648463,10.387155563067518
480.3,8.249727769226068,10.586690107329323
480.35,7.618508656090542,9.970157081119636
480.4,6.335336813139771,8.821044726957595
480.4500000000001,6.2794772254392885,7.688537784948481
480.5,7.918297636233388,7.376515253269084
480.55,8.930176337938075,5.910180950020262
480.6,5.993802623452311,6.8161949338842245
480.65,6.74575746951937,6.9414269856133455
480.7000000000001,6.877653546524411,6.930958320923886
480.75,9.301440339856278,6.623869196989032
480.8,11.168346312707902,7.301773795100178
480.85,10.520762078580496,7.500271886455874
480.9,8.867025030411721,6.9313453126123115
480.9500000000001,11.37284861814054,8.346972964795155
481.0,14.092709286165196,9.812410274061254
481.05,14.914568012492008,10.06140879862825
481.1,19.03229728356582,11.238273417630559
481.15,20.513656672846995,14.345414960947075
481.2000000000001,16.957030912412755,13.891060936928996
481.25,18.930018610508306,13.887867366030871
481.3,22.42707053988258,15.094132732462402
481.35,19.920240198117614,17.063249388949785
481.4,22.352072322758666,17.104772107617457
481.4500000000001,23.560056587955025,19.096602899037563
481.5,23.624789155841583,20.19203363041708
481.55,24.94606039309369,20.645194716433778
481.6,23.258866321801264,19.228709149410264
481.65,19.175885788947443,17.450125581280417
481.7000000000001,17.204896815656785,18.23464953289981
481.75,18.972989419211256,17.219572773935383
481.8,14.45532464121185,17.371778006365258
481.85,15.341584559349691,17.056679178196795
481.9,18.33090086660935,16.245761927794504
481.9500000000001,14.632381520088703,17.11760016479519
482.0,15.414290752363032,16.412967118143392
482.05,17.016087337501435,16.75285456014216
482.1,15.561245564655485,14.626069785636332
482.15,14.711403262618044,17.378027944978676
482.2000000000001,12.500174981096976,14.950241285533098
482.25,10.274519293633103,15.572212550209894
482.3,8.444930405667774,12.892623665784928
482.35,14.021131698742025,12.863287114912605
482.4,9.813613202207952,10.593784448001784
482.4500000000001,6.059564356704576,10.531000928807027
482.5,10.01534622502455,9.85381896684433
482.55,14.21430965196589,10.568167346671496
482.6,13.182771517707792,12.220983031975683
482.65,12.532353473572313,13.666325142747656
482.7000000000001,13.506215144382262,13.01083151500538
482.75,14.73708952836949,13.186894074732827
482.8,13.685234141601349,13.642499501134257
482.85,12.525041957433835,11.706773692520176
482.9,12.68106587164789,11.856283658400546
482.9500000000001,13.095756352878608,10.738760954015676
483.0,13.8906078245536,10.615793864710596
483.05,13.616837030503644,11.210111915230407
483.1,12.621071705068411,12.69337544629619
483.15,11.683458397095697,9.679134175412987
483.2000000000001,11.931167450675796,9.933829413471535
483.25,7.057290430013737,9.385747601451405
483.3,5.984281922038894,8.70766416388544
483.35,6.375630607875739,7.8487067911956885
483.4,7.9900986098442575,8.293089156237675
483.4500000000001,8.195195070726102,8.737623998696423
483.5,5.791909000825479,9.133588294330623
483.55,7.053093363430601,8.03183803420194
483.6,8.806175019295859,8.023828744736637
483.65,7.47379478715629,10.74704662111733
483.7000000000001,11.8413823217518,11.971338156174411
483.75,14.425657653847304,11.215708839191636
483.8,14.43431569101157,14.28022555044203
483.85,13.085270826664836,14.733512311965818
483.9,10.650392369573648,13.5722337778548
483.9500000000001,10.32381354706734,13.02004496202997
484.0,10.96311873949661,13.31837093481575
484.05,15.117368676603911,10.587718103326571
484.1,12.165248171016245,11.226852963581313
484.15,8.775952338057136,9.954560829797751
484.2000000000001,11.98880443785364,10.35864832760023
484.25,9.747166771564968,13.440454975544156
484.3,8.827455522761879,14.358365773436926
484.35,10.218356125641495,12.995864118652463
484.4,7.393127619009775,13.096570355619681
484.4500000000001,12.193887928999382,11.213437216786522
484.5,13.767983246722835,9.629626616381444
484.55,13.867689256112133,9.01901009028368
484.6,14.49650098833806,11.026879470054755
484.65,10.768010932656914,11.159713541834227
484.7000000000001,9.76767702296006,12.792771856427716
484.75,12.270241591335736,11.307297726208281
484.8,11.47762544731199,11.920938502280828
484.85,14.232761407072424,11.93546832059707
484.9,14.892656171026433,14.04315220162355
484.9500000000001,12.504530292214447,14.650603301625928
485.0,11.969677040794773,14.404639746563205
485.05,12.553375936258744,14.096212046610244
485.1,12.084087189604949,12.638171763979066
485.15,12.966843305409071,9.912472889150784
485.2000000000001,11.299869103525769,9.620140822812758
485.25,10.434793960251222,9.563658096405678
485.3,13.00401811223159,7.935710700498864
485.35,13.764156801406378,8.109453789355179
485.4,15.86531695436407,9.705620209978973
485.4500000000001,17.244491641397733,12.32299341997724
485.5,16.296290605138225,12.96926550943947
485.55,16.274883703798096,14.74749801982383
485.6,15.68565741930311,15.283111135917444
485.65,18.080605594514743,14.022552211285838
485.7000000000001,19.51121739911821,12.633239885142657
485.75,21.057515420647903,12.88657722868453
485.8,23.270047343219893,14.852990103806633
485.85,23.513895349096348,15.769992532140392
485.9,24.48172432896455,17.329996511494684
485.9500000000001,25.913530221666125,16.447378443620224
486.0,26.56218206305668,18.247165263649997
486.05,26.28001246303756,19.981908291842082
486.1,26.777599031114487,21.988354709833967
486.15,27.52225978145103,23.918370825480554
486.2000000000001,24.612970540083253,26.470809537413835
486.25,25.02405518220784,26.41768038757612
486.3,19.20934954287624,25.545949102496266
486.35,19.77759612356194,22.11231818165048
486.4,18.780858483605343,20.394730842834235
486.4500000000001,20.43704929176787,17.47190574291434
486.5,18.47457344092121,17.014984177703575
486.55,15.687457553115244,15.768132421409067
486.6,12.330153709736216,17.286323930934913
486.65,11.442610321642492,17.376234725628343
486.7000000000001,7.95762387996123,16.351659920779316
486.75,5.462315750642623,14.938139517905684
486.8,5.024977407395779,11.212413498372285
486.85,5.1323624540723936,8.516870067909181
486.9,5.211466288595081,7.219404171992329
486.9500000000001,5.810373107122446,6.024412149248421
487.0,3.954928130886332,5.179844462341118
487.05,3.9530095210883776,5.783963757298307
487.1,4.071560861912066,5.087433103453738
487.15,4.427152006299837,4.57177230758602
487.2000000000001,5.476647172181862,4.294458150444713
487.25,4.721400815528605,5.155358318936134
487.3,5.292492174958739,5.236710194866703
487.35,9.229152377306612,6.701585074940468
487.4,6.0936692496318905,7.682913221543441
487.4500000000001,2.8649284450804733,8.400578234915642
487.5,3.282593832878144,7.90463121998076
487.55,5.092623230904547,7.1872744531461095
487.6,2.6900873863476744,7.292740863204644
487.65,2.8130135912116674,5.263760738128478
487.7000000000001,2.9539068188209825,4.753024089089256
487.75,3.5138387605915167,4.438031803403583
487.8,2.1610542825764902,4.501450248012663
487.85,2.763110495148751,2.97783168218548
487.9,4.947117956453518,3.7467298393306647
487.9500000000001,6.319204448863942,3.4743395866998403
488.0,5.531125772965577,4.550210505104067
488.05,6.121093833594248,5.5753525075034585
488.1,8.721777387304954,5.568753615724654
488.15,10.557580955914991,5.16536077693752
488.2000000000001,13.260977812843912,6.745805225593253
488.25,9.72925961516886,7.363517247525513
488.3,10.228273201864942,8.95657213130387
488.35,10.211759765573085,10.744344761772368
488.4,8.286868358437191,12.268847847628683
488.4500000000001,7.982946900684676,12.512867839137016
488.5,11.7362231888376,11.536916794407436
488.55,14.58608675906884,11.269639607428351
488.6,15.969529236022291,11.016715376473769
488.65,16.347765967159667,10.93769540285873
488.7000000000001,14.381297257109516,11.28034435514771
488.75,16.88361675524883,12.242752058673453
488.8,13.025502439860851,12.762657597580173
488.85,15.243126895530402,12.468671566705176
488.9,14.342036792030036,13.140309418707863
488.9500000000001,12.490869967353484,13.92696317419031
489.0,13.936162985881891,13.376412939942751
489.05,13.869769528595752,12.739168246318734
489.1,14.829463849173198,13.722777355416445
489.15,13.61987026081008,12.335348368369964
489.2000000000001,10.434498300239865,12.184713606463788
489.25,9.907923977903478,12.530367207795816
489.3,10.375028572897776,11.73573828779281
489.35,15.856939700142966,12.343828679929151
489.4,15.85710467601882,14.123517833514498
489.4500000000001,17.503886254565032,12.826489921288738
489.5,10.69920528451659,13.979616637696513
489.55,8.654238430310093,14.558554132544442
489.6,9.422855113681006,13.098627673384376
489.65,9.3358154798777,11.739338065246958
489.7000000000001,12.65101901533646,12.779812195730925
489.75,15.577583741928237,11.520741315866282
489.8,15.71113875134728,12.010395867395241
489.85,21.61914116828545,12.789694622183575
489.9,21.89272538843546,14.01285760524647
489.9500000000001,18.644731229308693,14.286489211721793
490.0,19.10076590100476,14.683687525942332
490.05,17.764362290713585,15.702038411469065
490.1,17.13552634220561,17.642352519637623
490.15,16.72915489594155,16.90922550151847
490.2000000000001,16.227159673629114,17.386405695534144
490.25,15.650624024888849,16.476361743842627
490.3,14.274942698722905,15.65154075812264
490.35,13.653683002081964,13.605083057284677
490.4,15.168132356485655,12.728639101716562
490.4500000000001,18.63258810204565,11.235213634377365
490.5,17.448735859287137,12.496300769190146
490.55,17.36525587326113,12.399842918549439
490.6,17.332572800709833,14.709508288799322
490.65,16.63532638974412,16.05807749991499
490.7000000000001,17.19848748745871,16.889109151226393
490.75,12.55981445687526,18.215262253410458
490.8,11.550633920785293,18.125988828170442
490.85,12.418555893571767,15.842848493219456
490.9,15.089908966531151,14.355461171335586
490.9500000000001,14.244616943678336,13.278716202117756
491.0,12.114369799104049,10.181559006151087
491.05,13.895557147247509,11.160455434910572
491.1,13.663898803432511,10.488698783482146
491.15,13.08064456591242,11.376784055245604
491.2000000000001,12.85371196807589,11.05897441836747
491.25,15.737271795723634,11.840665637388827
491.3,11.751988362745628,10.673630278434192
491.35,13.498331240514124,10.584327773757439
491.4,15.02563413549862,12.057336978960517
491.4500000000001,11.73235749624924,13.206867116284032
491.5,14.451542841924793,14.631733691936933
491.55,13.895761289043886,14.018263918333695
491.6,14.704578190970754,15.12505889507128
491.65,15.218148005180444,14.923903730177653
491.7000000000001,14.703238900143354,14.922114826822588
491.75,11.338068832289704,13.392857284417353
491.8,11.473419045716724,13.638675355343889
491.85,13.284122989767006,12.57641032167637
491.9,17.68556309805136,13.102473605136545
491.9500000000001,17.84934693747353,15.742033028985677
492.0,18.018476907050065,17.62461109088493
492.05,15.75500841827749,17.054025103037937
492.1,14.79024717821792,17.68433616527578
492.15,12.74780034879428,15.574616789606006
492.2000000000001,15.212136835141726,13.220832192154147
492.25,13.461301914749123,11.414839105607088
492.3,14.050224152620032,12.352832159264093
492.35,16.496014783388578,12.440247898167856
492.4,14.704584245004758,13.66670008339181
492.4500000000001,14.257818249368489,12.551634670305535
492.5,14.159578311850884,12.198030238947887
492.55,14.657662768445674,12.280651231718167
492.6,14.061931813932093,11.296161200532964
492.65,12.56745862112424,9.834401500453247
492.7000000000001,10.081198081050855,9.371090194895334
492.75,11.535980932806249,10.209212952863961
492.8,13.329315988011006,9.448380816774248
492.85,13.335804003099526,10.519177948548789
492.9,16.335608725403144,11.334391719245103
492.9500000000001,16.324200477395696,13.875824414268088
493.0,18.64938525471635,14.397050163139252
493.05,17.00869478668158,14.516317858602779
493.1,18.411283629022027,17.25290215547328
493.15,15.765669382764573,15.778951555965604
493.2000000000001,12.461037762624128,14.865704516410569
493.25,7.679049695192236,13.448272426973691
493.3,6.287835863813011,12.674581481999857
493.35,5.829337367580855,8.151962659111632
493.4,8.165663555167656,9.399479376144082
493.4500000000001,9.036464135427616,7.018024834843025
493.5,7.752244878304046,6.938465544814106
493.55,12.349009133739598,8.244131368082922
493.6,12.378526806412564,10.588578465268617
493.65,14.808677471593436,10.046793754318703
493.7000000000001,15.784557406899667,10.109441824369155
493.75,13.6835368026933,10.618172132425471
493.8,15.936441402880924,10.814021260223495
493.85,15.0168696190975,9.877830428926458
493.9,14.034880649044426,10.264845110365473
493.9500000000001,14.821692788501291,11.918597934223923
494.0,13.645737463298817,12.206834466712653
494.05,11.41327737955414,12.661750585674435
494.1,11.358143778488168,12.602008020392102
494.15,11.656278382747937,12.998377614596977
494.2000000000001,10.024448332523653,12.054012427167084
494.25,10.556576077987314,10.954211802040406
494.3,11.871505211352089,9.41660144548736
494.35,13.908904208544348,9.036950287599272
494.4,15.01208420762704,10.170116202694667
494.4500000000001,11.2520792422351,12.57076821052874
494.5,12.905033541370075,13.575205543645922
494.55,9.925730300808173,14.331708013578071
494.6,8.226313639154897,15.105679906024337
494.65,8.54618471077635,12.526854840894215
494.7000000000001,8.829833783451662,10.114586117552562
494.75,7.671893171344889,9.52041064044941
494.8,7.920164335053418,7.6483053167666935
494.85,7.51540638761912,6.2665203014137365
494.9,8.903095447512905,6.784132411162664
494.9500000000001,8.732791441894653,7.094224855508887
495.0,11.890936113827689,7.165755442689907
495.05,11.84872927975834,11.508913132621135
495.1,15.4518492220801,11.799367821157087
495.15,9.1312343801115,14.676768527495845
495.2000000000001,11.56168952024332,14.337059536093175
495.25,10.918818179770124,14.327162309553707
495.3,9.532107668384944,11.667985997953028
495.35,9.710524070362665,12.302713040151522
495.4,8.422086711030913,9.55076559894503
495.4500000000001,9.305022741692817,8.848254838020296
495.5,10.554314857617502,8.864745211268312
495.55,13.196255655829711,8.470532704488397
495.6,13.935892486503937,7.834541668315713
495.65,9.720502499439815,8.570062055591993
495.7000000000001,14.564098766418883,9.097116489993356
495.75,16.04465273565388,8.6246927289089
495.8,15.809018287998564,8.54686414131156
495.85,12.880577346239262,10.387416134045157
495.9,9.906402554258117,10.069646299538972
495.9500000000001,12.44780081937369,11.04389577338939
496.0,10.36119182124808,12.99826297723559
496.05,9.343261669250056,12.894842520764964
496.1,10.4525847648489,10.384751888748752
496.15,9.380116018276093,10.670594761297052
496.2000000000001,9.571464564342197,10.641714375148037
496.25,9.735849134544384,10.487191018404781
496.3,9.489201183102962,10.509495373084278
496.35,11.225280296509696,11.444791295454399
496.4,12.302192036628616,10.784924198872915
496.4500000000001,8.91413343902143,12.750973253197238
496.5,9.83262007924738,11.613762667083183
496.55,9.222575493306884,10.435373613899316
496.6,11.862156860184182,10.880801979375288
496.65,11.050715167436058,11.48953443415568
496.7000000000001,9.920804740727018,11.010690084799261
496.75,8.527753691723685,11.167022738544937
496.8,9.063073376954517,11.951181245220116
496.85,8.532193797406077,11.640611439994553
496.9,8.592796358456546,10.630555505878776
496.9500000000001,8.742798930435596,8.857363149124673
497.0,4.651147486653642,8.161248117039637
497.05,2.83360348437659,7.777125058355915
497.1,3.1894365623542646,6.9703163152329335
497.15,2.405005897702515,6.67548112426333
497.2000000000001,3.2129138982258696,5.605681194566115
497.25,1.9817017606523184,4.841229064726288
497.3,3.190246007511635,5.545986436354691
497.35,3.782939297609919,4.9001373675076545
497.4,3.537844480612874,4.423431334989358
497.4500000000001,4.294950173369198,4.797230645050054
497.5,1.5390751197238182,5.063261939755334
497.55,1.6256002084773329,4.364041583397693
497.6,1.141393146329898,4.706417841005117
497.65,0.8370910391425108,4.897570792527915
497.7000000000001,1.299285001795642,4.353468167006326
497.75,0.6048664892773711,3.6941746865334704
497.8,1.0436477916269795,3.7472710026698204
497.85,1.4495131079312948,3.3947083417293884
497.9,1.0157206277587547,3.6745871307116715
497.9500000000001,2.073872659162613,3.979064022870185
498.0,2.093961585280998,4.340746127226859
498.05,2.543012028325798,3.5666243216879696
498.1,3.1155694685938133,4.249852193386512
498.15,2.062486719899968,4.618713167123887
498.2000000000001,2.3126656814837525,4.285162666569181
498.25,2.0765880922565527,4.300099948429903
498.3,4.178302094835087,4.7344378760706896
498.35,3.04639507824963,4.855559628508804
498.4,3.613529150509161,4.5373778965244265
498.4500000000001,5.513864377631453,4.668831854693448
498.5,1.248037908410266,5.190497101711653
498.55,0.8672480923622915,5.12165837963259
498.6,0.4473678379300136,5.185614137205097
498.65,0.3099468651125634,5.101370592724525
498.7000000000001,0.9338384220051832,5.064640120887741
498.75,0.7112556547161848,5.24146983319498
498.8,1.531597909354585,5.595523586512322
498.85,1.145087213239089,5.070642299624285
498.9,1.863278448478681,4.347984658548654
498.9500000000001,1.146403343027646,4.829886497603138
499.0,1.871022816372447,4.175945681169135
499.05,1.0922132162758782,4.472149876303844
499.1,1.986104262904763,4.909726539594071
499.15,1.1637780939139797,5.329628002677074
499.2000000000001,1.03367093671346,5.375448852369962
499.25,2.460853962903903,5.3373851602628894
499.3,1.8716714693603116,5.331661075535983
499.35,1.3443457976660205,4.901551660848216
499.4,0.6641571431221995,5.204519684424755
499.4500000000001,2.3331369890614524,4.719747521976177
499.5,1.9778098260940755,4.383114030322613
499.55,4.214027094430443,3.4294188726243355
499.6,4.828570633974495,3.7783723374322093
499.65,3.998689667006498,3.492785393697762
499.7000000000001,4.571511003922513,4.2674190917492725
499.75,5.645888494193062,5.4251554598803775
499.8,4.049193406516178,5.978028780846253
499.85,5.346484547194504,6.2752769788169225
499.9,4.01306945405647,7.373491661996333
499.9500000000001,4.003177402993071,6.853479000030154
500.0,4.404842928709085,7.522084405168776
500.05,3.585260695887757,8.047923202879424
500.1,3.817873866665989,7.454755841432668
500.15,3.096985978159617,6.5834822327618205
500.2000000000001,3.652100886719648,6.196804689838714
500.25,5.173161052016874,4.862012523344283
500.3,7.13600276292845,3.809591944611241
500.35,10.354200755265598,5.023870401596451
500.4,16.606683514455856,5.210950134191851
500.4500000000001,18.93826377495874,7.005204258260084
500.5,16.05679378279901,10.20112009415346
500.55,15.672634508448589,13.843569372004268
500.6,17.02537588206542,14.29047646054723
500.65,20.76149895786823,17.110075098779802
500.7000000000001,21.373704657395987,15.851379442682603
500.75,19.151083257613777,14.489859464619453
500.8,18.956408701959635,14.512554403446945
500.85,16.991120770213133,15.777493315148444
500.9,16.087054832651685,14.306359586365424
500.9500000000001,14.884077816577886,14.856017312715696
501.0,14.425162527639785,13.956614448447533
501.05,14.648070456960502,12.236079838403807
501.1,12.881771671163612,10.780380251958238
501.15,9.167022069710963,11.462895790643293
501.2000000000001,10.094844286155451,11.268945428844464
501.25,5.959517433308509,10.443594723746823
501.3,3.654434854569817,9.437223340469892
501.35,3.160096506931311,7.970125870902402
501.4,4.211822219710242,5.346701478239868
501.4500000000001,5.948339702350985,5.745631541710922
501.5,7.393416138019143,6.06304395860805
501.55,8.95640356508471,6.470423686739574
501.6,9.391339148880816,6.566785436900695
501.65,10.503836372756815,8.021756280166349
501.7000000000001,11.072224574473044,8.14609793663738
501.75,8.900894018322825,8.348254416573969
501.8,10.92395693476774,8.420842892212539
501.85,11.820322134064282,9.922538252498613
501.9,11.763384623327871,10.597298081138307
501.9500000000001,11.093367188135495,11.022517721161421
502.0,9.90893908470482,10.592685143818956
502.05,10.788290613866106,10.952909488057298
502.1,9.759141558737705,9.75942278239723
502.15,8.625036815522426,8.965124110452392
502.2000000000001,7.252936803194063,7.550974383910541
502.25,11.28503186326702,7.547736295935974
502.3,14.378865364164223,7.907380797361897
502.35,11.833490877603367,9.623379884237954
502.4,7.774390275915535,9.612539213043958
502.4500000000001,6.084509688679349,9.628500620248122
502.5,7.26307794161184,9.390381827369565
502.55,8.913018585571507,8.300439090846552
502.6,13.40448795171877,7.584348494628472
502.65,13.671483693107016,8.355644162840017
502.7000000000001,16.874768947175138,10.211664224027947
502.75,14.860058904473442,12.197341084785904
502.8,11.732439020383884,13.532886782754877
502.85,8.5050706848634,13.524505257251336
502.9,9.25105917132575,13.34148430349246
502.9500000000001,7.481413962938045,12.3747340288113
503.0,8.79676678931112,11.043095992795497
503.05,6.126142370101439,9.68423575788079
503.1,4.566118963609474,8.920558746562627
503.15,3.918212813027073,7.462265131755056
503.2000000000001,4.081142562652531,6.553268445614981
503.25,6.12241287205384,6.132110461565799
503.3,5.217181972501378,6.533278889855498
503.35,4.082609799778781,6.764789847828977
503.4,4.678338268325893,7.217831793084452
503.4500000000001,4.821270003405467,7.659970073009868
503.5,2.033917807167892,7.707183869652784
503.55,2.3705622350614988,6.98778365480687
503.6,1.8796316678029428,6.13827416632785
503.65,1.997222144671395,5.350012406908521
503.7000000000001,3.0762563239708176,4.284664129313286
503.75,3.7951911168639247,3.9168145927019307
503.8,3.089913266630852,3.836963502545176
503.85,3.3626177187743176,3.8450602116657935
503.9,2.076183954838537,3.8202423842047644
503.9500000000001,2.089400273726396,4.142214292723247
504.0,1.2051722373104898,4.064536192105553
504.05,3.018252502210238,3.4031372309149894
504.1,3.4093221256169284,3.4066537832737396
504.15,6.994586051029472,3.880148851209978
504.2000000000001,5.597677667087505,3.5939778922109493
504.25,5.573187338505621,3.874914087588804
504.3,3.2475652734173432,4.298906869975211
504.35,2.8340800434365843,4.322982630729806
504.4,1.9162522755154725,3.9225473803287807
504.4500000000001,1.4857742730813297,4.912975888516017
504.5,2.3966457252877427,4.36117142456328
504.55,2.8751564548261075,3.9317437498197476
504.6,1.8292562863798856,3.5242668527749874
504.65,2.2201573542110484,3.517990521426734
504.7000000000001,2.3756415889804128,2.831410670881432
504.75,3.507251579245035,3.5615246298860663
504.8,4.332235631962831,4.0962617811713775
504.85,4.450487953033352,4.467442817267665
504.9,4.487376294463076,4.144096946168087
504.9500000000001,2.2626807970764022,4.106553296706661
505.0,3.5306136121088287,3.6906705283136176
505.05,5.4682539396863215,4.293248209255492
505.1,5.568152753996159,5.786387169653825
505.15,4.82840710658367,7.698793322118943
505.2000000000001,6.7438257289122285,9.42843382183198
505.25,7.287881061569693,10.33947786642795
505.3,8.10391432246462,9.205782707980159
505.35,8.279229370060598,7.967777930381777
505.4,10.813967492948551,6.73706325257071
505.4500000000001,12.385017521169909,7.117951978277104
505.5,13.948095830328056,8.057185874724167
505.55,11.619780470008529,9.526341879379759
505.6,13.491863363820777,9.98981283932183
505.65,14.546120155806708,11.22916164697486
505.7000000000001,14.694394670933503,10.284366027331641
505.75,13.60497385473253,10.693254969137794
505.8,10.22559029979296,11.020725340364997
505.85,10.103690843604973,13.144371717541706
505.9,8.757626003543164,11.987361263866712
505.9500000000001,9.04991051148428,11.19283936729704
506.0,6.844070564678157,10.000000419602076
506.05,7.045854451701214,8.969729821066116
506.1,6.147093352258064,7.145169283248045
506.15,4.137402472330137,7.516370208126647
506.2000000000001,3.958201361712405,6.774346322192663
506.25,3.687024063218204,7.215651429505865
506.3,3.574830435937376,7.900159410284634
506.35,5.345600051810448,6.481531166786469
506.4,6.406668845454445,6.279588518422791
506.4500000000001,5.285118990932743,6.86159765766725
506.5,6.057954916820588,5.376968693514618
506.55,5.547623687955427,5.064815670814025
506.6,5.044003863920814,6.9402492814831716
506.65,5.226627767627056,6.368724318608599
506.7000000000001,6.412345211394915,6.980198929477869
506.75,9.31315211376526,8.401977589001765
506.8,8.495362891178956,9.325364720004957
506.85,8.828204800550928,8.842573981852329
506.9,6.5267502890779925,9.681775449240892
506.9500000000001,4.10076215193283,9.610617303366563
507.0,5.593590970960286,8.634147919904413
507.05,9.088925948469852,6.882624219555639
507.1,9.340737172680582,7.076929230163346
507.15,9.06550469516566,6.887915937067187
507.2000000000001,7.25779159546226,6.453477511213678
507.25,10.37715440977158,6.556950106556518
507.3,4.448143052171925,8.427815502926103
507.35,2.7828140489559736,7.914938232535525
507.4,2.9012479519545944,6.784125009773891
507.4500000000001,3.6693278230748327,7.221629442692107
507.5,5.3355514270904125,6.539969793461323
507.55,5.438561904884805,5.8400491566677974
507.6,4.594483791140202,6.300425131337724
507.65,4.15754888986734,7.795075937266668
507.7000000000001,3.0934830137489997,7.310631849745254
507.75,2.460913883371412,7.415537505535312
507.8,4.137435721667299,7.11637235095464
507.85,3.9024895445365937,5.988778748503782
507.9,5.380188060484449,5.567017415032936
507.9500000000001,6.406788313918195,5.399261903000692
508.0,8.016325344801603,5.093341919396457
508.05,11.304038282100407,5.238574356471375
508.1,13.452410016069043,5.948481766098003
508.15,23.33248410146252,5.773140365809047
508.2000000000001,21.954962227354883,9.59058074324696
508.25,25.69439211779181,12.408355390143537
508.3,26.94389560326265,15.580144150127314
508.35,26.01208441144416,19.0665829991463
508.4,21.31652826137627,24.49052214493704
508.4500000000001,20.918320326605475,22.962823028334398
508.5,19.37411382138996,24.03582008279303
508.55,16.814365179072258,22.59746914725725
508.6,16.527164321981576,21.019212863232497
508.65,17.66168958262733,17.801198056282267
508.7000000000001,17.492797709218646,18.426194505424313
508.75,15.31983756287041,16.37335317816721
508.8,16.202322111719077,15.479423523150487
508.85,13.621683297009708,17.411633775935467
508.9,11.495522215998916,15.919268985420747
508.9500000000001,11.81517457023186,13.632465386749374
509.0,14.246279721207433,12.814642923763994
509.05,15.862296829627605,11.623972188023233
509.1,15.650709701720936,8.601815932149563
509.15,14.137258131128991,7.81052924768955
509.2000000000001,14.835887560729704,8.969667279393926
509.25,16.645992735191733,8.211594306472493
509.3,18.35882043500166,8.856992083099668
509.35,17.462599764711015,10.45107212813443
509.4,14.616010139834854,11.049714461036318
509.4500000000001,12.697169599007667,11.220551419070993
509.5,9.855880036650598,11.292862352772836
509.55,9.023411879474164,11.96436714610094
509.6,8.91140571987646,10.944005487467361
509.65,6.465380022626857,11.842835096922345
509.7000000000001,3.864349804959449,9.42443921963613
509.75,3.798789322923528,9.732675148421382
509.8,6.5417031114925726,7.845029791567377
509.85,6.800282705251362,6.5498088730439665
509.9,8.067940059124034,4.53443662372405
509.9500000000001,7.173455516942852,6.886374358925654
510.0,8.548735653290796,8.27392800946606
510.05,9.600386575192177,7.89702958212427
510.1,13.010606648459593,7.676730258571605
510.15,12.962521273259766,9.805120323966861
510.2000000000001,6.616875552909289,8.05136405941957
510.25,5.767014198858458,8.087503859045379
510.3,6.655235166170415,10.215605925748307
510.35,7.186610903585995,10.684234654339848
510.4,9.749379664448778,9.22531159560673
510.4500000000001,8.42507067247629,9.671677170369907
510.5,5.752490251425024,9.525293885131347
510.55,10.930565200973136,7.754384549956232
510.6,11.994107354199864,9.792185198738554
510.65,14.058038602640949,10.16998239658034
510.7000000000001,12.290065265396862,14.631373785293153
510.75,14.443893634614888,15.479570722262395
510.8,14.831194087616211,19.251122301077743
510.85,12.38937121285648,18.520203865725257
510.9,14.521192950134887,19.542624287615602
510.9500000000001,15.58973051457794,16.328630822206033
511.0,13.591448646760137,16.312383231017435
511.05,11.286488210470184,13.594022720846656
511.1,9.67464615237737,12.785863195749979
511.15,7.210539682154851,11.411210200008416
511.2000000000001,9.14798216919387,10.321332662639891
511.25,10.454829580244471,9.066715212492957
511.3,10.940784064480416,9.033911072993932
511.35,9.007451084301724,8.128474550443569
511.4,9.393297514506232,8.211237915830173
511.4500000000001,10.9047005766782,9.274489682055528
511.5,12.874569909193584,10.066290291639032
511.55,17.58938206710792,10.863796568648596
511.6,17.47513986359803,11.897141075423121
511.65,17.413249359663116,12.002599941171884
511.7000000000001,12.528667652569656,11.989259593715484
511.75,9.885852668307272,11.07050642371253
511.8,10.235265666057051,9.854196302721906
511.85,11.054448429738676,8.85680854336529
511.9,12.42808717608741,9.085780771876534
511.9500000000001,11.922974860000457,8.303291075115204
512.0,13.639069487738096,9.3154655160561
512.0500000000001,8.886310668937362,9.915949779034667
512.1,14.404273628458023,10.638213278550133
512.15,20.426723841370475,11.763929663348547
512.2,19.11628879764864,12.46816681153822
512.25,15.728591715869648,12.388040704017364
512.3000000000001,20.9261079665584,14.043122432978516
512.35,23.507305865256463,18.099209438491652
512.4,23.342104859690952,16.74030756377581
512.45,20.4568036614551,18.409021183161236
512.5,15.953106966727264,21.203985629278087
512.5500000000001,17.594391048475725,21.04958511705025
512.6,19.26169609286626,17.663425865522708
512.65,18.780285837398655,19.59439388510923
512.7,18.631458329665897,18.727449375072865
512.75,20.179644822587928,15.674690454609049
512.8000000000001,20.51920416975421,15.603845648176717
512.85,20.166907885138254,15.955777624497966
512.9,19.321730652731706,18.838558178770896
512.95,18.92589925179527,18.720969163155768
513.0,19.86389086739329,19.95170824325368
513.0500000000001,19.092434190437327,19.641693161036144
513.1,18.45525071524598,22.341913576661092
513.15,18.26675482145512,17.527422482091065
513.2,13.507636338493802,19.118808084667904
513.25,13.790461174984708,17.60351514149122
513.3000000000001,11.930308985001796,15.963088318871154
513.35,11.446918104557875,12.177110932589207
513.4,10.06699155226732,12.553182924810177
513.45,8.0591411774601,11.367790925109416
513.5,7.595140286279461,10.742407257936769
513.5500000000001,10.680617735555575,12.872037875606448
513.6,10.87646839292668,12.204591479080175
513.65,13.427951917070732,11.424391662673441
513.7,13.330781940696376,9.9802583688862
513.75,11.558730130204395,10.79152496756674
513.8000000000001,12.77236021637137,8.705161666081022
513.85,16.356835430689785,7.94817963375308
513.9,17.176016305674878,9.266696181436512
513.95,21.770503666396245,9.665813066764237
514.0,22.998237431495763,9.387999433673942
514.0500000000001,23.59630259524128,12.308808876099288
514.1,22.10915373673375,16.786386815357368
514.15,21.28403772436276,20.024506515744257
514.2,20.71325989995341,21.574031395071742
514.25,20.150206700612166,22.411516037369026
514.3000000000001,27.72996695519645,20.628310829053
514.35,27.135395212380004,18.79664784303894
514.4,27.10213868327408,17.878979526801285
514.45,22.809162451562013,16.399658169879395
514.5,23.152654129048926,17.503516274468073
514.5500000000001,21.55701189661433,19.859504015264385
514.6,19.55700406600287,19.157497208702573
514.65,22.21619854528125,17.706614948637295
514.7,18.49074750246635,16.89083446362544
514.75,17.79692762602093,16.930568837747522
514.8000000000001,15.81144223946808,14.515688255748024
514.85,15.929853549594643,13.538562824894143
514.9,16.697979052940717,12.933567039747281
514.95,17.744914311826353,13.615151059471678
515.0,14.23301393356713,12.298079872588817
515.0500000000001,12.59511286902035,12.459125258119863
515.1,14.035750363047526,12.18292948968389
515.15,13.92586470539015,11.350985166637305
515.2,14.730522493781947,10.147173596087494
515.25,12.560502401932382,10.917990158308315
515.3000000000001,13.136075629946443,9.579183054770258
515.35,12.091435768282082,10.45462180127579
515.4,12.130663295813475,9.687131597217439
515.45,12.346018916464203,11.374451727899554
515.5,14.14295581337209,8.728221473636848
515.5500000000001,10.823042516271215,9.648277475404626
515.6,11.947342595503551,9.937613497149954
515.65,14.426697147398098,11.431415871737306
515.7,11.243874007800349,9.904367456452782
515.75,11.92157401977985,11.432794446774114
515.8000000000001,7.057698483987309,11.414832777891645
515.85,7.39609133529816,9.837979025737182
515.9,9.302992033669938,9.206001805567753
515.95,11.171266229073144,9.623370084972928
516.0,13.517096437931372,9.417804208280952
516.0500000000001,14.89087125320677,10.3297089879605
516.1,13.72726814825356,11.455125879704937
516.15,12.877657075617044,11.660011033045384
516.2,13.900095522880797,12.24708603785037
516.25,10.502196544841128,12.468587608031658
516.3000000000001,11.747257198197074,12.737186387061133
516.35,11.801070129132246,12.808966755715886
516.4,13.65305492611979,11.75420582991544
516.45,16.562876591295936,10.24441610269682
516.5,16.652136786006466,10.522801601705998
516.5500000000001,15.143418284909668,10.687481464320237
516.6,13.48797170157374,10.20819336878738
516.65,11.298949076221044,9.766264063849485
516.7,10.45758794976644,10.739711857028764
516.75,14.006814877412957,10.424151127660616
516.8000000000001,16.72992704042027,10.318963856791145
516.85,17.455100263888262,11.426784040475592
516.9,12.400362591283267,14.755423126196318
516.95,12.086072459840734,15.916652194257525
517.0,11.758129169350813,15.32847219503868
517.0500000000001,11.555385058055212,14.033469845345174
517.1,13.65531979568718,12.882428416978996
517.15,14.544796591294542,12.45564990705595
517.2,16.977567896544745,12.957157192372899
517.25,17.45290780407383,13.789680915749857
517.3000000000001,19.75925277721512,14.806486946475466
517.35,22.91466770094142,16.24970034550472
517.4,25.797506142157506,15.89283806624396
517.45,28.235378834551877,14.089655297542688
517.5,30.100474166835163,15.496538087768556
517.5500000000001,25.803123763154588,16.406197196377132
517.6,22.034195793189223,17.930562115143843
517.65,22.288370304682683,18.776493398436536
517.7,20.78626690154195,22.373183830222086
517.75,18.699618302225108,23.08734082479462
517.8000000000001,18.68445312235104,21.898725313451223
517.85,18.471931611184797,21.67025993074291
517.9,16.93845313072408,18.642676441078034
517.95,14.609805103190848,17.71040622344977
518.0,12.798954225061587,17.38254778513312
518.0500000000001,9.71389238233784,18.056277906667685
518.1,7.332644300321535,14.43543641900106
518.15,6.554359613917786,14.423955303561886
518.2,7.191538536907378,10.958592953319249
518.25,5.135619012994168,7.726095891803807
518.3000000000001,5.990667390176363,4.368425116770305
518.35,5.450408403353448,5.42739281655159
518.4,5.920473992751401,5.193444975264443
518.45,3.8751164730794905,4.661611959517484
518.5,2.6642403682658267,3.7963126554145754
518.5500000000001,2.8762512737334585,4.093218868658728
518.6,3.209715740587136,3.5755693048485844
518.65,3.806854187267688,4.510540625422319
518.7,5.529083330038748,4.338068830785373
518.75,5.650451277604266,5.110923667357588
518.8000000000001,5.967825908538627,5.224181723290186
518.85,4.888629001443307,5.352720491117527
518.9,5.852486709624523,4.711074990360839
518.95,3.108222177180532,5.108756571506306
519.0,2.6506085901806133,4.331102059285223
519.0500000000001,4.576413356222089,3.904992464222868
519.1,4.469223142696621,3.125491601633085
519.15,6.0703859856243465,2.3762222350256827
519.2,8.41807214188889,2.434236142335914
519.25,8.84908362604054,4.315190701352406
519.3000000000001,8.22971756956751,6.97605722896653
519.35,12.861463063632645,6.956256292808635
519.4,11.97130692147292,9.83451263044115
519.45,13.727776149000375,11.502020942622737
519.5,13.864601134477285,10.772851218989864
519.5500000000001,17.19828472958257,9.958867564343679
519.6,23.133254049200573,10.743084089528177
519.65,19.792454386314542,10.58596239327597
519.7,23.47760903970416,11.180154760933217
519.75,27.00513410701093,13.96971247052722
519.8000000000001,27.7831792175866,15.563148937937957
519.85,30.37768637269933,19.302684794413217
519.9,24.961263912167947,22.86535639481318
519.95,24.753860131611862,23.787049948454055
520.0,26.589979694462286,22.615780016957515
520.0500000000001,22.60574100874,24.39923834430351
520.1,26.42500814945196,21.134884618456148
520.15,25.109346872850335,19.416470347742933
520.2,26.368899358628617,18.79699493554884
520.25,22.15608653348936,20.695610854398875
520.3000000000001,22.25086904352808,19.74681595832663
520.35,19.66345661940204,21.434685259769168
520.4,18.128518499853328,19.698252940592837
520.45,23.054074949418634,18.455580464990867
520.5,19.792538666570707,17.46192986320701
520.5500000000001,17.295947210945798,16.604521009194748
520.6,16.739096695773185,14.382974424261667
520.65,22.967765991053,14.356297096951245
520.7,22.491579787745017,16.747031556409713
520.75,23.10441869772518,14.19135122106544
520.8000000000001,23.72101020747294,13.717375349002918
520.85,19.226788535917542,15.931458911403082
520.9,17.89779269171991,16.543602990059945
520.95,15.829334736874362,16.343490176338914
521.0,15.88010095816844,17.50604486435465
521.0500000000001,14.277443606893982,17.18557494473353
521.1,15.768190987248962,16.368432546945463
521.15,16.191085655563935,14.038774811975227
521.2,15.136618686530946,12.801649400489048
521.25,17.40161930291979,13.718303741821245
521.3000000000001,17.130816458613246,15.020574429070837
521.35,14.45102209410112,15.363591123742406
521.4,13.874293486369435,17.58450685837488
521.45,14.899089204627051,16.619384137912313
521.5,15.855465214256975,14.815331567959863
521.5500000000001,13.150616544215811,14.098075084909848
521.6,12.3363874394936,12.388887189233653
521.65,15.09015594378,11.865953619855857
521.7,13.776212778937484,11.858087393200117
521.75,10.897089781089347,13.385481126893005
521.8000000000001,12.578806709662988,11.649315312752965
521.85,13.014334344256474,13.500205786159928
521.9,10.750276451285558,12.540287013893366
521.95,9.494963517713687,12.66611081157634
522.0,10.288369622805645,9.76968551069273
522.0500000000001,14.114599925795307,10.469994918276692
522.1,9.55168696823307,9.815018770729436
522.15,8.04699582071132,10.102018057539375
522.2,10.73461752175752,8.988849378271423
522.25,10.903325513121857,10.757589802658012
522.3000000000001,7.96724065290097,10.062253877902137
522.35,10.898711461165144,9.04099018469989
522.4,6.894612723485825,8.06020276604644
522.45,8.510606892693323,7.372530322147223
522.5,10.500717293429252,5.983646734912024
522.5500000000001,11.082188416967728,5.878088195357793
522.6,11.055350226325126,7.467085456620937
522.65,14.941573306878372,8.330398288167679
522.7,16.32675702560233,9.713537945332789
522.75,16.348812846607785,12.135788836644888
522.8000000000001,18.063119843949615,13.829556885787929
522.85,13.915813189782732,13.188390614726606
522.9,13.337745294220976,12.731062117340569
522.95,10.490755504135333,12.237958260760298
523.0,12.272108424395258,10.541280399173003
523.0500000000001,14.265223060158528,10.002304608077779
523.1,14.706192223364363,12.371651215337685
523.15,17.69114585221966,12.754358606914963
523.2,18.893722306450805,14.835321294413259
523.25,17.070668987734496,17.96487876904094
523.3000000000001,16.404667989650015,15.923862057338622
523.35,18.56022160591144,14.404477560304784
523.4,13.11377131374172,16.178800947973784
523.45,13.238183881428125,15.597447733169757
523.5,10.500376984530536,12.313388708839158
523.5500000000001,8.296149403133029,13.658580810161578
523.6,10.687993442771573,13.439396206044185
523.65,15.736796775522953,10.931902234897294
523.7,15.184662774263556,10.663668408809698
523.75,15.807846918843325,11.03583557632564
523.8000000000001,21.15307685083776,10.830518540173717
523.85,21.11161534854127,12.032090022275268
523.9,20.068727500955315,13.271345830497246
523.95,16.35678854716841,13.834468418370935
524.0,15.396535693290458,13.984395365662364
524.0500000000001,21.29259102200104,13.38567902607664
524.1,16.002131478896082,14.085246598058646
524.15,16.69196139955259,16.839970790872414
524.2,11.461798869676318,15.230832739711413
524.25,11.566872702903217,15.475226650155221
524.3000000000001,9.874407803317949,16.06453297146095
524.35,11.79232519803832,12.103387168131764
524.4,11.119975158778232,10.020905010391383
524.45,11.0030292589776,10.818145533148726
524.5,9.882401810707249,9.562904731876923
524.5500000000001,11.256780197264863,9.79722116125128
524.6,12.499317723018152,11.783675069320497
524.65,12.223589931763254,9.828676198268427
524.7,11.090184162422906,8.933077400312424
524.75,9.1988695194669,11.414598608285125
524.8000000000001,8.40447620173665,10.323118028154987
524.85,7.527182348114455,8.715535769456249
524.9,5.598922895068271,8.304285115823182
524.95,5.96784685695751,8.201740709202353
525.0,4.179327847104063,6.034197433699912
525.0500000000001,6.737146972778159,6.465344126581526
525.1,6.027252682400782,5.336767792847263
525.15,6.693580468761117,5.334433546969212
525.2,4.649586435199284,4.801636894238557
525.25,3.6803781386309513,4.163645427784719
525.3000000000001,3.625733017674862,3.4858431756741215
525.35,5.597439057173436,3.54867331658252
525.4,5.405712919966274,3.248275076587909
525.45,5.198419851262965,3.4782397767499056
525.5,5.767127028596795,4.650813518057656
525.5500000000001,5.553678608396185,5.007806483577836
525.6,8.92640042927077,6.383776244974505
525.65,7.924820411235665,8.757492774816262
525.7,13.0573642757363,8.810368843879868
525.75,10.731588866361063,9.515067529548528
525.8000000000001,13.57816161138305,10.950541280348887
525.85,12.163913365625142,11.16818628024596
525.9,10.96583774542774,9.756062184052688
525.95,9.54889198349682,12.627610356457048
526.0,8.26435452741107,12.503112710931722
526.0500000000001,9.768287352785672,11.345147390141669
526.1,9.291509038738813,11.480137002578179
526.15,8.116202504819444,12.186486611801568
526.2,7.634045232602804,10.104263404930862
526.25,8.57419706172282,8.565183888930452
526.3000000000001,11.574431327649194,9.047568290560838
526.35,9.717576729581491,9.418376514154243
526.4,12.161104589724216,9.100253415067044
526.45,13.293253959878763,10.735921560473678
526.5,13.748069284777854,10.779288773068902
526.5500000000001,16.507736668867935,10.450827799255352
526.6,15.675474089228928,11.372007086429596
526.65,17.21381300010405,12.68284230907818
526.7,20.741358235417792,14.058497676894222
526.75,21.43417592372701,18.530329022157304
526.8000000000001,17.197445233969272,20.50159457944381
526.85,13.384942595261714,18.97173507977736
526.9,11.23940377035306,18.827548902416087
526.95,10.954874299233804,15.751544678201249
527.0,10.014929041264596,12.634316314176779
527.0500000000001,10.16736054020734,10.581210282110845
527.1,7.001827215773619,10.92697831237556
527.15,8.015603856272353,9.586124216664322
527.2,9.31514652861441,9.67001768217603
527.25,9.104580839000658,9.932778978784347
527.3000000000001,9.494896488243327,9.89247750796602
527.35,9.151025708010575,11.431369400767917
527.4,10.573899534384733,10.51920548578973
527.45,11.822398783974393,10.4394518027702
527.5,13.004225002255222,9.508921008034207
527.5500000000001,17.58761780398287,9.287604905732604
527.6,17.350124896094773,8.838676846617659
527.65,15.394786978773393,9.980221078905227
527.7,15.262581576768484,10.776527901537063
527.75,13.704299527322716,12.356015528140713
527.8000000000001,12.441881908292196,13.458903168738264
527.85,9.046363466383315,11.788520848113615
527.9,7.703662492423279,11.485982143631466
527.95,10.902366415517676,9.890953599945583
528.0,9.11245866472915,8.810967732979156
528.0500000000001,9.604397491799268,8.012978428117318
528.1,8.23186090725016,8.889800827565933
528.15,6.780550296428341,8.298651274530599
528.2,10.161883809863433,9.243456731744828
528.25,12.43033338031011,9.262439217309428
528.3000000000001,14.723738082205791,9.695221414097714
528.35,15.946814274415487,9.634586013549495
528.4,15.843140512653653,12.7768509345853
528.45,16.08577366298907,14.48720710732671
528.5,14.593002237654169,14.314131326486283
528.5500000000001,9.631898162058723,14.592137248965702
528.6,11.87162205291776,14.241710579007545
528.65,15.843144943432494,12.18555451682707
528.7,21.345432356997662,10.444235545873832
528.75,17.489443518760655,14.486660841732427
528.8000000000001,15.074298772452778,16.578784492679738
528.85,13.519845366041473,18.000736905752973
528.9,18.26628070299216,17.725591540754735
528.95,19.771780068361508,18.904348185508024
529.0,21.577904775959787,17.859558315699445
529.0500000000001,20.774638910438103,16.23257375050955
529.1,20.57852200626348,16.398736264847685
529.15,17.038078242534823,18.15415984909106
529.2,15.568390921916686,16.85591657077374
529.25,14.397856417197668,16.225438960154207
529.3000000000001,13.744850986025634,16.19568649656419
529.35,12.497588172389763,15.75030661231375
529.4,11.42550459150588,14.59773127978028
529.45,9.064032412003796,15.066413108274222
529.5,6.28520633232726,12.06816317021216
529.5500000000001,7.56953810708046,10.505047055889907
529.6,9.724274981803465,8.619669742221175
529.65,12.402926820693274,8.401082362756915
529.7,14.579002206722988,8.872689353808374
529.75,12.209687613835255,12.870802817614164
529.8000000000001,10.257030357136582,14.253748682239632
529.85,11.023390372486288,13.94054670556463
529.9,8.442421809003607,14.026462389700544
529.95,8.101893420263625,14.40968170435015
530.0,9.93884174814886,11.392697810021417
530.0500000000001,9.2911053025388,10.279660898058243
530.1,10.359647764574232,10.316445730499634
530.15,8.446305334832344,10.386848373335754
530.2,9.077428285309372,9.071191164504034
530.25,12.047774222975129,9.208514542315482
530.3000000000001,12.7246906887999,9.632152613463997
530.35,9.363551495683486,12.188277171130718
530.4,7.529473508544302,10.743695380586662
530.45,6.489307740764237,10.012541739140724
530.5,3.973544109763729,8.891652762780659
530.5500000000001,3.4858796573751483,8.234772193247997
530.6,3.86497460682517,6.021202209905296
530.65,2.601499998276119,5.480837524399596
530.7,2.997908660573481,5.151291972068066
530.75,5.787134289356852,4.7926253160311
530.8000000000001,6.411901751794462,5.100260195694303
530.85,6.903376666977122,5.565820865069036
530.9,6.350092559790504,6.542948813843691
530.95,7.843651513894662,6.570479630489653
531.0,7.328315913076004,8.718102405380694
531.0500000000001,5.765749238848522,8.905146894697099
531.1,2.7385099232404206,7.994752880874367
531.15,3.4536182349389075,6.736690364642346
531.2,3.08800065863748,7.134035371714481
531.25,7.035112937109946,5.150750702301234
531.3000000000001,9.00954839476744,5.388467545752639
531.35,8.051284962277347,6.864635804225705
531.4,9.3448410896951,7.8942285386910775
531.45,10.523825316654662,8.238786662493139
531.5,9.250303358504429,8.995146743628508
531.5500000000001,9.284439946159605,8.49366592813776
531.6,9.239134640998058,7.47172498422384
531.65,9.433852017908002,8.409279748004495
531.7,10.957503514340848,8.935256752593634
531.75,13.153158258435536,9.43925998992234
531.8000000000001,14.617817953309668,10.097734882073738
531.85,14.952500142885928,9.743986084134862
531.9,16.989051039325723,9.378486648405913
531.95,11.633283554539751,9.867001026724619
532.0,11.233881598562167,9.498650807150415
532.0500000000001,12.826859161675312,10.424508299014756
532.1,14.618062318599966,11.573981337843108
532.15,14.360067178051102,12.19996587030994
532.2,15.36564328497074,13.023885806817361
532.25,16.81259719592356,14.466002105355209
532.3000000000001,17.475680054889356,13.601850002948265
532.35,15.592894400768346,13.395231189441537
532.4,12.8409568111392,12.645533436155473
532.45,10.446423792931132,11.366544050128422
532.5,10.151764242261356,10.492905946875007
532.5500000000001,11.676985456152394,9.786584231789506
532.6,13.817133541724385,10.47204159324283
532.65,20.08893167249248,9.341131753975564
532.7,16.06197673732866,11.560758937434185
532.75,16.453308250442454,11.824330135686916
532.8000000000001,16.588070053802042,13.096616340206351
532.85,17.807148108459437,13.946387522859503
532.9,14.71396656465564,15.763492997972108
532.95,15.894543396519207,13.697602296167654
533.0,16.244268917761538,12.818006022483276
533.0500000000001,18.57835612280497,12.600047448222202
533.1,13.99049815730066,11.951072346783235
533.15,11.781180493260472,11.802733052299313
533.2,8.925304297451174,11.637574817063797
533.25,9.89309288099227,11.357728261902423
533.3000000000001,8.864459996241768,10.574483981073747
533.35,8.35690746666993,8.746366128575705
533.4,9.903047503636508,7.63822421392109
533.45,13.935040623624388,6.481766032154132
533.5,12.628519423091566,7.181427663691904
533.5500000000001,14.725782240570728,8.860109146229918
533.6,11.845079548018392,8.432228082829594
533.65,9.242933280199306,10.087593491455541
533.7,9.910822351297575,11.96972163797706
533.75,7.545797411732259,11.606475982457113
533.8000000000001,5.388350721143874,10.29611763658577
533.85,6.974348447225294,10.89690420788367
533.9,6.0746406933766295,8.937928138750433
533.95,5.8415224164137785,7.091223745765836
534.0,6.1881072594132185,6.617366402329846
534.0500000000001,8.400324392854536,5.692623239575302
534.1,9.416321809630142,5.14871502104083
534.15,8.742707756716072,6.059066046762917
534.2,6.4317607224036575,6.526070357937225
534.25,4.635810709589414,5.924142995116439
534.3000000000001,6.73193752054342,5.56960003777827
534.35,9.841918346188796,6.372032801951132
534.4,7.313018257833575,7.3705103465702555
534.45,4.69658828638259,7.802713284391423
534.5,5.136160581219422,7.336418426718016
534.5500000000001,4.781414508389298,8.034644906929438
534.6,3.959066469031084,8.270373693449507
534.65,7.592937528706607,7.938617851661871
534.7,6.18113584827265,7.889932613167405
534.75,7.2419993872884465,9.003139311249313
534.8000000000001,6.998321183005807,8.558110017951401
534.85,6.177080095921848,7.745893485395841
534.9,7.001574925245525,6.238202651589839
534.95,7.061463196320092,6.205431126324674
535.0,3.616210320244595,7.38373884745823
535.0500000000001,5.268916248975901,6.601372382104235
535.1,4.374411068302974,7.295888486489869
535.15,4.729089803743256,6.847201971483818
535.2,3.5888175283190797,6.603758250408424
535.25,2.840164959439675,5.358708376306714
535.3000000000001,3.2073657919651946,6.483756150204899
535.35,3.8841307443811472,6.787607681542447
535.4,4.772634628709652,6.8971860728637715
535.45,3.91988825348662,5.7499552140484935
535.5,2.7476024411719826,5.029815271561375
535.5500000000001,3.175476805798838,3.9442963617020688
535.6,4.239216300380239,3.0364023192257514
535.65,2.410509534252062,3.788549712775521
535.7,2.9965024337105506,4.188825212207731
535.75,3.5279724824923235,3.8641065249897837
535.8000000000001,3.7033243854561366,4.664661843705898
535.85,3.548831010314575,4.921071798338387
535.9,5.457658579905509,4.585576342706726
535.95,7.639787783226319,6.3027519207888965
536.0,5.115540182569029,8.23725014363105
536.0500000000001,6.011549515454467,8.617030378288181
536.1,5.572472627964007,8.040829268117076
536.15,4.0999695372228695,8.34406547868238
536.2,4.523074840046986,7.285519066206037
536.25,4.497085040793042,5.655080194859156
536.3000000000001,3.001703559626601,4.904431066365317
536.35,5.302709495346241,5.198843960061344
536.4,5.8452769659673445,4.437309477221196
536.45,4.7642273198807015,4.539036558537891
536.5,5.479629027421743,4.298747974437021
536.5500000000001,4.133045064846565,4.3138292545359676
536.6,5.406743903420272,4.6969930833251
536.65,4.87339129282033,5.016050547715727
536.7,3.305325736250781,4.485628353352749
536.75,4.411171657910185,5.532796325633548
536.8000000000001,3.615128957294628,5.464840137672079
536.85,4.1539327200447245,5.053309825780815
536.9,3.365960841642914,5.567211940700905
536.95,3.4274782129923698,4.9370574695737925
537.0,4.818535218175015,4.543010325886639
537.0500000000001,7.648111850678901,5.161632666519574
537.1,7.655354475957051,6.425250300560487
537.15,9.537209363670833,7.445193033283966
537.2,11.261234339569434,8.119667346546926
537.25,13.07338524431553,10.11640134866443
537.3000000000001,16.27892758094247,11.988479680787039
537.35,16.95381402712036,13.442977186426308
537.4,14.369762817449326,14.119400393316617
537.45,13.468002463827334,15.27525344298677
537.5,17.07101917023623,14.667741470217527
537.5500000000001,9.52900145783662,14.112308112258347
537.6,11.990484248433082,11.76592781856377
537.65,12.078072907343143,10.348584985651314
537.7,16.163580639755196,8.884341262007265
537.75,12.846015841079865,7.671799388261883
537.8000000000001,8.81836031140507,8.386120716771718
537.85,11.664439047194008,8.037131265736015
537.9,11.135991311044789,7.602365354723227
537.95,8.489303158978002,8.24136581662249
538.0,9.351917061017536,8.784239899425664
538.0500000000001,9.01796758889546,7.5021515678244075
538.1,7.036767327333761,8.157894432787149
538.15,8.567935410843251,7.147601621156639
538.2,8.401394734678911,7.784506044877835
538.25,8.00318822817648,7.109274805636508
538.3000000000001,9.304433578896232,7.559823511940495
538.35,7.504216526024755,8.208753591619226
538.4,8.22169256062417,9.707196041646876
538.45,7.256735763538003,8.41023461139152
538.5,7.345951144084146,9.958272591978275
538.5500000000001,11.183227465469717,9.654331646525007
538.6,11.15976145264688,9.938279370696415
538.65,9.516337872870936,11.278976872772839
538.7,7.309867710610675,12.379432757791012
538.75,7.292679931686754,11.602593183354935
538.8000000000001,10.673649751469002,10.721415852449127
538.85,14.823523386035523,10.294539992177521
538.9,13.977373348656872,12.399929232365148
538.95,12.381602167957752,13.465346017447686
539.0,10.828746213201397,15.00220565713934
539.0500000000001,10.371573193462222,17.226511536944088
539.1,9.951902848931596,16.604954537855797
539.15,9.077274032305302,13.838748379219659
539.2,7.3867167677706895,13.486044551454182
539.25,5.890739983199764,12.297294506985487
539.3000000000001,5.780175439570333,9.859257755149676
539.35,5.235891639306995,10.206565298518774
539.4,4.233473526510252,9.279457072282806
539.45,6.892021050004384,7.475359286307331
539.5,10.62408775500484,6.933470661378868
539.5500000000001,11.216221498141204,7.222386151516664
539.6,8.785523523414057,7.126980166511679
539.65,9.300887995121045,9.14257037021557
539.7,10.905757569504823,9.153710549434162
539.75,13.678211434208762,10.684072051825556
539.8000000000001,13.6504080243733,10.68087889543412
539.85,13.118551865346026,11.317535957882997
539.9,12.011910933005502,10.155493317882444
539.95,6.468692629595903,12.632846695025954
540.0,8.794466928996208,10.992579779367055
540.0500000000001,8.455394731142844,11.562709486864541
540.1,10.062687630799608,10.47743583996979
540.15,12.30821610079827,10.170198887594681
540.2,15.173758363317598,8.95585516260725
540.25,12.201474816095375,11.341180892800748
540.3000000000001,13.369148063069971,11.936170859880585
540.35,12.015654254334708,13.158827194560677
540.4,11.246180005495804,13.60725112448924
540.45,12.458234869698847,13.250939893728425
540.5,11.011231543578717,11.693791923987796
540.5500000000001,12.88642734615712,10.514840736663476
540.6,11.959581567665648,9.73703385056404
540.65,10.739254235006634,10.063840740792786
540.7,10.965817234963676,9.896174813256849
540.75,8.343346226312207,10.059120587139503
540.8000000000001,12.679083173069747,10.64556565540039
540.85,13.01852654962082,10.267874005078133
540.9,12.30832180130017,9.41647659949342
540.95,12.59982835655772,11.247560197910332
541.0,9.563737446166902,9.920339875702734
541.0500000000001,12.72973184398532,9.569981063779478
541.1,11.691979886933272,10.616961552276214
541.15,9.76451028870573,11.98381318586077
541.2,10.898624057434615,11.437749736655032
541.25,9.198052463886071,12.838747658347481
541.3000000000001,7.005582914390671,12.997090286293957
541.35,5.280794006535989,12.125650056272667
541.4,3.147489632799509,10.161048720343516
541.45,2.655802923724372,8.0996189471327
541.5,1.2758722211821336,6.162722693242772
541.5500000000001,2.10993023757301,5.088619834244041
541.6,2.442681671066816,3.8343223648503333
541.65,2.7091338293695784,3.664769795537693
541.7,2.968664768340775,4.076179786282581
541.75,2.735232509062614,4.585013745970869
541.8000000000001,2.195280554770119,4.804164840824523
541.85,2.2402765214498026,4.832423132140899
541.9,2.0758364497277606,3.917326063830215
541.95,2.134556084960076,3.823061067432694
542.0,1.1282320211204906,3.0076034569590977
542.0500000000001,0.4055121627718902,2.7383988536920016
542.1,0.6693047703537347,3.1045707069922637
542.15,1.1545103050682697,3.787856312950624
542.2,2.018421534404361,4.149547895398065
542.25,1.816467485339479,4.894984318110669
542.3000000000001,3.5906026118812404,4.978850218862353
542.35,2.94827483249362,5.885242314479727
542.4,2.1205603257141634,6.533129304417278
542.45,1.9069898360775916,5.615493901787424
542.5,3.036862337895996,4.936294013015674
542.5500000000001,3.70612710083541,4.561861697526723
542.6,2.3293095899851624,3.9031406329767657
542.65,1.375580766878962,3.006118886148357
542.7,2.0310160351928057,4.09197050345674
542.75,0.9240057016115272,4.6669786298194795
542.8000000000001,0.8548644549277592,5.535256851328421
542.85,1.4598832466002505,5.183277272077309
542.9,1.9896812529755796,6.104481451839847
542.95,1.2414959679448982,4.954839985250373
543.0,1.1960978987232385,4.580933238853513
543.0500000000001,1.7999187277703923,4.325624227257634
543.1,5.358162996165892,4.699053942919908
543.15,5.885936931400384,3.989826156236778
543.2,2.963718165237789,4.759462041367839
543.25,3.0559063474195507,5.827567558208311
543.3000000000001,4.46351667765766,7.079741482246475
543.35,5.167479426710495,7.196185784252353
543.4,4.577126163316479,7.1336557662861395
543.45,4.693501937580252,7.7562010070457745
543.5,6.057030548674681,6.687184910752613
543.5500000000001,6.931477765200288,8.286442621623937
543.6,6.760441912374056,7.905989686776643
543.65,9.89293150959061,8.558634496263396
543.7,6.753742859821844,8.31825911243174
543.75,7.252918421700556,10.286759244259079
543.8000000000001,6.4958176602317454,7.897754857082637
543.85,6.394910804142599,8.855899258869218
543.9,8.358621385819506,9.220614813421872
543.95,10.497848795974468,10.589530938476301
544.0,13.298060212464648,10.420703591370083
544.0500000000001,12.540063900756596,12.585887266451113
544.1,7.806263433348765,13.510678049337217
544.15,8.052129363765802,13.380163154765773
544.2,7.9494341841344625,13.794803346619574
544.25,5.916159568157269,14.524614056115656
544.3000000000001,9.082309989859752,11.679744888465398
544.35,12.836055190720314,10.455806281805769
544.4,12.4260160976675,12.288743535720608
544.45,7.670173388806703,11.755230199012994
544.5,9.8047864012534,9.98494583701306
544.5500000000001,9.201654311905765,11.383538479998847
544.6,8.158821512992311,11.795767509390275
544.65,7.747232306640689,10.5066022501269
544.7,9.033498293565632,8.77745307859654
544.75,11.750150472748976,9.557828045706666
544.8000000000001,12.5730186988859,8.194290520993318
544.85,13.914316207286,8.647817033973224
544.9,12.464764792864242,9.110558810562761
544.95,11.30691045489586,11.176147715601044
545.0,11.400512177925975,10.331763264753267
545.0500000000001,12.0335567455473,11.174811854535003
545.1,10.668114236243962,10.361343097237473
545.15,6.181071085919631,8.717481590915789
545.2,5.12791169632008,6.694741809585558
545.25,5.374467727036621,6.005360509648715
545.3000000000001,8.020606666385863,5.599735475802484
545.35,9.9598788809662,6.897221677851199
545.4,9.263017310692948,7.486913412510059
545.45,9.758721417915863,8.387421132998853
545.5,10.080661464235796,8.121433123638218
545.5500000000001,12.718006150933364,9.626536590608932
545.6,11.38561133418522,8.714190910049142
545.65,10.665333894740412,9.268087938747009
545.7,11.573502625782936,10.28510729056383
545.75,12.69699608716554,11.735167061128887
545.8000000000001,14.49552042058611,11.375281633011276
545.85,9.94384278079627,11.004665770621996
545.9,6.896840369367135,10.537193414544433
545.95,11.368744388557667,9.02187854421983
546.0,10.761114157718785,10.181423126172955
546.0500000000001,9.450465327930948,9.250189625883566
546.1,12.799011143443884,8.813074158695226
546.15,12.273971912542912,8.786406174420556
546.2,8.460863835243977,8.881658335058361
546.25,10.749983394490162,7.719456545947799
546.3000000000001,7.876128008511362,9.161389589098683
546.35,7.233282202873756,10.41812645039866
546.4,5.926369832979838,10.59115224839951
546.45,6.229912109714415,9.75926294526591
546.5,8.864408820713056,9.00897007849317
546.5500000000001,9.319431431275422,9.405856944253973
546.6,10.068074415272418,8.388993512442031
546.65,12.98825808416627,9.542527955181638
546.7,15.116386038881812,11.959442083946064
546.75,15.42332268783142,12.46700971350868
546.8000000000001,17.275056498479227,11.052557417282268
546.85,14.950012635806717,11.254667906218785
546.9,13.179990991440356,9.907031260971234
546.95,13.47245588397252,7.868138261841408
547.0,15.225968798356044,8.36124287272569
547.0500000000001,14.53912838375402,8.000733044090879
547.1,9.298982792993064,9.920078303823432
547.15,10.776702885482251,10.222576056625398
547.2,11.96799689913148,11.901409047639792
547.25,12.57383229305623,11.49359314268872
547.3000000000001,9.28592708696728,12.402545134646774
547.35,10.950214837954482,10.116663184309797
547.4,13.36521648138228,10.105856122094524
547.45,13.339003474439588,9.80605055324208
547.5,16.973147754470403,10.404441904004905
547.5500000000001,18.367077424715145,9.731987696664458
547.6,19.785885096814045,11.543812145737235
547.65,22.7753595700662,11.166104005094013
547.7,19.76984396283059,11.712885634864973
547.75,21.862426215717107,12.126252651909379
547.8000000000001,23.01823454907563,16.10836606014736
547.85,22.349160680991407,16.56918378998496
547.9,26.913872034198302,17.93790732947492
547.95,26.509861261265797,19.948138352004833
548.0,18.707368332253,20.816530684334218
548.0500000000001,18.28714392680916,17.644458657594583
548.1,20.76782891057349,16.989691236336252
548.15,19.27431194213976,15.43470675206621
548.2,17.835026067705392,13.697630619160364
548.25,16.161621942194312,14.313137226064075
548.3000000000001,14.362347835729633,13.928379280192658
548.35,10.65356412394708,13.370789953346524
548.4,11.88003263485844,12.18311380524201
548.45,11.10576750696381,10.347834474707222
548.5,11.537184372832856,9.143184475704473
548.5500000000001,10.505948491756111,8.092391066870565
548.6,11.093885671019198,7.358333417755056
548.65,8.419216953014088,9.570405618170984
548.7,6.536824870393506,9.082654392999068
548.75,8.663432015686466,7.721687935587754
548.8000000000001,9.870192768618216,8.731689337895165
548.85,13.279046267832642,9.747241783469704
548.9,12.564672436980604,8.728810844382407
548.95,12.373991009367758,10.823738583635093
549.0,11.233235048306751,9.612413860818368
549.0500000000001,17.25654788568603,10.516022724715937
549.1,18.072693861795507,11.972075103392429
549.15,15.612998364775503,14.16030519593794
549.2,11.532176211227336,13.743141090455907
549.25,11.516663789564008,15.845623966417733
549.3000000000001,11.39996590121141,15.295060757195596
549.35,9.370999875436816,12.842593592089285
549.4,7.868407353235656,9.822424248539345
549.45,8.617743664420145,10.035556750196736
549.5,8.699190557953301,8.337799016172466
549.5500000000001,7.062555662939862,8.017997259960767
549.6,8.233506616359286,9.282035835138462
549.65,6.107101761378791,9.90489839719515
549.7,2.9718000327756333,8.397961242905332
549.75,3.0413583750916238,8.89822791565388
549.8000000000001,3.5978298345213924,8.161861285673456
549.85,5.432629923113646,5.810766521438258
549.9,7.939448132868994,6.5753871603806715
549.95,6.908073798289583,6.292679651328786
550.0,8.059148071657287,6.977377889067748
550.0500000000001,9.808696010053454,5.9532408348357135
550.1,10.059683879315555,6.691607375231997
550.15,10.784708586582534,6.931578625203809
550.2,11.492154416714593,7.5564778088746305
550.25,7.078469175782147,7.127852560664048
550.3000000000001,6.681036778921833,8.181609589368112
550.35,9.141703735226155,8.330761274075432
550.4,7.935618233618174,9.13981515475823
550.45,6.43661696046661,8.889839389595657
550.5,7.405428541450516,9.238499817615514
550.5500000000001,8.404952451764904,9.020680248353855
550.6,7.451937600379685,9.524068576086345
550.65,10.765276524522491,8.730979144407788
550.7,13.625795015671477,10.644321572952187
550.75,9.972438455538502,11.528391927299987
550.8000000000001,9.834108090107266,11.757115232040483
550.85,10.975721951304738,12.988726700721179
550.9,11.7900570155478,13.43583641571
550.95,13.306732063428855,12.804279307873436
551.0,15.551247236617382,12.468567459855855
551.0500000000001,16.749656684654386,12.881986776456447
551.1,18.0473612106366,12.848762170045239
551.15,17.895660837433393,13.684487087249709
551.2,22.33002798600728,14.035487316676702
551.25,24.394238266274304,15.699807201545855
551.3000000000001,23.09770680053372,17.232158024764736
551.35,19.586271151439263,17.49578501109736
551.4,23.29638543057156,16.753063202477485
551.45,23.27616716380249,17.583477398674066
551.5,24.29294613233832,17.22091367524345
551.5500000000001,19.789650657310283,17.93036742778957
551.6,21.88680913117272,17.48880509960831
551.65,19.357986494674925,18.315437515145852
551.7,17.828907222647494,16.461730042553988
551.75,12.843410711362022,14.914474761589394
551.8000000000001,10.062555979023044,13.351964275918593
551.85,9.467078139117389,13.040703491486578
551.9,7.727856792740989,11.838320576435237
551.95,11.276266161625282,11.96725620750367
552.0,12.151721254661329,11.442088567678812
552.0500000000001,14.512712243026089,11.45289563815125
552.1,15.36404764542718,11.593683166227004
552.15,15.058311108979645,10.829880871564676
552.2,16.707139109493127,11.522177999751474
552.25,11.619151726430635,12.451178469502237
552.3000000000001,13.383929328186216,13.178015616361078
552.35,11.929556349482636,13.959597858775586
552.4,11.860039812478618,15.10603048537871
552.45,10.41710066142864,14.745272853283778
552.5,5.5326255062971805,12.957331338064467
552.5500000000001,5.026503486332058,11.383370554748705
552.6,8.001731437601117,8.708846862718575
552.65,11.40425004350265,8.133942303492537
552.7,11.385454264348994,7.3023967077268
552.75,15.37319379750448,8.813688918372545
552.8000000000001,13.224383258628867,9.385620434274148
552.85,12.89994033531179,10.023554333772115
552.9,11.549139291594786,10.501628400368443
552.95,13.208035236839756,11.000211713947957
553.0,15.966349191815896,12.346307886376508
553.0500000000001,13.368535314540908,13.539558054942244
553.1,11.30647148143955,14.13872670710159
553.15,14.214873163664588,12.96939354104938
553.2,14.679438961658876,13.618237027266387
553.25,15.24803797558402,14.600247841161071
553.3000000000001,18.58374590320262,13.843862508120026
553.35,17.81517577475917,14.280139637909864
553.4,19.43383969337656,17.215550562929437
553.45,19.45001715919613,18.282978155808294
553.5,21.73917052656992,15.412476087858966
553.5500000000001,21.19432277975232,15.34031140448911
553.6,14.685356067383989,16.33970835125975
553.65,14.322836642954446,14.013239409837222
553.7,12.399715283382726,13.765298379653883
553.75,12.786443893558983,13.412539243259197
553.8000000000001,15.26919651141464,12.529767080980521
553.85,14.543196546320653,13.416989495183262
553.9,13.632904102220529,13.751961008775472
553.95,12.416845440860962,13.296850140215252
554.0,9.689849213934217,14.702986088824456
554.0500000000001,13.482695374516473,16.685559846888456
554.1,12.090468785630168,15.232873401559896
554.15,10.138529181637091,13.729623742902032
554.2,9.434832443591452,14.079222458385102
554.25,9.392032749344136,14.284171480906288
554.3000000000001,10.161208156559926,11.9985689055089
554.35,11.57499936175853,11.55355102126595
554.4,15.762044882011557,12.377768949443443
554.45,17.14059861552153,13.204953313013391
554.5,19.325188381005223,13.560013054708332
554.5500000000001,13.898666325924069,16.08894864419025
554.6,12.65203542384848,17.674813921158563
554.65,10.388242571852684,17.589112687479442
554.7,9.266663892574178,14.633802586388928
554.75,8.231379423624048,12.231913424877032
554.8000000000001,8.601974485231837,11.13631647273938
554.85,6.130908105706206,7.791774603991156
554.9,8.961190805713514,7.066773663558972
554.95,13.217231849737962,9.648685634113685
555.0,10.870698347095663,11.780016027733556
555.0500000000001,10.779480241847423,10.984043729134807
555.1,11.886588984928428,13.023964364940245
555.15,11.44966596760767,14.132297924274766
555.2,17.39479783635267,12.41169724522288
555.25,19.136694134312737,11.790632111471501
555.3000000000001,18.4474700268878,12.344255090724706
555.35,15.940082658181398,11.744144189241478
555.4,17.536275010505896,10.897735583845927
555.45,19.695669191865704,12.946675323416269
555.5,20.616388887131503,13.252093436172581
555.5500000000001,23.997801549625443,15.648118575849805
555.6,22.085661518650443,15.400753997671544
555.65,18.915306688029617,18.15872845564887
555.7,17.990386612696614,18.105861256100575
555.75,15.174531664080169,18.633610158973056
555.8000000000001,15.321228252844676,16.214902563988943
555.85,22.04708939193213,17.056088189776283
555.9,25.54588632746249,16.310036965855446
555.95,22.330203558482047,16.265528395753925
556.0,26.49592370183174,16.006005046766347
556.0500000000001,27.30232652582761,18.266582975073135
556.1,27.19780635208038,20.73465206066341
556.15,25.15105102356126,22.906499875265837
556.2,19.39144310862057,24.038407373796662
556.25,16.29770935310495,24.080049982337584
556.3000000000001,16.050930944671258,21.757617494456362
556.35,17.363731379663463,19.350120522441646
556.4,11.006670914438988,19.708300902582927
556.45,10.510043264854868,15.33881306694063
556.5,10.888611733025348,13.613928135068775
556.5500000000001,8.449858506735206,13.863413130028173
556.6,8.264526339600968,12.253899085989122
556.65,5.058379472821729,9.21591171580515
556.7,8.536332253683442,8.976331753397467
556.75,10.110222476790584,8.985302142262949
556.8000000000001,10.874671708473809,6.848667381815353
556.85,8.900334500886187,6.656126341894947
556.9,6.204331923961779,7.251355623731852
556.95,7.019246623610441,8.027960960396598
557.0,8.734258513569255,8.44179635103827
557.0500000000001,11.20232900296345,8.721614008014967
557.1,13.974686370061814,9.365057149997583
557.15,11.056469330918372,8.341632276799706
557.2,10.247849280712751,9.772478541884027
557.25,13.361426173211507,9.870591835257358
557.3000000000001,10.84988753612212,11.356895100177548
557.35,13.764774601160482,10.815324762629858
557.4,12.20385045483162,10.878611748182948
557.45,10.916077593654853,9.748114378293234
557.5,11.20737103613952,10.060920766836862
557.5500000000001,12.870110031645348,9.592307112223802
557.6,11.596957833267156,10.647364254347627
557.65,10.778471524690842,10.707383087677464
557.7,14.551816548438811,12.341057471015986
557.75,17.589882954212474,12.6406490581933
557.8000000000001,13.2731866701997,13.791984242186507
557.85,10.936520781105106,14.639079044283038
557.9,10.954430249664624,13.112644178658256
557.95,11.62790969587734,10.739141772080934
558.0,12.276568126372194,10.117113591301019
558.0500000000001,13.797082560672193,8.550891725881346
558.1,13.448550273764097,8.079131276915412
558.15,13.01547003324779,10.362740749409516
558.2,11.733496878030598,13.672912679070052
558.25,12.9545720513768,13.47002922093089
558.3000000000001,9.512685501157575,14.399140238220681
558.35,9.531747314647747,13.343877222806414
558.4,7.66769231655657,11.71366015992283
558.45,6.977630751776078,8.283973839687643
558.5,7.874426298970292,8.962692425634947
558.5500000000001,8.743400571371717,7.730129681293797
558.6,10.646824956056188,7.398504109386569
558.65,8.658092951458054,7.60265363593437
558.7,7.381952794392061,8.334782663368484
558.75,6.736512463473666,6.6507876793196825
558.8000000000001,9.227731516608564,7.290867850352323
558.85,10.906604807626996,9.065716401465433
558.9,11.03405800161948,10.280054202397327
558.95,11.399580725381629,9.93227710395057
559.0,13.6769729654145,10.560341091663258
559.0500000000001,15.173952989666716,12.216209494498777
559.1,15.837172673805364,10.817958597891764
559.15,14.034839424833375,11.10781531359031
559.2,15.418528375556164,11.07225143693603
559.25,11.435720000735692,14.894149883334329
559.3000000000001,8.40240309966244,12.917619026393178
559.35,7.913998493671954,12.168235441901352
559.4,11.896863094021125,11.23074027294967
559.45,13.17738680239315,13.096967744583377
559.5,16.69522045203347,9.747453408363839
559.5500000000001,16.067119656214526,10.393713776826125
559.6,11.837551989177094,13.155254519767576
559.65,13.658131393008333,12.191952523588988
559.7,16.157126889605244,14.269417321393739
559.75,14.275387008520228,16.27911502030504
559.8000000000001,15.104075603728758,16.162305900188066
559.85,12.40634837766038,13.981315341040412
559.9,14.40918944614373,14.22118876851194
559.95,14.193435380207578,11.342065844847149
560.0,12.566574255374062,9.354791915086553
560.0500000000001,13.249821959808726,8.356819183378187
560.1,9.93162252554986,9.081748812819193
560.15,8.312493434366967,10.245277703905467
560.2,7.844245061101936,11.340536537168983
560.25,5.613813390457165,10.885139652795175
560.3000000000001,3.119808019650301,10.84210784382333
560.35,1.3317702322824905,9.891491504212354
560.4,1.9787529010730909,7.6289584738627685
560.45,2.616479170136948,4.8916498298701505
560.5,3.4006045271726486,4.465940172981304
560.5500000000001,4.592812002361622,5.0063058234837365
560.6,4.657367174282756,4.269857394447361
560.65,7.733688596704368,5.435744813162295
560.7,6.457608010333414,5.7413552911738055
560.75,7.655392551306232,7.026669358695866
560.8000000000001,9.178710426463084,6.517270179914589
560.85,6.17244984758313,7.660010977479429
560.9,10.854118430022444,6.557735705362415
560.95,12.241887160001816,7.52065896007805
561.0,10.133872494044612,6.75287059874563
561.0500000000001,10.1800490620262,8.960163863377158
561.1,6.500234232290466,10.44734437198745
561.15,6.708309061957393,10.378008247078629
561.2,7.2228616001294,9.530121801452937
561.25,7.3468471131633555,11.196771223199043
561.3000000000001,6.365650871547797,9.313505909770027
561.35,4.681574431383352,7.466707157512487
561.4,5.541447816242171,7.906010814730623
561.45,6.477224700772527,9.28230280828066
561.5,6.057209292056433,7.279758380471257
561.5500000000001,3.785930338993593,7.601662473191734
561.6,5.663169958719747,7.644470975324606
561.65,5.044347968468454,7.261064807584818
561.7,4.635917995628791,5.6006786889046625
561.75,6.242396561463576,5.565821101690752
561.8000000000001,4.652248314577975,4.805840898736709
561.85,4.5237701369108265,5.096253282884919
561.9,6.511318505589198,6.600021464251945
561.95,8.194009827396792,6.397487892537049
562.0,7.441386348410066,7.3371862454781045
562.0500000000001,8.860770134051588,8.750294691531145
562.1,7.9037206011887635,8.747314421847728
562.15,6.5951558149243965,7.967742058839441
562.2,4.99562526494002,8.40175521504357
562.25,5.615291642123731,7.298914374037395
562.3000000000001,4.931183507135728,6.252731858146417
562.35,3.264835687864028,6.200618963478972
562.4,2.8426442819537976,5.916991850800706
562.45,1.7137787200618204,5.578705173657061
562.5,1.7534961945850471,6.114465021938426
562.5500000000001,3.9324903173230927,5.111928783291223
562.6,7.896576637401797,4.829275584642973
562.65,6.763000030510837,5.077115000895391
562.7,11.363212473301443,5.275029279023627
562.75,8.879313456059764,5.783795717266625
562.8000000000001,8.267880174145574,6.541537284307934
562.85,12.164227770846528,7.898957512965049
562.9,10.776811427246626,10.357925130984663
562.95,14.030703991443827,11.860293147967118
563.0,14.835030110002185,12.011855137186851
563.0500000000001,18.41800172171561,13.515435484096326
563.1,17.576015628589836,13.470339362026845
563.15,15.268114183308867,11.732405861555325
563.2,15.447951627993408,12.07644661026313
563.25,15.23092413988948,13.694679405478077
563.3000000000001,13.401551621203392,13.696413696035961
563.35,16.068856017301574,13.47070881988573
563.4,13.729938023585497,14.719877893357136
563.45,14.278588073720806,14.478736200310141
563.5,11.882496161346504,13.4034696563289
563.5500000000001,15.774061681208334,14.442296901127056
563.6,10.560706545376672,15.157782829122972
563.65,10.293829936988368,15.000442884815618
563.7,12.501255966207902,14.010975041631118
563.75,9.786095228770328,13.80819050308352
563.8000000000001,8.026471159256339,12.303522456528034
563.85,7.915196537831618,11.203341947503052
563.9,7.301356462030834,10.481831151649766
563.95,11.9091998055762,9.592475618504057
564.0,13.268766566578943,12.84281206803124
564.0500000000001,16.70234108773148,13.037215851204882
564.1,18.16911295739021,14.587377575354921
564.15,14.582355356877509,13.449583904924243
564.2,13.302958723898078,15.982494472393899
564.25,13.216108771218204,13.322786032195292
564.3000000000001,19.726348361916465,12.902977395117553
564.35,16.796755283412804,12.16114255696892
564.4,16.193651721163704,14.439618843607834
564.45,12.087559024338598,13.669286683496289
564.5,12.607808198055874,13.345845348067646
564.5500000000001,15.648752829935772,13.598937797846686
564.6,18.10101296973429,14.02387956784047
564.65,16.754653471160204,12.156072310602998
564.7,16.35772571520185,13.38788227542866
564.75,15.835737830665012,13.423073517628925
564.8000000000001,17.92252315563306,14.293256240589802
564.85,14.32705482660355,16.14750054473946
564.9,13.154716754111035,17.599898297305746
564.95,14.247974519482169,17.49477082583431
565.0,12.98340990904672,17.880793936687073
565.0500000000001,13.514694828916088,17.322409721165695
565.1,12.409574183452946,14.297440029123297
565.15,11.165011323690967,12.417909047167672
565.2,11.406552642000484,11.228948769136254
565.25,9.44803489346702,9.318805742380663
565.3000000000001,8.389891480463573,8.53255596115349
565.35,8.924353556772793,8.156129650497382
565.4,9.939723241660502,9.183902384741366
565.45,11.0424970335904,8.483190370373283
565.5,7.086167255627656,8.769260857357011
565.5500000000001,7.791577646024041,8.791194571351182
565.6,7.501180332473643,11.035936745416294
565.65,11.141926561054309,11.074964740676439
565.7,11.287091051064584,12.19702475053079
565.75,11.109328024133143,13.98437455365565
565.8000000000001,13.390476514038658,15.280494979550872
565.85,12.096111294006043,13.426762974356972
565.9,12.365170561749697,13.889020071600237
565.95,14.997672043151775,14.046620502536665
566.0,13.645966512219472,12.95354339874937
566.0500000000001,13.118268977901575,13.618334430551187
566.1,11.1491226902813,13.835282640919345
566.15,11.857563844519277,14.04112021652667
566.2,5.410599900199514,12.921638942423783
566.25,5.038198336036029,11.474313461415296
566.3000000000001,7.588892707418374,10.23803425822399
566.35,11.268741021263931,9.368254456093277
566.4,8.19658991532155,7.710146620294447
566.45,8.935778228101524,8.398653780181553
566.5,9.991988588643116,8.950310843019436
566.5500000000001,6.683341239886508,7.506436278226406
566.6,10.563297933032825,7.689091952557874
566.65,9.260477390757272,8.076929607082771
566.7,11.612411560308132,6.964156321699631
566.75,10.370316545338008,7.835393076058738
566.8000000000001,10.57124192568918,8.943213189300861
566.85,8.579016377378542,10.055350283602245
566.9,10.640860196605404,10.656454150973538
566.95,7.518683021560231,10.276515436957798
567.0,10.308106646289628,9.533712192032016
567.0500000000001,8.494747206150542,8.902805327920884
567.1,9.940379995547016,7.821730388815084
567.15,9.81318886765606,6.444697628773191
567.2,12.128444745773107,7.856217457661623
567.25,11.799603956374437,8.583624885773549
567.3000000000001,9.948382460115198,9.498559362601146
567.35,10.56060192605307,8.813553150557652
567.4,11.114547169279486,10.004627955822341
567.45,9.976014423491804,10.182560270245899
567.5,8.071369529335536,9.045148404519512
567.5500000000001,9.019138462454777,7.301886331286273
567.6,10.08605545147397,8.433000698378208
567.65,13.552314236659768,8.67408383362374
567.7,13.6941482692838,8.916806629023387
567.75,13.642421032456538,11.827609539777105
567.8000000000001,14.397405202284528,14.388913813178526
567.85,9.944622171184667,15.631241658206356
567.9,8.978628989187648,15.726630293327315
567.95,8.599246914342306,15.324411839345967
568.0,10.869620017221346,12.444313189646461
568.0500000000001,10.90356993570429,10.29448626010784
568.1,9.300408508348172,8.169021899864012
568.15,9.063009792273288,7.474703792868459
568.2,5.562702436922679,8.40221065780042
568.25,7.751016389933279,9.194591476754452
568.3000000000001,7.762443850706851,9.205833448300943
568.35,9.772125082177563,9.152861894952572
568.4,11.508173574855537,9.6166018788342
568.45,11.008956721204678,8.40633401155317
568.5,11.79937367846784,11.324848124974237
568.5500000000001,10.681988903682967,13.229692232758177
568.6,10.989154192955958,16.228043150765558
568.65,7.978066887944985,16.10180304566606
568.7,11.88336311115119,14.585518915545581
568.75,12.799191692237304,12.236794696831026
568.8000000000001,11.545329827236062,14.146353178062327
568.85,10.875751883272631,12.635929883511107
568.9,10.89813752795407,12.217660482638012
568.95,12.97580132731674,13.861329818581765
569.0,10.650853104380008,13.71134522730303
569.0500000000001,8.368724977004275,10.019180044424527
569.1,9.460636832647324,9.403441153702438
569.15,7.670790512968948,8.666631766661023
569.2,7.620605247852159,8.923784084697504
569.25,8.36830783641421,7.774952496188014
569.3000000000001,10.563093210459648,8.387389839627653
569.35,10.341589755008885,10.864072476765315
569.4,8.370786939099679,12.104338543377654
569.45,8.435464981962951,11.959121725669727
569.5,8.961703246612092,13.863418409705591
569.5500000000001,8.599445069120883,13.185345679122271
569.6,11.17486940011998,10.104109010783462
569.65,9.087981654655962,9.83584056788495
569.7,7.27184115735782,9.406081107135343
569.75,9.112012408622258,8.299444528452954
569.8000000000001,8.163606411056044,9.517765790390865
569.85,7.777641790342303,9.871817832952322
569.9,10.37534617635698,9.602095098178912
569.95,11.787603133893684,10.186768343949831
570.0,12.563166615317916,10.750890134154623
570.0500000000001,10.375721420806082,10.256894769746921
570.1,10.875838400628489,10.84613079669448
570.15,13.3098445545899,10.623349675188878
570.2,15.456790230711862,10.179439202900786
570.25,14.795193393778469,9.81130052509806
570.3000000000001,14.613180433899403,10.784531028089503
570.35,12.202158500405318,11.16018569050655
570.4,9.581087878870724,11.696722669590745
570.45,8.904764280448223,12.880166769092986
570.5,9.261397622004065,11.794202194672176
570.5500000000001,6.583822361846561,10.938284317082676
570.6,4.114785841068422,8.748517328550438
570.65,3.169669921107981,7.360756022913402
570.7,6.030244711066365,4.689942687634777
570.75,8.991520896844948,5.056259176548517
570.8000000000001,7.681403325041709,4.468774640850524
570.85,5.9791233207473375,5.506655885057842
570.9,9.267051688365262,5.880411000991111
570.95,8.997375953473403,6.7791214986581165
571.0,5.5439168319558805,6.725674922445645
571.0500000000001,3.5432136174235875,7.4232184225870705
571.1,1.633170661521593,8.188136197773787
571.15,1.5706182541745264,7.513593537723292
571.2,2.4582148063217897,6.519540353521641
571.25,3.623772773066704,5.875900456649125
571.3000000000001,3.0049086730163896,4.878272185674864
571.35,2.611673452466606,3.374770748854999
571.4,3.1199890117255844,4.0977532264234435
571.45,3.509402677466773,4.881211022824196
571.5,3.5054950973972776,5.019784483118412
571.5500000000001,6.728673844331002,4.929898530755555
571.6,5.480790864497234,5.789146088522473
571.65,3.940768885610496,6.061318479971163
571.7,2.988526242463845,5.342079299273639
571.75,4.311895134899258,5.261216710489985
571.8000000000001,4.5963265339262245,5.77654838197342
571.85,5.4204504152065205,4.998587349446174
571.9,6.428821236219894,5.881449425894157
571.95,4.766635409563041,6.618052458839306
572.0,3.625621711080736,7.276578584179546
572.0500000000001,5.751648477755761,6.851408701551398
572.1,9.232747913014734,7.4794281037863986
572.15,7.339616993310942,8.771455516680783
572.2,8.870705357001782,8.357015639329077
572.25,11.869177281466651,8.245202493117672
572.3000000000001,9.115747186264874,9.524411306150128
572.35,7.225465998877831,8.537338269592276
572.4,8.713745988891668,6.1693897937491915
572.45,4.762139645317246,7.706264467521515
572.5,4.067631252415618,7.447524167028185
572.5500000000001,4.381270730584078,5.799676839755241
572.6,2.1278855281963094,7.4396663426795895
572.65,2.863480963785548,6.689327335982407
572.7,3.630815103823189,4.791695098424227
572.75,3.086888789888575,5.303084963458858
572.8000000000001,3.3564188703637616,6.053551726683958
572.85,4.424952721295568,4.857036652852499
572.9,8.248878958526062,5.251765201560753
572.95,9.831714973489731,7.08711061655621
573.0,13.5010752204607,7.958946347102771
573.0500000000001,12.422317011603988,8.666282498222065
573.1,13.93866157183436,10.899499878142592
573.15,15.934875153549305,13.880158059997834
573.2,14.064933429377575,13.569195826707483
573.25,9.201060527793768,13.475691082978804
573.3000000000001,10.36897017340528,13.077580270099752
573.35,8.516423606524226,11.14192201841774
573.4,6.278300548287086,8.024504610669666
573.45,4.172684416550552,8.010404795333972
573.5,6.399721545810877,5.965662360642401
573.5500000000001,7.719143914325158,5.493615430975768
573.6,11.136001113305758,6.144814551320196
573.65,8.68179320786532,8.652441257984163
573.7,6.378993977532992,10.49108444278173
573.75,3.611297676813044,11.098520475948066
573.8000000000001,1.758925810861082,10.832034459279846
573.85,1.8605321118286235,9.775521505720489
573.9,2.955547329743369,6.8480363010944
573.95,2.530793921797047,3.4358594981785737
574.0,2.075357521825692,2.8215920005266693
574.0500000000001,3.0893469696211238,2.4909504479589994
574.1,5.355957944815021,2.088809796338996
574.15,6.958273566658136,3.2520710606787606
574.2,5.570064144037243,5.755041712201705
574.25,6.35358792027587,5.728665730519076
574.3000000000001,8.472902905366384,7.177449921738354
574.35,8.587226429030727,10.019549631893776
574.4,10.43741984554613,10.343798324901613
574.45,7.25267944282341,9.325460059518736
574.5,7.331280727321615,11.621420649191096
574.5500000000001,6.749490873035884,11.048367619220587
574.6,6.128978279348528,9.76016842091807
574.65,10.131750678033628,10.30591151825292
574.7,6.446437409180659,10.854125113630044
574.75,9.367197983315323,10.104989767880564
574.8000000000001,7.892580730790142,10.285691866126564
574.85,6.515286836934243,9.918922064732099
574.9,8.378265644293325,8.389825295972571
574.95,8.325361138625288,7.013243351947821
575.0,8.239458599796068,6.8417792731539215
575.0500000000001,6.80010996042105,6.532754255750843
575.1,9.9407262859962,6.722796610320122
575.15,10.25227298314058,7.0597452095463
575.2,8.878353660895403,7.150250774904094
575.25,9.742180086010755,7.3149208008920485
575.3000000000001,7.611455002103634,7.582391333545592
575.35,7.04480516342055,7.496310172438096
575.4,6.447091913004402,7.614637813077554
575.45,7.557955358381789,8.33608139124763
575.5,7.711670642764539,7.580001090059141
575.5500000000001,16.354468396646013,6.548020650672694
575.6,11.300518435199098,7.689640278816309
575.65,12.9902773139623,9.46119756489767
575.7,13.4439281638522,13.310491589611827
575.75,17.509577326208458,14.132467786078639
575.8000000000001,20.477268089386044,15.099829018229592
575.85,20.497313381930965,15.468282735463832
575.9,23.18966058202249,13.120084591463367
575.95,21.27620799155485,10.575241200337596
576.0,20.75525354278316,12.241577866111069
576.0500000000001,21.23795997659045,13.169518624677952
576.1,20.633357892436795,13.648405110646648
576.15,15.864599379849974,14.129111912878196
576.2,14.785975318350127,13.943818945277261
576.25,17.722571577405528,13.266115019624053
576.3000000000001,18.88941602412778,13.119320938166865
576.35,21.86978642090104,14.864893923223386
576.4,21.418700355298643,18.127299169941974
576.45,24.00043582919566,18.49849514880215
576.5,20.35940110749737,18.83189696823731
576.5500000000001,19.977195217957263,21.001989406882394
576.6,22.812677577000915,21.89677466271832
576.65,20.62268666016166,20.020476193813693
576.7,24.67865463526228,18.58168670829315
576.75,22.13104500967997,20.318531950074707
576.8000000000001,21.797826324127744,20.133175422059267
576.85,16.852802323977095,17.08239853581307
576.9,15.692731384757396,17.319949969982382
576.95,16.165260930444624,18.173964267729495
577.0,18.13990311518558,17.153286963050004
577.0500000000001,18.156444877324585,16.55539457194061
577.1,15.518656621462414,18.060326512792162
577.15,21.165879807291507,20.05160987048091
577.2,19.22755604236399,20.392980087297033
577.25,21.511706084709047,18.667029821449134
577.3000000000001,22.946695377774084,18.968823530156445
577.35,19.947255979121856,18.7131868566163
577.4,23.40074345677502,15.389884045488472
577.45,20.362586099951347,16.826384629826915
577.5,16.75532312901655,16.948014744423084
577.5500000000001,15.221567578517863,15.397956753805845
577.6,14.837268324541606,13.97681296879838
577.65,14.02019301465776,16.67926171923206
577.7,18.688986403238392,13.678698475180482
577.75,19.278104605302698,13.982324473101244
577.8000000000001,16.458662534099016,14.581018683800737
577.85,13.27898498915594,15.138957101757725
577.9,12.074362678070418,12.227766733691249
577.95,13.034428099168991,13.43236081251757
578.0,7.594340448465956,14.72405389011651
578.0500000000001,12.869904398750313,13.06565398056148
578.1,12.32245044179215,11.485783940127346
578.15,11.24394349067558,13.300736935916438
578.2,16.636444534051467,12.147472824884167
578.25,17.696282227268384,10.137903963885098
578.3000000000001,16.212789957583116,11.126364956688656
578.35,19.72446006895988,12.115618131078767
578.4,22.1436164419426,11.493314963292562
578.45,20.855423902214405,12.449383609340057
578.5,17.42236822743505,13.05226593715946
578.5500000000001,16.114498523903524,13.860208090691007
578.6,15.332457454157469,15.60555227501224
578.65,15.070913402329614,14.893697645237092
578.7,14.470577026025351,14.765174561735371
578.75,12.9708205354736,13.722195842250905
578.8000000000001,13.154022426834045,12.827024010214917
578.85,13.530465936223674,9.395652063921219
578.9,10.809768729311328,10.826439755517033
578.95,10.17055616914526,9.211633615063949
579.0,12.112864853972196,9.473943647231565
579.0500000000001,9.82833232075632,9.507164360649373
579.1,11.338457843926474,9.962352547960068
579.15,7.890608109754485,9.06852223141232
579.2,6.1564679978643735,9.787614813506133
579.25,6.350026820002408,8.741759671404646
579.3000000000001,10.664939120075813,7.688992482223636
579.35,9.050091144108762,8.312326295756192
579.4,8.647040616801199,6.454193467894653
579.45,10.257402445680956,6.193239470047104
579.5,9.549898921623036,6.133309991177581
579.5500000000001,9.592157914547698,6.783247935069976
579.6,14.305199330020958,4.722818850197187
579.65,12.428313448812304,7.138719801748175
579.7,13.964584826966991,7.554521702087284
579.75,13.959233170157631,9.67592229187434
579.8000000000001,15.112943006962952,9.156049519508988
579.85,14.155275637432933,12.55447596477893
579.9,14.160834079865682,11.926825018822262
579.95,11.13754162350678,13.111154316163843
580.0,11.417907876860747,11.434590512031402
580.0500000000001,10.303871975003812,11.368699046775149
580.1,13.107559760406655,9.78932270680111
580.15,12.923898850432083,10.314937004400392
580.2,14.49939238880064,10.262913696405827
580.25,16.547697225860833,12.938940505867942
580.3000000000001,19.1162720762239,15.934894394896236
580.35,21.66475651405472,15.83530839374549
580.4,17.781409854439293,17.66386078300277
580.45,15.92015533972899,16.661802404935
580.5,19.62458454857337,14.979167475177725
580.5500000000001,17.028040303608826,13.442058123426204
580.6,17.95828986977966,14.258344848867633
580.65,18.872804131584164,11.430125591304853
580.7,20.754427524422223,12.632594412974118
580.75,21.28375508416541,12.961279801037533
580.8000000000001,18.00650743524985,15.814958735402534
580.85,20.82453776784021,14.815885382870244
580.9,15.8448135515674,17.18395621153232
580.95,14.18429000139448,17.213914181743377
581.0,11.651729955090389,16.995464284958302
581.0500000000001,11.489864290189676,12.689144288998344
581.1,13.55753559966583,13.087813594390223
581.15,13.678661943333124,12.248854404397518
581.2,12.249978149333208,11.969300631421113
581.25,15.64697495865624,12.683919723751838
581.3000000000001,15.583757326131089,12.935621182688498
581.35,14.388954291364708,12.13657335725704
581.4,14.007617774616886,11.783009593205103
581.45,12.57888157502782,11.087950015296204
581.5,11.066025627411218,10.945871598068534
581.5500000000001,9.817125056610973,10.42553093733557
581.6,7.821764178191141,10.614522184512575
581.65,5.031855076120423,9.966339109161146
581.7,4.773934554322348,8.458656676159451
581.75,2.4743318598228883,6.761902311069776
581.8000000000001,1.8492022758282824,6.943103321749961
581.85,1.9768141948604985,6.099690976567427
581.9,1.844488223199269,4.3443045091121375
581.95,1.5464605999363152,4.595376161964762
582.0,2.338521854084365,4.235801705093972
582.0500000000001,3.185041301004775,3.4697226973693756
582.1,0.7277806197979434,3.875732369526637
582.15,1.0669115469244104,4.141026376967839
582.2,1.140418778525024,3.8152109879334875
582.25,1.3381987874393264,3.4893935752523246
582.3000000000001,1.7456046993490937,3.630181903737885
582.35,1.680002628718419,2.8922810028600665
582.4,1.8197382129813235,3.2290206806749744
582.45,1.6002902050733012,3.094932464047192
582.5,1.1041235610814415,3.1015656039142474
582.5500000000001,1.8223046617968823,2.9973813727850285
582.6,1.8595849553410364,2.9226199458508386
582.65,2.4835930224120006,2.2730846122178754
582.7,3.228253885225768,2.1232372089495044
582.75,4.338842191020418,2.3921128630081068
582.8000000000001,4.202925378194705,2.8058362852251024
582.85,5.251829409728681,3.5212773185837216
582.9,5.411208201486688,3.9179704838490172
582.95,4.702079465314427,4.874646265677131
583.0,5.58841722706394,5.73510959093325
583.0500000000001,6.61928756394896,5.328900528534716
583.1,6.739809146264983,5.71603780098589
583.15,6.5559658584130815,5.91653917580699
583.2,6.206977969572269,9.176188919347972
583.25,4.828788653824674,8.908160260931924
583.3000000000001,4.216790240735072,9.408309205099776
583.35,7.551592313533311,9.869030735097837
583.4,7.60772655011101,9.613530525940382
583.45,8.467104260126947,6.123075773116143
583.5,7.442082024510863,6.475050908235776
583.5500000000001,6.654945468886322,5.972845819647138
583.6,7.769619253348636,5.04843513462313
583.65,7.90612679584611,6.121992356492101
583.7,10.128216751653468,7.156125047427501
583.75,11.500849413684112,8.648394420726174
583.8000000000001,12.537546315283455,10.660711096265791
583.85,13.29956351295418,11.734105421861976
583.9,13.999822243474592,12.85141038529007
583.95,11.719446262985754,13.83631094563237
584.0,9.542704240693377,13.229999917009401
584.0500000000001,10.084542303185412,12.085178565905732
584.1,13.890492040791806,11.566604068385802
584.15,15.80043201044746,12.195241083979582
584.2,13.197547509681833,10.797771794159582
584.25,11.271703889106169,9.37737004690854
584.3000000000001,11.5879125070422,9.817828676355656
584.35,10.751362046766369,10.387173954739506
584.4,10.081364117496513,7.497580954125549
584.45,12.13516193082632,7.365171601984204
584.5,13.280480673562566,8.58571836160323
584.5500000000001,14.27213196368304,8.767980410991711
584.6,16.097907831098006,8.927312696418369
584.65,19.594805803507384,15.415067569406835
584.7,21.30503489521512,15.979791747734872
584.75,18.065680741619364,18.1410181503622
584.8000000000001,14.811926979493355,19.659183041557153
584.85,16.47140290402845,21.772177350479367
584.9,14.034259584899075,18.637040357017522
584.95,16.514703811699725,18.246165891804992
585.0,17.845128719491804,15.839308451513089
585.0500000000001,13.604678760509284,14.833598229617944
585.1,12.949033294511477,12.249317948485345
585.15,9.86208792397377,10.038202161475446
585.2,9.161747564916224,10.317976152742114
585.25,11.679413550634845,9.46779258314957
585.3000000000001,10.024028715317655,8.217255993672552
585.35,10.8941276607722,7.412763862614708
585.4,6.757403684116784,7.100557179804127
585.45,6.231127257496964,5.685724118389504
585.5,8.525224014085643,6.057581986330013
585.5500000000001,9.25880254726498,6.403798974423756
585.6,11.641160942965016,9.209917051157191
585.65,10.365901120277162,10.407119302297433
585.7,6.515090576706536,11.615948785795911
585.75,5.706824202939296,11.772936219255783
585.8000000000001,4.94717330309362,10.692045115187817
585.85,2.952932786753049,7.816344613192811
585.9,3.1472942965122277,5.89996036026635
585.95,3.5890038540552904,6.048907433685914
586.0,3.268744936272026,4.799777711279567
586.0500000000001,2.3126830207203373,4.790408869194685
586.1,1.5350669439581566,4.170378358095415
586.15,1.7835819797020906,4.078717311146389
586.2,2.454008089363829,2.824111806323092
586.25,3.348042398774289,3.1114899140677625
586.3000000000001,1.6577744432249322,3.5592602798177158
586.35,1.569351626511127,3.887172478034371
586.4,2.109013114509314,3.9925699688057747
586.45,3.376710373348559,4.257527843964553
586.5,7.242109183253269,4.1024690645344535
586.5500000000001,6.567807140207975,3.7472166607668917
586.6,6.236399088687977,3.834323040982622
586.65,6.786692151211484,4.5798665333616775
586.7,7.256670534378848,4.699688017596002
586.75,4.944787336356671,5.9656959785457895
586.8000000000001,6.502725721741948,6.309374567979639
586.85,8.741940606195703,7.390495183875284
586.9,9.157051459073584,8.694476217029594
586.95,7.324899785550299,8.766376816613977
587.0,4.421853312344103,8.363431221182196
587.0500000000001,2.201804204320656,8.40600881047421
587.1,3.1863059374571523,7.267819052958733
587.15,7.322991968097526,5.098241574459853
587.2,7.18895331926127,4.895242562666891
587.25,7.6065539408646705,4.199202539579315
587.3000000000001,5.062978958771941,4.591963791939847
587.35,2.6922369269670763,4.962962524405396
587.4,2.4765240546033414,4.654680620106201
587.45,2.66166056001457,4.364704367333109
587.5,2.575338232099912,5.054873040282409
587.5500000000001,2.709434034036683,4.697689865593418
587.6,1.2688021400697775,4.754277275509914
587.65,1.3520120513204066,5.592924406674687
587.7,0.5711117479171142,5.571577948533196
587.75,0.8212686944189481,5.5615060328329555
587.8000000000001,1.377512181933226,5.189561659991066
587.85,1.361847359725623,4.823749554965744
587.9,4.095793089937429,4.382691066169542
587.95,4.420618556431102,4.705654275659626
588.0,5.467137592852229,4.9062004117177525
588.0500000000001,5.769165163051468,5.669123645203117
588.1,4.369907803219892,5.577996527434535
588.15,5.598814996683704,5.964555203827847
588.2,4.896695310073625,6.042177904691417
588.25,4.039859594143163,5.29401604779755
588.3000000000001,2.799045913804368,4.48382192340514
588.35,3.789366901017391,4.613872388153306
588.4,5.965460483412532,5.214652361823481
588.45,8.61976734198943,6.406417338666723
588.5,4.936994419772151,8.020790805676823
588.5500000000001,4.275680265924271,8.333103129026604
588.6,2.9440382286169773,8.931568100044284
588.65,3.864269317754309,7.5007607391585465
588.7,3.945720270525516,5.571047267851706
588.75,4.914405852338252,4.049562312491906
588.8000000000001,4.400171781071925,3.7483019533787507
588.85,6.2926328207673485,3.3690990519748185
588.9,6.460881666560988,4.530870606909874
588.95,7.1219748547698725,6.442349569184962
589.0,8.873119888973587,8.242482394796234
589.0500000000001,6.6922452898744975,8.958807624638863
589.1,9.422714511978864,10.543452428456824
589.15,9.542808557615588,10.687707617197367
589.2,9.177837447690877,9.225879709088765
589.25,10.397510739885403,9.550981335715944
589.3000000000001,10.47973345542084,9.560108452669162
589.35,7.72957783388096,9.176647375376653
589.4,9.397920645727458,10.916383238074491
589.45,9.273415021744604,11.529261550889153
589.5,10.579397568154704,11.27973380546791
589.5500000000001,11.419265611301682,12.428720611411118
589.6,11.33112637044974,13.210319635927117
589.65,9.75886962894103,12.46344235526725
589.7,10.910497093439028,13.229931833712584
589.75,7.8650710293168595,12.24357342978877
589.8000000000001,10.3680156202855,11.029792663023146
589.85,10.009883724016404,9.145060168312781
589.9,12.313187009682371,8.261952162051845
589.95,14.191704547146172,8.962263323784459
590.0,12.017421770234638,8.605186868821445
590.0500000000001,10.954411113061266,9.505518865370718
590.1,11.03535486701794,11.38628155110181
590.15,13.987375170633864,11.548432094019443
590.2,16.56186991995237,10.35018198113349
590.25,20.016916769016184,11.497743824214986
590.3000000000001,22.44949987960832,13.195861418521352
590.35,21.44862601380566,14.2285653371242
590.4,18.376038716940048,14.061133100515512
590.45,15.219300315684483,17.39760516992259
590.5,13.153779127221476,16.444559788688856
590.5500000000001,14.740710803693576,13.064052011129295
590.6,15.21009634125047,11.13041157832041
590.65,18.005704236684362,10.451873890529606
590.7,16.630379389523846,9.307064626284962
590.75,18.827916591178845,10.133379955987625
590.8000000000001,21.62290938180369,12.00032033715163
590.85,22.57203597316656,12.991304091199867
590.9,23.89757746382,18.103914384953494
590.95,24.41175729265732,15.93712756158337
591.0,22.977668957143987,18.24736471129608
591.0500000000001,18.721771438760967,19.083923559118976
591.1,17.92742412030244,19.62610024783561
591.15,16.689307115054646,16.253101408639456
591.2,18.42179133994348,18.2450368194139
591.25,19.373633146567855,16.44905555920062
591.3000000000001,19.44335351831331,16.727465395043478
591.35,15.582656716250284,16.905321223351862
591.4,11.370590832193074,16.79315062824047
591.45,15.197069061239366,15.235931271432754
591.5,17.917839784343947,15.279383176355223
591.5500000000001,15.309605455142613,14.704295236324315
591.6,11.056788787401846,12.440186638178643
591.65,11.519062859529598,12.135227307706623
591.7,11.357742640164776,11.441459060883753
591.75,12.224240350939146,10.466946118881213
591.8000000000001,12.336487953003749,9.71331077745454
591.85,8.544172249635656,9.662659690850578
591.9,5.965572390379392,9.48697306821724
591.95,7.535423955652656,8.434939298054632
592.0,8.59348853686653,7.380584649045039
592.0500000000001,7.785657494067808,8.24345833836371
592.1,6.53654934992333,7.914843386356286
592.15,8.347833019408116,7.906185527205268
592.2,6.446750606718603,9.762108543877474
592.25,7.743265145597225,10.415798129320365
592.3000000000001,9.105137128639097,9.126603772285248
592.35,9.449597240826408,9.981230629145635
592.4,10.433381401082498,9.657145198236558
592.45,9.034841808834251,7.764864437171118
592.5,8.160680277003413,8.225065202174255
592.5500000000001,9.56225488356013,7.457072473824217
592.6,9.688368951840204,8.10603117663051
592.65,11.575520861502516,9.264878073431797
592.7,13.579290834437872,11.70478821142938
592.75,10.833137886901996,10.909188701271518
592.8000000000001,10.21709063009763,12.041032887494065
592.85,9.91703236191839,12.794195411337945
592.9,13.192434828759342,10.825653364281191
592.95,8.327076984565577,11.73919483275776
593.0,9.121293777144045,13.084186356100599
593.0500000000001,7.809519387630843,14.044467528715817
593.1,7.433376285945881,11.64436274373951
593.15,7.192775956444217,11.806491271302567
593.2,5.341260854581993,8.913604046233784
593.25,6.131983819034009,7.191953753587809
593.3000000000001,6.4690184960118655,5.339509151019141
593.35,8.433497085193272,5.78686503006454
593.4,5.821567990644916,6.421157310928166
593.45,5.40725447514226,7.829348875214694
593.5,2.61334047918484,7.909124665434138
593.5500000000001,2.6904631907208203,7.610307492191084
593.6,4.573846364288879,7.283451460848523
593.65,4.39306511178683,6.136981136803463
593.7,3.8161625182992585,4.610121956953686
593.75,5.60573081272622,3.8894174477904535
593.8000000000001,7.653901220069446,4.331978993618842
593.85,6.91651198930359,6.539487638422308
593.9,7.236043132825541,6.623380749294132
593.95,4.444403284440075,7.623949595271995
594.0,3.710379347695555,8.385804312868963
594.0500000000001,4.6380906056426605,8.683950828695973
594.1,6.15446147334282,7.464636066826915
594.15,6.346069576275536,7.807123790867418
594.2,7.28269080098262,7.1244949100012
594.25,5.677537425382087,9.53529902671868
594.3000000000001,5.752639978169755,8.598241054210742
594.35,7.954246463417309,8.189918437231881
594.4,7.350940315472372,8.542222807540758
594.45,6.627405472578495,10.342002799290107
594.5,6.314577803518838,8.196680060711099
594.5500000000001,10.037406985098912,8.355024156429508
594.6,9.956643807424747,9.926531303263166
594.65,15.28461133430514,10.609321957361814
594.7,12.697529105430178,11.155853883373988
594.75,12.877650207685472,12.640640509673648
594.8000000000001,11.713639789805669,14.783416624497805
594.85,12.23014700367506,14.402334280424519
594.9,12.235989798978434,16.944534012328432
594.95,12.297262327716291,16.241428502069176
595.0,13.872780552973236,14.849606701753135
595.0500000000001,13.704491373018918,13.718774919425472
595.1,15.49670670352898,14.056005882709625
595.15,15.296260330053087,11.7115203802319
595.2,15.58725762816875,11.858852565911292
595.25,15.625046722871147,12.366816075606062
595.3000000000001,14.433039953404908,12.656913449502747
595.35,13.216723031120615,12.392399348551102
595.4,13.124552930294715,12.99617490925587
595.45,18.16506928640604,11.918125751017168
595.5,16.16616890116585,12.181594777435265
595.5500000000001,13.197871865079533,13.079638868985356
595.6,14.1449517821142,11.894383725169112
595.65,19.842572112812963,11.37058791468308
595.7,15.485827555822231,15.179927300580115
595.75,13.398825813697822,15.608480562987411
595.8000000000001,14.550450199192516,15.301971334754048
595.85,15.756318125209695,16.157159344345335
595.9,14.6932175646383,16.152609669237805
595.95,16.010734836488854,13.151919725920754
596.0,16.863141847570184,13.530754619997902
596.0500000000001,16.685223467240764,14.095277130755726
596.1,18.883103662457835,14.05405971286862
596.15,19.790766518425293,13.06197500358295
596.2,21.37927483077013,12.881075890159606
596.25,22.177587060004186,14.00467378084657
596.3000000000001,20.783972802768357,15.744949570849952
596.35,17.965304300166768,17.15389832580513
596.4,16.164354058001237,19.22999101663636
596.45,16.962730416527464,20.39982958879456
596.5,16.557713290992215,18.947869463515616
596.5500000000001,14.908655080643396,17.914415622508265
596.6,18.61466215501349,18.012285259190698
596.65,16.61846885915493,17.760752729317446
596.7,14.500798811489933,17.551282871712942
596.75,15.157551952264988,16.58258743578723
596.8000000000001,18.838981149230484,15.296763013653294
596.85,20.41329493106218,13.535720126901507
596.9,18.345327787831845,13.209637735500102
596.95,15.347569733812996,13.484000938753885
597.0,16.256376299387984,13.256708945737005
597.0500000000001,18.336440966921995,13.761266386951997
597.1,17.857834663815858,14.713089212691454
597.15,18.154049071161523,16.020125782690393
597.2,16.22288805688306,16.051073057604324
597.25,14.538325954899316,15.918013406741679
597.3000000000001,15.790491817990024,15.156257809995314
597.35,14.051503693353444,16.92417117634077
597.4,11.28458450843928,16.198131742251622
597.45,12.142553951054207,13.790945731588563
597.5,11.588286920588338,13.962611892547798
597.5500000000001,12.19633069024669,12.11803997032626
597.6,12.191040953143336,10.674024222847377
597.65,12.263722205138157,8.58387214853411
597.7,11.36805592996438,10.202153752961932
597.75,9.687896130831012,10.810965298929368
597.8000000000001,13.59481202250805,12.455660691879515
597.85,12.258166710680992,10.34791334087971
597.9,13.396013939806974,11.543671948102629
597.95,11.4681213514265,11.467315915499174
598.0,12.736125951845391,10.691457289913423
598.0500000000001,11.015749971134476,9.276873647543209
598.1,11.30615617933216,9.952159605369
598.15,15.325674237177235,10.44289711346538
598.2,13.431842593477606,10.326589775131195
598.25,17.090330077828497,10.979249390720302
598.3000000000001,17.586074981727464,11.405834704245796
598.35,16.515953045022435,12.501391654553379
598.4,14.59975001971178,13.920060131903174
598.45,15.961143830900594,14.079338503657443
598.5,13.280897923096903,15.793143102496355
598.5500000000001,12.449730142620464,16.017639363071897
598.6,11.784017404336591,13.969608913756772
598.65,12.055626793706477,11.9771848564708
598.7,7.035680391374635,11.526550125795831
598.75,7.452144826018602,8.745471490661442
598.8000000000001,10.834059951030458,9.136487854682898
598.85,11.892522524385962,9.152453028265684
598.9,10.857788585926622,8.998131709410263
598.95,9.543237876281662,8.370357684077426
599.0,7.9230445929047235,9.331086411062504
599.0500000000001,6.793649820741456,8.741793446528307
599.1,7.625693900639705,8.629889234748306
599.15,8.697275382465183,8.020460446397475
599.2,5.353286087249334,8.172492267265445
599.25,4.828784132655063,6.557754829865637
599.3000000000001,7.10747722337724,5.458964415928968
599.35,4.946109507573717,5.5852001565142535
599.4,2.9176758684899413,4.574865197110252
599.45,3.673018411213344,3.4144250989770537
599.5,3.917116384118023,4.629891671510029
599.5500000000001,3.801811847471509,4.68469673102616
599.6,5.554992491106127,3.771047908738585
599.65,6.452538880266435,5.006362441033785
599.7,8.014059389511058,5.7068027759063185
599.75,5.924280399469203,5.631454143171583
599.8000000000001,5.330787479756389,7.003420865438628
599.85,6.2439533971953445,7.327527213938273
599.9,4.830390420888386,6.722036651504311
599.95,5.902282132744155,6.844860252854686
