spike_source,source,feature_type,decode_window_s,update_dt_s,n_units,manifold_type,manifold_grouping,manifold_n_components,actual_n_features,explained_variance_ratio,manifold_transform_path,target_name,target_family,decoder_name,n_train_samples,n_test_samples,primary_metric,mean_position_error_cm,median_position_error_cm,p90_position_error_cm,r2_x,r2_y,r2,correlation,mae,rmse,mean_circular_error_deg,median_circular_error_deg,p90_circular_error_deg,mae_cm,rmse_cm,accuracy,balanced_accuracy,macro_f1,confusion_matrix,class_labels
sorted,sorted,counts,0.05,0.05,200,none,,,200,,outputs/ratinabox_003/decoder_comparison/sorted/models/manifold_transforms/counts_w0050ms,position,continuous,ridge,8399,3600,mean_position_error_cm,25.022267812625472,23.471199527998635,43.02775141119695,0.6035972158152237,0.6469032367682186,,,,,,,,,,,,,,
sorted,sorted,counts,0.05,0.05,200,none,,,200,,outputs/ratinabox_003/decoder_comparison/sorted/models/manifold_transforms/counts_w0050ms,position,continuous,pca_ridge,8399,3600,mean_position_error_cm,24.990574483772814,23.32820357743038,43.02807338079306,0.6045015320659954,0.6469868562251643,,,,,,,,,,,,,,
sorted,sorted,counts,0.05,0.05,200,none,,,200,,outputs/ratinabox_003/decoder_comparison/sorted/models/manifold_transforms/counts_w0050ms,position,continuous,random_forest_regressor,8399,3600,mean_position_error_cm,29.94244835149382,27.800867085353943,51.6108428037705,0.44316682367525184,0.475079105882515,,,,,,,,,,,,,,
sorted,sorted,counts,0.05,0.05,200,none,,,200,,outputs/ratinabox_003/decoder_comparison/sorted/models/manifold_transforms/counts_w0050ms,position,continuous,bayesian_place_decoder,8399,3600,mean_position_error_cm,20.38695468600581,15.564777210971473,42.96336828432055,0.5743942274064858,0.7504295215006873,,,,,,,,,,,,,,
sorted,sorted,counts,0.05,0.05,200,none,,,200,,outputs/ratinabox_003/decoder_comparison/sorted/models/manifold_transforms/counts_w0050ms,speed,continuous,ridge,8399,3600,r2,,,,,,0.40169490718205947,0.6392572559935491,3.270207814187637,4.177018583298662,,,,,,,,,,
sorted,sorted,counts,0.05,0.05,200,none,,,200,,outputs/ratinabox_003/decoder_comparison/sorted/models/manifold_transforms/counts_w0050ms,speed,continuous,pca_ridge,8399,3600,r2,,,,,,0.4035490716664547,0.6402961598739525,3.2637828582554933,4.170541211371676,,,,,,,,,,
sorted,sorted,counts,0.05,0.05,200,none,,,200,,outputs/ratinabox_003/decoder_comparison/sorted/models/manifold_transforms/counts_w0050ms,speed,continuous,random_forest_regressor,8399,3600,r2,,,,,,0.330689730717486,0.6079270163848772,3.468674371021315,4.417929709582962,,,,,,,,,,
sorted,sorted,counts,0.05,0.05,200,none,,,200,,outputs/ratinabox_003/decoder_comparison/sorted/models/manifold_transforms/counts_w0050ms,acceleration,continuous,ridge,8399,3600,r2,,,,,,-0.00045773993045883365,0.10436045509947531,32.10919925933182,42.103998690006144,,,,,,,,,,
sorted,sorted,counts,0.05,0.05,200,none,,,200,,outputs/ratinabox_003/decoder_comparison/sorted/models/manifold_transforms/counts_w0050ms,acceleration,continuous,pca_ridge,8399,3600,r2,,,,,,0.0020266380767678394,0.10640564697725523,32.06459184219844,42.05168900060363,,,,,,,,,,
sorted,sorted,counts,0.05,0.05,200,none,,,200,,outputs/ratinabox_003/decoder_comparison/sorted/models/manifold_transforms/counts_w0050ms,acceleration,continuous,random_forest_regressor,8399,3600,r2,,,,,,0.011752919450519705,0.10861460690086733,31.75547585890579,41.84626869133244,,,,,,,,,,
sorted,sorted,counts,0.05,0.05,200,none,,,200,,outputs/ratinabox_003/decoder_comparison/sorted/models/manifold_transforms/counts_w0050ms,head_direction,continuous,ridge,8399,3600,mean_circular_error_deg,,,,,,,,,,29.094234021313437,21.667985729268743,60.68629334249843,,,,,,,
sorted,sorted,counts,0.05,0.05,200,none,,,200,,outputs/ratinabox_003/decoder_comparison/sorted/models/manifold_transforms/counts_w0050ms,head_direction,continuous,pca_ridge,8399,3600,mean_circular_error_deg,,,,,,,,,,29.136918007514954,21.59613999152948,61.69865777456517,,,,,,,
sorted,sorted,counts,0.05,0.05,200,none,,,200,,outputs/ratinabox_003/decoder_comparison/sorted/models/manifold_transforms/counts_w0050ms,head_direction,continuous,random_forest_regressor,8399,3600,mean_circular_error_deg,,,,,,,,,,34.20605436779317,25.398941064330153,73.69062968280151,,,,,,,
sorted,sorted,counts,0.05,0.05,200,none,,,200,,outputs/ratinabox_003/decoder_comparison/sorted/models/manifold_transforms/counts_w0050ms,distance_to_wall,continuous,ridge,8399,3600,r2,,,,,,0.2767975246801352,0.5853787007473102,,,,,,5.679501715329712,7.178807292887616,,,,,
sorted,sorted,counts,0.05,0.05,200,none,,,200,,outputs/ratinabox_003/decoder_comparison/sorted/models/manifold_transforms/counts_w0050ms,distance_to_wall,continuous,pca_ridge,8399,3600,r2,,,,,,0.2760070498166961,0.584979273022392,,,,,,5.679711478383383,7.182729511853758,,,,,
sorted,sorted,counts,0.05,0.05,200,none,,,200,,outputs/ratinabox_003/decoder_comparison/sorted/models/manifold_transforms/counts_w0050ms,distance_to_wall,continuous,random_forest_regressor,8399,3600,r2,,,,,,0.23735241909274585,0.5207252294131147,,,,,,5.533121968361159,7.371982436947498,,,,,
sorted,sorted,counts,0.05,0.05,200,none,,,200,,outputs/ratinabox_003/decoder_comparison/sorted/models/manifold_transforms/counts_w0050ms,distance_to_wall,continuous,bayesian_place_decoder,8399,3600,r2,,,,,,-0.16769737450654,0.47779854151610135,,,,,,6.149575460422781,9.121945963228777,,,,,
sorted,sorted,counts,0.05,0.05,200,none,,,200,,outputs/ratinabox_003/decoder_comparison/sorted/models/manifold_transforms/counts_w0050ms,spatial_context,categorical,logistic_regression,8399,3600,balanced_accuracy,,,,,,,,,,,,,,,0.5783333333333334,0.6185162314044302,0.5794423984445175,"[[423, 25, 104], [170, 836, 562], [309, 348, 823]]","['center', 'corner', 'wall']"
sorted,sorted,counts,0.05,0.05,200,none,,,200,,outputs/ratinabox_003/decoder_comparison/sorted/models/manifold_transforms/counts_w0050ms,spatial_context,categorical,random_forest_classifier,8399,3600,balanced_accuracy,,,,,,,,,,,,,,,0.5325,0.5793850305496269,0.5309564390059804,"[[418, 46, 88], [232, 842, 494], [378, 445, 657]]","['center', 'corner', 'wall']"
sorted,sorted,counts,0.05,0.05,200,none,,,200,,outputs/ratinabox_003/decoder_comparison/sorted/models/manifold_transforms/counts_w0050ms,spatial_context,categorical,bayesian_place_decoder_derived_context,8399,3600,balanced_accuracy,,,,,,,,,,,,,,,0.5575,0.5652996607965551,0.5422522776994364,"[[328, 147, 77], [292, 815, 373], [228, 476, 864]]","['center', 'wall', 'corner']"
sorted,sorted,counts,0.05,0.05,200,none,,,200,,outputs/ratinabox_003/decoder_comparison/sorted/models/manifold_transforms/counts_w0050ms,movement_state,categorical,logistic_regression,8399,3600,balanced_accuracy,,,,,,,,,,,,,,,0.5591666666666667,0.5638129615599614,0.4619084851837931,"[[1225, 473, 127], [422, 708, 509], [2, 54, 80]]","['fast', 'slow', 'still']"
sorted,sorted,counts,0.05,0.05,200,none,,,200,,outputs/ratinabox_003/decoder_comparison/sorted/models/manifold_transforms/counts_w0050ms,movement_state,categorical,random_forest_classifier,8399,3600,balanced_accuracy,,,,,,,,,,,,,,,0.5747222222222222,0.5745062993311861,0.46914847267820203,"[[1367, 387, 71], [580, 621, 438], [8, 47, 81]]","['fast', 'slow', 'still']"
sorted,sorted,counts,0.05,0.05,200,none,,,200,,outputs/ratinabox_003/decoder_comparison/sorted/models/manifold_transforms/counts_w0050ms,wall_distance_bin,categorical,logistic_regression,8399,3600,balanced_accuracy,,,,,,,,,,,,,,,0.65,0.6526152494440022,0.5375953125664724,"[[118, 41, 6], [145, 419, 162], [145, 761, 1803]]","['center', 'middle', 'near_wall']"
sorted,sorted,counts,0.05,0.05,200,none,,,200,,outputs/ratinabox_003/decoder_comparison/sorted/models/manifold_transforms/counts_w0050ms,wall_distance_bin,categorical,random_forest_classifier,8399,3600,balanced_accuracy,,,,,,,,,,,,,,,0.6797222222222222,0.6184055393357718,0.5415209816448124,"[[101, 51, 13], [136, 374, 216], [99, 638, 1972]]","['center', 'middle', 'near_wall']"
sorted,sorted,counts,0.05,0.05,200,none,,,200,,outputs/ratinabox_003/decoder_comparison/sorted/models/manifold_transforms/counts_w0050ms,wall_distance_bin,categorical,bayesian_place_decoder_derived_context,8399,3600,balanced_accuracy,,,,,,,,,,,,,,,0.6575,0.5343028594614219,0.49957384113819486,"[[1890, 740, 79], [236, 424, 66], [25, 87, 53]]","['near_wall', 'middle', 'center']"
sorted,sorted,global_pca,0.05,0.05,200,pca,,3.0,3,"[0.03268634690082246, 0.024071277342842205, 0.0198235916655465]",outputs/ratinabox_003/decoder_comparison/sorted/models/manifold_transforms/global_pca_k3_w0050ms,position,continuous,ridge,8399,3600,mean_position_error_cm,32.14524034255936,31.312876030536636,51.44828513691948,0.3559221754086792,0.4756111516696898,,,,,,,,,,,,,,
sorted,sorted,global_pca,0.05,0.05,200,pca,,3.0,3,"[0.03268634690082246, 0.024071277342842205, 0.0198235916655465]",outputs/ratinabox_003/decoder_comparison/sorted/models/manifold_transforms/global_pca_k3_w0050ms,position,continuous,pca_ridge,8399,3600,mean_position_error_cm,32.14524034255937,31.3128760305367,51.448285136919466,0.35592217540867865,0.47561115166969015,,,,,,,,,,,,,,
sorted,sorted,global_pca,0.05,0.05,200,pca,,3.0,3,"[0.03268634690082246, 0.024071277342842205, 0.0198235916655465]",outputs/ratinabox_003/decoder_comparison/sorted/models/manifold_transforms/global_pca_k3_w0050ms,position,continuous,random_forest_regressor,8399,3600,mean_position_error_cm,30.522685561930185,28.04486630287377,55.00618987995536,0.31197168727906854,0.5081907424244503,,,,,,,,,,,,,,
sorted,sorted,global_pca,0.05,0.05,200,pca,,3.0,3,"[0.03268634690082246, 0.024071277342842205, 0.0198235916655465]",outputs/ratinabox_003/decoder_comparison/sorted/models/manifold_transforms/global_pca_k3_w0050ms,position,continuous,bayesian_place_decoder,8399,3600,mean_position_error_cm,31.80076794462493,31.509806721378204,50.909292504282604,0.3849307261798355,0.4593681893184679,,,,,,,,,,,,,,
sorted,sorted,global_pca,0.05,0.05,200,pca,,3.0,3,"[0.03268634690082246, 0.024071277342842205, 0.0198235916655465]",outputs/ratinabox_003/decoder_comparison/sorted/models/manifold_transforms/global_pca_k3_w0050ms,speed,continuous,ridge,8399,3600,r2,,,,,,-0.01066400567996717,0.0546535521061552,4.314874718052316,5.428857685410701,,,,,,,,,,
sorted,sorted,global_pca,0.05,0.05,200,pca,,3.0,3,"[0.03268634690082246, 0.024071277342842205, 0.0198235916655465]",outputs/ratinabox_003/decoder_comparison/sorted/models/manifold_transforms/global_pca_k3_w0050ms,speed,continuous,pca_ridge,8399,3600,r2,,,,,,-0.01066400567996717,0.05465355210615526,4.314874718052317,5.428857685410701,,,,,,,,,,
sorted,sorted,global_pca,0.05,0.05,200,pca,,3.0,3,"[0.03268634690082246, 0.024071277342842205, 0.0198235916655465]",outputs/ratinabox_003/decoder_comparison/sorted/models/manifold_transforms/global_pca_k3_w0050ms,speed,continuous,random_forest_regressor,8399,3600,r2,,,,,,-0.04191178131831852,0.045208644827170186,4.383529741485566,5.512143713172641,,,,,,,,,,
sorted,sorted,global_pca,0.05,0.05,200,pca,,3.0,3,"[0.03268634690082246, 0.024071277342842205, 0.0198235916655465]",outputs/ratinabox_003/decoder_comparison/sorted/models/manifold_transforms/global_pca_k3_w0050ms,acceleration,continuous,ridge,8399,3600,r2,,,,,,0.0006862018562147076,0.027457781537225445,31.923979157506732,42.07992056181933,,,,,,,,,,
sorted,sorted,global_pca,0.05,0.05,200,pca,,3.0,3,"[0.03268634690082246, 0.024071277342842205, 0.0198235916655465]",outputs/ratinabox_003/decoder_comparison/sorted/models/manifold_transforms/global_pca_k3_w0050ms,acceleration,continuous,pca_ridge,8399,3600,r2,,,,,,0.0006862018562147076,0.027457781537225473,31.923979157506732,42.07992056181933,,,,,,,,,,
sorted,sorted,global_pca,0.05,0.05,200,pca,,3.0,3,"[0.03268634690082246, 0.024071277342842205, 0.0198235916655465]",outputs/ratinabox_003/decoder_comparison/sorted/models/manifold_transforms/global_pca_k3_w0050ms,acceleration,continuous,random_forest_regressor,8399,3600,r2,,,,,,-0.011002086527512889,-0.003753320794366871,32.15974270492087,42.325295143837934,,,,,,,,,,
sorted,sorted,global_pca,0.05,0.05,200,pca,,3.0,3,"[0.03268634690082246, 0.024071277342842205, 0.0198235916655465]",outputs/ratinabox_003/decoder_comparison/sorted/models/manifold_transforms/global_pca_k3_w0050ms,head_direction,continuous,ridge,8399,3600,mean_circular_error_deg,,,,,,,,,,37.116043676756796,28.340816839954428,80.9326803576039,,,,,,,
sorted,sorted,global_pca,0.05,0.05,200,pca,,3.0,3,"[0.03268634690082246, 0.024071277342842205, 0.0198235916655465]",outputs/ratinabox_003/decoder_comparison/sorted/models/manifold_transforms/global_pca_k3_w0050ms,head_direction,continuous,pca_ridge,8399,3600,mean_circular_error_deg,,,,,,,,,,37.116043676756796,28.3408168399545,80.93268035760362,,,,,,,
sorted,sorted,global_pca,0.05,0.05,200,pca,,3.0,3,"[0.03268634690082246, 0.024071277342842205, 0.0198235916655465]",outputs/ratinabox_003/decoder_comparison/sorted/models/manifold_transforms/global_pca_k3_w0050ms,head_direction,continuous,random_forest_regressor,8399,3600,mean_circular_error_deg,,,,,,,,,,39.5800026050735,30.164303875990427,87.0192215634689,,,,,,,
sorted,sorted,global_pca,0.05,0.05,200,pca,,3.0,3,"[0.03268634690082246, 0.024071277342842205, 0.0198235916655465]",outputs/ratinabox_003/decoder_comparison/sorted/models/manifold_transforms/global_pca_k3_w0050ms,distance_to_wall,continuous,ridge,8399,3600,r2,,,,,,-0.14205110092252227,0.19418189535081107,,,,,,7.5931935510579525,9.021216628648382,,,,,
sorted,sorted,global_pca,0.05,0.05,200,pca,,3.0,3,"[0.03268634690082246, 0.024071277342842205, 0.0198235916655465]",outputs/ratinabox_003/decoder_comparison/sorted/models/manifold_transforms/global_pca_k3_w0050ms,distance_to_wall,continuous,pca_ridge,8399,3600,r2,,,,,,-0.1420511009225227,0.19418189535081087,,,,,,7.593193551057955,9.021216628648384,,,,,
sorted,sorted,global_pca,0.05,0.05,200,pca,,3.0,3,"[0.03268634690082246, 0.024071277342842205, 0.0198235916655465]",outputs/ratinabox_003/decoder_comparison/sorted/models/manifold_transforms/global_pca_k3_w0050ms,distance_to_wall,continuous,random_forest_regressor,8399,3600,r2,,,,,,-0.23734090521033857,0.25288174607042097,,,,,,7.364279109993973,9.390031055677635,,,,,
sorted,sorted,global_pca,0.05,0.05,200,pca,,3.0,3,"[0.03268634690082246, 0.024071277342842205, 0.0198235916655465]",outputs/ratinabox_003/decoder_comparison/sorted/models/manifold_transforms/global_pca_k3_w0050ms,distance_to_wall,continuous,bayesian_place_decoder,8399,3600,r2,,,,,,-3.340762312285781,0.28035763416112275,,,,,,14.932419497521835,17.587550046239468,,,,,
sorted,sorted,global_pca,0.05,0.05,200,pca,,3.0,3,"[0.03268634690082246, 0.024071277342842205, 0.0198235916655465]",outputs/ratinabox_003/decoder_comparison/sorted/models/manifold_transforms/global_pca_k3_w0050ms,spatial_context,categorical,logistic_regression,8399,3600,balanced_accuracy,,,,,,,,,,,,,,,0.3452777777777778,0.41298570642514737,0.3409121133044212,"[[370, 117, 65], [648, 559, 361], [775, 391, 314]]","['center', 'corner', 'wall']"
sorted,sorted,global_pca,0.05,0.05,200,pca,,3.0,3,"[0.03268634690082246, 0.024071277342842205, 0.0198235916655465]",outputs/ratinabox_003/decoder_comparison/sorted/models/manifold_transforms/global_pca_k3_w0050ms,spatial_context,categorical,random_forest_classifier,8399,3600,balanced_accuracy,,,,,,,,,,,,,,,0.4075,0.4463824738669459,0.39884395816910034,"[[329, 119, 104], [593, 680, 295], [584, 438, 458]]","['center', 'corner', 'wall']"
sorted,sorted,global_pca,0.05,0.05,200,pca,,3.0,3,"[0.03268634690082246, 0.024071277342842205, 0.0198235916655465]",outputs/ratinabox_003/decoder_comparison/sorted/models/manifold_transforms/global_pca_k3_w0050ms,spatial_context,categorical,bayesian_place_decoder_derived_context,8399,3600,balanced_accuracy,,,,,,,,,,,,,,,0.2677777777777778,0.4002994009981587,0.25808784004178587,"[[490, 25, 37], [1058, 288, 134], [1003, 379, 186]]","['center', 'wall', 'corner']"
sorted,sorted,global_pca,0.05,0.05,200,pca,,3.0,3,"[0.03268634690082246, 0.024071277342842205, 0.0198235916655465]",outputs/ratinabox_003/decoder_comparison/sorted/models/manifold_transforms/global_pca_k3_w0050ms,movement_state,categorical,logistic_regression,8399,3600,balanced_accuracy,,,,,,,,,,,,,,,0.40944444444444444,0.3183267379515264,0.3173218303136133,"[[840, 638, 347], [658, 618, 363], [67, 53, 16]]","['fast', 'slow', 'still']"
sorted,sorted,global_pca,0.05,0.05,200,pca,,3.0,3,"[0.03268634690082246, 0.024071277342842205, 0.0198235916655465]",outputs/ratinabox_003/decoder_comparison/sorted/models/manifold_transforms/global_pca_k3_w0050ms,movement_state,categorical,random_forest_classifier,8399,3600,balanced_accuracy,,,,,,,,,,,,,,,0.4661111111111111,0.35371519438636234,0.3487849256188544,"[[809, 917, 99], [681, 856, 102], [62, 61, 13]]","['fast', 'slow', 'still']"
sorted,sorted,global_pca,0.05,0.05,200,pca,,3.0,3,"[0.03268634690082246, 0.024071277342842205, 0.0198235916655465]",outputs/ratinabox_003/decoder_comparison/sorted/models/manifold_transforms/global_pca_k3_w0050ms,wall_distance_bin,categorical,logistic_regression,8399,3600,balanced_accuracy,,,,,,,,,,,,,,,0.375,0.36433203473372605,0.284011357395296,"[[71, 58, 36], [359, 189, 178], [660, 959, 1090]]","['center', 'middle', 'near_wall']"
sorted,sorted,global_pca,0.05,0.05,200,pca,,3.0,3,"[0.03268634690082246, 0.024071277342842205, 0.0198235916655465]",outputs/ratinabox_003/decoder_comparison/sorted/models/manifold_transforms/global_pca_k3_w0050ms,wall_distance_bin,categorical,random_forest_classifier,8399,3600,balanced_accuracy,,,,,,,,,,,,,,,0.43777777777777777,0.4032756844596168,0.3282845977069784,"[[65, 68, 32], [284, 256, 186], [570, 884, 1255]]","['center', 'middle', 'near_wall']"
sorted,sorted,global_pca,0.05,0.05,200,pca,,3.0,3,"[0.03268634690082246, 0.024071277342842205, 0.0198235916655465]",outputs/ratinabox_003/decoder_comparison/sorted/models/manifold_transforms/global_pca_k3_w0050ms,wall_distance_bin,categorical,bayesian_place_decoder_derived_context,8399,3600,balanced_accuracy,,,,,,,,,,,,,,,0.2263888888888889,0.3931250489390024,0.21068125871283686,"[[371, 1621, 717], [26, 352, 348], [0, 73, 92]]","['near_wall', 'middle', 'center']"
sorted,sorted,region_pca,0.05,0.05,200,pca,region,3.0,12,,outputs/ratinabox_003/decoder_comparison/sorted/models/manifold_transforms/region_pca_k3_w0050ms,position,continuous,ridge,8399,3600,mean_position_error_cm,30.243587624841364,28.961561387622197,51.34200086182595,0.4025769716515366,0.5211222614338673,,,,,,,,,,,,,,
sorted,sorted,region_pca,0.05,0.05,200,pca,region,3.0,12,,outputs/ratinabox_003/decoder_comparison/sorted/models/manifold_transforms/region_pca_k3_w0050ms,position,continuous,pca_ridge,8399,3600,mean_position_error_cm,30.519462649539605,29.106039297743948,51.72605721043046,0.3812050309326166,0.5207100314678627,,,,,,,,,,,,,,
sorted,sorted,region_pca,0.05,0.05,200,pca,region,3.0,12,,outputs/ratinabox_003/decoder_comparison/sorted/models/manifold_transforms/region_pca_k3_w0050ms,position,continuous,random_forest_regressor,8399,3600,mean_position_error_cm,23.38851591530467,19.523174780289203,45.51637619663958,0.5427698659984557,0.6968535883240169,,,,,,,,,,,,,,
sorted,sorted,region_pca,0.05,0.05,200,pca,region,3.0,12,,outputs/ratinabox_003/decoder_comparison/sorted/models/manifold_transforms/region_pca_k3_w0050ms,position,continuous,bayesian_place_decoder,8399,3600,mean_position_error_cm,26.415312347270163,22.78810063734515,50.5927232556087,0.4639734852595756,0.5949864715903529,,,,,,,,,,,,,,
sorted,sorted,region_pca,0.05,0.05,200,pca,region,3.0,12,,outputs/ratinabox_003/decoder_comparison/sorted/models/manifold_transforms/region_pca_k3_w0050ms,speed,continuous,ridge,8399,3600,r2,,,,,,0.39673945713621916,0.6339770004930628,3.2835287651822163,4.194280949922931,,,,,,,,,,
sorted,sorted,region_pca,0.05,0.05,200,pca,region,3.0,12,,outputs/ratinabox_003/decoder_comparison/sorted/models/manifold_transforms/region_pca_k3_w0050ms,speed,continuous,pca_ridge,8399,3600,r2,,,,,,0.396735195531416,0.6339656991768872,3.2834617835787845,4.194295764696156,,,,,,,,,,
sorted,sorted,region_pca,0.05,0.05,200,pca,region,3.0,12,,outputs/ratinabox_003/decoder_comparison/sorted/models/manifold_transforms/region_pca_k3_w0050ms,speed,continuous,random_forest_regressor,8399,3600,r2,,,,,,0.3941238031174341,0.6318574066485143,3.294530852857311,4.203364024980642,,,,,,,,,,
sorted,sorted,region_pca,0.05,0.05,200,pca,region,3.0,12,,outputs/ratinabox_003/decoder_comparison/sorted/models/manifold_transforms/region_pca_k3_w0050ms,acceleration,continuous,ridge,8399,3600,r2,,,,,,0.022443130593410077,0.1502582437611976,31.6708835016926,41.61932048313349,,,,,,,,,,
sorted,sorted,region_pca,0.05,0.05,200,pca,region,3.0,12,,outputs/ratinabox_003/decoder_comparison/sorted/models/manifold_transforms/region_pca_k3_w0050ms,acceleration,continuous,pca_ridge,8399,3600,r2,,,,,,0.022456169382606972,0.1503044311384692,31.670644755600026,41.61904292007152,,,,,,,,,,
sorted,sorted,region_pca,0.05,0.05,200,pca,region,3.0,12,,outputs/ratinabox_003/decoder_comparison/sorted/models/manifold_transforms/region_pca_k3_w0050ms,acceleration,continuous,random_forest_regressor,8399,3600,r2,,,,,,0.015704317893942776,0.12956801390583028,31.739164750622713,41.762526021979,,,,,,,,,,
sorted,sorted,region_pca,0.05,0.05,200,pca,region,3.0,12,,outputs/ratinabox_003/decoder_comparison/sorted/models/manifold_transforms/region_pca_k3_w0050ms,head_direction,continuous,ridge,8399,3600,mean_circular_error_deg,,,,,,,,,,29.128075247672314,21.948585076382834,61.144073927103605,,,,,,,
sorted,sorted,region_pca,0.05,0.05,200,pca,region,3.0,12,,outputs/ratinabox_003/decoder_comparison/sorted/models/manifold_transforms/region_pca_k3_w0050ms,head_direction,continuous,pca_ridge,8399,3600,mean_circular_error_deg,,,,,,,,,,29.102633006002357,21.82413890750048,61.36288398471666,,,,,,,
sorted,sorted,region_pca,0.05,0.05,200,pca,region,3.0,12,,outputs/ratinabox_003/decoder_comparison/sorted/models/manifold_transforms/region_pca_k3_w0050ms,head_direction,continuous,random_forest_regressor,8399,3600,mean_circular_error_deg,,,,,,,,,,29.939850603169486,21.989724116094855,63.29233096907705,,,,,,,
sorted,sorted,region_pca,0.05,0.05,200,pca,region,3.0,12,,outputs/ratinabox_003/decoder_comparison/sorted/models/manifold_transforms/region_pca_k3_w0050ms,distance_to_wall,continuous,ridge,8399,3600,r2,,,,,,-0.12278161503818463,0.3383997409892841,,,,,,7.411416248537683,8.944786720416555,,,,,
sorted,sorted,region_pca,0.05,0.05,200,pca,region,3.0,12,,outputs/ratinabox_003/decoder_comparison/sorted/models/manifold_transforms/region_pca_k3_w0050ms,distance_to_wall,continuous,pca_ridge,8399,3600,r2,,,,,,-0.13104405654394813,0.3318037252860933,,,,,,7.4195419711897035,8.97763830423923,,,,,
sorted,sorted,region_pca,0.05,0.05,200,pca,region,3.0,12,,outputs/ratinabox_003/decoder_comparison/sorted/models/manifold_transforms/region_pca_k3_w0050ms,distance_to_wall,continuous,random_forest_regressor,8399,3600,r2,,,,,,0.07162370774594784,0.5007002055911502,,,,,,6.180249058496618,8.133629095195193,,,,,
sorted,sorted,region_pca,0.05,0.05,200,pca,region,3.0,12,,outputs/ratinabox_003/decoder_comparison/sorted/models/manifold_transforms/region_pca_k3_w0050ms,distance_to_wall,continuous,bayesian_place_decoder,8399,3600,r2,,,,,,-2.538365808619976,0.31631935544543177,,,,,,12.429155261426612,15.879020458480683,,,,,
sorted,sorted,region_pca,0.05,0.05,200,pca,region,3.0,12,,outputs/ratinabox_003/decoder_comparison/sorted/models/manifold_transforms/region_pca_k3_w0050ms,spatial_context,categorical,logistic_regression,8399,3600,balanced_accuracy,,,,,,,,,,,,,,,0.4075,0.4986243508370838,0.40774031562593877,"[[463, 20, 69], [519, 561, 488], [681, 356, 443]]","['center', 'corner', 'wall']"
sorted,sorted,region_pca,0.05,0.05,200,pca,region,3.0,12,,outputs/ratinabox_003/decoder_comparison/sorted/models/manifold_transforms/region_pca_k3_w0050ms,spatial_context,categorical,random_forest_classifier,8399,3600,balanced_accuracy,,,,,,,,,,,,,,,0.49833333333333335,0.5559628228494689,0.4944428780239946,"[[426, 48, 78], [405, 743, 420], [439, 416, 625]]","['center', 'corner', 'wall']"
sorted,sorted,region_pca,0.05,0.05,200,pca,region,3.0,12,,outputs/ratinabox_003/decoder_comparison/sorted/models/manifold_transforms/region_pca_k3_w0050ms,spatial_context,categorical,bayesian_place_decoder_derived_context,8399,3600,balanced_accuracy,,,,,,,,,,,,,,,0.3713888888888889,0.4699402929992991,0.3721577802879909,"[[461, 69, 22], [802, 422, 256], [790, 324, 454]]","['center', 'wall', 'corner']"
sorted,sorted,region_pca,0.05,0.05,200,pca,region,3.0,12,,outputs/ratinabox_003/decoder_comparison/sorted/models/manifold_transforms/region_pca_k3_w0050ms,movement_state,categorical,logistic_regression,8399,3600,balanced_accuracy,,,,,,,,,,,,,,,0.5516666666666666,0.6128239591071578,0.468201544172742,"[[1198, 513, 114], [371, 684, 584], [2, 30, 104]]","['fast', 'slow', 'still']"
sorted,sorted,region_pca,0.05,0.05,200,pca,region,3.0,12,,outputs/ratinabox_003/decoder_comparison/sorted/models/manifold_transforms/region_pca_k3_w0050ms,movement_state,categorical,random_forest_classifier,8399,3600,balanced_accuracy,,,,,,,,,,,,,,,0.6355555555555555,0.5541462942377716,0.5156687632707454,"[[1245, 549, 31], [409, 992, 238], [3, 82, 51]]","['fast', 'slow', 'still']"
sorted,sorted,region_pca,0.05,0.05,200,pca,region,3.0,12,,outputs/ratinabox_003/decoder_comparison/sorted/models/manifold_transforms/region_pca_k3_w0050ms,wall_distance_bin,categorical,logistic_regression,8399,3600,balanced_accuracy,,,,,,,,,,,,,,,0.4552777777777778,0.5593548492068576,0.3828153863943129,"[[126, 33, 6], [261, 353, 112], [496, 1053, 1160]]","['center', 'middle', 'near_wall']"
sorted,sorted,region_pca,0.05,0.05,200,pca,region,3.0,12,,outputs/ratinabox_003/decoder_comparison/sorted/models/manifold_transforms/region_pca_k3_w0050ms,wall_distance_bin,categorical,random_forest_classifier,8399,3600,balanced_accuracy,,,,,,,,,,,,,,,0.6072222222222222,0.5939231233100154,0.48415303791395764,"[[99, 52, 14], [147, 408, 171], [236, 794, 1679]]","['center', 'middle', 'near_wall']"
sorted,sorted,region_pca,0.05,0.05,200,pca,region,3.0,12,,outputs/ratinabox_003/decoder_comparison/sorted/models/manifold_transforms/region_pca_k3_w0050ms,wall_distance_bin,categorical,bayesian_place_decoder_derived_context,8399,3600,balanced_accuracy,,,,,,,,,,,,,,,0.35888888888888887,0.5083346298991119,0.324569496150201,"[[717, 1568, 424], [59, 475, 192], [2, 63, 100]]","['near_wall', 'middle', 'center']"
sorted,sorted,counts,0.1,0.05,200,none,,,200,,outputs/ratinabox_003/decoder_comparison/sorted/models/manifold_transforms/counts_w0100ms,position,continuous,ridge,8398,3600,mean_position_error_cm,19.858220353986617,18.395461140777343,34.4613945496716,0.7499867690198541,0.7713677141884108,,,,,,,,,,,,,,
sorted,sorted,counts,0.1,0.05,200,none,,,200,,outputs/ratinabox_003/decoder_comparison/sorted/models/manifold_transforms/counts_w0100ms,position,continuous,pca_ridge,8398,3600,mean_position_error_cm,19.877212901376556,18.363820831318364,34.7093955838164,0.749721208080042,0.7704766601418578,,,,,,,,,,,,,,
sorted,sorted,counts,0.1,0.05,200,none,,,200,,outputs/ratinabox_003/decoder_comparison/sorted/models/manifold_transforms/counts_w0100ms,position,continuous,random_forest_regressor,8398,3600,mean_position_error_cm,21.908264766270005,19.288422263735,40.658951151585036,0.6717336667163243,0.7003256815855132,,,,,,,,,,,,,,
sorted,sorted,counts,0.1,0.05,200,none,,,200,,outputs/ratinabox_003/decoder_comparison/sorted/models/manifold_transforms/counts_w0100ms,position,continuous,bayesian_place_decoder,8398,3600,mean_position_error_cm,17.85890814899885,13.1290373392385,39.12924215724974,0.6299292031392795,0.827365123370022,,,,,,,,,,,,,,
sorted,sorted,counts,0.1,0.05,200,none,,,200,,outputs/ratinabox_003/decoder_comparison/sorted/models/manifold_transforms/counts_w0100ms,speed,continuous,ridge,8398,3600,r2,,,,,,0.5187722879820901,0.7248195674306914,2.905019649697027,3.7461086734391422,,,,,,,,,,
sorted,sorted,counts,0.1,0.05,200,none,,,200,,outputs/ratinabox_003/decoder_comparison/sorted/models/manifold_transforms/counts_w0100ms,speed,continuous,pca_ridge,8398,3600,r2,,,,,,0.5212606015854064,0.7266502876467048,2.9000713550836705,3.7364110043348777,,,,,,,,,,
sorted,sorted,counts,0.1,0.05,200,none,,,200,,outputs/ratinabox_003/decoder_comparison/sorted/models/manifold_transforms/counts_w0100ms,speed,continuous,random_forest_regressor,8398,3600,r2,,,,,,0.43667057762674455,0.6953103213976993,3.160329380762056,4.053090256895732,,,,,,,,,,
sorted,sorted,counts,0.1,0.05,200,none,,,200,,outputs/ratinabox_003/decoder_comparison/sorted/models/manifold_transforms/counts_w0100ms,acceleration,continuous,ridge,8398,3600,r2,,,,,,0.0006985616798912408,0.10267660220600484,31.98248706026287,42.07966033224598,,,,,,,,,,
sorted,sorted,counts,0.1,0.05,200,none,,,200,,outputs/ratinabox_003/decoder_comparison/sorted/models/manifold_transforms/counts_w0100ms,acceleration,continuous,pca_ridge,8398,3600,r2,,,,,,0.0021446107310894025,0.10454247437314053,31.94516924659617,42.049203415226664,,,,,,,,,,
sorted,sorted,counts,0.1,0.05,200,none,,,200,,outputs/ratinabox_003/decoder_comparison/sorted/models/manifold_transforms/counts_w0100ms,acceleration,continuous,random_forest_regressor,8398,3600,r2,,,,,,0.016784316748451378,0.13076599183320195,31.695298365279207,41.73960818331444,,,,,,,,,,
sorted,sorted,counts,0.1,0.05,200,none,,,200,,outputs/ratinabox_003/decoder_comparison/sorted/models/manifold_transforms/counts_w0100ms,head_direction,continuous,ridge,8398,3600,mean_circular_error_deg,,,,,,,,,,20.60477364797776,16.527925318624412,42.3533635398223,,,,,,,
sorted,sorted,counts,0.1,0.05,200,none,,,200,,outputs/ratinabox_003/decoder_comparison/sorted/models/manifold_transforms/counts_w0100ms,head_direction,continuous,pca_ridge,8398,3600,mean_circular_error_deg,,,,,,,,,,20.59472122117553,16.173983738010634,42.45362824075434,,,,,,,
sorted,sorted,counts,0.1,0.05,200,none,,,200,,outputs/ratinabox_003/decoder_comparison/sorted/models/manifold_transforms/counts_w0100ms,head_direction,continuous,random_forest_regressor,8398,3600,mean_circular_error_deg,,,,,,,,,,24.541906380705743,19.160890187574427,51.028142025051864,,,,,,,
sorted,sorted,counts,0.1,0.05,200,none,,,200,,outputs/ratinabox_003/decoder_comparison/sorted/models/manifold_transforms/counts_w0100ms,distance_to_wall,continuous,ridge,8398,3600,r2,,,,,,0.44387415201904334,0.6944546918980833,,,,,,4.964262180899495,6.295190600567962,,,,,
sorted,sorted,counts,0.1,0.05,200,none,,,200,,outputs/ratinabox_003/decoder_comparison/sorted/models/manifold_transforms/counts_w0100ms,distance_to_wall,continuous,pca_ridge,8398,3600,r2,,,,,,0.4403235888282466,0.6927524782175899,,,,,,4.98340469003778,6.315254323571607,,,,,
sorted,sorted,counts,0.1,0.05,200,none,,,200,,outputs/ratinabox_003/decoder_comparison/sorted/models/manifold_transforms/counts_w0100ms,distance_to_wall,continuous,random_forest_regressor,8398,3600,r2,,,,,,0.39591276928241304,0.6454470195190267,,,,,,4.820184318312218,6.56103223041655,,,,,
sorted,sorted,counts,0.1,0.05,200,none,,,200,,outputs/ratinabox_003/decoder_comparison/sorted/models/manifold_transforms/counts_w0100ms,distance_to_wall,continuous,bayesian_place_decoder,8398,3600,r2,,,,,,0.22898207086267852,0.5795810140895868,,,,,,4.643307176234856,7.412327199456955,,,,,
sorted,sorted,counts,0.1,0.05,200,none,,,200,,outputs/ratinabox_003/decoder_comparison/sorted/models/manifold_transforms/counts_w0100ms,spatial_context,categorical,logistic_regression,8398,3600,balanced_accuracy,,,,,,,,,,,,,,,0.6516666666666666,0.6886643797746282,0.6602724568064571,"[[454, 13, 85], [97, 919, 552], [202, 305, 973]]","['center', 'corner', 'wall']"
sorted,sorted,counts,0.1,0.05,200,none,,,200,,outputs/ratinabox_003/decoder_comparison/sorted/models/manifold_transforms/counts_w0100ms,spatial_context,categorical,random_forest_classifier,8398,3600,balanced_accuracy,,,,,,,,,,,,,,,0.6022222222222222,0.6518694159998508,0.6120226837158914,"[[461, 16, 75], [130, 868, 570], [260, 381, 839]]","['center', 'corner', 'wall']"
sorted,sorted,counts,0.1,0.05,200,none,,,200,,outputs/ratinabox_003/decoder_comparison/sorted/models/manifold_transforms/counts_w0100ms,spatial_context,categorical,bayesian_place_decoder_derived_context,8398,3600,balanced_accuracy,,,,,,,,,,,,,,,0.6036111111111111,0.5860367188395139,0.5868492312589848,"[[289, 163, 100], [142, 871, 467], [112, 443, 1013]]","['center', 'wall', 'corner']"
sorted,sorted,counts,0.1,0.05,200,none,,,200,,outputs/ratinabox_003/decoder_comparison/sorted/models/manifold_transforms/counts_w0100ms,movement_state,categorical,logistic_regression,8398,3600,balanced_accuracy,,,,,,,,,,,,,,,0.6297222222222222,0.6087988653550632,0.5188243158901155,"[[1330, 419, 76], [384, 859, 396], [2, 56, 78]]","['fast', 'slow', 'still']"
sorted,sorted,counts,0.1,0.05,200,none,,,200,,outputs/ratinabox_003/decoder_comparison/sorted/models/manifold_transforms/counts_w0100ms,movement_state,categorical,random_forest_classifier,8398,3600,balanced_accuracy,,,,,,,,,,,,,,,0.6786111111111112,0.580913931947197,0.5537352899201129,"[[1366, 450, 9], [430, 1027, 182], [1, 85, 50]]","['fast', 'slow', 'still']"
sorted,sorted,counts,0.1,0.05,200,none,,,200,,outputs/ratinabox_003/decoder_comparison/sorted/models/manifold_transforms/counts_w0100ms,wall_distance_bin,categorical,logistic_regression,8398,3600,balanced_accuracy,,,,,,,,,,,,,,,0.7113888888888888,0.6911603704415543,0.604871506136517,"[[113, 48, 4], [111, 481, 134], [63, 679, 1967]]","['center', 'middle', 'near_wall']"
sorted,sorted,counts,0.1,0.05,200,none,,,200,,outputs/ratinabox_003/decoder_comparison/sorted/models/manifold_transforms/counts_w0100ms,wall_distance_bin,categorical,random_forest_classifier,8398,3600,balanced_accuracy,,,,,,,,,,,,,,,0.7613888888888889,0.6799073997805499,0.6486340516847794,"[[100, 59, 6], [73, 455, 198], [14, 509, 2186]]","['center', 'middle', 'near_wall']"
sorted,sorted,counts,0.1,0.05,200,none,,,200,,outputs/ratinabox_003/decoder_comparison/sorted/models/manifold_transforms/counts_w0100ms,wall_distance_bin,categorical,bayesian_place_decoder_derived_context,8398,3600,balanced_accuracy,,,,,,,,,,,,,,,0.7563888888888889,0.5357510471675376,0.5444107500827619,"[[2307, 384, 18], [305, 377, 44], [40, 86, 39]]","['near_wall', 'middle', 'center']"
sorted,sorted,global_pca,0.1,0.05,200,pca,,3.0,3,"[0.05258741172780105, 0.03684214616663042, 0.028476940814613404]",outputs/ratinabox_003/decoder_comparison/sorted/models/manifold_transforms/global_pca_k3_w0100ms,position,continuous,ridge,8398,3600,mean_position_error_cm,28.34407355464549,27.276452643754286,46.46662530603973,0.4585427258515232,0.6110767138033947,,,,,,,,,,,,,,
sorted,sorted,global_pca,0.1,0.05,200,pca,,3.0,3,"[0.05258741172780105, 0.03684214616663042, 0.028476940814613404]",outputs/ratinabox_003/decoder_comparison/sorted/models/manifold_transforms/global_pca_k3_w0100ms,position,continuous,pca_ridge,8398,3600,mean_position_error_cm,28.344073554645487,27.276452643754304,46.46662530603983,0.45854272585152356,0.6110767138033942,,,,,,,,,,,,,,
sorted,sorted,global_pca,0.1,0.05,200,pca,,3.0,3,"[0.05258741172780105, 0.03684214616663042, 0.028476940814613404]",outputs/ratinabox_003/decoder_comparison/sorted/models/manifold_transforms/global_pca_k3_w0100ms,position,continuous,random_forest_regressor,8398,3600,mean_position_error_cm,25.666846782403162,23.149096019771225,48.637465428400176,0.44131332503630116,0.6752348648056135,,,,,,,,,,,,,,
sorted,sorted,global_pca,0.1,0.05,200,pca,,3.0,3,"[0.05258741172780105, 0.03684214616663042, 0.028476940814613404]",outputs/ratinabox_003/decoder_comparison/sorted/models/manifold_transforms/global_pca_k3_w0100ms,position,continuous,bayesian_place_decoder,8398,3600,mean_position_error_cm,28.485079394507693,28.03575578142903,46.99248244662663,0.44999695466903344,0.5887568724880026,,,,,,,,,,,,,,
sorted,sorted,global_pca,0.1,0.05,200,pca,,3.0,3,"[0.05258741172780105, 0.03684214616663042, 0.028476940814613404]",outputs/ratinabox_003/decoder_comparison/sorted/models/manifold_transforms/global_pca_k3_w0100ms,speed,continuous,ridge,8398,3600,r2,,,,,,-0.011967128989787579,0.0663172086520224,4.317009985553117,5.432356470375859,,,,,,,,,,
sorted,sorted,global_pca,0.1,0.05,200,pca,,3.0,3,"[0.05258741172780105, 0.03684214616663042, 0.028476940814613404]",outputs/ratinabox_003/decoder_comparison/sorted/models/manifold_transforms/global_pca_k3_w0100ms,speed,continuous,pca_ridge,8398,3600,r2,,,,,,-0.011967128989787579,0.06631720865202237,4.317009985553117,5.432356470375859,,,,,,,,,,
sorted,sorted,global_pca,0.1,0.05,200,pca,,3.0,3,"[0.05258741172780105, 0.03684214616663042, 0.028476940814613404]",outputs/ratinabox_003/decoder_comparison/sorted/models/manifold_transforms/global_pca_k3_w0100ms,speed,continuous,random_forest_regressor,8398,3600,r2,,,,,,-0.04827758490893164,0.05906506082160989,4.382606787599802,5.528956936481194,,,,,,,,,,
sorted,sorted,global_pca,0.1,0.05,200,pca,,3.0,3,"[0.05258741172780105, 0.03684214616663042, 0.028476940814613404]",outputs/ratinabox_003/decoder_comparison/sorted/models/manifold_transforms/global_pca_k3_w0100ms,acceleration,continuous,ridge,8398,3600,r2,,,,,,0.0007925105691921619,0.02869133473267618,31.917901422403165,42.077682235286964,,,,,,,,,,
sorted,sorted,global_pca,0.1,0.05,200,pca,,3.0,3,"[0.05258741172780105, 0.03684214616663042, 0.028476940814613404]",outputs/ratinabox_003/decoder_comparison/sorted/models/manifold_transforms/global_pca_k3_w0100ms,acceleration,continuous,pca_ridge,8398,3600,r2,,,,,,0.0007925105691921619,0.028691334732676193,31.917901422403165,42.077682235286964,,,,,,,,,,
sorted,sorted,global_pca,0.1,0.05,200,pca,,3.0,3,"[0.05258741172780105, 0.03684214616663042, 0.028476940814613404]",outputs/ratinabox_003/decoder_comparison/sorted/models/manifold_transforms/global_pca_k3_w0100ms,acceleration,continuous,random_forest_regressor,8398,3600,r2,,,,,,-0.010406970546733119,-0.0028321988504581286,32.17296229858599,42.31283613525115,,,,,,,,,,
sorted,sorted,global_pca,0.1,0.05,200,pca,,3.0,3,"[0.05258741172780105, 0.03684214616663042, 0.028476940814613404]",outputs/ratinabox_003/decoder_comparison/sorted/models/manifold_transforms/global_pca_k3_w0100ms,head_direction,continuous,ridge,8398,3600,mean_circular_error_deg,,,,,,,,,,32.94964044788385,25.54944882012891,70.36762119251416,,,,,,,
sorted,sorted,global_pca,0.1,0.05,200,pca,,3.0,3,"[0.05258741172780105, 0.03684214616663042, 0.028476940814613404]",outputs/ratinabox_003/decoder_comparison/sorted/models/manifold_transforms/global_pca_k3_w0100ms,head_direction,continuous,pca_ridge,8398,3600,mean_circular_error_deg,,,,,,,,,,32.94964044788385,25.549448820128976,70.36762119251405,,,,,,,
sorted,sorted,global_pca,0.1,0.05,200,pca,,3.0,3,"[0.05258741172780105, 0.03684214616663042, 0.028476940814613404]",outputs/ratinabox_003/decoder_comparison/sorted/models/manifold_transforms/global_pca_k3_w0100ms,head_direction,continuous,random_forest_regressor,8398,3600,mean_circular_error_deg,,,,,,,,,,35.152294219594665,26.66233955746258,74.50883203083315,,,,,,,
sorted,sorted,global_pca,0.1,0.05,200,pca,,3.0,3,"[0.05258741172780105, 0.03684214616663042, 0.028476940814613404]",outputs/ratinabox_003/decoder_comparison/sorted/models/manifold_transforms/global_pca_k3_w0100ms,distance_to_wall,continuous,ridge,8398,3600,r2,,,,,,-0.17973632437372067,0.20793487930817658,,,,,,7.746740927721959,9.168848972957148,,,,,
sorted,sorted,global_pca,0.1,0.05,200,pca,,3.0,3,"[0.05258741172780105, 0.03684214616663042, 0.028476940814613404]",outputs/ratinabox_003/decoder_comparison/sorted/models/manifold_transforms/global_pca_k3_w0100ms,distance_to_wall,continuous,pca_ridge,8398,3600,r2,,,,,,-0.17973632437371978,0.20793487930817697,,,,,,7.746740927721957,9.168848972957145,,,,,
sorted,sorted,global_pca,0.1,0.05,200,pca,,3.0,3,"[0.05258741172780105, 0.03684214616663042, 0.028476940814613404]",outputs/ratinabox_003/decoder_comparison/sorted/models/manifold_transforms/global_pca_k3_w0100ms,distance_to_wall,continuous,random_forest_regressor,8398,3600,r2,,,,,,-0.25003769247906904,0.30186817037247393,,,,,,7.291357549083797,9.43808528942957,,,,,
sorted,sorted,global_pca,0.1,0.05,200,pca,,3.0,3,"[0.05258741172780105, 0.03684214616663042, 0.028476940814613404]",outputs/ratinabox_003/decoder_comparison/sorted/models/manifold_transforms/global_pca_k3_w0100ms,distance_to_wall,continuous,bayesian_place_decoder,8398,3600,r2,,,,,,-2.062121989032857,0.33198834567118507,,,,,,11.975994912757836,14.771805730471375,,,,,
sorted,sorted,global_pca,0.1,0.05,200,pca,,3.0,3,"[0.05258741172780105, 0.03684214616663042, 0.028476940814613404]",outputs/ratinabox_003/decoder_comparison/sorted/models/manifold_transforms/global_pca_k3_w0100ms,spatial_context,categorical,logistic_regression,8398,3600,balanced_accuracy,,,,,,,,,,,,,,,0.3408333333333333,0.41171657460477334,0.334024162975908,"[[377, 95, 80], [657, 584, 327], [801, 413, 266]]","['center', 'corner', 'wall']"
sorted,sorted,global_pca,0.1,0.05,200,pca,,3.0,3,"[0.05258741172780105, 0.03684214616663042, 0.028476940814613404]",outputs/ratinabox_003/decoder_comparison/sorted/models/manifold_transforms/global_pca_k3_w0100ms,spatial_context,categorical,random_forest_classifier,8398,3600,balanced_accuracy,,,,,,,,,,,,,,,0.42527777777777775,0.47280015707810735,0.41904988420260786,"[[360, 93, 99], [597, 659, 312], [541, 427, 512]]","['center', 'corner', 'wall']"
sorted,sorted,global_pca,0.1,0.05,200,pca,,3.0,3,"[0.05258741172780105, 0.03684214616663042, 0.028476940814613404]",outputs/ratinabox_003/decoder_comparison/sorted/models/manifold_transforms/global_pca_k3_w0100ms,spatial_context,categorical,bayesian_place_decoder_derived_context,8398,3600,balanced_accuracy,,,,,,,,,,,,,,,0.34805555555555556,0.43750751083825623,0.34090527097849627,"[[419, 84, 49], [698, 569, 213], [714, 589, 265]]","['center', 'wall', 'corner']"
sorted,sorted,global_pca,0.1,0.05,200,pca,,3.0,3,"[0.05258741172780105, 0.03684214616663042, 0.028476940814613404]",outputs/ratinabox_003/decoder_comparison/sorted/models/manifold_transforms/global_pca_k3_w0100ms,movement_state,categorical,logistic_regression,8398,3600,balanced_accuracy,,,,,,,,,,,,,,,0.4038888888888889,0.3129741033959866,0.3125285207011417,"[[902, 544, 379], [697, 536, 406], [73, 47, 16]]","['fast', 'slow', 'still']"
sorted,sorted,global_pca,0.1,0.05,200,pca,,3.0,3,"[0.05258741172780105, 0.03684214616663042, 0.028476940814613404]",outputs/ratinabox_003/decoder_comparison/sorted/models/manifold_transforms/global_pca_k3_w0100ms,movement_state,categorical,random_forest_classifier,8398,3600,balanced_accuracy,,,,,,,,,,,,,,,0.465,0.3426054314677638,0.3413558498875537,"[[872, 831, 122], [707, 793, 139], [64, 63, 9]]","['fast', 'slow', 'still']"
sorted,sorted,global_pca,0.1,0.05,200,pca,,3.0,3,"[0.05258741172780105, 0.03684214616663042, 0.028476940814613404]",outputs/ratinabox_003/decoder_comparison/sorted/models/manifold_transforms/global_pca_k3_w0100ms,wall_distance_bin,categorical,logistic_regression,8398,3600,balanced_accuracy,,,,,,,,,,,,,,,0.37444444444444447,0.3608664923675495,0.28442486068352657,"[[67, 67, 31], [345, 202, 179], [559, 1071, 1079]]","['center', 'middle', 'near_wall']"
sorted,sorted,global_pca,0.1,0.05,200,pca,,3.0,3,"[0.05258741172780105, 0.03684214616663042, 0.028476940814613404]",outputs/ratinabox_003/decoder_comparison/sorted/models/manifold_transforms/global_pca_k3_w0100ms,wall_distance_bin,categorical,random_forest_classifier,8398,3600,balanced_accuracy,,,,,,,,,,,,,,,0.46111111111111114,0.4342104219482655,0.3509042269981751,"[[67, 74, 24], [280, 306, 140], [485, 937, 1287]]","['center', 'middle', 'near_wall']"
sorted,sorted,global_pca,0.1,0.05,200,pca,,3.0,3,"[0.05258741172780105, 0.03684214616663042, 0.028476940814613404]",outputs/ratinabox_003/decoder_comparison/sorted/models/manifold_transforms/global_pca_k3_w0100ms,wall_distance_bin,categorical,bayesian_place_decoder_derived_context,8398,3600,balanced_accuracy,,,,,,,,,,,,,,,0.32222222222222224,0.43458993437851784,0.28345370530913744,"[[705, 1529, 475], [63, 366, 297], [4, 72, 89]]","['near_wall', 'middle', 'center']"
sorted,sorted,region_pca,0.1,0.05,200,pca,region,3.0,12,,outputs/ratinabox_003/decoder_comparison/sorted/models/manifold_transforms/region_pca_k3_w0100ms,position,continuous,ridge,8398,3600,mean_position_error_cm,25.631924877620712,23.275952128737174,46.13253693706317,0.5374747819534544,0.6488335510593162,,,,,,,,,,,,,,
sorted,sorted,region_pca,0.1,0.05,200,pca,region,3.0,12,,outputs/ratinabox_003/decoder_comparison/sorted/models/manifold_transforms/region_pca_k3_w0100ms,position,continuous,pca_ridge,8398,3600,mean_position_error_cm,26.036540147881873,23.714381720553774,46.82174351548174,0.5116921717850862,0.6499456143700653,,,,,,,,,,,,,,
sorted,sorted,region_pca,0.1,0.05,200,pca,region,3.0,12,,outputs/ratinabox_003/decoder_comparison/sorted/models/manifold_transforms/region_pca_k3_w0100ms,position,continuous,random_forest_regressor,8398,3600,mean_position_error_cm,16.312514932295688,13.06306067379324,32.238629624652084,0.745550485517076,0.8561559484289056,,,,,,,,,,,,,,
sorted,sorted,region_pca,0.1,0.05,200,pca,region,3.0,12,,outputs/ratinabox_003/decoder_comparison/sorted/models/manifold_transforms/region_pca_k3_w0100ms,position,continuous,bayesian_place_decoder,8398,3600,mean_position_error_cm,22.098007840144927,18.678357910151547,42.239506253274584,0.5991206391230414,0.7122840772668215,,,,,,,,,,,,,,
sorted,sorted,region_pca,0.1,0.05,200,pca,region,3.0,12,,outputs/ratinabox_003/decoder_comparison/sorted/models/manifold_transforms/region_pca_k3_w0100ms,speed,continuous,ridge,8398,3600,r2,,,,,,0.5197454902528786,0.7248779550569215,2.9112760328742047,3.7423188183896476,,,,,,,,,,
sorted,sorted,region_pca,0.1,0.05,200,pca,region,3.0,12,,outputs/ratinabox_003/decoder_comparison/sorted/models/manifold_transforms/region_pca_k3_w0100ms,speed,continuous,pca_ridge,8398,3600,r2,,,,,,0.5197011878074667,0.7248419451090407,2.91151726032158,3.7424914248394,,,,,,,,,,
sorted,sorted,region_pca,0.1,0.05,200,pca,region,3.0,12,,outputs/ratinabox_003/decoder_comparison/sorted/models/manifold_transforms/region_pca_k3_w0100ms,speed,continuous,random_forest_regressor,8398,3600,r2,,,,,,0.5071721384408453,0.7162136316129277,2.9486774104297386,3.7909903921528016,,,,,,,,,,
sorted,sorted,region_pca,0.1,0.05,200,pca,region,3.0,12,,outputs/ratinabox_003/decoder_comparison/sorted/models/manifold_transforms/region_pca_k3_w0100ms,acceleration,continuous,ridge,8398,3600,r2,,,,,,0.02409169679099299,0.1557104292522394,31.619037360982208,41.58421195971314,,,,,,,,,,
sorted,sorted,region_pca,0.1,0.05,200,pca,region,3.0,12,,outputs/ratinabox_003/decoder_comparison/sorted/models/manifold_transforms/region_pca_k3_w0100ms,acceleration,continuous,pca_ridge,8398,3600,r2,,,,,,0.023598351779888893,0.15407408062584282,31.629592887426362,41.59472153901831,,,,,,,,,,
sorted,sorted,region_pca,0.1,0.05,200,pca,region,3.0,12,,outputs/ratinabox_003/decoder_comparison/sorted/models/manifold_transforms/region_pca_k3_w0100ms,acceleration,continuous,random_forest_regressor,8398,3600,r2,,,,,,0.010231346472962088,0.11955798332280664,31.90385120815894,41.87847099339414,,,,,,,,,,
sorted,sorted,region_pca,0.1,0.05,200,pca,region,3.0,12,,outputs/ratinabox_003/decoder_comparison/sorted/models/manifold_transforms/region_pca_k3_w0100ms,head_direction,continuous,ridge,8398,3600,mean_circular_error_deg,,,,,,,,,,20.25850547199636,16.473131019240903,41.34150239774289,,,,,,,
sorted,sorted,region_pca,0.1,0.05,200,pca,region,3.0,12,,outputs/ratinabox_003/decoder_comparison/sorted/models/manifold_transforms/region_pca_k3_w0100ms,head_direction,continuous,pca_ridge,8398,3600,mean_circular_error_deg,,,,,,,,,,20.258193280031772,16.425527051146506,41.36881474686875,,,,,,,
sorted,sorted,region_pca,0.1,0.05,200,pca,region,3.0,12,,outputs/ratinabox_003/decoder_comparison/sorted/models/manifold_transforms/region_pca_k3_w0100ms,head_direction,continuous,random_forest_regressor,8398,3600,mean_circular_error_deg,,,,,,,,,,20.719578790080888,16.449356113876163,42.698793987964045,,,,,,,
sorted,sorted,region_pca,0.1,0.05,200,pca,region,3.0,12,,outputs/ratinabox_003/decoder_comparison/sorted/models/manifold_transforms/region_pca_k3_w0100ms,distance_to_wall,continuous,ridge,8398,3600,r2,,,,,,-0.09799431045007934,0.4168856438924302,,,,,,7.340739791760442,8.84550002825624,,,,,
sorted,sorted,region_pca,0.1,0.05,200,pca,region,3.0,12,,outputs/ratinabox_003/decoder_comparison/sorted/models/manifold_transforms/region_pca_k3_w0100ms,distance_to_wall,continuous,pca_ridge,8398,3600,r2,,,,,,-0.10744437612529012,0.4100838843461865,,,,,,7.354225989106348,8.883483588984049,,,,,
sorted,sorted,region_pca,0.1,0.05,200,pca,region,3.0,12,,outputs/ratinabox_003/decoder_comparison/sorted/models/manifold_transforms/region_pca_k3_w0100ms,distance_to_wall,continuous,random_forest_regressor,8398,3600,r2,,,,,,0.3056671895975307,0.6542714094113066,,,,,,5.063439418125025,7.03406192645979,,,,,
sorted,sorted,region_pca,0.1,0.05,200,pca,region,3.0,12,,outputs/ratinabox_003/decoder_comparison/sorted/models/manifold_transforms/region_pca_k3_w0100ms,distance_to_wall,continuous,bayesian_place_decoder,8398,3600,r2,,,,,,-1.7028562086851369,0.3529021670798306,,,,,,10.322729701449543,13.878221489770686,,,,,
sorted,sorted,region_pca,0.1,0.05,200,pca,region,3.0,12,,outputs/ratinabox_003/decoder_comparison/sorted/models/manifold_transforms/region_pca_k3_w0100ms,spatial_context,categorical,logistic_regression,8398,3600,balanced_accuracy,,,,,,,,,,,,,,,0.465,0.5578795521342105,0.46573604804514046,"[[497, 5, 50], [453, 580, 535], [615, 268, 597]]","['center', 'corner', 'wall']"
sorted,sorted,region_pca,0.1,0.05,200,pca,region,3.0,12,,outputs/ratinabox_003/decoder_comparison/sorted/models/manifold_transforms/region_pca_k3_w0100ms,spatial_context,categorical,random_forest_classifier,8398,3600,balanced_accuracy,,,,,,,,,,,,,,,0.5911111111111111,0.6458906555179847,0.5868938942610354,"[[467, 8, 77], [325, 808, 435], [327, 300, 853]]","['center', 'corner', 'wall']"
sorted,sorted,region_pca,0.1,0.05,200,pca,region,3.0,12,,outputs/ratinabox_003/decoder_comparison/sorted/models/manifold_transforms/region_pca_k3_w0100ms,spatial_context,categorical,bayesian_place_decoder_derived_context,8398,3600,balanced_accuracy,,,,,,,,,,,,,,,0.4436111111111111,0.513148763226403,0.44165705244708,"[[425, 115, 12], [639, 582, 259], [604, 374, 590]]","['center', 'wall', 'corner']"
sorted,sorted,region_pca,0.1,0.05,200,pca,region,3.0,12,,outputs/ratinabox_003/decoder_comparison/sorted/models/manifold_transforms/region_pca_k3_w0100ms,movement_state,categorical,logistic_regression,8398,3600,balanced_accuracy,,,,,,,,,,,,,,,0.6113888888888889,0.6788275944743991,0.5227420799207764,"[[1316, 460, 49], [355, 770, 514], [2, 19, 115]]","['fast', 'slow', 'still']"
sorted,sorted,region_pca,0.1,0.05,200,pca,region,3.0,12,,outputs/ratinabox_003/decoder_comparison/sorted/models/manifold_transforms/region_pca_k3_w0100ms,movement_state,categorical,random_forest_classifier,8398,3600,balanced_accuracy,,,,,,,,,,,,,,,0.6669444444444445,0.5950761857142833,0.5472788868204953,"[[1355, 456, 14], [403, 986, 250], [2, 74, 60]]","['fast', 'slow', 'still']"
sorted,sorted,region_pca,0.1,0.05,200,pca,region,3.0,12,,outputs/ratinabox_003/decoder_comparison/sorted/models/manifold_transforms/region_pca_k3_w0100ms,wall_distance_bin,categorical,logistic_regression,8398,3600,balanced_accuracy,,,,,,,,,,,,,,,0.47833333333333333,0.6284898720416691,0.4352070530124772,"[[142, 21, 2], [209, 438, 79], [239, 1328, 1142]]","['center', 'middle', 'near_wall']"
sorted,sorted,region_pca,0.1,0.05,200,pca,region,3.0,12,,outputs/ratinabox_003/decoder_comparison/sorted/models/manifold_transforms/region_pca_k3_w0100ms,wall_distance_bin,categorical,random_forest_classifier,8398,3600,balanced_accuracy,,,,,,,,,,,,,,,0.6808333333333333,0.6521927215373304,0.5550163647407356,"[[98, 60, 7], [110, 490, 126], [147, 699, 1863]]","['center', 'middle', 'near_wall']"
sorted,sorted,region_pca,0.1,0.05,200,pca,region,3.0,12,,outputs/ratinabox_003/decoder_comparison/sorted/models/manifold_transforms/region_pca_k3_w0100ms,wall_distance_bin,categorical,bayesian_place_decoder_derived_context,8398,3600,balanced_accuracy,,,,,,,,,,,,,,,0.4625,0.5245266517993791,0.3916732104794898,"[[1118, 1292, 299], [115, 460, 151], [2, 76, 87]]","['near_wall', 'middle', 'center']"
sorted,sorted,counts,0.25,0.05,200,none,,,200,,outputs/ratinabox_003/decoder_comparison/sorted/models/manifold_transforms/counts_w0250ms,position,continuous,ridge,8396,3599,mean_position_error_cm,14.447492217225685,13.167007996920718,25.284673276117456,0.8743680258008267,0.8676844139783345,,,,,,,,,,,,,,
sorted,sorted,counts,0.25,0.05,200,none,,,200,,outputs/ratinabox_003/decoder_comparison/sorted/models/manifold_transforms/counts_w0250ms,position,continuous,pca_ridge,8396,3599,mean_position_error_cm,14.498708054389418,13.200858662357925,25.562993441684863,0.8725882021918075,0.8669169507029848,,,,,,,,,,,,,,
sorted,sorted,counts,0.25,0.05,200,none,,,200,,outputs/ratinabox_003/decoder_comparison/sorted/models/manifold_transforms/counts_w0250ms,position,continuous,random_forest_regressor,8396,3599,mean_position_error_cm,13.10575441826282,10.275166937149036,25.55587138581454,0.8674395604300643,0.868442391802109,,,,,,,,,,,,,,
sorted,sorted,counts,0.25,0.05,200,none,,,200,,outputs/ratinabox_003/decoder_comparison/sorted/models/manifold_transforms/counts_w0250ms,position,continuous,bayesian_place_decoder,8396,3599,mean_position_error_cm,16.55601946514381,11.86408246234294,37.193926669484284,0.6424992763327767,0.8842256025386638,,,,,,,,,,,,,,
sorted,sorted,counts,0.25,0.05,200,none,,,200,,outputs/ratinabox_003/decoder_comparison/sorted/models/manifold_transforms/counts_w0250ms,speed,continuous,ridge,8396,3599,r2,,,,,,0.5498825102145055,0.7468732900509109,2.8211088152415535,3.6233516770953536,,,,,,,,,,
sorted,sorted,counts,0.25,0.05,200,none,,,200,,outputs/ratinabox_003/decoder_comparison/sorted/models/manifold_transforms/counts_w0250ms,speed,continuous,pca_ridge,8396,3599,r2,,,,,,0.5567016900007351,0.7524679706306472,2.8008541532208393,3.595800444373184,,,,,,,,,,
sorted,sorted,counts,0.25,0.05,200,none,,,200,,outputs/ratinabox_003/decoder_comparison/sorted/models/manifold_transforms/counts_w0250ms,speed,continuous,random_forest_regressor,8396,3599,r2,,,,,,0.4859810856524097,0.7196104136811539,2.989808091436453,3.872015560530898,,,,,,,,,,
sorted,sorted,counts,0.25,0.05,200,none,,,200,,outputs/ratinabox_003/decoder_comparison/sorted/models/manifold_transforms/counts_w0250ms,acceleration,continuous,ridge,8396,3599,r2,,,,,,0.001389290385168107,0.11499982880122989,31.932186533487474,42.03806243045471,,,,,,,,,,
sorted,sorted,counts,0.25,0.05,200,none,,,200,,outputs/ratinabox_003/decoder_comparison/sorted/models/manifold_transforms/counts_w0250ms,acceleration,continuous,pca_ridge,8396,3599,r2,,,,,,0.006689368925948513,0.12258872357085907,31.818993339533254,41.92635651275588,,,,,,,,,,
sorted,sorted,counts,0.25,0.05,200,none,,,200,,outputs/ratinabox_003/decoder_comparison/sorted/models/manifold_transforms/counts_w0250ms,acceleration,continuous,random_forest_regressor,8396,3599,r2,,,,,,0.016379518724035647,0.12885841945663914,31.65468314833055,41.7213509667055,,,,,,,,,,
sorted,sorted,counts,0.25,0.05,200,none,,,200,,outputs/ratinabox_003/decoder_comparison/sorted/models/manifold_transforms/counts_w0250ms,head_direction,continuous,ridge,8396,3599,mean_circular_error_deg,,,,,,,,,,17.15307420052561,14.518453259613716,35.045965264872535,,,,,,,
sorted,sorted,counts,0.25,0.05,200,none,,,200,,outputs/ratinabox_003/decoder_comparison/sorted/models/manifold_transforms/counts_w0250ms,head_direction,continuous,pca_ridge,8396,3599,mean_circular_error_deg,,,,,,,,,,16.993915563030676,14.211761474920833,35.03849166604251,,,,,,,
sorted,sorted,counts,0.25,0.05,200,none,,,200,,outputs/ratinabox_003/decoder_comparison/sorted/models/manifold_transforms/counts_w0250ms,head_direction,continuous,random_forest_regressor,8396,3599,mean_circular_error_deg,,,,,,,,,,18.87981664623208,15.6862118212833,38.59987210834808,,,,,,,
sorted,sorted,counts,0.25,0.05,200,none,,,200,,outputs/ratinabox_003/decoder_comparison/sorted/models/manifold_transforms/counts_w0250ms,distance_to_wall,continuous,ridge,8396,3599,r2,,,,,,0.638032373602683,0.8059627931316897,,,,,,4.053934947019221,5.0790603893040895,,,,,
sorted,sorted,counts,0.25,0.05,200,none,,,200,,outputs/ratinabox_003/decoder_comparison/sorted/models/manifold_transforms/counts_w0250ms,distance_to_wall,continuous,pca_ridge,8396,3599,r2,,,,,,0.6427500971445175,0.8083283401082516,,,,,,4.025345769877409,5.045852734534619,,,,,
sorted,sorted,counts,0.25,0.05,200,none,,,200,,outputs/ratinabox_003/decoder_comparison/sorted/models/manifold_transforms/counts_w0250ms,distance_to_wall,continuous,random_forest_regressor,8396,3599,r2,,,,,,0.6461683111134526,0.8085591539010812,,,,,,3.5684422061533265,5.021655023010939,,,,,
sorted,sorted,counts,0.25,0.05,200,none,,,200,,outputs/ratinabox_003/decoder_comparison/sorted/models/manifold_transforms/counts_w0250ms,distance_to_wall,continuous,bayesian_place_decoder,8396,3599,r2,,,,,,0.35148730299672304,0.6540424522614036,,,,,,4.095119198813148,6.798416273183305,,,,,
sorted,sorted,counts,0.25,0.05,200,none,,,200,,outputs/ratinabox_003/decoder_comparison/sorted/models/manifold_transforms/counts_w0250ms,spatial_context,categorical,logistic_regression,8396,3599,balanced_accuracy,,,,,,,,,,,,,,,0.7304806890803001,0.7545975646021427,0.7406761151880774,"[[463, 10, 79], [45, 1026, 496], [128, 212, 1140]]","['center', 'corner', 'wall']"
sorted,sorted,counts,0.25,0.05,200,none,,,200,,outputs/ratinabox_003/decoder_comparison/sorted/models/manifold_transforms/counts_w0250ms,spatial_context,categorical,random_forest_classifier,8396,3599,balanced_accuracy,,,,,,,,,,,,,,,0.7363156432342317,0.7701327767100081,0.7496220231591838,"[[492, 6, 54], [49, 1040, 478], [133, 229, 1118]]","['center', 'corner', 'wall']"
sorted,sorted,counts,0.25,0.05,200,none,,,200,,outputs/ratinabox_003/decoder_comparison/sorted/models/manifold_transforms/counts_w0250ms,spatial_context,categorical,bayesian_place_decoder_derived_context,8396,3599,balanced_accuracy,,,,,,,,,,,,,,,0.640177827174215,0.6052998324480803,0.6186723712068116,"[[264, 160, 128], [86, 954, 440], [60, 421, 1086]]","['center', 'wall', 'corner']"
sorted,sorted,counts,0.25,0.05,200,none,,,200,,outputs/ratinabox_003/decoder_comparison/sorted/models/manifold_transforms/counts_w0250ms,movement_state,categorical,logistic_regression,8396,3599,balanced_accuracy,,,,,,,,,,,,,,,0.6615726590719644,0.5846780892429563,0.5341659027134041,"[[1341, 437, 47], [371, 983, 284], [3, 76, 57]]","['fast', 'slow', 'still']"
sorted,sorted,counts,0.25,0.05,200,none,,,200,,outputs/ratinabox_003/decoder_comparison/sorted/models/manifold_transforms/counts_w0250ms,movement_state,categorical,random_forest_classifier,8396,3599,balanced_accuracy,,,,,,,,,,,,,,,0.711864406779661,0.5357946018824342,0.5422487790054854,"[[1356, 469, 0], [382, 1187, 69], [4, 113, 19]]","['fast', 'slow', 'still']"
sorted,sorted,counts,0.25,0.05,200,none,,,200,,outputs/ratinabox_003/decoder_comparison/sorted/models/manifold_transforms/counts_w0250ms,wall_distance_bin,categorical,logistic_regression,8396,3599,balanced_accuracy,,,,,,,,,,,,,,,0.7866073909419283,0.7179685942274904,0.6692115907833748,"[[100, 64, 1], [81, 535, 110], [23, 489, 2196]]","['center', 'middle', 'near_wall']"
sorted,sorted,counts,0.25,0.05,200,none,,,200,,outputs/ratinabox_003/decoder_comparison/sorted/models/manifold_transforms/counts_w0250ms,wall_distance_bin,categorical,random_forest_classifier,8396,3599,balanced_accuracy,,,,,,,,,,,,,,,0.8402333981661573,0.7193938173191564,0.7256967512251298,"[[90, 74, 1], [36, 525, 165], [0, 299, 2409]]","['center', 'middle', 'near_wall']"
sorted,sorted,counts,0.25,0.05,200,none,,,200,,outputs/ratinabox_003/decoder_comparison/sorted/models/manifold_transforms/counts_w0250ms,wall_distance_bin,categorical,bayesian_place_decoder_derived_context,8396,3599,balanced_accuracy,,,,,,,,,,,,,,,0.801333703806613,0.5427634068630444,0.5695082945365363,"[[2525, 181, 2], [354, 316, 56], [56, 66, 43]]","['near_wall', 'middle', 'center']"
sorted,sorted,global_pca,0.25,0.05,200,pca,,3.0,3,"[0.09505787364307501, 0.06447191824466415, 0.04654562218650816]",outputs/ratinabox_003/decoder_comparison/sorted/models/manifold_transforms/global_pca_k3_w0250ms,position,continuous,ridge,8396,3599,mean_position_error_cm,24.98848099183948,23.9783624786339,41.62403908238786,0.5433399738130033,0.7140016561655651,,,,,,,,,,,,,,
sorted,sorted,global_pca,0.25,0.05,200,pca,,3.0,3,"[0.09505787364307501, 0.06447191824466415, 0.04654562218650816]",outputs/ratinabox_003/decoder_comparison/sorted/models/manifold_transforms/global_pca_k3_w0250ms,position,continuous,pca_ridge,8396,3599,mean_position_error_cm,24.988480991839502,23.97836247863387,41.62403908238786,0.5433399738130023,0.7140016561655649,,,,,,,,,,,,,,
sorted,sorted,global_pca,0.25,0.05,200,pca,,3.0,3,"[0.09505787364307501, 0.06447191824466415, 0.04654562218650816]",outputs/ratinabox_003/decoder_comparison/sorted/models/manifold_transforms/global_pca_k3_w0250ms,position,continuous,random_forest_regressor,8396,3599,mean_position_error_cm,20.7794606454192,16.88236232228919,41.3453720945801,0.5560018017874333,0.8114524221156396,,,,,,,,,,,,,,
sorted,sorted,global_pca,0.25,0.05,200,pca,,3.0,3,"[0.09505787364307501, 0.06447191824466415, 0.04654562218650816]",outputs/ratinabox_003/decoder_comparison/sorted/models/manifold_transforms/global_pca_k3_w0250ms,position,continuous,bayesian_place_decoder,8396,3599,mean_position_error_cm,26.05521598461487,25.07701945052897,43.44985162426153,0.46295204534263046,0.7073771896177583,,,,,,,,,,,,,,
sorted,sorted,global_pca,0.25,0.05,200,pca,,3.0,3,"[0.09505787364307501, 0.06447191824466415, 0.04654562218650816]",outputs/ratinabox_003/decoder_comparison/sorted/models/manifold_transforms/global_pca_k3_w0250ms,speed,continuous,ridge,8396,3599,r2,,,,,,-0.015181246175970609,0.05305373415882861,4.320275235174717,5.441508815358913,,,,,,,,,,
sorted,sorted,global_pca,0.25,0.05,200,pca,,3.0,3,"[0.09505787364307501, 0.06447191824466415, 0.04654562218650816]",outputs/ratinabox_003/decoder_comparison/sorted/models/manifold_transforms/global_pca_k3_w0250ms,speed,continuous,pca_ridge,8396,3599,r2,,,,,,-0.015181246175970609,0.053053734158828594,4.320275235174717,5.441508815358913,,,,,,,,,,
sorted,sorted,global_pca,0.25,0.05,200,pca,,3.0,3,"[0.09505787364307501, 0.06447191824466415, 0.04654562218650816]",outputs/ratinabox_003/decoder_comparison/sorted/models/manifold_transforms/global_pca_k3_w0250ms,speed,continuous,random_forest_regressor,8396,3599,r2,,,,,,-0.09523758076511313,0.03435873514358064,4.5074475690358655,5.651994265947371,,,,,,,,,,
sorted,sorted,global_pca,0.25,0.05,200,pca,,3.0,3,"[0.09505787364307501, 0.06447191824466415, 0.04654562218650816]",outputs/ratinabox_003/decoder_comparison/sorted/models/manifold_transforms/global_pca_k3_w0250ms,acceleration,continuous,ridge,8396,3599,r2,,,,,,0.0008514411699004354,0.029580992175301756,31.9094453109285,42.04938170384651,,,,,,,,,,
sorted,sorted,global_pca,0.25,0.05,200,pca,,3.0,3,"[0.09505787364307501, 0.06447191824466415, 0.04654562218650816]",outputs/ratinabox_003/decoder_comparison/sorted/models/manifold_transforms/global_pca_k3_w0250ms,acceleration,continuous,pca_ridge,8396,3599,r2,,,,,,0.0008514411699004354,0.029580992175301777,31.9094453109285,42.04938170384651,,,,,,,,,,
sorted,sorted,global_pca,0.25,0.05,200,pca,,3.0,3,"[0.09505787364307501, 0.06447191824466415, 0.04654562218650816]",outputs/ratinabox_003/decoder_comparison/sorted/models/manifold_transforms/global_pca_k3_w0250ms,acceleration,continuous,random_forest_regressor,8396,3599,r2,,,,,,-0.005230835351294649,0.01731723167982789,32.05306769510079,42.177174472494556,,,,,,,,,,
sorted,sorted,global_pca,0.25,0.05,200,pca,,3.0,3,"[0.09505787364307501, 0.06447191824466415, 0.04654562218650816]",outputs/ratinabox_003/decoder_comparison/sorted/models/manifold_transforms/global_pca_k3_w0250ms,head_direction,continuous,ridge,8396,3599,mean_circular_error_deg,,,,,,,,,,31.370981959306533,23.697882135144283,67.16374771588863,,,,,,,
sorted,sorted,global_pca,0.25,0.05,200,pca,,3.0,3,"[0.09505787364307501, 0.06447191824466415, 0.04654562218650816]",outputs/ratinabox_003/decoder_comparison/sorted/models/manifold_transforms/global_pca_k3_w0250ms,head_direction,continuous,pca_ridge,8396,3599,mean_circular_error_deg,,,,,,,,,,31.370981959306533,23.69788213514428,67.16374771588859,,,,,,,
sorted,sorted,global_pca,0.25,0.05,200,pca,,3.0,3,"[0.09505787364307501, 0.06447191824466415, 0.04654562218650816]",outputs/ratinabox_003/decoder_comparison/sorted/models/manifold_transforms/global_pca_k3_w0250ms,head_direction,continuous,random_forest_regressor,8396,3599,mean_circular_error_deg,,,,,,,,,,33.489103694352785,25.135902759294144,71.14735121778857,,,,,,,
sorted,sorted,global_pca,0.25,0.05,200,pca,,3.0,3,"[0.09505787364307501, 0.06447191824466415, 0.04654562218650816]",outputs/ratinabox_003/decoder_comparison/sorted/models/manifold_transforms/global_pca_k3_w0250ms,distance_to_wall,continuous,ridge,8396,3599,r2,,,,,,-0.20672945143488342,0.21985676124193357,,,,,,7.8528280436084055,9.273709078927824,,,,,
sorted,sorted,global_pca,0.25,0.05,200,pca,,3.0,3,"[0.09505787364307501, 0.06447191824466415, 0.04654562218650816]",outputs/ratinabox_003/decoder_comparison/sorted/models/manifold_transforms/global_pca_k3_w0250ms,distance_to_wall,continuous,pca_ridge,8396,3599,r2,,,,,,-0.20672945143488386,0.21985676124193335,,,,,,7.852828043608405,9.273709078927824,,,,,
sorted,sorted,global_pca,0.25,0.05,200,pca,,3.0,3,"[0.09505787364307501, 0.06447191824466415, 0.04654562218650816]",outputs/ratinabox_003/decoder_comparison/sorted/models/manifold_transforms/global_pca_k3_w0250ms,distance_to_wall,continuous,random_forest_regressor,8396,3599,r2,,,,,,-0.2663453916529419,0.35220897557895486,,,,,,7.098453756825667,9.500021731286948,,,,,
sorted,sorted,global_pca,0.25,0.05,200,pca,,3.0,3,"[0.09505787364307501, 0.06447191824466415, 0.04654562218650816]",outputs/ratinabox_003/decoder_comparison/sorted/models/manifold_transforms/global_pca_k3_w0250ms,distance_to_wall,continuous,bayesian_place_decoder,8396,3599,r2,,,,,,-1.709388068482638,0.3705303694268874,,,,,,11.014551685499649,13.89581804015758,,,,,
sorted,sorted,global_pca,0.25,0.05,200,pca,,3.0,3,"[0.09505787364307501, 0.06447191824466415, 0.04654562218650816]",outputs/ratinabox_003/decoder_comparison/sorted/models/manifold_transforms/global_pca_k3_w0250ms,spatial_context,categorical,logistic_regression,8396,3599,balanced_accuracy,,,,,,,,,,,,,,,0.3273131425395943,0.39957382953831444,0.3180342731483815,"[[374, 80, 98], [685, 588, 294], [834, 430, 216]]","['center', 'corner', 'wall']"
sorted,sorted,global_pca,0.25,0.05,200,pca,,3.0,3,"[0.09505787364307501, 0.06447191824466415, 0.04654562218650816]",outputs/ratinabox_003/decoder_comparison/sorted/models/manifold_transforms/global_pca_k3_w0250ms,spatial_context,categorical,random_forest_classifier,8396,3599,balanced_accuracy,,,,,,,,,,,,,,,0.46874131703250904,0.5213305992099588,0.46298417242392326,"[[396, 92, 64], [583, 685, 299], [493, 381, 606]]","['center', 'corner', 'wall']"
sorted,sorted,global_pca,0.25,0.05,200,pca,,3.0,3,"[0.09505787364307501, 0.06447191824466415, 0.04654562218650816]",outputs/ratinabox_003/decoder_comparison/sorted/models/manifold_transforms/global_pca_k3_w0250ms,spatial_context,categorical,bayesian_place_decoder_derived_context,8396,3599,balanced_accuracy,,,,,,,,,,,,,,,0.38816337871631007,0.4553980314211718,0.38264476363319094,"[[384, 114, 54], [555, 642, 283], [551, 645, 371]]","['center', 'wall', 'corner']"
sorted,sorted,global_pca,0.25,0.05,200,pca,,3.0,3,"[0.09505787364307501, 0.06447191824466415, 0.04654562218650816]",outputs/ratinabox_003/decoder_comparison/sorted/models/manifold_transforms/global_pca_k3_w0250ms,movement_state,categorical,logistic_regression,8396,3599,balanced_accuracy,,,,,,,,,,,,,,,0.38955265351486523,0.3035384225110253,0.30130841653294577,"[[958, 397, 470], [744, 427, 467], [73, 46, 17]]","['fast', 'slow', 'still']"
sorted,sorted,global_pca,0.25,0.05,200,pca,,3.0,3,"[0.09505787364307501, 0.06447191824466415, 0.04654562218650816]",outputs/ratinabox_003/decoder_comparison/sorted/models/manifold_transforms/global_pca_k3_w0250ms,movement_state,categorical,random_forest_classifier,8396,3599,balanced_accuracy,,,,,,,,,,,,,,,0.47513198110586274,0.35244419322582093,0.35029558777374975,"[[864, 798, 163], [691, 836, 111], [69, 57, 10]]","['fast', 'slow', 'still']"
sorted,sorted,global_pca,0.25,0.05,200,pca,,3.0,3,"[0.09505787364307501, 0.06447191824466415, 0.04654562218650816]",outputs/ratinabox_003/decoder_comparison/sorted/models/manifold_transforms/global_pca_k3_w0250ms,wall_distance_bin,categorical,logistic_regression,8396,3599,balanced_accuracy,,,,,,,,,,,,,,,0.35120866907474296,0.30454708220922805,0.2576947848497403,"[[50, 90, 25], [380, 161, 185], [475, 1180, 1053]]","['center', 'middle', 'near_wall']"
sorted,sorted,global_pca,0.25,0.05,200,pca,,3.0,3,"[0.09505787364307501, 0.06447191824466415, 0.04654562218650816]",outputs/ratinabox_003/decoder_comparison/sorted/models/manifold_transforms/global_pca_k3_w0250ms,wall_distance_bin,categorical,random_forest_classifier,8396,3599,balanced_accuracy,,,,,,,,,,,,,,,0.4784662406223951,0.413703708224992,0.3545460919997853,"[[47, 95, 23], [276, 335, 115], [453, 915, 1340]]","['center', 'middle', 'near_wall']"
sorted,sorted,global_pca,0.25,0.05,200,pca,,3.0,3,"[0.09505787364307501, 0.06447191824466415, 0.04654562218650816]",outputs/ratinabox_003/decoder_comparison/sorted/models/manifold_transforms/global_pca_k3_w0250ms,wall_distance_bin,categorical,bayesian_place_decoder_derived_context,8396,3599,balanced_accuracy,,,,,,,,,,,,,,,0.3642678521811614,0.4503893507384846,0.31895846088970675,"[[804, 1631, 273], [87, 431, 208], [3, 86, 76]]","['near_wall', 'middle', 'center']"
sorted,sorted,region_pca,0.25,0.05,200,pca,region,3.0,12,,outputs/ratinabox_003/decoder_comparison/sorted/models/manifold_transforms/region_pca_k3_w0250ms,position,continuous,ridge,8396,3599,mean_position_error_cm,21.130127137511245,18.292261082102243,40.79488560061559,0.6624575670633032,0.7487261733403794,,,,,,,,,,,,,,
sorted,sorted,region_pca,0.25,0.05,200,pca,region,3.0,12,,outputs/ratinabox_003/decoder_comparison/sorted/models/manifold_transforms/region_pca_k3_w0250ms,position,continuous,pca_ridge,8396,3599,mean_position_error_cm,21.72422443613176,18.982420677892843,41.708508177931165,0.6299650887590293,0.7482222116694475,,,,,,,,,,,,,,
sorted,sorted,region_pca,0.25,0.05,200,pca,region,3.0,12,,outputs/ratinabox_003/decoder_comparison/sorted/models/manifold_transforms/region_pca_k3_w0250ms,position,continuous,random_forest_regressor,8396,3599,mean_position_error_cm,10.162883478569807,7.850781571239085,20.972831000518497,0.8988244654595596,0.9368517817487784,,,,,,,,,,,,,,
sorted,sorted,region_pca,0.25,0.05,200,pca,region,3.0,12,,outputs/ratinabox_003/decoder_comparison/sorted/models/manifold_transforms/region_pca_k3_w0250ms,position,continuous,bayesian_place_decoder,8396,3599,mean_position_error_cm,19.31149202893592,16.145873530374296,38.291010533569775,0.6717018933053518,0.777329886649909,,,,,,,,,,,,,,
sorted,sorted,region_pca,0.25,0.05,200,pca,region,3.0,12,,outputs/ratinabox_003/decoder_comparison/sorted/models/manifold_transforms/region_pca_k3_w0250ms,speed,continuous,ridge,8396,3599,r2,,,,,,0.572568464791637,0.761090114816419,2.758288831081387,3.530862652520454,,,,,,,,,,
sorted,sorted,region_pca,0.25,0.05,200,pca,region,3.0,12,,outputs/ratinabox_003/decoder_comparison/sorted/models/manifold_transforms/region_pca_k3_w0250ms,speed,continuous,pca_ridge,8396,3599,r2,,,,,,0.5723648482620616,0.7609320357858801,2.7589012319064987,3.5317035549105213,,,,,,,,,,
sorted,sorted,region_pca,0.25,0.05,200,pca,region,3.0,12,,outputs/ratinabox_003/decoder_comparison/sorted/models/manifold_transforms/region_pca_k3_w0250ms,speed,continuous,random_forest_regressor,8396,3599,r2,,,,,,0.5560130843418415,0.7492138157784264,2.7943691674692994,3.598592162337145,,,,,,,,,,
sorted,sorted,region_pca,0.25,0.05,200,pca,region,3.0,12,,outputs/ratinabox_003/decoder_comparison/sorted/models/manifold_transforms/region_pca_k3_w0250ms,acceleration,continuous,ridge,8396,3599,r2,,,,,,0.022102417364520677,0.14919392704908693,31.608459386913793,41.5998023715918,,,,,,,,,,
sorted,sorted,region_pca,0.25,0.05,200,pca,region,3.0,12,,outputs/ratinabox_003/decoder_comparison/sorted/models/manifold_transforms/region_pca_k3_w0250ms,acceleration,continuous,pca_ridge,8396,3599,r2,,,,,,0.022121372941507955,0.14923244347330325,31.608060832399286,41.599399184135436,,,,,,,,,,
sorted,sorted,region_pca,0.25,0.05,200,pca,region,3.0,12,,outputs/ratinabox_003/decoder_comparison/sorted/models/manifold_transforms/region_pca_k3_w0250ms,acceleration,continuous,random_forest_regressor,8396,3599,r2,,,,,,0.0179226241477628,0.14054062864696654,31.715023640754357,41.68861185947376,,,,,,,,,,
sorted,sorted,region_pca,0.25,0.05,200,pca,region,3.0,12,,outputs/ratinabox_003/decoder_comparison/sorted/models/manifold_transforms/region_pca_k3_w0250ms,head_direction,continuous,ridge,8396,3599,mean_circular_error_deg,,,,,,,,,,16.41810414198661,14.034901451680621,33.876036040502996,,,,,,,
sorted,sorted,region_pca,0.25,0.05,200,pca,region,3.0,12,,outputs/ratinabox_003/decoder_comparison/sorted/models/manifold_transforms/region_pca_k3_w0250ms,head_direction,continuous,pca_ridge,8396,3599,mean_circular_error_deg,,,,,,,,,,16.414955703171874,14.040973172495974,33.86500047344389,,,,,,,
sorted,sorted,region_pca,0.25,0.05,200,pca,region,3.0,12,,outputs/ratinabox_003/decoder_comparison/sorted/models/manifold_transforms/region_pca_k3_w0250ms,head_direction,continuous,random_forest_regressor,8396,3599,mean_circular_error_deg,,,,,,,,,,16.791334482681766,14.141241395067505,34.63219531477962,,,,,,,
sorted,sorted,region_pca,0.25,0.05,200,pca,region,3.0,12,,outputs/ratinabox_003/decoder_comparison/sorted/models/manifold_transforms/region_pca_k3_w0250ms,distance_to_wall,continuous,ridge,8396,3599,r2,,,,,,-0.02246244906175532,0.5005662288266993,,,,,,7.03411125559524,8.536349642229402,,,,,
sorted,sorted,region_pca,0.25,0.05,200,pca,region,3.0,12,,outputs/ratinabox_003/decoder_comparison/sorted/models/manifold_transforms/region_pca_k3_w0250ms,distance_to_wall,continuous,pca_ridge,8396,3599,r2,,,,,,-0.010473810016776053,0.5123582480844375,,,,,,7.045364461114469,8.486156613168458,,,,,
sorted,sorted,region_pca,0.25,0.05,200,pca,region,3.0,12,,outputs/ratinabox_003/decoder_comparison/sorted/models/manifold_transforms/region_pca_k3_w0250ms,distance_to_wall,continuous,random_forest_regressor,8396,3599,r2,,,,,,0.5978891381452229,0.8080423655684458,,,,,,3.5022204721628536,5.353297926949461,,,,,
sorted,sorted,region_pca,0.25,0.05,200,pca,region,3.0,12,,outputs/ratinabox_003/decoder_comparison/sorted/models/manifold_transforms/region_pca_k3_w0250ms,distance_to_wall,continuous,bayesian_place_decoder,8396,3599,r2,,,,,,-1.3161130024327283,0.3371949722416025,,,,,,9.176028045561708,12.847788656459553,,,,,
sorted,sorted,region_pca,0.25,0.05,200,pca,region,3.0,12,,outputs/ratinabox_003/decoder_comparison/sorted/models/manifold_transforms/region_pca_k3_w0250ms,spatial_context,categorical,logistic_regression,8396,3599,balanced_accuracy,,,,,,,,,,,,,,,0.513475965545985,0.6069955571953297,0.5155575214262683,"[[524, 0, 28], [328, 610, 629], [556, 210, 714]]","['center', 'corner', 'wall']"
sorted,sorted,region_pca,0.25,0.05,200,pca,region,3.0,12,,outputs/ratinabox_003/decoder_comparison/sorted/models/manifold_transforms/region_pca_k3_w0250ms,spatial_context,categorical,random_forest_classifier,8396,3599,balanced_accuracy,,,,,,,,,,,,,,,0.7546540705751598,0.7914165115422017,0.7508318940542077,"[[511, 11, 30], [140, 1102, 325], [193, 184, 1103]]","['center', 'corner', 'wall']"
sorted,sorted,region_pca,0.25,0.05,200,pca,region,3.0,12,,outputs/ratinabox_003/decoder_comparison/sorted/models/manifold_transforms/region_pca_k3_w0250ms,spatial_context,categorical,bayesian_place_decoder_derived_context,8396,3599,balanced_accuracy,,,,,,,,,,,,,,,0.4926368435676577,0.5370421224476328,0.4847442993897097,"[[387, 118, 47], [565, 681, 234], [485, 377, 705]]","['center', 'wall', 'corner']"
sorted,sorted,region_pca,0.25,0.05,200,pca,region,3.0,12,,outputs/ratinabox_003/decoder_comparison/sorted/models/manifold_transforms/region_pca_k3_w0250ms,movement_state,categorical,logistic_regression,8396,3599,balanced_accuracy,,,,,,,,,,,,,,,0.6335093081411504,0.705361339946352,0.5439123467216869,"[[1358, 445, 22], [328, 802, 508], [3, 13, 120]]","['fast', 'slow', 'still']"
sorted,sorted,region_pca,0.25,0.05,200,pca,region,3.0,12,,outputs/ratinabox_003/decoder_comparison/sorted/models/manifold_transforms/region_pca_k3_w0250ms,movement_state,categorical,random_forest_classifier,8396,3599,balanced_accuracy,,,,,,,,,,,,,,,0.6735204223395388,0.6021474453263334,0.5520442577499153,"[[1354, 464, 7], [359, 1009, 270], [3, 72, 61]]","['fast', 'slow', 'still']"
sorted,sorted,region_pca,0.25,0.05,200,pca,region,3.0,12,,outputs/ratinabox_003/decoder_comparison/sorted/models/manifold_transforms/region_pca_k3_w0250ms,wall_distance_bin,categorical,logistic_regression,8396,3599,balanced_accuracy,,,,,,,,,,,,,,,0.5001389274798556,0.6834232617568189,0.5077011692720302,"[[154, 11, 0], [139, 505, 82], [80, 1487, 1141]]","['center', 'middle', 'near_wall']"
sorted,sorted,region_pca,0.25,0.05,200,pca,region,3.0,12,,outputs/ratinabox_003/decoder_comparison/sorted/models/manifold_transforms/region_pca_k3_w0250ms,wall_distance_bin,categorical,random_forest_classifier,8396,3599,balanced_accuracy,,,,,,,,,,,,,,,0.7932759099749931,0.7756243786054448,0.7029819688287858,"[[126, 39, 0], [70, 551, 105], [42, 488, 2178]]","['center', 'middle', 'near_wall']"
sorted,sorted,region_pca,0.25,0.05,200,pca,region,3.0,12,,outputs/ratinabox_003/decoder_comparison/sorted/models/manifold_transforms/region_pca_k3_w0250ms,wall_distance_bin,categorical,bayesian_place_decoder_derived_context,8396,3599,balanced_accuracy,,,,,,,,,,,,,,,0.5190330647402056,0.520751017628955,0.4190948764306806,"[[1351, 1077, 280], [183, 442, 101], [14, 76, 75]]","['near_wall', 'middle', 'center']"
sorted,sorted,counts,0.5,0.05,200,none,,,200,,outputs/ratinabox_003/decoder_comparison/sorted/models/manifold_transforms/counts_w0500ms,position,continuous,ridge,8393,3597,mean_position_error_cm,11.8740939899866,10.98638644893229,20.28743207400538,0.9228162577522653,0.9048124326163778,,,,,,,,,,,,,,
sorted,sorted,counts,0.5,0.05,200,none,,,200,,outputs/ratinabox_003/decoder_comparison/sorted/models/manifold_transforms/counts_w0500ms,position,continuous,pca_ridge,8393,3597,mean_position_error_cm,11.848845593318618,10.936899885288227,20.728124233448387,0.9210447356130478,0.9057744582308174,,,,,,,,,,,,,,
sorted,sorted,counts,0.5,0.05,200,none,,,200,,outputs/ratinabox_003/decoder_comparison/sorted/models/manifold_transforms/counts_w0500ms,position,continuous,random_forest_regressor,8393,3597,mean_position_error_cm,8.122944989377162,6.531833751294835,15.641787692400822,0.939085797630078,0.9588035622505833,,,,,,,,,,,,,,
sorted,sorted,counts,0.5,0.05,200,none,,,200,,outputs/ratinabox_003/decoder_comparison/sorted/models/manifold_transforms/counts_w0500ms,position,continuous,bayesian_place_decoder,8393,3597,mean_position_error_cm,14.032725708708199,10.009442097918393,31.928559869731302,0.7236430230647535,0.9317050582926701,,,,,,,,,,,,,,
sorted,sorted,counts,0.5,0.05,200,none,,,200,,outputs/ratinabox_003/decoder_comparison/sorted/models/manifold_transforms/counts_w0500ms,speed,continuous,ridge,8393,3597,r2,,,,,,0.4091108406605105,0.6576725367243653,3.2007242410820593,4.152537075879547,,,,,,,,,,
sorted,sorted,counts,0.5,0.05,200,none,,,200,,outputs/ratinabox_003/decoder_comparison/sorted/models/manifold_transforms/counts_w0500ms,speed,continuous,pca_ridge,8393,3597,r2,,,,,,0.41318328507869684,0.6650938637619067,3.183391183643318,4.1382025641651285,,,,,,,,,,
sorted,sorted,counts,0.5,0.05,200,none,,,200,,outputs/ratinabox_003/decoder_comparison/sorted/models/manifold_transforms/counts_w0500ms,speed,continuous,random_forest_regressor,8393,3597,r2,,,,,,0.43210602215672955,0.6744801883544557,3.171500343428787,4.070934729018709,,,,,,,,,,
sorted,sorted,counts,0.5,0.05,200,none,,,200,,outputs/ratinabox_003/decoder_comparison/sorted/models/manifold_transforms/counts_w0500ms,acceleration,continuous,ridge,8393,3597,r2,,,,,,0.0009939869731951934,0.11301804972047569,32.043127507736095,42.05509737055888,,,,,,,,,,
sorted,sorted,counts,0.5,0.05,200,none,,,200,,outputs/ratinabox_003/decoder_comparison/sorted/models/manifold_transforms/counts_w0500ms,acceleration,continuous,pca_ridge,8393,3597,r2,,,,,,0.0008521504196911112,0.11103332363049107,32.04247490366191,42.058082707124996,,,,,,,,,,
sorted,sorted,counts,0.5,0.05,200,none,,,200,,outputs/ratinabox_003/decoder_comparison/sorted/models/manifold_transforms/counts_w0500ms,acceleration,continuous,random_forest_regressor,8393,3597,r2,,,,,,0.014973204918298233,0.1239771203626027,31.70078980838192,41.75981960885041,,,,,,,,,,
sorted,sorted,counts,0.5,0.05,200,none,,,200,,outputs/ratinabox_003/decoder_comparison/sorted/models/manifold_transforms/counts_w0500ms,head_direction,continuous,ridge,8393,3597,mean_circular_error_deg,,,,,,,,,,19.4378562951758,16.317371306684617,40.34418864171066,,,,,,,
sorted,sorted,counts,0.5,0.05,200,none,,,200,,outputs/ratinabox_003/decoder_comparison/sorted/models/manifold_transforms/counts_w0500ms,head_direction,continuous,pca_ridge,8393,3597,mean_circular_error_deg,,,,,,,,,,18.82717002507022,15.753689227486143,39.30201167785662,,,,,,,
sorted,sorted,counts,0.5,0.05,200,none,,,200,,outputs/ratinabox_003/decoder_comparison/sorted/models/manifold_transforms/counts_w0500ms,head_direction,continuous,random_forest_regressor,8393,3597,mean_circular_error_deg,,,,,,,,,,20.007641141331206,17.051994240118056,41.236755297997576,,,,,,,
sorted,sorted,counts,0.5,0.05,200,none,,,200,,outputs/ratinabox_003/decoder_comparison/sorted/models/manifold_transforms/counts_w0500ms,distance_to_wall,continuous,ridge,8393,3597,r2,,,,,,0.7306819266371014,0.856043646250437,,,,,,3.4735299624800855,4.381624813773902,,,,,
sorted,sorted,counts,0.5,0.05,200,none,,,200,,outputs/ratinabox_003/decoder_comparison/sorted/models/manifold_transforms/counts_w0500ms,distance_to_wall,continuous,pca_ridge,8393,3597,r2,,,,,,0.7348555311607229,0.8581258553940707,,,,,,3.4689326227898043,4.347541374767373,,,,,
sorted,sorted,counts,0.5,0.05,200,none,,,200,,outputs/ratinabox_003/decoder_comparison/sorted/models/manifold_transforms/counts_w0500ms,distance_to_wall,continuous,random_forest_regressor,8393,3597,r2,,,,,,0.7548433506162107,0.87315432838965,,,,,,2.9120855785810114,4.180461965153919,,,,,
sorted,sorted,counts,0.5,0.05,200,none,,,200,,outputs/ratinabox_003/decoder_comparison/sorted/models/manifold_transforms/counts_w0500ms,distance_to_wall,continuous,bayesian_place_decoder,8393,3597,r2,,,,,,0.5442598442491555,0.7609900084545613,,,,,,3.52646512311464,5.699819281202582,,,,,
sorted,sorted,counts,0.5,0.05,200,none,,,200,,outputs/ratinabox_003/decoder_comparison/sorted/models/manifold_transforms/counts_w0500ms,spatial_context,categorical,logistic_regression,8393,3597,balanced_accuracy,,,,,,,,,,,,,,,0.7609118710036141,0.7840363422180342,0.7721678192548121,"[[478, 14, 60], [36, 1095, 434], [107, 209, 1164]]","['center', 'corner', 'wall']"
sorted,sorted,counts,0.5,0.05,200,none,,,200,,outputs/ratinabox_003/decoder_comparison/sorted/models/manifold_transforms/counts_w0500ms,spatial_context,categorical,random_forest_classifier,8393,3597,balanced_accuracy,,,,,,,,,,,,,,,0.8245760355852099,0.8489859077023961,0.8386482805416541,"[[516, 2, 34], [31, 1178, 356], [57, 151, 1272]]","['center', 'corner', 'wall']"
sorted,sorted,counts,0.5,0.05,200,none,,,200,,outputs/ratinabox_003/decoder_comparison/sorted/models/manifold_transforms/counts_w0500ms,spatial_context,categorical,bayesian_place_decoder_derived_context,8393,3597,balanced_accuracy,,,,,,,,,,,,,,,0.683069224353628,0.6495921814299367,0.6666161984159279,"[[292, 134, 126], [63, 992, 425], [42, 350, 1173]]","['center', 'wall', 'corner']"
sorted,sorted,counts,0.5,0.05,200,none,,,200,,outputs/ratinabox_003/decoder_comparison/sorted/models/manifold_transforms/counts_w0500ms,movement_state,categorical,logistic_regression,8393,3597,balanced_accuracy,,,,,,,,,,,,,,,0.5824298026132888,0.5367893166577681,0.4721696962351414,"[[1180, 498, 147], [394, 855, 387], [5, 71, 60]]","['fast', 'slow', 'still']"
sorted,sorted,counts,0.5,0.05,200,none,,,200,,outputs/ratinabox_003/decoder_comparison/sorted/models/manifold_transforms/counts_w0500ms,movement_state,categorical,random_forest_classifier,8393,3597,balanced_accuracy,,,,,,,,,,,,,,,0.7139282735613011,0.4995525731476902,0.494426870932895,"[[1335, 490, 0], [395, 1231, 10], [5, 129, 2]]","['fast', 'slow', 'still']"
sorted,sorted,counts,0.5,0.05,200,none,,,200,,outputs/ratinabox_003/decoder_comparison/sorted/models/manifold_transforms/counts_w0500ms,wall_distance_bin,categorical,logistic_regression,8393,3597,balanced_accuracy,,,,,,,,,,,,,,,0.7867667500695024,0.6935810432484489,0.6532638373159718,"[[91, 73, 1], [71, 513, 142], [39, 441, 2226]]","['center', 'middle', 'near_wall']"
sorted,sorted,counts,0.5,0.05,200,none,,,200,,outputs/ratinabox_003/decoder_comparison/sorted/models/manifold_transforms/counts_w0500ms,wall_distance_bin,categorical,random_forest_classifier,8393,3597,balanced_accuracy,,,,,,,,,,,,,,,0.872393661384487,0.7098053707809805,0.7329982338879591,"[[73, 92, 0], [24, 550, 152], [0, 191, 2515]]","['center', 'middle', 'near_wall']"
sorted,sorted,counts,0.5,0.05,200,none,,,200,,outputs/ratinabox_003/decoder_comparison/sorted/models/manifold_transforms/counts_w0500ms,wall_distance_bin,categorical,bayesian_place_decoder_derived_context,8393,3597,balanced_accuracy,,,,,,,,,,,,,,,0.8315262718932444,0.6011108871419293,0.6277141532497607,"[[2554, 152, 0], [288, 382, 56], [25, 85, 55]]","['near_wall', 'middle', 'center']"
sorted,sorted,global_pca,0.5,0.05,200,pca,,3.0,3,"[0.1370423226863475, 0.09181045930873988, 0.06321760059832171]",outputs/ratinabox_003/decoder_comparison/sorted/models/manifold_transforms/global_pca_k3_w0500ms,position,continuous,ridge,8393,3597,mean_position_error_cm,23.284415824364984,22.088672200313304,39.45385640351525,0.579369315703855,0.7618907802600099,,,,,,,,,,,,,,
sorted,sorted,global_pca,0.5,0.05,200,pca,,3.0,3,"[0.1370423226863475, 0.09181045930873988, 0.06321760059832171]",outputs/ratinabox_003/decoder_comparison/sorted/models/manifold_transforms/global_pca_k3_w0500ms,position,continuous,pca_ridge,8393,3597,mean_position_error_cm,23.284415824364984,22.088672200313354,39.453856403515296,0.5793693157038546,0.7618907802600101,,,,,,,,,,,,,,
sorted,sorted,global_pca,0.5,0.05,200,pca,,3.0,3,"[0.1370423226863475, 0.09181045930873988, 0.06321760059832171]",outputs/ratinabox_003/decoder_comparison/sorted/models/manifold_transforms/global_pca_k3_w0500ms,position,continuous,random_forest_regressor,8393,3597,mean_position_error_cm,18.258178113505334,13.343565556901506,39.97220429602693,0.5872608008578211,0.8712868174677129,,,,,,,,,,,,,,
sorted,sorted,global_pca,0.5,0.05,200,pca,,3.0,3,"[0.1370423226863475, 0.09181045930873988, 0.06321760059832171]",outputs/ratinabox_003/decoder_comparison/sorted/models/manifold_transforms/global_pca_k3_w0500ms,position,continuous,bayesian_place_decoder,8393,3597,mean_position_error_cm,24.034141085417566,22.130269162067332,41.95063012158522,0.48626221860984176,0.7663597769583879,,,,,,,,,,,,,,
sorted,sorted,global_pca,0.5,0.05,200,pca,,3.0,3,"[0.1370423226863475, 0.09181045930873988, 0.06321760059832171]",outputs/ratinabox_003/decoder_comparison/sorted/models/manifold_transforms/global_pca_k3_w0500ms,speed,continuous,ridge,8393,3597,r2,,,,,,-0.01525531680383474,0.03208533158443089,4.325090628695865,5.44312294375891,,,,,,,,,,
sorted,sorted,global_pca,0.5,0.05,200,pca,,3.0,3,"[0.1370423226863475, 0.09181045930873988, 0.06321760059832171]",outputs/ratinabox_003/decoder_comparison/sorted/models/manifold_transforms/global_pca_k3_w0500ms,speed,continuous,pca_ridge,8393,3597,r2,,,,,,-0.01525531680383474,0.03208533158443093,4.325090628695865,5.44312294375891,,,,,,,,,,
sorted,sorted,global_pca,0.5,0.05,200,pca,,3.0,3,"[0.1370423226863475, 0.09181045930873988, 0.06321760059832171]",outputs/ratinabox_003/decoder_comparison/sorted/models/manifold_transforms/global_pca_k3_w0500ms,speed,continuous,random_forest_regressor,8393,3597,r2,,,,,,-0.11494511755509529,0.06707531855586092,4.511775122930257,5.704101601792188,,,,,,,,,,
sorted,sorted,global_pca,0.5,0.05,200,pca,,3.0,3,"[0.1370423226863475, 0.09181045930873988, 0.06321760059832171]",outputs/ratinabox_003/decoder_comparison/sorted/models/manifold_transforms/global_pca_k3_w0500ms,acceleration,continuous,ridge,8393,3597,r2,,,,,,0.00034973775169699906,0.01988473246703179,31.915240259520502,42.06865564580325,,,,,,,,,,
sorted,sorted,global_pca,0.5,0.05,200,pca,,3.0,3,"[0.1370423226863475, 0.09181045930873988, 0.06321760059832171]",outputs/ratinabox_003/decoder_comparison/sorted/models/manifold_transforms/global_pca_k3_w0500ms,acceleration,continuous,pca_ridge,8393,3597,r2,,,,,,0.00034973775169699906,0.0198847324670318,31.915240259520502,42.06865564580325,,,,,,,,,,
sorted,sorted,global_pca,0.5,0.05,200,pca,,3.0,3,"[0.1370423226863475, 0.09181045930873988, 0.06321760059832171]",outputs/ratinabox_003/decoder_comparison/sorted/models/manifold_transforms/global_pca_k3_w0500ms,acceleration,continuous,random_forest_regressor,8393,3597,r2,,,,,,-0.009561574519789007,-0.016669315703817595,32.112129475951654,42.27669198856867,,,,,,,,,,
sorted,sorted,global_pca,0.5,0.05,200,pca,,3.0,3,"[0.1370423226863475, 0.09181045930873988, 0.06321760059832171]",outputs/ratinabox_003/decoder_comparison/sorted/models/manifold_transforms/global_pca_k3_w0500ms,head_direction,continuous,ridge,8393,3597,mean_circular_error_deg,,,,,,,,,,32.53446168531068,25.466052202550298,71.276063821401,,,,,,,
sorted,sorted,global_pca,0.5,0.05,200,pca,,3.0,3,"[0.1370423226863475, 0.09181045930873988, 0.06321760059832171]",outputs/ratinabox_003/decoder_comparison/sorted/models/manifold_transforms/global_pca_k3_w0500ms,head_direction,continuous,pca_ridge,8393,3597,mean_circular_error_deg,,,,,,,,,,32.534461685310674,25.46605220255022,71.2760638214009,,,,,,,
sorted,sorted,global_pca,0.5,0.05,200,pca,,3.0,3,"[0.1370423226863475, 0.09181045930873988, 0.06321760059832171]",outputs/ratinabox_003/decoder_comparison/sorted/models/manifold_transforms/global_pca_k3_w0500ms,head_direction,continuous,random_forest_regressor,8393,3597,mean_circular_error_deg,,,,,,,,,,37.77228075416865,28.040900389537285,84.05400414107191,,,,,,,
sorted,sorted,global_pca,0.5,0.05,200,pca,,3.0,3,"[0.1370423226863475, 0.09181045930873988, 0.06321760059832171]",outputs/ratinabox_003/decoder_comparison/sorted/models/manifold_transforms/global_pca_k3_w0500ms,distance_to_wall,continuous,ridge,8393,3597,r2,,,,,,-0.2145315436096955,0.22195389092504098,,,,,,7.874296313195504,9.304795598273783,,,,,
sorted,sorted,global_pca,0.5,0.05,200,pca,,3.0,3,"[0.1370423226863475, 0.09181045930873988, 0.06321760059832171]",outputs/ratinabox_003/decoder_comparison/sorted/models/manifold_transforms/global_pca_k3_w0500ms,distance_to_wall,continuous,pca_ridge,8393,3597,r2,,,,,,-0.21453154360969506,0.22195389092504117,,,,,,7.874296313195503,9.304795598273781,,,,,
sorted,sorted,global_pca,0.5,0.05,200,pca,,3.0,3,"[0.1370423226863475, 0.09181045930873988, 0.06321760059832171]",outputs/ratinabox_003/decoder_comparison/sorted/models/manifold_transforms/global_pca_k3_w0500ms,distance_to_wall,continuous,random_forest_regressor,8393,3597,r2,,,,,,-0.2725981684696781,0.3954966120794182,,,,,,6.875307072088914,9.52462936527942,,,,,
sorted,sorted,global_pca,0.5,0.05,200,pca,,3.0,3,"[0.1370423226863475, 0.09181045930873988, 0.06321760059832171]",outputs/ratinabox_003/decoder_comparison/sorted/models/manifold_transforms/global_pca_k3_w0500ms,distance_to_wall,continuous,bayesian_place_decoder,8393,3597,r2,,,,,,-1.4204232500284055,0.3926290460256332,,,,,,10.053730770321108,13.13554498010972,,,,,
sorted,sorted,global_pca,0.5,0.05,200,pca,,3.0,3,"[0.1370423226863475, 0.09181045930873988, 0.06321760059832171]",outputs/ratinabox_003/decoder_comparison/sorted/models/manifold_transforms/global_pca_k3_w0500ms,spatial_context,categorical,logistic_regression,8393,3597,balanced_accuracy,,,,,,,,,,,,,,,0.3216569363358354,0.3961398646875797,0.31063654601664886,"[[377, 79, 96], [716, 588, 261], [850, 438, 192]]","['center', 'corner', 'wall']"
sorted,sorted,global_pca,0.5,0.05,200,pca,,3.0,3,"[0.1370423226863475, 0.09181045930873988, 0.06321760059832171]",outputs/ratinabox_003/decoder_comparison/sorted/models/manifold_transforms/global_pca_k3_w0500ms,spatial_context,categorical,random_forest_classifier,8393,3597,balanced_accuracy,,,,,,,,,,,,,,,0.5237698081734778,0.5634908731484645,0.5134497967265278,"[[392, 87, 73], [520, 757, 288], [433, 312, 735]]","['center', 'corner', 'wall']"
sorted,sorted,global_pca,0.5,0.05,200,pca,,3.0,3,"[0.1370423226863475, 0.09181045930873988, 0.06321760059832171]",outputs/ratinabox_003/decoder_comparison/sorted/models/manifold_transforms/global_pca_k3_w0500ms,spatial_context,categorical,bayesian_place_decoder_derived_context,8393,3597,balanced_accuracy,,,,,,,,,,,,,,,0.4078398665554629,0.46587692359674576,0.40240499849364425,"[[372, 118, 62], [533, 655, 292], [539, 586, 440]]","['center', 'wall', 'corner']"
sorted,sorted,global_pca,0.5,0.05,200,pca,,3.0,3,"[0.1370423226863475, 0.09181045930873988, 0.06321760059832171]",outputs/ratinabox_003/decoder_comparison/sorted/models/manifold_transforms/global_pca_k3_w0500ms,movement_state,categorical,logistic_regression,8393,3597,balanced_accuracy,,,,,,,,,,,,,,,0.3919933277731443,0.2964123202953687,0.30166799292564317,"[[952, 406, 467], [744, 445, 447], [77, 46, 13]]","['fast', 'slow', 'still']"
sorted,sorted,global_pca,0.5,0.05,200,pca,,3.0,3,"[0.1370423226863475, 0.09181045930873988, 0.06321760059832171]",outputs/ratinabox_003/decoder_comparison/sorted/models/manifold_transforms/global_pca_k3_w0500ms,movement_state,categorical,random_forest_classifier,8393,3597,balanced_accuracy,,,,,,,,,,,,,,,0.47650820127884347,0.3525598424384993,0.3506174201987405,"[[907, 820, 98], [718, 797, 121], [80, 46, 10]]","['fast', 'slow', 'still']"
sorted,sorted,global_pca,0.5,0.05,200,pca,,3.0,3,"[0.1370423226863475, 0.09181045930873988, 0.06321760059832171]",outputs/ratinabox_003/decoder_comparison/sorted/models/manifold_transforms/global_pca_k3_w0500ms,wall_distance_bin,categorical,logistic_regression,8393,3597,balanced_accuracy,,,,,,,,,,,,,,,0.34528773978315264,0.2860646375058792,0.24915081824590288,"[[45, 97, 23], [391, 142, 193], [443, 1208, 1055]]","['center', 'middle', 'near_wall']"
sorted,sorted,global_pca,0.5,0.05,200,pca,,3.0,3,"[0.1370423226863475, 0.09181045930873988, 0.06321760059832171]",outputs/ratinabox_003/decoder_comparison/sorted/models/manifold_transforms/global_pca_k3_w0500ms,wall_distance_bin,categorical,random_forest_classifier,8393,3597,balanced_accuracy,,,,,,,,,,,,,,,0.5276619405059773,0.4221886268449461,0.377985311785505,"[[29, 96, 40], [212, 397, 117], [357, 877, 1472]]","['center', 'middle', 'near_wall']"
sorted,sorted,global_pca,0.5,0.05,200,pca,,3.0,3,"[0.1370423226863475, 0.09181045930873988, 0.06321760059832171]",outputs/ratinabox_003/decoder_comparison/sorted/models/manifold_transforms/global_pca_k3_w0500ms,wall_distance_bin,categorical,bayesian_place_decoder_derived_context,8393,3597,balanced_accuracy,,,,,,,,,,,,,,,0.39755351681957185,0.47622791103944095,0.3459272787586858,"[[876, 1593, 237], [74, 481, 171], [5, 87, 73]]","['near_wall', 'middle', 'center']"
sorted,sorted,region_pca,0.5,0.05,200,pca,region,3.0,12,,outputs/ratinabox_003/decoder_comparison/sorted/models/manifold_transforms/region_pca_k3_w0500ms,position,continuous,ridge,8393,3597,mean_position_error_cm,18.79855416248821,15.616280425451523,38.02005904346589,0.7204666599877434,0.7913939017319289,,,,,,,,,,,,,,
sorted,sorted,region_pca,0.5,0.05,200,pca,region,3.0,12,,outputs/ratinabox_003/decoder_comparison/sorted/models/manifold_transforms/region_pca_k3_w0500ms,position,continuous,pca_ridge,8393,3597,mean_position_error_cm,19.479167459473498,16.503986494859106,39.15812528008406,0.6903228975289539,0.7897762027942703,,,,,,,,,,,,,,
sorted,sorted,region_pca,0.5,0.05,200,pca,region,3.0,12,,outputs/ratinabox_003/decoder_comparison/sorted/models/manifold_transforms/region_pca_k3_w0500ms,position,continuous,random_forest_regressor,8393,3597,mean_position_error_cm,7.906766917773985,6.2634746004442645,15.447643550325369,0.9452904140054489,0.9519530967224412,,,,,,,,,,,,,,
sorted,sorted,region_pca,0.5,0.05,200,pca,region,3.0,12,,outputs/ratinabox_003/decoder_comparison/sorted/models/manifold_transforms/region_pca_k3_w0500ms,position,continuous,bayesian_place_decoder,8393,3597,mean_position_error_cm,17.79560974308836,15.087290561753328,35.49748849632623,0.7272161611332542,0.8072274663889105,,,,,,,,,,,,,,
sorted,sorted,region_pca,0.5,0.05,200,pca,region,3.0,12,,outputs/ratinabox_003/decoder_comparison/sorted/models/manifold_transforms/region_pca_k3_w0500ms,speed,continuous,ridge,8393,3597,r2,,,,,,0.493805097524998,0.7075375833289071,2.9839286151145568,3.8434336774550206,,,,,,,,,,
sorted,sorted,region_pca,0.5,0.05,200,pca,region,3.0,12,,outputs/ratinabox_003/decoder_comparison/sorted/models/manifold_transforms/region_pca_k3_w0500ms,speed,continuous,pca_ridge,8393,3597,r2,,,,,,0.493797389874425,0.707511858572469,2.984003449857234,3.8434629386455956,,,,,,,,,,
sorted,sorted,region_pca,0.5,0.05,200,pca,region,3.0,12,,outputs/ratinabox_003/decoder_comparison/sorted/models/manifold_transforms/region_pca_k3_w0500ms,speed,continuous,random_forest_regressor,8393,3597,r2,,,,,,0.4710390515207731,0.690779552369607,3.038925576886799,3.9289121023378337,,,,,,,,,,
sorted,sorted,region_pca,0.5,0.05,200,pca,region,3.0,12,,outputs/ratinabox_003/decoder_comparison/sorted/models/manifold_transforms/region_pca_k3_w0500ms,acceleration,continuous,ridge,8393,3597,r2,,,,,,0.019938175718070217,0.1417118869710161,31.624477675537936,41.65444267231484,,,,,,,,,,
sorted,sorted,region_pca,0.5,0.05,200,pca,region,3.0,12,,outputs/ratinabox_003/decoder_comparison/sorted/models/manifold_transforms/region_pca_k3_w0500ms,acceleration,continuous,pca_ridge,8393,3597,r2,,,,,,0.01964739945305194,0.14069350297141509,31.626167646147522,41.66062147894881,,,,,,,,,,
sorted,sorted,region_pca,0.5,0.05,200,pca,region,3.0,12,,outputs/ratinabox_003/decoder_comparison/sorted/models/manifold_transforms/region_pca_k3_w0500ms,acceleration,continuous,random_forest_regressor,8393,3597,r2,,,,,,0.008651094017690597,0.12091673086621754,31.90124897645447,41.893616957154755,,,,,,,,,,
sorted,sorted,region_pca,0.5,0.05,200,pca,region,3.0,12,,outputs/ratinabox_003/decoder_comparison/sorted/models/manifold_transforms/region_pca_k3_w0500ms,head_direction,continuous,ridge,8393,3597,mean_circular_error_deg,,,,,,,,,,18.24890753207969,15.539958484186805,37.43612542432398,,,,,,,
sorted,sorted,region_pca,0.5,0.05,200,pca,region,3.0,12,,outputs/ratinabox_003/decoder_comparison/sorted/models/manifold_transforms/region_pca_k3_w0500ms,head_direction,continuous,pca_ridge,8393,3597,mean_circular_error_deg,,,,,,,,,,18.258561555549964,15.5958496778541,37.40964767976989,,,,,,,
sorted,sorted,region_pca,0.5,0.05,200,pca,region,3.0,12,,outputs/ratinabox_003/decoder_comparison/sorted/models/manifold_transforms/region_pca_k3_w0500ms,head_direction,continuous,random_forest_regressor,8393,3597,mean_circular_error_deg,,,,,,,,,,18.6479312155939,15.54263201195373,38.75998712741425,,,,,,,
sorted,sorted,region_pca,0.5,0.05,200,pca,region,3.0,12,,outputs/ratinabox_003/decoder_comparison/sorted/models/manifold_transforms/region_pca_k3_w0500ms,distance_to_wall,continuous,ridge,8393,3597,r2,,,,,,0.036556190270733646,0.544519014261184,,,,,,6.787641868970038,8.287349092515628,,,,,
sorted,sorted,region_pca,0.5,0.05,200,pca,region,3.0,12,,outputs/ratinabox_003/decoder_comparison/sorted/models/manifold_transforms/region_pca_k3_w0500ms,distance_to_wall,continuous,pca_ridge,8393,3597,r2,,,,,,0.047402428244847306,0.5549865952459835,,,,,,6.786394140276106,8.240568484040573,,,,,
sorted,sorted,region_pca,0.5,0.05,200,pca,region,3.0,12,,outputs/ratinabox_003/decoder_comparison/sorted/models/manifold_transforms/region_pca_k3_w0500ms,distance_to_wall,continuous,random_forest_regressor,8393,3597,r2,,,,,,0.6878312559159094,0.8525902524002087,,,,,,2.998593669118771,4.717339647495721,,,,,
sorted,sorted,region_pca,0.5,0.05,200,pca,region,3.0,12,,outputs/ratinabox_003/decoder_comparison/sorted/models/manifold_transforms/region_pca_k3_w0500ms,distance_to_wall,continuous,bayesian_place_decoder,8393,3597,r2,,,,,,-1.0602190823524178,0.3677094775451486,,,,,,8.253093018417403,12.118786672128898,,,,,
sorted,sorted,region_pca,0.5,0.05,200,pca,region,3.0,12,,outputs/ratinabox_003/decoder_comparison/sorted/models/manifold_transforms/region_pca_k3_w0500ms,spatial_context,categorical,logistic_regression,8393,3597,balanced_accuracy,,,,,,,,,,,,,,,0.5460105643591883,0.6318079296131803,0.548828705822602,"[[523, 0, 29], [244, 700, 621], [548, 191, 741]]","['center', 'corner', 'wall']"
sorted,sorted,region_pca,0.5,0.05,200,pca,region,3.0,12,,outputs/ratinabox_003/decoder_comparison/sorted/models/manifold_transforms/region_pca_k3_w0500ms,spatial_context,categorical,random_forest_classifier,8393,3597,balanced_accuracy,,,,,,,,,,,,,,,0.8051153739227134,0.8399138998701439,0.8025756703477612,"[[533, 4, 15], [101, 1157, 307], [163, 111, 1206]]","['center', 'corner', 'wall']"
sorted,sorted,region_pca,0.5,0.05,200,pca,region,3.0,12,,outputs/ratinabox_003/decoder_comparison/sorted/models/manifold_transforms/region_pca_k3_w0500ms,spatial_context,categorical,bayesian_place_decoder_derived_context,8393,3597,balanced_accuracy,,,,,,,,,,,,,,,0.5070892410341952,0.5469727089222852,0.49822066677410515,"[[384, 113, 55], [493, 685, 302], [377, 433, 755]]","['center', 'wall', 'corner']"
sorted,sorted,region_pca,0.5,0.05,200,pca,region,3.0,12,,outputs/ratinabox_003/decoder_comparison/sorted/models/manifold_transforms/region_pca_k3_w0500ms,movement_state,categorical,logistic_regression,8393,3597,balanced_accuracy,,,,,,,,,,,,,,,0.5874339727550737,0.6592119232393362,0.500279207851806,"[[1303, 459, 63], [401, 696, 539], [2, 20, 114]]","['fast', 'slow', 'still']"
sorted,sorted,region_pca,0.5,0.05,200,pca,region,3.0,12,,outputs/ratinabox_003/decoder_comparison/sorted/models/manifold_transforms/region_pca_k3_w0500ms,movement_state,categorical,random_forest_classifier,8393,3597,balanced_accuracy,,,,,,,,,,,,,,,0.6738949124270225,0.5675716602077747,0.5413661190720965,"[[1407, 403, 15], [477, 971, 188], [5, 85, 46]]","['fast', 'slow', 'still']"
sorted,sorted,region_pca,0.5,0.05,200,pca,region,3.0,12,,outputs/ratinabox_003/decoder_comparison/sorted/models/manifold_transforms/region_pca_k3_w0500ms,wall_distance_bin,categorical,logistic_regression,8393,3597,balanced_accuracy,,,,,,,,,,,,,,,0.5101473450097304,0.692759076351094,0.5405214786261731,"[[155, 10, 0], [117, 514, 95], [32, 1508, 1166]]","['center', 'middle', 'near_wall']"
sorted,sorted,region_pca,0.5,0.05,200,pca,region,3.0,12,,outputs/ratinabox_003/decoder_comparison/sorted/models/manifold_transforms/region_pca_k3_w0500ms,wall_distance_bin,categorical,random_forest_classifier,8393,3597,balanced_accuracy,,,,,,,,,,,,,,,0.8454267445093133,0.8190687361419068,0.7628741797712163,"[[133, 32, 0], [66, 572, 88], [17, 353, 2336]]","['center', 'middle', 'near_wall']"
sorted,sorted,region_pca,0.5,0.05,200,pca,region,3.0,12,,outputs/ratinabox_003/decoder_comparison/sorted/models/manifold_transforms/region_pca_k3_w0500ms,wall_distance_bin,categorical,bayesian_place_decoder_derived_context,8393,3597,balanced_accuracy,,,,,,,,,,,,,,,0.5740895190436475,0.5267240027772179,0.44555034781164254,"[[1561, 888, 257], [203, 438, 85], [17, 82, 66]]","['near_wall', 'middle', 'center']"
sorted,sorted,counts,1.0,0.05,200,none,,,200,,outputs/ratinabox_003/decoder_comparison/sorted/models/manifold_transforms/counts_w1000ms,position,continuous,ridge,8386,3594,mean_position_error_cm,10.935841075770732,10.382477926018556,18.180445719386103,0.9423626676656097,0.9179086135134952,,,,,,,,,,,,,,
sorted,sorted,counts,1.0,0.05,200,none,,,200,,outputs/ratinabox_003/decoder_comparison/sorted/models/manifold_transforms/counts_w1000ms,position,continuous,pca_ridge,8386,3594,mean_position_error_cm,10.546062674510136,9.769525911398137,17.986189826171888,0.9399993729948782,0.9268789704052556,,,,,,,,,,,,,,
sorted,sorted,counts,1.0,0.05,200,none,,,200,,outputs/ratinabox_003/decoder_comparison/sorted/models/manifold_transforms/counts_w1000ms,position,continuous,random_forest_regressor,8386,3594,mean_position_error_cm,7.100654445798128,5.885307178875815,13.513291480136205,0.9640742238807708,0.9606562601900176,,,,,,,,,,,,,,
sorted,sorted,counts,1.0,0.05,200,none,,,200,,outputs/ratinabox_003/decoder_comparison/sorted/models/manifold_transforms/counts_w1000ms,position,continuous,bayesian_place_decoder,8386,3594,mean_position_error_cm,10.461068090256418,7.553333185135866,22.58905273767212,0.8485738435413557,0.9605297933941209,,,,,,,,,,,,,,
sorted,sorted,counts,1.0,0.05,200,none,,,200,,outputs/ratinabox_003/decoder_comparison/sorted/models/manifold_transforms/counts_w1000ms,speed,continuous,ridge,8386,3594,r2,,,,,,0.02929601125926984,0.41372423454480745,4.10956681859556,5.323822055025152,,,,,,,,,,
sorted,sorted,counts,1.0,0.05,200,none,,,200,,outputs/ratinabox_003/decoder_comparison/sorted/models/manifold_transforms/counts_w1000ms,speed,continuous,pca_ridge,8386,3594,r2,,,,,,0.1663454066928003,0.48467287481008475,3.7885213732127054,4.93370522057555,,,,,,,,,,
sorted,sorted,counts,1.0,0.05,200,none,,,200,,outputs/ratinabox_003/decoder_comparison/sorted/models/manifold_transforms/counts_w1000ms,speed,continuous,random_forest_regressor,8386,3594,r2,,,,,,0.24006374383285,0.49427941647071955,3.6631554049193027,4.71051842053824,,,,,,,,,,
sorted,sorted,counts,1.0,0.05,200,none,,,200,,outputs/ratinabox_003/decoder_comparison/sorted/models/manifold_transforms/counts_w1000ms,acceleration,continuous,ridge,8386,3594,r2,,,,,,-0.014464928702928148,0.0919420461995175,32.29078295439736,42.3793210685132,,,,,,,,,,
sorted,sorted,counts,1.0,0.05,200,none,,,200,,outputs/ratinabox_003/decoder_comparison/sorted/models/manifold_transforms/counts_w1000ms,acceleration,continuous,pca_ridge,8386,3594,r2,,,,,,0.00044268612941922303,0.10022302403587736,32.0097395586277,42.06678547496001,,,,,,,,,,
sorted,sorted,counts,1.0,0.05,200,none,,,200,,outputs/ratinabox_003/decoder_comparison/sorted/models/manifold_transforms/counts_w1000ms,acceleration,continuous,random_forest_regressor,8386,3594,r2,,,,,,0.012191954312326336,0.11353872386400855,31.681538302663892,41.81881821974116,,,,,,,,,,
sorted,sorted,counts,1.0,0.05,200,none,,,200,,outputs/ratinabox_003/decoder_comparison/sorted/models/manifold_transforms/counts_w1000ms,head_direction,continuous,ridge,8386,3594,mean_circular_error_deg,,,,,,,,,,26.437221096291772,21.64763721945686,54.5874617405671,,,,,,,
sorted,sorted,counts,1.0,0.05,200,none,,,200,,outputs/ratinabox_003/decoder_comparison/sorted/models/manifold_transforms/counts_w1000ms,head_direction,continuous,pca_ridge,8386,3594,mean_circular_error_deg,,,,,,,,,,24.895566437080234,20.337182195756633,52.06497957450466,,,,,,,
sorted,sorted,counts,1.0,0.05,200,none,,,200,,outputs/ratinabox_003/decoder_comparison/sorted/models/manifold_transforms/counts_w1000ms,head_direction,continuous,random_forest_regressor,8386,3594,mean_circular_error_deg,,,,,,,,,,26.45871348587395,21.91849605521996,54.491896218027826,,,,,,,
sorted,sorted,counts,1.0,0.05,200,none,,,200,,outputs/ratinabox_003/decoder_comparison/sorted/models/manifold_transforms/counts_w1000ms,distance_to_wall,continuous,ridge,8386,3594,r2,,,,,,0.733743176803621,0.8581856358713434,,,,,,3.4256804986337355,4.357526829906687,,,,,
sorted,sorted,counts,1.0,0.05,200,none,,,200,,outputs/ratinabox_003/decoder_comparison/sorted/models/manifold_transforms/counts_w1000ms,distance_to_wall,continuous,pca_ridge,8386,3594,r2,,,,,,0.746538109582688,0.864585021822658,,,,,,3.2851622081130056,4.2515376722895,,,,,
sorted,sorted,counts,1.0,0.05,200,none,,,200,,outputs/ratinabox_003/decoder_comparison/sorted/models/manifold_transforms/counts_w1000ms,distance_to_wall,continuous,random_forest_regressor,8386,3594,r2,,,,,,0.7816675010680233,0.886436543032728,,,,,,2.740125559822796,3.945925574196097,,,,,
sorted,sorted,counts,1.0,0.05,200,none,,,200,,outputs/ratinabox_003/decoder_comparison/sorted/models/manifold_transforms/counts_w1000ms,distance_to_wall,continuous,bayesian_place_decoder,8386,3594,r2,,,,,,0.7055226345388435,0.844740190572803,,,,,,3.062958365175984,4.582639100638388,,,,,
sorted,sorted,counts,1.0,0.05,200,none,,,200,,outputs/ratinabox_003/decoder_comparison/sorted/models/manifold_transforms/counts_w1000ms,spatial_context,categorical,logistic_regression,8386,3594,balanced_accuracy,,,,,,,,,,,,,,,0.7623817473567056,0.7827116182596893,0.7661758737510515,"[[475, 13, 64], [31, 1206, 325], [154, 267, 1059]]","['center', 'corner', 'wall']"
sorted,sorted,counts,1.0,0.05,200,none,,,200,,outputs/ratinabox_003/decoder_comparison/sorted/models/manifold_transforms/counts_w1000ms,spatial_context,categorical,random_forest_classifier,8386,3594,balanced_accuracy,,,,,,,,,,,,,,,0.8411240957150807,0.8648142310879604,0.8547128744409509,"[[523, 1, 28], [30, 1190, 342], [48, 122, 1310]]","['center', 'corner', 'wall']"
sorted,sorted,counts,1.0,0.05,200,none,,,200,,outputs/ratinabox_003/decoder_comparison/sorted/models/manifold_transforms/counts_w1000ms,spatial_context,categorical,bayesian_place_decoder_derived_context,8386,3594,balanced_accuracy,,,,,,,,,,,,,,,0.7626599888703395,0.7554980131832552,0.7605518760638148,"[[405, 71, 76], [72, 1051, 357], [40, 237, 1285]]","['center', 'wall', 'corner']"
sorted,sorted,counts,1.0,0.05,200,none,,,200,,outputs/ratinabox_003/decoder_comparison/sorted/models/manifold_transforms/counts_w1000ms,movement_state,categorical,logistic_regression,8386,3594,balanced_accuracy,,,,,,,,,,,,,,,0.48386199220923765,0.44507327878093167,0.39387472991866596,"[[931, 612, 282], [448, 759, 426], [18, 69, 49]]","['fast', 'slow', 'still']"
sorted,sorted,counts,1.0,0.05,200,none,,,200,,outputs/ratinabox_003/decoder_comparison/sorted/models/manifold_transforms/counts_w1000ms,movement_state,categorical,random_forest_classifier,8386,3594,balanced_accuracy,,,,,,,,,,,,,,,0.6691708402893711,0.46360045522289983,0.45435045683625513,"[[1272, 553, 0], [500, 1133, 0], [12, 124, 0]]","['fast', 'slow', 'still']"
sorted,sorted,counts,1.0,0.05,200,none,,,200,,outputs/ratinabox_003/decoder_comparison/sorted/models/manifold_transforms/counts_w1000ms,wall_distance_bin,categorical,logistic_regression,8386,3594,balanced_accuracy,,,,,,,,,,,,,,,0.7982749026154702,0.6631712137009281,0.6407798516392887,"[[79, 86, 0], [66, 475, 185], [40, 348, 2315]]","['center', 'middle', 'near_wall']"
sorted,sorted,counts,1.0,0.05,200,none,,,200,,outputs/ratinabox_003/decoder_comparison/sorted/models/manifold_transforms/counts_w1000ms,wall_distance_bin,categorical,random_forest_classifier,8386,3594,balanced_accuracy,,,,,,,,,,,,,,,0.8956594323873122,0.7706823048362752,0.7985783879773015,"[[100, 65, 0], [19, 548, 159], [0, 132, 2571]]","['center', 'middle', 'near_wall']"
sorted,sorted,counts,1.0,0.05,200,none,,,200,,outputs/ratinabox_003/decoder_comparison/sorted/models/manifold_transforms/counts_w1000ms,wall_distance_bin,categorical,bayesian_place_decoder_derived_context,8386,3594,balanced_accuracy,,,,,,,,,,,,,,,0.8491930996104619,0.6488450237416034,0.6649684071575807,"[[2487, 216, 0], [176, 512, 38], [0, 112, 53]]","['near_wall', 'middle', 'center']"
sorted,sorted,global_pca,1.0,0.05,200,pca,,3.0,3,"[0.1811473278716225, 0.12034588771810134, 0.07765254773076805]",outputs/ratinabox_003/decoder_comparison/sorted/models/manifold_transforms/global_pca_k3_w1000ms,position,continuous,ridge,8386,3594,mean_position_error_cm,21.719595839760128,20.717427514941477,38.45595737461087,0.607077100756596,0.8014760781761252,,,,,,,,,,,,,,
sorted,sorted,global_pca,1.0,0.05,200,pca,,3.0,3,"[0.1811473278716225, 0.12034588771810134, 0.07765254773076805]",outputs/ratinabox_003/decoder_comparison/sorted/models/manifold_transforms/global_pca_k3_w1000ms,position,continuous,pca_ridge,8386,3594,mean_position_error_cm,21.719595839760135,20.717427514941548,38.45595737461089,0.607077100756596,0.8014760781761249,,,,,,,,,,,,,,
sorted,sorted,global_pca,1.0,0.05,200,pca,,3.0,3,"[0.1811473278716225, 0.12034588771810134, 0.07765254773076805]",outputs/ratinabox_003/decoder_comparison/sorted/models/manifold_transforms/global_pca_k3_w1000ms,position,continuous,random_forest_regressor,8386,3594,mean_position_error_cm,16.629447791303033,11.809158514974122,38.472886746075815,0.6239007026668943,0.9047783586703353,,,,,,,,,,,,,,
sorted,sorted,global_pca,1.0,0.05,200,pca,,3.0,3,"[0.1811473278716225, 0.12034588771810134, 0.07765254773076805]",outputs/ratinabox_003/decoder_comparison/sorted/models/manifold_transforms/global_pca_k3_w1000ms,position,continuous,bayesian_place_decoder,8386,3594,mean_position_error_cm,22.178841520239462,19.818166381546728,41.070562313719144,0.5217429655879606,0.8078889409809311,,,,,,,,,,,,,,
sorted,sorted,global_pca,1.0,0.05,200,pca,,3.0,3,"[0.1811473278716225, 0.12034588771810134, 0.07765254773076805]",outputs/ratinabox_003/decoder_comparison/sorted/models/manifold_transforms/global_pca_k3_w1000ms,speed,continuous,ridge,8386,3594,r2,,,,,,-0.014173556669631271,-0.0023546254989426484,4.331942254755469,5.44172092224065,,,,,,,,,,
sorted,sorted,global_pca,1.0,0.05,200,pca,,3.0,3,"[0.1811473278716225, 0.12034588771810134, 0.07765254773076805]",outputs/ratinabox_003/decoder_comparison/sorted/models/manifold_transforms/global_pca_k3_w1000ms,speed,continuous,pca_ridge,8386,3594,r2,,,,,,-0.014173556669631049,-0.002354625498942682,4.331942254755469,5.441720922240649,,,,,,,,,,
sorted,sorted,global_pca,1.0,0.05,200,pca,,3.0,3,"[0.1811473278716225, 0.12034588771810134, 0.07765254773076805]",outputs/ratinabox_003/decoder_comparison/sorted/models/manifold_transforms/global_pca_k3_w1000ms,speed,continuous,random_forest_regressor,8386,3594,r2,,,,,,-0.06679476305638743,0.1125349567283897,4.4143664995664444,5.581109733070846,,,,,,,,,,
sorted,sorted,global_pca,1.0,0.05,200,pca,,3.0,3,"[0.1811473278716225, 0.12034588771810134, 0.07765254773076805]",outputs/ratinabox_003/decoder_comparison/sorted/models/manifold_transforms/global_pca_k3_w1000ms,acceleration,continuous,ridge,8386,3594,r2,,,,,,0.0002178413499290821,0.016137126881280443,31.91697545426634,42.07151655196963,,,,,,,,,,
sorted,sorted,global_pca,1.0,0.05,200,pca,,3.0,3,"[0.1811473278716225, 0.12034588771810134, 0.07765254773076805]",outputs/ratinabox_003/decoder_comparison/sorted/models/manifold_transforms/global_pca_k3_w1000ms,acceleration,continuous,pca_ridge,8386,3594,r2,,,,,,0.00021784134992886006,0.016137126881280425,31.91697545426634,42.07151655196963,,,,,,,,,,
sorted,sorted,global_pca,1.0,0.05,200,pca,,3.0,3,"[0.1811473278716225, 0.12034588771810134, 0.07765254773076805]",outputs/ratinabox_003/decoder_comparison/sorted/models/manifold_transforms/global_pca_k3_w1000ms,acceleration,continuous,random_forest_regressor,8386,3594,r2,,,,,,-0.0014784238867975308,0.028876366316997828,31.98101442778285,42.1071914268232,,,,,,,,,,
sorted,sorted,global_pca,1.0,0.05,200,pca,,3.0,3,"[0.1811473278716225, 0.12034588771810134, 0.07765254773076805]",outputs/ratinabox_003/decoder_comparison/sorted/models/manifold_transforms/global_pca_k3_w1000ms,head_direction,continuous,ridge,8386,3594,mean_circular_error_deg,,,,,,,,,,36.250695895182474,29.34375562086634,79.31054821923838,,,,,,,
sorted,sorted,global_pca,1.0,0.05,200,pca,,3.0,3,"[0.1811473278716225, 0.12034588771810134, 0.07765254773076805]",outputs/ratinabox_003/decoder_comparison/sorted/models/manifold_transforms/global_pca_k3_w1000ms,head_direction,continuous,pca_ridge,8386,3594,mean_circular_error_deg,,,,,,,,,,36.25069589518247,29.34375562086629,79.31054821923843,,,,,,,
sorted,sorted,global_pca,1.0,0.05,200,pca,,3.0,3,"[0.1811473278716225, 0.12034588771810134, 0.07765254773076805]",outputs/ratinabox_003/decoder_comparison/sorted/models/manifold_transforms/global_pca_k3_w1000ms,head_direction,continuous,random_forest_regressor,8386,3594,mean_circular_error_deg,,,,,,,,,,44.48846251518825,35.42149718044325,98.35759671874882,,,,,,,
sorted,sorted,global_pca,1.0,0.05,200,pca,,3.0,3,"[0.1811473278716225, 0.12034588771810134, 0.07765254773076805]",outputs/ratinabox_003/decoder_comparison/sorted/models/manifold_transforms/global_pca_k3_w1000ms,distance_to_wall,continuous,ridge,8386,3594,r2,,,,,,-0.21366433535323526,0.21497192027792855,,,,,,7.848060319260549,9.30334211698968,,,,,
sorted,sorted,global_pca,1.0,0.05,200,pca,,3.0,3,"[0.1811473278716225, 0.12034588771810134, 0.07765254773076805]",outputs/ratinabox_003/decoder_comparison/sorted/models/manifold_transforms/global_pca_k3_w1000ms,distance_to_wall,continuous,pca_ridge,8386,3594,r2,,,,,,-0.21366433535323237,0.21497192027792883,,,,,,7.848060319260537,9.303342116989668,,,,,
sorted,sorted,global_pca,1.0,0.05,200,pca,,3.0,3,"[0.1811473278716225, 0.12034588771810134, 0.07765254773076805]",outputs/ratinabox_003/decoder_comparison/sorted/models/manifold_transforms/global_pca_k3_w1000ms,distance_to_wall,continuous,random_forest_regressor,8386,3594,r2,,,,,,-0.24931414677792363,0.4499566896046148,,,,,,6.5975420781120135,9.438989994059217,,,,,
sorted,sorted,global_pca,1.0,0.05,200,pca,,3.0,3,"[0.1811473278716225, 0.12034588771810134, 0.07765254773076805]",outputs/ratinabox_003/decoder_comparison/sorted/models/manifold_transforms/global_pca_k3_w1000ms,distance_to_wall,continuous,bayesian_place_decoder,8386,3594,r2,,,,,,-1.0794257865182963,0.4392222629500508,,,,,,9.181017024813077,12.177591723902697,,,,,
sorted,sorted,global_pca,1.0,0.05,200,pca,,3.0,3,"[0.1811473278716225, 0.12034588771810134, 0.07765254773076805]",outputs/ratinabox_003/decoder_comparison/sorted/models/manifold_transforms/global_pca_k3_w1000ms,spatial_context,categorical,logistic_regression,8386,3594,balanced_accuracy,,,,,,,,,,,,,,,0.30495269894268223,0.38272442820820046,0.2897488541107216,"[[377, 79, 96], [758, 581, 223], [882, 460, 138]]","['center', 'corner', 'wall']"
sorted,sorted,global_pca,1.0,0.05,200,pca,,3.0,3,"[0.1811473278716225, 0.12034588771810134, 0.07765254773076805]",outputs/ratinabox_003/decoder_comparison/sorted/models/manifold_transforms/global_pca_k3_w1000ms,spatial_context,categorical,random_forest_classifier,8386,3594,balanced_accuracy,,,,,,,,,,,,,,,0.567056204785754,0.606354177480938,0.555020391635925,"[[414, 66, 72], [518, 796, 248], [370, 282, 828]]","['center', 'corner', 'wall']"
sorted,sorted,global_pca,1.0,0.05,200,pca,,3.0,3,"[0.1811473278716225, 0.12034588771810134, 0.07765254773076805]",outputs/ratinabox_003/decoder_comparison/sorted/models/manifold_transforms/global_pca_k3_w1000ms,spatial_context,categorical,bayesian_place_decoder_derived_context,8386,3594,balanced_accuracy,,,,,,,,,,,,,,,0.442960489705064,0.5130117020655907,0.4344147143446342,"[[421, 63, 68], [559, 752, 169], [655, 488, 419]]","['center', 'wall', 'corner']"
sorted,sorted,global_pca,1.0,0.05,200,pca,,3.0,3,"[0.1811473278716225, 0.12034588771810134, 0.07765254773076805]",outputs/ratinabox_003/decoder_comparison/sorted/models/manifold_transforms/global_pca_k3_w1000ms,movement_state,categorical,logistic_regression,8386,3594,balanced_accuracy,,,,,,,,,,,,,,,0.4015025041736227,0.2907572340817141,0.3043650575871099,"[[909, 538, 378], [724, 527, 382], [72, 57, 7]]","['fast', 'slow', 'still']"
sorted,sorted,global_pca,1.0,0.05,200,pca,,3.0,3,"[0.1811473278716225, 0.12034588771810134, 0.07765254773076805]",outputs/ratinabox_003/decoder_comparison/sorted/models/manifold_transforms/global_pca_k3_w1000ms,movement_state,categorical,random_forest_classifier,8386,3594,balanced_accuracy,,,,,,,,,,,,,,,0.4521424596549805,0.33347513158221537,0.33293994175388836,"[[859, 817, 149], [712, 757, 164], [78, 49, 9]]","['fast', 'slow', 'still']"
sorted,sorted,global_pca,1.0,0.05,200,pca,,3.0,3,"[0.1811473278716225, 0.12034588771810134, 0.07765254773076805]",outputs/ratinabox_003/decoder_comparison/sorted/models/manifold_transforms/global_pca_k3_w1000ms,wall_distance_bin,categorical,logistic_regression,8386,3594,balanced_accuracy,,,,,,,,,,,,,,,0.3436282693377852,0.2731746890762126,0.2441966923032076,"[[40, 106, 19], [384, 134, 208], [470, 1172, 1061]]","['center', 'middle', 'near_wall']"
sorted,sorted,global_pca,1.0,0.05,200,pca,,3.0,3,"[0.1811473278716225, 0.12034588771810134, 0.07765254773076805]",outputs/ratinabox_003/decoder_comparison/sorted/models/manifold_transforms/global_pca_k3_w1000ms,wall_distance_bin,categorical,random_forest_classifier,8386,3594,balanced_accuracy,,,,,,,,,,,,,,,0.568725653867557,0.44602191830523985,0.40418979926667936,"[[24, 119, 22], [187, 442, 97], [354, 771, 1578]]","['center', 'middle', 'near_wall']"
sorted,sorted,global_pca,1.0,0.05,200,pca,,3.0,3,"[0.1811473278716225, 0.12034588771810134, 0.07765254773076805]",outputs/ratinabox_003/decoder_comparison/sorted/models/manifold_transforms/global_pca_k3_w1000ms,wall_distance_bin,categorical,bayesian_place_decoder_derived_context,8386,3594,balanced_accuracy,,,,,,,,,,,,,,,0.5030606566499721,0.579152334565512,0.4382089415556975,"[[1175, 1332, 196], [46, 541, 139], [7, 66, 92]]","['near_wall', 'middle', 'center']"
sorted,sorted,region_pca,1.0,0.05,200,pca,region,3.0,12,,outputs/ratinabox_003/decoder_comparison/sorted/models/manifold_transforms/region_pca_k3_w1000ms,position,continuous,ridge,8386,3594,mean_position_error_cm,16.93338937098187,13.54404490687007,35.90638294397396,0.7646714906271986,0.8280647960650698,,,,,,,,,,,,,,
sorted,sorted,region_pca,1.0,0.05,200,pca,region,3.0,12,,outputs/ratinabox_003/decoder_comparison/sorted/models/manifold_transforms/region_pca_k3_w1000ms,position,continuous,pca_ridge,8386,3594,mean_position_error_cm,17.65600758823539,14.552325353916999,37.201297616727125,0.7368397339989194,0.8242893530742378,,,,,,,,,,,,,,
sorted,sorted,region_pca,1.0,0.05,200,pca,region,3.0,12,,outputs/ratinabox_003/decoder_comparison/sorted/models/manifold_transforms/region_pca_k3_w1000ms,position,continuous,random_forest_regressor,8386,3594,mean_position_error_cm,7.017803866990642,5.623147739816657,13.877194314963354,0.9505151883600379,0.9727629932943358,,,,,,,,,,,,,,
sorted,sorted,region_pca,1.0,0.05,200,pca,region,3.0,12,,outputs/ratinabox_003/decoder_comparison/sorted/models/manifold_transforms/region_pca_k3_w1000ms,position,continuous,bayesian_place_decoder,8386,3594,mean_position_error_cm,16.17236923855989,13.0363053823985,33.66586831207552,0.8039615294940292,0.812799295687372,,,,,,,,,,,,,,
sorted,sorted,region_pca,1.0,0.05,200,pca,region,3.0,12,,outputs/ratinabox_003/decoder_comparison/sorted/models/manifold_transforms/region_pca_k3_w1000ms,speed,continuous,ridge,8386,3594,r2,,,,,,0.30383387774431214,0.5574012754540039,3.4772469718822117,4.508546638632376,,,,,,,,,,
sorted,sorted,region_pca,1.0,0.05,200,pca,region,3.0,12,,outputs/ratinabox_003/decoder_comparison/sorted/models/manifold_transforms/region_pca_k3_w1000ms,speed,continuous,pca_ridge,8386,3594,r2,,,,,,0.3051419677187227,0.5587236227408818,3.4749461582126844,4.504308887432143,,,,,,,,,,
sorted,sorted,region_pca,1.0,0.05,200,pca,region,3.0,12,,outputs/ratinabox_003/decoder_comparison/sorted/models/manifold_transforms/region_pca_k3_w1000ms,speed,continuous,random_forest_regressor,8386,3594,r2,,,,,,0.25584243162921627,0.5154593567321174,3.5978008080610597,4.661359253024133,,,,,,,,,,
sorted,sorted,region_pca,1.0,0.05,200,pca,region,3.0,12,,outputs/ratinabox_003/decoder_comparison/sorted/models/manifold_transforms/region_pca_k3_w1000ms,acceleration,continuous,ridge,8386,3594,r2,,,,,,0.015307171103517425,0.12382720724741039,31.6841374397974,41.75282485277663,,,,,,,,,,
sorted,sorted,region_pca,1.0,0.05,200,pca,region,3.0,12,,outputs/ratinabox_003/decoder_comparison/sorted/models/manifold_transforms/region_pca_k3_w1000ms,acceleration,continuous,pca_ridge,8386,3594,r2,,,,,,0.015225297158592,0.12348300934474425,31.68088727355588,41.754560621194216,,,,,,,,,,
sorted,sorted,region_pca,1.0,0.05,200,pca,region,3.0,12,,outputs/ratinabox_003/decoder_comparison/sorted/models/manifold_transforms/region_pca_k3_w1000ms,acceleration,continuous,random_forest_regressor,8386,3594,r2,,,,,,0.007835074288507826,0.10389568685836492,31.840807160378652,41.910940930988396,,,,,,,,,,
sorted,sorted,region_pca,1.0,0.05,200,pca,region,3.0,12,,outputs/ratinabox_003/decoder_comparison/sorted/models/manifold_transforms/region_pca_k3_w1000ms,head_direction,continuous,ridge,8386,3594,mean_circular_error_deg,,,,,,,,,,23.65061510363149,19.83353452623175,48.104650792064696,,,,,,,
sorted,sorted,region_pca,1.0,0.05,200,pca,region,3.0,12,,outputs/ratinabox_003/decoder_comparison/sorted/models/manifold_transforms/region_pca_k3_w1000ms,head_direction,continuous,pca_ridge,8386,3594,mean_circular_error_deg,,,,,,,,,,23.68377570001398,19.83374499778089,48.2039017045167,,,,,,,
sorted,sorted,region_pca,1.0,0.05,200,pca,region,3.0,12,,outputs/ratinabox_003/decoder_comparison/sorted/models/manifold_transforms/region_pca_k3_w1000ms,head_direction,continuous,random_forest_regressor,8386,3594,mean_circular_error_deg,,,,,,,,,,26.076508681533586,21.409370783209113,55.24543580780364,,,,,,,
sorted,sorted,region_pca,1.0,0.05,200,pca,region,3.0,12,,outputs/ratinabox_003/decoder_comparison/sorted/models/manifold_transforms/region_pca_k3_w1000ms,distance_to_wall,continuous,ridge,8386,3594,r2,,,,,,0.08328702025011658,0.5702015071386892,,,,,,6.643588915534127,8.08549079639341,,,,,
sorted,sorted,region_pca,1.0,0.05,200,pca,region,3.0,12,,outputs/ratinabox_003/decoder_comparison/sorted/models/manifold_transforms/region_pca_k3_w1000ms,distance_to_wall,continuous,pca_ridge,8386,3594,r2,,,,,,0.09044732531932631,0.5766433728209914,,,,,,6.653367585144863,8.05385162626563,,,,,
sorted,sorted,region_pca,1.0,0.05,200,pca,region,3.0,12,,outputs/ratinabox_003/decoder_comparison/sorted/models/manifold_transforms/region_pca_k3_w1000ms,distance_to_wall,continuous,random_forest_regressor,8386,3594,r2,,,,,,0.7282822656548165,0.8686028923211225,,,,,,2.86401767596178,4.4019863258750105,,,,,
sorted,sorted,region_pca,1.0,0.05,200,pca,region,3.0,12,,outputs/ratinabox_003/decoder_comparison/sorted/models/manifold_transforms/region_pca_k3_w1000ms,distance_to_wall,continuous,bayesian_place_decoder,8386,3594,r2,,,,,,-0.8965670531336958,0.4229227611263049,,,,,,7.501749279756867,11.62984154881664,,,,,
sorted,sorted,region_pca,1.0,0.05,200,pca,region,3.0,12,,outputs/ratinabox_003/decoder_comparison/sorted/models/manifold_transforms/region_pca_k3_w1000ms,spatial_context,categorical,logistic_regression,8386,3594,balanced_accuracy,,,,,,,,,,,,,,,0.5509181969949917,0.6300543334070584,0.5543367325657201,"[[510, 1, 41], [183, 761, 618], [565, 206, 709]]","['center', 'corner', 'wall']"
sorted,sorted,region_pca,1.0,0.05,200,pca,region,3.0,12,,outputs/ratinabox_003/decoder_comparison/sorted/models/manifold_transforms/region_pca_k3_w1000ms,spatial_context,categorical,random_forest_classifier,8386,3594,balanced_accuracy,,,,,,,,,,,,,,,0.8433500278241514,0.8658002042570322,0.8456306834147426,"[[523, 1, 28], [49, 1259, 254], [100, 131, 1249]]","['center', 'corner', 'wall']"
sorted,sorted,region_pca,1.0,0.05,200,pca,region,3.0,12,,outputs/ratinabox_003/decoder_comparison/sorted/models/manifold_transforms/region_pca_k3_w1000ms,spatial_context,categorical,bayesian_place_decoder_derived_context,8386,3594,balanced_accuracy,,,,,,,,,,,,,,,0.5723427935447969,0.617295261079707,0.56247871122013,"[[432, 97, 23], [436, 816, 228], [374, 379, 809]]","['center', 'wall', 'corner']"
sorted,sorted,region_pca,1.0,0.05,200,pca,region,3.0,12,,outputs/ratinabox_003/decoder_comparison/sorted/models/manifold_transforms/region_pca_k3_w1000ms,movement_state,categorical,logistic_regression,8386,3594,balanced_accuracy,,,,,,,,,,,,,,,0.5102949360044519,0.5636462834510949,0.42294197947172285,"[[1230, 407, 188], [458, 508, 667], [14, 26, 96]]","['fast', 'slow', 'still']"
sorted,sorted,region_pca,1.0,0.05,200,pca,region,3.0,12,,outputs/ratinabox_003/decoder_comparison/sorted/models/manifold_transforms/region_pca_k3_w1000ms,movement_state,categorical,random_forest_classifier,8386,3594,balanced_accuracy,,,,,,,,,,,,,,,0.6421814134668893,0.4779328503457185,0.47763294664201794,"[[1252, 541, 32], [499, 1041, 93], [18, 103, 15]]","['fast', 'slow', 'still']"
sorted,sorted,region_pca,1.0,0.05,200,pca,region,3.0,12,,outputs/ratinabox_003/decoder_comparison/sorted/models/manifold_transforms/region_pca_k3_w1000ms,wall_distance_bin,categorical,logistic_regression,8386,3594,balanced_accuracy,,,,,,,,,,,,,,,0.5434056761268782,0.6743337929797418,0.5687441427458904,"[[137, 28, 0], [83, 517, 126], [13, 1391, 1299]]","['center', 'middle', 'near_wall']"
sorted,sorted,region_pca,1.0,0.05,200,pca,region,3.0,12,,outputs/ratinabox_003/decoder_comparison/sorted/models/manifold_transforms/region_pca_k3_w1000ms,wall_distance_bin,categorical,random_forest_classifier,8386,3594,balanced_accuracy,,,,,,,,,,,,,,,0.8823038397328882,0.8436337953238366,0.8246366002728028,"[[126, 39, 0], [27, 636, 63], [0, 294, 2409]]","['center', 'middle', 'near_wall']"
sorted,sorted,region_pca,1.0,0.05,200,pca,region,3.0,12,,outputs/ratinabox_003/decoder_comparison/sorted/models/manifold_transforms/region_pca_k3_w1000ms,wall_distance_bin,categorical,bayesian_place_decoder_derived_context,8386,3594,balanced_accuracy,,,,,,,,,,,,,,,0.6368948247078464,0.5637461284217414,0.4859011362179894,"[[1753, 672, 278], [178, 471, 77], [6, 94, 65]]","['near_wall', 'middle', 'center']"
