time,true,pred
420.025,22.080750570249325,9.620743462283153
420.05,21.76945851889571,11.455207980876116
420.075,21.76945851889571,9.631248420557878
420.1,19.840591866485,10.707002799713518
420.125,21.54690177614246,10.753327046760813
420.15,21.54690177614246,11.124914511527232
420.175,21.54690177614246,10.363564499574167
420.2,23.1449273467958,10.37948622959242
420.225,23.1449273467958,10.575823950337085
420.25,19.9172349244574,11.224408435041761
420.275,19.9172349244574,10.526003500549717
420.3,23.554005715583138,11.200225575530382
420.325,23.554005715583138,11.954779455146838
420.35,24.499647730728675,10.353192795115815
420.375,23.048620832045398,9.868212527104646
420.4,23.048620832045398,10.47681604982463
420.425,23.048620832045398,10.5176300774299
420.45,20.34931577094513,10.97360063146872
420.475,20.34931577094513,10.787240218582369
420.5,23.755455908163107,10.783345777480582
420.525,23.755455908163107,11.146410644750661
420.55,22.945455717956666,10.09222570222652
420.575,22.945455717956666,10.22524153577927
420.6,23.97512594911527,10.680246898089667
420.625,20.731421383207262,10.798112306026876
420.65,20.731421383207262,10.53177463205031
420.675,20.731421383207262,10.064782312899563
420.7,21.19672726027665,10.754200784711582
420.725,21.19672726027665,9.860901034221486
420.75,17.535398402959093,11.293168513992825
420.775,17.535398402959093,10.170032589732315
420.8,20.5874544646096,10.86892799425796
420.825,20.5874544646096,9.574844953159001
420.85,18.37862380865186,11.362984811930948
420.875,11.724359932236414,10.334721769787059
420.9,11.724359932236414,10.589830471309126
420.925,11.724359932236414,10.296400824149167
420.95,13.493833728040611,11.547277514025327
420.975,13.493833728040611,11.473580193563466
421.0,15.830532618441032,10.373447748954668
421.025,15.830532618441032,11.096258921321269
421.05,19.75079240722097,9.893477216976741
421.075,19.75079240722097,10.233337830925034
421.1,18.512896659668517,10.70046326095477
421.125,17.721305929028745,10.927171666805927
421.15,17.721305929028745,10.758387959700768
421.175,17.721305929028745,10.505813309743667
421.2,13.009135622494448,10.030531058910917
421.225,13.009135622494448,11.168667753283632
421.25,14.952475634629767,10.499292900672135
421.275,14.952475634629767,9.810173184766773
421.3,15.134356449523414,10.42934200584307
421.325,15.134356449523414,10.18988189867058
421.35,15.836948419099013,11.61515150818072
421.375,11.92429466356357,11.472485278901429
421.4,11.92429466356357,10.110197191119886
421.425,11.92429466356357,10.395181596166895
421.45,9.14892082061774,10.095518078451775
421.475,9.14892082061774,10.710326774588816
421.5,13.258401974334625,10.280365837038083
421.525,13.258401974334625,10.760273531608496
421.55,10.899118269442155,10.38384053517259
421.575,10.899118269442155,10.092240673199807
421.6,12.305992774511791,10.524337020248657
421.625,10.01419667899733,9.755513726277998
421.65,10.01419667899733,10.492600550824495
421.675,10.01419667899733,10.336764233886583
421.7,6.55250698157578,10.886220732850045
421.725,6.55250698157578,10.379916409719014
421.75,4.86533811248853,9.599517999754871
421.775,4.86533811248853,10.470114804325458
421.8,4.724707485705893,10.660435065353187
421.825,4.724707485705893,10.925270961882754
421.85,5.5867407415925,11.052480670118676
421.875,4.423543455435872,11.232974107973552
421.9,4.423543455435872,10.374498090881264
421.925,4.423543455435872,11.474433470584497
421.95,3.386032245297853,10.18859292217257
421.975,3.386032245297853,10.110264799593521
422.0,5.2309087087647175,10.490145298526183
422.025,5.2309087087647175,10.416207905682933
422.05,6.2176258012897225,10.360557588507628
422.075,6.2176258012897225,9.903105064195774
422.1,5.533469401191085,10.193942607736357
422.125,6.761201937701624,10.592378527723213
422.15,6.761201937701624,10.485403664941286
422.175,6.761201937701624,11.15799309800247
422.2,8.326332094551788,10.373664225940413
422.225,8.326332094551788,10.453527020870672
422.25,12.815602799875665,10.880162840210401
422.275,12.815602799875665,10.590745112704845
422.3,12.61993830827968,10.738409215713922
422.325,12.61993830827968,9.871433058753757
422.35,10.860806823152792,11.477428323842112
422.375,12.060277737887612,10.182142403893161
422.4,12.060277737887612,10.118435008336043
422.425,12.060277737887612,9.992049590556196
422.45,11.61446398113356,13.079412747142895
422.475,11.61446398113356,11.542616106715833
422.5,15.466603839561186,10.054969875281312
422.525,15.466603839561186,10.544626652435788
422.55,14.956505676031323,10.182885323004534
422.575,14.956505676031323,10.353245460577293
422.6,9.636411616645375,12.017303214194612
422.625,8.447682646071645,10.333617677364883
422.65,8.447682646071645,9.828592538388252
422.675,8.447682646071645,10.717193288481935
422.7,9.484920942374732,9.846870918384994
422.725,9.484920942374732,10.453048128941052
422.75,7.874728461089875,11.912181210744663
422.775,7.874728461089875,10.219891599065686
422.8,11.607876208759242,10.613788867406218
422.825,11.607876208759242,10.123085323713703
422.85,12.117092379281534,11.231393544462533
422.875,12.421234645869289,11.21533046691787
422.9,12.421234645869289,11.098244757066755
422.925,12.421234645869289,10.806805696957538
422.95,9.581656610473972,10.62154243771565
422.975,9.581656610473972,10.315338415092338
423.0,4.850109400725334,11.978330178976641
423.025,4.850109400725334,10.863763948503777
423.05,5.749384058929034,10.65440906293416
423.075,5.749384058929034,10.725809207603907
423.1,3.7869494496995104,11.208219386261332
423.125,3.849965623438892,11.169335025365651
423.15,3.849965623438892,10.598128218344192
423.175,3.849965623438892,11.001394461858247
423.2,3.3983975033639924,10.37169489519008
423.225,3.3983975033639924,10.596692844450843
423.25,5.107849708710092,10.685263191240193
423.275,5.107849708710092,11.220214271017209
423.3,7.264451797502212,10.803056790052098
423.325,7.264451797502212,10.283390174491885
423.35,10.508357548102945,10.53394777957329
423.375,11.072880750557928,11.072870513666382
423.4,11.072880750557928,11.544140960525382
423.425,11.072880750557928,11.305140327218078
423.45,9.558663034249117,10.838864681979008
423.475,9.558663034249117,10.434039343222302
423.5,8.498201628207067,10.388790632172677
423.525,8.498201628207067,9.389302913577197
423.55,9.42285166776186,10.328632237089867
423.575,9.42285166776186,11.020533630356365
423.6,11.73782249177246,9.912003623728694
423.625,8.053319764525652,10.32151588900234
423.65,8.053319764525652,10.316542271093576
423.675,8.053319764525652,11.146433991927374
423.7,6.286612941889245,10.604492918181569
423.725,6.286612941889245,10.584490454678507
423.75,4.197933292168245,11.013592907429889
423.775,4.197933292168245,11.088015021926857
423.8,5.8696115713649375,10.081320890153448
423.825,5.8696115713649375,11.07050881445008
423.85,5.960572456823631,10.44612581137649
423.875,5.328214817665465,11.494264580539086
423.9,5.328214817665465,11.976982666781675
423.925,5.328214817665465,9.865862349526655
423.95,6.803239398290625,10.225363696093874
423.975,6.803239398290625,10.354253215812538
424.0,6.203190666105008,10.930672304442417
424.025,6.203190666105008,10.274616659348094
424.05,6.002441360955702,11.718461972310815
424.075,6.002441360955702,11.174878877185497
424.1,2.6135435801410747,10.910439843109014
424.125,5.233419730753698,9.803211118700595
424.15,5.233419730753698,11.156147180950722
424.175,5.233419730753698,11.425653965976487
424.2,4.324001155870271,10.478835168890065
424.225,4.324001155870271,9.961613273798323
424.25,3.4858745529890207,9.816885734794257
424.275,3.4858745529890207,10.338830253178667
424.3,4.772998203136523,10.714303988753063
424.325,4.772998203136523,12.602466916495693
424.35,4.511426778598078,9.919824792779439
424.375,5.346867820088501,10.702006318121446
424.4,5.346867820088501,10.327339362892317
424.425,5.346867820088501,10.316433371926612
424.45,4.906935408943524,10.662516682621458
424.475,4.906935408943524,11.125187061300451
424.5,5.798014830380044,11.667845243365287
424.525,5.798014830380044,10.590387351644576
424.55,8.194587851984917,10.137219892502962
424.575,8.194587851984917,11.753524430857526
424.6,5.774525268584618,10.734561035863527
424.625,7.375880894399491,10.209945870264605
424.65,7.375880894399491,10.553110216927198
424.675,7.375880894399491,11.59126363261528
424.7,6.517154974787098,10.520009114933409
424.725,6.517154974787098,11.199947551971372
424.75,4.526618163178644,10.541568463053602
424.775,4.526618163178644,10.41324798908456
424.8,2.90162547739776,9.787480210266796
424.825,2.90162547739776,10.938260426849068
424.85,3.5290161322653497,11.580559505269626
424.875,3.6567381816231377,11.094695761322264
424.9,3.6567381816231377,9.843340581316976
424.925,3.6567381816231377,10.170458437651792
424.95,5.774405948837565,10.913590809725706
424.975,5.774405948837565,11.842919009664158
425.0,3.74964403597931,10.267682374541385
425.025,3.74964403597931,10.221869911164733
425.05,3.802843673192913,10.899293472396486
425.075,3.802843673192913,11.391268051453556
425.1,2.289266450517489,10.386495092495444
425.125,4.966352722028352,10.536871465448982
425.15,4.966352722028352,9.969490259428648
425.175,4.966352722028352,10.484833349587602
425.2,7.936306174493991,11.63776262280379
425.225,7.936306174493991,11.761648310462679
425.25,4.623011582259371,9.424542796889135
425.275,4.623011582259371,10.746401647553892
425.3,3.026020155395389,10.584679689428464
425.325,3.026020155395389,10.945712723291592
425.35,2.215177957025767,11.035443297910883
425.375,4.310765395842152,10.827434533090818
425.4,4.310765395842152,11.958414815946316
425.425,4.310765395842152,11.693872772343932
425.45,5.477852269109407,11.989306550338265
425.475,5.477852269109407,10.727472489362698
425.5,5.68684419094592,10.97468117326181
425.525,5.68684419094592,10.730850437946287
425.55,3.42941952697352,10.034800097937707
425.575,3.42941952697352,11.151100287503152
425.6,5.3575325889225365,10.68475220188492
425.625,3.8034516400503695,11.036460314276503
425.65,3.8034516400503695,11.87008170719422
425.675,3.8034516400503695,10.257556009955609
425.7,5.004315623916208,12.150661673258314
425.725,5.004315623916208,10.903809749770453
425.75,7.3821153601088545,10.829872038756863
425.775,7.3821153601088545,11.502766744209184
425.8,9.006625375622855,11.846824044438849
425.825,9.006625375622855,9.554277338665935
425.85,8.425329226034492,12.76432789505481
425.875,9.254802679770853,10.50319709596298
425.9,9.254802679770853,10.198852376408842
425.925,9.254802679770853,10.726333594740677
425.95,8.787135055872414,11.165206146710922
425.975,8.787135055872414,9.569379009061482
426.0,11.343108691547853,11.339560270692944
426.025,11.343108691547853,10.262071698599874
426.05,12.075119960050332,10.980495162759887
426.075,12.075119960050332,11.638496472778577
426.1,12.817219815309452,11.999482269235148
426.125,15.652969281618535,10.895074265622492
426.15,15.652969281618535,10.458291733145579
426.175,15.652969281618535,10.362587439273609
426.2,17.210114393342252,11.092539949271716
426.225,17.210114393342252,10.101100014902695
426.25,11.233863110222336,10.58554064445187
426.275,11.233863110222336,10.040346204589907
426.3,14.08956893397679,11.21492613355499
426.325,14.08956893397679,9.660635814819642
426.35,10.75344200209182,10.991307025283016
426.375,9.086024232286505,10.868264877265007
426.4,9.086024232286505,11.09806832543382
426.425,9.086024232286505,12.990286853569573
426.45,9.42006432916804,10.465608275148467
426.475,9.42006432916804,10.030006207351681
426.5,10.8022178547186,10.208329300667568
426.525,10.8022178547186,10.464306585222046
426.55,11.259057080387414,10.868930217086902
426.575,11.259057080387414,10.42470667562806
426.6,8.616675725783448,10.773166272386433
426.625,7.077836400937972,10.508624564854903
426.65,7.077836400937972,11.084197298183721
426.675,7.077836400937972,11.17097310100284
426.7,9.567004737357417,9.50570925192685
426.725,9.567004737357417,12.060515366212185
426.75,6.88613487749987,9.49802355453299
426.775,6.88613487749987,10.56268548233004
426.8,6.354120536766224,10.013088204321413
426.825,6.354120536766224,10.352452920573262
426.85,4.024471636614211,10.689080667473394
426.875,8.16836828852112,10.840171083540644
426.9,8.16836828852112,10.378752551592179
426.925,8.16836828852112,11.113449750547804
426.95,9.109992992537274,11.058293802875204
426.975,9.109992992537274,10.08020471287587
427.0,6.740774837834484,10.760414974936346
427.025,6.740774837834484,9.792797390131103
427.05,4.689874116330965,10.136662449087634
427.075,4.689874116330965,10.670753069696339
427.1,4.789139949065248,9.696451752485093
427.125,6.383316708764612,10.618611915398464
427.15,6.383316708764612,10.715754936372193
427.175,6.383316708764612,10.726512417243386
427.2,5.76998527457401,10.486476602962544
427.225,5.76998527457401,10.345305347783729
427.25,7.152009078594992,10.67615675286771
427.275,7.152009078594992,11.313612022355665
427.3,10.611193747020591,11.599139827000402
427.325,10.611193747020591,10.671632350675518
427.35,11.904904875885617,9.882538560443015
427.375,12.35937247134821,9.841611721317884
427.4,12.35937247134821,10.108139220925723
427.425,12.35937247134821,10.960266265949475
427.45,12.445863887228793,10.327230979696832
427.475,12.445863887228793,9.853415219021816
427.5,12.201410874507207,11.274047049643993
427.525,12.201410874507207,10.867983253456805
427.55,13.06034260721176,11.052187778334062
427.575,13.06034260721176,10.932662645791947
427.6,12.289419709116288,10.236541226563785
427.625,14.246669048484469,11.053862371683488
427.65,14.246669048484469,10.345362684894894
427.675,14.246669048484469,10.449102919211017
427.7,12.704924481082749,9.750763444152826
427.725,12.704924481082749,10.387158389380676
427.75,17.109476508494424,10.855245528566083
427.775,17.109476508494424,10.354825291060106
427.8,10.911857585221902,11.533454531453899
427.825,10.911857585221902,10.432226444330379
427.85,12.495694452752383,9.756155561324466
427.875,9.04759123131687,10.482027077864783
427.9,9.04759123131687,11.232455066706448
427.925,9.04759123131687,10.418395171359004
427.95,8.107599593426288,11.93165489314278
427.975,8.107599593426288,9.89556465710922
428.0,11.372378522506107,10.560640977183075
428.025,11.372378522506107,11.247943587517057
428.05,9.519497608061965,10.409535884253685
428.075,9.519497608061965,10.999854150422063
428.1,9.16228324211723,12.206308400104943
428.125,8.26358640689137,10.558561645580172
428.15,8.26358640689137,10.633966464248095
428.175,8.26358640689137,10.880451806255161
428.2,8.16001895769611,9.861866242586963
428.225,8.16001895769611,9.68947973464931
428.25,8.991909794783023,10.705771132414238
428.275,8.991909794783023,10.129645836470734
428.3,10.092841268989847,9.832491639735226
428.325,10.092841268989847,9.741337064697849
428.35,7.841642069341991,10.901019132184516
428.375,10.261356554106388,10.974673078948285
428.4,10.261356554106388,10.645902190643724
428.425,10.261356554106388,9.93917839747456
428.45,8.601396750225245,10.519775394672909
428.475,8.601396750225245,11.187814412645656
428.5,12.186738128271502,10.25752757833328
428.525,12.186738128271502,10.899223461923361
428.55,12.620212698280636,10.497779484081903
428.575,12.620212698280636,10.318391621325123
428.6,14.004583743943138,11.000033986177959
428.625,16.031466119816663,10.836934145509172
428.65,16.031466119816663,11.044814363401228
428.675,16.031466119816663,10.070653586630836
428.7,13.29694058059175,11.04855100316229
428.725,13.29694058059175,11.347460485734215
428.75,11.253171843798771,10.584637498246213
428.775,11.253171843798771,11.918523328694999
428.8,9.1093156394223,10.45191885176016
428.825,9.1093156394223,9.415100610974385
428.85,14.16575062655473,9.303232847929895
428.875,15.988768822797006,10.395586740249843
428.9,15.988768822797006,10.60406854850361
428.925,15.988768822797006,12.548472765625155
428.95,17.46239550778931,10.139384916152263
428.975,17.46239550778931,10.32943416477888
429.0,17.633509064387145,10.709644498982026
429.025,17.633509064387145,11.26814409012476
429.05,15.10326644450385,11.132675961823502
429.075,15.10326644450385,10.384470163968007
429.1,12.899865980826876,10.17215499828392
429.125,14.12133441913095,10.635001320434935
429.15,14.12133441913095,10.269125241911558
429.175,14.12133441913095,9.939717019509795
429.2,13.127110405073104,10.222788750716273
429.225,13.127110405073104,10.052573952789993
429.25,12.0155162716126,10.692392307404019
429.275,12.0155162716126,10.691867455670574
429.3,10.074122673791896,10.72536599119531
429.325,10.074122673791896,10.568218949423176
429.35,6.520591336595923,11.203402975588295
429.375,5.632539139908572,10.64212787686127
429.4,5.632539139908572,9.9927257138084
429.425,5.632539139908572,10.392718256174904
429.45,4.504579217262023,12.341973403011446
429.475,4.504579217262023,9.953883873903969
429.5,3.086456033254797,11.022085295501823
429.525,3.086456033254797,9.923476137134193
429.55,5.716808589672279,11.283189489657902
429.575,5.716808589672279,10.585704601697483
429.6,5.382180934669158,10.430794096881321
429.625,4.839762324379012,10.996204614249798
429.65,4.839762324379012,10.398437544988449
429.675,4.839762324379012,10.245312107339927
429.7,5.365607176120711,10.288310877030817
429.725,5.365607176120711,11.202224824442597
429.75,6.969080683726217,9.741973139202925
429.775,6.969080683726217,11.358055890674832
429.8,8.978103309830896,9.996508561050492
429.825,8.978103309830896,10.184277076205804
429.85,10.591055915560952,11.296473495613556
429.875,14.627880452633072,10.56239372061956
429.9,14.627880452633072,10.90465588678945
429.925,14.627880452633072,10.834984814522494
429.95,13.736850365068785,10.603056090749947
429.975,13.736850365068785,10.222619420977377
430.0,13.571183498473564,10.169603507671713
430.025,13.571183498473564,11.715977217004959
430.05,9.28669575534312,10.258362193551147
430.075,9.28669575534312,10.901495050314606
430.1,10.012696662391336,10.669366524451181
430.125,7.269328526169223,9.933303801841262
430.15,7.269328526169223,10.516053088308645
430.175,7.269328526169223,10.894543791462944
430.2,6.216650127779976,10.431061222058565
430.225,6.216650127779976,9.363600913410869
430.25,7.690951606781631,12.248808233924306
430.275,7.690951606781631,9.938071238091885
430.3,10.316560518274931,11.135479713423903
430.325,10.316560518274931,10.292231852543264
430.35,11.927394084470036,11.695982106464838
430.375,9.380484922790956,10.101678017736164
430.4,9.380484922790956,10.427968789812553
430.425,9.380484922790956,10.861975850415611
430.45,7.935022574152281,10.731175720060405
430.475,7.935022574152281,11.147771295698336
430.5,9.253681099647972,10.406884748870707
430.525,9.253681099647972,12.993106260921152
430.55,11.821628413133922,11.23573315610539
430.575,11.821628413133922,10.18307347615888
430.6,14.79949801310508,10.53393293315363
430.625,11.764453869025974,10.275053406542538
430.65,11.764453869025974,10.966181458706835
430.675,11.764453869025974,11.304977549087326
430.7,10.147515443654854,10.162503344415118
430.725,10.147515443654854,10.922024834036122
430.75,13.508650381213316,9.514827510694737
430.775,13.508650381213316,9.874137466892407
430.8,17.374795745911875,10.465370836667503
430.825,17.374795745911875,10.13991128516512
430.85,14.52383784398284,11.878648062946608
430.875,14.995329824845763,9.781557394886992
430.9,14.995329824845763,10.738181233952947
430.925,14.995329824845763,10.286307276667895
430.95,16.20683688042741,11.23147660230681
430.975,16.20683688042741,10.323748653324326
431.0,13.488922792658794,10.424894754973396
431.025,13.488922792658794,13.581351828096196
431.05,12.94161337428014,10.53261875877099
431.075,12.94161337428014,11.062199523188674
431.1,10.263562197141711,10.01946746678698
431.125,11.267226215756562,10.492488113332186
431.15,11.267226215756562,9.899142358152341
431.175,11.267226215756562,11.447820351376055
431.2,10.549123396535002,10.634931608281804
431.225,10.549123396535002,10.339368159639337
431.25,13.16851480468796,10.445687524273254
431.275,13.16851480468796,9.088741519504751
431.3,14.11798220307261,12.589847211414199
431.325,14.11798220307261,11.292809002202475
431.35,15.240427847662351,10.595992260005046
431.375,20.861224158561704,11.522191594284461
431.4,20.861224158561704,9.500601331351954
431.425,20.861224158561704,11.113727991303573
431.45,18.048121676044826,10.341471762530649
431.475,18.048121676044826,10.114023838878971
431.5,19.35539123107223,11.30474039686985
431.525,19.35539123107223,10.452132890234251
431.55,16.15958059409372,9.909794780592682
431.575,16.15958059409372,10.550412233481872
431.6,14.24338311309216,9.449911598926123
431.625,11.982565733517998,10.303745678179105
431.65,11.982565733517998,9.930862056282278
431.675,11.982565733517998,11.253110518687588
431.7,9.830843547319512,9.56682699678087
431.725,9.830843547319512,10.633926915415444
431.75,14.634089610501531,10.33122855882338
431.775,14.634089610501531,11.127205046779032
431.8,13.661492120865455,10.749521181783145
431.825,13.661492120865455,9.652717491800484
431.85,15.3088574838688,10.631161382312794
431.875,12.757312664401496,10.13746390280741
431.9,12.757312664401496,10.804683775351542
431.925,12.757312664401496,10.761651381188862
431.95,11.358859882046495,10.663146358252131
431.975,11.358859882046495,10.72689201350688
432.0,10.915462755639089,11.060925534663339
432.025,10.915462755639089,10.583875599441008
432.05,9.709757920005798,10.047975449735148
432.075,9.709757920005798,10.381673545112605
432.1,10.56331630651966,10.293657772510032
432.125,7.993242574034182,10.056225533206538
432.15,7.993242574034182,10.47691809309603
432.175,7.993242574034182,11.260568926235617
432.2,6.933711993458436,10.381410816109558
432.225,6.933711993458436,10.833918899949584
432.25,6.786069875657638,10.52493432471715
432.275,6.786069875657638,11.445724766370184
432.3,10.298820189132652,10.391782105269952
432.325,10.298820189132652,10.309703269376389
432.35,13.384617025083209,11.289048064353826
432.375,15.596844596935815,9.970805496512671
432.4,15.596844596935815,9.866840529638194
432.425,15.596844596935815,10.40914886273429
432.45,11.467235065750558,11.77759734926385
432.475,11.467235065750558,11.121792430048103
432.5,9.519312018422037,9.642742946512298
432.525,9.519312018422037,10.967014497723664
432.55,11.473178051826322,10.01735732962765
432.575,11.473178051826322,11.629243896588452
432.6,10.155343892597752,9.859282349085705
432.625,10.99870497165612,11.17504092211443
432.65,10.99870497165612,11.201525033549496
432.675,10.99870497165612,10.66565343694632
432.7,9.413014171726656,10.376364359180805
432.725,9.413014171726656,10.19899690126112
432.75,14.579587482062752,11.111526077178594
432.775,14.579587482062752,11.155693304674342
432.8,14.248088446981292,11.088335095413335
432.825,14.248088446981292,10.408503935817187
432.85,11.214691465633353,10.887549166688462
432.875,13.120617938030373,10.490780403393694
432.9,13.120617938030373,11.964447104457358
432.925,13.120617938030373,10.78711841940661
432.95,11.622763974667867,10.055756037020899
432.975,11.622763974667867,10.266854799721177
433.0,10.811244836945724,10.822056873270979
433.025,10.811244836945724,11.160414103295969
433.05,10.95364968120194,11.426544085702528
433.075,10.95364968120194,11.084535159743709
433.1,12.822722609742678,10.795459484486106
433.125,17.186006560490334,10.360588490561529
433.15,17.186006560490334,11.044552434253813
433.175,17.186006560490334,10.844707171688071
433.2,15.085935712088936,11.507567044814268
433.225,15.085935712088936,10.996545710032567
433.25,9.926244768645542,10.060872466697631
433.275,9.926244768645542,11.739239369117927
433.3,9.854581139235842,10.275549379097827
433.325,9.854581139235842,10.699577062628986
433.35,10.561489017704876,9.339342467981629
433.375,9.179282059394083,9.9824173731601
433.4,9.179282059394083,10.493666636733014
433.425,9.179282059394083,10.933561427571583
433.45,8.21879945809542,9.535911106467339
433.475,8.21879945809542,9.734802157825854
433.5,7.190010888874894,10.187404888015926
433.525,7.190010888874894,10.104172703940685
433.55,10.275988918732356,10.756239819628663
433.575,10.275988918732356,10.31994385582087
433.6,8.365347279527292,10.67791434089924
433.625,10.044423804824932,10.748037543386559
433.65,10.044423804824932,11.127926836451474
433.675,10.044423804824932,10.392262604309817
433.7,13.38428815126929,9.745599597740668
433.725,13.38428815126929,10.419533439198181
433.75,11.98705082327819,9.674447198549494
433.775,11.98705082327819,10.718158971658262
433.8,9.506605925233556,11.027784205011676
433.825,9.506605925233556,10.156445950246395
433.85,8.251359408151796,9.845759901029282
433.875,7.283712100358644,11.144265515442674
433.9,7.283712100358644,11.128436008671946
433.925,7.283712100358644,10.824260912694495
433.95,6.4414470386577785,10.543955861411204
433.975,6.4414470386577785,10.258177288965774
434.0,5.134927610094853,10.159481130186268
434.025,5.134927610094853,9.830529239634469
434.05,5.024942790162948,10.52445942254856
434.075,5.024942790162948,10.473870987440728
434.1,3.768424573536023,9.26221915043842
434.125,5.434698705195349,10.008427662886657
434.15,5.434698705195349,9.829016193158788
434.175,5.434698705195349,11.369086505485646
434.2,6.057373276488952,10.340719121453285
434.225,6.057373276488952,10.273959235071565
434.25,6.058178614805255,10.119373628882757
434.275,6.058178614805255,11.257488491955224
434.3,5.514134339345119,10.499768644575285
434.325,5.514134339345119,10.17129424211684
434.35,4.059158545798774,10.39460301654417
434.375,3.484154253452188,10.492393137770643
434.4,3.484154253452188,9.768761505497984
434.425,3.484154253452188,10.230548900020436
434.45,4.623550853535317,11.536619580881524
434.475,4.623550853535317,10.18261693225436
434.5,7.401220670311457,10.457335395788407
434.525,7.401220670311457,9.45096371506895
434.55,4.989102820765099,11.316452432480963
434.575,4.989102820765099,10.83041161568451
434.6,4.902259276577991,10.502612697375394
434.625,7.001002753169014,10.283560027935057
434.65,7.001002753169014,9.99834372536013
434.675,7.001002753169014,11.675382016717288
434.7,9.556394203251784,10.21004863942446
434.725,9.556394203251784,10.352730066411521
434.75,9.927823196585171,11.238258564090467
434.775,9.927823196585171,10.369717495857842
434.8,8.34950666034585,11.163624536091545
434.825,8.34950666034585,10.947362116792384
434.85,9.814491673496526,9.768450940908313
434.875,10.078332884576453,11.384143670713183
434.9,10.078332884576453,10.422980187702795
434.925,10.078332884576453,10.36168532714491
434.95,7.724491473937066,10.70208532851583
434.975,7.724491473937066,10.502283834939535
435.0,9.406015002737396,9.83645754571648
435.025,9.406015002737396,10.9856094238391
435.05,9.977087978325118,9.621189785999762
435.075,9.977087978325118,10.76638250738972
435.1,10.302896708952336,10.392861819418131
435.125,11.951502738627456,10.531930239587211
435.15,11.951502738627456,10.348787862927688
435.175,11.951502738627456,9.718438589198865
435.2,10.505989505640162,11.048412618310374
435.225,10.505989505640162,9.54508580786904
435.25,10.303761517447148,9.712609588703533
435.275,10.303761517447148,9.897450133148165
435.3,7.852238605533578,10.71161374293063
435.325,7.852238605533578,9.551787175389178
435.35,5.42710454575377,10.714371546185811
435.375,4.862465644731094,11.084812820213658
435.4,4.862465644731094,10.22589482006311
435.425,4.862465644731094,9.733900351205422
435.45,3.506781147895091,10.929529119554784
435.475,3.506781147895091,10.103728548567329
435.5,4.480957289602766,10.396320153716262
435.525,4.480957289602766,10.244749165714989
435.55,3.495297549310464,9.68221797954007
435.575,3.495297549310464,11.132291236047381
435.6,3.937474357772568,9.730961337613484
435.625,5.657168444331316,8.923644928054365
435.65,5.657168444331316,9.928390024910613
435.675,5.657168444331316,10.293673046229967
435.7,6.196804955756459,9.757406739967372
435.725,6.196804955756459,8.907055973362867
435.75,4.995697204925055,11.006812672815558
435.775,4.995697204925055,9.82506806465192
435.8,6.686001065354772,9.751255802579053
435.825,6.686001065354772,10.221251954971505
435.85,4.86104685754173,10.242602138662928
435.875,9.314621016128338,10.426429516813931
435.9,9.314621016128338,10.397687477825887
435.925,9.314621016128338,10.293859810186046
435.95,7.679334007911153,10.08162292082969
435.975,7.679334007911153,10.15757483703763
436.0,8.82334424996976,10.490415038539687
436.025,8.82334424996976,10.287826478371153
436.05,8.545068066423388,9.948294865034258
436.075,8.545068066423388,9.53209497734039
436.1,8.167932793067534,11.482983653129784
436.125,3.982590310686767,9.990153738197801
436.15,3.982590310686767,11.187296539655254
436.175,3.982590310686767,9.833946369164288
436.2,4.085229841559554,9.951730870228449
436.225,4.085229841559554,11.14927505090613
436.25,6.369987408480566,9.690396292836976
436.275,6.369987408480566,9.455763386292828
436.3,7.7467198623137214,10.167903120984617
436.325,7.7467198623137214,9.460110895474651
436.35,8.691157449782219,11.575544361998912
436.375,6.994442489276642,10.166621041491265
436.4,6.994442489276642,10.026206956110077
436.425,6.994442489276642,9.093545269723348
436.45,5.015474575415588,10.758354910210173
436.475,5.015474575415588,10.15636824696458
436.5,4.35712928936408,10.017829306770427
436.525,4.35712928936408,9.891984939076115
436.55,5.157402058013724,11.310508751747697
436.575,5.157402058013724,10.107422538682032
436.6,2.88547982732772,10.788310161901155
436.625,5.384391630681516,10.521779563332224
436.65,5.384391630681516,10.050535804381683
436.675,5.384391630681516,10.052600027855448
436.7,4.453712535502838,10.382733193445207
436.725,4.453712535502838,11.167908196676795
436.75,3.225612201257405,9.38819960450071
436.775,3.225612201257405,9.717508501599097
436.8,3.4639471679842453,10.009555869772505
436.825,3.4639471679842453,9.918639128667131
436.85,3.741826335264719,10.06486263054395
436.875,3.653414931887127,9.714466307701981
436.9,3.653414931887127,9.657261645234502
436.925,3.653414931887127,9.47510504499399
436.95,2.9306739970245843,9.218612966513481
436.975,2.9306739970245843,9.818459513999303
437.0,3.6801438496618775,9.210137723135858
437.025,3.6801438496618775,8.762142950575255
437.05,4.664697855384703,10.333924574460491
437.075,4.664697855384703,9.690390855043255
437.1,5.131359871545996,10.543741057372454
437.125,6.916096750110738,10.462774976016522
437.15,6.916096750110738,9.791067055869403
437.175,6.916096750110738,9.658802333028415
437.2,6.4428329118758,9.81491266351719
437.225,6.4428329118758,9.929995605766527
437.25,5.099667335146063,9.901566963689392
437.275,5.099667335146063,9.736986496346429
437.3,5.472852845227023,9.582824156794612
437.325,5.472852845227023,9.873747330639501
437.35,5.123344772730207,10.907945770899925
437.375,5.41007505191782,10.035722896614077
437.4,5.41007505191782,9.733787047232557
437.425,5.41007505191782,9.901125018534797
437.45,5.487184835250616,10.22453171682096
437.475,5.487184835250616,9.896941100389924
437.5,7.832467856840035,10.016407006542403
437.525,7.832467856840035,10.220486120605933
437.55,6.4754858521171865,10.57027633208035
437.575,6.4754858521171865,11.037632121170397
437.6,5.461425701859525,10.512233428634888
437.625,5.523539883682591,10.058145149902606
437.65,5.523539883682591,10.731423273780067
437.675,5.523539883682591,10.597403041240469
437.7,3.251238073801109,10.102674036611152
437.725,3.251238073801109,9.598564741728854
437.75,4.825916908105422,10.379643117141047
437.775,4.825916908105422,10.768957856429584
437.8,4.81473453012627,10.893770192607455
437.825,4.81473453012627,9.882479590985925
437.85,5.442617120986455,10.03007324679707
437.875,8.376033024526683,10.274744571328396
437.9,8.376033024526683,10.892684864667528
437.925,8.376033024526683,9.79064974837688
437.95,10.410502170325806,10.896278569994001
437.975,10.410502170325806,10.24221099531166
438.0,8.004873202143985,10.26855446140333
438.025,8.004873202143985,10.41727384323106
438.05,11.708818309820288,10.056589325653595
438.075,11.708818309820288,9.739168990074484
438.1,13.575560532373649,10.544031603573563
438.125,12.529688095364486,10.570034654310772
438.15,12.529688095364486,10.470208725232032
438.175,12.529688095364486,10.437351049183862
438.2,12.846540909309416,10.173913745120904
438.225,12.846540909309416,11.303142350154252
438.25,15.108678738276346,11.050681237001301
438.275,15.108678738276346,10.051592377225397
438.3,13.89659544479708,11.16687522597515
438.325,13.89659544479708,9.903618606183896
438.35,12.772911376732972,10.554247955438054
438.375,11.2744535895433,9.365462171561834
438.4,11.2744535895433,10.290236284893275
438.425,11.2744535895433,10.466242814485064
438.45,13.17100025683894,9.493101651491946
438.475,13.17100025683894,9.200590817510989
438.5,11.31154237454582,9.91731990402499
438.525,11.31154237454582,11.432561900133194
438.55,10.556352440675909,10.277632207124881
438.575,10.556352440675909,10.95599539464687
438.6,5.816946992731002,10.9810698297726
438.625,7.408718415830525,10.15850479476542
438.65,7.408718415830525,11.249974121922039
438.675,7.408718415830525,10.535546250419195
438.7,6.599906901942923,10.382284300104775
438.725,6.599906901942923,9.489555424687605
438.75,4.654334059914972,10.571560482849147
438.775,4.654334059914972,9.373259377900242
438.8,3.122604768368353,10.86407729681433
438.825,3.122604768368353,10.039319800425567
438.85,2.3360524639641085,9.923834381043694
438.875,3.689414981183088,10.911765180216214
438.9,3.689414981183088,9.247037430789563
438.925,3.689414981183088,10.75639938556684
438.95,3.336530059052332,9.84190086303197
438.975,3.336530059052332,10.044031818951435
439.0,2.5258035776804637,11.321899885052778
439.025,2.5258035776804637,11.302051016479473
439.05,2.899878045212013,9.777882309021544
439.075,2.899878045212013,9.932762566035757
439.1,5.620543413640217,9.671824628901865
439.125,6.50836341105477,10.708057155512874
439.15,6.50836341105477,9.871555955240273
439.175,6.50836341105477,9.544007621624294
439.2,4.452204856041691,9.706576025934261
439.225,4.452204856041691,11.175744947624743
439.25,3.653361132427343,10.773602814303466
439.275,3.653361132427343,9.995304039492474
439.3,2.877156288592502,10.982182331608351
439.325,2.877156288592502,9.454802669217772
439.35,2.7147211792848807,11.183705905450058
439.375,2.628581173659261,10.392493498191975
439.4,2.628581173659261,10.024635236810912
439.425,2.628581173659261,10.102371312028815
439.45,2.267091475186866,10.697893135733864
439.475,2.267091475186866,10.830629742842248
439.5,2.2526411017777628,10.005714776704771
439.525,2.2526411017777628,10.472681149184137
439.55,0.9533818110178632,10.493594303942592
439.575,0.9533818110178632,9.631234754419802
439.6,2.4415202595539527,9.451805908622866
439.625,5.863672298425821,9.689970966257084
439.65,5.863672298425821,10.37937808550072
439.675,5.863672298425821,9.483396758432841
439.7,6.71117778823465,10.423940719556738
439.725,6.71117778823465,10.38292557429048
439.75,5.780249523116943,10.075798888744208
439.775,5.780249523116943,10.631058898728833
439.8,4.7518879549411,9.133018567160532
439.825,4.7518879549411,9.315406730309334
439.85,3.8086284539966897,9.831200932662005
439.875,4.243508183648944,9.749412387791972
439.9,4.243508183648944,10.655488618136744
439.925,4.243508183648944,10.255105726261439
439.95,4.715046161376893,10.512080906770565
439.975,4.715046161376893,11.91341270688867
440.0,5.850973037924317,9.555492161809697
440.025,5.850973037924317,10.0910509151328
440.05,5.44559864207144,10.351217343824098
440.075,5.44559864207144,9.48826514325611
440.1,4.973203752265165,10.097336920346462
440.125,3.159183904162444,10.08831469584794
440.15,3.159183904162444,9.434617890354687
440.175,3.159183904162444,10.014822570297316
440.2,4.413033363874862,10.945537525539937
440.225,4.413033363874862,10.114718121470425
440.25,3.77247403720237,10.045848239369581
440.275,3.77247403720237,10.691664981819235
440.3,3.673771866402603,10.131001075074682
440.325,3.673771866402603,9.564744967192752
440.35,4.650437186727617,11.32238115792324
440.375,5.370727229503109,10.559347585297255
440.4,5.370727229503109,9.822382628567983
440.425,5.370727229503109,10.88116076292068
440.45,6.930202193843187,9.859405185731994
440.475,6.930202193843187,9.923061670652082
440.5,5.953725171391375,10.74740982580768
440.525,5.953725171391375,10.168528134649549
440.55,7.714277345503234,9.937630840308891
440.575,7.714277345503234,10.631865733092152
440.6,7.304557154088794,10.587734911755573
440.625,5.665380762438839,10.68085962338438
440.65,5.665380762438839,9.905069238027783
440.675,5.665380762438839,9.821864249627666
440.7,7.663309769530486,11.853179053869797
440.725,7.663309769530486,10.513952423594437
440.75,12.886354409555077,10.612415681845617
440.775,12.886354409555077,9.730239790894052
440.8,10.82651893833593,9.67625602686196
440.825,10.82651893833593,10.450289153274685
440.85,10.531825472415605,9.544059652754903
440.875,12.2640016411478,9.720946512665401
440.9,12.2640016411478,10.365354281163867
440.925,12.2640016411478,9.824996992710902
440.95,12.49275852448163,9.339413260869826
440.975,12.49275852448163,10.685127705578482
441.0,14.205787482178,9.993280027556267
441.025,14.205787482178,10.029843803603733
441.05,13.578302734388052,10.782046032005123
441.075,13.578302734388052,10.078459280863324
441.1,11.101744143384856,10.19959183090078
441.125,10.314621901994002,10.977237361967525
441.15,10.314621901994002,10.520423053936177
441.175,10.314621901994002,9.561353169702352
441.2,13.332355595027796,11.271687848555654
441.225,13.332355595027796,10.490231297150524
441.25,12.519788926655911,9.571828442463525
441.275,12.519788926655911,10.326481268598164
441.3,13.550198652135958,10.614896949146775
441.325,13.550198652135958,10.50785118993064
441.35,11.383547085247567,10.469499081688495
441.375,12.534209745477693,11.033774519208487
441.4,12.534209745477693,10.642741549184587
441.425,12.534209745477693,9.937764133982178
441.45,9.504021538551092,10.191093279736762
441.475,9.504021538551092,10.44336582603223
441.5,10.200824893195849,9.872281920739647
441.525,10.200824893195849,10.168550045604272
441.55,8.207832468931198,11.03412745198731
441.575,8.207832468931198,9.296104286913323
441.6,4.95232094872661,11.562138759425547
441.625,6.5329845407429605,14.895075903818352
441.65,6.5329845407429605,10.56854991068916
441.675,6.5329845407429605,11.238431625247113
441.7,5.740981674473837,10.636311045873256
441.725,5.740981674473837,10.414263120753253
441.75,8.293531573177297,10.09715401139661
441.775,8.293531573177297,9.901270362720949
441.8,9.690461705234428,9.758239707928933
441.825,9.690461705234428,10.610410719404685
441.85,4.872593989089657,10.197431503751307
441.875,4.950619449730796,10.482447826225496
441.9,4.950619449730796,10.125780314224832
441.925,4.950619449730796,10.633473924395236
441.95,4.696706039098329,10.06856949374254
441.975,4.696706039098329,10.359218125189408
442.0,3.488160880871394,10.446173247838766
442.025,3.488160880871394,10.626548701673505
442.05,3.095960805748399,10.250339727577357
442.075,3.095960805748399,9.788197077811896
442.1,3.6324013480027126,10.84919749332304
442.125,3.79018391781055,10.338419807308577
442.15,3.79018391781055,10.034643921247483
442.175,3.79018391781055,10.140435488879161
442.2,3.529991336655105,10.571788962648391
442.225,3.529991336655105,9.385058686371362
442.25,3.600022350738505,10.436364773211404
442.275,3.600022350738505,10.37579770413872
442.3,4.082495304651549,11.693295508816393
442.325,4.082495304651549,11.855313533715258
442.35,1.9197901523020464,10.634033063738295
442.375,0.9397230037022224,10.048669466733111
442.4,0.9397230037022224,9.979063860624539
442.425,0.9397230037022224,10.741497400416069
442.45,0.9330958508746342,10.074002670400997
442.475,0.9330958508746342,10.74183217275073
442.5,0.6242665596413624,9.865573013328124
442.525,0.6242665596413624,10.083792469780388
442.55,0.9163031950696788,8.869132475738061
442.575,0.9163031950696788,10.952617027250778
442.6,0.969572851214403,10.132003147586314
442.625,1.3114211176430022,10.150254337019586
442.65,1.3114211176430022,9.956711659769374
442.675,1.3114211176430022,10.33210714486075
442.7,1.8275236345626689,9.870481126239934
442.725,1.8275236345626689,10.529658444784925
442.75,2.183119487205303,10.94738635330449
442.775,2.183119487205303,11.5074734753221
442.8,2.28842151998904,10.523162014041775
442.825,2.28842151998904,9.618421894129371
442.85,3.3547755922397964,11.241726905159686
442.875,2.339893317611858,10.607927457799798
442.9,2.339893317611858,10.463909154628642
442.925,2.339893317611858,10.18504451087508
442.95,3.7842623153441455,10.426528469357818
442.975,3.7842623153441455,10.919936929624741
443.0,5.4987243027192925,10.107868498416192
443.025,5.4987243027192925,10.466728490992256
443.05,4.474753847807608,11.162988566334034
443.075,4.474753847807608,9.575216090790919
443.1,6.219817234701855,10.144016410445522
443.125,7.798274394775589,11.441032005206894
443.15,7.798274394775589,10.06558438286836
443.175,7.798274394775589,11.187423521492951
443.2,9.002038957085105,10.344326997725894
443.225,9.002038957085105,10.169814230410706
443.25,7.599056802471762,10.111114586834185
443.275,7.599056802471762,10.668404559063601
443.3,8.46806810386785,10.364542035720273
443.325,8.46806810386785,10.221529271400277
443.35,7.458266381728603,10.555686719106593
443.375,7.742362779802963,9.380412730070827
443.4,7.742362779802963,11.239610397360927
443.425,7.742362779802963,10.203106351968005
443.45,7.250415930709475,10.196657349862567
443.475,7.250415930709475,10.377484456480124
443.5,5.874357281599293,11.466974921872303
443.525,5.874357281599293,9.593615746199596
443.55,1.980414415876208,9.928001623177924
443.575,1.980414415876208,10.09454799507266
443.6,1.7515525201665971,10.209649001786758
443.625,1.789319475013135,9.999395796645247
443.65,1.789319475013135,11.036679040812906
443.675,1.789319475013135,11.209760847667853
443.7,3.415479865842701,9.853681675643974
443.725,3.415479865842701,10.282646560400673
443.75,4.901592647886612,10.661591054588726
443.775,4.901592647886612,9.63822625032032
443.8,2.949997224014059,10.848915951156037
443.825,2.949997224014059,10.309250368087776
443.85,1.683667453879664,10.511913293268963
443.875,2.785245002410813,11.562420167841472
443.9,2.785245002410813,10.097559617362961
443.925,2.785245002410813,10.680996754041338
443.95,2.573210605880804,10.225530338102764
443.975,2.573210605880804,10.46591736190612
444.0,3.251211047575681,10.277729576662354
444.025,3.251211047575681,9.936767413695858
444.05,7.145544642491247,10.617857467296615
444.075,7.145544642491247,10.158297060610858
444.1,11.232675024041272,12.254487794875256
444.125,9.529269742596066,10.33776351771452
444.15,9.529269742596066,9.401182521357429
444.175,9.529269742596066,9.409721154555733
444.2,7.915034818193493,10.07865822024083
444.225,7.915034818193493,9.806161194473155
444.25,8.828228261635214,9.87001994923957
444.275,8.828228261635214,10.299717790371158
444.3,12.181680629811938,10.427327216575552
444.325,12.181680629811938,9.396078703015041
444.35,11.253059142398026,9.513393231016526
444.375,14.880859229180452,9.987492512433844
444.4,14.880859229180452,9.777850976719778
444.425,14.880859229180452,10.299402994394118
444.45,13.797231710733536,9.954111608153992
444.475,13.797231710733536,10.072979354119086
444.5,15.356484649366609,9.85229474731551
444.525,15.356484649366609,10.196827471881472
444.55,14.16476241030011,9.973362908037467
444.575,14.16476241030011,9.212160164031143
444.6,13.809310097668568,9.976417172346054
444.625,16.640213502089356,10.547340347448797
444.65,16.640213502089356,9.781617426026548
444.675,16.640213502089356,9.860120033652377
444.7,16.13538719152356,9.16039611266378
444.725,16.13538719152356,9.744534039426455
444.75,13.640614876793986,10.097238976529416
444.775,13.640614876793986,9.404793581830067
444.8,14.092371349166186,9.68387924779738
444.825,14.092371349166186,9.601665360119425
444.85,14.278301547918248,10.3583466161523
444.875,19.46986934842704,10.127158100287595
444.9,19.46986934842704,11.918018033637079
444.925,19.46986934842704,9.330133026698386
444.95,19.76519444334152,10.015270586360902
444.975,19.76519444334152,10.0431572547195
445.0,20.49616486781652,9.563740255547394
445.025,20.49616486781652,9.79859476104699
445.05,22.555981776219458,9.930641713199146
445.075,22.555981776219458,9.547635380338713
445.1,24.680179987413748,9.423316333667362
445.125,24.675371707703736,10.115367741337515
445.15,24.675371707703736,9.645864132690374
445.175,24.675371707703736,9.468566338713465
445.2,23.35507152329215,8.330348844017873
445.225,23.35507152329215,10.121390508444666
445.25,24.531994974408374,8.908427666544657
445.275,24.531994974408374,9.208082484358421
445.3,24.46320107302341,10.005829048593784
445.325,24.46320107302341,9.57036051817257
445.35,20.934094624376,9.042757064604377
445.375,21.478114772605696,9.49756652480122
445.4,21.478114772605696,9.635197899630132
445.425,21.478114772605696,9.138634077815928
445.45,22.25977254762854,10.165258098884955
445.475,22.25977254762854,10.141063478964037
445.5,19.556806532468777,9.454175050136627
445.525,19.556806532468777,9.998480797124602
445.55,19.24537656469377,9.297047643888476
445.575,19.24537656469377,9.459699332389018
445.6,12.469728768462677,9.739176952931029
445.625,10.986996698536558,10.428358116342125
445.65,10.986996698536558,9.387657084517054
445.675,10.986996698536558,9.634224764320143
445.7,10.093794600774787,9.693594961158594
445.725,10.093794600774787,10.1601538865421
445.75,7.804249312998902,9.265155370186788
445.775,7.804249312998902,9.733398764186267
445.8,10.77428654794308,9.489880688442568
445.825,10.77428654794308,10.03097691535537
445.85,9.595076442150482,10.511934165279783
445.875,8.549619624969148,9.343714389198336
445.9,8.549619624969148,9.028409458249003
445.925,8.549619624969148,8.70012381228946
445.95,9.28820778134272,9.701245497029237
445.975,9.28820778134272,10.531724246838985
446.0,7.804155028086337,9.595223084801974
446.025,7.804155028086337,9.615868073727396
446.05,13.04151505003776,9.85665154481711
446.075,13.04151505003776,9.639168241854286
446.1,14.402386545494789,9.364088852021931
446.125,13.248006138685517,9.619127075570615
446.15,13.248006138685517,10.282095095789193
446.175,13.248006138685517,9.58689553100287
446.2,10.482042965188295,9.520937618427267
446.225,10.482042965188295,10.186008690237783
446.25,13.291549846352844,9.64366370170309
446.275,13.291549846352844,9.656176650835592
446.3,11.903056502701803,9.769891791265998
446.325,11.903056502701803,9.694745679300965
446.35,12.630829803861648,10.11435676370401
446.375,10.44419111725645,9.372225988257398
446.4,10.44419111725645,9.402283582176059
446.425,10.44419111725645,9.563394830435904
446.45,11.552784926918935,10.259968690354297
446.475,11.552784926918935,9.719649100952074
446.5,8.915792980043763,10.179135939024887
446.525,8.915792980043763,9.36119817464854
446.55,8.838867623677217,9.863117018007237
446.575,8.838867623677217,9.521034361390086
446.6,5.754313225684998,9.52514271776106
446.625,4.414727700246634,9.331828773166333
446.65,4.414727700246634,9.194631484228369
446.675,4.414727700246634,9.096842911839932
446.7,4.196352756809265,9.485840819295575
446.725,4.196352756809265,9.629655330853351
446.75,5.986983709991411,9.760743048874204
446.775,5.986983709991411,9.28357264225021
446.8,4.851365516673688,9.116277317158051
446.825,4.851365516673688,9.82200229306229
446.85,7.29383285085395,8.846402781978632
446.875,5.3210196049891305,10.05258801942336
446.9,5.3210196049891305,10.639171622116775
446.925,5.3210196049891305,9.321910693570398
446.95,4.755972511493138,9.338755563765885
446.975,4.755972511493138,9.412680608756151
447.0,4.83834898213633,9.828931966551913
447.025,4.83834898213633,9.821018706057032
447.05,3.512153198619925,9.595980542233235
447.075,3.512153198619925,9.610723428385445
447.1,3.87568235387022,9.196707288593984
447.125,5.66678033612241,8.806871375316188
447.15,5.66678033612241,9.624334731671077
447.175,5.66678033612241,9.644708222719006
447.2,4.576488925748192,9.090403418427842
447.225,4.576488925748192,9.232605465846207
447.25,6.034369299282354,9.601657337660562
447.275,6.034369299282354,10.153253154703302
447.3,7.023863991897128,9.31455663102576
447.325,7.023863991897128,9.676196108956209
447.35,6.14405749942248,10.142148820891885
447.375,6.299960597506343,8.97681267337573
447.4,6.299960597506343,9.171052286530914
447.425,6.299960597506343,9.477187018098522
447.45,9.281940365497986,10.04648257666568
447.475,9.281940365497986,9.240276648040153
447.5,9.80459475670549,9.273439740238707
447.525,9.80459475670549,9.498479941174118
447.55,7.17264810642295,9.920958781694885
447.575,7.17264810642295,8.761099079459514
447.6,8.171667391091447,9.628394563102283
447.625,7.986676916276639,9.395118683722831
447.65,7.986676916276639,9.790262807658623
447.675,7.986676916276639,9.780742700633922
447.7,7.800583034647611,9.857117023209767
447.725,7.800583034647611,9.836413035007899
447.75,8.502726521376433,9.71011288791065
447.775,8.502726521376433,9.40022229641691
447.8,7.781462950270135,9.783380971143009
447.825,7.781462950270135,9.490060129503451
447.85,6.272140649089695,9.13087656234285
447.875,4.214306500119644,8.791334790332796
447.9,4.214306500119644,9.411660027532532
447.925,4.214306500119644,10.046870688868083
447.95,3.3992487250339587,10.073286817984103
447.975,3.3992487250339587,10.045462726628665
448.0,4.965865542630492,9.463936613340815
448.025,4.965865542630492,9.90996959109081
448.05,3.311820484126508,9.707641265806382
448.075,3.311820484126508,9.501183165446392
448.1,3.5058705017097385,9.313544381524133
448.125,2.197568320992369,9.66581134588907
448.15,2.197568320992369,10.172815819215637
448.175,2.197568320992369,9.64175818950655
448.2,2.347110169610908,10.076512135256879
448.225,2.347110169610908,9.854147253086868
448.25,1.7209717801075537,10.1013234090478
448.275,1.7209717801075537,9.608439739053205
448.3,1.9638372462164568,10.358676309214005
448.325,1.9638372462164568,9.943906781278512
448.35,1.344567839922344,10.458703909284024
448.375,2.6654622900485534,10.762591630588757
448.4,2.6654622900485534,9.804539376081927
448.425,2.6654622900485534,10.206776405407107
448.45,2.9392922233749714,9.86137057150766
448.475,2.9392922233749714,9.62313675919247
448.5,3.0024410051962955,9.842463790031236
448.525,3.0024410051962955,10.234495317151522
448.55,2.222440947629506,9.42566449134871
448.575,2.222440947629506,10.07893728020399
448.6,2.4269579083053854,9.520866827856624
448.625,1.6615275030926362,9.279008863376022
448.65,1.6615275030926362,10.252116431216118
448.675,1.6615275030926362,10.367034671956608
448.7,1.4336986826371485,9.713122123423174
448.725,1.4336986826371485,9.744841113373518
448.75,2.183950248742476,9.648673365002287
448.775,2.183950248742476,9.49136795707782
448.8,3.047279132373555,9.51902693047826
448.825,3.047279132373555,9.467193766603765
448.85,2.8882091764723343,9.98989048238787
448.875,3.419653159048919,9.85643876281272
448.9,3.419653159048919,10.020828992085896
448.925,3.419653159048919,9.489198903481478
448.95,1.8096448268673848,9.478430839330821
448.975,1.8096448268673848,9.823750018459982
449.0,1.079894472544695,9.885802533935982
449.025,1.079894472544695,10.124113859877566
449.05,0.7404124842745266,9.787882987249697
449.075,0.7404124842745266,9.78058371405279
449.1,1.365679514940264,9.466571430448028
449.125,1.4701129725878117,10.299599142801377
449.15,1.4701129725878117,9.316514135562985
449.175,1.4701129725878117,10.46284409690974
449.2,2.1222864041920437,9.278697532571295
449.225,2.1222864041920437,9.71011398691097
449.25,1.4380597049931858,10.029123891580333
449.275,1.4380597049931858,9.745044683242192
449.3,1.5966736080324924,9.795454888095497
449.325,1.5966736080324924,9.651331956912328
449.35,3.808595995113112,9.417850950902817
449.375,4.459338118451421,10.082764666068977
449.4,4.459338118451421,9.4769689025215
449.425,4.459338118451421,9.765375964002482
449.45,4.746455869503765,9.846565426764185
449.475,4.746455869503765,10.283491137376824
449.5,3.2173201325388683,9.605122969646034
449.525,3.2173201325388683,9.968438312763203
449.55,2.7857838763445346,10.466444920188083
449.575,2.7857838763445346,10.07784961422545
449.6,2.2147822877277137,10.067817377674002
449.625,4.232332528173715,9.907707843303694
449.65,4.232332528173715,10.065967891674935
449.675,4.232332528173715,9.750036370553113
449.7,5.702421239108267,10.353489696403283
449.725,5.702421239108267,9.599141239768716
449.75,4.540383675273459,10.09193625156542
449.775,4.540383675273459,9.792976958745879
449.8,10.104461082524407,10.004835098447897
449.825,10.104461082524407,10.041056725700718
449.85,7.036974691485503,9.770631337145582
449.875,7.942387231021503,9.399103840657103
449.9,7.942387231021503,10.02047753485143
449.925,7.942387231021503,9.869814138080935
449.95,8.997929183181407,9.620430226683025
449.975,8.997929183181407,9.957563452340901
450.0,9.878538942654227,9.658595003871872
450.025,9.878538942654227,9.693836794747943
450.05,11.45700649754218,9.916769780260307
450.075,11.45700649754218,9.521166825209223
450.1,11.136449555902637,9.694860476353306
450.125,9.817294342359832,10.019950619417832
450.15,9.817294342359832,9.891903054891232
450.175,9.817294342359832,9.488851646416052
450.2,13.839666974924256,9.707947576155581
450.225,13.839666974924256,10.146999585759696
450.25,12.241418719026088,10.038149717585059
450.275,12.241418719026088,9.792732965609922
450.3,12.123104792143646,9.82741803368662
450.325,12.123104792143646,9.822342842130242
450.35,11.860711980693749,9.024488141575658
450.375,11.015781463898668,9.865316532252388
450.4,11.015781463898668,9.348929018109189
450.425,11.015781463898668,10.177209861279362
450.45,8.370419278795739,8.18341746660965
450.475,8.370419278795739,9.706704785213638
450.5,9.424045958328517,8.994122253406575
450.525,9.424045958328517,9.902500633107984
450.55,7.448068566060614,9.491454547166917
450.575,7.448068566060614,9.60251722978177
450.6,8.124701886522002,9.836427339022924
450.625,5.417918257258306,9.875671493622177
450.65,5.417918257258306,10.170125394999392
450.675,5.417918257258306,9.819691253576105
450.7,5.818571993948208,10.219473364634071
450.725,5.818571993948208,9.549602439059585
450.75,6.036490823561596,9.679269210522403
450.775,6.036490823561596,9.971761237458583
450.8,8.180359240524412,9.618117339211377
450.825,8.180359240524412,10.166865428572747
450.85,9.061606799825814,9.021893634432686
450.875,9.024182519127663,9.98533412156277
450.9,9.024182519127663,9.836144267293133
450.925,9.024182519127663,9.517533362089402
450.95,7.581246984864869,9.944596488523326
450.975,7.581246984864869,9.70125694856847
451.0,5.003044594343589,9.94487224710292
451.025,5.003044594343589,9.380576611896002
451.05,5.875631552149119,10.09468733974544
451.075,5.875631552149119,9.898293144195398
451.1,5.540406394760512,10.003840673494876
451.125,4.495359031458047,10.004206161277635
451.15,4.495359031458047,9.420858631897808
451.175,4.495359031458047,10.220573340842376
451.2,3.668747746851975,9.709720836640358
451.225,3.668747746851975,9.825479159120379
451.25,4.25297129838565,9.909790856854602
451.275,4.25297129838565,10.214323331375951
451.3,4.651640395604344,9.705407798464902
451.325,4.651640395604344,10.303756390678757
451.35,3.695151022593282,9.489806223363718
451.375,3.84235920661314,9.977075420587557
451.4,3.84235920661314,9.809654412597576
451.425,3.84235920661314,9.728991427107232
451.45,3.676277733148208,10.118420503473606
451.475,3.676277733148208,10.168164584180348
451.5,4.771754911685965,9.338393403137436
451.525,4.771754911685965,9.750584007361699
451.55,6.02303332204946,9.739291290926891
451.575,6.02303332204946,10.402150112844538
451.6,2.366782199281457,8.611775044553728
451.625,1.5448638710650906,9.970182801667097
451.65,1.5448638710650906,9.832194560862218
451.675,1.5448638710650906,9.990648056066936
451.7,1.044896929940201,10.036418051086022
451.725,1.044896929940201,10.053205105878165
451.75,3.810735886856156,9.847452860008545
451.775,3.810735886856156,9.672626005242948
451.8,5.17033401258673,9.910395069167611
451.825,5.17033401258673,9.758818559262462
451.85,3.786298313997005,9.703732887022564
451.875,5.429649131454236,9.64977385667773
451.9,5.429649131454236,9.164186080226797
451.925,5.429649131454236,9.699984641178167
451.95,4.436432932736246,9.390134609657624
451.975,4.436432932736246,9.753873031221344
452.0,3.8783493823544752,10.24097026684649
452.025,3.8783493823544752,8.914777340884488
452.05,2.40105485921064,10.077547227903572
452.075,2.40105485921064,9.748995789926834
452.1,4.196857759749288,9.822801859668271
452.125,5.147408419454981,9.826905403904886
452.15,5.147408419454981,9.746303057036991
452.175,5.147408419454981,9.81002572632078
452.2,5.432248230747804,9.52255830939404
452.225,5.432248230747804,9.851646679039895
452.25,4.814402724302767,9.75148141588943
452.275,4.814402724302767,9.787575561811831
452.3,6.168247850942377,9.632157266013886
452.325,6.168247850942377,9.302531450030905
452.35,3.189071230178731,10.414787277093417
452.375,3.418937396145524,9.895540872165695
452.4,3.418937396145524,10.611271639163576
452.425,3.418937396145524,9.82819387741366
452.45,4.273776597098233,9.839681615924922
452.475,4.273776597098233,9.528701843225729
452.5,4.61334472500488,8.773417937576488
452.525,4.61334472500488,9.187950277067776
452.55,6.350295243490409,9.838045998195508
452.575,6.350295243490409,9.828397339807182
452.6,9.666489119594118,9.65479706245926
452.625,8.536105096757769,9.684055698018962
452.65,8.536105096757769,9.637808435667022
452.675,8.536105096757769,9.762317192210206
452.7,11.152881804430615,9.893898885431275
452.725,11.152881804430615,9.235707798579242
452.75,9.917423478937572,9.889556086820011
452.775,9.917423478937572,9.694506181739678
452.8,9.21703767345742,10.07210001209646
452.825,9.21703767345742,9.43875724340614
452.85,14.018514461586893,10.492757899699676
452.875,12.74208703597484,9.835534097751838
452.9,12.74208703597484,10.503644412090573
452.925,12.74208703597484,9.853112623959172
452.95,10.42972291744285,9.740589343303016
452.975,10.42972291744285,9.55998656960384
453.0,7.359961215130499,9.72077204754553
453.025,7.359961215130499,10.131286064928394
453.05,8.396712186633785,10.391345287562022
453.075,8.396712186633785,9.688745795340658
453.1,9.523343480492414,10.367480849622929
453.125,8.564783864980061,9.906313008604549
453.15,8.564783864980061,9.73997296225433
453.175,8.564783864980061,9.866184072433986
453.2,9.735994236313545,9.443436790319208
453.225,9.735994236313545,9.400370320166596
453.25,9.61782981810184,9.961759398257538
453.275,9.61782981810184,9.836429715011501
453.3,8.723259673689775,10.575380356105866
453.325,8.723259673689775,9.367334155732571
453.35,8.599636238580791,9.659858316941692
453.375,13.130204807594618,8.573642646039197
453.4,13.130204807594618,9.460285747497913
453.425,13.130204807594618,9.390431363574526
453.45,13.767961100821676,9.960099591006163
453.475,13.767961100821676,9.705645259779091
453.5,12.83127984989561,9.746999323930618
453.525,12.83127984989561,9.589025648813553
453.55,16.31852621510905,9.561222700175879
453.575,16.31852621510905,10.092966814808074
453.6,13.585821548265644,9.531469048413294
453.625,12.298333005967631,9.583802733316135
453.65,12.298333005967631,9.8159014281439
453.675,12.298333005967631,9.895551284779959
453.7,9.44775405283664,10.319730012021273
453.725,9.44775405283664,9.499429497649801
453.75,11.009966648358498,9.507327232273273
453.775,11.009966648358498,9.771020742987014
453.8,10.452310580108936,9.81720379448763
453.825,10.452310580108936,9.837346205950618
453.85,13.071936235034109,9.711258370808046
453.875,12.427249638801628,10.435231069887616
453.9,12.427249638801628,10.293172701946405
453.925,12.427249638801628,9.845965650340549
453.95,13.874019888377653,9.921963673380839
453.975,13.874019888377653,9.606582477320478
454.0,14.690565977101686,9.749422715122966
454.025,14.690565977101686,9.705626596218503
454.05,14.47271087805142,9.691908850198137
454.075,14.47271087805142,9.287462807123731
454.1,12.174234597224,9.891595168897487
454.125,10.161143411817584,9.279345158401165
454.15,10.161143411817584,9.401720962563555
454.175,10.161143411817584,9.740363105702952
454.2,11.643429115696073,9.704523500710295
454.225,11.643429115696073,9.776382874756129
454.25,14.056584497995916,9.666673884559987
454.275,14.056584497995916,9.725806714891805
454.3,12.99336071178758,9.076590296300667
454.325,12.99336071178758,9.418100722125411
454.35,15.698395890222962,9.773337642507542
454.375,14.915774996253376,9.760965826023286
454.4,14.915774996253376,9.913902521979235
454.425,14.915774996253376,9.54787542421013
454.45,12.632762335319567,9.096135594312495
454.475,12.632762335319567,9.75553110386476
454.5,12.635468428393594,9.95049049920428
454.525,12.635468428393594,10.00796935864884
454.55,12.36876270874807,9.642306868850312
454.575,12.36876270874807,9.649997024077344
454.6,15.415472469357068,9.311783062995941
454.625,17.153735797832763,9.684628408944192
454.65,17.153735797832763,10.026745563316883
454.675,17.153735797832763,9.498392890527976
454.7,19.95533175207352,9.859840563074753
454.725,19.95533175207352,9.347789368394793
454.75,19.257217687236945,10.018028989284694
454.775,19.257217687236945,9.9287420008583
454.8,19.967557916351204,9.550979466420175
454.825,19.967557916351204,9.481187142448903
454.85,21.93763008642141,9.838235727145952
454.875,18.916868169767916,9.518979439933846
454.9,18.916868169767916,9.828226758256795
454.925,18.916868169767916,9.541851606018279
454.95,18.6902413994144,10.142426215582377
454.975,18.6902413994144,9.504647248512175
455.0,19.989793883027417,9.482624294639892
455.025,19.989793883027417,9.627994283578593
455.05,15.84656594957852,9.755275777197497
455.075,15.84656594957852,9.586677370137
455.1,12.7860376043021,9.67663307429126
455.125,14.092581541062648,9.524266612599233
455.15,14.092581541062648,9.866581449179286
455.175,14.092581541062648,9.887706064935635
455.2,14.1876248136994,8.850214059990993
455.225,14.1876248136994,9.638754570356884
455.25,12.100592912782597,9.064329754539601
455.275,12.100592912782597,10.202875715536319
455.3,12.579784997874166,9.746656680206815
455.325,12.579784997874166,8.952951952758937
455.35,11.985886850443968,9.82531054782873
455.375,15.533713456992434,9.306430557778755
455.4,15.533713456992434,9.764796945150728
455.425,15.533713456992434,9.115396350900319
455.45,14.661109558137968,9.895432682243547
455.475,14.661109558137968,9.586221981907912
455.5,16.6248088085492,9.983440975667044
455.525,16.6248088085492,9.770353070821754
455.55,18.125897890149343,9.817840899523855
455.575,18.125897890149343,9.145935164880385
455.6,13.287050331937092,10.047631911048096
455.625,11.358006692293776,9.489776827203144
455.65,11.358006692293776,10.002802822579367
455.675,11.358006692293776,9.469043675161737
455.7,8.593528390312823,9.837300027538626
455.725,8.593528390312823,9.747035078440353
455.75,8.34160433877221,9.714646060087825
455.775,8.34160433877221,9.772478854082202
455.8,7.1948108726707005,9.959904935481052
455.825,7.1948108726707005,10.240298632200398
455.85,5.48559572288573,9.57117189818231
455.875,7.153060632306632,9.614435485050851
455.9,7.153060632306632,9.681980493274638
455.925,7.153060632306632,9.646373230562439
455.95,7.292445702036425,9.596560847527861
455.975,7.292445702036425,9.69948936029912
456.0,6.332144363822159,9.813966340135051
456.025,6.332144363822159,10.331539195241085
456.05,8.25287230495723,9.381513937941303
456.075,8.25287230495723,9.657728837091584
456.1,4.384202471080861,8.741281217034539
456.125,3.4951295742673003,9.464086589616201
456.15,3.4951295742673003,9.915094964746753
456.175,3.4951295742673003,9.655088944017498
456.2,3.771414543755353,9.720271674368428
456.225,3.771414543755353,9.589111673133429
456.25,5.2152270414046455,10.092078287595289
456.275,5.2152270414046455,9.113811498207703
456.3,8.01407554270508,10.15907317615745
456.325,8.01407554270508,8.4501649683098
456.35,6.573664789780833,9.731218719428497
456.375,5.201513410766487,9.706715562949855
456.4,5.201513410766487,9.727653865101184
456.425,5.201513410766487,10.022185979577943
456.45,5.816118236171557,9.193594125794714
456.475,5.816118236171557,9.758125361881834
456.5,6.72893014273427,9.466686337764873
456.525,6.72893014273427,9.716682532231435
456.55,7.661068815393742,9.815380115519384
456.575,7.661068815393742,9.588474705973645
456.6,9.520001151718647,9.63529449797928
456.625,11.795972383343951,9.678542636098618
456.65,11.795972383343951,9.88994706470578
456.675,11.795972383343951,9.045212801806802
456.7,11.43194630062913,9.066525203808164
456.725,11.43194630062913,9.264623840042828
456.75,11.782894525084023,9.663126517716547
456.775,11.782894525084023,9.694193250583972
456.8,9.891827026121428,9.81950032597873
456.825,9.891827026121428,9.631484582920717
456.85,7.357123741625056,9.737643082583979
456.875,5.224299065148594,9.952625195031098
456.9,5.224299065148594,9.939708279933377
456.925,5.224299065148594,10.129555183049426
456.95,5.575797556234768,9.814945033757828
456.975,5.575797556234768,9.842333343641942
457.0,6.323783701914402,9.417835098033022
457.025,6.323783701914402,9.44169346964626
457.05,9.214235491621542,10.280129690671766
457.075,9.214235491621542,9.90112673860972
457.1,7.922567988145251,10.157671738617049
457.125,9.458465255711031,9.500521887409546
457.15,9.458465255711031,9.368953126020054
457.175,9.458465255711031,9.69521410588054
457.2,10.459221216383431,9.461043398607298
457.225,10.459221216383431,9.594994418462337
457.25,9.367655281466105,9.561059780299576
457.275,9.367655281466105,7.53386527239208
457.3,11.304904871017593,8.819978728619075
457.325,11.304904871017593,9.197063768357525
457.35,14.280165378135251,9.443329869412707
457.375,11.589248700757858,9.856183144904595
457.4,11.589248700757858,9.817849025993342
457.425,11.589248700757858,9.704256153349599
457.45,16.143692698974384,9.844399497663
457.475,16.143692698974384,9.545142169728525
457.5,15.964052151943804,9.851843721551326
457.525,15.964052151943804,9.827087651549904
457.55,19.353670168428547,9.544742428143577
457.575,19.353670168428547,9.89107867309795
457.6,19.348307741798628,10.08233745069042
457.625,22.98988519072573,9.485199865755119
457.65,22.98988519072573,9.671883833138011
457.675,22.98988519072573,9.7999917385736
457.7,24.996383242850808,9.785641518299935
457.725,24.996383242850808,9.44085653352497
457.75,28.653318916788503,9.759420937492816
457.775,28.653318916788503,9.620535529147453
457.8,25.221347382822856,9.789190566110276
457.825,25.221347382822856,9.573814643493455
457.85,18.39743919113993,9.77338672583477
457.875,17.577436490594597,9.867170647828749
457.9,17.577436490594597,9.618306726466173
457.925,17.577436490594597,9.61045181650359
457.95,18.71529321118184,8.22305604611882
457.975,18.71529321118184,9.557791169043979
458.0,23.42546440741028,10.220441628342401
458.025,23.42546440741028,9.629882516017865
458.05,21.7354951231376,9.629007428885417
458.075,21.7354951231376,9.846795570392883
458.1,23.54624150680236,9.709735128524056
458.125,20.67656426668895,9.651965839134734
458.15,20.67656426668895,9.748691969226725
458.175,20.67656426668895,9.722785623751253
458.2,22.257961847668387,9.845248819217659
458.225,22.257961847668387,8.747456983924275
458.25,20.984960295014933,9.688761988137424
458.275,20.984960295014933,9.890886876772768
458.3,16.13287604305922,9.597444472255887
458.325,16.13287604305922,9.863279458180223
458.35,18.108789546731156,9.67780803770811
458.375,18.06859522516576,8.652470895862152
458.4,18.06859522516576,9.741859756648012
458.425,18.06859522516576,9.637896986172123
458.45,19.52116772388049,9.6529928855742
458.475,19.52116772388049,9.711863095280544
458.5,20.021148923991337,9.857371817784216
458.525,20.021148923991337,9.631986692703373
458.55,21.348965720456405,9.20824641573188
458.575,21.348965720456405,9.691609596044163
458.6,24.59714267980392,9.71899105923448
458.625,19.38146934242464,9.783018204149675
458.65,19.38146934242464,9.749382734127865
458.675,19.38146934242464,9.860005896408483
458.7,19.07371940822176,9.451143351155105
458.725,19.07371940822176,9.762326091641564
458.75,16.791195172458046,9.60596958117235
458.775,16.791195172458046,10.050207822165367
458.8,16.068995615420285,9.49537225540393
458.825,16.068995615420285,9.742257113499566
458.85,15.854755877571996,9.412230283942693
458.875,18.079605703899382,9.872729542293635
458.9,18.079605703899382,9.55081363078223
458.925,18.079605703899382,9.962833561220542
458.95,18.22286189723149,9.816933511997943
458.975,18.22286189723149,9.521384427028853
459.0,19.4836865384266,10.064124563754877
459.025,19.4836865384266,9.913597641781347
459.05,20.93927073646696,9.814438454702167
459.075,20.93927073646696,9.776230148034221
459.1,17.20529954578228,10.008122639120336
459.125,14.572992650680163,9.783207359940288
459.15,14.572992650680163,9.987983603094362
459.175,14.572992650680163,9.738833939052125
459.2,13.146634874928807,9.76800389331345
459.225,13.146634874928807,9.33080216164764
459.25,15.717687883247306,9.45806021421592
459.275,15.717687883247306,9.831727720817216
459.3,15.729496155123844,9.758638981025275
459.325,15.729496155123844,9.701574229147836
459.35,15.548683358336431,9.91163380261699
459.375,14.471968141163767,9.771388612087184
459.4,14.471968141163767,9.918039628729248
459.425,14.471968141163767,9.546074934854245
459.45,9.214484455263696,9.31345275301856
459.475,9.214484455263696,9.76708643703676
459.5,5.7951484447977055,9.698127212288453
459.525,5.7951484447977055,9.743856434497244
459.55,3.366122682547612,9.964065803958402
459.575,3.366122682547612,9.859707001210639
459.6,4.012395508811023,9.477942755561399
459.625,3.799142337369212,9.773177585361383
459.65,3.799142337369212,9.405077139593025
459.675,3.799142337369212,9.834520664627464
459.7,3.106721401743472,9.609571036416877
459.725,3.106721401743472,9.694619709964396
459.75,2.4909314864401098,9.354165718578166
459.775,2.4909314864401098,9.557769685612119
459.8,4.889532554885977,9.738119645514969
459.825,4.889532554885977,9.898116408917554
459.85,2.9162006899978903,9.759947687290332
459.875,2.037469208333987,9.745018790372072
459.9,2.037469208333987,9.587422970103631
459.925,2.037469208333987,9.661047780040432
459.95,1.4490737398695364,9.73361228642544
459.975,1.4490737398695364,9.684118403783991
460.0,1.053787548570462,9.659904687439495
460.025,1.053787548570462,9.807128335460964
460.05,1.9481244478645423,9.701287493744235
460.075,1.9481244478645423,9.62132125986019
460.1,1.8127037363447691,9.761230553575055
460.125,0.7210530698415468,9.71093662113214
460.15,0.7210530698415468,9.775856715731308
460.175,0.7210530698415468,9.830078904793181
460.2,1.5856190090908653,9.931610636172293
460.225,1.5856190090908653,9.550495552871055
460.25,3.5957994084487983,9.673056679108281
460.275,3.5957994084487983,10.132073766648595
460.3,6.143976828683039,10.70243630962983
460.325,6.143976828683039,9.827324765636126
460.35,7.745043552757362,9.766858920086067
460.375,5.841360484612254,9.77584881107183
460.4,5.841360484612254,9.624670654724088
460.425,5.841360484612254,9.821280841080595
460.45,4.621452559044014,9.571287708005261
460.475,4.621452559044014,9.668817808745207
460.5,4.542652672622976,9.379163564641948
460.525,4.542652672622976,9.603722685792688
460.55,3.7606963916562313,9.997232075245238
460.575,3.7606963916562313,9.018989659004623
460.6,5.381836668668901,9.860684806150491
460.625,7.082904704659496,9.778305812574956
460.65,7.082904704659496,9.858572107715363
460.675,7.082904704659496,9.426362841783035
460.7,9.499181070187433,9.105300072886742
460.725,9.499181070187433,9.871039370161082
460.75,9.088268278851029,9.802931948922696
460.775,9.088268278851029,9.830769423790471
460.8,7.613753363960987,9.614329063128466
460.825,7.613753363960987,9.537607910500665
460.85,6.623936360919771,9.57594894925411
460.875,6.274124119968989,10.107529695956408
460.9,6.274124119968989,9.649770762267408
460.925,6.274124119968989,9.84735733548656
460.95,10.510397240668905,9.726894397966706
460.975,10.510397240668905,9.083306865615308
461.0,13.299162227133191,9.947067464600202
461.025,13.299162227133191,9.87968817896181
461.05,16.100158677502513,9.900478107937737
461.075,16.100158677502513,9.904222370252661
461.1,17.86371274122316,9.886893802763108
461.125,14.429419291733309,9.892946045586168
461.15,14.429419291733309,9.593878734371074
461.175,14.429419291733309,9.868909902630502
461.2,13.373794481727604,9.890040765878977
461.225,13.373794481727604,9.877449609055047
461.25,12.01200779996224,10.0600423076825
461.275,12.01200779996224,9.94338839212265
461.3,16.79214131787221,9.642296226972956
461.325,16.79214131787221,9.786776698190922
461.35,12.325091704791332,9.874115789480287
461.375,10.64344244013214,9.952623060564353
461.4,10.64344244013214,9.743832092967615
461.425,10.64344244013214,8.798454805266255
461.45,9.488457420425672,9.557305988663982
461.475,9.488457420425672,9.703962468784177
461.5,6.724405980496571,9.70758151658082
461.525,6.724405980496571,8.977548865343259
461.55,8.12019302073284,9.700997224375936
461.575,8.12019302073284,9.84560110554545
461.6,10.015804382834002,9.490077651865068
461.625,9.89420105430986,10.06623413528506
461.65,9.89420105430986,9.646305744487636
461.675,9.89420105430986,9.7116570611848
461.7,11.974491862282688,9.936354560989733
461.725,11.974491862282688,9.672084281001224
461.75,11.544246167167683,9.576229809664921
461.775,11.544246167167683,9.627575471843848
461.8,15.403544760739631,10.024982348676607
461.825,15.403544760739631,9.59442047346992
461.85,17.39475232791954,10.148946933193809
461.875,15.201586995631985,10.084363404098589
461.9,15.201586995631985,9.775055845240594
461.925,15.201586995631985,9.767319713506186
461.95,14.97505463349246,9.796442137530851
461.975,14.97505463349246,8.92438675910625
462.0,17.946651431143522,9.847715590547134
462.025,17.946651431143522,9.887776862008133
462.05,18.51505959378787,10.01881514240931
462.075,18.51505959378787,9.872790861701457
462.1,17.153893906022596,9.716211006988145
462.125,19.396886750702503,9.729715361985011
462.15,19.396886750702503,9.675529852947149
462.175,19.396886750702503,9.788875589677636
462.2,18.02965838480561,9.09852763748075
462.225,18.02965838480561,9.814393561237912
462.25,13.035627056510974,10.220998567314448
462.275,13.035627056510974,9.85956187656684
462.3,12.857565563111782,9.478496762197793
462.325,12.857565563111782,9.847704701941774
462.35,15.52509985949514,9.606080274830168
462.375,16.495136851015108,10.015661680470135
462.4,16.495136851015108,9.65822384528108
462.425,16.495136851015108,9.566320563482234
462.45,14.395656365714798,9.532047243180994
462.475,14.395656365714798,9.854110538740857
462.5,17.49989734555016,9.604175749427228
462.525,17.49989734555016,9.497684188202804
462.55,16.378287112027042,9.82030265108396
462.575,16.378287112027042,9.709571505521371
462.6,18.611034007033844,9.63862874060533
462.625,22.00502896229993,9.55141116195779
462.65,22.00502896229993,9.602827724551936
462.675,22.00502896229993,9.695083953572816
462.7,21.4323192914374,9.552796293586844
462.725,21.4323192914374,9.581595838442356
462.75,21.10980431574365,9.640403470216809
462.775,21.10980431574365,9.727941083332123
462.8,21.232772657763576,9.599440563237591
462.825,21.232772657763576,9.499747994770509
462.85,18.600299678232822,9.85002824676662
462.875,18.46376233185389,9.620862212452687
462.9,18.46376233185389,9.372704433198988
462.925,18.46376233185389,9.465839662795943
462.95,17.53922044059961,9.84248351375868
462.975,17.53922044059961,9.352986819452061
463.0,18.36678281157729,9.645631508197786
463.025,18.36678281157729,9.603605981245906
463.05,23.00083871884823,9.576371461695777
463.075,23.00083871884823,9.93846968022948
463.1,21.780229228898563,9.784413746264487
463.125,20.150672061855428,9.422137381748644
463.15,20.150672061855428,9.72469148583027
463.175,20.150672061855428,9.379521084434892
463.2,15.347187547936874,9.733849814186442
463.225,15.347187547936874,9.640543297290066
463.25,13.98639641957918,9.782418611368877
463.275,13.98639641957918,9.759363487715737
463.3,8.919621759981464,9.682361748014742
463.325,8.919621759981464,9.575598983447838
463.35,5.317543647788015,9.61854791313586
463.375,5.30468557335341,9.888274836094018
463.4,5.30468557335341,9.655674232766474
463.425,5.30468557335341,9.902385263733828
463.45,3.025178806912095,9.590818699204123
463.475,3.025178806912095,9.351242729228666
463.5,2.177759100493555,9.595116258415139
463.525,2.177759100493555,9.721996189407955
463.55,3.362832408547264,9.297181465146592
463.575,3.362832408547264,9.405331096943023
463.6,7.567032178693776,9.474729180233265
463.625,5.390697536131665,9.718639847754282
463.65,5.390697536131665,8.744196484920906
463.675,5.390697536131665,9.840161722783657
463.7,6.178114110192679,9.451206617507681
463.725,6.178114110192679,9.814197236527107
463.75,7.133091564727946,8.975301669857679
463.775,7.133091564727946,9.466995996302428
463.8,9.05770422322222,9.565340126092218
463.825,9.05770422322222,9.333847356633864
463.85,9.641703750946458,9.768337962784827
463.875,9.994897988502087,9.799113353736015
463.9,9.994897988502087,9.580217421787966
463.925,9.994897988502087,9.650004080398025
463.95,9.57890605966164,8.75341626237394
463.975,9.57890605966164,9.579868486183114
464.0,9.528001848964584,9.599544701091887
464.025,9.528001848964584,9.78165194432648
464.05,9.375724255201291,9.27483661660848
464.075,9.375724255201291,9.330767718978938
464.1,10.271659867468472,7.86459269415332
464.125,12.690167383449486,9.863594339135863
464.15,12.690167383449486,9.639287205551236
464.175,12.690167383449486,10.378579188610024
464.2,11.238285103579557,9.697659707035761
464.225,11.238285103579557,9.598132164855548
464.25,10.648846087945705,8.826176696244907
464.275,10.648846087945705,9.631965226706596
464.3,12.285450715266444,9.77357094111875
464.325,12.285450715266444,9.710978108847506
464.35,10.698602016046738,9.634268440588363
464.375,11.764714979086731,9.934984557342508
464.4,11.764714979086731,9.778759244939016
464.425,11.764714979086731,9.595798058480872
464.45,9.71580830484787,9.764649036504037
464.475,9.71580830484787,9.387573591404218
464.5,10.636540979793711,9.614876415630224
464.525,10.636540979793711,9.753009952063575
464.55,12.430338107406294,9.590263137888698
464.575,12.430338107406294,9.462969993495776
464.6,13.036376186803306,9.66295167621656
464.625,14.305963815474106,8.892622135469544
464.65,14.305963815474106,9.894855832213919
464.675,14.305963815474106,9.525941846070216
464.7,10.315566548189954,9.75574965214213
464.725,10.315566548189954,9.704682205748394
464.75,7.054025446393263,9.739587768688908
464.775,7.054025446393263,9.620764921946241
464.8,6.521999706531379,9.878238703602301
464.825,6.521999706531379,9.73371751269045
464.85,4.754167874839691,9.32621517594305
464.875,3.1061114648988304,9.775242353663215
464.9,3.1061114648988304,9.480084010690982
464.925,3.1061114648988304,9.735693197105846
464.95,3.4152730280770034,9.363187325760835
464.975,3.4152730280770034,9.343063874434414
465.0,6.498939690326688,9.653056245182261
465.025,6.498939690326688,9.675579925505602
465.05,5.60197727725826,9.908361102170298
465.075,5.60197727725826,9.72134894942416
465.1,6.843949723343855,9.747426874637169
465.125,6.996505723118234,9.529041552092048
465.15,6.996505723118234,9.85649187391927
465.175,6.996505723118234,9.669634921288441
465.2,6.578172418925639,9.013165637752184
465.225,6.578172418925639,9.572815217611783
465.25,5.455347454219634,9.47656103305823
465.275,5.455347454219634,9.875293663065612
465.3,8.882397509311868,9.750640040810975
465.325,8.882397509311868,9.795569896049528
465.35,6.240573395640906,9.72237155398123
465.375,7.118651173490028,9.624270589964217
465.4,7.118651173490028,9.840784466376023
465.425,7.118651173490028,9.906800135611757
465.45,8.68657056673104,9.432518994468884
465.475,8.68657056673104,9.608831459344922
465.5,12.205120083242935,9.93122959288629
465.525,12.205120083242935,9.875347690866995
465.55,10.39247506650574,9.153660654052622
465.575,10.39247506650574,9.493840063669268
465.6,11.591313260260293,9.44088219755464
465.625,14.883746589317424,9.852496333411418
465.65,14.883746589317424,9.953241118000532
465.675,14.883746589317424,9.397456117872855
465.7,15.604307636374983,9.695097354544536
465.725,15.604307636374983,8.868239348970103
465.75,13.617239560308857,9.688890666239024
465.775,13.617239560308857,9.710811967667931
465.8,9.61186333788166,9.711595454259076
465.825,9.61186333788166,9.77966378273482
465.85,7.09815871572713,9.499426591968586
465.875,10.675166404135172,8.562565556829574
465.9,10.675166404135172,9.66440002329444
465.925,10.675166404135172,9.568736064893457
465.95,9.3935506784353,9.654010060491835
465.975,9.3935506784353,9.782715591940566
466.0,10.141613891384813,9.94910950356512
466.025,10.141613891384813,9.65458951679662
466.05,12.63119063216915,9.73820823783527
466.075,12.63119063216915,9.825210990071861
466.1,11.295094380832952,9.711775363400724
466.125,8.69876569869021,9.57115463040011
466.15,8.69876569869021,9.472058421433864
466.175,8.69876569869021,9.496517834622347
466.2,11.02309008019515,9.784368610362172
466.225,11.02309008019515,9.6154034241831
466.25,11.171586208989725,9.776984981231298
466.275,11.171586208989725,9.611107064919526
466.3,10.550305505693098,9.524175171197824
466.325,10.550305505693098,9.272543970058258
466.35,7.342454651808633,9.691536959488975
466.375,7.8059727138546195,9.53704049899922
466.4,7.8059727138546195,9.716522231442271
466.425,7.8059727138546195,9.50983341835447
466.45,8.951472603183339,9.49583808516425
466.475,8.951472603183339,9.673710808408561
466.5,10.946231084736633,9.538232059124237
466.525,10.946231084736633,9.831193752213906
466.55,9.039404971296989,9.727852949028131
466.575,9.039404971296989,9.427063834467534
466.6,10.822965026062384,9.41512490592594
466.625,10.132902406936628,9.505187208542704
466.65,10.132902406936628,9.611273314142306
466.675,10.132902406936628,9.827668887442158
466.7,12.47667204415336,9.4522805282071
466.725,12.47667204415336,9.612785304915192
466.75,13.561625539039058,9.56064103636508
466.775,13.561625539039058,9.68916046761734
466.8,10.560991825972398,9.755343042701048
466.825,10.560991825972398,9.792127325910105
466.85,9.426694181456767,9.57872038360575
466.875,6.15687241624252,9.514031362755416
466.9,6.15687241624252,9.542080129031547
466.925,6.15687241624252,9.45269296057127
466.95,5.819029611385924,7.624328946199918
466.975,5.819029611385924,9.743178456184141
467.0,5.666873202584557,9.631588660784539
467.025,5.666873202584557,9.58711273704751
467.05,5.520031077279471,9.695660565207803
467.075,5.520031077279471,9.69052061856931
467.1,6.258990961639276,9.668548160644455
467.125,4.4271726930072335,9.795332612484252
467.15,4.4271726930072335,8.643858916049906
467.175,4.4271726930072335,9.595274548792828
467.2,6.55063102811934,9.633873977811996
467.225,6.55063102811934,9.412364589070268
467.25,7.5651849039136465,9.316283783370807
467.275,7.5651849039136465,9.675722367192929
467.3,10.824690139078392,8.863335696657513
467.325,10.824690139078392,9.550010732230007
467.35,10.070661497538437,9.857241367111312
467.375,11.71336289398906,9.48061442033591
467.4,11.71336289398906,10.111218737785892
467.425,11.71336289398906,9.790261944014388
467.45,13.120796061371166,9.596046885583602
467.475,13.120796061371166,9.973646870963712
467.5,11.263884970848896,9.598460485572962
467.525,11.263884970848896,9.144888111143985
467.55,13.439325456124656,9.511579938701722
467.575,13.439325456124656,9.424675438026341
467.6,13.764395610798168,9.970175525071095
467.625,15.331962415046352,9.778989163819585
467.65,15.331962415046352,9.327167690468203
467.675,15.331962415046352,9.760439024086224
467.7,12.6775513302948,9.299258808776337
467.725,12.6775513302948,9.730312276002936
467.75,17.50523395445617,9.690448848285506
467.775,17.50523395445617,9.490314732423192
467.8,17.53338506898369,10.9239251847007
467.825,17.53338506898369,9.480855261083828
467.85,14.012045529913594,9.80218409189769
467.875,9.06725436103218,9.247264758858691
467.9,9.06725436103218,9.522596832024579
467.925,9.06725436103218,9.474475828422129
467.95,6.601767544180171,9.628756718488626
467.975,6.601767544180171,9.706487040838903
468.0,9.108929810467655,9.528675868350366
468.025,9.108929810467655,9.587377869114642
468.05,10.036134352933129,9.76406838725916
468.075,10.036134352933129,9.669421082443822
468.1,7.569294930076945,9.64038251786441
468.125,6.5221060551293375,9.723678556230134
468.15,6.5221060551293375,9.477503650421472
468.175,6.5221060551293375,9.739948613401019
468.2,6.181083027000526,9.592121015297662
468.225,6.181083027000526,9.682514176099453
468.25,7.054261967600038,9.772412843226455
468.275,7.054261967600038,9.284812809315811
468.3,7.258862176493479,9.678247292337307
468.325,7.258862176493479,9.755051906887324
468.35,4.77145394760194,9.655598167876907
468.375,5.698471324284771,9.639825270361662
468.4,5.698471324284771,9.73210057075871
468.425,5.698471324284771,9.585466568029736
468.45,7.415137778674277,9.82394607775352
468.475,7.415137778674277,9.616100531104612
468.5,10.206478345918493,9.062301605594149
468.525,10.206478345918493,9.282658100896816
468.55,10.319691873471836,9.732339720563612
468.575,10.319691873471836,9.848150027902662
468.6,14.11091704069437,9.678106417373181
468.625,14.82327643532394,8.03943254045217
468.65,14.82327643532394,9.695745907603207
468.675,14.82327643532394,9.820705385187381
468.7,14.873455239294987,9.83009314766248
468.725,14.873455239294987,9.603505995539665
468.75,11.840038333728296,9.468850749483037
468.775,11.840038333728296,9.354232079834294
468.8,9.497807012788186,9.702263147532683
468.825,9.497807012788186,9.694152257347259
468.85,7.806735157799684,9.247624871663529
468.875,5.655175914656575,9.690775811347185
468.9,5.655175914656575,9.001179061351335
468.925,5.655175914656575,9.970036644806909
468.95,8.133208478572325,9.646853041834696
468.975,8.133208478572325,9.579297832764382
469.0,7.504553134123845,9.04810882285993
469.025,7.504553134123845,9.666576654793301
469.05,8.525436658062237,9.768603326183195
469.075,8.525436658062237,9.758811672165558
469.1,6.312740690015126,8.416969867400022
469.125,5.423991526260136,9.693727991245403
469.15,5.423991526260136,9.68486409547878
469.175,5.423991526260136,9.71020385842195
469.2,4.407005442837163,9.543582000258374
469.225,4.407005442837163,7.928197480161423
469.25,4.508157228541091,9.790099279004153
469.275,4.508157228541091,9.711195735245155
469.3,2.599467916815771,9.536790574144796
469.325,2.599467916815771,9.127005805500993
469.35,2.1108056746879287,9.742515563426444
469.375,2.0762710162632425,9.73624299664197
469.4,2.0762710162632425,10.19443874804979
469.425,2.0762710162632425,9.69861751620288
469.45,2.862914843223195,9.694909358593954
469.475,2.862914843223195,9.687484523775673
469.5,2.0566265165039184,9.737812907999691
469.525,2.0566265165039184,9.626808993943092
469.55,3.381164560652365,9.77590765060617
469.575,3.381164560652365,9.819048089548438
469.6,4.444386122076478,9.70618193482416
469.625,4.546097148311298,9.753231165676407
469.65,4.546097148311298,9.648437907121789
469.675,4.546097148311298,9.805584614021258
469.7,5.356581919704818,9.764164942407938
469.725,5.356581919704818,9.160594456604127
469.75,5.011333144736803,9.487617520129852
469.775,5.011333144736803,9.593509846604121
469.8,4.918011043269675,10.046337663697521
469.825,4.918011043269675,9.365082077569802
469.85,4.611462641667454,9.642568401065182
469.875,5.778583598535436,9.576775148105995
469.9,5.778583598535436,9.86252596474592
469.925,5.778583598535436,9.667301571767043
469.95,5.379770348843273,9.625340203615767
469.975,5.379770348843273,9.767274280106983
470.0,7.705457338755531,9.624804198604318
470.025,7.705457338755531,9.75394826976716
470.05,9.890099853294384,9.808016882341665
470.075,9.890099853294384,9.534800006141545
470.1,10.171103964453954,9.705768188394675
470.125,14.028233512150072,9.702988225954009
470.15,14.028233512150072,9.669205992255131
470.175,14.028233512150072,9.368587237404084
470.2,13.280516693618315,9.47450061076017
470.225,13.280516693618315,9.295360116810402
470.25,13.98260170664802,9.754615569160025
470.275,13.98260170664802,9.740114083840258
470.3,15.967006104123517,9.628283603245915
470.325,15.967006104123517,9.75472483616383
470.35,13.923252647414984,9.627503671554928
470.375,15.81813821639712,9.429933851369162
470.4,15.81813821639712,9.79576688340989
470.425,15.81813821639712,9.702601614373545
470.45,10.185030208929293,9.829861263714623
470.475,10.185030208929293,9.932360766915682
470.5,9.490149643652757,9.71535740620809
470.525,9.490149643652757,9.615861892461975
470.55,9.034466206512764,9.910100761278082
470.575,9.034466206512764,9.682956247306242
470.6,12.02681910524103,9.917120661529019
470.625,10.849008116271644,9.851871396430518
470.65,10.849008116271644,9.770932883843699
470.675,10.849008116271644,9.849681214957082
470.7,13.069649755753982,9.602288537883208
470.725,13.069649755753982,9.74614547849226
470.75,9.92954709933014,9.501864740574893
470.775,9.92954709933014,9.24352375945116
470.8,7.751621955520313,9.625357549828488
470.825,7.751621955520313,10.118347391022084
470.85,7.810878007832529,9.934024939759153
470.875,4.543334964694029,9.804110308635964
470.9,4.543334964694029,9.867506463378463
470.925,4.543334964694029,9.807272916055052
470.95,1.5577590020023646,9.638862732268187
470.975,1.5577590020023646,9.714707422478485
471.0,1.912446588245286,9.8609415787575
471.025,1.912446588245286,9.572802856252276
471.05,2.262583807164407,9.815992266349637
471.075,2.262583807164407,9.646364305714942
471.1,1.2404639964922246,9.757118220011257
471.125,1.9961418384287937,9.333217755525013
471.15,1.9961418384287937,9.723055037967146
471.175,1.9961418384287937,9.68123724652815
471.2,3.352595935494842,9.764377880043323
471.225,3.352595935494842,9.754999045809944
471.25,5.357721204233354,9.702883594881555
471.275,5.357721204233354,9.622759811796094
471.3,5.913929793383474,9.82518874938111
471.325,5.913929793383474,9.52992184873384
471.35,5.969649687160876,9.749931698539227
471.375,3.197839942197084,9.717909316918295
471.4,3.197839942197084,9.723029982435438
471.425,3.197839942197084,9.810581998931486
471.45,2.990350045406105,9.739966229239894
471.475,2.990350045406105,9.68653476952813
471.5,3.2709088782270745,9.571904789934822
471.525,3.2709088782270745,9.968050061318445
471.55,2.1653362805680474,9.262438726624454
471.575,2.1653362805680474,9.71217811012079
471.6,3.914177789622455,9.849891808117665
471.625,6.46106882401897,9.549220843914764
471.65,6.46106882401897,9.755024639113765
471.675,6.46106882401897,9.520590163868622
471.7,9.106178457112437,9.496443810324797
471.725,9.106178457112437,9.56054415468633
471.75,10.017362429479048,8.977577618001625
471.775,10.017362429479048,9.97876267623769
471.8,11.373843011099073,9.832632545221665
471.825,11.373843011099073,9.780791863166515
471.85,12.890987853297712,9.5875692759809
471.875,15.802275156346807,9.559084323998597
471.9,15.802275156346807,9.694644180005524
471.925,15.802275156346807,9.588016804222491
471.95,14.941172201006328,9.790503521448702
471.975,14.941172201006328,9.768366388009268
472.0,11.954256719009356,9.77894806622262
472.025,11.954256719009356,9.803928946714244
472.05,11.773268172754015,9.71629966962147
472.075,11.773268172754015,9.568431399284703
472.1,7.430649392272875,9.502989342094795
472.125,7.208793126112268,9.698224597139575
472.15,7.208793126112268,9.896460752141257
472.175,7.208793126112268,9.528230640098952
472.2,10.982969153810156,9.85237146221043
472.225,10.982969153810156,10.03282077506669
472.25,11.16001243232258,8.85911594246375
472.275,11.16001243232258,9.071910943103482
472.3,8.053089823161926,9.83477826262864
472.325,8.053089823161926,9.74775054135635
472.35,9.414603776831004,9.724008197206034
472.375,8.769642343278646,9.81454756491586
472.4,8.769642343278646,9.40387489101344
472.425,8.769642343278646,9.784420205114916
472.45,13.879050202812468,9.718121429645723
472.475,13.879050202812468,9.174812409840035
472.5,13.055398673443294,9.864373896857273
472.525,13.055398673443294,9.734329396402984
472.55,14.002019089277972,9.704611006185962
472.575,14.002019089277972,9.695153520111791
472.6,14.75363797279117,9.415580006461163
472.625,14.65988361393842,9.769595326606051
472.65,14.65988361393842,9.52136532338578
472.675,14.65988361393842,9.531668305202759
472.7,15.83673404557937,9.824387427143131
472.725,15.83673404557937,8.507297299845906
472.75,13.090314762315714,9.599957798511719
472.775,13.090314762315714,8.957807642502086
472.8,8.788580254675582,9.924013517570126
472.825,8.788580254675582,9.716273031124718
472.85,7.334147849537069,9.45624466087649
472.875,9.975051845130592,9.971949106472923
472.9,9.975051845130592,9.690807696174167
472.925,9.975051845130592,10.016166639242181
472.95,10.998235172113596,9.688646368901374
472.975,10.998235172113596,9.657979027364153
473.0,8.330376648027022,9.700774917018336
473.025,8.330376648027022,9.487907110757918
473.05,5.728213606736061,9.829212862657705
473.075,5.728213606736061,9.685897168003207
473.1,6.766985692667716,9.891893448092581
473.125,8.969268835336768,9.602585945931077
473.15,8.969268835336768,9.78394532146303
473.175,8.969268835336768,9.674167965551423
473.2,11.64136227104378,9.660324355571335
473.225,11.64136227104378,9.552642850373472
473.25,8.065719275941708,9.374543461899872
473.275,8.065719275941708,9.444744806238903
473.3,9.791858513978257,9.7895837211464
473.325,9.791858513978257,9.499750582483497
473.35,10.722091570250852,8.877804004362854
473.375,10.05309451073964,9.630186111616805
473.4,10.05309451073964,9.763901916801812
473.425,10.05309451073964,9.54987716301461
473.45,10.355722196347314,9.55742507981329
473.475,10.355722196347314,9.661275694371964
473.5,9.778600941444743,9.861636533255455
473.525,9.778600941444743,9.545805820341089
473.55,9.72187167304127,9.612533340493574
473.575,9.72187167304127,9.612952508578667
473.6,9.901067291789849,9.732892366744492
473.625,9.449042407499505,9.665667619160308
473.65,9.449042407499505,9.644356516681063
473.675,9.449042407499505,9.538775766244708
473.7,5.364066033317136,9.710313869671971
473.725,5.364066033317136,9.919851086236534
473.75,9.101702384155892,9.317467481136568
473.775,9.101702384155892,9.665760614532427
473.8,9.845906198823169,9.547556524746339
473.825,9.845906198823169,9.765767726550811
473.85,12.133101997221855,9.665049689070745
473.875,11.385297827667586,9.67004781012447
473.9,11.385297827667586,9.53397499384674
473.925,11.385297827667586,9.643335275389491
473.95,12.933782218607249,9.757729347473374
473.975,12.933782218607249,9.04786844154996
474.0,14.001554933987489,9.435454325508296
474.025,14.001554933987489,9.50071759339476
474.05,11.015006264874582,9.881129336715043
474.075,11.015006264874582,9.779332900652292
474.1,9.522023021937615,9.614782675236535
474.125,8.764325279648963,9.75153876703704
474.15,8.764325279648963,9.675658036561158
474.175,8.764325279648963,9.82875724796857
474.2,10.944561293258888,9.593069924497636
474.225,10.944561293258888,9.82795805833658
474.25,12.419879731342952,9.580376692735024
474.275,12.419879731342952,9.705480257931201
474.3,11.21676901894937,9.863154782113105
474.325,11.21676901894937,9.723513942171452
474.35,11.92098218900223,9.668654555691045
474.375,14.368267719082,9.896135976728324
474.4,14.368267719082,9.694473494986228
474.425,14.368267719082,9.93263999261751
474.45,15.24946024735661,9.620434105656084
474.475,15.24946024735661,9.773526278010387
474.5,17.410579125840687,9.904054669677016
474.525,17.410579125840687,9.437679386768805
474.55,15.128596581213548,10.041239735654734
474.575,15.128596581213548,9.603007548124909
474.6,13.289368828858809,9.75118552515727
474.625,13.49050825295446,9.959638037616863
474.65,13.49050825295446,9.712925362981117
474.675,13.49050825295446,9.813367692412879
474.7,14.871183293428825,9.234190950685447
474.725,14.871183293428825,9.570369644310881
474.75,13.74221532839031,9.830397982436619
474.775,13.74221532839031,9.715931145062774
474.8,7.610560759810309,9.78679927966045
474.825,7.610560759810309,9.70929424742602
474.85,6.097599959702805,9.5896146946619
474.875,8.983384803709681,9.900456597765077
474.9,8.983384803709681,9.78465476831465
474.925,8.983384803709681,9.445920062895647
474.95,10.948665017395683,9.676985703311283
474.975,10.948665017395683,9.874929270203403
475.0,10.905243578202253,9.813448522398819
475.025,10.905243578202253,9.60652986201142
475.05,12.15903778337262,9.764227144915363
475.075,12.15903778337262,9.815325118012304
475.1,9.689832402404246,10.032988868133684
475.125,12.22480078390492,9.81951395222162
475.15,12.22480078390492,9.814030572553504
475.175,12.22480078390492,10.058040928000713
475.2,12.90026970725742,9.745379482850852
475.225,12.90026970725742,9.56905422711797
475.25,10.283123749613688,9.648137950176649
475.275,10.283123749613688,9.590616460538289
475.3,5.655881253651335,10.158735062493193
475.325,5.655881253651335,9.681776925922515
475.35,5.837593882951798,9.749907500099344
475.375,8.428174600497723,9.454548136433745
475.4,8.428174600497723,9.672379625566307
475.425,8.428174600497723,9.55914598020173
475.45,10.936735659510164,9.702794094886206
475.475,10.936735659510164,9.847974673682893
475.5,10.24668623614214,9.658285637643253
475.525,10.24668623614214,9.79406335406075
475.55,12.731158540927115,9.77070034405317
475.575,12.731158540927115,9.327344490211907
475.6,11.922618565182187,9.763217040611773
475.625,10.13275404057768,9.675154174993098
475.65,10.13275404057768,9.528817283116155
475.675,10.13275404057768,9.834909196300488
475.7,10.229521305606122,9.69366569772858
475.725,10.229521305606122,9.728373706819971
475.75,10.075988568187704,9.743997758725671
475.775,10.075988568187704,9.541503526312672
475.8,11.582605046603575,9.939459538523321
475.825,11.582605046603575,9.919611355089673
475.85,8.253994545459262,9.844013324217071
475.875,11.291813696064036,8.996631741923308
475.9,11.291813696064036,9.632641804280343
475.925,11.291813696064036,9.870290714472281
475.95,11.346203660107284,9.89682106495731
475.975,11.346203660107284,9.755781887482042
476.0,11.760008480525697,9.838384870664552
476.025,11.760008480525697,9.794420671639745
476.05,10.930217007979886,9.830130449204374
476.075,10.930217007979886,9.88167087590476
476.1,12.675205491784332,9.830536245531526
476.125,13.233473210058245,9.894733629536317
476.15,13.233473210058245,9.699275251568604
476.175,13.233473210058245,9.770310698795077
476.2,13.766698083697134,9.995932518442912
476.225,13.766698083697134,9.722999327980993
476.25,12.616057756675271,9.69378076624666
476.275,12.616057756675271,9.740274949096811
476.3,13.98836842840266,9.963931291513248
476.325,13.98836842840266,9.686805960995786
476.35,14.351180197458092,9.809262920378478
476.375,18.244812896780672,9.813195740403893
476.4,18.244812896780672,9.595560147215807
476.425,18.244812896780672,9.849412446349127
476.45,16.035847213682274,9.635938803777446
476.475,16.035847213682274,9.849273855498105
476.5,13.510915170021953,9.654868770992604
476.525,13.510915170021953,9.861710094476049
476.55,15.15556586763842,9.700292457367624
476.575,15.15556586763842,9.823330453315293
476.6,14.907881143290732,9.742131339241817
476.625,13.05426015767555,9.788375148676659
476.65,13.05426015767555,9.615711283506386
476.675,13.05426015767555,9.773027966475347
476.7,12.68149515602575,9.743046996933654
476.725,12.68149515602575,9.85264288148853
476.75,14.331509067746712,9.474807136412265
476.775,14.331509067746712,9.791494354426703
476.8,13.404716031806618,9.21831883366836
476.825,13.404716031806618,9.766251402271235
476.85,12.827644366868208,9.580517575177312
476.875,14.37019123487662,9.607227171230964
476.9,14.37019123487662,9.626963147972123
476.925,14.37019123487662,9.84946668380474
476.95,14.883144046332813,9.906236582044084
476.975,14.883144046332813,9.621472154137393
477.0,15.963183125765688,9.790094428086197
477.025,15.963183125765688,9.852025582440794
477.05,15.60434473752836,9.701594960530583
477.075,15.60434473752836,9.766474298737414
477.1,13.717142412179127,9.81194304283828
477.125,12.78111024000116,9.819611402282234
477.15,12.78111024000116,9.558378706973894
477.175,12.78111024000116,9.85340851183814
477.2,11.05696996120251,9.717399625644392
477.225,11.05696996120251,9.918842811844508
477.25,10.721165410203042,9.633573529941064
477.275,10.721165410203042,9.832285458584293
477.3,11.458485789475986,9.908546848477204
477.325,11.458485789475986,9.799633634172297
477.35,12.21687174362354,9.821989752352653
477.375,11.496691583700606,9.814547789886785
477.4,11.496691583700606,9.789484372649458
477.425,11.496691583700606,9.814512751951751
477.45,13.237273524783326,9.784405330891627
477.475,13.237273524783326,9.807668368613363
477.5,8.019662681231951,9.94548125928733
477.525,8.019662681231951,9.763796540983357
477.55,4.706112028808398,9.835526265261576
477.575,4.706112028808398,9.614738623294437
477.6,5.360810903059972,9.829674983373778
477.625,4.372334937659364,9.299009453481677
477.65,4.372334937659364,9.834875293428647
477.675,4.372334937659364,9.971331651121648
477.7,6.687144776176417,9.88074579308335
477.725,6.687144776176417,9.569656068691003
477.75,5.857623746712457,9.772222650022682
477.775,5.857623746712457,10.044771726753966
477.8,4.119577918772301,9.642783023891006
477.825,4.119577918772301,9.426477703453408
477.85,10.865653626703583,9.58399743066861
477.875,12.61119253976101,9.740344576120439
477.9,12.61119253976101,9.816772237004297
477.925,12.61119253976101,9.738896901041864
477.95,14.68372726719928,9.710754922739948
477.975,14.68372726719928,9.812388787073054
478.0,16.250777595621486,9.8268759577256
478.025,16.250777595621486,9.76753002889219
478.05,18.225473801256022,9.76262640655936
478.075,18.225473801256022,9.828149570371334
478.1,17.983675199790813,9.85605458028573
478.125,20.13889462525423,9.840892857734273
478.15,20.13889462525423,9.715505019370418
478.175,20.13889462525423,9.816772237004297
478.2,16.427731368886732,9.605238909169874
478.225,16.427731368886732,9.897887389580154
478.25,14.385304927047342,9.87198722877396
478.275,14.385304927047342,9.390101899010663
478.3,16.035023609666343,9.743003248406298
478.325,16.035023609666343,9.752772794499798
478.35,17.34994451581702,9.729819929360302
478.375,16.339706943003193,9.761768541903676
478.4,16.339706943003193,9.413909030494125
478.425,16.339706943003193,9.683663902284735
478.45,14.216808889939648,9.033047467841675
478.475,14.216808889939648,9.727885760035537
478.5,15.321592047328084,9.932803148933663
478.525,15.321592047328084,9.555953127524802
478.55,14.773902765797514,9.798568732108679
478.575,14.773902765797514,9.869971937592593
478.6,12.061091830081208,9.78982995418757
478.625,10.549000326255698,9.41568807016307
478.65,10.549000326255698,10.066773209008351
478.675,10.549000326255698,9.431769640203816
478.7,14.090553048538128,9.465574364990609
478.725,14.090553048538128,9.72882200123368
478.75,12.521539808944253,9.782915766093844
478.775,12.521539808944253,9.815044859972684
478.8,10.93986608730525,9.808791699447342
478.825,10.93986608730525,9.216423825660799
478.85,11.934850429388211,9.816065373712773
478.875,8.508224595289736,9.85167949328009
478.9,8.508224595289736,9.877384314645589
478.925,8.508224595289736,9.827498031740301
478.95,11.840178651359254,9.74309073820382
478.975,11.840178651359254,9.678052910899485
479.0,14.49653730953787,9.5838172910101
479.025,14.49653730953787,9.854259057510609
479.05,10.511733064415584,9.53273911115839
479.075,10.511733064415584,9.847600614937166
479.1,8.116890900775383,9.773363674080171
479.125,11.001671336930828,9.647065510079749
479.15,11.001671336930828,8.930591633727799
479.175,11.001671336930828,10.02236413965228
479.2,11.115323675010092,9.863991380392333
479.225,11.115323675010092,9.81845461534088
479.25,10.783251533506297,9.886873577667323
479.275,10.783251533506297,9.812913509236923
479.3,10.434751907485808,9.846654365498317
479.325,10.434751907485808,9.526539053825134
479.35,11.694952851083809,9.85521484960106
479.375,11.779251098492372,9.419231698069236
479.4,11.779251098492372,9.844698851308706
479.425,11.779251098492372,9.793629001105309
479.45,11.114772417079216,9.742871835338761
479.475,11.114772417079216,9.74284386750122
479.5,12.183693041487253,9.793493326639133
479.525,12.183693041487253,9.850935868172032
479.55,13.648332261621016,9.825169190394952
479.575,13.648332261621016,9.754559795780487
479.6,13.953419720180587,9.954874823009215
479.625,13.347784414534388,9.523371607917632
479.65,13.347784414534388,9.785758727932203
479.675,13.347784414534388,9.755091987147873
479.7,13.361932781904327,9.776440422590738
479.725,13.361932781904327,9.902799296576756
479.75,13.260514990903529,9.890287934869223
479.775,13.260514990903529,9.734456248096253
479.8,17.60685517271203,9.844369026713117
479.825,17.60685517271203,9.679957701718216
479.85,12.41631678415362,9.893023843608978
479.875,10.973572478569205,9.800621381972451
479.9,10.973572478569205,9.765463146997217
479.925,10.973572478569205,9.807324490935764
479.95,9.0145522952858,9.847831544528438
479.975,9.0145522952858,9.853304347843482
480.0,9.818405574141524,9.816772237004297
480.025,9.818405574141524,9.8563023939022
480.05,11.045418385966364,9.830175904729927
480.075,11.045418385966364,9.872030754494526
480.1,11.47913763998226,9.736875949754213
480.125,9.643866956014284,9.854058963009896
480.15,9.643866956014284,9.381090697437855
480.175,9.643866956014284,9.806684389772144
480.2,12.29526830707187,9.782547016502726
480.225,12.29526830707187,9.254752237680083
480.25,9.414023630423806,9.700514871747664
480.275,9.414023630423806,9.77201733757785
480.3,16.2910685103305,9.845456208311438
480.325,16.2910685103305,9.086373055416571
480.35,14.836787895503512,8.89067127715014
480.375,19.52479028680844,9.833239122153879
480.4,19.52479028680844,9.61798036331511
480.425,19.52479028680844,9.844905117273374
480.45,19.54084608816509,9.565147743151279
480.475,19.54084608816509,9.818121724037972
480.5,27.6538715994705,9.804052493755307
480.525,27.6538715994705,9.829674983373778
480.55,28.671342951891464,9.887391266574873
480.575,28.671342951891464,9.827710204281253
480.6,26.963374462991933,9.830738720767224
480.625,26.97843601251415,9.731019906283414
480.65,26.97843601251415,9.824920457628668
480.675,26.97843601251415,9.675162799985614
480.7,31.3464412654072,9.824533823679573
480.725,31.3464412654072,9.77634272152186
480.75,28.43320280763576,9.483877881376776
480.775,28.43320280763576,9.772540479424125
480.8,30.588426339486897,9.744345847584414
480.825,30.588426339486897,9.507838998789246
480.85,27.181805226734724,9.757056633703128
480.875,23.713208854806883,9.82594994180688
480.9,23.713208854806883,9.939756328417248
480.925,23.713208854806883,9.692218393171277
480.95,25.11774053659001,9.876961864203013
480.975,25.11774053659001,9.663324168110215
481.0,20.98619333042911,9.818373629601485
481.025,20.98619333042911,9.68648179150184
481.05,19.394645335942325,9.803851093868902
481.075,19.394645335942325,9.75494792626715
481.1,20.714184518143405,9.818069908907763
481.125,23.191425405068745,9.811220540770142
481.15,23.191425405068745,9.777513737793424
481.175,23.191425405068745,9.747442565451294
481.2,18.25607285723283,9.746200519165804
481.225,18.25607285723283,9.816065373712773
481.25,14.863512387897282,9.749829334751768
481.275,14.863512387897282,9.825364272663066
481.3,11.285878763771152,9.805936514406534
481.325,11.285878763771152,9.698736286073357
481.35,13.099219831389554,9.80752309899968
481.375,11.468777559925242,9.759700940130214
481.4,11.468777559925242,9.7381791040779
481.425,11.468777559925242,9.783050327733285
481.45,8.15254429762208,9.787044130329825
481.475,8.15254429762208,9.879120764569837
481.5,5.682030212139652,9.816772237004297
481.525,5.682030212139652,9.799457820187763
481.55,8.79895234002933,9.60519673603904
481.575,8.79895234002933,9.841599721025796
481.6,6.969142110499873,9.778760769149962
481.625,11.366093602863886,9.810164660659282
481.65,11.366093602863886,9.04266706714019
481.675,11.366093602863886,9.75403988550907
481.7,11.335610664155864,9.75661908372109
481.725,11.335610664155864,9.846342490076836
481.75,13.29666220112828,9.760297903643723
481.775,13.29666220112828,9.51712588980577
481.8,14.629176734532953,9.817108264546741
481.825,14.629176734532953,9.816772237004297
481.85,13.738139319341563,9.762382174291194
481.875,11.298985678094027,9.816772237004297
481.9,11.298985678094027,9.821165257798596
481.925,11.298985678094027,9.817108264546741
481.95,11.418207185554328,9.69671120600701
481.975,11.418207185554328,9.556531403887602
482.0,12.449751386307492,9.597578035432003
482.025,12.449751386307492,9.728713475458651
482.05,14.170041093367209,9.751100247213296
482.075,14.170041093367209,9.841599721025796
482.1,15.724209525595969,9.73925758534052
482.125,19.75663167273921,9.604131986254021
482.15,19.75663167273921,9.721706255889778
482.175,19.75663167273921,9.740311696474924
482.2,20.54059525480786,9.686216695087953
482.225,20.54059525480786,9.791083335619833
482.25,21.409392027380715,9.815477976672629
482.275,21.409392027380715,9.837059142936608
482.3,18.258764390375184,9.830225183903643
482.325,18.258764390375184,9.726694407187962
482.35,20.631637327416577,9.816772237004297
482.375,20.516957362113487,9.816772237004297
482.4,20.516957362113487,12.727820097002079
482.425,20.516957362113487,9.899581219509898
482.45,20.22546111622865,8.843861568185122
482.475,20.22546111622865,9.816772237004297
482.5,17.40222964421033,9.80048861602773
482.525,17.40222964421033,9.960992110852347
482.55,14.701703513196511,9.768961422730515
482.575,14.701703513196511,9.780630249678193
482.6,7.51628883210289,9.58435085395401
482.625,9.164661329632592,9.750132391909107
482.65,9.164661329632592,9.791083335619833
482.675,9.164661329632592,9.478678355675669
482.7,7.368328805926982,9.836801311262093
482.725,7.368328805926982,9.816772237004297
482.75,5.346178504191793,10.00958633470532
482.775,5.346178504191793,9.113879357151538
482.8,5.50552611944712,9.498466084420281
482.825,5.50552611944712,9.315390172854343
482.85,3.776766779097515,9.696473915770351
482.875,4.147466570933614,9.832755551219623
482.9,4.147466570933614,9.793443716495323
482.925,4.147466570933614,8.902651147719533
482.95,2.2752474375760428,9.830929157269786
482.975,2.2752474375760428,9.737488894490617
483.0,2.0333129607704348,9.816772237004297
483.025,2.0333129607704348,9.816772237004297
483.05,2.7771783617599324,9.813333175936393
483.075,2.7771783617599324,9.561334490997508
483.1,3.982514832003064,9.746275696901277
483.125,4.800621972572183,9.898936015904814
483.15,4.800621972572183,9.738948240961712
483.175,4.800621972572183,9.754781728948792
483.2,5.664109930989587,9.081873544137272
483.225,5.664109930989587,9.763475128582105
483.25,3.290949955953311,9.74692346337706
483.275,3.290949955953311,9.746944724184797
483.3,3.835636080538838,9.407004019278963
483.325,3.835636080538838,9.848010569755374
483.35,5.756787409336737,9.709793558763211
483.375,9.079963827279927,9.785014446767093
483.4,9.079963827279927,9.201031665057162
483.425,9.079963827279927,9.343376718442205
483.45,9.914019373371104,9.811400655049066
483.475,9.914019373371104,9.561230649229703
483.5,11.48502742733864,9.646493560465123
483.525,11.48502742733864,9.697739658276257
483.55,10.129303696943134,9.814486201686714
483.575,10.129303696943134,9.660990844369506
483.6,11.59287838084109,9.816015718057276
483.625,11.95212509251311,9.816772237004297
483.65,11.95212509251311,9.826471809070988
483.675,11.95212509251311,9.76336943498813
483.7,8.476472524969882,9.84678946336763
483.725,8.476472524969882,9.871106618252417
483.75,10.200556105623845,9.497756209177048
483.775,10.200556105623845,9.365838399875484
483.8,9.842818370277676,9.654975086996387
483.825,9.842818370277676,9.786127551223775
483.85,11.26671686966143,9.389446580303378
483.875,12.36829673737751,9.851821368222756
483.9,12.36829673737751,9.66163841567139
483.925,12.36829673737751,9.596414308693326
483.95,13.225631144976957,9.813435284138997
483.975,13.225631144976957,9.795454946934694
484.0,14.025874109926336,9.62023710132665
484.025,14.025874109926336,9.831525424594913
484.05,13.661664071509948,9.734272426095606
484.075,13.661664071509948,9.635200268424875
484.1,12.465923956864687,9.675595763503368
484.125,14.51333178663596,9.87449814498769
484.15,14.51333178663596,9.848946129363682
484.175,14.51333178663596,9.447787519305145
484.2,12.3562557381679,9.507523595738071
484.225,12.3562557381679,9.802187633048465
484.25,11.32197379399068,9.734283668844904
484.275,11.32197379399068,9.173230679749125
484.3,10.968522535708695,9.77739078183783
484.325,10.968522535708695,9.631569332969852
484.35,11.648575452300957,8.988758551872863
484.375,14.793166339857065,9.637825862941249
484.4,14.793166339857065,9.841599721025796
484.425,14.793166339857065,9.813675600238302
484.45,11.40793269406229,9.908687596505631
484.475,11.40793269406229,9.736684540297388
484.5,10.53115342453427,9.747395157274243
484.525,10.53115342453427,9.803113666231953
484.55,11.806716796633932,9.672908150896435
484.575,11.806716796633932,9.593607229541462
484.6,10.600661821350212,9.841599721025796
484.625,12.051499967126304,9.801905870397436
484.65,12.051499967126304,9.64976616612044
484.675,12.051499967126304,9.709846057727379
484.7,10.16324542663116,10.086680492474878
484.725,10.16324542663116,9.840223031905929
484.75,11.123797667432704,9.770626902702992
484.775,11.123797667432704,9.947393164573556
484.8,14.916407122725168,9.817014602271989
484.825,14.916407122725168,9.839901813022431
484.85,21.9600811364534,9.39106549448156
484.875,21.08141281199361,9.758894706042483
484.9,21.08141281199361,9.694260285349836
484.925,21.08141281199361,9.796163932137507
484.95,23.11283739613196,9.709714509204916
484.975,23.11283739613196,10.003399286311092
485.0,22.02826354240221,9.797907220606398
485.025,22.02826354240221,10.322563626400738
485.05,23.23952569723663,9.741067146794189
485.075,23.23952569723663,9.840068817045566
485.1,23.637942732254476,9.824192937393123
485.125,21.87565888856468,9.32456866193237
485.15,21.87565888856468,9.816772237004297
485.175,21.87565888856468,9.824584962327629
485.2,19.71865328342921,9.567682766370098
485.225,19.71865328342921,9.816608899290111
485.25,16.370383319952108,9.851726915556549
485.275,16.370383319952108,9.848319375910433
485.3,17.76756035349192,9.694039732660409
485.325,17.76756035349192,9.763514055532378
485.35,16.261131387344705,9.732926352260682
485.375,14.886977914350586,9.730839950343317
485.4,14.886977914350586,9.094133567419801
485.425,14.886977914350586,9.826463369937988
485.45,17.229664312121816,9.849821014186356
485.475,17.229664312121816,9.6870578648874
485.5,19.92614964973835,9.815638557669208
485.525,19.92614964973835,9.712002263838576
485.55,20.12649088344268,9.842192604833134
485.575,20.12649088344268,9.9173509455641
485.6,20.801519997317136,9.676384506777785
485.625,17.79759049909657,9.738155379377535
485.65,17.79759049909657,9.82037396916092
485.675,17.79759049909657,9.65320890000789
485.7,14.77007460811082,9.795426300706545
485.725,14.77007460811082,9.758151550100534
485.75,18.280754782533563,9.808851099302563
485.775,18.280754782533563,9.648336749850655
485.8,19.612784756724768,9.562781230553458
485.825,19.612784756724768,9.799468112163122
485.85,16.17792229626672,9.708799967777706
485.875,15.836050010181616,9.92539092689479
485.9,15.836050010181616,9.851177349969563
485.925,15.836050010181616,9.778121054656689
485.95,17.042599444247223,9.764057600457049
485.975,17.042599444247223,9.79025745060191
486.0,18.354833193249497,9.640994129219298
486.025,18.354833193249497,9.810672473613925
486.05,17.177013943974274,9.636505069937419
486.075,17.177013943974274,9.711652664403164
486.1,16.07168093267603,9.726690697388717
486.125,12.840044085817896,9.62118548939345
486.15,12.840044085817896,9.836114552803217
486.175,12.840044085817896,9.148989426939202
486.2,13.416277645722388,9.768982552858962
486.225,13.416277645722388,9.702649362262626
486.25,15.928415002712644,9.771635757995936
486.275,15.928415002712644,10.115455955738595
486.3,14.418754498128743,9.548199888130439
486.325,14.418754498128743,9.826270540358445
486.35,16.754755230207174,9.813590750094866
486.375,13.370996302737831,9.821690877940828
486.4,13.370996302737831,9.830331298576127
486.425,13.370996302737831,9.834536957848844
486.45,13.15374464202944,9.809935748751336
486.475,13.15374464202944,9.769076144116205
486.5,17.720473861833963,9.302405558584656
486.525,17.720473861833963,9.759787353295089
486.55,18.13962449107436,9.729217245428634
486.575,18.13962449107436,8.994236553293728
486.6,16.15096922910994,9.838656355518507
486.625,14.345002626690183,9.862782407652993
486.65,14.345002626690183,9.555225621953706
486.675,14.345002626690183,9.751879426438268
486.7,13.08987839081906,9.74861640799598
486.725,13.08987839081906,9.991570909904278
486.75,11.762610047751751,9.76643864329311
486.775,11.762610047751751,9.829674983373778
486.8,14.321813936233848,9.670978260908674
486.825,14.321813936233848,9.344674926301124
486.85,14.877181364523484,9.87426205459015
486.875,13.183329104566235,9.829063934634119
486.9,13.183329104566235,9.795426300706545
486.925,13.183329104566235,9.781755015273387
486.95,14.736385307862076,9.541876947317466
486.975,14.736385307862076,9.689190134974945
487.0,10.553372901246805,9.829674983373778
487.025,10.553372901246805,9.81308730843013
487.05,9.606052340284217,9.829804785685797
487.075,9.606052340284217,9.816772237004297
487.1,7.388928598717369,9.771060186747688
487.125,7.030746675853825,9.860482258913843
487.15,7.030746675853825,9.757414011176664
487.175,7.030746675853825,9.667509494405381
487.2,5.769553828202545,9.77803511900575
487.225,5.769553828202545,9.789256528961799
487.25,6.27953216361486,9.799024652991237
487.275,6.27953216361486,9.794129841541013
487.3,9.472057711573228,9.870185563112225
487.325,9.472057711573228,9.78017822973742
487.35,11.622884089268323,9.777674253629577
487.375,14.742213661161788,9.677951438829417
487.4,14.742213661161788,8.903964264678342
487.425,14.742213661161788,9.818454830414597
487.45,9.95182616059657,9.627881461449043
487.475,9.95182616059657,9.817477068901807
487.5,13.788933490918506,9.813591303159239
487.525,13.788933490918506,9.36889119823239
487.55,15.713079967705871,9.765541610174553
487.575,15.713079967705871,9.856466723493796
487.6,16.537377474962394,9.747547263478848
487.625,16.7992476607674,9.808201306473977
487.65,16.7992476607674,9.732626457526754
487.675,16.7992476607674,9.826667324996597
487.7,17.383881340041157,8.865740100163691
487.725,17.383881340041157,9.717998584209472
487.75,19.68270925697683,8.466898298602292
487.775,19.68270925697683,9.806279145403657
487.8,19.025105634914457,9.861637821254158
487.825,19.025105634914457,9.828495011450334
487.85,19.38873799365023,9.844333636613058
487.875,14.558044848666167,9.759214455634963
487.9,14.558044848666167,9.740977654728708
487.925,14.558044848666167,9.687770551350425
487.95,16.461614568641185,10.021146940932383
487.975,16.461614568641185,9.568531075381618
488.0,16.030846765086,9.644082666210288
488.025,16.030846765086,9.570311699557015
488.05,17.012402969563283,9.762071715597965
488.075,17.012402969563283,9.81168546160464
488.1,18.638715840554894,9.661379661329176
488.125,18.792811661140856,9.618294756979694
488.15,18.792811661140856,9.62452433035925
488.175,18.792811661140856,9.816816858976647
488.2,17.273225661684688,9.838034742194097
488.225,17.273225661684688,9.844328947881174
488.25,17.97652975930589,9.743513611534254
488.275,17.97652975930589,9.702899803619504
488.3,18.44574810030526,9.895416486228175
488.325,18.44574810030526,9.703720793416899
488.35,15.890015524640573,9.739453735200073
488.375,11.293013143953154,9.765902315597858
488.4,11.293013143953154,9.4368463573734
488.425,11.293013143953154,9.954894863723576
488.45,13.165776594576336,9.643932772889789
488.475,13.165776594576336,9.87398024856368
488.5,9.65209832323657,9.480005102597843
488.525,9.65209832323657,9.963821759827546
488.55,7.544116802429653,9.739112123991845
488.575,7.544116802429653,9.828438954982454
488.6,11.37527109909911,9.802601637411849
488.625,10.867085991793642,9.838667565386988
488.65,10.867085991793642,9.627806600821508
488.675,10.867085991793642,9.820781873155996
488.7,11.90396882951006,9.885552532253806
488.725,11.90396882951006,9.772045889695557
488.75,13.698092177061188,9.816772237004297
488.775,13.698092177061188,9.763677052578688
488.8,11.647641039136092,9.80248562375097
488.825,11.647641039136092,9.862412856802052
488.85,6.741651335155804,9.837116872948029
488.875,6.530538742748479,9.853308647527534
488.9,6.530538742748479,9.695529780822316
488.925,6.530538742748479,9.851983803769729
488.95,7.554408779186649,9.870873782419233
488.975,7.554408779186649,9.781029374067671
489.0,6.46175766438996,9.7187649693163
489.025,6.46175766438996,9.813900670434055
489.05,9.595641706060968,9.824230421661433
489.075,9.595641706060968,9.858488019769846
489.1,9.71901499625348,9.902527425203132
489.125,6.76781144045106,9.820637646495877
489.15,6.76781144045106,9.809281956100106
489.175,6.76781144045106,9.653338394602054
489.2,7.79336256105419,9.789976573302397
489.225,7.79336256105419,9.789325624894213
489.25,8.316197254505774,9.994038159077153
489.275,8.316197254505774,9.610413733524933
489.3,8.272096913191316,9.825610656436124
489.325,8.272096913191316,9.893434757198534
489.35,9.414251263235473,9.792531339099435
489.375,11.261742926907669,9.77134229843836
489.4,11.261742926907669,9.760302876800322
489.425,11.261742926907669,9.852341815926
489.45,14.645618237097798,9.86941659988924
489.475,14.645618237097798,9.560203730247089
489.5,13.956924365118548,9.693539966138921
489.525,13.956924365118548,9.25775697036837
489.55,12.9422211124313,9.772010048911152
489.575,12.9422211124313,9.905471679903602
489.6,16.24709344581717,9.825312063899833
489.625,19.00179218453542,9.809051665764086
489.65,19.00179218453542,9.834350609939913
489.675,19.00179218453542,9.94438328723137
489.7,19.782467207936325,9.826500110330619
489.725,19.782467207936325,9.20908062676916
489.75,22.259105705067917,9.959901297583679
489.775,22.259105705067917,9.697940813205724
489.8,24.57073799990996,9.88574775771002
489.825,24.57073799990996,9.872095972963834
489.85,21.509527105225946,9.850893315537922
489.875,17.037208103796274,9.776135566102209
489.9,17.037208103796274,9.894238713146994
489.925,17.037208103796274,9.879090539867947
489.95,17.00304285846699,9.795264790267659
489.975,17.00304285846699,9.788331806636482
490.0,17.23458252097758,9.604739967784125
490.025,17.23458252097758,9.54419565591742
490.05,15.734597744995394,10.243438952263594
490.075,15.734597744995394,9.866158716129581
490.1,16.726867016371624,9.124169730822588
490.125,18.64623226500822,9.718658178673484
490.15,18.64623226500822,9.662055282656535
490.175,18.64623226500822,9.536124678256828
490.2,17.223357497938686,9.9534396854338
490.225,17.223357497938686,9.569368456412258
490.25,19.898132688514817,10.053030161064354
490.275,19.898132688514817,9.812010461134234
490.3,21.88945281439825,9.771397314977222
490.325,21.88945281439825,9.854685689819139
490.35,17.095580480367264,9.90420285092951
490.375,15.60546902889972,9.832005662716453
490.4,15.60546902889972,9.894093428190647
490.425,15.60546902889972,9.998043709086588
490.45,12.368481206738275,9.769692822387885
490.475,12.368481206738275,9.431803262368524
490.5,14.850916218909113,9.820309573147952
490.525,14.850916218909113,9.737772681048844
490.55,10.800929120457369,9.462017423498676
490.575,10.800929120457369,9.211090409542969
490.6,9.997728886414109,9.428701428694895
490.625,9.912776456085089,9.609279065774421
490.65,9.912776456085089,9.726557939075082
490.675,9.912776456085089,9.609222922530083
490.7,11.440371083848172,9.270803726038276
490.725,11.440371083848172,9.857719389838111
490.75,6.95846426364729,9.739343432755765
490.775,6.95846426364729,9.908226901045824
490.8,6.291816965602084,9.7357512448938
490.825,6.291816965602084,9.667257634707955
490.85,6.420145634184213,9.780028049434032
490.875,8.297818345650269,9.876450514296216
490.9,8.297818345650269,9.95189872709639
490.925,8.297818345650269,9.518546478089222
490.95,8.461614348538056,9.490508715293323
490.975,8.461614348538056,9.642881485128775
491.0,12.415781598376048,9.818422615069407
491.025,12.415781598376048,9.67986137968842
491.05,14.780833774353702,10.141087072984941
491.075,14.780833774353702,9.764469820042343
491.1,13.0116264143149,9.81802909869387
491.125,10.83783980056462,9.772967480939581
491.15,10.83783980056462,9.760143162778727
491.175,10.83783980056462,9.733919815015179
491.2,9.33273187566726,9.688612309930516
491.225,9.33273187566726,9.79469638043682
491.25,8.89587799758117,9.92966817512734
491.275,8.89587799758117,9.723052891616742
491.3,5.478985836966043,9.735859892470787
491.325,5.478985836966043,9.826471809070988
491.35,3.803222723668835,9.086445507048504
491.375,6.639960260286072,9.836466334806591
491.4,6.639960260286072,9.667846849041332
491.425,6.639960260286072,9.786439496308791
491.45,7.2893619711598525,9.820324980497354
491.475,7.2893619711598525,9.596908382150737
491.5,10.16440618753867,9.78935663047674
491.525,10.16440618753867,9.39791584311649
491.55,9.986026417518508,9.461103682114599
491.575,9.986026417518508,9.763281735157811
491.6,12.655842012806168,9.81979592687204
491.625,9.739544181399989,9.72535909531227
491.65,9.739544181399989,9.795001637921791
491.675,9.739544181399989,9.704258470888774
491.7,8.332595186537453,9.728608318834876
491.725,8.332595186537453,9.834251335400376
491.75,7.971483085633575,9.457908930681043
491.775,7.971483085633575,9.791376157111019
491.8,7.804698787064343,9.832817246267084
491.825,7.804698787064343,9.924272258993078
491.85,8.170986359131751,9.788140209338554
491.875,8.99100081229056,9.447528503052848
491.9,8.99100081229056,9.810548289912054
491.925,8.99100081229056,9.873818293572004
491.95,13.372512723161584,9.722734846031
491.975,13.372512723161584,9.746619484468281
492.0,11.879182727069944,9.916645141356941
492.025,11.879182727069944,9.939392505542095
492.05,9.603548224855048,9.672729533280926
492.075,9.603548224855048,9.68180753359401
492.1,9.243916066722534,9.80708197281082
492.125,6.259067206641945,9.74473156321822
492.15,6.259067206641945,9.75607454109025
492.175,6.259067206641945,9.767020149537041
492.2,5.152921850961366,9.773674038796038
492.225,5.152921850961366,9.702294330978454
492.25,7.041535141297282,9.62982562975224
492.275,7.041535141297282,9.734313083489896
492.3,5.849035180473101,9.874648481411729
492.325,5.849035180473101,9.712739928133338
492.35,5.353042740310977,9.773333560322566
492.375,5.879871853784983,9.705537778631527
492.4,5.879871853784983,9.715118774995158
492.425,5.879871853784983,9.471493552861435
492.45,6.173369002658986,9.831807092662263
492.475,6.173369002658986,9.558156431495641
492.5,4.232248193011639,9.730872927095847
492.525,4.232248193011639,9.767046334195056
492.55,2.787691214244744,9.76743954599657
492.575,2.787691214244744,9.87729141048583
492.6,2.5334529546242464,9.947250934570475
492.625,3.5327097763087245,9.755820416954002
492.65,3.5327097763087245,9.39794976420011
492.675,3.5327097763087245,9.784007214749487
492.7,4.345903578668366,9.743321305099009
492.725,4.345903578668366,9.740994285783083
492.75,4.177555246720436,9.776873258885802
492.775,4.177555246720436,9.694161752315406
492.8,4.272944699677396,7.893460042246971
492.825,4.272944699677396,9.730557906780462
492.85,3.0949095785889664,9.68337842577097
492.875,3.477292694549891,9.794538011780112
492.9,3.477292694549891,9.84395752454019
492.925,3.477292694549891,9.627894590653444
492.95,3.124786867346218,9.66492692298019
492.975,3.124786867346218,9.759090008713923
493.0,3.0476119889672497,9.824194322058844
493.025,3.0476119889672497,9.845609110730349
493.05,3.1600552813707488,9.79650671041177
493.075,3.1600552813707488,9.831851720432669
493.1,5.736373406057842,7.853012100506067
493.125,6.7163851522659614,9.509072056265625
493.15,6.7163851522659614,9.90097915944202
493.175,6.7163851522659614,9.72029384075915
493.2,7.333486846080048,9.58163947487607
493.225,7.333486846080048,9.7410853911699
493.25,8.889911469745446,10.008159082807255
493.275,8.889911469745446,9.589275022326703
493.3,11.253902204190942,9.831942646137254
493.325,11.253902204190942,9.865751194176074
493.35,15.000029685708247,9.758597892596832
493.375,14.493443156611711,9.87213534097025
493.4,14.493443156611711,9.31043872340482
493.425,14.493443156611711,9.772285414214702
493.45,15.197521001160949,10.080375743430784
493.475,15.197521001160949,9.818637680883606
493.5,10.798574018327184,9.71125201736951
493.525,10.798574018327184,9.768228142497893
493.55,11.622313831652113,9.323944184739123
493.575,11.622313831652113,9.7175727778681
493.6,10.18243242393158,9.507788473051988
493.625,9.40317162655648,9.92105644616055
493.65,9.40317162655648,9.803147942578283
493.675,9.40317162655648,9.591261183119263
493.7,8.63599720545456,9.716194241874367
493.725,8.63599720545456,9.4460284566296
493.75,7.475238933922316,9.64204482558181
493.775,7.475238933922316,9.663179845716025
493.8,5.754541627423894,9.760919757397394
493.825,5.754541627423894,9.350394091197673
493.85,9.734181343670512,9.70120362834607
493.875,8.247766829986142,9.44150962024455
493.9,8.247766829986142,9.90081197940153
493.925,8.247766829986142,9.664150351737629
493.95,5.696075390254,9.32443373604927
493.975,5.696075390254,9.700158496237396
494.0,3.99027790930959,9.575676435672486
494.025,3.99027790930959,9.673919046023201
494.05,6.015994848759634,10.020333922502802
494.075,6.015994848759634,9.3358257509417
494.1,5.891503800792167,9.384165417609715
494.125,5.125135769562615,9.720425691362442
494.15,5.125135769562615,9.724127711615544
494.175,5.125135769562615,9.858066772182921
494.2,5.451255163405011,9.60718241795437
494.225,5.451255163405011,9.738758570196833
494.25,7.218106837120171,9.83356552963503
494.275,7.218106837120171,9.699918121165586
494.3,10.80055465738928,9.758351941292961
494.325,10.80055465738928,8.95317601470377
494.35,10.922511002585926,9.872207213255114
494.375,13.07803997379598,9.751522488523948
494.4,13.07803997379598,9.515312184097498
494.425,13.07803997379598,9.392192172804037
494.45,12.682814023008063,9.309514998334139
494.475,12.682814023008063,9.177935854899397
494.5,14.087640541657468,9.698223955299769
494.525,14.087640541657468,9.711154933807075
494.55,12.04027480045044,9.673825833508467
494.575,12.04027480045044,9.529832190855258
494.6,16.12160679406103,9.084348731650788
494.625,16.164793198194587,9.5985720848492
494.65,16.164793198194587,9.466241026357743
494.675,16.164793198194587,9.311330823715362
494.7,14.47732572354638,9.792112604043743
494.725,14.47732572354638,9.645917400532568
494.75,12.899259227464434,9.935428079371482
494.775,12.899259227464434,10.061104440887043
494.8,15.15683016067828,9.694676931032765
494.825,15.15683016067828,9.650781528599182
494.85,17.438410064993224,9.5771336974878
494.875,14.968200425858647,9.642891811169068
494.9,14.968200425858647,9.619643353183909
494.925,14.968200425858647,9.42529389635623
494.95,13.135997608773051,9.40369163845301
494.975,13.135997608773051,9.602685178501712
495.0,11.377285183188464,9.522684744192667
495.025,11.377285183188464,9.542218738161354
495.05,11.04378739456005,9.596672928747303
495.075,11.04378739456005,9.42866541831079
495.1,6.618896390886178,9.448572923947564
495.125,5.095221438315988,10.097565845476641
495.15,5.095221438315988,9.686814373823392
495.175,5.095221438315988,9.571650597498286
495.2,5.434912658375429,9.667849627597334
495.225,5.434912658375429,9.31634158268457
495.25,4.846978134183108,9.49086535248787
495.275,4.846978134183108,9.704379063124609
495.3,6.075031924644596,8.760180025391264
495.325,6.075031924644596,9.039599440607233
495.35,3.1471817827015363,9.654063526005116
495.375,1.4003368402416436,9.914050250334727
495.4,1.4003368402416436,9.372343890506585
495.425,1.4003368402416436,9.266795830974239
495.45,1.005125381513763,9.533269992572825
495.475,1.005125381513763,9.437679027467942
495.5,2.191421677318852,9.524532591741517
495.525,2.191421677318852,9.896698222251192
495.55,2.1325887380410533,9.799573041827264
495.575,2.1325887380410533,9.846708012841907
495.6,1.5188210893581562,9.468768155739367
495.625,1.8479829660459783,9.755838331705368
495.65,1.8479829660459783,9.63057973562207
495.675,1.8479829660459783,9.524746226025556
495.7,2.244618246179424,9.477986722388293
495.725,2.244618246179424,9.589119913286979
495.75,3.5507780649832825,9.56377844274521
495.775,3.5507780649832825,9.304052831861412
495.8,6.8897947952796725,9.572218320298672
495.825,6.8897947952796725,9.576674127875275
495.85,4.41937100925007,9.702887290273381
495.875,5.955712807626584,9.771903512044709
495.9,5.955712807626584,9.358445996402478
495.925,5.955712807626584,9.111975196462145
495.95,8.116606857408087,9.618500205304091
495.975,8.116606857408087,9.957950317496335
496.0,5.627406622708516,9.605491740823746
496.025,5.627406622708516,9.923271231469073
496.05,6.354942289366206,9.568252808344816
496.075,6.354942289366206,7.8175722363525715
496.1,4.602113229138725,9.657035574553088
496.125,4.494486226001734,9.695144227212321
496.15,4.494486226001734,9.672951699372696
496.175,4.494486226001734,8.952857184799766
496.2,3.921186175805477,9.416905360261199
496.225,3.921186175805477,9.968634488083834
496.25,1.6575573047217045,9.08136930070624
496.275,1.6575573047217045,9.679672313322614
496.3,1.1521437147384077,9.816584112490052
496.325,1.1521437147384077,9.820413294617632
496.35,1.3636243450224987,9.764387854382349
496.375,3.1412306219324035,9.807259184011889
496.4,3.1412306219324035,9.67888213940073
496.425,3.1412306219324035,9.527951694855064
496.45,2.60066745299443,9.783287052020798
496.475,2.60066745299443,9.471552910753523
496.5,3.2948657016713847,9.52460890385362
496.525,3.2948657016713847,10.308819484594927
496.55,4.888625721782921,9.751566456328646
496.575,4.888625721782921,9.56522477766633
496.6,6.302891970296659,9.721015304986592
496.625,3.1281213561621475,9.73040473151622
496.65,3.1281213561621475,9.944006175532035
496.675,3.1281213561621475,9.709902764964777
496.7,3.1418747192355903,9.457967065625832
496.725,3.1418747192355903,9.678282926836001
496.75,3.0748427311039888,9.484598214362212
496.775,3.0748427311039888,9.645017927124126
496.8,3.1444663412376124,9.633600865130596
496.825,3.1444663412376124,9.67893899590636
496.85,4.39243889339527,8.76266850932243
496.875,5.478342676622048,9.777321536187126
496.9,5.478342676622048,9.883939099602465
496.925,5.478342676622048,9.537003172884216
496.95,6.164764289478811,9.779610545580148
496.975,6.164764289478811,9.706323148274764
497.0,3.5314633192309963,9.918434988678085
497.025,3.5314633192309963,8.94721081909011
497.05,4.154022383894548,9.275790711892602
497.075,4.154022383894548,9.638327957876355
497.1,4.820579949311132,9.502609787300901
497.125,8.005613402412354,9.522809124575637
497.15,8.005613402412354,10.170182157927428
497.175,8.005613402412354,9.613152648244936
497.2,8.17796271250075,9.727464049853529
497.225,8.17796271250075,9.360017166763777
497.25,10.678465204119275,9.80942101354604
497.275,10.678465204119275,9.284101919222314
497.3,8.961543761531308,9.684384781575332
497.325,8.961543761531308,9.639155686426289
497.35,9.1382274695644,9.59347132099533
497.375,6.981357599063383,9.406790417126075
497.4,6.981357599063383,9.904437434738057
497.425,6.981357599063383,9.770331392139225
497.45,6.358871434326272,9.224098159199464
497.475,6.358871434326272,9.683188539955722
497.5,7.782971885719959,9.70759343418926
497.525,7.782971885719959,9.679527588174537
497.55,10.509276055512665,8.836541073897717
497.575,10.509276055512665,9.69562989949082
497.6,11.13048148036482,9.814210400004821
497.625,11.11356413974947,9.864008518538402
497.65,11.11356413974947,9.448110389988669
497.675,11.11356413974947,9.632261133574463
497.7,15.291476926234925,9.633942043202932
497.725,15.291476926234925,9.735211804567975
497.75,16.01279212165045,9.494111933210434
497.775,16.01279212165045,9.224986409939373
497.8,14.176879415417725,9.875293454874495
497.825,14.176879415417725,9.54118216151976
497.85,11.621023606827078,9.621762849073182
497.875,15.497337742501823,9.8740996724898
497.9,15.497337742501823,9.131546855807908
497.925,15.497337742501823,9.857528295910903
497.95,16.042585272975746,9.927482455392441
497.975,16.042585272975746,8.613084486287446
498.0,15.153695823193832,9.66579967772679
498.025,15.153695823193832,9.739511304722885
498.05,15.844789474778764,9.706099042581787
498.075,15.844789474778764,9.973467611416098
498.1,12.139562116862187,9.795745389317243
498.125,9.625180473309522,9.63240794830641
498.15,9.625180473309522,9.78698190249367
498.175,9.625180473309522,9.579490741333894
498.2,13.21063246014384,9.601783554645994
498.225,13.21063246014384,9.6647881823158
498.25,9.881875446796313,9.519099483818556
498.275,9.881875446796313,9.87839497926322
498.3,8.771428118692373,9.856848060927847
498.325,8.771428118692373,9.545003993797636
498.35,10.599064716403918,9.735015383772327
498.375,10.504074123432424,9.730679418429391
498.4,10.504074123432424,9.390688157305783
498.425,10.504074123432424,9.515400641563744
498.45,9.538203474612388,9.384206985744209
498.475,9.538203474612388,9.954848891853965
498.5,7.965943370768057,9.885213453703441
498.525,7.965943370768057,9.655202292744084
498.55,8.311598658479273,10.14700165564479
498.575,8.311598658479273,9.990639744149743
498.6,7.472004904995394,9.63744995219315
498.625,8.555501095981915,9.83603611073555
498.65,8.555501095981915,9.567565800016812
498.675,8.555501095981915,9.678128309999018
498.7,5.684854603998755,9.494089383445258
498.725,5.684854603998755,8.592309130073568
498.75,3.965168267275806,9.489801482035443
498.775,3.965168267275806,9.935487078348766
498.8,4.243902959148183,9.556207352091919
498.825,4.243902959148183,9.809743628656852
498.85,5.891096742309228,9.583386102176574
498.875,6.563746610826807,9.685870791721248
498.9,6.563746610826807,9.738249695944868
498.925,6.563746610826807,9.416466439370192
498.95,7.336268685957816,9.606417009502863
498.975,7.336268685957816,9.70274578844791
499.0,3.751396274800928,9.779680766069188
499.025,3.751396274800928,9.705556152226922
499.05,4.785710152939906,9.480138722536946
499.075,4.785710152939906,9.954908823507674
499.1,5.587345142716498,9.27883503741312
499.125,3.8278404275438938,9.800734859181249
499.15,3.8278404275438938,9.942383788130597
499.175,3.8278404275438938,9.68317909203898
499.2,4.590203937307543,10.001175928197858
499.225,4.590203937307543,10.037228386224285
499.25,2.7157333994804307,9.585675195393655
499.275,2.7157333994804307,10.161701256137874
499.3,3.8596232994842414,9.797371783741449
499.325,3.8596232994842414,9.563304800333576
499.35,3.438929684913355,9.51323432391027
499.375,2.357307606037061,9.895394546775094
499.4,2.357307606037061,9.195448085737295
499.425,2.357307606037061,9.742712176142563
499.45,3.4745659277305,9.634227706934904
499.475,3.4745659277305,10.120557135530554
499.5,1.645675468845569,9.493675751633498
499.525,1.645675468845569,9.51252813633417
499.55,2.4520834374407405,9.868897575519206
499.575,2.4520834374407405,9.509034104285005
499.6,3.19503238385213,9.75005435963058
499.625,3.2089911947956296,9.839334509470195
499.65,3.2089911947956296,9.81248388199532
499.675,3.2089911947956296,9.756617005892465
499.7,4.404461259369902,9.670871034494029
499.725,4.404461259369902,9.91577860686145
499.75,5.618063193757697,9.554605542629176
499.775,5.618063193757697,9.940458516015239
499.8,8.699089197003612,9.722156481951439
499.825,8.699089197003612,9.707749617993855
499.85,8.580531776029195,8.639954426763998
499.875,8.709171826998531,8.791884138150238
499.9,8.709171826998531,9.762771909746446
499.925,8.709171826998531,9.794696793604537
499.95,7.8560551182173475,9.631803486963669
499.975,7.8560551182173475,9.701314110111994
500.0,8.934974827120449,9.901913688251772
500.025,8.934974827120449,9.857347367364115
500.05,8.79038745630397,9.702106031856538
500.075,8.79038745630397,9.717021802245977
500.1,8.164526310091981,9.644201736213368
500.125,7.117934210948979,9.424824323156374
500.15,7.117934210948979,9.812458289364688
500.175,7.117934210948979,9.603630132192041
500.2,7.810554633215066,9.565612990173701
500.225,7.810554633215066,9.133343380921845
500.25,5.668913796900452,9.734984825486636
500.275,5.668913796900452,9.719299359187557
500.3,3.5373665178241485,9.873837966712301
500.325,3.5373665178241485,9.757005281875278
500.35,5.724562166068867,9.766332273866158
500.375,4.146576918765189,9.808391081840263
500.4,4.146576918765189,9.62378772357681
500.425,4.146576918765189,9.952225275586898
500.45,4.082877809049254,9.796422796883139
500.475,4.082877809049254,9.827545187466447
500.5,3.4923681132756,7.572167850344243
500.525,3.4923681132756,9.66609072181009
500.55,2.5672775057480903,9.451743579688362
500.575,2.5672775057480903,9.899227556704332
500.6,2.385723933410834,9.980483565265486
500.625,2.5300319016589627,9.905463748071508
500.65,2.5300319016589627,9.740058406161774
500.675,2.5300319016589627,9.271076401150555
500.7,1.58275894698162,9.463524737883265
500.725,1.58275894698162,9.736099889019863
500.75,1.6013632089527077,9.123693675280279
500.775,1.6013632089527077,9.5641584977182
500.8,2.4451211162356605,9.718555501640685
500.825,2.4451211162356605,9.761635849387686
500.85,2.562702893224567,9.718164410251795
500.875,4.20624166371918,9.891988647775184
500.9,4.20624166371918,9.236547271492233
500.925,4.20624166371918,9.899974798829868
500.95,3.958875889254784,9.711681157010492
500.975,3.958875889254784,9.67317719908346
501.0,8.017454723936513,9.605611391313754
501.025,8.017454723936513,9.552970782359559
501.05,13.474141441971843,9.991322945655172
501.075,13.474141441971843,9.192235714468836
501.1,10.789209797681908,9.68419942809799
501.125,5.739008183770256,10.01599216860442
501.15,5.739008183770256,9.763956318590278
501.175,5.739008183770256,9.695385363983526
501.2,8.06245050362189,9.978297637223527
501.225,8.06245050362189,9.420597612502995
501.25,5.98040281602258,9.93954090819799
501.275,5.98040281602258,9.690372777913389
501.3,3.1691705312356224,9.866885635489453
501.325,3.1691705312356224,9.757481870279692
501.35,4.96360349345676,9.1890978889539
501.375,4.134115498947343,9.867304597183002
501.4,4.134115498947343,9.508547012418049
501.425,4.134115498947343,9.8618418701665
501.45,3.8261382007175526,10.001471206551848
501.475,3.8261382007175526,9.799723445098692
501.5,2.709253196290297,9.910585148623351
501.525,2.709253196290297,9.477308037921613
501.55,3.15213485355188,9.353108062685633
501.575,3.15213485355188,9.526943930829528
501.6,3.25261007762694,9.652451670645332
501.625,3.0441568599679663,9.999158714611994
501.65,3.0441568599679663,9.716967981896484
501.675,3.0441568599679663,9.720305837804556
501.7,2.673505535111476,9.669925525935401
501.725,2.673505535111476,9.72647708614903
501.75,3.937671034480752,9.939744431052647
501.775,3.937671034480752,9.515919800944419
501.8,2.482452886798716,10.120958334870293
501.825,2.482452886798716,10.41343878478205
501.85,3.0922385085931423,9.55810275987654
501.875,2.03523986905942,9.665774990561214
501.9,2.03523986905942,10.09337348404185
501.925,2.03523986905942,9.885101769548294
501.95,2.8082725064449017,8.419970626133807
501.975,2.8082725064449017,9.75859804115903
502.0,3.038057132992688,9.42771860925411
502.025,3.038057132992688,9.778494998431349
502.05,3.0512492400375693,9.625594149110157
502.075,3.0512492400375693,9.754730807481582
502.1,4.773943319151407,9.946610438313815
502.125,3.4491858963526214,9.568343000780825
502.15,3.4491858963526214,9.79207494197409
502.175,3.4491858963526214,9.63574230707369
502.2,2.82432554009444,9.84825202735398
502.225,2.82432554009444,9.429892074039028
502.25,3.819046409079693,9.680038962125279
502.275,3.819046409079693,9.820800026124523
502.3,4.617830529451007,9.65189766784193
502.325,4.617830529451007,9.51789524290024
502.35,4.173953380216001,9.649082973643255
502.375,4.378627830369369,9.855141589388344
502.4,4.378627830369369,9.506052817392149
502.425,4.378627830369369,9.688138230874095
502.45,7.005096432140797,9.702470240180777
502.475,7.005096432140797,9.635017086443142
502.5,3.805057691696717,9.559958999743285
502.525,3.805057691696717,9.903730738407013
502.55,4.313700954590134,9.435250491090214
502.575,4.313700954590134,10.245663086935657
502.6,4.9616268220356,9.272389830126617
502.625,7.137631500986892,9.844084198658758
502.65,7.137631500986892,9.533754920055927
502.675,7.137631500986892,9.642703146927607
502.7,9.43322769350604,10.102239271979958
502.725,9.43322769350604,9.567459206811664
502.75,7.942050685299601,9.018629688658338
502.775,7.942050685299601,9.718090742310062
502.8,8.450844102036656,9.588781795059411
502.825,8.450844102036656,9.653390530532231
502.85,8.62201503140927,9.076548374167185
502.875,6.675249689720717,9.850621275135152
502.9,6.675249689720717,10.117354421516996
502.925,6.675249689720717,9.56902043263817
502.95,8.505423399453319,9.730324705805375
502.975,8.505423399453319,8.985116201033332
503.0,6.5230969981572455,9.759637560722872
503.025,6.5230969981572455,9.592787841097673
503.05,4.699119589354015,10.005166727323381
503.075,4.699119589354015,9.980108841633575
503.1,5.233406745718943,9.778832476868109
503.125,6.413905056039902,9.745379121783696
503.15,6.413905056039902,9.517362012252828
503.175,6.413905056039902,9.63056872672842
503.2,6.816680462584021,9.525888079001026
503.225,6.816680462584021,8.960468612936129
503.25,8.879228191833867,9.4352517946031
503.275,8.879228191833867,9.890416920724942
503.3,13.332155698130848,10.164983947367354
503.325,13.332155698130848,9.879925918831184
503.35,13.981288268048976,9.917078425817861
503.375,15.503264193101032,9.685705173995764
503.4,15.503264193101032,9.789481235409358
503.425,15.503264193101032,10.110287425880287
503.45,18.517790472394672,9.876259378455739
503.475,18.517790472394672,9.824412113192833
503.5,20.204146938760765,9.26146042624297
503.525,20.204146938760765,9.58464519719461
503.55,19.38792430054949,9.991998188606368
503.575,19.38792430054949,10.137329038554457
503.6,23.085934833268063,10.096234505048303
503.625,19.317339055673987,9.721760663140538
503.65,19.317339055673987,9.80551253930272
503.675,19.317339055673987,10.09118996992429
503.7,20.64363708253449,9.584789136274875
503.725,20.64363708253449,10.053996498433623
503.75,19.798142461888496,9.561270254648331
503.775,19.798142461888496,9.993755353053853
503.8,14.521643452554487,9.385077296660441
503.825,14.521643452554487,9.885111124024512
503.85,11.817942354368208,9.882244327045756
503.875,10.06395334082003,9.640353824507743
503.9,10.06395334082003,9.984503714213666
503.925,10.06395334082003,9.870105211609333
503.95,8.507076092731511,9.63804102786344
503.975,8.507076092731511,10.082213231796084
504.0,10.358570825988128,9.881879176072387
504.025,10.358570825988128,9.880255287298287
504.05,12.452190879758335,9.24468587668965
504.075,12.452190879758335,9.763918276661924
504.1,14.502810794470015,9.763268333667366
504.125,8.667688415841422,10.046750173345048
504.15,8.667688415841422,9.941164295899762
504.175,8.667688415841422,9.62985072694672
504.2,9.10455735489212,9.83060066918315
504.225,9.10455735489212,9.77312797136814
504.25,6.974701144599771,9.735410667881023
504.275,6.974701144599771,9.392477427104074
504.3,7.1621563140651,9.861906988789126
504.325,7.1621563140651,9.463866237692674
504.35,8.986799493101874,9.684504046617825
504.375,12.09480439722909,9.741928692607662
504.4,12.09480439722909,9.910550513616188
504.425,12.09480439722909,9.952141496531572
504.45,10.970902088789927,9.378054600279535
504.475,10.970902088789927,10.025177023083689
504.5,9.636663718728546,9.970380930728707
504.525,9.636663718728546,10.126336910466517
504.55,6.725134030806602,9.435730031239734
504.575,6.725134030806602,9.73126545604326
504.6,8.883181211267242,9.74733147690119
504.625,9.216868812909611,9.856139322378858
504.65,9.216868812909611,9.901652561177416
504.675,9.216868812909611,10.28452116163523
504.7,7.727328479024468,9.991243889966515
504.725,7.727328479024468,9.923003240957
504.75,8.91957279248444,9.762915597802904
504.775,8.91957279248444,9.641178310326671
504.8,7.390142339820685,9.39764017941255
504.825,7.390142339820685,10.000769639841558
504.85,6.406704334899008,9.536699409529092
504.875,5.416243760332419,9.74968408939349
504.9,5.416243760332419,9.977160034710366
504.925,5.416243760332419,10.355056135041504
504.95,5.056595840248976,9.70868910664188
504.975,5.056595840248976,9.563798127991966
505.0,4.38373241467769,10.329169165237749
505.025,4.38373241467769,10.409851248171124
505.05,4.167246052050161,9.368022652826571
505.075,4.167246052050161,10.317026596985638
505.1,4.140229500961983,9.926645941593383
505.125,3.6053767184870193,9.855143996280734
505.15,3.6053767184870193,9.651302708792965
505.175,3.6053767184870193,9.789286526775786
505.2,3.7242133262610566,10.114762095123869
505.225,3.7242133262610566,9.965026930147536
505.25,4.106286406858169,9.704817188610061
505.275,4.106286406858169,9.301900852263344
505.3,5.321536808867921,9.68266681064772
505.325,5.321536808867921,10.278817159400148
505.35,7.552644397458592,9.847840181385067
505.375,7.914885245070138,8.676819424291049
505.4,7.914885245070138,10.053956089711559
505.425,7.914885245070138,10.33711780075806
505.45,6.176231611456556,9.77288548415842
505.475,6.176231611456556,9.762842616478176
505.5,5.906218566283698,9.80318463566074
505.525,5.906218566283698,9.580364694031399
505.55,8.68990898453805,9.625842074085591
505.575,8.68990898453805,10.077758061448629
505.6,15.255105235470358,9.776256168366404
505.625,13.098753994937155,10.189950445281157
505.65,13.098753994937155,10.592296303386725
505.675,13.098753994937155,10.333366563877274
505.7,12.959821457732785,10.3532608643823
505.725,12.959821457732785,9.761822495929913
505.75,16.08013191046317,10.090954745890322
505.775,16.08013191046317,9.796717137841433
505.8,15.555256116041177,9.931021285447228
505.825,15.555256116041177,9.50560369317464
505.85,15.80294212974146,9.999548404717572
505.875,17.23750696349213,8.294983445390578
505.9,17.23750696349213,10.038494158667108
505.925,17.23750696349213,9.458357582866375
505.95,19.10442731601339,9.690562550158328
505.975,19.10442731601339,9.718773922461668
506.0,18.677005451332203,9.956851345842452
506.025,18.677005451332203,9.941785017243818
506.05,14.390571627360131,9.946281692753939
506.075,14.390571627360131,9.915799039038049
506.1,12.817402493488606,9.778304052080932
506.125,11.006387203018855,10.456357257371126
506.15,11.006387203018855,9.738270496595241
506.175,11.006387203018855,9.56766761118058
506.2,11.890409381321918,10.063136396480562
506.225,11.890409381321918,10.411341461118353
506.25,10.857018705474765,9.644063653978616
506.275,10.857018705474765,10.05604026756836
506.3,12.16913207161904,9.766864901188352
506.325,12.16913207161904,9.989676040578308
506.35,15.50087661953037,9.578526875299099
506.375,14.10838275226352,10.24237719668451
506.4,14.10838275226352,10.00297859860488
506.425,14.10838275226352,10.220118207269449
506.45,11.54449184941836,9.918866641091412
506.475,11.54449184941836,9.835191115165784
506.5,10.167353049890592,10.165622312754152
506.525,10.167353049890592,9.489934099781303
506.55,11.233497076616286,9.502802174677038
506.575,11.233497076616286,10.099426098298686
506.6,12.565342407762856,9.846473004866894
506.625,10.12407032293352,9.84397639258238
506.65,10.12407032293352,10.750218937390994
506.675,10.12407032293352,10.280589899867856
506.7,10.782415455970924,9.072049321429244
506.725,10.782415455970924,10.39689704926331
506.75,10.408922429789842,9.810869461069402
506.775,10.408922429789842,10.666507161197696
506.8,10.124832053692456,10.528337788749678
506.825,10.124832053692456,9.808222832266015
506.85,7.174029125290638,9.560160234291374
506.875,9.040070778229444,9.842215580116552
506.9,9.040070778229444,10.441364042123315
506.925,9.040070778229444,10.1450261236329
506.95,8.91073599503188,9.915091778619846
506.975,8.91073599503188,10.188229366416245
507.0,7.4522616621629885,10.510220392528645
507.025,7.4522616621629885,9.642926943352403
507.05,6.204973108225468,10.018804630450626
507.075,6.204973108225468,9.913660747375767
507.1,5.6718909509045305,9.919282573612902
507.125,5.024058842611388,9.7837300923553
507.15,5.024058842611388,10.132938924008425
507.175,5.024058842611388,10.061319199311042
507.2,3.423036245952984,9.452575939149806
507.225,3.423036245952984,9.997813781248096
507.25,2.546445127282911,10.040404695359982
507.275,2.546445127282911,9.937951833569796
507.3,1.1669996361762325,9.835833573731628
507.325,1.1669996361762325,9.847386234890775
507.35,2.251531749387455,10.127945866361523
507.375,1.9390112391983492,9.781076801388297
507.4,1.9390112391983492,9.672454499020517
507.425,1.9390112391983492,9.716134249587686
507.45,2.043557313999417,10.10637250768669
507.475,2.043557313999417,9.238070908532858
507.5,1.9732038289877725,9.232768578546377
507.525,1.9732038289877725,9.552212303556143
507.55,4.377544178936087,9.652135054137442
507.575,4.377544178936087,9.971304119451325
507.6,7.993054540040863,9.934555784550529
507.625,12.09519603656224,9.65827303213189
507.65,12.09519603656224,9.491969984769003
507.675,12.09519603656224,9.794560826132185
507.7,10.654479352635718,9.809071772603474
507.725,10.654479352635718,10.037892667003934
507.75,9.775007943950802,9.97415210037003
507.775,9.775007943950802,9.561092142720629
507.8,10.958246181337236,9.549930785718994
507.825,10.958246181337236,9.690921047705146
507.85,10.85549019019931,9.767783841674188
507.875,13.939226950551886,9.527124755845168
507.9,13.939226950551886,9.712298415114859
507.925,13.939226950551886,9.618428018624558
507.95,16.615585680842035,9.391707861683479
507.975,16.615585680842035,9.959659433739027
508.0,15.094610997954955,9.711635255423568
508.025,15.094610997954955,9.681801149212767
508.05,13.98834089275192,10.090863603292275
508.075,13.98834089275192,9.593927967274402
508.1,11.63340804645323,10.376599669038002
508.125,12.953523866872134,9.636594168650143
508.15,12.953523866872134,10.001501823276065
508.175,12.953523866872134,9.41544186178047
508.2,14.85253525521635,9.901556983913395
508.225,14.85253525521635,9.88826210610894
508.25,12.615772147172178,9.833150914080141
508.275,12.615772147172178,9.669780827288225
508.3,14.902149955173442,9.649876622470481
508.325,14.902149955173442,9.79623779514507
508.35,11.109808077804056,9.341815866426032
508.375,10.68265550542984,9.03203400681403
508.4,10.68265550542984,10.023809205217226
508.425,10.68265550542984,9.443739355621249
508.45,9.530851830501003,10.036209983636311
508.475,9.530851830501003,9.125216577073532
508.5,7.691295927044106,9.27558035867143
508.525,7.691295927044106,9.878466537487004
508.55,10.72973714504746,9.897994625143186
508.575,10.72973714504746,9.03980214852833
508.6,10.265300475598783,9.562300511788633
508.625,11.724345585321204,9.416480141973791
508.65,11.724345585321204,10.05852685858784
508.675,11.724345585321204,9.708645978221318
508.7,11.12312554212437,8.884214366414277
508.725,11.12312554212437,9.801025550908482
508.75,10.303403159042324,9.867904078814144
508.775,10.303403159042324,8.313202696757722
508.8,7.852433851118645,9.776932038343364
508.825,7.852433851118645,9.680614884163749
508.85,7.477123893622932,9.15690013569941
508.875,9.67383699749367,9.666309514979794
508.9,9.67383699749367,9.3262581564353
508.925,9.67383699749367,9.603973624414849
508.95,12.13060362976583,8.72705089764143
508.975,12.13060362976583,9.608722299435703
509.0,10.828540295614308,9.10118969111958
509.025,10.828540295614308,8.646474891127317
509.05,10.53811495032473,9.593885725618547
509.075,10.53811495032473,9.74263946366551
509.1,13.561843437053511,8.817036532753248
509.125,14.100030106003048,9.65857051848679
509.15,14.100030106003048,9.572272850473405
509.175,14.100030106003048,9.322313867440592
509.2,17.488077784831432,8.703842892848186
509.225,17.488077784831432,9.322275021498411
509.25,14.464384229225422,8.682933529205156
509.275,14.464384229225422,9.42567012508973
509.3,16.30014794647723,8.628220773075308
509.325,16.30014794647723,9.772545912171342
509.35,14.745314695467345,8.454411820167131
509.375,8.169958849498927,9.684920113669016
509.4,8.169958849498927,9.198637821651548
509.425,8.169958849498927,9.351113925859183
509.45,8.782027324072462,7.931658488898836
509.475,8.782027324072462,9.544449925832684
509.5,9.754658074654529,8.525460307093
509.525,9.754658074654529,9.903771566485174
509.55,11.071681543405166,9.811885894843401
509.575,11.071681543405166,9.667982884615729
509.6,13.30374442100188,8.9613357970602
509.625,12.850239476186758,9.255740945640357
509.65,12.850239476186758,9.061499959925305
509.675,12.850239476186758,8.434828977639398
509.7,15.034887111549288,9.1883983699088
509.725,15.034887111549288,9.572728144321912
509.75,15.67942610893822,9.546279751663482
509.775,15.67942610893822,8.530611637180222
509.8,14.46499988858815,7.703997013020846
509.825,14.46499988858815,9.477459301459247
509.85,12.060431334641814,9.099931604305155
509.875,10.01730533732853,8.882096106782498
509.9,10.01730533732853,8.724941670704862
509.925,10.01730533732853,8.919316327189195
509.95,9.615573957616382,9.632903441338579
509.975,9.615573957616382,7.528685032370511
510.0,10.69806360505045,9.082844415149886
510.025,10.69806360505045,8.848607546276945
510.05,12.698048248519289,9.458079225446683
510.075,12.698048248519289,8.055900456367041
510.1,10.763397218040208,7.8928704637805405
510.125,12.391885968096895,8.93431141599709
510.15,12.391885968096895,9.038565724483115
510.175,12.391885968096895,9.224338229638159
510.2,12.870693979085983,8.965948299717336
510.225,12.870693979085983,9.355103806549922
510.25,13.97682190553224,9.580530970366919
510.275,13.97682190553224,8.46919429797549
510.3,14.562383129165312,8.789151445305764
510.325,14.562383129165312,8.669409205306483
510.35,15.738858126995945,9.842143030473053
510.375,13.916149926180136,8.435131337030011
510.4,13.916149926180136,9.922779059398735
510.425,13.916149926180136,9.117409743978824
510.45,12.50425680117079,7.984419251922687
510.475,12.50425680117079,8.361865159992512
510.5,13.043710502865444,9.698679388501859
510.525,13.043710502865444,9.788497427464875
510.55,13.586572366750516,9.408292271898121
510.575,13.586572366750516,9.854241110343013
510.6,13.351376278898805,9.905562987831276
510.625,15.499382564887169,9.718645634479076
510.65,15.499382564887169,9.462387889159526
510.675,15.499382564887169,9.373835412323748
510.7,12.139499924248994,9.55355224672416
510.725,12.139499924248994,8.758979085803261
510.75,11.229157016159522,9.960090502933573
510.775,11.229157016159522,9.459706061674428
510.8,8.628981818295822,9.789236233283109
510.825,8.628981818295822,9.616295559860571
510.85,9.800705425867072,9.641868435425474
510.875,6.678355550434352,9.349750012459365
510.9,6.678355550434352,9.869282778993659
510.925,6.678355550434352,9.63840649923024
510.95,6.767143517234237,9.68219258445997
510.975,6.767143517234237,8.93814724658143
511.0,8.649096182112503,9.467385579812385
511.025,8.649096182112503,9.827997795853705
511.05,11.90803755470505,9.637449088615204
511.075,11.90803755470505,9.78260725563677
511.1,10.147254251835191,8.395463489020514
511.125,6.654323416805758,9.306649446602956
511.15,6.654323416805758,9.030318015693634
511.175,6.654323416805758,9.80785815908047
511.2,4.246101895941907,9.382467199036189
511.225,4.246101895941907,9.9841714335147
511.25,3.871511838895184,9.61764309135727
511.275,3.871511838895184,9.55817142079453
511.3,5.049901631975501,10.119241694492223
511.325,5.049901631975501,9.5965442010608
511.35,4.909344702090939,9.643969264241525
511.375,6.877558727949156,9.633424362727968
511.4,6.877558727949156,10.242402803982507
511.425,6.877558727949156,9.190890130005204
511.45,5.371589937222113,10.213718159546465
511.475,5.371589937222113,11.141935342227319
511.5,4.232130111251932,9.632068700007766
511.525,4.232130111251932,9.993543016295737
511.55,4.709870771936921,9.35745398329974
511.575,4.709870771936921,9.888776452245864
511.6,11.494676281920215,9.928168991645702
511.625,9.751674430557769,9.855206503133175
511.65,9.751674430557769,9.333864570726444
511.675,9.751674430557769,9.898991624544061
511.7,11.22311348345381,9.7821333198876
511.725,11.22311348345381,8.578556998548697
511.75,10.65919681678646,9.528977585235161
511.775,10.65919681678646,9.393572965138569
511.8,11.575675893539502,10.097980908055408
511.825,11.575675893539502,10.022148909770564
511.85,7.557937749233887,9.818854826307904
511.875,12.700475070077562,9.858995978791212
511.9,12.700475070077562,9.954131231997316
511.925,12.700475070077562,9.538825700295929
511.95,13.039833319390675,9.71845123534213
511.975,13.039833319390675,9.331359954483755
512.0,15.743774516514206,9.459963900444482
512.025,15.743774516514206,9.562948616923572
512.05,10.9422578056552,9.860105977597138
512.075,12.267664776555437,9.871354829496399
512.1,12.267664776555437,9.735387781449019
512.125,9.53745193856368,10.065954572402175
512.15,9.53745193856368,9.677495993873167
512.175,9.53745193856368,9.537491731472757
512.2,9.870059513629757,9.818636184024417
512.225,7.776372035776636,9.927347743210566
512.25,7.776372035776636,9.650813723382587
512.275,7.776372035776636,9.66253216005955
512.3,6.536484109128101,9.178776868220355
512.325,7.924824352063062,9.895068539952785
512.35,7.924824352063062,10.01066859051324
512.375,5.569245808576073,9.647753539811616
512.4,5.569245808576073,8.505488153374467
512.425,5.569245808576073,9.905257562215686
512.45,4.335485003238795,9.607505742811442
512.475,6.403668694646182,10.10877844706181
512.5,6.403668694646182,9.998121174397781
512.525,6.403668694646182,9.420784257539298
512.55,5.17057760066338,9.841035868346566
512.575,3.525526692523083,9.784251892142757
512.6,3.525526692523083,9.763982688994687
512.625,2.1637260109517813,9.549227572399467
512.65,2.1637260109517813,9.775890852505292
512.675,2.1637260109517813,9.73042163507868
512.7,2.8499497703066847,9.64518651217399
512.725,4.517840899348352,10.106236985493924
512.75,4.517840899348352,9.620276369175663
512.775,4.517840899348352,9.636144555994369
512.8,5.413741642939873,9.86445997622951
512.825,7.843617058386051,9.371609694912367
512.85,7.843617058386051,9.682482572032693
512.875,7.258550203296141,9.821103625969421
512.9,7.258550203296141,9.931726192606854
512.925,7.258550203296141,9.812002253646742
512.95,9.375508804982358,9.425647853668677
512.975,11.54038558705593,9.824195665819785
513.0,11.54038558705593,9.786139097234841
513.025,11.54038558705593,9.460160398775292
513.05,11.734275745809146,9.993496125090003
513.075,9.163258322447252,10.00891430816175
513.1,9.163258322447252,10.273042602167754
513.125,8.584377866293975,9.581275414013907
513.15,8.584377866293975,9.960343062177385
513.175,8.584377866293975,9.772652223695966
513.2,7.032120261545491,9.930477716835037
513.225,11.451969692706731,9.98733668727209
513.25,11.451969692706731,10.003205639130066
513.275,11.451969692706731,9.990371176295572
513.3,10.93489741650461,10.176594002961627
513.325,9.813519237728862,9.649517569628609
513.35,9.813519237728862,9.639014499709807
513.375,10.096377379910546,9.865291303220376
513.4,10.096377379910546,9.615300006311337
513.425,10.096377379910546,9.691636240283106
513.45,6.221765211276088,9.870114542918103
513.475,5.280293674313294,9.54237785839562
513.5,5.280293674313294,9.916766850148395
513.525,5.280293674313294,10.049266151463735
513.55,9.242496672371727,9.576099060881154
513.575,11.96162089912702,9.52704537902497
513.6,11.96162089912702,9.325067088676741
513.625,11.660471031218451,9.904211933683657
513.65,11.660471031218451,9.632681884009346
513.675,11.660471031218451,9.74125301410876
513.7,12.901478692199245,9.77519428217798
513.725,11.154021430022912,9.730519116089841
513.75,11.154021430022912,9.840883742027387
513.775,11.154021430022912,9.628624574479561
513.8,12.12677259748709,8.273397270607314
513.825,12.561703708897213,9.903521018193482
513.85,12.561703708897213,9.922582413716617
513.875,8.563158217388345,9.778509033622488
513.9,8.563158217388345,9.77325976395544
513.925,8.563158217388345,9.629384872248568
513.95,10.03013353547441,9.871191230162296
513.975,9.904765577992109,9.861609351485388
514.0,9.904765577992109,9.795693900172514
514.025,9.904765577992109,9.759802116826782
514.05,14.364046119363962,10.055780059477996
514.075,17.056536367987338,10.152937983486012
514.1,17.056536367987338,10.41640711575252
514.125,18.696366188025117,9.815401395994401
514.15,18.696366188025117,9.875013758908999
514.175,18.696366188025117,9.956454021175631
514.2,18.370970177080174,9.9592533545102
514.225,20.145377628680272,9.82483960404773
514.25,20.145377628680272,9.94394356909123
514.275,20.145377628680272,8.992366392263264
514.3,17.9505841965559,9.6908439109067
514.325,19.23137214203685,10.160743101411493
514.35,19.23137214203685,9.84639017270346
514.375,18.62967674734363,10.362767124379154
514.4,18.62967674734363,10.394083789565896
514.425,18.62967674734363,9.727354615376232
514.45,17.39960795039443,10.034547023525032
514.475,19.21540654371553,9.915340730791108
514.5,19.21540654371553,10.25309184594521
514.525,19.21540654371553,10.052108088141988
514.55,16.044609508182894,9.740806575915169
514.575,14.128133849465993,9.838375246290978
514.6,14.128133849465993,9.576379502207672
514.625,13.515671205492556,9.721020759179794
514.65,13.515671205492556,10.66721581289445
514.675,13.515671205492556,10.067153888363206
514.7,11.283548284024397,9.614229171275532
514.725,9.847608017744983,8.914603943940438
514.75,9.847608017744983,10.068250901463331
514.775,9.847608017744983,9.337259760599109
514.8,9.39370065691923,10.009472268227828
514.825,8.106994303260423,9.77381176916593
514.85,8.106994303260423,9.776924535692155
514.875,12.67528065976454,9.840883032752718
514.9,12.67528065976454,9.868298981624543
514.925,12.67528065976454,10.163101724362356
514.95,11.278532296805526,9.679898909998805
514.975,10.156271598668429,9.712108796757123
515.0,10.156271598668429,9.831325468594098
515.025,10.156271598668429,9.346275859305857
515.05,11.767082324237029,8.92213082167124
515.075,11.911325607567807,9.786167730749487
515.1,11.911325607567807,9.803934089647413
515.125,9.488941066923918,9.46936684918315
515.15,9.488941066923918,9.89418826512146
515.175,9.488941066923918,9.530844933736903
515.2,9.530399714810477,9.818118297011342
515.225,5.950484477040876,9.604855906009243
515.25,5.950484477040876,9.504272854463602
515.275,5.950484477040876,9.900227326460685
515.3,6.265352664060394,9.789030909965517
515.325,7.235222074640244,9.943580862595024
515.35,7.235222074640244,9.58656787799736
515.375,8.354719965438855,6.623504881632427
515.4,8.354719965438855,9.33465524689613
515.425,8.354719965438855,9.453700624594351
515.45,6.76044419079401,9.855175029136817
515.475,4.663438741186606,9.898331572392813
515.5,4.663438741186606,9.698221590706746
515.525,4.663438741186606,9.728629065637541
515.55,3.7482932407462006,9.851011643543487
515.575,5.646835067750762,10.069922537731578
515.6,5.646835067750762,9.996019430853686
515.625,7.072997776700273,10.028998481109396
515.65,7.072997776700273,9.894677949015149
515.675,7.072997776700273,9.610893208119286
515.7,7.425913140809327,9.8486717292367
515.725,6.728973293690382,9.98714229269807
515.75,6.728973293690382,9.560963355892305
515.775,6.728973293690382,9.660621333609985
515.8,6.475323769196201,9.652692195242077
515.825,6.485545832408405,9.935450990347421
515.85,6.485545832408405,10.240259073708142
515.875,4.584979652128378,10.135008325937559
515.9,4.584979652128378,9.844990203723444
515.925,4.584979652128378,9.796566590063676
515.95,3.2741052141536406,10.075277661410851
515.975,2.5682701894598687,9.545075479053848
516.0,2.5682701894598687,9.75649251234886
516.025,2.5682701894598687,10.0588752695859
516.05,1.8638635807174249,9.891281727350759
516.075,1.5009599410638652,9.891447553691693
516.1,1.5009599410638652,9.803507896584982
516.125,0.983679768357242,9.636315173760906
516.15,0.983679768357242,10.288695061010987
516.175,0.983679768357242,9.488360180471815
516.2,1.3982337150850697,10.063257140184154
516.225,1.1078478466902122,9.624648627284966
516.25,1.1078478466902122,9.806754611646321
516.275,1.1078478466902122,10.475258708499693
516.3,2.9032835488443425,10.027336580824464
516.325,2.7539050338683646,9.506238489677287
516.35,2.7539050338683646,9.857915645035451
516.375,2.2397232662641864,10.144071219219983
516.4,2.2397232662641864,9.511973619759704
516.425,2.2397232662641864,9.929485138269204
516.45,3.603374067769359,9.48981857554922
516.475,5.028770420192124,10.048895230729336
516.5,5.028770420192124,9.662924109745115
516.525,5.028770420192124,9.699972263667798
516.55,3.636347306759905,10.261022555817739
516.575,2.423631594230257,9.806143117475337
516.6,2.423631594230257,9.771420018200017
516.625,2.009432524604202,9.830952532912171
516.65,2.009432524604202,8.839284061087314
516.675,2.009432524604202,10.092088994695585
516.7,1.4625383078670466,9.7860198983477
516.725,2.72340673693316,8.006405037518325
516.75,2.72340673693316,9.876760066961605
516.775,2.72340673693316,9.762502963403637
516.8,4.0344749498062304,9.654668791692126
516.825,6.359105685737162,8.620852000829787
516.85,6.359105685737162,9.839583081244307
516.875,3.022928531619108,9.614572772764992
516.9,3.022928531619108,9.71324184556025
516.925,3.022928531619108,8.675358244934133
516.95,3.226243999381401,9.769101223426606
516.975,5.059422536995721,9.184050171851384
517.0,5.059422536995721,9.832787659504355
517.025,5.059422536995721,9.927709042854744
517.05,3.1502641694408147,9.939946553822914
517.075,3.5457323020414515,8.479139326674838
517.1,3.5457323020414515,9.676464770844527
517.125,1.7754869901314063,10.044840214847808
517.15,1.7754869901314063,9.773311841904443
517.175,1.7754869901314063,9.909302801447687
517.2,1.1090533428121443,9.960575431812822
517.225,1.4097625127323583,9.680628583200543
517.25,1.4097625127323583,9.79152982013046
517.275,1.4097625127323583,9.084591270110375
517.3,1.6448351641466243,9.739433143745444
517.325,1.6082653546364545,10.290777756501827
517.35,1.6082653546364545,9.107122406695748
517.375,1.0806089345528758,10.291434461724554
517.4,1.0806089345528758,9.996181909167918
517.425,1.0806089345528758,10.21070193214518
517.45,1.1255573383093551,9.706053885859586
517.475,1.1807359000116886,9.796132891971835
517.5,1.1807359000116886,10.086202669734984
517.525,1.1807359000116886,9.755245051859738
517.55,1.5940927392163062,9.729704343998522
517.575,1.496614479661675,9.775436523465189
517.6,1.496614479661675,9.769071655208199
517.625,1.8729207902466565,9.852535632477872
517.65,1.8729207902466565,9.956804800007273
517.675,1.8729207902466565,9.752055074081754
517.7,4.688343409423506,10.250665135329584
517.725,5.203141477595773,10.378501359049363
517.75,5.203141477595773,10.02493579635281
517.775,5.203141477595773,9.823168446963146
517.8,6.180876239276435,9.909646458148098
517.825,5.864314367660594,9.9904020406837
517.85,5.864314367660594,9.45457673691937
517.875,6.650510133712915,10.855999086944777
517.9,6.650510133712915,9.835341724773416
517.925,6.650510133712915,9.931791123196968
517.95,8.182390627348662,9.256381829809971
517.975,7.282090198879906,9.929436452128876
518.0,7.282090198879906,8.828254797242462
518.025,7.282090198879906,9.503402942595388
518.05,9.195466359983651,9.437235266609452
518.075,9.647678050170686,9.646182787892679
518.1,9.647678050170686,9.743245631005856
518.125,6.0263023837453344,9.967565549683728
518.15,6.0263023837453344,9.686016228689223
518.175,6.0263023837453344,9.591482249227795
518.2,5.001711088877317,10.666486965940756
518.225,4.589640223560938,9.478854687902368
518.25,4.589640223560938,9.583582685129826
518.275,4.589640223560938,9.743750242840273
518.3,3.3253359949566152,9.650878692425394
518.325,4.00834754301989,9.976385139578893
518.35,4.00834754301989,9.777712831843045
518.375,4.19317570245638,9.992956765436212
518.4,4.19317570245638,9.795146820904433
518.425,4.19317570245638,9.62221036847708
518.45,3.3633036726076964,9.69331068516233
518.475,4.521808183548226,9.727541831495529
518.5,4.521808183548226,9.280805980081857
518.525,4.521808183548226,9.85107591628582
518.55,4.586394501386987,9.699585745131605
518.575,4.427078012188015,9.965390006714268
518.6,4.427078012188015,9.880317585664487
518.625,4.993494947137209,9.916585310373943
518.65,4.993494947137209,9.895929355015326
518.675,4.993494947137209,9.910322130914414
518.7,5.568620025654578,9.426402698645074
518.725,6.524573444836096,9.839790636462178
518.75,6.524573444836096,9.801604694482059
518.775,6.524573444836096,9.484438176441552
518.8,10.452027592297322,9.786589828728363
518.825,11.085086888826549,9.86867994313626
518.85,11.085086888826549,9.769852209475689
518.875,11.458065200199544,10.085545901961636
518.9,11.458065200199544,9.724485525672737
518.925,11.458065200199544,9.695634744031258
518.95,12.294810162302609,9.478123150026278
518.975,12.365785915370047,9.637845599474103
519.0,12.365785915370047,9.69373540871289
519.025,12.365785915370047,9.492032696651927
519.05,10.840545793860638,9.661709742802406
519.075,11.335022236066196,9.649312698868789
519.1,11.335022236066196,9.597465038979182
519.125,12.846921942954188,10.332026049186057
519.15,12.846921942954188,9.377848678714901
519.175,12.846921942954188,9.740896284183291
519.2,11.178075039122737,9.556816066713871
519.225,7.483503565290758,9.866598682963366
519.25,7.483503565290758,9.907687559488345
519.275,7.483503565290758,9.639723335584923
519.3,10.569256856289654,9.755879072919946
519.325,10.069086751780688,9.539492361818839
519.35,10.069086751780688,9.87834599697794
519.375,9.99194074930423,10.343606600093757
519.4,9.99194074930423,9.801988575023158
519.425,9.99194074930423,9.10519685378398
519.45,6.605309905979488,9.663152672278505
519.475,6.820953367833695,9.86578208709034
519.5,6.820953367833695,9.307725979239926
519.525,6.820953367833695,9.884972238224336
519.55,7.5987894226050114,9.740122621688412
519.575,9.623071708028997,9.411638280525903
519.6,9.623071708028997,9.600522396404315
519.625,8.23910700645013,9.84107966123367
519.65,8.23910700645013,10.219487581074741
519.675,8.23910700645013,9.551637128698971
519.7,5.810903487656849,9.50451204105407
519.725,7.430069787509066,9.379089914999444
519.75,7.430069787509066,9.54906652966025
519.775,7.430069787509066,9.5292034384803
519.8,6.1693087234563535,9.84533747942715
519.825,9.880482671633962,9.61669028793055
519.85,9.880482671633962,9.829884031373055
519.875,10.608362030892742,9.961608037577076
519.9,10.608362030892742,9.144165080583564
519.925,10.608362030892742,9.961927097576561
519.95,14.08716549983353,9.603665735349034
519.975,13.250408796051593,9.433727689044252
520.0,13.250408796051593,10.290926501315225
520.025,13.250408796051593,9.434827890717875
520.05,12.562831513789323,9.576498753621973
520.075,12.768767101110722,9.517710988728505
520.1,12.768767101110722,9.710456357330223
520.125,10.59439013650752,9.881727227143017
520.15,10.59439013650752,9.765054060921965
520.175,10.59439013650752,10.336239405171366
520.2,10.250766499527966,9.901151193480992
520.225,13.450626912982829,9.579067927260615
520.25,13.450626912982829,9.91049002019074
520.275,13.450626912982829,9.736103780494556
520.3,12.66875832648116,10.082495173892273
520.325,15.155458240025094,9.714820866927006
520.35,15.155458240025094,9.612401555653308
520.375,19.13438620094739,9.64817105111558
520.4,19.13438620094739,9.798526253857803
520.425,19.13438620094739,10.002082885124116
520.45,19.102562979587606,9.932140667589463
520.475,16.72127019043568,9.800423472696753
520.5,16.72127019043568,9.379733417606293
520.525,16.72127019043568,9.324886146945742
520.55,12.329644633593611,8.401009214846676
520.575,13.468518589622226,9.560916181961174
520.6,13.468518589622226,9.679277774849414
520.625,16.40207014651808,9.51642198763892
520.65,16.40207014651808,9.4286763987773
520.675,16.40207014651808,9.699082221877283
520.7,13.70703996754978,9.626554523964044
520.725,11.73935206161148,9.7946761489242
520.75,11.73935206161148,9.2954393219025
520.775,11.73935206161148,9.645231329154974
520.8,9.95589479768458,10.048044860274342
520.825,15.246363351556278,9.553845610682883
520.85,15.246363351556278,9.961482070988406
520.875,14.967276960194493,10.726831644425603
520.9,14.967276960194493,9.844067228382414
520.925,14.967276960194493,9.571809331804484
520.95,14.609956943036511,9.57925742891847
520.975,14.40207267629164,9.708226583371854
521.0,14.40207267629164,9.853567970490978
521.025,14.40207267629164,9.595508655409576
521.05,17.84517720186864,9.512327909644144
521.075,15.961746744758075,9.408147725516187
521.1,15.961746744758075,9.869826058027085
521.125,12.717709771795246,9.643548280958164
521.15,12.717709771795246,9.81577103511866
521.175,12.717709771795246,9.706277317914044
521.2,12.197559738260054,9.39310963235247
521.225,13.179491464455324,9.582913883216428
521.25,13.179491464455324,9.876381820966792
521.275,13.179491464455324,9.169646654067307
521.3,13.22618801415314,9.900075429176798
521.325,7.552547759781988,9.892643666264615
521.35,7.552547759781988,9.914362030686878
521.375,9.64988525526247,9.368754915639213
521.4,9.64988525526247,9.605718795800772
521.425,9.64988525526247,9.40745665474815
521.45,15.71703919620936,9.89059184313439
521.475,14.91216975799384,9.574334895155035
521.5,14.91216975799384,9.169850913280804
521.525,14.91216975799384,9.44784284705136
521.55,14.603212222337165,8.984603394988966
521.575,15.171965307389264,9.358405447609115
521.6,15.171965307389264,9.92515040410036
521.625,11.030519602343889,8.681561236634714
521.65,11.030519602343889,9.991186264910509
521.675,11.030519602343889,9.620232936452524
521.7,8.945958005782765,10.007059429632028
521.725,13.09182854005896,9.820615682417085
521.75,13.09182854005896,10.04271483371957
521.775,13.09182854005896,9.7531670708945
521.8,11.401012928596154,9.659104822238547
521.825,12.61360411012554,9.493904842941875
521.85,12.61360411012554,9.760584583936438
521.875,13.742695017144776,9.467049548880572
521.9,13.742695017144776,9.609688149138307
521.925,13.742695017144776,9.56749532352198
521.95,13.10261364059983,9.709244189326306
521.975,13.688085363112434,9.305372253923727
522.0,13.688085363112434,9.819379015927586
522.025,13.688085363112434,9.61408601936485
522.05,11.058479602852485,9.79346280052109
522.075,13.498954497967675,9.74378535638504
522.1,13.498954497967675,10.02822703012503
522.125,10.0156300041164,9.730627575579607
522.15,10.0156300041164,8.308002135311973
522.175,10.0156300041164,9.422852709485554
522.2,8.027571963777106,9.883604698191128
522.225,8.75640766686474,9.664064514950029
522.25,8.75640766686474,9.831791139145636
522.275,8.75640766686474,10.320616923374914
522.3,9.883931092618374,9.188170713339549
522.325,7.357689561693384,9.461034307041254
522.35,7.357689561693384,9.51676503228055
522.375,6.291419616241686,9.81291141829038
522.4,6.291419616241686,9.366337502753908
522.425,6.291419616241686,9.703737197226898
522.45,8.266076104043355,9.64437065334962
522.475,11.241635977584792,9.446202685035628
522.5,11.241635977584792,9.47979460338913
522.525,11.241635977584792,9.649932684907393
522.55,6.800579361546702,9.942802019522665
522.575,5.535694428169055,9.89514880125566
522.6,5.535694428169055,9.538555611300684
522.625,6.534920684150804,9.686865998887136
522.65,6.534920684150804,9.9509685965478
522.675,6.534920684150804,9.573526133954983
522.7,12.480355035343916,9.806012307557234
522.725,12.43977150056132,9.647820968481186
522.75,12.43977150056132,9.114055934623707
522.775,12.43977150056132,9.970106239635554
522.8,9.974122854534272,9.361242200122085
522.825,11.256254510548446,9.34135874122668
522.85,11.256254510548446,9.666115067100437
522.875,9.63327500547376,9.553061338498855
522.9,9.63327500547376,10.19155067517809
522.925,9.63327500547376,9.73269013772079
522.95,11.202025498599411,8.968637718599245
522.975,12.963847779487333,9.165273625726787
523.0,12.963847779487333,8.859000699347522
523.025,12.963847779487333,9.8658710616178
523.05,9.896947456666387,9.344043406054963
523.075,11.689507072598666,9.54418585659583
523.1,11.689507072598666,9.951833460513495
523.125,11.020274664984822,9.352956618371147
523.15,11.020274664984822,9.597980776926809
523.175,11.020274664984822,9.401523774938573
523.2,11.011708174879823,9.561470257907008
523.225,10.987340192400604,9.775810006051053
523.25,10.987340192400604,9.666248034136787
523.275,10.987340192400604,8.947941309671322
523.3,12.427379058421312,9.307290712207578
523.325,14.497892338539083,9.838752653423247
523.35,14.497892338539083,9.31395651051668
523.375,8.54499731716536,9.410833591199124
523.4,8.54499731716536,9.741555534452896
523.425,8.54499731716536,9.477518264608314
523.45,7.042091071919934,9.378553438467275
523.475,5.598783278991103,9.37146181878738
523.5,5.598783278991103,9.339463958817138
523.525,5.598783278991103,9.458871552728343
523.55,4.643996517587177,10.009919388688992
523.575,4.983446210275498,10.21778792775899
523.6,4.983446210275498,9.519810012506511
523.625,5.139982809900461,9.67790240167848
523.65,5.139982809900461,9.907175022134155
523.675,5.139982809900461,9.51457869692459
523.7,2.516905376446517,9.131033532897945
523.725,3.761775889686192,9.717042174317202
523.75,3.761775889686192,9.42538497075552
523.775,3.761775889686192,9.252321032737486
523.8,2.259334201369319,9.799334365720226
523.825,4.159438207763138,9.858301251637382
523.85,4.159438207763138,9.137040957291047
523.875,4.6039164113248106,9.574874553265023
523.9,4.6039164113248106,9.130927614297548
523.925,4.6039164113248106,9.632675597128758
523.95,5.061574208417282,9.971374069544432
523.975,8.427679664192047,9.681704930608426
524.0,8.427679664192047,9.185134796274065
524.025,8.427679664192047,9.326518541301578
524.05,7.892228290079347,9.19287912040096
524.075,10.116197588042844,9.987168736866955
524.1,10.116197588042844,9.520126816768006
524.125,7.569234328991364,9.020612777853064
524.15,7.569234328991364,8.810307083974232
524.175,7.569234328991364,9.84310260243632
524.2,8.610462222006328,9.604804732070964
524.225,9.357157413858744,9.811657798664838
524.25,9.357157413858744,9.751274470702947
524.275,9.357157413858744,9.42205307791481
524.3,13.570296688387751,9.68073704816379
524.325,13.924979899885438,9.069333726651486
524.35,13.924979899885438,9.351628923477694
524.375,11.37832681320616,9.544810097796066
524.4,11.37832681320616,9.614199711288625
524.425,11.37832681320616,9.954326928239777
524.45,11.130949931766208,9.590087322682333
524.475,9.074295192623044,9.256666961189996
524.5,9.074295192623044,9.566567552015417
524.525,9.074295192623044,9.38819927935451
524.55,9.276251067520642,9.994782174930824
524.575,9.300800147540354,10.179399523367106
524.6,9.300800147540354,9.571229767006171
524.625,9.129892864760654,9.697734898785491
524.65,9.129892864760654,9.535754333933804
524.675,9.129892864760654,9.771025413570449
524.7,10.95852923833538,9.744143649134315
524.725,12.35005296328207,9.5781717154924
524.75,12.35005296328207,9.690753527281636
524.775,12.35005296328207,9.588881707485173
524.8,13.70402022093283,9.685876289433452
524.825,10.25654248229547,9.325000042525865
524.85,10.25654248229547,9.718235713046148
524.875,11.190264850539489,9.87822973970627
524.9,11.190264850539489,9.640321006454379
524.925,11.190264850539489,9.76014254539724
524.95,8.137762373721985,9.641652495007575
524.975,7.970417941041091,9.722458598869505
525.0,7.970417941041091,9.955982919807393
525.025,7.970417941041091,9.52682594625725
525.05,7.082930817179748,9.730231126669615
525.075,9.34697884558802,9.557614792431544
525.1,9.34697884558802,10.251317056276243
525.125,11.560489418625211,9.779137632557378
525.15,11.560489418625211,9.39380162344557
525.175,11.560489418625211,9.604817850499693
525.2,13.78099082252094,8.605131266446865
525.225,8.413876038272434,9.49756881521784
525.25,8.413876038272434,9.966176981954469
525.275,8.413876038272434,9.797429958395366
525.3,7.063335128432983,9.692975265575324
525.325,7.379241516812711,9.733631090277086
525.35,7.379241516812711,9.709880472101252
525.375,5.653576346757924,9.91236517643894
525.4,5.653576346757924,9.863121468293597
525.425,5.653576346757924,9.3666705639661
525.45,5.734649854948436,9.660203845123474
525.475,6.927584236212367,9.827799488124105
525.5,6.927584236212367,9.64077566155708
525.525,6.927584236212367,9.826113574526447
525.55,4.5629465293420575,9.999707445492303
525.575,5.869740031223453,9.682609413164627
525.6,5.869740031223453,9.709239224956306
525.625,6.969293117306172,9.658030163817106
525.65,6.969293117306172,9.658274009146327
525.675,6.969293117306172,9.952470779684333
525.7,5.855388924882145,9.76532969408265
525.725,4.138834556705213,9.641801291561414
525.75,4.138834556705213,9.918790302988164
525.775,4.138834556705213,10.48837558994084
525.8,4.727534020515426,9.373853146515902
525.825,4.843309530947042,9.33032518573785
525.85,4.843309530947042,9.897401169170905
525.875,5.655421388246076,9.15707862038745
525.9,5.655421388246076,9.135895416806525
525.925,5.655421388246076,9.817988762076903
525.95,6.448474026015231,9.699766560859352
525.975,5.271198656525064,9.638374616277355
526.0,5.271198656525064,8.952011007561206
526.025,5.271198656525064,9.757575608841814
526.05,7.586602510124623,9.709574235413433
526.075,8.117627201646657,8.943254309144782
526.1,8.117627201646657,9.537625791507462
526.125,8.284589144139364,9.626710026664279
526.15,8.284589144139364,9.735328680418155
526.175,8.284589144139364,9.75800891600446
526.2,9.176694250554862,9.649113019888405
526.225,7.624649054666594,8.680481992195944
526.25,7.624649054666594,9.797102830027551
526.275,7.624649054666594,9.705827947152073
526.3,7.971426436675376,9.68832057000454
526.325,6.904003145613064,9.799578203354276
526.35,6.904003145613064,9.61805220441948
526.375,6.424120190148643,9.608631043720147
526.4,6.424120190148643,9.787506652281076
526.425,6.424120190148643,9.855745923827673
526.45,6.517019291251981,9.624869311070492
526.475,6.833255534295477,9.639703967957892
526.5,6.833255534295477,9.884769042539869
526.525,6.833255534295477,9.479066913437187
526.55,10.023672280884746,9.671738935959247
526.575,7.27034910843546,9.681648817681127
526.6,7.27034910843546,9.701089426812096
526.625,11.283427300583018,9.51944396557647
526.65,11.283427300583018,9.673897787462746
526.675,11.283427300583018,9.033408236239563
526.7,8.620413786299837,9.674648650000488
526.725,12.13757686883675,9.892068486635598
526.75,12.13757686883675,9.66877438956709
526.775,12.13757686883675,9.486646812075604
526.8,13.580051628701744,9.81288007925344
526.825,10.508942666280872,9.821432924270518
526.85,10.508942666280872,10.00020554049219
526.875,10.085572915145258,9.777081236647554
526.9,10.085572915145258,9.426479029763744
526.925,10.085572915145258,9.682241889110594
526.95,8.72532539454184,9.582245703651177
526.975,8.494134794424086,9.483967643068395
527.0,8.494134794424086,9.589537747380763
527.025,8.494134794424086,9.562611745628331
527.05,7.530641687073325,9.373550381864478
527.075,10.41115281052969,9.534330806262181
527.1,10.41115281052969,9.831174826736364
527.125,9.59488132346851,9.518367855680697
527.15,9.59488132346851,9.378537480827147
527.175,9.59488132346851,9.217010905739729
527.2,8.555518537646186,9.656047712566549
527.225,8.414844764169903,9.118064661043363
527.25,8.414844764169903,8.862122327678422
527.275,8.414844764169903,9.325996743694727
527.3,8.287645881938964,9.75014520867633
527.325,10.521122752474229,9.206542588743535
527.35,10.521122752474229,9.592922249946106
527.375,12.342388875493258,9.440079871106871
527.4,12.342388875493258,8.318737315010056
527.425,12.342388875493258,9.691474413312712
527.45,13.957523118878523,9.724364447350638
527.475,12.2136166817628,9.27362695955708
527.5,12.2136166817628,9.641718741134373
527.525,12.2136166817628,9.799382657907394
527.55,19.43407971888521,9.564486310280232
527.575,23.292094759287068,9.860112397939732
527.6,23.292094759287068,9.053405858923089
527.625,21.71796375530656,9.629866776120162
527.65,21.71796375530656,10.1113194605932
527.675,21.71796375530656,9.283274323297814
527.7,20.95334042082425,9.296527961524738
527.725,23.01964761720519,9.825996197626578
527.75,23.01964761720519,8.42179370988864
527.775,23.01964761720519,8.125098119032133
527.8,22.08799728478786,9.610537453172736
527.825,16.37948141986254,8.721478069956571
527.85,16.37948141986254,9.823340654525186
527.875,17.49127543830871,9.890501455993594
527.9,17.49127543830871,8.581884584531648
527.925,17.49127543830871,9.073916511245152
527.95,15.597898284928416,9.96305092028843
527.975,17.371264498828616,8.568284408097316
528.0,17.371264498828616,9.255364481411393
528.025,17.371264498828616,9.760758216879786
528.05,17.04247191717679,9.634755643522963
528.075,17.130903546702378,9.159674251677679
528.1,17.130903546702378,9.722827131799274
528.125,15.81152046862776,8.493941014777759
528.15,15.81152046862776,8.917922602176168
528.175,15.81152046862776,9.495635029240752
528.2,14.81041699870288,8.370979084078362
528.225,16.465977460750327,8.56811792670411
528.25,16.465977460750327,10.092228279594002
528.275,16.465977460750327,9.308085077811892
528.3,18.67006457064685,9.98605820372026
528.325,18.530234691759134,10.052072043194364
528.35,18.530234691759134,9.433477002680164
528.375,17.546208188730613,9.802275155217792
528.4,17.546208188730613,9.615192694136358
528.425,17.546208188730613,6.6093216567089685
528.45,20.2507181640768,9.720549484812778
528.475,19.480179457130227,9.159227847363795
528.5,19.480179457130227,10.37505062117839
528.525,19.480179457130227,7.862089951916627
528.55,16.13916449631297,9.210906357814093
528.575,13.340340899931777,9.047708615533384
528.6,13.340340899931777,9.996418541515881
528.625,10.35919240545717,9.608261927716544
528.65,10.35919240545717,9.74400363126427
528.675,10.35919240545717,9.308527490821717
528.7,10.460958820774785,9.83634699742066
528.725,10.798144375702933,8.087589140834675
528.75,10.798144375702933,9.024251517675413
528.775,10.798144375702933,10.150764433547174
528.8,8.504595267476125,10.013100085530079
528.825,5.938270210197971,9.828855437778628
528.85,5.938270210197971,8.926874800081666
528.875,11.005207908317114,9.493734679820097
528.9,11.005207908317114,9.668083927812456
528.925,11.005207908317114,9.639154914712345
528.95,9.771706552398893,10.209785467636173
528.975,9.819195402328488,9.01098752740429
529.0,9.819195402328488,10.025623684124309
529.025,9.819195402328488,9.368786450500037
529.05,13.908724757076795,9.544299859523708
529.075,13.961423031639184,9.50300544716729
529.1,13.961423031639184,8.79998469440657
529.125,12.761227371483416,8.861494600048946
529.15,12.761227371483416,9.935077230872803
529.175,12.761227371483416,9.738693837937888
529.2,12.709122620165832,9.771754247052622
529.225,11.203855698204064,9.3959086351365
529.25,11.203855698204064,9.198637326122036
529.275,11.203855698204064,8.990300009198666
529.3,12.8509398984211,10.121381759237977
529.325,10.423641380484186,9.50395652051661
529.35,10.423641380484186,9.267023040615499
529.375,8.501905188582494,10.085997214714663
529.4,8.501905188582494,9.442291396442368
529.425,8.501905188582494,9.546174221368751
529.45,11.848999269255392,9.89529884320956
529.475,12.857459414175302,9.844216824933744
529.5,12.857459414175302,9.754554716432585
529.525,12.857459414175302,9.655216925157013
529.55,13.071275040910502,9.032968397734628
529.575,19.84636302133083,9.017300086148259
529.6,19.84636302133083,9.174091768433318
529.625,20.00613771269965,9.445005120166895
529.65,20.00613771269965,9.849929745633153
529.675,20.00613771269965,9.254787954189279
529.7,19.386448929774478,9.314620573304644
529.725,20.98357641255113,9.455340325795673
529.75,20.98357641255113,9.678203499059636
529.775,20.98357641255113,9.916736188180073
529.8,17.515696021046097,9.235621253819604
529.825,14.68866917656845,9.86029070132338
529.85,14.68866917656845,9.808147239133248
529.875,14.256358154319502,9.631966181594027
529.9,14.256358154319502,9.773636343124846
529.925,14.256358154319502,10.21093594103889
529.95,14.763522372091677,9.692457481404512
529.975,11.084170436080251,9.876820299723157
530.0,11.084170436080251,9.880435873785336
530.025,11.084170436080251,9.506338458991177
530.05,9.62693377261798,10.011859434616554
530.075,9.830572400161222,9.197771869537911
530.1,9.830572400161222,8.130169884185536
530.125,12.618108259679053,9.818837973482282
530.15,12.618108259679053,9.053617725459
530.175,12.618108259679053,9.679897131934087
530.2,11.815223291162994,10.309064756825682
530.225,11.839110212223034,9.841012629967436
530.25,11.839110212223034,10.181928164138498
530.275,11.839110212223034,9.810404881310093
530.3,14.55573572395761,10.149699670299364
530.325,17.639219209158767,9.963530397326663
530.35,17.639219209158767,9.853430777426652
530.375,17.790025406982533,9.998686141419745
530.4,17.790025406982533,10.148882174470067
530.425,17.790025406982533,9.883640675791177
530.45,18.082522901093057,9.962100841637374
530.475,15.509379522385917,9.44615796545204
530.5,15.509379522385917,9.741662586595107
530.525,15.509379522385917,10.364309525784638
530.55,12.9937297106332,9.721499856016917
530.575,12.43384764317234,10.011011792641519
530.6,12.43384764317234,9.707555989516576
530.625,10.75720454733537,9.674179892795378
530.65,10.75720454733537,9.831132350883724
530.675,10.75720454733537,10.263340057622393
530.7,11.48358714550041,9.325833826183931
530.725,13.31951859966359,9.96022821427569
530.75,13.31951859966359,9.688236175207788
530.775,13.31951859966359,9.522377749686436
530.8,9.518564513343348,9.060314057824908
530.825,9.152016366459083,9.467492760437302
530.85,9.152016366459083,9.575507337501683
530.875,9.107368319113553,9.245230928447839
530.9,9.107368319113553,9.68577902413055
530.925,9.107368319113553,9.602017497996819
530.95,12.69234973181409,9.872247592141997
530.975,10.624878900340152,9.651852421418637
531.0,10.624878900340152,9.600974198226426
531.025,10.624878900340152,9.863219998203672
531.05,6.433468905901486,10.03040220677635
531.075,6.147060612076319,9.882014937055144
531.1,6.147060612076319,10.610452260207076
531.125,4.146256525119473,9.719799419781028
531.15,4.146256525119473,9.641546330317869
531.175,4.146256525119473,9.67855557055858
531.2,5.269845956123182,9.717447181963621
531.225,4.703298699196484,9.819492643198496
531.25,4.703298699196484,9.953633629536087
531.275,4.703298699196484,9.794920348828546
531.3,2.219084710501545,9.616924128365207
531.325,3.230123606659891,9.61666006171401
531.35,3.230123606659891,9.710609867768225
531.375,5.672743436436795,9.326129720776981
531.4,5.672743436436795,9.515727668840546
531.425,5.672743436436795,9.498322788777905
531.45,5.707706514568675,9.358436482848447
531.475,4.715613576970294,9.381567497412707
531.5,4.715613576970294,9.729336741247447
531.525,4.715613576970294,10.128016124425189
531.55,6.512979895941071,9.608448404258963
531.575,5.224797312781778,10.00286941072346
531.6,5.224797312781778,9.564615075801067
531.625,5.278487471324993,9.163445779861807
531.65,5.278487471324993,9.811493666338821
531.675,5.278487471324993,9.737541515750026
531.7,3.9796039213185233,10.030118233350148
531.725,2.5681688175059487,9.379975183653691
531.75,2.5681688175059487,9.848990587023824
531.775,2.5681688175059487,9.46632290907009
531.8,4.904767222963389,9.366730447343132
531.825,4.852459467316108,9.78697781186783
531.85,4.852459467316108,9.795138880112056
531.875,4.5971242769322345,9.73924694975747
531.9,4.5971242769322345,9.602771730805953
531.925,4.5971242769322345,9.844886806301878
531.95,4.079250017110567,9.54401911578586
531.975,3.979853407083888,9.968400576415
532.0,3.979853407083888,8.719910005981058
532.025,3.979853407083888,9.904763645303131
532.05,1.4933426080100571,9.419257446956475
532.075,1.907685490815071,8.38919497122319
532.1,1.907685490815071,9.843748550002072
532.125,1.7805190792418375,9.106331846074427
532.15,1.7805190792418375,10.692495331152386
532.175,1.7805190792418375,8.327767832499399
532.2,1.5342945813684776,9.86891585405102
532.225,1.5947089195821909,9.926594191826794
532.25,1.5947089195821909,8.838572848026384
532.275,1.5947089195821909,9.707611022335131
532.3,1.5371446146477237,10.0707606187064
532.325,1.7589411189465722,8.668385881334162
532.35,1.7589411189465722,9.91678870310136
532.375,1.4535459009891836,9.674307673123211
532.4,1.4535459009891836,9.258123090924105
532.425,1.4535459009891836,9.855854251140242
532.45,1.884285512113266,9.036748339386733
532.475,3.379598835091919,9.697824328414647
532.5,3.379598835091919,9.384148525385388
532.525,3.379598835091919,9.807995444485416
532.55,1.5808258979716745,8.942857831668775
532.575,2.9742424765868525,9.01366253585312
532.6,2.9742424765868525,9.573588919239608
532.625,3.851185771049274,8.170915725249612
532.65,3.851185771049274,9.768772380348919
532.675,3.851185771049274,9.798574960735868
532.7,2.5769518966839,11.42217256034122
532.725,3.1300749758131,9.73623227880139
532.75,3.1300749758131,9.184257102142602
532.775,3.1300749758131,10.161159032705575
532.8,3.3197330991097616,10.007291020975002
532.825,4.286167112564988,9.697085098792597
532.85,4.286167112564988,9.999637444827371
532.875,5.988879583064527,9.89812447435784
532.9,5.988879583064527,9.956691120946322
532.925,5.988879583064527,7.268281485102794
532.95,7.732390634218995,9.976869983404143
532.975,4.898230916029678,9.625995563770031
533.0,4.898230916029678,9.08474029249632
533.025,4.898230916029678,9.463928539298934
533.05,6.163582585015808,9.544576690004346
533.075,3.0454438957530097,9.931828119965148
533.1,3.0454438957530097,9.50488558462147
533.125,2.7742748115650704,9.552677522257985
533.15,2.7742748115650704,9.543979822416798
533.175,2.7742748115650704,8.906916379841231
533.2,3.473203505793527,9.14659777134837
533.225,2.2358340155234515,8.218844866120987
533.25,2.2358340155234515,8.997199129802862
533.275,2.2358340155234515,9.799844006487486
533.3,3.650467951825887,9.18746149876068
533.325,5.93768644941324,8.745092524493947
533.35,5.93768644941324,7.149695335377118
533.375,5.530476714047447,9.511082655235906
533.4,5.530476714047447,9.578273247901988
533.425,5.530476714047447,6.885030502978754
533.45,2.222829445665834,9.779431873348933
533.475,1.1798014395422396,9.680058590668274
533.5,1.1798014395422396,7.799891157405504
533.525,1.1798014395422396,9.588719527856298
533.55,2.1395491051562656,9.521782894982826
533.575,1.885881075369024,9.835671361469872
533.6,1.885881075369024,9.709597721980362
533.625,2.004812072266883,9.990086513870063
533.65,2.004812072266883,9.818972673508357
533.675,2.004812072266883,9.440386328533428
533.7,1.7252019754882415,9.090929923459655
533.725,1.7090124637934176,9.975822531177815
533.75,1.7090124637934176,10.796638137058423
533.775,1.7090124637934176,9.562042598912308
533.8,1.3037913274892594,9.772499325260533
533.825,3.9941700072520345,9.491452366141523
533.85,3.9941700072520345,9.584726651098993
533.875,3.789112995962375,10.039815675125617
533.9,3.789112995962375,9.021291865005596
533.925,3.789112995962375,9.48907213561061
533.95,3.7806231552516287,10.062447558878144
533.975,3.2132274191338595,9.660234687173658
534.0,3.2132274191338595,9.55828281754588
534.025,3.2132274191338595,8.874471382680069
534.05,2.51091705353606,9.746528300916415
534.075,3.1619421856281917,9.746835738098202
534.1,3.1619421856281917,9.545490062390535
534.125,2.834903477438092,9.032279502293777
534.15,2.834903477438092,9.466300270675628
534.175,2.834903477438092,9.788097703254733
534.2,2.030111436446608,9.167077767059954
534.225,1.3700380350182817,9.880136894234811
534.25,1.3700380350182817,9.179722805863022
534.275,1.3700380350182817,9.689944099209724
534.3,1.1623847581170152,9.82227011790257
534.325,1.8726621000572456,9.440595604214344
534.35,1.8726621000572456,8.302233957247
534.375,2.3746286544055217,10.104799852205247
534.4,2.3746286544055217,9.40817965939982
534.425,2.3746286544055217,9.642184864180749
534.45,2.3951689415729627,9.564452172286035
534.475,2.867421888873532,8.972559467765642
534.5,2.867421888873532,9.589518930919073
534.525,2.867421888873532,8.906284810074732
534.55,3.814671550092159,9.779407920454604
534.575,3.626282663389087,9.611505519658001
534.6,3.626282663389087,9.795965792523978
534.625,4.593027727787689,9.94455078994349
534.65,4.593027727787689,9.976582117557493
534.675,4.593027727787689,9.652362042195627
534.7,5.158646991200052,7.966782643369597
534.725,6.191640579004298,9.31961820581538
534.75,6.191640579004298,9.296039929269273
534.775,6.191640579004298,9.973021670162417
534.8,6.74265080460746,9.650483730293526
534.825,8.353810413560332,9.708854279399176
534.85,8.353810413560332,9.759475524564122
534.875,9.627518927163711,9.784552027356153
534.9,9.627518927163711,9.698662176479502
534.925,9.627518927163711,8.297343767769338
534.95,10.27561105330902,10.65973426305479
534.975,9.475344362752772,9.304105862795343
535.0,9.475344362752772,8.941790119537218
535.025,9.475344362752772,8.849153116701707
535.05,11.460402057969896,10.599326896236583
535.075,11.3995548684671,8.87364652105818
535.1,11.3995548684671,10.952873344625214
535.125,8.525488827360459,9.656310757417703
535.15,8.525488827360459,10.379164476724272
535.175,8.525488827360459,9.79958096969352
535.2,5.070383619346907,9.464606638894374
535.225,3.720139953379217,9.434935237726183
535.25,3.720139953379217,10.329129438084937
535.275,3.720139953379217,9.791759960117243
535.3,5.196578492760493,10.22358281732592
535.325,7.34913945476798,9.333475800403455
535.35,7.34913945476798,9.526520336155915
535.375,5.151175132294223,9.100415123673653
535.4,5.151175132294223,11.105997874126897
535.425,5.151175132294223,9.696855635246777
535.45,3.7442017272054815,10.254512422793741
535.475,6.494352605153493,9.61409195840798
535.5,6.494352605153493,9.64477962130977
535.525,6.494352605153493,9.573909575896977
535.55,6.760514397389315,9.695954726401853
535.575,6.086669478342883,9.41431652884554
535.6,6.086669478342883,9.580074482976972
535.625,6.378854676731665,9.434294233788513
535.65,6.378854676731665,10.435700378403148
535.675,6.378854676731665,10.407267144415576
535.7,7.56608265570702,9.447215655374503
535.725,8.835047184174543,10.562002087084911
535.75,8.835047184174543,10.208837874822866
535.775,8.835047184174543,9.711740469533568
535.8,4.940034746768459,10.000906476500694
535.825,3.321207178318905,10.27477588637565
535.85,3.321207178318905,9.785801223505565
535.875,2.0859621781794937,9.990616326481844
535.9,2.0859621781794937,10.617097613767212
535.925,2.0859621781794937,9.54347438192393
535.95,2.5986664625484703,9.541340906205251
535.975,2.146172352498153,9.452792564490817
536.0,2.146172352498153,10.204739589608351
536.025,2.146172352498153,9.374524897190067
536.05,1.4983923323492974,9.602821585503065
536.075,2.905509233773624,9.959368524928196
536.1,2.905509233773624,9.596982913376946
536.125,2.194979972916815,9.249664963240582
536.15,2.194979972916815,10.044125703347612
536.175,2.194979972916815,10.041282706464226
536.2,3.7774633888061553,10.030880714297828
536.225,2.435899286780361,8.972274825327101
536.25,2.435899286780361,9.810592754951367
536.275,2.435899286780361,10.097973437516744
536.3,2.633099058052634,9.535311558567422
536.325,3.39525848694704,11.807318192995726
536.35,3.39525848694704,10.437484833739223
536.375,1.3552297528112387,9.087671969354975
536.4,1.3552297528112387,10.025003711522425
536.425,1.3552297528112387,9.672186141933036
536.45,1.185554764861034,10.518958915955714
536.475,1.4515335078027125,10.818141195792649
536.5,1.4515335078027125,9.995549148642253
536.525,1.4515335078027125,9.929914860298048
536.55,1.263715203954588,9.74929943464857
536.575,1.3460496236947312,10.467130086241955
536.6,1.3460496236947312,9.830557315432198
536.625,1.803010748575788,9.65168589551901
536.65,1.803010748575788,10.14667409314971
536.675,1.803010748575788,10.021379240097668
536.7,2.7848155826942027,10.371083670433269
536.725,3.5753843674973065,9.87599331579098
536.75,3.5753843674973065,10.6965076231394
536.775,3.5753843674973065,9.784511578082288
536.8,2.9272183309249296,9.98187506929366
536.825,3.055601214880557,9.963205442352534
536.85,3.055601214880557,9.795211754883283
536.875,2.998656570005094,10.351400264966582
536.9,2.998656570005094,8.141990399917482
536.925,2.998656570005094,9.089494518567085
536.95,4.394316254986918,9.686864997416809
536.975,4.943802995077585,9.340107985679579
537.0,4.943802995077585,9.558940812598888
537.025,4.943802995077585,9.850524503686145
537.05,7.041913320307858,10.413674207931795
537.075,5.23273341292111,9.728147210618445
537.1,5.23273341292111,9.97385576748403
537.125,6.339266950017215,9.914739845729805
537.15,6.339266950017215,9.865434165573708
537.175,6.339266950017215,10.017098004735548
537.2,5.233424130589349,9.593126334982866
537.225,2.6099323404406585,9.964528097740647
537.25,2.6099323404406585,9.79764152630611
537.275,2.6099323404406585,10.297125448516521
537.3,1.94984512695168,10.087345249755142
537.325,2.1579479654401674,10.133332689020728
537.35,2.1579479654401674,10.390253640227662
537.375,1.350652839181257,10.262234245830152
537.4,1.350652839181257,10.433223038663073
537.425,1.350652839181257,9.617399853489085
537.45,2.380426142950017,9.540670824769322
537.475,0.6834552138279787,10.153870826645685
537.5,0.6834552138279787,10.356167258283511
537.525,0.6834552138279787,10.351137776218286
537.55,1.827152891316138,10.118550533916709
537.575,1.0816124596402314,9.93164079025516
537.6,1.0816124596402314,9.53121258248583
537.625,2.2765808701558607,10.267758980802
537.65,2.2765808701558607,9.30967854985193
537.675,2.2765808701558607,10.044241005160035
537.7,4.7558395615611175,10.525316536460277
537.725,6.2793941758460905,9.832066337758304
537.75,6.2793941758460905,10.291729442781387
537.775,6.2793941758460905,9.309600790967707
537.8,6.155886554993632,9.69377404929554
537.825,6.6272920837576565,10.464153362662623
537.85,6.6272920837576565,10.44210136874111
537.875,7.138948611851313,10.086183362831617
537.9,7.138948611851313,10.459135911201408
537.925,7.138948611851313,10.48153041066823
537.95,6.220824756720911,11.009736098347009
537.975,10.08775939728367,10.357068729658677
538.0,10.08775939728367,10.562672684200397
538.025,10.08775939728367,10.038533946181643
538.05,8.553280928890498,10.504230229468067
538.075,12.27328894605812,10.466491832961884
538.1,12.27328894605812,10.425184389388425
538.125,10.085719580221502,9.832257365261533
538.15,10.085719580221502,9.568114488364852
538.175,10.085719580221502,9.262070411878842
538.2,7.256240487866297,9.942471852964326
538.225,8.366750174610967,11.065568228111616
538.25,8.366750174610967,9.232329733565818
538.275,8.366750174610967,9.18046725706593
538.3,11.042599321911554,10.805440425525342
538.325,8.912643730645186,9.82985210807962
538.35,8.912643730645186,10.401415795216474
538.375,7.708491547756246,9.786360717529412
538.4,7.708491547756246,10.347975942041193
538.425,7.708491547756246,10.508566522186007
538.45,5.924984913567625,9.346986632767036
538.475,6.384103533402508,10.851215276858206
538.5,6.384103533402508,9.751598154659614
538.525,6.384103533402508,9.407735346850073
538.55,8.898131270045234,9.552189009937631
538.575,9.27865201513065,9.686524245725881
538.6,9.27865201513065,10.140469517327046
538.625,12.287180058454403,10.445638554708491
538.65,12.287180058454403,10.727586346965452
538.675,12.287180058454403,10.686066120187862
538.7,10.72648940006363,9.93674252110351
538.725,10.373336751536574,9.590891714941902
538.75,10.373336751536574,9.832640927252756
538.775,10.373336751536574,10.86491715216589
538.8,10.163635323175289,9.980212998127275
538.825,11.080587253319438,9.32653717195871
538.85,11.080587253319438,10.105461539327838
538.875,12.608917788702888,10.219235759290768
538.9,12.608917788702888,9.85296893710451
538.925,12.608917788702888,10.106582953249672
538.95,13.2972860996748,9.782413699160086
538.975,11.489741985980473,9.584768229163213
539.0,11.489741985980473,10.208964977027133
539.025,11.489741985980473,10.328526073319168
539.05,11.004357023477557,10.15857517339154
539.075,17.21734288629441,10.92665434508034
539.1,17.21734288629441,10.489723912781194
539.125,15.932453890231644,10.212721556047262
539.15,15.932453890231644,10.363878787552908
539.175,15.932453890231644,10.451130739747105
539.2,16.936073883578562,11.434565516962353
539.225,16.010403518800086,10.013341052870949
539.25,16.010403518800086,10.286663641271103
539.275,16.010403518800086,9.587591541621219
539.3,17.13365568157755,10.185435771612925
539.325,18.422553222225943,9.91301077709894
539.35,18.422553222225943,10.13240375394416
539.375,17.669307511984876,10.075523649736427
539.4,17.669307511984876,9.879963443883321
539.425,17.669307511984876,10.5801048724554
539.45,15.19453069392494,10.43153371607417
539.475,15.70650214846085,10.956823283581251
539.5,15.70650214846085,10.693878478507202
539.525,15.70650214846085,10.200246605304253
539.55,12.351446441818297,10.032004712066922
539.575,14.346805143215471,10.05269551234389
539.6,14.346805143215471,9.80115780176289
539.625,10.83344866878539,10.488543838121092
539.65,10.83344866878539,10.011236176958597
539.675,10.83344866878539,10.521923967881833
539.7,9.793837804532483,10.100718208229686
539.725,9.86524523379935,10.298780759028462
539.75,9.86524523379935,9.769339968726621
539.775,9.86524523379935,10.474375551853303
539.8,7.908640539373562,10.496937226411085
539.825,4.84231627128152,9.189231878397681
539.85,4.84231627128152,10.23245158170996
539.875,3.9680469797065503,9.766889671846673
539.9,3.9680469797065503,9.215504917941153
539.925,3.9680469797065503,10.493062679345192
539.95,2.945205341687401,9.643353948855856
539.975,1.8579888139428389,10.01089113667178
540.0,1.8579888139428389,10.74012660781289
540.025,1.8579888139428389,10.924847215737135
540.05,1.7531251185011685,9.690982418696128
540.075,2.003737989201027,11.220301992260918
540.1,2.003737989201027,10.30543170894689
540.125,3.338564701467633,10.040249352461641
540.15,3.338564701467633,9.670225351161497
540.175,3.338564701467633,9.795595838254908
540.2,4.134055079448736,10.133127117139823
540.225,6.040132004165351,10.297690006928354
540.25,6.040132004165351,9.794145972329318
540.275,6.040132004165351,10.223767911558834
540.3,7.776783257473604,9.712735328204692
540.325,8.727101441076151,10.285733737759905
540.35,8.727101441076151,9.559999526177574
540.375,4.897679403182861,9.392656324183315
540.4,4.897679403182861,10.79626991216607
540.425,4.897679403182861,10.30764365426304
540.45,7.050150780833335,10.928734774840432
540.475,7.026715944967808,10.382709989555817
540.5,7.026715944967808,10.858662787100933
540.525,7.026715944967808,11.090194783857589
540.55,8.206100855167936,11.452904992791893
540.575,8.405813840605637,10.177135928968376
540.6,8.405813840605637,10.31556593659609
540.625,12.045046640998152,10.081143897269945
540.65,12.045046640998152,10.410484481167753
540.675,12.045046640998152,10.295796158247263
540.7,8.525093322095497,9.03093211905184
540.725,7.396672332191698,9.722463945534221
540.75,7.396672332191698,10.654399809695331
540.775,7.396672332191698,9.93001608134398
540.8,4.092306651717367,10.012543082951355
540.825,3.484672942439201,10.911114560881066
540.85,3.484672942439201,10.078320291472563
540.875,5.241567163854027,10.278283523664534
540.9,5.241567163854027,9.95897967325581
540.925,5.241567163854027,10.614180680715206
540.95,3.4267525142967856,10.43602866505362
540.975,3.0510027700866056,9.136663813397703
541.0,3.0510027700866056,10.27845894070212
541.025,3.0510027700866056,10.10442198187119
541.05,3.71021856116944,9.706172675577804
541.075,4.011245000580747,10.458173258242635
541.1,4.011245000580747,10.111714766740223
541.125,6.454465735213718,10.157779289274936
541.15,6.454465735213718,12.094991172512682
541.175,6.454465735213718,10.360092730341542
541.2,7.29937730989153,9.681533575142048
541.225,8.960797144945087,10.279788152289093
541.25,8.960797144945087,10.085229053663541
541.275,8.960797144945087,10.4813615317323
541.3,12.245193426138847,10.434308038128025
541.325,15.958044346787776,8.717934314249879
541.35,15.958044346787776,11.1518964500963
541.375,16.014287884628253,10.162171837816288
541.4,16.014287884628253,10.349307539767748
541.425,16.014287884628253,9.488888873322706
541.45,19.3712728421,10.133817954204153
541.475,16.109572596706812,10.21665070425137
541.5,16.109572596706812,10.359620794628144
541.525,16.109572596706812,9.9347820534568
541.55,14.760913935866416,10.528082543789358
541.575,14.800660794572794,9.89971402024194
541.6,14.800660794572794,10.389013883677096
541.625,9.29955100648964,10.777587067344463
541.65,9.29955100648964,9.552395560843003
541.675,9.29955100648964,10.461639359971961
541.7,7.098033510618441,9.818551973398195
541.725,6.601887304908687,8.642477057060926
541.75,6.601887304908687,9.75936426979168
541.775,6.601887304908687,9.678037842445482
541.8,5.527655310041203,9.521719703640425
541.825,8.82955940945736,9.713346532406737
541.85,8.82955940945736,10.534005020785653
541.875,7.847595752577173,9.488708576278505
541.9,7.847595752577173,10.654262516021799
541.925,7.847595752577173,9.605643236097256
541.95,9.05904554612343,10.212438306484543
541.975,6.78506757112551,9.704618224940516
542.0,6.78506757112551,9.8407459688249
542.025,6.78506757112551,10.706512017329617
542.05,6.401345224012329,10.478069597572267
542.075,5.73821841762195,10.526441862826355
542.1,5.73821841762195,9.886435864602676
542.125,4.231561329907581,10.559375578641761
542.15,4.231561329907581,9.760660701602594
542.175,4.231561329907581,9.824885945698574
542.2,6.113815869190134,10.745115526049178
542.225,7.182840971248209,10.285017083774203
542.25,7.182840971248209,10.31487567248465
542.275,7.182840971248209,9.186623362600299
542.3,5.825571596968422,10.125608244409936
542.325,8.041175978789076,8.739781239710382
542.35,8.041175978789076,9.253690247215637
542.375,7.721425630469283,9.596847940490692
542.4,7.721425630469283,9.264458908374447
542.425,7.721425630469283,9.84937324824587
542.45,9.989112750643312,9.467808805854924
542.475,10.00208909949932,9.1254209331471
542.5,10.00208909949932,10.046982983620595
542.525,10.00208909949932,9.399164578181141
542.55,12.806004600448308,10.368367815579166
542.575,12.226492738976582,9.931929232232356
542.6,12.226492738976582,8.817921522611574
542.625,8.549914106947563,10.159415254941031
542.65,8.549914106947563,10.125314842385153
542.675,8.549914106947563,9.212897863254062
542.7,8.645424072104387,9.892379104462348
542.725,5.358921860861998,9.821173646760498
542.75,5.358921860861998,9.672173208922889
542.775,5.358921860861998,9.74697945368444
542.8,4.642163653146496,10.066220142026799
542.825,6.208042633951023,9.559998012688288
542.85,6.208042633951023,9.385575036839715
542.875,6.913543272933048,10.984226279012182
542.9,6.913543272933048,10.971882939767035
542.925,6.913543272933048,9.287024703972449
542.95,8.319468937898625,9.749904189512257
542.975,9.918460883964707,9.614580787632988
543.0,9.918460883964707,10.120983169014368
543.025,9.918460883964707,9.70543360364034
543.05,9.619618589283526,9.857794516432088
543.075,10.658920066078146,10.116835201282845
543.1,10.658920066078146,9.5654338259818
543.125,11.842081500256612,9.372602873865176
543.15,11.842081500256612,10.006079679725032
543.175,11.842081500256612,10.004760720978606
543.2,10.122854089007951,8.976416478253043
543.225,7.25495062654137,9.770932584461075
543.25,7.25495062654137,10.627535313671352
543.275,7.25495062654137,9.206940785481917
543.3,6.663110693204902,9.934683533448409
543.325,6.636637656940196,10.061508193157527
543.35,6.636637656940196,9.640312419626415
543.375,6.364104695012472,8.962487497735763
543.4,6.364104695012472,9.126078225949408
543.425,6.364104695012472,9.862472857542608
543.45,5.91300929795443,9.461714182904208
543.475,5.888969494774347,8.898624523496975
543.5,5.888969494774347,9.48364334321951
543.525,5.888969494774347,8.997732087824064
543.55,5.487497438459053,9.512237899770035
543.575,7.448475252575109,9.867801531183071
543.6,7.448475252575109,9.070149340704573
543.625,9.153202273490187,8.96573650815263
543.65,9.153202273490187,9.408670929627364
543.675,9.153202273490187,9.153894268355117
543.7,6.871014622011536,9.936012229411242
543.725,9.57033889203678,10.291588401155323
543.75,9.57033889203678,9.734649699019032
543.775,9.57033889203678,10.381626627974544
543.8,7.712536128357597,8.963486732951136
543.825,5.9923140482248725,9.477439976739067
543.85,5.9923140482248725,9.442917407063623
543.875,6.050058121929913,9.12584293237794
543.9,6.050058121929913,9.556913681735107
543.925,6.050058121929913,10.237332862858528
543.95,5.581746537035931,8.845557733747889
543.975,7.846208471601999,9.663136655380479
544.0,7.846208471601999,8.698814933033505
544.025,7.846208471601999,9.406716801337888
544.05,10.808141199241453,9.730486228385317
544.075,13.07596753441116,9.819363779751521
544.1,13.07596753441116,9.302667981149987
544.125,10.26228365746933,9.51336477404894
544.15,10.26228365746933,9.756297563921795
544.175,10.26228365746933,9.71713434771892
544.2,12.06993919095986,8.786462024869783
544.225,13.335266145829994,10.099284097100833
544.25,13.335266145829994,9.548296552101608
544.275,13.335266145829994,8.19537919632159
544.3,12.430419674661106,8.14921577150043
544.325,15.457850070511125,9.936378086644721
544.35,15.457850070511125,10.060286498832175
544.375,15.779000536245102,9.48361629484794
544.4,15.779000536245102,8.804977372347722
544.425,15.779000536245102,8.886552712013824
544.45,15.787847681866005,12.082986058966494
544.475,16.268531938936164,9.363170345041404
544.5,16.268531938936164,9.700777604714212
544.525,16.268531938936164,9.281516833965748
544.55,17.27091614740874,8.951687943801154
544.575,16.80442590796996,9.007012241134685
544.6,16.80442590796996,9.446488447928294
544.625,14.132322329814365,9.685990130190268
544.65,14.132322329814365,9.892526894479683
544.675,14.132322329814365,8.980787352466843
544.7,12.09703740461652,9.662281171484363
544.725,15.49307209016734,9.194109530150163
544.75,15.49307209016734,9.722399489312176
544.775,15.49307209016734,9.433664144585935
544.8,17.022125114219996,8.288176582000414
544.825,22.12456241140255,9.83826086240203
544.85,22.12456241140255,8.943178056004205
544.875,23.040089983796403,9.034651429795472
544.9,23.040089983796403,9.43337906948096
544.925,23.040089983796403,9.470189928872593
544.95,22.23401434952408,9.560019063545209
544.975,20.964700568551866,8.76644868833224
545.0,20.964700568551866,8.223992742104363
545.025,20.964700568551866,9.330665262635097
545.05,18.317467753587668,8.92297784300678
545.075,14.62171053883744,9.986065238944645
545.1,14.62171053883744,8.870686635529045
545.125,14.635777222649294,9.74192063576383
545.15,14.635777222649294,8.050072666519062
545.175,14.635777222649294,10.130729219455114
545.2,15.432370186629525,9.349322264905814
545.225,15.305110559736812,9.6119312931409
545.25,15.305110559736812,9.866349304041261
545.275,15.305110559736812,10.700586592987811
545.3,17.161096690487412,9.549553382828018
545.325,14.581050605095404,10.527308506830437
545.35,14.581050605095404,9.018293334173945
545.375,11.857982806465872,9.350939395401047
545.4,11.857982806465872,9.47405637825442
545.425,11.857982806465872,10.141035802153146
545.45,9.46682690170462,8.755437356229901
545.475,9.05838757848409,8.539508909044073
545.5,9.05838757848409,9.266841976605576
545.525,9.05838757848409,8.222014453358973
545.55,10.613695706946771,8.676366045672882
545.575,12.068729032760729,8.904313274394116
545.6,12.068729032760729,10.004439391022759
545.625,14.774891765079786,9.785909117039338
545.65,14.774891765079786,9.17556905228673
545.675,14.774891765079786,9.254753903863424
545.7,12.934760748126674,9.337822900530398
545.725,13.570233446518062,8.685543333581005
545.75,13.570233446518062,9.644219843009566
545.775,13.570233446518062,10.80465532100066
545.8,12.115179558683796,9.724871957210803
545.825,8.69180680780205,8.850386093208018
545.85,8.69180680780205,9.75660589780152
545.875,8.616203412394032,8.38893885635182
545.9,8.616203412394032,10.104141054098227
545.925,8.616203412394032,9.038977243419565
545.95,7.25006989918958,9.973011337796647
545.975,8.253470968108964,9.390244444947095
546.0,8.253470968108964,8.517753012086615
546.025,8.253470968108964,9.316292917060698
546.05,8.629786148995985,9.872072590284692
546.075,8.074127200069901,9.627890644946378
546.1,8.074127200069901,9.970911574907763
546.125,8.353672336729211,8.819693523085482
546.15,8.353672336729211,9.483852856987106
546.175,8.353672336729211,9.793454661212818
546.2,10.291539761353611,9.91583774496509
546.225,9.163958697526883,9.324113001486692
546.25,9.163958697526883,9.962957989601318
546.275,9.163958697526883,9.119796409330222
546.3,10.523834463478211,9.704476896569334
546.325,10.106648564783738,10.085930054800862
546.35,10.106648564783738,9.560717558662954
546.375,10.208360929300488,9.368679514344572
546.4,10.208360929300488,9.903878923193549
546.425,10.208360929300488,9.454615128325889
546.45,7.554031371917558,9.267146333216665
546.475,9.802682415741469,9.268429252951249
546.5,9.802682415741469,8.35278754187845
546.525,9.802682415741469,9.689704192391991
546.55,8.722438256962317,9.384289128571174
546.575,12.893030830215164,10.062532647492967
546.6,12.893030830215164,9.671494984671911
546.625,9.741744540200274,9.46540491478758
546.65,9.741744540200274,9.365221617880984
546.675,9.741744540200274,9.52370894691838
546.7,7.763079963606192,9.735571167590336
546.725,10.30796822926368,8.268520061673783
546.75,10.30796822926368,10.328219260231782
546.775,10.30796822926368,9.144222625505629
546.8,9.087282462672697,9.641219568003223
546.825,9.111525559332089,9.612873388254448
546.85,9.111525559332089,9.72477186097422
546.875,7.156471354429576,10.581570273518231
546.9,7.156471354429576,8.955901543432745
546.925,7.156471354429576,9.810047068215361
546.95,6.758770370473762,9.550804898938011
546.975,8.648938475644739,10.054838000406669
547.0,8.648938475644739,9.09655749285768
547.025,8.648938475644739,9.624487864824648
547.05,4.570263794299327,9.338310216599258
547.075,3.3159825462951704,10.250590320394219
547.1,3.3159825462951704,8.902221789723232
547.125,2.5243095934887525,9.988080086363356
547.15,2.5243095934887525,9.946012366290201
547.175,2.5243095934887525,9.02908159964256
547.2,3.418435332458094,10.177069713700948
547.225,3.896906456362524,9.189542513059635
547.25,3.896906456362524,9.393233377731802
547.275,3.896906456362524,10.026353577374639
547.3,3.748373802434835,10.286417686384455
547.325,4.726403940996965,9.796841302604035
547.35,4.726403940996965,9.429566319173384
547.375,7.616935975796688,9.553632230587203
547.4,7.616935975796688,10.311529458075393
547.425,7.616935975796688,9.083850286373046
547.45,5.899198410206476,8.44407748549124
547.475,6.69503444179413,9.856049510402407
547.5,6.69503444179413,9.7284760867687
547.525,6.69503444179413,9.21534901203136
547.55,8.980005846732608,9.48054524439394
547.575,8.685488963198864,10.239274098431572
547.6,8.685488963198864,9.401419201852297
547.625,6.923263075401569,11.080561338970533
547.65,6.923263075401569,10.31080574921177
547.675,6.923263075401569,9.347753630050775
547.7,11.135306062403805,10.407986855226664
547.725,9.58975544900846,9.498270832294555
547.75,9.58975544900846,10.227611034115471
547.775,9.58975544900846,9.730614544743736
547.8,7.802372812574844,9.3068929394283
547.825,7.116373047041214,9.763001300165515
547.85,7.116373047041214,9.498313775576708
547.875,7.392104448831361,9.095372018810064
547.9,7.392104448831361,10.870125536948468
547.925,7.392104448831361,9.565727822127416
547.95,10.04115253173257,10.548005757427477
547.975,5.193787629395517,9.084116466493631
548.0,5.193787629395517,9.515292153632492
548.025,5.193787629395517,9.87944181883908
548.05,6.42179349384945,9.204764141180718
548.075,6.702506075567703,10.58581996933942
548.1,6.702506075567703,9.684316828406372
548.125,7.680126460506579,10.040760179812125
548.15,7.680126460506579,9.46292405976694
548.175,7.680126460506579,9.51304588299374
548.2,9.470555360737386,9.813180889262684
548.225,9.227486691888709,9.489719201461742
548.25,9.227486691888709,9.050042003682297
548.275,9.227486691888709,9.712829134070438
548.3,7.26708785241645,8.612315662410028
548.325,4.252121112535376,9.689907433740006
548.35,4.252121112535376,9.298357933657831
548.375,4.633352925499026,9.154493604879212
548.4,4.633352925499026,10.05260624570655
548.425,4.633352925499026,8.363224261774464
548.45,3.14252552221166,9.234022903572535
548.475,4.189279471272851,9.210523570472585
548.5,4.189279471272851,9.035115776812258
548.525,4.189279471272851,9.436504812160809
548.55,4.834190538593671,9.669508818707406
548.575,6.69591576922175,9.227009041234096
548.6,6.69591576922175,9.918068775731616
548.625,8.682715587548012,8.727097468732408
548.65,8.682715587548012,9.0889842207232
548.675,8.682715587548012,8.807744003888066
548.7,8.96199403093582,9.577975997857772
548.725,8.807252787061433,9.331857158952594
548.75,8.807252787061433,8.717171871377555
548.775,8.807252787061433,9.864255456603061
548.8,8.31857542924725,9.605845174669081
548.825,11.10214731532631,9.95254258440533
548.85,11.10214731532631,10.389038874478523
548.875,8.77640835745426,8.981887058043261
548.9,8.77640835745426,9.274248805276113
548.925,8.77640835745426,10.435100392085108
548.95,6.732105912583222,7.800831869026045
548.975,10.1340471411439,9.465022377040833
549.0,10.1340471411439,9.233358269708827
549.025,10.1340471411439,10.139310161432164
549.05,14.902051375079724,10.032202859942045
549.075,15.984260904346876,9.455248926085602
549.1,15.984260904346876,10.026155083768213
549.125,13.03839154116818,9.950459644662095
549.15,13.03839154116818,9.800478556602535
549.175,13.03839154116818,9.313718906271811
549.2,12.672034052105788,9.652488961922051
549.225,8.81986234454737,10.040734188931822
549.25,8.81986234454737,9.059661735173488
549.275,8.81986234454737,8.281232902502168
549.3,11.724050271237452,10.732661463409158
549.325,11.031154465565765,10.015895313942744
549.35,11.031154465565765,9.662136438486371
549.375,7.519039968230249,8.634815336522962
549.4,7.519039968230249,9.04204904325798
549.425,7.519039968230249,10.257143294356613
549.45,9.323700420830674,9.829034313699053
549.475,15.33898598530388,9.60413678474209
549.5,15.33898598530388,10.004761469173067
549.525,15.33898598530388,9.202843539815328
549.55,13.924318002546809,9.390626295854213
549.575,16.019759056787613,9.495532394732466
549.6,16.019759056787613,8.910483498406846
549.625,14.286136770242749,9.817626792082136
549.65,14.286136770242749,9.324295150617612
549.675,14.286136770242749,9.77133087751826
549.7,12.877257042103528,8.850329838099755
549.725,14.346821491118714,9.41427405992714
549.75,14.346821491118714,9.633268625704828
549.775,14.346821491118714,9.83565015676457
549.8,15.10672617052586,9.756051667222494
549.825,11.478449595722426,9.753033540035108
549.85,11.478449595722426,8.68908018078034
549.875,10.503554959121312,8.514865536275186
549.9,10.503554959121312,9.974721669645248
549.925,10.503554959121312,10.169452085362451
549.95,12.318280291615949,9.804177862649954
549.975,11.256426767056452,9.575087458945637
550.0,11.256426767056452,9.948601382233015
550.025,11.256426767056452,9.997390562453324
550.05,11.245901961594315,9.53189848059639
550.075,17.106101810202567,9.415098911835113
550.1,17.106101810202567,10.047822738846556
550.125,18.08976703483594,9.512843359628459
550.15,18.08976703483594,8.918163432881007
550.175,18.08976703483594,10.386575564524838
550.2,16.206421410593173,9.271687826446671
550.225,15.280157206631111,9.692199204301511
550.25,15.280157206631111,10.251187427594509
550.275,15.280157206631111,8.859536551591036
550.3,14.998748949083431,9.758953547087682
550.325,14.321415085186066,9.606647355207924
550.35,14.321415085186066,9.97973831780511
550.375,17.14839447651687,9.427403276691331
550.4,17.14839447651687,9.460927571888039
550.425,17.14839447651687,9.565216280565288
550.45,14.333009901496837,10.691467772941001
550.475,13.940936032448544,10.317719272034498
550.5,13.940936032448544,9.739842446149744
550.525,13.940936032448544,10.12033368794077
550.55,11.267001065919686,10.359491680632784
550.575,13.790343970071012,9.946499465613783
550.6,13.790343970071012,9.573498988461713
550.625,9.13612264680114,10.59496520429745
550.65,9.13612264680114,10.218762397247481
550.675,9.13612264680114,10.486203889330188
550.7,8.108434096555982,10.168936673911494
550.725,6.822628725842008,10.402025553773896
550.75,6.822628725842008,9.80524315111013
550.775,6.822628725842008,9.325515535627437
550.8,8.371734096163332,10.005540144558791
550.825,6.2284874155845324,9.824567960210755
550.85,6.2284874155845324,9.724763410367812
550.875,7.380953575945112,10.714335997973006
550.9,7.380953575945112,9.10640238881085
550.925,7.380953575945112,9.440865116341717
550.95,6.998069939176614,9.90092307365041
550.975,5.850597927925279,10.21654168934659
551.0,5.850597927925279,10.369228174728933
551.025,5.850597927925279,9.237251926034432
551.05,6.460384904053605,10.311992665194314
551.075,10.853659842281804,10.40941758382861
551.1,10.853659842281804,10.1656376577011
551.125,7.725876991831502,10.175673175738073
551.15,7.725876991831502,10.775446968661315
551.175,7.725876991831502,10.174117821691487
551.2,8.456713594591548,10.361576209378937
551.225,6.180321755186073,10.278959760095649
551.25,6.180321755186073,10.398578321457853
551.275,6.180321755186073,10.426666826819407
551.3,6.327209144586867,9.971307701653382
551.325,8.025833723719819,9.134517718099099
551.35,8.025833723719819,10.430004722653637
551.375,7.423056235482006,9.5329152240518
551.4,7.423056235482006,10.304372730489426
551.425,7.423056235482006,9.744049403967729
551.45,6.702919771091877,9.757634035129184
551.475,7.5181095427405555,9.915671812774939
551.5,7.5181095427405555,11.248317663102082
551.525,7.5181095427405555,10.652069975775168
551.55,5.873522279848904,10.143208127522788
551.575,6.742190935829772,9.991757035606538
551.6,6.742190935829772,10.382913729405253
551.625,7.102386303973236,10.542595349531368
551.65,7.102386303973236,9.565616646220656
551.675,7.102386303973236,9.903680135411948
551.7,5.199911694561862,9.756459908383382
551.725,7.884454541933081,8.629949167927242
551.75,7.884454541933081,9.70690481376334
551.775,7.884454541933081,10.94584916403664
551.8,9.163916498538152,9.492882972752838
551.825,8.176764124491907,9.878085251961346
551.85,8.176764124491907,9.818857631201226
551.875,10.45915411728204,9.677742762991807
551.9,10.45915411728204,10.234844665718551
551.925,10.45915411728204,9.943274176497418
551.95,11.163426357538723,9.967318866573246
551.975,16.98636352245368,9.92573280002017
552.0,16.98636352245368,10.627119852857238
552.025,16.98636352245368,9.805835877262723
552.05,14.320658192792996,9.87721493913305
552.075,9.985164831291284,9.97689976327026
552.1,9.985164831291284,8.824342256113233
552.125,12.157052520115464,10.035422590287777
552.15,12.157052520115464,9.90629929395749
552.175,12.157052520115464,9.706358504943355
552.2,13.14778106517662,10.008003373826856
552.225,13.161065606352103,10.283911396870657
552.25,13.161065606352103,10.052741854661802
552.275,13.161065606352103,10.509857912073409
552.3,13.908532498506856,10.31204840323511
552.325,13.647445664642596,10.067501196927388
552.35,13.647445664642596,9.577051009784027
552.375,13.123978119321633,10.554544137166038
552.4,13.123978119321633,9.470838104153064
552.425,13.123978119321633,9.13365561331792
552.45,14.479534483764764,10.36984944516797
552.475,15.216259506329216,9.756239279793729
552.5,15.216259506329216,9.538432243645444
552.525,15.216259506329216,10.293155398120934
552.55,21.088628927176057,9.943704307473128
552.575,21.09939304153024,10.816128750127257
552.6,21.09939304153024,10.11151981715123
552.625,20.188232787068436,10.014018621260606
552.65,20.188232787068436,11.055690239206648
552.675,20.188232787068436,9.410123028572741
552.7,17.913795389064138,11.125424053376582
552.725,16.861082469910258,9.39655581350723
552.75,16.861082469910258,10.26082682740376
552.775,16.861082469910258,10.706606871824217
552.8,17.396897351800234,10.006751556756203
552.825,16.934490972839367,10.153660864371968
552.85,16.934490972839367,10.31014265830349
552.875,12.940087299918236,10.186122546997773
552.9,12.940087299918236,9.50356679237789
552.925,12.940087299918236,9.794014970306188
552.95,12.976920113450507,9.961439809314136
552.975,12.571290008973111,9.30547684817062
553.0,12.571290008973111,10.279523399239856
553.025,12.571290008973111,9.997968843971698
553.05,11.899125903478808,8.036608990296934
553.075,10.838849706867272,9.913014923181125
553.1,10.838849706867272,9.490469840447897
553.125,11.793638186585554,10.30457363993295
553.15,11.793638186585554,9.399093036509907
553.175,11.793638186585554,10.04346110172098
553.2,8.805211658842618,10.116144942489315
553.225,8.31060438343909,9.741054229303447
553.25,8.31060438343909,10.228011972256581
553.275,8.31060438343909,9.986366437905223
553.3,8.2904869707146,9.987131930034861
553.325,8.214033603157477,8.519485038925623
553.35,8.214033603157477,9.401118677409295
553.375,5.564614858099239,9.895979529267128
553.4,5.564614858099239,10.39474945306047
553.425,5.564614858099239,9.727725750574459
553.45,5.552604566547463,10.773200171351919
553.475,9.244885747636433,9.794506235638917
553.5,9.244885747636433,10.062215768523618
553.525,9.244885747636433,10.091585963552534
553.55,9.705829241814891,9.97830786021616
553.575,6.49924156452089,9.027910216315
553.6,6.49924156452089,9.4713128089576
553.625,6.603110312425406,10.256319475591527
553.65,6.603110312425406,9.725008532350275
553.675,6.603110312425406,9.636487629230201
553.7,7.004949282456048,10.303732389260485
553.725,5.922992447627999,10.031004115755474
553.75,5.922992447627999,9.895004766761781
553.775,5.922992447627999,10.770667179056954
553.8,6.458935108477397,9.53451539916055
553.825,7.214841076503784,10.055268641077234
553.85,7.214841076503784,10.306594803511206
553.875,7.45853200007962,9.663532495647877
553.9,7.45853200007962,9.808483173986765
553.925,7.45853200007962,9.227618749669839
553.95,9.852630653095655,10.232870898605736
553.975,7.6265456021844305,10.124285739874935
554.0,7.6265456021844305,10.65590626230816
554.025,7.6265456021844305,10.069339126094107
554.05,10.116229729001851,10.168988860081557
554.075,9.062801288187988,9.356919488001326
554.1,9.062801288187988,10.086838223211895
554.125,9.795711605314334,9.943909379869195
554.15,9.795711605314334,10.42072057832495
554.175,9.795711605314334,9.947182148009212
554.2,10.524840547161595,10.192413352307067
554.225,10.313805032554908,10.196701725794869
554.25,10.313805032554908,9.57976143665504
554.275,10.313805032554908,9.624752075439055
554.3,8.551276736508434,9.465729210737596
554.325,5.961473445444809,9.99632862714082
554.35,5.961473445444809,9.606207339842959
554.375,7.361371772985227,9.956552152071646
554.4,7.361371772985227,9.911881881233128
554.425,7.361371772985227,10.296472464343271
554.45,6.092971942952602,9.895977943863816
554.475,5.837242748179948,9.990479354365421
554.5,5.837242748179948,10.22752002274336
554.525,5.837242748179948,9.785844638030929
554.55,7.334566799162764,9.867678509751583
554.575,10.680927441923773,10.12049580354264
554.6,10.680927441923773,10.139378286454882
554.625,10.200747476969957,9.446733342828473
554.65,10.200747476969957,9.918723232720616
554.675,10.200747476969957,9.566956521592838
554.7,9.92773189117908,9.453723564956938
554.725,10.050109513499947,9.738147210561191
554.75,10.050109513499947,9.625266595048602
554.775,10.050109513499947,10.685727946510912
554.8,11.227490284655708,10.576483616697079
554.825,10.59825351811386,9.712194557713643
554.85,10.59825351811386,10.626452205965625
554.875,9.172638019554244,9.4842231516452
554.9,9.172638019554244,10.349031228246059
554.925,9.172638019554244,10.000284395108025
554.95,8.40608822698679,9.536732020199885
554.975,12.244438420718216,9.922520146369235
555.0,12.244438420718216,9.88962647807509
555.025,12.244438420718216,9.509261091502006
555.05,11.000446032786868,10.693628159107734
555.075,9.940842316663518,8.8710323615756
555.1,9.940842316663518,10.689615330916773
555.125,8.431807399180425,9.442538121701876
555.15,8.431807399180425,10.060932017252027
555.175,8.431807399180425,10.66446143255807
555.2,7.587223242796889,9.860385300338738
555.225,8.23263589403941,9.053474359567147
555.25,8.23263589403941,10.486242268542789
555.275,8.23263589403941,9.835305594557811
555.3,8.797154499079376,9.98603954341805
555.325,8.22639891760462,9.876608657166646
555.35,8.22639891760462,10.808155611794906
555.375,8.396607831419342,10.195800765870427
555.4,8.396607831419342,10.409461943243405
555.425,8.396607831419342,9.328890249430422
555.45,10.198773118711047,10.155265139895336
555.475,10.420270066096569,10.43835526207944
555.5,10.420270066096569,9.633597300498362
555.525,10.420270066096569,10.665143436147488
555.55,7.2821855223720995,9.803971431003275
555.575,7.003978854715395,9.900671051574045
555.6,7.003978854715395,10.821630853838396
555.625,7.1323942943527365,11.00360262863339
555.65,7.1323942943527365,10.15963545308724
555.675,7.1323942943527365,9.635349827758153
555.7,5.341953880233789,9.9021247539988
555.725,7.499293909729708,10.13626606937745
555.75,7.499293909729708,10.30525457001874
555.775,7.499293909729708,10.273276699119995
555.8,5.73297387441909,10.039308570208512
555.825,4.498293075325607,10.794663918819937
555.85,4.498293075325607,10.964851205843038
555.875,4.772781559232029,9.616553457367397
555.9,4.772781559232029,9.635237214507837
555.925,4.772781559232029,9.66801729552268
555.95,6.732187312107863,9.870672597115735
555.975,6.306850766454595,10.262547569683198
556.0,6.306850766454595,10.285884122079983
556.025,6.306850766454595,10.072338944752751
556.05,3.797390457647018,10.569607979468675
556.075,3.858841227350631,9.253180349944742
556.1,3.858841227350631,10.017194828436878
556.125,4.610714674729015,9.75316330139689
556.15,4.610714674729015,9.553352388136831
556.175,4.610714674729015,10.987074553963986
556.2,4.927647297950359,9.710047585516836
556.225,9.300388956534851,10.036831623478436
556.25,9.300388956534851,9.36765422051227
556.275,9.300388956534851,10.194407100513718
556.3,9.875784103292174,9.917783612885739
556.325,9.164411654696815,10.13440882103676
556.35,9.164411654696815,9.38458685790284
556.375,4.956907524956871,9.911934060267244
556.4,4.956907524956871,9.909212981353816
556.425,4.956907524956871,9.740586854288185
556.45,7.846546165871109,10.522219901994628
556.475,8.134930744005226,9.565440209844278
556.5,8.134930744005226,10.857982353461091
556.525,8.134930744005226,9.519195625495218
556.55,8.224463257464938,10.421489678929964
556.575,7.450974106638771,9.320079413597862
556.6,7.450974106638771,9.993904919626106
556.625,7.475565497231835,10.154316880462328
556.65,7.475565497231835,10.09558245188234
556.675,7.475565497231835,9.762967741329012
556.7,6.418744712850764,10.766467610884128
556.725,6.590756966327908,9.775819400646055
556.75,6.590756966327908,10.09216697479413
556.775,6.590756966327908,9.999186677238763
556.8,7.991050347234728,10.008770106958444
556.825,7.752606912522031,10.724690716019998
556.85,7.752606912522031,10.88596426590168
556.875,5.594090622358815,9.668965937260237
556.9,5.594090622358815,9.812919496635969
556.925,5.594090622358815,9.689891704873112
556.95,2.57309633860948,10.566058283167699
556.975,2.429032335184603,10.028638066010522
557.0,2.429032335184603,9.8784682225144
557.025,2.429032335184603,10.216256012725564
557.05,3.194116290385134,10.661187410748514
557.075,3.952535098587036,9.552035954177283
557.1,3.952535098587036,9.689911152906687
557.125,5.7184169786744965,11.460456231993637
557.15,5.7184169786744965,10.31075193094354
557.175,5.7184169786744965,9.884325170889761
557.2,5.521838994501669,11.089798486102774
557.225,10.95725707899078,10.015695439727853
557.25,10.95725707899078,10.09145179959722
557.275,10.95725707899078,11.610188596255279
557.3,12.6975875347042,9.50951587990734
557.325,11.94549885482823,10.209794183115001
557.35,11.94549885482823,10.166205597454162
557.375,13.547123838918251,9.731851088330291
557.4,13.547123838918251,10.089271142175182
557.425,13.547123838918251,11.844704744446158
557.45,12.93625821252456,10.099614392818335
557.475,10.132829944348464,11.15263739625909
557.5,10.132829944348464,10.897486528906573
557.525,10.132829944348464,9.54309997930863
557.55,8.468497307292285,10.681328699180257
557.575,8.558011411359354,9.757281776956454
557.6,8.558011411359354,10.119228589451886
557.625,10.46809876483488,10.013715489253721
557.65,10.46809876483488,9.81859784759814
557.675,10.46809876483488,10.057926410559409
557.7,12.243315303213,10.436420231538925
557.725,13.4236413111662,10.325216184785445
557.75,13.4236413111662,10.77272129383226
557.775,13.4236413111662,10.053816745829359
557.8,13.655877478772616,10.945639860315412
557.825,11.23774801708368,10.461362919790954
557.85,11.23774801708368,11.491368065923352
557.875,10.389433550552486,10.685007574225837
557.9,10.389433550552486,9.916044266305413
557.925,10.389433550552486,11.442778335113069
557.95,8.087332313187025,10.519164523132426
557.975,9.516622053907415,10.443780508187567
558.0,9.516622053907415,10.062043884418436
558.025,9.516622053907415,9.71986066259053
558.05,7.890867817288488,10.68763462005851
558.075,8.22976006401591,11.21293614807556
558.1,8.22976006401591,9.436962239417984
558.125,10.744836547270337,10.695403600665525
558.15,10.744836547270337,8.884833603206229
558.175,10.744836547270337,10.805972877752943
558.2,9.56033464093501,10.868720051468742
558.225,10.034024852886766,10.013696376716583
558.25,10.034024852886766,10.215419177041777
558.275,10.034024852886766,9.65217067668526
558.3,10.420537537025613,10.016742101545029
558.325,10.813767325801376,10.143053063683219
558.35,10.813767325801376,9.925225546249006
558.375,10.399461376415037,10.634075046684806
558.4,10.399461376415037,10.404824559544993
558.425,10.399461376415037,10.207977908163548
558.45,11.239961515958298,10.4156333523912
558.475,10.270621894702446,10.350488450847216
558.5,10.270621894702446,10.360115523507123
558.525,10.270621894702446,10.507024299691818
558.55,11.297745724730246,11.44076865173657
558.575,8.809247578367202,10.168235982076865
558.6,8.809247578367202,10.317826765753907
558.625,10.337213077454024,10.974312657150312
558.65,10.337213077454024,10.858847811401759
558.675,10.337213077454024,9.423999779063887
558.7,12.386105687743395,10.734646492920618
558.725,9.786836381889852,10.55217657284487
558.75,9.786836381889852,9.84571192897599
558.775,9.786836381889852,10.519402710078909
558.8,6.615882610725274,9.54820463793073
558.825,5.84761077877337,10.883554642448821
558.85,5.84761077877337,10.020770986554185
558.875,5.134707755745017,10.224748421927446
558.9,5.134707755745017,9.966694292498273
558.925,5.134707755745017,10.107958377429632
558.95,5.456274991408383,9.891241384304797
558.975,8.162505715571315,10.004163837365564
559.0,8.162505715571315,9.58319310800402
559.025,8.162505715571315,9.796152282284416
559.05,6.8710328194659445,10.852114198234268
559.075,8.26598025119954,11.255716233763916
559.1,8.26598025119954,10.829512598131503
559.125,6.31893759623452,8.44794895044334
559.15,6.31893759623452,10.122627622175235
559.175,6.31893759623452,10.152639048921028
559.2,7.901282548763143,9.798104729969374
559.225,4.284911492412507,10.664448706054038
559.25,4.284911492412507,11.148053105878153
559.275,4.284911492412507,9.716025868155942
559.3,3.387501873324541,9.142327883734097
559.325,2.816555874825573,10.74213664718895
559.35,2.816555874825573,10.074089509622565
559.375,1.6878607656623086,11.103124724964516
559.4,1.6878607656623086,10.132614074971798
559.425,1.6878607656623086,10.224463393959258
559.45,2.8089770005002417,9.712889824531597
559.475,3.761650862571475,10.412698609013825
559.5,3.761650862571475,9.970672611186467
559.525,3.761650862571475,10.168490078011219
559.55,4.13957113220355,10.314630721873277
559.575,4.398873567180338,10.127149602873843
559.6,4.398873567180338,9.34410895715325
559.625,4.389106665725657,9.568869169169378
559.65,4.389106665725657,10.169727639262636
559.675,4.389106665725657,9.909498172321559
559.7,3.2079330995991437,10.023765893664219
559.725,3.096852364013727,9.677614345243843
559.75,3.096852364013727,10.247585602501683
559.775,3.096852364013727,10.223049864087864
559.8,2.270482442207613,9.884972219605231
559.825,2.0699568053814983,9.833887485042128
559.85,2.0699568053814983,9.484850965046425
559.875,0.6714791798438764,10.181306235078655
559.9,0.6714791798438764,9.74524464627302
559.925,0.6714791798438764,9.829483168312406
559.95,0.8668186967574903,10.132646198916666
559.975,0.8246715844103863,9.825361518871185
560.0,0.8246715844103863,10.16949410079017
560.025,0.8246715844103863,10.902028689614008
560.05,1.1940635641888908,9.264323895788214
560.075,1.7174349610660609,10.101732276300343
560.1,1.7174349610660609,11.184800233951322
560.125,1.4545008243877535,9.23626758921461
560.15,1.4545008243877535,10.043993316096591
560.175,1.4545008243877535,10.098781533346445
560.2,1.1841884972356342,9.856966905304645
560.225,1.7301928277122105,10.848578856270285
560.25,1.7301928277122105,9.466911750066831
560.275,1.7301928277122105,9.812982586150918
560.3,1.5871539608267011,10.577275586936757
560.325,3.716308710080957,9.333839846415179
560.35,3.716308710080957,9.81647195623736
560.375,3.713188093679012,9.611446442874746
560.4,3.713188093679012,9.771616021754825
560.425,3.713188093679012,10.005921461216237
560.45,5.033866655715413,10.816713471508585
560.475,4.039352166931208,9.85232579627109
560.5,4.039352166931208,10.159822433040084
560.525,4.039352166931208,10.104615909821307
560.55,2.5406343588123104,10.184455367278453
560.575,3.790523684957899,10.11774055082701
560.6,3.790523684957899,9.906943244817448
560.625,7.016340669683603,10.310558824916745
560.65,7.016340669683603,9.430377964182593
560.675,7.016340669683603,9.947563717047682
560.7,3.980441867739664,10.785045679968803
560.725,2.9729831833600597,9.817327889195864
560.75,2.9729831833600597,10.088764255532483
560.775,2.9729831833600597,10.006907376745808
560.8,3.466640575721889,10.482750655210634
560.825,2.447662450770499,10.419675138602592
560.85,2.447662450770499,9.379943246240892
560.875,1.688622049402025,10.01048040152161
560.9,1.688622049402025,10.372552812009927
560.925,1.688622049402025,9.82248754943505
560.95,5.769085802926077,10.161144747006729
560.975,3.3024828361273784,12.551092257226573
561.0,3.3024828361273784,13.030250369852142
561.025,3.3024828361273784,10.260963189217867
561.05,1.564027199419587,10.235879073649876
561.075,2.6017253499569204,10.617105379862826
561.1,2.6017253499569204,11.194675818458391
561.125,2.06857865587822,9.733814082021418
561.15,2.06857865587822,10.134937075997987
561.175,2.06857865587822,11.410232773453947
561.2,3.0406942475383167,9.874921743827223
561.225,1.7876196260049435,10.088628949329808
561.25,1.7876196260049435,9.5307880396722
561.275,1.7876196260049435,9.919631408258859
561.3,2.6123801811590868,9.816926488523618
561.325,4.069579407419331,10.59118156448297
561.35,4.069579407419331,9.643529618818997
561.375,2.996445043643621,9.838054442331451
561.4,2.996445043643621,11.251668283835656
561.425,2.996445043643621,9.98725934975279
561.45,4.241639160726982,9.712325883340874
561.475,5.435025633423108,9.811745308573375
561.5,5.435025633423108,10.018359277498716
561.525,5.435025633423108,10.15733849818952
561.55,5.720566932600813,9.749633269145232
561.575,6.89425430042184,9.808887265433283
561.6,6.89425430042184,9.708949439148164
561.625,7.820217411775153,10.674522233221557
561.65,7.820217411775153,9.886388793940302
561.675,7.820217411775153,9.883510992039323
561.7,8.250459376945521,10.000661678115256
561.725,9.670887552022403,9.724502491943078
561.75,9.670887552022403,9.263906714434524
561.775,9.670887552022403,9.595690045785402
561.8,11.67690255491293,9.961438243065304
561.825,9.441591640180365,10.068659857479291
561.85,9.441591640180365,10.20574902347434
561.875,13.115185130529811,9.686670554905797
561.9,13.115185130529811,9.210966653076412
561.925,13.115185130529811,9.79639726821015
561.95,12.713220756046471,9.87883669413084
561.975,13.990094241960294,10.480798255204652
562.0,13.990094241960294,10.251094384301153
562.025,13.990094241960294,9.866871735703741
562.05,13.841566002591216,9.847668411935357
562.075,13.25832466550877,9.723795177831558
562.1,13.25832466550877,9.636306756892543
562.125,17.29377131860219,9.850473110925241
562.15,17.29377131860219,9.738914883932075
562.175,17.29377131860219,9.588774879418784
562.2,15.32607784224405,9.59296094858391
562.225,19.30125262675753,10.338612214407751
562.25,19.30125262675753,10.069071599026664
562.275,19.30125262675753,10.017336812089182
562.3,17.353865512015087,9.799289496678883
562.325,18.359444403728777,10.062183763496366
562.35,18.359444403728777,9.26010657327425
562.375,20.043078124963618,9.472275446428696
562.4,20.043078124963618,9.810930964833778
562.425,20.043078124963618,10.091851315919715
562.45,22.51681797766795,10.221068445386326
562.475,17.148874381977826,9.835298993751449
562.5,17.148874381977826,9.372616413975402
562.525,17.148874381977826,9.992549198385577
562.55,19.58177128667833,9.810638920220686
562.575,19.30460399978657,9.634321464844273
562.6,19.30460399978657,10.34459082402094
562.625,23.42464427435923,9.477064784945922
562.65,23.42464427435923,10.332314884336432
562.675,23.42464427435923,9.69818592627281
562.7,18.25147341170372,9.90875489453194
562.725,17.99533379505437,10.028301737420458
562.75,17.99533379505437,9.833761096293726
562.775,17.99533379505437,10.149012301811874
562.8,18.14522140043851,9.336495683545797
562.825,16.53392016015628,9.151832720802833
562.85,16.53392016015628,10.200028801658194
562.875,16.81878736183564,9.86343523263088
562.9,16.81878736183564,10.473139212003716
562.925,16.81878736183564,9.631748310233942
562.95,17.328786892455327,9.177925823302035
562.975,18.010894398046865,9.718807466607295
563.0,18.010894398046865,10.41508894269138
563.025,18.010894398046865,9.66756985274526
563.05,15.113870664672485,9.945125773812121
563.075,20.477989760691404,9.836179042920719
563.1,20.477989760691404,9.210229299419993
563.125,19.169436302558097,9.969275752366391
563.15,19.169436302558097,9.587191489389838
563.175,19.169436302558097,9.616860278014663
563.2,13.16642648497426,9.653906369665153
563.225,11.818269793479496,10.261502159120878
563.25,11.818269793479496,9.143765974074377
563.275,11.818269793479496,9.858771835765765
563.3,14.94417267953385,10.278267387797365
563.325,14.273331046272355,10.252324034091396
563.35,14.273331046272355,10.46406583892194
563.375,13.992476012486618,10.359736715101748
563.4,13.992476012486618,10.010736583525018
563.425,13.992476012486618,10.083336718845969
563.45,13.751106679819488,9.482725933270318
563.475,12.68682281726831,10.56799391759408
563.5,12.68682281726831,9.765045573730417
563.525,12.68682281726831,9.911137766925252
563.55,9.848230986542887,10.248573511539695
563.575,5.499022126015162,9.564504483118569
563.6,5.499022126015162,10.09336704262678
563.625,5.653750425645312,9.350609020148537
563.65,5.653750425645312,9.42556643171475
563.675,5.653750425645312,9.415847707197237
563.7,5.173478421890796,11.037841069719846
563.725,6.3860987904389805,9.927564579580801
563.75,6.3860987904389805,10.004499326097742
563.775,6.3860987904389805,10.22563306343842
563.8,6.731448129631374,9.746996223677552
563.825,5.367045037160267,10.67481689588004
563.85,5.367045037160267,9.677652369645417
563.875,5.386632260586946,9.898218265975647
563.9,5.386632260586946,10.011213764599338
563.925,5.386632260586946,9.848438534261566
563.95,9.645059260730116,9.497338117327219
563.975,8.549595610763614,10.234797958579348
564.0,8.549595610763614,9.790082724360996
564.025,8.549595610763614,10.291352735792866
564.05,7.609763038872556,10.001800960008364
564.075,7.695957786486303,10.33103590290078
564.1,7.695957786486303,9.470190962468795
564.125,10.27498166127782,9.603420018503876
564.15,10.27498166127782,9.760200465607447
564.175,10.27498166127782,10.392312865440044
564.2,9.217883137576305,9.924316808884889
564.225,10.656854758434855,10.019121312742994
564.25,10.656854758434855,9.958657831660135
564.275,10.656854758434855,10.052861114209485
564.3,12.06226531276986,9.594161807759562
564.325,11.400668224927909,10.190338764634248
564.35,11.400668224927909,9.723045681565866
564.375,11.227338100850496,9.417569561098027
564.4,11.227338100850496,10.562180467501822
564.425,11.227338100850496,10.048222698402917
564.45,8.143450802773822,10.113978366937996
564.475,7.910511685779891,9.442301919600004
564.5,7.910511685779891,9.680927120844503
564.525,7.910511685779891,9.726948564427214
564.55,7.707070831658129,9.779794777015704
564.575,4.497443596601333,10.246919867614473
564.6,4.497443596601333,10.702001282639062
564.625,6.720623002859304,9.99135991050599
564.65,6.720623002859304,9.616982466291113
564.675,6.720623002859304,8.864497848238502
564.7,4.877960825423823,9.937404420141268
564.725,7.091518185458224,9.960411317187459
564.75,7.091518185458224,9.68965167872386
564.775,7.091518185458224,10.134769905665358
564.8,5.735907101018494,9.945992509325118
564.825,7.952089148403193,9.773409203188116
564.85,7.952089148403193,10.313460354837039
564.875,5.882450514913101,9.568425362501129
564.9,5.882450514913101,9.520707820667113
564.925,5.882450514913101,10.663425019370646
564.95,7.042523710564133,10.583302060368014
564.975,7.970988311577002,9.736355475522688
565.0,7.970988311577002,10.057161049006984
565.025,7.970988311577002,9.648108442624803
565.05,5.078785842350317,9.540187711698795
565.075,5.987792818953352,9.852758145441086
565.1,5.987792818953352,10.015883375348851
565.125,4.561135301086988,9.908387229559153
565.15,4.561135301086988,9.332860608217425
565.175,4.561135301086988,9.79430695177769
565.2,6.196764071733456,10.381034521339382
565.225,4.742937776186123,9.366766101844995
565.25,4.742937776186123,9.63407442483531
565.275,4.742937776186123,9.742362636803367
565.3,5.067297766729104,9.330874354310707
565.325,4.917719427584067,9.933511767370511
565.35,4.917719427584067,9.560107242351085
565.375,8.346763077279526,9.52694667557423
565.4,8.346763077279526,9.893768091703967
565.425,8.346763077279526,9.819867159250498
565.45,4.313968576491363,9.706438064617656
565.475,5.697856706772472,10.953274460684083
565.5,5.697856706772472,10.348866813985643
565.525,5.697856706772472,9.428326085805109
565.55,3.65676831649226,10.444750106313897
565.575,4.613969927478095,9.996895264050089
565.6,4.613969927478095,10.169079906064457
565.625,6.003769983361984,9.697226680443215
565.65,6.003769983361984,9.516314100308122
565.675,6.003769983361984,9.608492147179124
565.7,7.900390865810988,10.029102011239495
565.725,8.251253856967155,9.958795091206836
565.75,8.251253856967155,9.361665221112988
565.775,8.251253856967155,9.340250530300906
565.8,8.282522372047355,10.089548973521651
565.825,12.307223185428926,9.936108607271441
565.85,12.307223185428926,9.93494586139975
565.875,12.92746159084569,9.944135371824547
565.9,12.92746159084569,9.69127169811315
565.925,12.92746159084569,9.574115875224773
565.95,12.971473398377784,9.843482698479683
565.975,12.02319655045339,10.0499983600129
566.0,12.02319655045339,9.249904881099011
566.025,12.02319655045339,9.939956272863219
566.05,13.97471132975271,9.737549841388066
566.075,12.297816417202435,8.931105316863663
566.1,12.297816417202435,10.23810057865918
566.125,10.816222930515725,10.449264282070262
566.15,10.816222930515725,10.046551707631128
566.175,10.816222930515725,9.89006994424549
566.2,10.427714730872612,9.915683497320565
566.225,12.587875251102176,9.637366585419405
566.25,12.587875251102176,9.422592632768094
566.275,12.587875251102176,9.818418260145823
566.3,9.544421003033758,9.912736765968628
566.325,7.430086573049117,10.076329326924146
566.35,7.430086573049117,9.457161674588264
566.375,10.989736431940027,9.811036037148138
566.4,10.989736431940027,9.503632536800051
566.425,10.989736431940027,9.469421706599638
566.45,8.611429365050665,9.866276789126317
566.475,6.706352066888651,9.295895848316912
566.5,6.706352066888651,9.72294795940258
566.525,6.706352066888651,10.046590493900963
566.55,5.115083530704461,10.096401388895286
566.575,8.19644121861687,9.462038223837903
566.6,8.19644121861687,10.045242218266413
566.625,7.235309874929524,9.720404865158626
566.65,7.235309874929524,10.610601891483306
566.675,7.235309874929524,9.85532412484449
566.7,8.238322561642796,9.643545889379388
566.725,6.3801204034072665,9.50473195494494
566.75,6.3801204034072665,9.481472707888443
566.775,6.3801204034072665,8.629111824143614
566.8,5.2751781532887385,10.218212967693695
566.825,5.040902764082206,9.827202804903449
566.85,5.040902764082206,9.356605257254635
566.875,4.614773544565235,9.525430844745904
566.9,4.614773544565235,9.96875198318612
566.925,4.614773544565235,10.197591838283374
566.95,4.9274553799320495,10.107438922906542
566.975,7.681406307743911,9.187565290412225
567.0,7.681406307743911,9.86302504574396
567.025,7.681406307743911,9.130019097787184
567.05,10.035156045087424,9.524070962977738
567.075,7.993037312722849,9.787523540302894
567.1,7.993037312722849,9.536763829103801
567.125,6.590419458198617,9.624056793352787
567.15,6.590419458198617,9.979588642962918
567.175,6.590419458198617,9.551921528093182
567.2,8.67595072002971,9.984823741430978
567.225,10.59271734407552,9.69838015910476
567.25,10.59271734407552,9.516034188544436
567.275,10.59271734407552,9.665375458282396
567.3,11.364190996352834,9.643951161674947
567.325,13.947754807056832,9.321255065776041
567.35,13.947754807056832,9.698994727756325
567.375,13.88991705724047,10.17086909161647
567.4,13.88991705724047,10.010887884135668
567.425,13.88991705724047,9.8583925381393
567.45,15.413659067270933,9.979139352097844
567.475,12.564133909595965,9.327891185128971
567.5,12.564133909595965,10.01400204017021
567.525,12.564133909595965,9.634763768227703
567.55,13.553927695012522,9.816837901343035
567.575,12.620981528882972,9.908058161200024
567.6,12.620981528882972,9.873900295696975
567.625,15.270650353361953,9.991665849633149
567.65,15.270650353361953,9.849969306324846
567.675,15.270650353361953,9.89791483421377
567.7,16.01775452053254,9.666252515606606
567.725,13.83900335396544,9.865161373295233
567.75,13.83900335396544,9.691246011907053
567.775,13.83900335396544,9.545541536502533
567.8,15.490183288333242,9.699780538297995
567.825,16.335224298928466,9.655510336753037
567.85,16.335224298928466,9.477480096997777
567.875,15.912339682167335,9.054396226365773
567.9,15.912339682167335,9.720491881817908
567.925,15.912339682167335,9.547856590139691
567.95,17.767567371733104,9.534238198173068
567.975,23.757537740660624,9.61736720470702
568.0,23.757537740660624,9.632846732101006
568.025,23.757537740660624,10.062989458542589
568.05,25.75478529991521,9.567633969073821
568.075,23.50790733435554,9.011777424055136
568.1,23.50790733435554,9.777658750231991
568.125,23.170930006368398,9.593313771877595
568.15,23.170930006368398,9.914648824751925
568.175,23.170930006368398,9.549775980822453
568.2,20.92514972154011,9.431385403751715
568.225,19.104039455132103,9.534929242475314
568.25,19.104039455132103,9.589253216409352
568.275,19.104039455132103,9.576553214370096
568.3,19.499281482805355,9.591640033819836
568.325,19.64255252928659,9.821114262017764
568.35,19.64255252928659,14.04801672540937
568.375,19.71697793689173,10.267425909959432
568.4,19.71697793689173,9.048336789888927
568.425,19.71697793689173,9.980198034187302
568.45,19.00896253847213,8.330583096045133
568.475,16.362594590791332,10.00801902613812
568.5,16.362594590791332,9.89455645402343
568.525,16.362594590791332,9.674506692072997
568.55,17.25410024245436,9.521095814990485
568.575,10.781865851377033,9.880932170636873
568.6,10.781865851377033,9.592521654083214
568.625,9.539462784588263,9.820296552654776
568.65,9.539462784588263,9.741748329570184
568.675,9.539462784588263,9.826400646255438
568.7,9.531830798035058,7.661372969923406
568.725,10.486388195344414,9.755670564627662
568.75,10.486388195344414,9.577600776219057
568.775,10.486388195344414,9.422801848390673
568.8,9.367508273279942,9.660206696904492
568.825,11.649638191881454,9.535912783764768
568.85,11.649638191881454,9.895735414240743
568.875,13.82196766041471,9.800425344659454
568.9,13.82196766041471,9.407147529980753
568.925,13.82196766041471,9.904210395135628
568.95,10.670853807063835,9.875718996655074
568.975,12.48006016932321,9.731049466344942
569.0,12.48006016932321,9.586830726355663
569.025,12.48006016932321,8.63138827876742
569.05,15.379472120015278,10.033491730048858
569.075,15.890903258085974,9.75941596911689
569.1,15.890903258085974,10.08047013564875
569.125,10.416928171871538,9.801111012710175
569.15,10.416928171871538,9.762948823797275
569.175,10.416928171871538,9.549230417553515
569.2,10.776340460141812,9.681100191290083
569.225,9.89745476571699,9.770057244894742
569.25,9.89745476571699,9.631060713716543
569.275,9.89745476571699,9.641641145477363
569.3,10.556841218439413,9.79553615960125
569.325,9.719200611811583,9.85717277214196
569.35,9.719200611811583,9.321510138115022
569.375,12.028409420253857,9.83553028919855
569.4,12.028409420253857,9.807881560907775
569.425,12.028409420253857,9.804328217569145
569.45,14.544319398142065,9.183667648061867
569.475,18.98983372643861,10.045156015607494
569.5,18.98983372643861,9.397480116452783
569.525,18.98983372643861,9.670619616026489
569.55,18.69374151851389,9.840909626197993
569.575,18.28283399084653,9.815390010581542
569.6,18.28283399084653,9.71579049566322
569.625,15.046383812482524,9.68466201318427
569.65,15.046383812482524,10.153070547849074
569.675,15.046383812482524,9.621587526067586
569.7,12.17528876584119,9.668556459402073
569.725,14.96734310068384,9.637831215188932
569.75,14.96734310068384,9.704271727233047
569.775,14.96734310068384,9.949896548614108
569.8,12.952561703748083,9.743967949932165
569.825,15.249683195351702,9.87432564950165
569.85,15.249683195351702,9.385513280187936
569.875,17.603985102800642,8.960752526177142
569.9,17.603985102800642,9.613946377128437
569.925,17.603985102800642,10.094627823771168
569.95,14.803759270219564,9.8099593662881
569.975,15.473034625303969,9.804071486622249
570.0,15.473034625303969,9.203607335441188
570.025,15.473034625303969,9.370222562044496
570.05,16.645539713194214,9.589600036819103
570.075,15.744091620072895,9.821730890667233
570.1,15.744091620072895,10.226285472707549
570.125,16.01979604785955,9.83211386309815
570.15,16.01979604785955,9.483452606079146
570.175,16.01979604785955,9.850136260215617
570.2,11.752584461616998,9.57614072774521
570.225,12.61419306270771,9.975796222528466
570.25,12.61419306270771,9.559170163378225
570.275,12.61419306270771,8.695870779335495
570.3,11.79583140348355,10.229432478557507
570.325,14.226864006879964,8.774733185347374
570.35,14.226864006879964,9.714169101313749
570.375,16.352774718280592,9.413036205731947
570.4,16.352774718280592,9.78655073347493
570.425,16.352774718280592,9.470633725932707
570.45,17.800275882614077,10.009837710692656
570.475,20.821205247493104,9.937059051024214
570.5,20.821205247493104,10.827444574040209
570.525,20.821205247493104,9.97208124155584
570.55,16.953489898503882,9.83332829192144
570.575,20.774200308382323,9.712219223005256
570.6,20.774200308382323,9.652775293234294
570.625,25.577583418226173,9.366666087220711
570.65,25.577583418226173,10.279568487541056
570.675,25.577583418226173,9.833144157472631
570.7,26.04912868179101,9.711716299512004
570.725,28.03836299709327,9.670570679737294
570.75,28.03836299709327,9.587770915543326
570.775,28.03836299709327,9.66175589827912
570.8,27.592651996979203,9.727634158056803
570.825,28.59096584281479,10.042712973680468
570.85,28.59096584281479,10.060312872048186
570.875,28.08629410230039,9.85738366664826
570.9,28.08629410230039,9.546418245396252
570.925,28.08629410230039,9.426198777141035
570.95,24.19312644731384,10.277699671941887
570.975,24.455296777498145,9.404020183000204
571.0,24.455296777498145,9.863300490893412
571.025,24.455296777498145,9.026780092424449
571.05,20.819789118741557,9.654301012480909
571.075,16.432443878088442,9.623938288132223
571.1,16.432443878088442,9.878770366999248
571.125,15.716316474050588,9.670997808245822
571.15,15.716316474050588,9.556655988247087
571.175,15.716316474050588,9.642278351007587
571.2,10.807504764465648,10.010866428097994
571.225,12.65869519795337,9.335652411861759
571.25,12.65869519795337,9.453830251027204
571.275,12.65869519795337,9.453470141432172
571.3,11.724977043905326,10.09045923338835
571.325,10.448710214153468,9.405173270570943
571.35,10.448710214153468,10.3007214223194
571.375,12.388669528237203,8.653267115722517
571.4,12.388669528237203,9.781120122007144
571.425,12.388669528237203,9.50202210253966
571.45,11.258647020492916,9.946051863404852
571.475,17.82386255645331,9.61034198882244
571.5,17.82386255645331,10.567928231282437
571.525,17.82386255645331,9.495084346117102
571.55,13.34874736046955,9.604563805894795
571.575,10.766398324120027,9.580781921995943
571.6,10.766398324120027,8.940457403913413
571.625,9.961325064245989,9.47527836741863
571.65,9.961325064245989,9.864402949452371
571.675,9.961325064245989,9.84846866528986
571.7,12.19938716985408,9.900541825092652
571.725,13.273716462271612,9.733455616171254
571.75,13.273716462271612,10.467057698434207
571.775,13.273716462271612,9.769349969112906
571.8,13.200558781333442,9.880087175255486
571.825,12.802762561135443,9.681793780240021
571.85,12.802762561135443,9.912085213580555
571.875,14.147822363664131,9.349529127181855
571.9,14.147822363664131,10.376019991533953
571.925,14.147822363664131,9.589178304333831
571.95,10.885824978268122,9.765610983656108
571.975,9.000658697444818,10.086570727082535
572.0,9.000658697444818,9.909617153233988
572.025,9.000658697444818,9.718033963498396
572.05,8.262157109808038,9.191474563911893
572.075,5.683722500583744,9.831835434051222
572.1,5.683722500583744,10.182046340708103
572.125,7.5468083563796355,9.947117586366176
572.15,7.5468083563796355,10.105461070354245
572.175,7.5468083563796355,9.038443231377201
572.2,9.72392435807566,9.32144976284758
572.225,12.28944231442972,10.106420200117466
572.25,12.28944231442972,10.186982413977178
572.275,12.28944231442972,9.90565676736823
572.3,13.666389499076132,9.653338314673752
572.325,10.35344911403975,9.583304731510308
572.35,10.35344911403975,10.081315987713836
572.375,10.937255819126976,10.029493436315452
572.4,10.937255819126976,9.864288766446307
572.425,10.937255819126976,9.759076028486076
572.45,11.545485269956917,9.923245058330219
572.475,10.170695261927031,10.394247360364796
572.5,10.170695261927031,9.69941355199528
572.525,10.170695261927031,9.471554493379815
572.55,10.591605161320585,9.656476628214518
572.575,13.037105544788286,9.619312437281497
572.6,13.037105544788286,9.334509358021927
572.625,12.961721961495147,9.571023122324316
572.65,12.961721961495147,10.382585995599104
572.675,12.961721961495147,9.82783579765676
572.7,10.481357626107972,9.616467536493097
572.725,11.75979622516821,10.259932564263643
572.75,11.75979622516821,9.487526960116625
572.775,11.75979622516821,9.190280251177066
572.8,9.5014833706755,8.956501459546184
572.825,10.978208393169806,9.755487425099453
572.85,10.978208393169806,9.868561831314214
572.875,10.211942706330507,9.916994122497563
572.9,10.211942706330507,9.772966979604199
572.925,10.211942706330507,9.712042213105534
572.95,10.0786753583487,9.852621418398542
572.975,10.733692803733131,10.060613295230457
573.0,10.733692803733131,8.191568999505009
573.025,10.733692803733131,9.238793373026805
573.05,10.191313226073945,9.923077193193812
573.075,10.12752181728136,9.81301551790568
573.1,10.12752181728136,9.863681180381667
573.125,7.691781546655682,9.648936829126324
573.15,7.691781546655682,9.847147969282524
573.175,7.691781546655682,9.699873367555098
573.2,5.33550194227788,10.101592738874011
573.225,4.711808749444969,10.588167630127218
573.25,4.711808749444969,9.56036345600829
573.275,4.711808749444969,8.698500283594502
573.3,6.723419356090004,9.568288538531876
573.325,9.206178084142843,12.202659008592839
573.35,9.206178084142843,9.026144073809819
573.375,6.923399028488095,9.737905781312083
573.4,6.923399028488095,9.775623344779754
573.425,6.923399028488095,9.626958585546106
573.45,10.261547990234392,9.913721879093368
573.475,11.136304296651115,10.51053222565528
573.5,11.136304296651115,8.871463858307855
573.525,11.136304296651115,9.272833611892349
573.55,6.045262548013491,9.582945045563012
573.575,7.438360816975965,9.611222299034054
573.6,7.438360816975965,9.833661336813222
573.625,8.021317370064393,9.801834504489017
573.65,8.021317370064393,9.479979297961735
573.675,8.021317370064393,9.953926885350068
573.7,7.245927965840467,9.82301290438032
573.725,10.301748604925534,10.324801359936682
573.75,10.301748604925534,9.664259293395608
573.775,10.301748604925534,9.700869313451623
573.8,9.845383220735933,8.443163988938192
573.825,9.976236714928412,9.691751687783254
573.85,9.976236714928412,9.663573144902786
573.875,12.388138776328857,9.525608579338787
573.9,12.388138776328857,9.97758362421997
573.925,12.388138776328857,10.66845109658364
573.95,11.795083785058347,8.051918980066793
573.975,12.615204006460248,9.716542911662682
574.0,12.615204006460248,9.609907018155445
574.025,12.615204006460248,9.529654502562842
574.05,9.849318749952529,9.376273619896288
574.075,10.55587342601337,9.684339608831921
574.1,10.55587342601337,10.286330329082592
574.125,13.511842242640244,9.673107569036933
574.15,13.511842242640244,9.879351436638471
574.175,13.511842242640244,10.078104365696257
574.2,17.56971790596336,9.665479060177196
574.225,12.675637891429014,9.766781741936137
574.25,12.675637891429014,10.056619189750869
574.275,12.675637891429014,9.462426218564964
574.3,12.419642272254997,9.768239883040115
574.325,11.651175658998095,9.50445942892524
574.35,11.651175658998095,9.140065152766926
574.375,13.955317774827684,9.633221966610682
574.4,13.955317774827684,9.989671680486348
574.425,13.955317774827684,9.519730081446216
574.45,14.659071495723646,8.790612257318575
574.475,12.931659595977628,9.487340747234443
574.5,12.931659595977628,10.103674667089072
574.525,12.931659595977628,9.91246705835278
574.55,14.82457911926241,9.784826344559791
574.575,16.00264448729967,9.381194104021152
574.6,16.00264448729967,9.655256528231394
574.625,14.975653992483196,9.572359680404912
574.65,14.975653992483196,9.133139527182923
574.675,14.975653992483196,9.794516482649314
574.7,11.378473284222324,9.710613943336114
574.725,13.88786159423829,9.471876351341063
574.75,13.88786159423829,9.063026311412269
574.775,13.88786159423829,9.379541192305203
574.8,13.175752293806744,9.711701026266061
574.825,13.607902742607276,10.049328712200174
574.85,13.607902742607276,9.807718258970468
574.875,11.881421418637588,9.465869252341705
574.9,11.881421418637588,10.125281689354713
574.925,11.881421418637588,9.644427860290431
574.95,13.12841394901534,9.694842693509734
574.975,9.99610510392444,9.833797883647216
575.0,9.99610510392444,9.889145100296274
575.025,9.99610510392444,9.200072450145221
575.05,8.732929529123252,9.534755732919484
575.075,9.029686320853113,10.072946065693284
575.1,9.029686320853113,9.41002344924186
575.125,5.819665670870762,9.627251982014958
575.15,5.819665670870762,9.66439126346256
575.175,5.819665670870762,9.790222004118503
575.2,5.001898590480343,9.792474849750471
575.225,6.319291385285261,9.798543501129721
575.25,6.319291385285261,9.544413112176676
575.275,6.319291385285261,9.535593772586575
575.3,8.036264576021143,9.636289139844404
575.325,7.456342719163698,9.484817405622335
575.35,7.456342719163698,9.847946337836571
575.375,6.8356331256808085,9.873653489564257
575.4,6.8356331256808085,9.612550970138425
575.425,6.8356331256808085,9.564528564921327
575.45,8.644939133131707,9.599091293942722
575.475,7.375532741301258,9.679433961820282
575.5,7.375532741301258,10.261460529221269
575.525,7.375532741301258,9.823818843960067
575.55,7.064426431849467,9.665189072602265
575.575,10.668776971386588,9.850196928583536
575.6,10.668776971386588,9.687136276072856
575.625,12.24521576169422,9.942631344342674
575.65,12.24521576169422,9.916744791318942
575.675,12.24521576169422,9.840440850673243
575.7,11.773049278553191,9.365769621427386
575.725,9.740219678464332,9.961842032240284
575.75,9.740219678464332,9.01041624725971
575.775,9.740219678464332,9.820977992738184
575.8,8.196578380094795,9.586021194413776
575.825,11.172985581338938,9.722133372206057
575.85,11.172985581338938,9.677026532219337
575.875,11.675165106976154,9.720227608161538
575.9,11.675165106976154,9.635527874890421
575.925,11.675165106976154,9.683603526642482
575.95,9.47694963715644,10.500117096490882
575.975,9.529408550228784,10.043433783438033
576.0,9.529408550228784,10.017079326540983
576.025,9.529408550228784,9.399249882751647
576.05,9.092425202417704,9.688100144866704
576.075,8.147188408407098,9.486388993668399
576.1,8.147188408407098,9.897167911647996
576.125,6.156083587853579,10.049585702286231
576.15,6.156083587853579,9.7781599855417
576.175,6.156083587853579,10.623881928659584
576.2,4.859369556523713,9.73270647406983
576.225,2.989148855491106,9.571779872385461
576.25,2.989148855491106,10.48295653581311
576.275,2.989148855491106,9.8805466970751
576.3,4.177713177687711,9.655964342590927
576.325,5.6159208866449415,9.87700580919156
576.35,5.6159208866449415,9.681482815091819
576.375,3.0380776157971594,9.677069430846482
576.4,3.0380776157971594,9.049047595167249
576.425,3.0380776157971594,10.036169883637461
576.45,4.652522599780349,9.766895796965457
576.475,3.081020784069949,9.854859569179784
576.5,3.081020784069949,8.801845620642414
576.525,3.081020784069949,10.511985638619164
576.55,5.063312005359492,9.517140235098235
576.575,2.760077481631512,9.83601473530251
576.6,2.760077481631512,10.032811665262537
576.625,3.96069168510197,10.760635488714538
576.65,3.96069168510197,10.081083085284233
576.675,3.96069168510197,9.352891017815711
576.7,4.90450731332137,9.77738519763697
576.725,5.332316707751508,9.554671902687492
576.75,5.332316707751508,11.144355669518447
576.775,5.332316707751508,9.354351893218467
576.8,6.870676166942584,9.947962668435325
576.825,7.663635148099048,9.860940388462582
576.85,7.663635148099048,9.87776441618421
576.875,8.51813808890647,9.851978886279422
576.9,8.51813808890647,9.957369812763197
576.925,8.51813808890647,10.243097050177187
576.95,8.9750166879963,9.845721841298202
576.975,7.470783260767553,9.665178246512477
577.0,7.470783260767553,9.853026000258216
577.025,7.470783260767553,10.095669568207661
577.05,5.659129919973014,9.71503938544913
577.075,6.856790492248192,10.319225936323505
577.1,6.856790492248192,10.468042847068311
577.125,10.231594644215312,9.396184097539843
577.15,10.231594644215312,9.683562831393246
577.175,10.231594644215312,9.83133697303712
577.2,13.94377752472105,9.710134146277003
577.225,13.420148053139563,9.626797294834892
577.25,13.420148053139563,9.74703493928156
577.275,13.420148053139563,9.876829698758389
577.3,7.017109895088487,10.329166352740865
577.325,5.956715960393844,9.849807208907226
577.35,5.956715960393844,10.065784915624384
577.375,5.517337845464477,9.815683960264705
577.4,5.517337845464477,10.148263370193748
577.425,5.517337845464477,10.152065519742797
577.45,4.805652395269902,9.997585690685117
577.475,6.717008374055269,10.857181423225668
577.5,6.717008374055269,9.780802749195376
577.525,6.717008374055269,9.693251416041548
577.55,9.0936645295585,9.454305756210152
577.575,9.098918090265924,9.535280852268432
577.6,9.098918090265924,10.055930572540987
577.625,9.430273388366064,10.173977746222347
577.65,9.430273388366064,9.573019620454957
577.675,9.430273388366064,10.553505943794166
577.7,6.97541708463248,9.40773156768186
577.725,7.004124586669021,10.097305837401205
577.75,7.004124586669021,9.406892622533464
577.775,7.004124586669021,8.933057839981947
577.8,5.083341310266643,8.86200532396066
577.825,5.723451299344033,9.875362217413771
577.85,5.723451299344033,9.384469233265875
577.875,7.772278914644578,8.558345782541098
577.9,7.772278914644578,10.106347245023619
577.925,7.772278914644578,9.5014372743598
577.95,4.536301514410566,11.242752418273826
577.975,4.488166121830012,9.588684015492424
578.0,4.488166121830012,11.428888422087931
578.025,4.488166121830012,10.020491187089753
578.05,8.100602334818305,9.738258785016193
578.075,8.570535633179624,9.6998004969286
578.1,8.570535633179624,9.798585260623089
578.125,6.836663710506392,10.02988030908451
578.15,6.836663710506392,9.127157711809055
578.175,6.836663710506392,9.758551947650968
578.2,4.330822240727994,10.225022725872497
578.225,2.8936475147495977,9.840844700210761
578.25,2.8936475147495977,9.588605709730212
578.275,2.8936475147495977,9.89139093480771
578.3,3.137913245101699,9.910769523376382
578.325,3.8075070147641417,9.616585630446995
578.35,3.8075070147641417,9.138317245679334
578.375,2.987786610091348,10.069156735706827
578.4,2.987786610091348,9.42969944727217
578.425,2.987786610091348,9.198487427677223
578.45,4.238814811064326,9.461918000849632
578.475,3.69640721057154,9.899510874058297
578.5,3.69640721057154,9.573257455673938
578.525,3.69640721057154,10.45485144958758
578.55,4.794834160350055,9.373026552505946
578.575,3.5552625430451403,10.164276403522626
578.6,3.5552625430451403,10.063662727592801
578.625,1.9265660308474573,9.349890594169768
578.65,1.9265660308474573,10.706568500989462
578.675,1.9265660308474573,9.663360917980013
578.7,1.4693072544260182,10.005946431892765
578.725,1.0386125770068284,9.505395118226998
578.75,1.0386125770068284,10.337166036627375
578.775,1.0386125770068284,9.439195146628514
578.8,3.134871905107147,9.550295152007257
578.825,3.4984631023950032,10.100080903053588
578.85,3.4984631023950032,10.348857488144768
578.875,4.820684624356399,9.464381935800212
578.9,4.820684624356399,9.523534753098946
578.925,4.820684624356399,9.63058743876763
578.95,3.8538263390797542,9.90135442089094
578.975,1.6823959442074297,10.188102310947391
579.0,1.6823959442074297,9.670387427174049
579.025,1.6823959442074297,9.583395826010927
579.05,1.1942406870845177,10.120041676275694
579.075,0.8034450729246432,10.293428478001879
579.1,0.8034450729246432,10.384821129144536
579.125,1.2051920729153571,9.757290899487954
579.15,1.2051920729153571,10.09009070315874
579.175,1.2051920729153571,9.777789864128804
579.2,1.3569092689661464,10.410062393244694
579.225,0.8928598149463214,9.720712767710014
579.25,0.8928598149463214,9.999198195789779
579.275,0.8928598149463214,9.212920933844154
579.3,0.7843746577808149,9.996114560824429
579.325,1.6678385924463757,9.82028333033402
579.35,1.6678385924463757,10.083155923283265
579.375,1.905210987368399,10.243394665140896
579.4,1.905210987368399,9.882578797441841
579.425,1.905210987368399,9.568444343623105
579.45,3.9041146357315566,9.96396058764806
579.475,5.194706357829454,9.92911113705673
579.5,5.194706357829454,10.703283478049515
579.525,5.194706357829454,9.758128362454665
579.55,9.717669621920596,9.816888654937628
579.575,7.618784937929699,9.654316545261583
579.6,7.618784937929699,9.287327095349804
579.625,6.042349619676082,9.43655934880885
579.65,6.042349619676082,9.806846991976368
579.675,6.042349619676082,9.991162689711436
579.7,4.8507910851816085,9.73688026770128
579.725,5.4641017866176975,9.57771247119552
579.75,5.4641017866176975,9.099334017934792
579.775,5.4641017866176975,9.121783524345254
579.8,4.092713316262601,9.630646778265241
579.825,3.189728140314034,10.139929420049594
579.85,3.189728140314034,10.021083271504985
579.875,2.19595815427569,9.873926548143007
579.9,2.19595815427569,9.781273788490907
579.925,2.19595815427569,9.499618794665803
579.95,2.6877844083565434,9.850089952485241
579.975,2.235319044644306,10.185847273037341
580.0,2.235319044644306,9.703956722659509
580.025,2.235319044644306,10.11806362741849
580.05,1.2621123411486597,9.7533664879852
580.075,1.7392502052024987,10.026066061104796
580.1,1.7392502052024987,9.889906211284615
580.125,5.467592697085824,9.415998403676841
580.15,5.467592697085824,9.849484323831096
580.175,5.467592697085824,9.482318056757522
580.2,6.568723934232065,9.730244877865571
580.225,6.387719025027039,9.80179067183376
580.25,6.387719025027039,9.382976221518255
580.275,6.387719025027039,9.394500318674977
580.3,10.22089574777475,10.472811018875662
580.325,7.05021444334502,9.726868470556253
580.35,7.05021444334502,10.119381115924119
580.375,6.07374347431962,9.777368988921967
580.4,6.07374347431962,9.716964228199288
580.425,6.07374347431962,10.033638755524654
580.45,2.8127016337557014,9.55748309175205
580.475,1.3042357128847477,10.1119099140188
580.5,1.3042357128847477,9.585020725134463
580.525,1.3042357128847477,10.606382535045817
580.55,1.5073627768990707,10.684478287287634
580.575,2.201219527945327,10.518975202448914
580.6,2.201219527945327,9.394787423926878
580.625,4.023929474673017,9.41067938716967
580.65,4.023929474673017,9.730313660729758
580.675,4.023929474673017,9.844099803822212
580.7,6.19391037432827,9.859785307512277
580.725,7.45154027677538,9.759178395534683
580.75,7.45154027677538,9.191161328340737
580.775,7.45154027677538,9.98895828982951
580.8,8.231705815724258,9.449118681163544
580.825,11.944019568821677,10.088213160485006
580.85,11.944019568821677,9.17451209630557
580.875,12.02013566187102,10.031543556829416
580.9,12.02013566187102,9.789746707471874
580.925,12.02013566187102,9.517960028111917
580.95,10.79475055380512,10.079256617111183
580.975,9.289038945553912,9.934729685510105
581.0,9.289038945553912,10.074472486620763
581.025,9.289038945553912,9.519118257811327
581.05,12.440928626446244,9.72901848458817
581.075,14.167763150615183,9.794628429145742
581.1,14.167763150615183,9.64238627890778
581.125,12.184643454004156,9.810307034215569
581.15,12.184643454004156,9.185662350941662
581.175,12.184643454004156,9.551571966282522
581.2,14.421882823142507,9.45080810805325
581.225,11.509924166475908,9.491682722940835
581.25,11.509924166475908,10.005755954527828
581.275,11.509924166475908,10.14564024710949
581.3,12.879755461410372,9.03109056167506
581.325,11.900547080408412,9.902524903739863
581.35,11.900547080408412,10.150313338546935
581.375,13.656558357058335,9.795976488178347
581.4,13.656558357058335,9.538451537903075
581.425,13.656558357058335,9.745213445750645
581.45,14.608276300251738,9.591965439326154
581.475,12.191739274788777,9.377642836038415
581.5,12.191739274788777,9.877679989901067
581.525,12.191739274788777,9.896798503366025
581.55,15.932948422080178,9.499971635697564
581.575,18.41263304847821,9.865212921216926
581.6,18.41263304847821,9.683120521402836
581.625,15.53165031153633,9.88340807359401
581.65,15.53165031153633,9.779786929505875
581.675,15.53165031153633,10.12983207147714
581.7,10.952514454988776,9.688353334889312
581.725,10.750636804771752,9.471639720963255
581.75,10.750636804771752,9.631780582074375
581.775,10.750636804771752,9.698628769014311
581.8,8.783504883378567,10.306559621661947
581.825,11.665962797970122,9.332469891815235
581.85,11.665962797970122,9.871266465168118
581.875,13.301521230196958,9.477922165726746
581.9,13.301521230196958,10.042142679789848
581.925,13.301521230196958,9.691742096957482
581.95,15.589166026182568,9.762045622291545
581.975,13.234994512395334,9.833023743266125
582.0,13.234994512395334,9.579436205167019
582.025,13.234994512395334,10.038934775080838
582.05,10.825969027837594,9.452166364702864
582.075,9.56895772559799,9.485485385048413
582.1,9.56895772559799,9.692926812595378
582.125,9.386257181805805,9.313953008389612
582.15,9.386257181805805,9.502976100062046
582.175,9.386257181805805,9.903353804452566
582.2,8.984934593006974,9.256273514687733
582.225,6.38483102042879,9.833343883453312
582.25,6.38483102042879,9.444096175866711
582.275,6.38483102042879,9.69147380547184
582.3,4.230522610604355,10.188488453755438
582.325,6.024003742885928,9.976056872304637
582.35,6.024003742885928,9.882680881299306
582.375,6.149113851567304,9.509106465936892
582.4,6.149113851567304,9.653623429090176
582.425,6.149113851567304,9.447339765709783
582.45,5.598473864638929,9.559460138922075
582.475,4.8961057717631125,9.74456563776903
582.5,4.8961057717631125,9.495382730658903
582.525,4.8961057717631125,9.47050490300255
582.55,6.969215710517348,9.941365210978084
582.575,12.31111142364721,9.579457829075158
582.6,12.31111142364721,9.809168639385463
582.625,14.137535219914538,9.456334793075861
582.65,14.137535219914538,9.455204935124112
582.675,14.137535219914538,9.639461844214237
582.7,17.587701629753276,9.698750200268224
582.725,15.795988339317947,9.572697724754747
582.75,15.795988339317947,10.356773259004246
582.775,15.795988339317947,9.83107175278523
582.8,13.197291432286336,9.5715720409784
582.825,14.200913491280078,9.646985209785797
582.85,14.200913491280078,9.282757126955522
582.875,16.248227417537173,9.621874864953048
582.9,16.248227417537173,9.396329402675677
582.925,16.248227417537173,9.440245560383543
582.95,15.42472420934836,9.730379331389617
582.975,13.243508903599771,9.657406550343822
583.0,13.243508903599771,9.789882107363352
583.025,13.243508903599771,9.42391265701146
583.05,13.324215657152262,9.473234784949073
583.075,12.69859719980067,9.590320962607704
583.1,12.69859719980067,10.144599980851188
583.125,10.983216236513274,9.739450088243563
583.15,10.983216236513274,9.432259512279199
583.175,10.983216236513274,10.028477156770833
583.2,10.972010120506758,9.694175857127762
583.225,12.803788479706022,9.432502243965223
583.25,12.803788479706022,9.548951282130846
583.275,12.803788479706022,10.286345884420403
583.3,13.140049340728911,9.939936942771876
583.325,13.332568452552346,9.795008505456478
583.35,13.332568452552346,9.705821705862563
583.375,13.208757790084974,9.557327042489673
583.4,13.208757790084974,9.835800298403182
583.425,13.208757790084974,9.941195263841859
583.45,11.094687664703338,9.608550293660013
583.475,9.233373556617568,9.735772859407703
583.5,9.233373556617568,9.831118649763381
583.525,9.233373556617568,9.700080149200996
583.55,13.325820896546304,9.936269818494738
583.575,15.57296709559722,9.717845585176834
583.6,15.57296709559722,9.42312206983681
583.625,13.554856317345292,9.892306847032733
583.65,13.554856317345292,9.829024989069898
583.675,13.554856317345292,9.497883997991277
583.7,11.642546497387562,9.902124143737158
583.725,10.492995393858124,9.676660594886778
583.75,10.492995393858124,9.630757603922033
583.775,10.492995393858124,9.913460514978716
583.8,10.15255876461308,9.83098919529792
583.825,10.670316188460475,9.603834137146793
583.85,10.670316188460475,9.56107826277835
583.875,10.52385324108546,9.958578143666507
583.9,10.52385324108546,9.88376553980689
583.925,10.52385324108546,9.77470830896102
583.95,12.152886709849485,9.263287827135251
583.975,13.205802212122205,9.831997465763179
584.0,13.205802212122205,9.584544317151916
584.025,13.205802212122205,9.743575312852068
584.05,10.833963662322484,9.848238488451548
584.075,10.019679214005894,9.763744821566767
584.1,10.019679214005894,9.439867984413647
584.125,10.34853891457542,10.033770763343547
584.15,10.34853891457542,9.773095585517591
584.175,10.34853891457542,10.219854024954918
584.2,11.271464101419566,9.955347350225173
584.225,10.86062023601747,9.875336397197099
584.25,10.86062023601747,9.630282313941251
584.275,10.86062023601747,9.684264800522561
584.3,11.755587041187544,9.650013662656585
584.325,13.47336638309593,9.574814492192576
584.35,13.47336638309593,10.262041087919092
584.375,9.522141459396911,9.978338319959928
584.4,9.522141459396911,9.824012363269384
584.425,9.522141459396911,9.111361176735775
584.45,9.15339396557622,9.63361975499526
584.475,7.289787603757706,9.704702674958062
584.5,7.289787603757706,10.024615335728544
584.525,7.289787603757706,9.762803873643726
584.55,4.820480052750037,9.308653032752494
584.575,4.614372474911722,9.782374113867776
584.6,4.614372474911722,9.844427883448985
584.625,8.440985103341742,9.787153887649186
584.65,8.440985103341742,9.987663615776018
584.675,8.440985103341742,9.894644316233364
584.7,8.116240668629503,10.016812805864777
584.725,7.719352284341125,9.700102966395612
584.75,7.719352284341125,9.904902815732205
584.775,7.719352284341125,9.785918143064784
584.8,8.049956974754355,9.543260284333185
584.825,10.419920884196586,9.786221921501888
584.85,10.419920884196586,9.885367663676066
584.875,13.15189671915868,9.197994994863254
584.9,13.15189671915868,9.685038110106237
584.925,13.15189671915868,9.48238185094931
584.95,13.546141498485976,9.87730440033781
584.975,12.510706386047351,10.134096186654258
585.0,12.510706386047351,9.429709495174386
585.025,12.510706386047351,9.70555383078091
585.05,13.24473552879233,9.979492824599705
585.075,15.705383052423947,9.945929911421775
585.1,15.705383052423947,9.422972019815369
585.125,13.615993544486392,9.709493696458454
585.15,13.615993544486392,9.462926784308088
585.175,13.615993544486392,10.099193203367044
585.2,11.671777891080152,9.437886014313234
585.225,11.25421256739022,9.470841572613322
585.25,11.25421256739022,9.978931598410902
585.275,11.25421256739022,9.868660401144739
585.3,12.232262296004665,10.050855805522172
585.325,12.52701435237216,10.289875216044601
585.35,12.52701435237216,9.761102642655937
585.375,11.24054203256934,10.50272479675878
585.4,11.24054203256934,9.657725258463195
585.425,11.24054203256934,9.969859495111857
585.45,7.0883203452111205,9.826043504177
585.475,9.05923227012695,8.916785367381395
585.5,9.05923227012695,9.733193179866138
585.525,9.05923227012695,8.718125029936227
585.55,10.477874483157825,9.481550444775323
585.575,11.42100483089568,9.430466035355453
585.6,11.42100483089568,9.837784044647972
585.625,11.577643232171994,9.615184194267258
585.65,11.577643232171994,10.231381638548179
585.675,11.577643232171994,10.095962517761903
585.7,7.338425695206858,10.107186154512716
585.725,8.603334956981426,10.253698327792192
585.75,8.603334956981426,9.809774031093873
585.775,8.603334956981426,9.934050161003595
585.8,9.255950054034775,9.6396128036979
585.825,10.196551462973517,9.852307885783922
585.85,10.196551462973517,9.69131175147
585.875,11.52036117419967,10.120267677923259
585.9,11.52036117419967,9.822240787374941
585.925,11.52036117419967,9.800205069330044
585.95,12.30474773890956,8.956917012916769
585.975,12.480303969281891,9.939582807389042
586.0,12.480303969281891,9.925901492770071
586.025,12.480303969281891,10.327607512575158
586.05,13.58219476316548,9.8801799895706
586.075,9.941657376191689,9.677876160809054
586.1,9.941657376191689,10.3979701714602
586.125,7.829992832502407,10.178733327393683
586.15,7.829992832502407,9.648381960267578
586.175,7.829992832502407,9.928228722450404
586.2,10.40000364408558,9.885785230408722
586.225,12.249302476848923,9.94229906272386
586.25,12.249302476848923,10.077192498038615
586.275,12.249302476848923,9.88091784139252
586.3,8.519458631276358,9.712352441021215
586.325,5.95402534473859,9.844572517398435
586.35,5.95402534473859,9.797268666096116
586.375,6.481098218597961,9.727563604153607
586.4,6.481098218597961,9.829717272086699
586.425,6.481098218597961,9.319703036971255
586.45,6.726561381193322,10.02672204523936
586.475,6.038158114979616,10.226588677738333
586.5,6.038158114979616,8.726254113048297
586.525,6.038158114979616,10.166847926623976
586.55,6.766601560069804,9.521002676210152
586.575,5.667173647320465,10.037019208686557
586.6,5.667173647320465,9.112956768296641
586.625,7.136058957891792,9.886966183454795
586.65,7.136058957891792,9.879555059939603
586.675,7.136058957891792,9.705067659396606
586.7,7.529213502661366,9.80434373997881
586.725,8.62518007737277,10.206109373411577
586.75,8.62518007737277,9.648960885491089
586.775,8.62518007737277,9.916734015650047
586.8,7.082548357686348,9.843722954169358
586.825,5.3229000368911255,9.878622574280145
586.85,5.3229000368911255,9.474172224373175
586.875,7.330448894218693,8.962555560389386
586.9,7.330448894218693,9.822246194893681
586.925,7.330448894218693,9.89676507313687
586.95,8.69060357734843,8.916613059888645
586.975,9.824637151647886,9.890277516363879
587.0,9.824637151647886,9.064398492800334
587.025,9.824637151647886,9.486016324258387
587.05,7.846066757308236,9.730521941631185
587.075,5.0834878383953805,9.666642043693408
587.1,5.0834878383953805,9.456728840979133
587.125,4.297094680911363,9.653977099516938
587.15,4.297094680911363,9.321937630404936
587.175,4.297094680911363,9.708614647992214
587.2,3.4381484479103506,9.668228417546707
587.225,1.8003870733624572,9.319569310673716
587.25,1.8003870733624572,10.068261507872505
587.275,1.8003870733624572,9.785417326946693
587.3,3.77405565443286,9.639357785886066
587.325,2.8069992938743806,9.470660148747195
587.35,2.8069992938743806,9.453542804057003
587.375,1.9347563095727964,9.677262807621696
587.4,1.9347563095727964,9.661499511818407
587.425,1.9347563095727964,9.353948915681132
587.45,3.106538170346861,9.774124289229894
587.475,5.363917770954467,9.756773400195277
587.5,5.363917770954467,10.58216990951384
587.525,5.363917770954467,9.70294210689077
587.55,4.158542051833653,9.829083588533184
587.575,3.618611940082638,9.75258352738219
587.6,3.618611940082638,9.84438729040337
587.625,2.213258990503097,9.572036734569863
587.65,2.213258990503097,8.11162351241267
587.675,2.213258990503097,9.401327803412494
587.7,4.061888839849974,9.479435176726255
587.725,5.143101328545376,9.94841415060996
587.75,5.143101328545376,9.71803581685066
587.775,5.143101328545376,9.634578898773619
587.8,7.838685236855023,10.310556956544415
587.825,8.79131654989573,10.004654551885938
587.85,8.79131654989573,10.178059009831992
587.875,6.3970334927148444,9.140836268119667
587.9,6.3970334927148444,9.95556670182599
587.925,6.3970334927148444,9.668315427118262
587.95,7.424915864314361,9.381778148800453
587.975,12.753300190667852,9.598423241224566
588.0,12.753300190667852,9.247193639957862
588.025,12.753300190667852,9.761741487303425
588.05,11.75146721648741,9.703677915435275
588.075,10.880836715984556,9.67930329543076
588.1,10.880836715984556,9.823768522093395
588.125,8.55229122702603,10.040152909793935
588.15,8.55229122702603,9.643444835743477
588.175,8.55229122702603,10.107671419926499
588.2,11.914966530954556,10.20994390345502
588.225,13.16843727716509,9.19009417100744
588.25,13.16843727716509,9.766948474657369
588.275,13.16843727716509,9.000393204251413
588.3,11.249123492530895,10.139377565843464
588.325,12.679082863276925,9.479349899079255
588.35,12.679082863276925,9.965199772532001
588.375,11.33363229332202,9.680235612091451
588.4,11.33363229332202,8.838225459396982
588.425,11.33363229332202,9.768385002877096
588.45,13.829456784319015,9.622679473886398
588.475,13.218706067053416,9.738502484952377
588.5,13.218706067053416,9.291087584170313
588.525,13.218706067053416,9.82557790504606
588.55,11.931326453179912,9.780482098395748
588.575,12.878994854370092,9.950463209521576
588.6,12.878994854370092,9.612912936631064
588.625,10.000234913900089,9.427332606361224
588.65,10.000234913900089,9.747809512956305
588.675,10.000234913900089,9.828278877012842
588.7,8.88380754881074,9.581683771729137
588.725,10.37932339195549,9.223334386940579
588.75,10.37932339195549,9.363689026626115
588.775,10.37932339195549,9.313908138615508
588.8,9.574115611720794,9.855416104870711
588.825,6.016956498511339,9.757883655002704
588.85,6.016956498511339,9.82093260358844
588.875,6.357795845311898,9.69956015721396
588.9,6.357795845311898,7.887482740173408
588.925,6.357795845311898,9.56289855096316
588.95,5.910267544451482,10.162528376938521
588.975,5.531985744389199,9.754655726938717
589.0,5.531985744389199,9.722152152707304
589.025,5.531985744389199,9.09784223869532
589.05,8.193231111526464,9.706130601171896
589.075,9.002164106540341,9.78330264673658
589.1,9.002164106540341,9.566681042614826
589.125,11.800443636737462,9.798991117996486
589.15,11.800443636737462,9.733433533358854
589.175,11.800443636737462,10.027886708656233
589.2,12.901380413726418,9.853916414997666
589.225,12.10620291043196,9.920152489065062
589.25,12.10620291043196,9.680859705331974
589.275,12.10620291043196,9.475815680130436
589.3,11.194195245802588,9.578993483787619
589.325,18.53556308508149,9.880761498278481
589.35,18.53556308508149,8.179336723761363
589.375,23.223611730164105,9.74567947013871
589.4,23.223611730164105,9.759929678093572
589.425,23.223611730164105,8.907618798130407
589.45,22.976534925171872,8.761589345602916
589.475,19.30276601419636,9.759588933217191
589.5,19.30276601419636,10.033111022047319
589.525,19.30276601419636,9.748775223566177
589.55,16.496534473857718,8.842888830727793
589.575,15.58020153078001,9.33775787152296
589.6,15.58020153078001,10.113440363479434
589.625,14.15764863182507,9.62196986831377
589.65,14.15764863182507,9.543801317069818
589.675,14.15764863182507,8.814025494091833
589.7,17.425553202680334,10.33285873616621
589.725,13.74706211866992,9.460089400182339
589.75,13.74706211866992,9.496688830727798
589.775,13.74706211866992,9.56375574640736
589.8,13.461465518869918,9.79461098024276
589.825,14.040900648616534,9.158095911799306
589.85,14.040900648616534,9.825164108344936
589.875,18.815858199558463,9.42153294342661
589.9,18.815858199558463,9.728238839023017
589.925,18.815858199558463,9.769120771462225
589.95,14.681254279098429,9.833466438134367
589.975,15.216137722663264,9.772581460368228
590.0,15.216137722663264,9.886718165795337
590.025,15.216137722663264,9.881885694719797
590.05,16.979367690384503,9.6818955463433
590.075,14.142965549622584,9.59533491726128
590.1,14.142965549622584,9.892403208828734
590.125,11.996096087102734,9.780365161072348
590.15,11.996096087102734,9.963848490472298
590.175,11.996096087102734,8.652274191782782
590.2,12.5599034473547,9.818203134827776
590.225,15.940320993878316,10.037024603313453
590.25,15.940320993878316,9.79980173039884
590.275,15.940320993878316,9.739302524487352
590.3,14.928045786097158,10.175810226911786
590.325,14.234851479630075,9.762772585732833
590.35,14.234851479630075,9.839873737301126
590.375,14.47426679201827,9.920182266723746
590.4,14.47426679201827,9.643866887801885
590.425,14.47426679201827,9.478448685231307
590.45,17.836414756816684,9.681828937491286
590.475,14.293290359768868,10.005915833124972
590.5,14.293290359768868,9.45342202870263
590.525,14.293290359768868,9.511016228008915
590.55,12.537922952136602,9.516267066509194
590.575,9.488892635181866,9.850188251845015
590.6,9.488892635181866,9.482926784983315
590.625,6.503871177247881,9.844394759802933
590.65,6.503871177247881,9.57908861927609
590.675,6.503871177247881,9.797909485149718
590.7,10.351346828066292,9.452141165723518
590.725,6.933506573871964,9.530159982055201
590.75,6.933506573871964,9.683943169150908
590.775,6.933506573871964,9.839555491442265
590.8,5.949709543247977,8.888981168829654
590.825,6.581760948887334,9.032921405267562
590.85,6.581760948887334,9.57444507033567
590.875,5.339299918164079,9.084942427071985
590.9,5.339299918164079,9.544755328932697
590.925,5.339299918164079,9.699436039569736
590.95,5.100318498758238,9.548653245373755
590.975,5.793489910758474,9.43322813512569
591.0,5.793489910758474,9.085373852675735
591.025,5.793489910758474,9.286769765260441
591.05,4.527928890808788,8.830850957117544
591.075,5.6584203662643695,9.705105139378086
591.1,5.6584203662643695,9.359405359762127
591.125,5.876180594343459,9.666112608079134
591.15,5.876180594343459,9.83823070242167
591.175,5.876180594343459,9.825442067075604
591.2,6.387312708042765,9.862313959648125
591.225,9.988433862880308,9.497698399004054
591.25,9.988433862880308,10.112785860740017
591.275,9.988433862880308,9.76062554134499
591.3,10.05720134803896,9.96203702325892
591.325,13.472181681796023,10.052110550291186
591.35,13.472181681796023,10.186292269089716
591.375,7.712315255144042,9.779609263335153
591.4,7.712315255144042,9.741030334662558
591.425,7.712315255144042,9.543865285499205
591.45,4.801439351563724,9.812376826297447
591.475,4.230599245012351,9.66177278185271
591.5,4.230599245012351,9.722086990160797
591.525,4.230599245012351,9.659970747767659
591.55,3.5843575217422265,9.715731593293777
591.575,2.707187824782201,10.042213222533551
591.6,2.707187824782201,9.539150772509538
591.625,3.2151144602768507,9.874939119557082
591.65,3.2151144602768507,9.740004478798776
591.675,3.2151144602768507,9.817477913183241
591.7,8.249599865286992,9.17034564730392
591.725,9.61553269674337,9.692194391360072
591.75,9.61553269674337,9.70036580698939
591.775,9.61553269674337,9.728111977608258
591.8,8.935773310024041,9.34569629998039
591.825,9.472445657938389,9.777830439602615
591.85,9.472445657938389,9.310696780382333
591.875,10.001198342351907,9.740477034808215
591.9,10.001198342351907,9.93183240646181
591.925,10.001198342351907,9.809654147087834
591.95,10.89919529375493,9.346530227899086
591.975,9.997259319004936,9.078725148540157
592.0,9.997259319004936,9.826242975806567
592.025,9.997259319004936,9.752360115881766
592.05,10.70007649811593,9.678544555641022
592.075,8.799973607281288,9.832565808397664
592.1,8.799973607281288,9.656612860054665
592.125,9.443518169594416,9.575812251651422
592.15,9.443518169594416,7.8556867977800975
592.175,9.443518169594416,10.103147976780683
592.2,10.8201880280039,9.49447556708238
592.225,13.09350125506545,9.582440260132385
592.25,13.09350125506545,9.781388920931482
592.275,13.09350125506545,9.408480876818961
592.3,13.515044506952531,9.3004710550151
592.325,11.882385231795036,9.667568535521049
592.35,11.882385231795036,9.908568147405907
592.375,7.781744311728187,9.524787342800265
592.4,7.781744311728187,9.73041846166853
592.425,7.781744311728187,9.617619704179459
592.45,7.1337309769023545,9.540882325143304
592.475,6.8298898009466384,9.572784474111893
592.5,6.8298898009466384,9.409510814904827
592.525,6.8298898009466384,9.594074232470312
592.55,5.984264909528766,9.566154917434838
592.575,4.519577929764496,9.179570189206034
592.6,4.519577929764496,9.491887341493701
592.625,6.215060980232773,9.8741219510398
592.65,6.215060980232773,9.604112139224451
592.675,6.215060980232773,9.452999970418134
592.7,7.278124748193685,9.433255282330512
592.725,9.077211291149426,9.450269210406168
592.75,9.077211291149426,9.520490744495662
592.775,9.077211291149426,10.077704172500157
592.8,8.627058906065981,9.870753737966869
592.825,9.928695930938929,9.280719128025384
592.85,9.928695930938929,9.722010816821802
592.875,8.182647137573253,9.456077782532812
592.9,8.182647137573253,9.761740983842392
592.925,8.182647137573253,8.83940114157159
592.95,8.264769533942495,9.939622771615417
592.975,10.737129601025996,9.570432078977618
593.0,10.737129601025996,9.731839356251479
593.025,10.737129601025996,9.786124637925365
593.05,12.856328175127713,10.011787516668296
593.075,10.137411922660744,9.838606640927404
593.1,10.137411922660744,9.188921591544743
593.125,9.306869416521796,8.91952479240907
593.15,9.306869416521796,9.749071392346444
593.175,9.306869416521796,9.188084395275588
593.2,8.812621125553505,9.60936767818864
593.225,8.168026146198649,9.867088281638864
593.25,8.168026146198649,9.445143451413449
593.275,8.168026146198649,9.662429041421216
593.3,7.061954106297085,9.325498762118032
593.325,3.7583703529706622,9.631278400063234
593.35,3.7583703529706622,9.809037316305288
593.375,7.34576310748509,9.710289631957822
593.4,7.34576310748509,9.638530886210923
593.425,7.34576310748509,10.045345858743188
593.45,10.681640687596198,9.310631351745878
593.475,14.213939063560382,9.578534648991274
593.5,14.213939063560382,9.697599067377892
593.525,14.213939063560382,9.931928092960701
593.55,11.066778344838072,9.608354475470327
593.575,9.140045004549478,9.812405196288775
593.6,9.140045004549478,9.552306170118534
593.625,8.56533880374718,9.691728387862998
593.65,8.56533880374718,8.741294353596214
593.675,8.56533880374718,9.344752174577291
593.7,6.901614479075762,9.76832183727161
593.725,6.902987663655527,9.829259817328511
593.75,6.902987663655527,9.879561367857239
593.775,6.902987663655527,9.339715583611998
593.8,5.466778261388278,9.778250649924392
593.825,7.771352512481733,9.925283345837306
593.85,7.771352512481733,9.470555710530984
593.875,7.284840668896316,9.315292872563267
593.9,7.284840668896316,10.018462571643177
593.925,7.284840668896316,9.660127907102023
593.95,7.634740453500118,9.561881386890382
593.975,4.639021488245797,8.994142082877028
594.0,4.639021488245797,9.89601590319853
594.025,4.639021488245797,9.603925875167597
594.05,4.3460263313672165,9.307190000112227
594.075,6.451894427680847,9.696360937231546
594.1,6.451894427680847,9.684350326430375
594.125,10.732207474168224,9.752986343197328
594.15,10.732207474168224,9.973856492168204
594.175,10.732207474168224,9.664962687981621
594.2,10.5185365679319,9.777882541860146
594.225,14.547387094613551,9.508214299863074
594.25,14.547387094613551,9.68807444945922
594.275,14.547387094613551,9.975972173215213
594.3,15.122472594918346,9.812642453457228
594.325,16.520739886817676,9.721264699009817
594.35,16.520739886817676,9.557295356501578
594.375,17.232365112157247,9.389327579992655
594.4,17.232365112157247,10.069374631189559
594.425,17.232365112157247,9.459297214290888
594.45,14.780187562799556,9.35114645033364
594.475,12.102544744405344,9.68510229833598
594.5,12.102544744405344,9.90550625728115
594.525,12.102544744405344,9.489681535280136
594.55,15.871577992310128,9.905938980199045
594.575,17.22237496265591,9.39902320617922
594.6,17.22237496265591,9.312005401770193
594.625,19.797077870155,9.85934158357534
594.65,19.797077870155,10.015742529137206
594.675,19.797077870155,9.80310488366072
594.7,18.718420143318948,9.774251198785347
594.725,18.748264568856264,9.84411480410463
594.75,18.748264568856264,10.129630359749864
594.775,18.748264568856264,9.752961557996743
594.8,19.97075379583486,10.03458952414428
594.825,19.550687378861472,10.106214219536168
594.85,19.550687378861472,9.675790024995345
594.875,21.291245940956887,9.593857776040702
594.9,21.291245940956887,9.199415441317234
594.925,21.291245940956887,9.844920498935664
594.95,24.60570859992666,9.827749747125939
594.975,26.69116891722583,8.792407761666452
595.0,26.69116891722583,9.68016481131452
595.025,26.69116891722583,9.903949589298513
595.05,26.01480141488438,9.908395046038514
595.075,21.278857389324163,10.17328558986516
595.1,21.278857389324163,9.26869312648659
595.125,16.549444032025086,9.656019984278968
595.15,16.549444032025086,9.698733212453298
595.175,16.549444032025086,9.55544998773445
595.2,19.19841651201235,10.022067818575568
595.225,17.364093172023946,10.155718015413882
595.25,17.364093172023946,9.530824552583912
595.275,17.364093172023946,9.301944753593919
595.3,17.214737978178984,9.563151570078915
595.325,16.520974959309243,9.880843668276606
595.35,16.520974959309243,9.38490418561715
595.375,16.387513555835806,10.138701928530615
595.4,16.387513555835806,9.73644532933704
595.425,16.387513555835806,9.947719718213811
595.45,16.263904214664585,9.673138082830212
595.475,17.82438971083325,10.276634734810266
595.5,17.82438971083325,9.690551129917443
595.525,17.82438971083325,9.784595347930598
595.55,19.859483704530515,9.795460870821884
595.575,21.39613111337689,9.56276678395002
595.6,21.39613111337689,9.89079205278284
595.625,22.10496354661105,9.86650883288249
595.65,22.10496354661105,10.18435942380388
595.675,22.10496354661105,10.180814234315035
595.7,20.398559214838237,9.608366240740166
595.725,16.82623498175706,10.172771681899505
595.75,16.82623498175706,9.734907383719476
595.775,16.82623498175706,9.78099146321096
595.8,15.67175415629255,9.662698220476884
595.825,19.391221299006943,9.646076789876329
595.85,19.391221299006943,9.492135085225009
595.875,16.595512578416557,9.93721329574697
595.9,16.595512578416557,9.787175423634231
595.925,16.595512578416557,9.92029678117434
595.95,17.972693974844912,9.758310747889613
595.975,14.527942487172414,9.83576639922374
596.0,14.527942487172414,10.322178933280979
596.025,14.527942487172414,9.974622839252644
596.05,14.13840829637447,10.081231945336325
596.075,15.333366600820876,9.332131778461381
596.1,15.333366600820876,10.358974161138363
596.125,9.935782327674186,9.61990781482466
596.15,9.935782327674186,9.626855398052857
596.175,9.935782327674186,9.957013029712485
596.2,9.52543533944216,9.685951915182363
596.225,8.357382413036905,9.830743319619984
596.25,8.357382413036905,9.768558174356532
596.275,8.357382413036905,10.265481430839882
596.3,10.29881567708969,9.987395037908971
596.325,9.73460915839869,9.963051818593168
596.35,9.73460915839869,9.67027788941119
596.375,8.341539414453845,9.604919129311401
596.4,8.341539414453845,9.635975426907715
596.425,8.341539414453845,9.766394722767137
596.45,7.281943011015709,10.195383458400705
596.475,6.041609671612279,9.946685865781474
596.5,6.041609671612279,9.588947732727163
596.525,6.041609671612279,9.530789918916204
596.55,5.849329888688744,9.927389910962935
596.575,8.830033698108586,9.504195373576874
596.6,8.830033698108586,9.79315925250888
596.625,8.745749904614156,10.115308470504345
596.65,8.745749904614156,9.95523864869553
596.675,8.745749904614156,10.023515572528595
596.7,7.925935451529799,9.858402278730185
596.725,12.649748104587712,9.622628054551818
596.75,12.649748104587712,10.09156243390699
596.775,12.649748104587712,8.25340710086677
596.8,12.012715188657056,9.772304690024647
596.825,8.683347196656147,9.515770801376188
596.85,8.683347196656147,9.75717722738414
596.875,7.307430795697772,9.954716608923112
596.9,7.307430795697772,10.150788058571495
596.925,7.307430795697772,10.048096966933256
596.95,4.794036261884622,9.543229895406885
596.975,4.733488824044172,9.931501997700757
597.0,4.733488824044172,9.864656860880691
597.025,4.733488824044172,9.940419028176448
597.05,5.603187522950675,9.880360194783835
597.075,6.348286013453309,9.280737143756175
597.1,6.348286013453309,9.999240877396682
597.125,4.435735520532482,9.71576021771234
597.15,4.435735520532482,9.36474777296861
597.175,4.435735520532482,9.713471767110237
597.2,4.557278855977057,9.697591316697377
597.225,2.8892092621708634,9.01111781244962
597.25,2.8892092621708634,10.110081150842545
597.275,2.8892092621708634,9.8288645203678
597.3,2.9123018159430742,9.623867928629707
597.325,2.6811833502475406,9.709594757907242
597.35,2.6811833502475406,9.600868323388537
597.375,3.365557138505173,10.27736232619521
597.4,3.365557138505173,9.85587112335315
597.425,3.365557138505173,9.518312003728687
597.45,5.365935247203074,9.922945882884573
597.475,5.988275800721813,9.844993521256038
597.5,5.988275800721813,9.706801160358813
597.525,5.988275800721813,9.933493846601845
597.55,3.737073252243169,9.868340467411878
597.575,5.1501844662350855,9.93152644146337
597.6,5.1501844662350855,9.71494620087251
597.625,5.282359774846594,9.936017130358634
597.65,5.282359774846594,9.749503031460085
597.675,5.282359774846594,9.813400387917607
597.7,9.087914915912542,9.901493672002372
597.725,8.045670615666015,9.871700992188764
597.75,8.045670615666015,10.45249584721961
597.775,8.045670615666015,9.82518418965219
597.8,5.829388017001147,9.662025665581204
597.825,5.370094037864395,9.761469818183945
597.85,5.370094037864395,9.863022851865876
597.875,8.480539502659527,9.868042826097845
597.9,8.480539502659527,9.923501339899287
597.925,8.480539502659527,8.54668263888009
597.95,9.813368337486269,9.800215016906213
597.975,17.33253261718324,9.86597717697326
598.0,17.33253261718324,9.47469449680188
598.025,17.33253261718324,9.87089667961683
598.05,15.59869291628034,10.474749502378197
598.075,20.927068612330466,9.843466227555274
598.1,20.927068612330466,10.30300308373481
598.125,20.422959472413297,9.954065540058002
598.15,20.422959472413297,9.595616174626269
598.175,20.422959472413297,9.89067955085677
598.2,14.18089329710229,9.812033552014974
598.225,10.517481244522957,9.867240824461227
598.25,10.517481244522957,9.679314468546034
598.275,10.517481244522957,9.109106048750794
598.3,10.523632134617127,9.742981803885757
598.325,9.462626414909815,10.011038571413964
598.35,9.462626414909815,9.807492010922658
598.375,10.765748610013857,9.40322849477479
598.4,10.765748610013857,8.202961562670792
598.425,10.765748610013857,9.75925468373465
598.45,12.101538446763737,9.274694066868415
598.475,11.829823739153548,9.786213788202305
598.5,11.829823739153548,9.774381944845576
598.525,11.829823739153548,9.231783516200526
598.55,13.116540585436589,9.485253113494172
598.575,11.947453877871258,10.161618839951478
598.6,11.947453877871258,10.722217929942566
598.625,10.666098152184889,10.132049501691052
598.65,10.666098152184889,9.787807435301001
598.675,10.666098152184889,10.404853371725045
598.7,11.43182100286843,9.112981727677163
598.725,11.09513108521554,9.30938129654707
598.75,11.09513108521554,9.131965851105225
598.775,11.09513108521554,8.987419777828638
598.8,9.881557190876862,9.922003734831323
598.825,6.948412353521748,9.786074349097852
598.85,6.948412353521748,9.540428943484129
598.875,6.562219223516876,9.457219654871219
598.9,6.562219223516876,9.83173871426566
598.925,6.562219223516876,9.804851717784238
598.95,9.08422382452662,9.092319986125009
598.975,8.053309518337008,9.651713719282633
599.0,8.053309518337008,9.63841410060035
599.025,8.053309518337008,9.694665524673473
599.05,6.911907600110947,9.889182850131085
599.075,9.509000217498423,9.464928990774403
599.1,9.509000217498423,9.799035988723015
599.125,9.878971023601409,9.023721955936004
599.15,9.878971023601409,9.709132406093872
599.175,9.878971023601409,8.291030318809796
599.2,8.468894475131355,9.744587605986712
599.225,8.262492268593443,9.38358219445587
599.25,8.262492268593443,9.548208882223038
599.275,8.262492268593443,9.764618889254981
599.3,5.695871586188951,9.73438608799401
599.325,9.193676897651429,9.554479030193741
599.35,9.193676897651429,9.614736653077312
599.375,10.786215254135689,9.486772404472145
599.4,10.786215254135689,9.48501297378371
599.425,10.786215254135689,9.39964612039711
599.45,4.860583815018998,9.644706011809776
599.475,6.199730809598021,9.835345118331631
599.5,6.199730809598021,9.99257276194132
599.525,6.199730809598021,10.339317038388172
599.55,7.024466035081312,9.723492495467312
599.575,3.906272432687482,9.670674282774378
599.6,3.906272432687482,9.698264160713457
599.625,2.714111100604701,9.987095645007885
599.65,2.714111100604701,9.850528729656238
599.675,2.714111100604701,9.492852752154185
599.7,3.851856522055949,9.88242353564194
599.725,2.132756361418879,11.055835847813983
599.75,2.132756361418879,8.721714231892891
599.775,2.132756361418879,9.5284108944181
599.8,3.51397521903727,10.116840972043128
599.825,4.397907595073364,9.73455904839231
599.85,4.397907595073364,9.714972032366187
599.875,3.2131114813592285,9.26933616492484
599.9,3.2131114813592285,9.796243129086676
599.925,3.2131114813592285,9.7620675757739
599.95,2.842876341002481,9.662074306586623
599.975,2.842876341002481,9.93796214066883
600.0,2.842876341002481,9.500327907377581
