time,true,pred
420.04999999999995,1.5811311381318938,4.584586532656987
420.07499999999993,1.5811311381318938,6.016086155087659
420.0999999999999,3.005578134078205,6.839426088268972
420.12499999999994,3.005578134078205,6.454138919463446
420.1499999999999,2.8886819018496817,7.717419432180306
420.17499999999995,2.8886819018496817,8.874911743383276
420.19999999999993,2.653991585646438,9.077110007173038
420.2249999999999,2.653991585646438,8.220287161200686
420.24999999999994,2.864702907372241,8.138630227544834
420.2749999999999,2.864702907372241,6.616377712107537
420.29999999999995,3.724836441695683,5.664787876768743
420.32499999999993,3.724836441695683,5.442248095268711
420.3499999999999,2.365444675009396,5.445142275069496
420.37499999999994,2.365444675009396,4.26457615302953
420.3999999999999,1.930569148828892,5.587487151608725
420.42499999999995,1.930569148828892,6.184043954488202
420.44999999999993,5.882843406256217,4.828078008584599
420.4749999999999,5.882843406256217,6.456047802957346
420.49999999999994,8.833730063192586,7.442196913812676
420.5249999999999,8.833730063192586,10.36770737739726
420.54999999999995,7.484365990181626,10.882620087308066
420.57499999999993,7.484365990181626,9.847276747541265
420.5999999999999,4.751257054266609,7.552983296438519
420.62499999999994,4.751257054266609,5.397495111333719
420.6499999999999,5.851651609066957,8.522696434093335
420.67499999999995,5.851651609066957,7.881728305489947
420.69999999999993,5.06322162036981,8.93719764413268
420.7249999999999,5.06322162036981,8.990938200762516
420.74999999999994,5.263885864251373,5.858462072892831
420.7749999999999,5.263885864251373,6.784128543002819
420.79999999999995,4.099333360260398,5.711940430450929
420.82499999999993,4.099333360260398,6.0833892323255885
420.8499999999999,2.5981784267348926,6.994051211703642
420.87499999999994,2.5981784267348926,6.121175742600765
420.8999999999999,2.965986185004138,7.112413563130192
420.92499999999995,2.965986185004138,6.702582602296386
420.94999999999993,1.1244344768593038,4.772507495301062
420.9749999999999,1.1244344768593038,6.7374459337146835
420.99999999999994,1.0812909630416487,6.220818787731372
421.0249999999999,1.0812909630416487,6.162265546425917
421.04999999999995,2.2521656273569044,8.031889190101248
421.07499999999993,2.2521656273569044,6.93833944749039
421.0999999999999,4.229122019296882,6.713271189149332
421.12499999999994,4.229122019296882,6.626433940989128
421.1499999999999,6.012292879732788,5.673263652225659
421.17499999999995,6.012292879732788,6.551636507744334
421.19999999999993,7.033460827936672,7.68223918982807
421.2249999999999,7.033460827936672,7.511438079374311
421.24999999999994,7.283615538582876,9.114880958768689
421.2749999999999,7.283615538582876,8.316819018139125
421.29999999999995,6.53857953271404,9.035001221048168
421.32499999999993,6.53857953271404,9.289129653947718
421.3499999999999,7.836946610795939,8.259398350356937
421.37499999999994,7.836946610795939,8.671342892086667
421.3999999999999,6.487315333770336,9.161093475048716
421.42499999999995,6.487315333770336,9.99229847864335
421.44999999999993,6.9448730279509165,9.211099607944737
421.4749999999999,6.9448730279509165,10.133818319667986
421.49999999999994,5.535296224894533,9.016644125365389
421.5249999999999,5.535296224894533,10.504164286197128
421.54999999999995,4.928162406956317,10.83909143944921
421.57499999999993,4.928162406956317,8.458750966586894
421.5999999999999,9.046469299442416,7.520551029916982
421.62499999999994,9.046469299442416,5.599210395992621
421.6499999999999,7.489043073217775,5.309017105065857
421.67499999999995,7.489043073217775,6.979062947467027
421.69999999999993,9.711989365807234,7.001872520652451
421.7249999999999,9.711989365807234,9.220226184396585
421.74999999999994,8.795725388416518,12.12400423477391
421.7749999999999,8.795725388416518,13.374300147739897
421.79999999999995,8.43763800889183,13.972865297323098
421.82499999999993,8.43763800889183,14.475571334691175
421.8499999999999,7.593403621528262,11.383733760251399
421.87499999999994,7.593403621528262,9.915529636464308
421.8999999999999,5.312264593268048,9.056714500627724
421.92499999999995,5.312264593268048,6.820453667331115
421.94999999999993,7.564470693136196,6.250520301554135
421.9749999999999,7.564470693136196,5.947554467831282
421.99999999999994,8.020330655194886,6.319271875283902
422.0249999999999,8.020330655194886,7.870028521674545
422.04999999999995,8.643897441303125,9.514682471803853
422.07499999999993,8.643897441303125,10.314099055321941
422.0999999999999,6.489660204682012,9.719656211691772
422.12499999999994,6.489660204682012,7.961164139237566
422.1499999999999,5.915421722584121,7.8481615629037265
422.17499999999995,5.915421722584121,7.267654192097304
422.19999999999993,7.727239239278806,7.120909134169997
422.2249999999999,7.727239239278806,7.969735064004822
422.24999999999994,6.457267299118359,8.943157993304517
422.2749999999999,6.457267299118359,10.105494964274042
422.29999999999995,6.665087267298989,10.733062955519863
422.32499999999993,6.665087267298989,10.545027604761236
422.3499999999999,4.840088602102715,11.04742020159654
422.37499999999994,4.840088602102715,10.369035968809138
422.3999999999999,3.59652449921924,10.786935451835298
422.42499999999995,3.59652449921924,10.963143692579546
422.44999999999993,3.3053078876577566,8.384219253981426
422.4749999999999,3.3053078876577566,8.665857668719687
422.49999999999994,3.7127234378951512,8.038411645340824
422.5249999999999,3.7127234378951512,7.68336386606026
422.54999999999995,4.851572185085976,7.430369964748449
422.57499999999993,4.851572185085976,6.287974611877342
422.5999999999999,5.521746639894192,5.852684693334449
422.62499999999994,5.521746639894192,4.899225409525263
422.6499999999999,4.6579012693502575,5.941064218424776
422.67499999999995,4.6579012693502575,7.709099311072444
422.69999999999993,2.3938055898568145,7.947847543657354
422.7249999999999,2.3938055898568145,7.913777289065937
422.74999999999994,3.4662048579441382,8.313394473142184
422.7749999999999,3.4662048579441382,6.774706233994913
422.79999999999995,4.438484108181093,6.6724673424638254
422.82499999999993,4.438484108181093,7.354488211732479
422.8499999999999,5.044430705853324,7.4030804276614495
422.87499999999994,5.044430705853324,7.887682173062209
422.8999999999999,5.766160876982364,11.162316562979685
422.92499999999995,5.766160876982364,10.857965859066312
422.94999999999993,4.271315132120264,10.550575892589883
422.9749999999999,4.271315132120264,9.813138097958621
422.99999999999994,7.077261322967978,8.676561869917185
423.0249999999999,7.077261322967978,10.181230170438068
423.04999999999995,8.233348775983037,9.339750907227595
423.07499999999993,8.233348775983037,8.893687922294914
423.0999999999999,7.379920016925604,7.834354364182213
423.12499999999994,7.379920016925604,7.398814222850601
423.1499999999999,6.492027132198712,8.673822852752728
423.17499999999995,6.492027132198712,10.377011344012377
423.19999999999993,7.344495115619787,9.373074542078351
423.2249999999999,7.344495115619787,7.814770711363183
423.24999999999994,10.593580161018489,8.211170950738062
423.2749999999999,10.593580161018489,9.84215543798205
423.29999999999995,7.994940184841941,10.361587337851727
423.32499999999993,7.994940184841941,12.273330037800838
423.3499999999999,11.681292441900734,10.959496960721465
423.37499999999994,11.681292441900734,7.897804804365133
423.3999999999999,11.533954010176048,10.324596659889114
423.42499999999995,11.533954010176048,10.067683834402146
423.44999999999993,8.770347693855369,13.474155951727813
423.4749999999999,8.770347693855369,13.827295358359754
423.49999999999994,10.643535758110042,11.664311050005988
423.5249999999999,10.643535758110042,12.004071781064479
423.54999999999995,7.539157686908841,8.61560427762388
423.57499999999993,7.539157686908841,8.936395978909623
423.5999999999999,11.706897265250136,10.287984470765437
423.62499999999994,11.706897265250136,9.242844333609838
423.6499999999999,6.992182850056907,8.72650784946413
423.67499999999995,6.992182850056907,9.487489551274258
423.69999999999993,7.369636998853172,8.214793062312832
423.7249999999999,7.369636998853172,9.134349881535506
423.74999999999994,5.879775934417325,10.770389919360495
423.7749999999999,5.879775934417325,10.770527681959678
423.79999999999995,2.111474115126814,11.756485003112973
423.82499999999993,2.111474115126814,9.874958574510655
423.8499999999999,1.1866460926769868,8.665721983888282
423.87499999999994,1.1866460926769868,7.856866787840555
423.8999999999999,1.8228060877915973,7.153609069660719
423.92499999999995,1.8228060877915973,6.975191592692392
423.94999999999993,1.4035466909268204,6.80950162559395
423.9749999999999,1.4035466909268204,5.296171372604226
423.99999999999994,2.196097183131843,3.8788873386314897
424.0249999999999,2.196097183131843,4.525359981980852
424.04999999999995,1.916557312692999,4.473568902303785
424.07499999999993,1.916557312692999,4.64096087766316
424.0999999999999,0.6966568095941571,4.868208649413848
424.12499999999994,0.6966568095941571,4.64011919456138
424.1499999999999,0.7686778932184014,4.674643784989368
424.17499999999995,0.7686778932184014,4.713854083731372
424.19999999999993,1.7318585941538325,4.807490917975342
424.2249999999999,1.7318585941538325,4.517082836196716
424.24999999999994,3.2909217956284675,5.525496139316373
424.2749999999999,3.2909217956284675,6.896142384740777
424.29999999999995,5.153832518785106,8.598554370067344
424.32499999999993,5.153832518785106,10.79149366523288
424.3499999999999,5.102902050703355,10.403617552974524
424.37499999999994,5.102902050703355,11.47738786705734
424.3999999999999,8.571020740418927,11.224465445822624
424.42499999999995,8.571020740418927,8.147497104266737
424.44999999999993,8.295994517971542,7.483552622921663
424.4749999999999,8.295994517971542,6.546206395828365
424.49999999999994,6.507526131690719,7.395481908196422
424.5249999999999,6.507526131690719,10.44301094188568
424.54999999999995,6.451307477311949,13.682634434929591
424.57499999999993,6.451307477311949,13.468921851366371
424.5999999999999,3.3769138520013247,14.212534146286021
424.62499999999994,3.3769138520013247,12.433828623116286
424.6499999999999,2.4820998840485577,10.111092525091186
424.67499999999995,2.4820998840485577,9.312057724674371
424.69999999999993,1.1613693230438409,5.828187361694707
424.7249999999999,1.1613693230438409,3.9339485194248454
424.74999999999994,1.9119963238783904,3.8272696443071634
424.7749999999999,1.9119963238783904,2.985073960236244
424.79999999999995,2.15383916061604,3.3806855652640113
424.82499999999993,2.15383916061604,5.478899196661631
424.8499999999999,3.6018649616581717,4.140565987124223
424.87499999999994,3.6018649616581717,6.206581135772438
424.8999999999999,3.732167384641892,8.271412024084157
424.92499999999995,3.732167384641892,7.781010047987019
424.94999999999993,3.454024377250638,10.231203784678387
424.9749999999999,3.454024377250638,8.097644011551777
424.99999999999994,1.8406131812823965,6.728484494038328
425.0249999999999,1.8406131812823965,5.913201533454007
425.04999999999995,3.704691519614513,3.4245215606197235
425.07499999999993,3.704691519614513,6.238139286018326
425.0999999999999,5.639090783679088,6.238454816778239
425.12499999999994,5.639090783679088,6.468008107867853
425.1499999999999,6.826471873168528,7.6011132196115465
425.17499999999995,6.826471873168528,7.299387103666976
425.19999999999993,5.088569461947295,7.692997426993854
425.2249999999999,5.088569461947295,7.407257739585983
425.24999999999994,4.503057199895997,7.376228678507774
425.2749999999999,4.503057199895997,7.53574655610513
425.29999999999995,6.404368030118911,7.10869210736669
425.32499999999993,6.404368030118911,8.83771382424325
425.3499999999999,5.51207758354795,9.424970891682522
425.37499999999994,5.51207758354795,10.336631621277952
425.3999999999999,5.450146899907276,13.202628569078204
425.42499999999995,5.450146899907276,12.333681392867772
425.44999999999993,6.071488007619445,11.593471395729072
425.4749999999999,6.071488007619445,10.587902757521412
425.49999999999994,7.185079438058307,7.504689526402943
425.5249999999999,7.185079438058307,7.0497859614701675
425.54999999999995,4.091124331121208,7.85298467768037
425.57499999999993,4.091124331121208,6.473555674080771
425.5999999999999,3.710302566128155,7.696744138060424
425.62499999999994,3.710302566128155,8.90825182845829
425.6499999999999,2.480625671827321,8.011233832162908
425.67499999999995,2.480625671827321,8.666763456093838
425.69999999999993,3.6124999061609775,7.833553494474367
425.7249999999999,3.6124999061609775,7.2047117994214425
425.74999999999994,3.262315487725915,7.030835666646568
425.7749999999999,3.262315487725915,6.496518457277452
425.79999999999995,3.1070648676963915,6.240309464861864
425.82499999999993,3.1070648676963915,8.199323477042038
425.8499999999999,3.64662412237522,8.96011237090021
425.87499999999994,3.64662412237522,7.732587873325672
425.8999999999999,2.9911421219066643,7.114512535604737
425.92499999999995,2.9911421219066643,5.399946987336495
425.94999999999993,3.771799251363467,4.095038822163931
425.9749999999999,3.771799251363467,5.319935068179591
425.99999999999994,4.85996246583552,7.059228892258292
426.0249999999999,4.85996246583552,8.41020214930318
426.04999999999995,8.595636819196367,8.988215172196842
426.07499999999993,8.595636819196367,9.023155551124425
426.0999999999999,9.133754896916916,7.218134359917476
426.12499999999994,9.133754896916916,5.247705827959534
426.1499999999999,9.141992479347028,5.65316051572645
426.17499999999995,9.141992479347028,4.999278229598908
426.19999999999993,7.058582371033709,5.819881962332635
426.2249999999999,7.058582371033709,4.906991396039847
426.24999999999994,6.880206090131914,3.8746651667831236
426.2749999999999,6.880206090131914,5.5453637642195694
426.29999999999995,9.840357649391434,5.86895590042953
426.32499999999993,9.840357649391434,8.12030963817175
426.3499999999999,11.518601765104435,11.43178475920572
426.37499999999994,11.518601765104435,11.42324733907368
426.3999999999999,9.957060762769142,15.063236585594195
426.42499999999995,9.957060762769142,15.70966704390688
426.44999999999993,11.31084376157963,14.794371832747922
426.4749999999999,11.31084376157963,15.692316666502402
426.49999999999994,14.663156686867724,12.983713208573333
426.5249999999999,14.663156686867724,12.898289302965882
426.54999999999995,13.864254345031442,14.639900819072059
426.57499999999993,13.864254345031442,12.815226593556751
426.5999999999999,11.752971783706045,11.804389006978656
426.62499999999994,11.752971783706045,11.928296787042727
426.6499999999999,11.669115012458263,12.874176106435947
426.67499999999995,11.669115012458263,13.314704211132204
426.69999999999993,12.82200939129422,13.42292595846041
426.7249999999999,12.82200939129422,11.584013142267171
426.74999999999994,14.457271021822784,7.802545526980869
426.7749999999999,14.457271021822784,10.67639871107983
426.79999999999995,16.41772093783923,13.131963044084038
426.82499999999993,16.41772093783923,15.912859537981397
426.8499999999999,17.42190392366736,18.454781814892282
426.87499999999994,17.42190392366736,18.75170853176541
426.8999999999999,16.968968192910467,16.338450266399754
426.92499999999995,16.968968192910467,14.093044553217428
426.94999999999993,17.793668407880105,11.215414784315481
426.9749999999999,17.793668407880105,10.29921421258446
426.99999999999994,17.146774015915934,13.744996514473836
427.0249999999999,17.146774015915934,13.181714845027859
427.04999999999995,18.198804426910893,13.505910739754945
427.07499999999993,18.198804426910893,13.296585353092329
427.0999999999999,14.958972280298523,13.168968495070482
427.12499999999994,14.958972280298523,14.666832445763152
427.1499999999999,13.86224508793008,16.001848582361283
427.17499999999995,13.86224508793008,15.157522482228618
427.19999999999993,14.371458924367763,12.709716227101438
427.2249999999999,14.371458924367763,13.85446648464019
427.24999999999994,15.398053147204198,14.67505133900774
427.2749999999999,15.398053147204198,15.223547349719796
427.29999999999995,11.418873359260546,14.71349367732335
427.32499999999993,11.418873359260546,12.282587342309524
427.3499999999999,7.95402013012492,11.658614639393926
427.37499999999994,7.95402013012492,10.883387159731951
427.3999999999999,6.918867298379102,11.643481576507579
427.42499999999995,6.918867298379102,11.507067805275458
427.44999999999993,9.7704759395312,8.651729137343278
427.4749999999999,9.7704759395312,7.579938971235416
427.49999999999994,8.12107968644629,6.800475511596397
427.5249999999999,8.12107968644629,7.373683953714251
427.54999999999995,10.621707215847932,8.11872077688886
427.57499999999993,10.621707215847932,8.112495656710783
427.5999999999999,12.106739608265553,9.94547438635479
427.62499999999994,12.106739608265553,9.660241932472216
427.6499999999999,10.364411998139753,9.230452501996284
427.67499999999995,10.364411998139753,11.52602946108508
427.69999999999993,12.524903060477632,10.977045707938268
427.7249999999999,12.524903060477632,11.429246965229485
427.74999999999994,7.318772632423779,14.859699396977522
427.7749999999999,7.318772632423779,12.11391841238855
427.79999999999995,10.994085174542615,12.45157419593146
427.82499999999993,10.994085174542615,13.619380699816563
427.8499999999999,8.500450167470069,12.930368236231256
427.87499999999994,8.500450167470069,13.152099450375674
427.8999999999999,10.76731752962564,11.979552696701663
427.92499999999995,10.76731752962564,10.750707996698454
427.94999999999993,8.376508947545036,10.438010851128485
427.9749999999999,8.376508947545036,11.862189590329198
427.99999999999994,9.16419016667916,10.311621214809833
428.0249999999999,9.16419016667916,8.737539028684171
428.04999999999995,6.835072285309739,6.626899128940746
428.07499999999993,6.835072285309739,6.580849007159999
428.0999999999999,5.097074714877996,6.250902495232358
428.12499999999994,5.097074714877996,6.557543628392407
428.1499999999999,3.2596013205868006,6.913991521662808
428.17499999999995,3.2596013205868006,4.810806609320188
428.19999999999993,4.009560915871542,5.2493338560386125
428.2249999999999,4.009560915871542,5.002814239677995
428.24999999999994,4.428890696095548,5.089940016612211
428.2749999999999,4.428890696095548,7.107918981823014
428.29999999999995,6.637744881789285,6.698614633611834
428.32499999999993,6.637744881789285,10.070377206867954
428.3499999999999,8.431376831070512,11.687761038419765
428.37499999999994,8.431376831070512,11.09487586767317
428.3999999999999,6.662412341518434,11.8515117322729
428.42499999999995,6.662412341518434,9.470011924064448
428.44999999999993,5.493789927145175,8.245663249317648
428.4749999999999,5.493789927145175,7.760172902478236
428.49999999999994,6.282659848576134,9.541230911746705
428.5249999999999,6.282659848576134,8.9783365677844
428.54999999999995,6.976509921403286,8.738392517855067
428.57499999999993,6.976509921403286,8.691063397430087
428.5999999999999,8.945096422088099,8.159321012816449
428.62499999999994,8.945096422088099,8.539128103652619
428.6499999999999,12.724116317929642,7.47860400222455
428.67499999999995,12.724116317929642,7.520086451480914
428.69999999999993,9.936276222369347,8.173222225946281
428.7249999999999,9.936276222369347,9.272587845701771
428.74999999999994,11.883604017297507,10.63672614780055
428.7749999999999,11.883604017297507,11.764340223618689
428.79999999999995,14.221549529247916,11.750662703305784
428.82499999999993,14.221549529247916,12.639434583050454
428.8499999999999,16.868568671616476,12.279826383562396
428.87499999999994,16.868568671616476,11.756978677226074
428.8999999999999,16.51601112285265,10.628626632973898
428.92499999999995,16.51601112285265,9.152449792840322
428.94999999999993,13.359246051133884,9.125776991143201
428.9749999999999,13.359246051133884,9.218465617378701
428.99999999999994,15.973554348763518,9.392315474070037
429.0249999999999,15.973554348763518,11.35020535715597
429.04999999999995,15.479715246091974,15.584257873933407
429.07499999999993,15.479715246091974,15.38178352745379
429.0999999999999,14.2015545706183,15.181890780965126
429.12499999999994,14.2015545706183,12.832066435898932
429.1499999999999,12.436645283492036,9.546627142480405
429.17499999999995,12.436645283492036,8.513595405929236
429.19999999999993,12.710016916000017,8.543905019860533
429.2249999999999,12.710016916000017,10.628117681941095
429.24999999999994,12.195350123323973,12.279318877464721
429.2749999999999,12.195350123323973,16.285830582231238
429.29999999999995,9.2065198730044,17.143214099978056
429.32499999999993,9.2065198730044,15.520617967443943
429.3499999999999,6.669778645477663,13.653178008211965
429.37499999999994,6.669778645477663,9.570601088588166
429.3999999999999,6.549505782183781,9.11287931947712
429.42499999999995,6.549505782183781,7.641104388632307
429.44999999999993,10.57228061745372,5.82412609422007
429.4749999999999,10.57228061745372,7.297607154390998
429.49999999999994,10.08797850939042,6.077142869013835
429.5249999999999,10.08797850939042,8.317080422274092
429.54999999999995,9.448162829280696,9.545827358615181
429.57499999999993,9.448162829280696,9.127358025925652
429.5999999999999,7.274169333864893,10.894759912268617
429.62499999999994,7.274169333864893,9.93249656557087
429.6499999999999,5.744360343694829,11.409780134611658
429.67499999999995,5.744360343694829,10.597606596040059
429.69999999999993,5.897240841352827,9.357857443020771
429.7249999999999,5.897240841352827,8.111958133072328
429.74999999999994,5.444336158609074,8.091574675508143
429.7749999999999,5.444336158609074,8.197676491384334
429.79999999999995,7.253750487520078,8.073143979310592
429.82499999999993,7.253750487520078,10.147392055131082
429.8499999999999,8.925207223128123,10.057979470646686
429.87499999999994,8.925207223128123,10.97890982597383
429.8999999999999,11.410986486988923,10.634474722578638
429.92499999999995,11.410986486988923,9.35163486465435
429.94999999999993,9.026671738263808,9.076950293038843
429.9749999999999,9.026671738263808,11.089532547420323
429.99999999999994,10.623000005610717,10.209699418919502
430.0249999999999,10.623000005610717,10.126486222900711
430.04999999999995,8.708846126581218,11.43019400748179
430.07499999999993,8.708846126581218,8.11305972462398
430.0999999999999,10.447797216936312,8.894127166739052
430.12499999999994,10.447797216936312,10.985512001741878
430.1499999999999,11.13278370692534,7.909731366589398
430.17499999999995,11.13278370692534,9.3484447891914
430.19999999999993,10.034832341845616,9.712753025092688
430.2249999999999,10.034832341845616,10.890270272819857
430.24999999999994,9.207306312264752,12.754035460516693
430.2749999999999,9.207306312264752,11.653810073213624
430.29999999999995,7.694115471945395,12.465175300830438
430.32499999999993,7.694115471945395,9.21426113892979
430.3499999999999,7.245173258671429,8.28404124656644
430.37499999999994,7.245173258671429,7.738337041090131
430.3999999999999,11.750694151612898,7.552827217085463
430.42499999999995,11.750694151612898,8.667575678807939
430.44999999999993,13.700542361807472,10.730124224052204
430.4749999999999,13.700542361807472,11.93368760938014
430.49999999999994,11.568008399332248,10.851818059797983
430.5249999999999,11.568008399332248,11.219037538308292
430.54999999999995,11.591272765768574,8.578744471924294
430.57499999999993,11.591272765768574,7.677686943642418
430.5999999999999,12.710361000745644,10.14093452589272
430.62499999999994,12.710361000745644,8.139488604203304
430.6499999999999,18.137733038096695,11.51087249755751
430.67499999999995,18.137733038096695,14.46682912761064
430.69999999999993,26.283494783073017,13.494159618268824
430.7249999999999,26.283494783073017,17.891000621875506
430.74999999999994,26.45768776611325,19.273837690543445
430.7749999999999,26.45768776611325,19.274888526088326
430.79999999999995,23.8628786594202,25.569116916104086
430.82499999999993,23.8628786594202,25.026939823146158
430.8499999999999,24.51236254597878,24.453920140217868
430.87499999999994,24.51236254597878,24.728997667726446
430.8999999999999,24.23175749037941,20.399790676278023
430.92499999999995,24.23175749037941,19.004036590967274
430.94999999999993,21.391286651969665,20.10683459059164
430.9749999999999,21.391286651969665,19.187492234650144
430.99999999999994,24.124651557411045,19.851791455106007
431.0249999999999,24.124651557411045,19.61591785677534
431.04999999999995,20.2506936044872,16.214501549927625
431.07499999999993,20.2506936044872,16.71526922228429
431.0999999999999,15.285391374629064,14.705191594551959
431.12499999999994,15.285391374629064,14.69642494857763
431.1499999999999,16.24460406274865,14.03467134716227
431.17499999999995,16.24460406274865,11.963027170305386
431.19999999999993,14.022733292600286,14.167522185985607
431.2249999999999,14.022733292600286,14.009346317337025
431.24999999999994,15.216726789626057,14.283756640355405
431.2749999999999,15.216726789626057,16.866927172867108
431.29999999999995,14.993299699245435,15.328358470196644
431.32499999999993,14.993299699245435,13.004158702364158
431.3499999999999,12.023534286493945,13.497616588791022
431.37499999999994,12.023534286493945,11.814823234955352
431.3999999999999,12.283671752184706,8.603195296152744
431.42499999999995,12.283671752184706,11.002299162656126
431.44999999999993,9.817044391767418,10.830588982526308
431.4749999999999,9.817044391767418,12.39491649459784
431.49999999999994,8.301878521398956,13.269698215267198
431.5249999999999,8.301878521398956,12.28965171355401
431.54999999999995,8.825799862645844,11.189944654681181
431.57499999999993,8.825799862645844,8.530369917215221
431.5999999999999,11.01461318396442,9.590018405207633
431.62499999999994,11.01461318396442,10.52009092006814
431.6499999999999,5.825225630139069,12.111259211227596
431.67499999999995,5.825225630139069,14.1656909357418
431.69999999999993,7.406426427571139,13.984357225870522
431.7249999999999,7.406426427571139,13.001323367429428
431.74999999999994,8.053995690788039,11.759240916447403
431.7749999999999,8.053995690788039,11.141418147658683
431.79999999999995,5.891426365135807,11.281029263387275
431.82499999999993,5.891426365135807,11.828651180916914
431.8499999999999,4.5811053591837085,9.66053977338636
431.87499999999994,4.5811053591837085,7.952251013763263
431.8999999999999,5.035768946260212,8.082858165770894
431.92499999999995,5.035768946260212,6.401114605244146
431.94999999999993,8.74236062089475,6.681099003655484
431.9749999999999,8.74236062089475,8.687398309676059
431.99999999999994,13.578007712298623,6.961505550039579
432.0249999999999,13.578007712298623,9.143053719968757
432.04999999999995,10.645794652955225,12.0069104652704
432.07499999999993,10.645794652955225,9.89380371186262
432.0999999999999,13.473512829297006,11.864752784690232
432.12499999999994,13.473512829297006,13.972291876599446
432.1499999999999,15.756888876786157,13.873094950719663
432.17499999999995,15.756888876786157,15.218061873484256
432.19999999999993,11.17139494121678,13.468245729027835
432.2249999999999,11.17139494121678,12.477813175765695
432.24999999999994,10.32619031432702,12.228250160713271
432.2749999999999,10.32619031432702,11.526130560313982
432.29999999999995,8.446492846329335,12.79211284518623
432.32499999999993,8.446492846329335,11.70133202877488
432.3499999999999,7.64406668448277,10.164310054939733
432.37499999999994,7.64406668448277,10.336369684807368
432.3999999999999,6.922323839888879,9.596399131915849
432.42499999999995,6.922323839888879,7.562027765903271
432.44999999999993,8.938909717288556,7.51376336272444
432.4749999999999,8.938909717288556,7.071101616802148
432.49999999999994,11.406959256002192,9.701719316594776
432.5249999999999,11.406959256002192,10.693611296292389
432.54999999999995,12.438273014536964,12.972126378087596
432.57499999999993,12.438273014536964,13.328997232994755
432.5999999999999,11.952502513732073,10.635739507317066
432.62499999999994,11.952502513732073,13.795077378088138
432.6499999999999,11.057808195944832,13.51311337178155
432.67499999999995,11.057808195944832,15.396439433325835
432.69999999999993,14.64425280272635,15.835793126510756
432.7249999999999,14.64425280272635,13.33531164042691
432.74999999999994,11.14641211066211,12.656961208475577
432.7749999999999,11.14641211066211,11.160627098535853
432.79999999999995,11.60723477588976,11.351485340229722
432.82499999999993,11.60723477588976,11.571273436412593
432.8499999999999,11.49391666915959,15.807569659756304
432.87499999999994,11.49391666915959,15.478122398046915
432.8999999999999,16.56739313016327,15.730379188608701
432.92499999999995,16.56739313016327,14.210544490836774
432.94999999999993,15.865486999875191,8.105288647482613
432.9749999999999,15.865486999875191,9.247341523197102
432.99999999999994,18.92785610992944,8.077927246302256
433.0249999999999,18.92785610992944,10.669505787643066
433.04999999999995,22.38670962280914,14.448222153592159
433.07499999999993,22.38670962280914,15.215825803630576
433.0999999999999,22.314190116800965,16.455297853566577
433.12499999999994,22.314190116800965,15.073222153219838
433.1499999999999,19.808766336214838,14.423690336728281
433.17499999999995,19.808766336214838,16.695713471221623
433.19999999999993,15.68260000285148,17.427286753467964
433.2249999999999,15.68260000285148,22.426757316227405
433.24999999999994,15.466737482125902,22.78264757286465
433.2749999999999,15.466737482125902,18.27336836411552
433.29999999999995,18.38664517624496,18.3592201372535
433.32499999999993,18.38664517624496,16.023067625169112
433.3499999999999,15.11949500268727,16.53065535296905
433.37499999999994,15.11949500268727,18.311271024783935
433.3999999999999,13.778449564178311,17.46457735578143
433.42499999999995,13.778449564178311,16.1154768688609
433.44999999999993,9.97151395127826,13.412851505527867
433.4749999999999,9.97151395127826,11.38466993306905
433.49999999999994,13.037971761627276,12.064761156035646
433.5249999999999,13.037971761627276,13.108730264039476
433.54999999999995,15.492402032021548,16.35334588400268
433.57499999999993,15.492402032021548,18.043706239065116
433.5999999999999,12.658051680666487,18.63973049306795
433.62499999999994,12.658051680666487,16.456513932931095
433.6499999999999,14.088259234264578,18.182784014687343
433.67499999999995,14.088259234264578,18.658443033217637
433.69999999999993,16.777714813950055,16.811928268609293
433.7249999999999,16.777714813950055,18.721397372896924
433.74999999999994,16.851271545405908,16.274025361138968
433.7749999999999,16.851271545405908,13.932348563330422
433.79999999999995,15.80806014148536,14.619215559209588
433.82499999999993,15.80806014148536,14.967499286105191
433.8499999999999,13.603607414038365,11.638901798736516
433.87499999999994,13.603607414038365,11.099432117810075
433.8999999999999,14.12160596682325,11.535824543645408
433.92499999999995,14.12160596682325,9.94936971025427
433.94999999999993,13.506042331190192,12.415305939835472
433.9749999999999,13.506042331190192,14.159098844692943
433.99999999999994,16.23421618553526,12.285838591885533
434.0249999999999,16.23421618553526,9.07893014219467
434.04999999999995,13.644501443412455,7.976790256346311
434.07499999999993,13.644501443412455,9.396332955630642
434.0999999999999,15.430475065660463,10.113293074210524
434.12499999999994,15.430475065660463,13.778673423465989
434.1499999999999,14.937112834303573,13.723354578428236
434.17499999999995,14.937112834303573,12.055368253315152
434.19999999999993,15.263014587126907,12.152761651424406
434.2249999999999,15.263014587126907,9.407321126023813
434.24999999999994,15.147072856396395,8.505582868626494
434.2749999999999,15.147072856396395,9.265808041001415
434.29999999999995,9.070779802814544,9.012709397312644
434.32499999999993,9.070779802814544,9.396455441526387
434.3499999999999,8.983082617037665,10.780914694077406
434.37499999999994,8.983082617037665,8.885514372009135
434.3999999999999,9.136467570595627,8.887295649222109
434.42499999999995,9.136467570595627,9.117951421117784
434.44999999999993,12.338017985951204,9.22657998061339
434.4749999999999,12.338017985951204,11.030557793822886
434.49999999999994,11.608481318407522,9.835572359142933
434.5249999999999,11.608481318407522,10.721917058911211
434.54999999999995,7.200091843472127,11.081358239065066
434.57499999999993,7.200091843472127,8.721917048626706
434.5999999999999,5.224077764679807,9.59171961123892
434.62499999999994,5.224077764679807,10.335400835977111
434.6499999999999,7.729888761547218,7.510417564859074
434.67499999999995,7.729888761547218,9.00448499159487
434.69999999999993,2.2352421889030656,7.507477756979961
434.7249999999999,2.2352421889030656,5.647635774131425
434.74999999999994,2.720620397318281,5.100415598284108
434.7749999999999,2.720620397318281,3.230371166994799
434.79999999999995,3.502227537892933,4.247279873774754
434.82499999999993,3.502227537892933,4.185416041279414
434.8499999999999,3.444683137551203,6.303871642930822
434.87499999999994,3.444683137551203,6.188110382564123
434.8999999999999,4.192018081295672,5.208764776067106
434.92499999999995,4.192018081295672,4.205784822685612
434.94999999999993,6.093952904432977,2.3368101691623213
434.9749999999999,6.093952904432977,4.650183871969629
434.99999999999994,6.068763679057806,6.288761675991068
435.0249999999999,6.068763679057806,7.42840954490986
435.04999999999995,5.0923889058518,8.908819443859297
435.07499999999993,5.0923889058518,8.889647368871536
435.0999999999999,5.700917944362197,7.412346235324369
435.12499999999994,5.700917944362197,9.81923051559627
435.1499999999999,4.597154991733307,8.345314014648519
435.17499999999995,4.597154991733307,7.0085755070943225
435.19999999999993,7.378828390442119,8.355627287880548
435.2249999999999,7.378828390442119,8.067402834515827
435.24999999999994,4.949980796189688,9.108858659518484
435.2749999999999,4.949980796189688,9.813448408922493
435.29999999999995,4.112307547848635,9.114668983555019
435.32499999999993,4.112307547848635,6.935185438566188
435.3499999999999,2.869350459773208,7.859373902196772
435.37499999999994,2.869350459773208,7.560126707379583
435.3999999999999,4.051366574435445,7.317477084583465
435.4249999999999,4.051366574435445,6.297324843367829
435.44999999999993,3.1165367607643653,6.104970120535839
435.4749999999999,3.1165367607643653,5.755575420900392
435.49999999999994,6.083413752253177,7.132234021693645
435.5249999999999,6.083413752253177,9.690618172888113
435.5499999999999,9.22296924863124,10.42615148527289
435.57499999999993,9.22296924863124,10.309786538314732
435.5999999999999,6.843406000898955,9.336573784220011
435.62499999999994,6.843406000898955,8.442708501546996
435.6499999999999,7.679227396685752,9.50413231531373
435.6749999999999,7.679227396685752,9.655363881981003
435.69999999999993,9.435558761402255,9.92038187099671
435.7249999999999,9.435558761402255,7.8731492487897885
435.74999999999994,11.2080744459638,5.885675913236329
435.7749999999999,11.2080744459638,7.770380585350735
435.7999999999999,6.261139843830979,8.386517848976021
435.82499999999993,6.261139843830979,11.989561883924464
435.8499999999999,8.20122261457603,11.023543884802555
435.87499999999994,8.20122261457603,12.381607867144073
435.8999999999999,8.644352607801578,11.487458681325375
435.9249999999999,8.644352607801578,9.974959692314274
435.94999999999993,6.687387371130577,14.262821088555096
435.9749999999999,6.687387371130577,11.33251188162106
435.99999999999994,6.631569577884369,11.7643937025255
436.0249999999999,6.631569577884369,13.240633561744225
436.0499999999999,8.053865724314344,9.24914657125179
436.07499999999993,8.053865724314344,10.530452359818456
436.0999999999999,8.38738271844738,10.408539506088168
436.12499999999994,8.38738271844738,7.2949296569998525
436.1499999999999,9.836948587735431,6.243582667134593
436.1749999999999,9.836948587735431,5.5640958918597745
436.19999999999993,8.168285801757232,5.328724173884215
436.2249999999999,8.168285801757232,7.316134808190775
436.24999999999994,11.641911560974773,8.621204658297255
436.2749999999999,11.641911560974773,7.671670788159936
436.2999999999999,14.05784607382618,10.061137915386581
436.32499999999993,14.05784607382618,10.225753927080957
436.3499999999999,12.071450801647806,9.503535380230348
436.37499999999994,12.071450801647806,10.387698150358737
436.3999999999999,9.989743780890018,7.7915361069562525
436.4249999999999,9.989743780890018,7.045994170813645
436.44999999999993,9.464276280192475,10.177831674580304
436.4749999999999,9.464276280192475,9.79780200930925
436.49999999999994,11.395942345110642,10.39208032791165
436.5249999999999,11.395942345110642,13.999392491519991
436.5499999999999,12.852485313342203,14.523799726081897
436.57499999999993,12.852485313342203,13.940599827663123
436.5999999999999,13.06654674535979,12.67697311207851
436.62499999999994,13.06654674535979,8.475341477260965
436.6499999999999,8.280703269338204,7.358904316798823
436.6749999999999,8.280703269338204,9.121306788384873
436.69999999999993,5.560688748865257,9.273276425391174
436.7249999999999,5.560688748865257,9.953373584534996
436.74999999999994,4.630952902440907,10.260131587122414
436.7749999999999,4.630952902440907,9.1890262567968
436.7999999999999,3.572608077989432,9.405216448012414
436.82499999999993,3.572608077989432,7.324755767907482
436.8499999999999,2.606817906390982,5.1951894214002685
436.87499999999994,2.606817906390982,4.831089814511069
436.8999999999999,3.0856077602760976,4.727300552555393
436.9249999999999,3.0856077602760976,5.805763675316028
436.94999999999993,2.038479201973888,4.720834530301824
436.9749999999999,2.038479201973888,4.442463200776836
436.99999999999994,2.493269782964931,4.595184569067638
437.0249999999999,2.493269782964931,4.757277694792259
437.0499999999999,3.960878559610259,6.138394064118998
437.07499999999993,3.960878559610259,6.133325953416852
437.0999999999999,2.312416567416808,7.071802102519808
437.12499999999994,2.312416567416808,7.704702852990712
437.1499999999999,2.737676763934514,7.953363207605142
437.1749999999999,2.737676763934514,6.968565301350504
437.19999999999993,3.304317034365797,7.229019230244981
437.2249999999999,3.304317034365797,6.593829159648101
437.24999999999994,3.762639765522146,4.367326158157077
437.2749999999999,3.762639765522146,5.633425039187594
437.2999999999999,4.631184372964525,4.312849573583529
437.32499999999993,4.631184372964525,5.619130313415971
437.3499999999999,7.489331580046068,8.314970408515574
437.37499999999994,7.489331580046068,10.184173147662655
437.3999999999999,9.561146121613575,11.254280237196447
437.4249999999999,9.561146121613575,10.170890064861517
437.44999999999993,14.473998861189555,11.074463732327658
437.4749999999999,14.473998861189555,11.078495095942117
437.49999999999994,9.704336782633074,12.428008499058011
437.5249999999999,9.704336782633074,12.152140022632606
437.5499999999999,10.661580987831048,10.790982117607767
437.57499999999993,10.661580987831048,10.88255988148548
437.5999999999999,9.394882646015272,10.29980999021767
437.62499999999994,9.394882646015272,10.913355950469576
437.6499999999999,6.606296583499967,11.37699210728282
437.6749999999999,6.606296583499967,9.06398851519447
437.69999999999993,8.323722465880852,8.024656637119698
437.7249999999999,8.323722465880852,6.666380947859706
437.74999999999994,10.12541962146098,6.137538801677562
437.7749999999999,10.12541962146098,7.741884819832713
437.7999999999999,14.75184397305863,7.594729137152317
437.82499999999993,14.75184397305863,9.06084883056496
437.8499999999999,13.99932114566563,10.000406781029556
437.87499999999994,13.99932114566563,14.252124682733179
437.8999999999999,10.780505315637033,15.58652398643817
437.9249999999999,10.780505315637033,15.967552769374988
437.94999999999993,13.253103138087598,16.15764954760425
437.9749999999999,13.253103138087598,10.725804179155086
437.99999999999994,11.026048217384,9.497112331541922
438.0249999999999,11.026048217384,9.524974456933753
438.0499999999999,10.059572641856942,9.043996289097093
438.07499999999993,10.059572641856942,11.524656786363543
438.0999999999999,11.3303843667741,15.548717936355656
438.12499999999994,11.3303843667741,15.166947614208969
438.1499999999999,11.509789343820088,16.719555478362533
438.1749999999999,11.509789343820088,16.01281540696912
438.19999999999993,10.631046285577373,11.674818460360175
438.2249999999999,10.631046285577373,12.947119533222203
438.24999999999994,12.280297519680175,9.366625702759299
438.2749999999999,12.280297519680175,8.804719868724195
438.2999999999999,8.586303766129145,9.04838553584483
438.32499999999993,8.586303766129145,8.188533150404362
438.3499999999999,9.47308820819379,8.761475982127378
438.37499999999994,9.47308820819379,8.282168792243437
438.3999999999999,8.910430108487109,9.74073803391583
438.4249999999999,8.910430108487109,9.549813923358322
438.44999999999993,11.354404081920302,10.3740656958153
438.4749999999999,11.354404081920302,8.96317799867548
438.49999999999994,15.065468713273535,10.131753735355042
438.5249999999999,15.065468713273535,9.870005081726166
438.5499999999999,20.730495241849077,11.127691555027171
438.57499999999993,20.730495241849077,11.020703234392702
438.5999999999999,25.719624830522136,10.837965068944856
438.62499999999994,25.719624830522136,15.715948739333633
438.6499999999999,25.266556630358288,16.949781309264825
438.6749999999999,25.266556630358288,19.401937678612
438.69999999999993,22.105659598795512,18.310766083362438
438.7249999999999,22.105659598795512,14.4990188921201
438.74999999999994,18.47900312232773,13.50549598524885
438.7749999999999,18.47900312232773,11.442086784446598
438.7999999999999,20.602883561620743,10.089748126342277
438.82499999999993,20.602883561620743,10.979263599778731
438.8499999999999,18.69742269634834,12.090344810118436
438.87499999999994,18.69742269634834,12.642647947885123
438.8999999999999,17.39890986407557,12.763688476842038
438.9249999999999,17.39890986407557,11.78783545264536
438.94999999999993,17.004144586472282,9.748786086310162
438.9749999999999,17.004144586472282,12.581172270504695
438.99999999999994,12.76664263741896,13.547722007981417
439.0249999999999,12.76664263741896,12.632763077820211
439.0499999999999,10.00601092497396,13.145390946600475
439.07499999999993,10.00601092497396,9.479030488285888
439.0999999999999,12.07049387336187,9.42462506835006
439.12499999999994,12.07049387336187,9.299847488135649
439.1499999999999,13.02110369090569,8.912048774208811
439.1749999999999,13.02110369090569,12.1041077606884
439.19999999999993,12.58458934595437,11.91754206560745
439.2249999999999,12.58458934595437,12.436928867689526
439.24999999999994,13.121433297270867,11.32659080447186
439.2749999999999,13.121433297270867,8.754162377396447
439.2999999999999,13.31578306748328,9.2315746445758
439.32499999999993,13.31578306748328,9.526982006888336
439.3499999999999,10.92811478132631,8.037034807058921
439.37499999999994,10.92811478132631,10.445039976499313
439.3999999999999,14.793867027844088,10.421154629668337
439.4249999999999,14.793867027844088,11.916865658648833
439.44999999999993,16.496801508206158,13.522621871557366
439.4749999999999,16.496801508206158,17.582988815001556
439.49999999999994,15.670848376687015,18.13597586664376
439.5249999999999,15.670848376687015,18.918986205805275
439.5499999999999,14.754218251070586,18.58368913543095
439.57499999999993,14.754218251070586,12.670057926344258
439.5999999999999,14.620909249928356,9.547798002363027
439.62499999999994,14.620909249928356,10.586906297614757
439.6499999999999,14.344689595123477,12.681008224678202
439.6749999999999,14.344689595123477,14.069459046339206
439.69999999999993,14.931932261254712,19.37709669144686
439.7249999999999,14.931932261254712,17.528321851010524
439.74999999999994,12.946117806485464,18.02357436479491
439.7749999999999,12.946117806485464,18.512259306437333
439.7999999999999,11.754632445274364,17.261158998982296
439.82499999999993,11.754632445274364,16.397617547268737
439.8499999999999,9.492903582446138,13.936494137262994
439.87499999999994,9.492903582446138,10.155473473571728
439.8999999999999,8.147361853089992,6.289526240748787
439.9249999999999,8.147361853089992,5.739908614458807
439.94999999999993,10.286912285135951,6.480618939908888
439.9749999999999,10.286912285135951,6.9059010594889285
439.99999999999994,10.705960055335664,7.478371892130595
440.0249999999999,10.705960055335664,7.009342156071826
440.0499999999999,11.485914501569862,6.767836790245291
440.07499999999993,11.485914501569862,8.561164945299685
440.0999999999999,13.127623028340912,8.661243641408566
440.12499999999994,13.127623028340912,8.937533291958625
440.1499999999999,16.03867075056994,11.295980829315086
440.1749999999999,16.03867075056994,10.914230511837292
440.19999999999993,16.781196656752932,15.154221451568368
440.2249999999999,16.781196656752932,16.13123195390674
440.24999999999994,17.865068582582303,14.006403754825795
440.2749999999999,17.865068582582303,14.513694167382742
440.2999999999999,15.900495838748167,13.544236182473801
440.32499999999993,15.900495838748167,13.585841139774182
440.3499999999999,16.14844788623077,13.008898032477923
440.37499999999994,16.14844788623077,13.53426148728789
440.3999999999999,15.24173203020755,12.73227055547177
440.4249999999999,15.24173203020755,10.404468916962955
440.44999999999993,16.071089308520772,11.38723434516542
440.4749999999999,16.071089308520772,10.557242221295212
440.49999999999994,14.412047021777605,10.138229575285212
440.5249999999999,14.412047021777605,9.375667416704056
440.5499999999999,14.316768494287627,10.156578091458403
440.57499999999993,14.316768494287627,10.024643901570629
440.5999999999999,11.666653485559303,10.155894036408732
440.62499999999994,11.666653485559303,13.168940339607964
440.6499999999999,9.967026522503229,12.488782317685823
440.6749999999999,9.967026522503229,15.815572594076011
440.69999999999993,9.517783188534134,13.951108645610534
440.7249999999999,9.517783188534134,14.83183190671746
440.74999999999994,11.127501013818677,16.69027015328429
440.7749999999999,11.127501013818677,14.182098882548193
440.7999999999999,9.40724397939474,15.769951033477994
440.82499999999993,9.40724397939474,12.598309614421291
440.8499999999999,7.902951089566042,8.563335099579847
440.87499999999994,7.902951089566042,8.665355799565488
440.8999999999999,5.313958236008269,6.214828487946249
440.9249999999999,5.313958236008269,6.4840656703919635
440.94999999999993,5.186946060883893,7.064914381873013
440.9749999999999,5.186946060883893,5.245721581989395
440.99999999999994,4.728823753978353,6.9129782464775875
441.0249999999999,4.728823753978353,7.194406849675997
441.0499999999999,6.529627905817952,6.407642927430902
441.07499999999993,6.529627905817952,8.490382821147062
441.0999999999999,6.504305991378339,7.004959095806571
441.12499999999994,6.504305991378339,7.7842227927874905
441.1499999999999,3.04179343442515,7.741805735670802
441.1749999999999,3.04179343442515,5.240599216815655
441.19999999999993,2.1997449183896616,6.566257151384211
441.2249999999999,2.1997449183896616,6.090936175666067
441.24999999999994,3.2096949694167014,6.946171038760418
441.2749999999999,3.2096949694167014,7.0458734168092265
441.2999999999999,2.572422048559708,7.331216468755848
441.32499999999993,2.572422048559708,6.669271275802336
441.3499999999999,2.590545830769468,6.2604410942765485
441.37499999999994,2.590545830769468,6.168974175160696
441.3999999999999,1.9170980595838376,4.840425289610214
441.4249999999999,1.9170980595838376,5.597200131555096
441.44999999999993,1.5337334838589165,5.284503741851211
441.4749999999999,1.5337334838589165,6.304793684060671
441.49999999999994,2.7738817137155767,7.096791162516365
441.5249999999999,2.7738817137155767,6.569140260854259
441.5499999999999,3.730902088961094,7.081459114503862
441.57499999999993,3.730902088961094,5.680037791545306
441.5999999999999,3.056587121869802,4.751139738138054
441.62499999999994,3.056587121869802,5.964487520920191
441.6499999999999,4.496014486880823,6.197499261481892
441.6749999999999,4.496014486880823,8.568018287237434
441.69999999999993,4.544124761930778,9.14871831139009
441.7249999999999,4.544124761930778,8.004865212203537
441.74999999999994,3.277196929012877,6.961365935630073
441.7749999999999,3.277196929012877,5.383823507664159
441.7999999999999,5.678649098596033,4.648205256022479
441.82499999999993,5.678649098596033,5.065167947941689
441.8499999999999,4.864559828754324,7.192915801810238
441.87499999999994,4.864559828754324,8.972332340885433
441.8999999999999,2.65494867402944,10.30268964422987
441.9249999999999,2.65494867402944,11.335740249420432
441.94999999999993,2.591979373794151,9.983337618622429
441.9749999999999,2.591979373794151,7.802372926396889
441.99999999999994,1.8035666963325456,8.621395653284297
442.0249999999999,1.8035666963325456,6.519135674164127
442.0499999999999,3.794636391840622,6.66836980315744
442.07499999999993,3.794636391840622,7.245968931431824
442.0999999999999,3.4305162213915428,5.161730103647475
442.12499999999994,3.4305162213915428,4.91866663373715
442.1499999999999,3.494339384145079,5.403316599765968
442.1749999999999,3.494339384145079,4.324821799048999
442.19999999999993,4.035609144685413,4.9886617137889955
442.2249999999999,4.035609144685413,6.438428096378518
442.24999999999994,5.173986573808701,6.051138605343659
442.2749999999999,5.173986573808701,8.039047606498832
442.2999999999999,6.117036253783764,8.135368085111297
442.32499999999993,6.117036253783764,9.126772769120306
442.3499999999999,4.512558094912103,8.332657116930417
442.37499999999994,4.512558094912103,6.8793607981785305
442.3999999999999,4.562155185119042,6.86444024394926
442.4249999999999,4.562155185119042,4.901846285630435
442.44999999999993,6.134018431685284,5.972718529217762
442.4749999999999,6.134018431685284,5.927753249168962
442.49999999999994,5.548944989198184,6.941753660005498
442.5249999999999,5.548944989198184,7.539864301072017
442.5499999999999,8.10913232473916,8.113351682644193
442.57499999999993,8.10913232473916,8.267938721677359
442.5999999999999,6.977331638633086,7.027529605574544
442.62499999999994,6.977331638633086,8.867721407882007
442.6499999999999,7.844943890804822,8.167232877631205
442.6749999999999,7.844943890804822,9.695361651909536
442.69999999999993,8.346725868500453,9.597460197701482
442.7249999999999,8.346725868500453,8.927173513269734
442.74999999999994,7.98829063334579,9.57650588586538
442.7749999999999,7.98829063334579,9.033233706346806
442.7999999999999,6.684965273367383,10.115196687598834
442.82499999999993,6.684965273367383,8.517064859352773
442.8499999999999,10.351818694349758,7.500630330594924
442.87499999999994,10.351818694349758,7.683929909021337
442.8999999999999,11.771781454146089,7.118159263002604
442.9249999999999,11.771781454146089,7.055450776220496
442.94999999999993,15.24982982220065,9.208222381799692
442.9749999999999,15.24982982220065,8.457092756794477
442.99999999999994,14.756512069853086,9.234550675912747
443.0249999999999,14.756512069853086,10.882525103105827
443.0499999999999,15.63621083911483,11.405344633220537
443.07499999999993,15.63621083911483,14.487286114937561
443.0999999999999,16.897610372238518,13.523937727943236
443.12499999999994,16.897610372238518,14.12389985617348
443.1499999999999,14.811521610525912,13.456927276100277
443.1749999999999,14.811521610525912,13.113125085382372
443.19999999999993,15.719612499764755,13.305620574530725
443.2249999999999,15.719612499764755,12.838624710911965
443.24999999999994,13.863841175827146,12.24308777513526
443.2749999999999,13.863841175827146,10.749195406662594
443.2999999999999,13.452188468329158,10.072411057595284
443.32499999999993,13.452188468329158,13.121998655256728
443.3499999999999,12.926821644257275,13.644067518609024
443.37499999999994,12.926821644257275,13.396364678181783
443.3999999999999,13.80016707457471,15.395285284112848
443.4249999999999,13.80016707457471,13.531097336022649
443.44999999999993,15.721952612466673,11.122006720812179
443.4749999999999,15.721952612466673,13.083703701118411
443.49999999999994,19.182120161416208,10.748147228684827
443.5249999999999,19.182120161416208,10.840174759747988
443.5499999999999,16.37350761592742,17.20913868345277
443.57499999999993,16.37350761592742,14.737283351731392
443.5999999999999,17.609132782229548,16.045407791185227
443.62499999999994,17.609132782229548,15.418991339641934
443.6499999999999,20.288622079438195,11.162319634896926
443.6749999999999,20.288622079438195,12.983117179639379
443.69999999999993,20.08730777944284,15.843116557004235
443.7249999999999,20.08730777944284,16.73478342368537
443.74999999999994,24.7537742959021,16.733840664914077
443.7749999999999,24.7537742959021,19.306301006856494
443.7999999999999,29.325559227102712,18.485008582297798
443.82499999999993,29.325559227102712,19.451142036950085
443.8499999999999,30.898357827921384,21.97059048111226
443.87499999999994,30.898357827921384,22.590633728616403
443.8999999999999,26.594956297530224,21.77228002057025
443.9249999999999,26.594956297530224,22.495801569077944
443.94999999999993,23.99487935135436,20.521840573740782
443.9749999999999,23.99487935135436,16.581282176777577
443.99999999999994,21.36126782698801,18.0913509221988
444.0249999999999,21.36126782698801,17.810839115101345
444.0499999999999,21.20778997325578,17.99378879256171
444.07499999999993,21.20778997325578,21.020613140694053
444.0999999999999,19.54744745686565,20.608567327781465
444.12499999999994,19.54744745686565,14.94652936999605
444.1499999999999,18.60660973314842,13.913347981626986
444.1749999999999,18.60660973314842,9.40929600471647
444.19999999999993,18.149233873489408,9.12842952531518
444.2249999999999,18.149233873489408,10.86584000297022
444.24999999999994,13.682367862312985,10.090396742579088
444.2749999999999,13.682367862312985,11.80089833959726
444.2999999999999,13.72113942349258,7.955623893785621
444.32499999999993,13.72113942349258,9.98100416482024
444.3499999999999,9.79564581445789,13.025110984925476
444.37499999999994,9.79564581445789,10.987563608413085
444.3999999999999,13.90355778323718,14.806721865655897
444.4249999999999,13.90355778323718,13.558428362719855
444.44999999999993,14.980308071126888,10.215449838198472
444.4749999999999,14.980308071126888,10.447142781857044
444.49999999999994,12.143738091955482,8.311774894089325
444.5249999999999,12.143738091955482,6.44466702758152
444.5499999999999,14.649751992290772,7.502584192728767
444.57499999999993,14.649751992290772,7.925256711801667
444.5999999999999,14.177872466557634,10.49442685551602
444.62499999999994,14.177872466557634,11.842362896421864
444.6499999999999,11.815316541896724,13.54115017882819
444.6749999999999,11.815316541896724,12.993107570097074
444.69999999999993,13.347761948781232,9.939916128336952
444.7249999999999,13.347761948781232,10.935162995453592
444.74999999999994,9.197571814544848,9.806668222912265
444.7749999999999,9.197571814544848,11.791389832182695
444.7999999999999,8.66816164456744,12.61873028869784
444.82499999999993,8.66816164456744,10.00749979723989
444.8499999999999,9.82524628570174,8.874790382255874
444.87499999999994,9.82524628570174,7.001125041923415
444.8999999999999,12.42221826175101,5.946388488625751
444.9249999999999,12.42221826175101,8.544262552368377
444.94999999999993,12.234546365418025,9.086340737004617
444.9749999999999,12.234546365418025,9.783148917084587
444.99999999999994,10.5726320076841,11.171133635172113
445.0249999999999,10.5726320076841,11.599726454214762
445.0499999999999,9.566662149364683,12.282673975912404
445.07499999999993,9.566662149364683,12.918850602434294
445.0999999999999,11.611171027322278,12.157642877836626
445.12499999999994,11.611171027322278,13.516978608000729
445.1499999999999,6.028699741714597,13.738469786510725
445.1749999999999,6.028699741714597,13.34777487784261
445.19999999999993,5.022929219997419,12.827534473737037
445.2249999999999,5.022929219997419,9.191578002181274
445.24999999999994,6.732944251262274,6.672993010929542
445.2749999999999,6.732944251262274,6.426565466683711
445.2999999999999,5.636855890367516,5.833651540335154
445.32499999999993,5.636855890367516,6.057722902933053
445.3499999999999,5.401308376472596,8.443516203257769
445.37499999999994,5.401308376472596,7.60162918429735
445.3999999999999,8.366103903542184,9.08939518113755
445.4249999999999,8.366103903542184,8.619810967936806
445.44999999999993,8.08618763602303,7.82232140647269
445.4749999999999,8.08618763602303,11.373236244031713
445.49999999999994,4.31640152119193,10.484969851204331
445.5249999999999,4.31640152119193,10.873660621176525
445.5499999999999,3.512273004498423,9.918771586922926
445.57499999999993,3.512273004498423,6.49458394475342
445.5999999999999,4.723296618118564,7.9793739998907585
445.62499999999994,4.723296618118564,8.844921086411285
445.6499999999999,5.620106524458993,7.93125126439287
445.6749999999999,5.620106524458993,9.187820502056152
445.69999999999993,5.563255572375168,8.759814841011654
445.7249999999999,5.563255572375168,7.897190599473319
445.74999999999994,4.924755032086282,10.005885585846245
445.7749999999999,4.924755032086282,10.383428602100944
445.7999999999999,8.66110557984893,9.144251481893376
445.82499999999993,8.66110557984893,14.315802149824185
445.8499999999999,9.960541880923673,13.070094512500404
445.87499999999994,9.960541880923673,11.704512155366999
445.8999999999999,11.368315727676492,11.937077915705107
445.9249999999999,11.368315727676492,7.287433723451593
445.94999999999993,11.578522256586242,6.564400520771178
445.9749999999999,11.578522256586242,7.815159013445014
445.99999999999994,12.750316602995508,8.375307808571893
446.0249999999999,12.750316602995508,10.402399844110274
446.0499999999999,8.813806120380079,10.565483921085491
446.07499999999993,8.813806120380079,8.6398179451892
446.0999999999999,8.278849039132893,7.867306897762031
446.12499999999994,8.278849039132893,5.436247685404363
446.1499999999999,6.634492110122511,6.780898708217406
446.1749999999999,6.634492110122511,9.661220996455288
446.19999999999993,9.326277149585426,10.695536727987871
446.2249999999999,9.326277149585426,10.556379006247017
446.24999999999994,10.41972307396782,10.988939926033181
446.2749999999999,10.41972307396782,9.884328791995868
446.2999999999999,12.668680697152991,11.300484315103366
446.32499999999993,12.668680697152991,10.40947351103727
446.3499999999999,7.923131862403197,10.045144601695874
446.37499999999994,7.923131862403197,9.125715453764489
446.3999999999999,9.376768969671346,6.703368817438808
446.4249999999999,9.376768969671346,8.607835407544261
446.44999999999993,12.20774416927896,7.640391226502473
446.4749999999999,12.20774416927896,9.466324919764947
446.49999999999994,16.073330625298542,10.563688398578858
446.5249999999999,16.073330625298542,8.592137881322856
446.5499999999999,9.862300717897552,11.837905558859683
446.57499999999993,9.862300717897552,9.589756731937555
446.5999999999999,4.957107187152921,9.989720944647148
446.62499999999994,4.957107187152921,10.861635103785805
446.6499999999999,5.60599990369991,6.856380415035128
446.6749999999999,5.60599990369991,6.495796150971887
446.69999999999993,5.717912230617234,7.381698277507679
446.7249999999999,5.717912230617234,6.852679917457033
446.74999999999994,10.504543209448816,6.872689352968127
446.7749999999999,10.504543209448816,7.746208091781922
446.7999999999999,10.53586189764383,5.3285361810405085
446.82499999999993,10.53586189764383,7.239201689421246
446.8499999999999,12.920965710625474,8.997690476499258
446.87499999999994,12.920965710625474,10.054693026903987
446.8999999999999,9.070885150672856,10.687841096513775
446.9249999999999,9.070885150672856,10.613502953390867
446.94999999999993,9.136636334633913,10.940419588367233
446.9749999999999,9.136636334633913,10.86605791701758
446.99999999999994,9.837461114914248,10.954540389169436
447.0249999999999,9.837461114914248,11.449884471041981
447.0499999999999,11.132516538937152,11.062422584738114
447.07499999999993,11.132516538937152,12.179248082794352
447.0999999999999,10.116774738351962,12.714085929952873
447.12499999999994,10.116774738351962,10.846741359471302
447.1499999999999,11.12018266519193,10.006646295420698
447.1749999999999,11.12018266519193,8.000304313951203
447.19999999999993,8.759191005505723,7.788048128055942
447.2249999999999,8.759191005505723,11.295293944362506
447.24999999999994,9.88791766770234,11.951107363386775
447.2749999999999,9.88791766770234,11.015886392450053
447.2999999999999,7.560926468553245,11.38900870124913
447.32499999999993,7.560926468553245,8.72249002485324
447.3499999999999,9.286103266601163,7.310758909826472
447.37499999999994,9.286103266601163,8.324075272963363
447.3999999999999,5.383791310001279,7.925233437476594
447.4249999999999,5.383791310001279,8.967502183336709
447.44999999999993,4.451841912380784,10.832393434890419
447.4749999999999,4.451841912380784,9.78645279045703
447.49999999999994,6.956639375826073,9.658177372759738
447.5249999999999,6.956639375826073,8.70819772189033
447.5499999999999,5.686002438636423,6.852638583096346
447.57499999999993,5.686002438636423,7.0397891478134955
447.5999999999999,9.340345978754833,7.870899921150975
447.62499999999994,9.340345978754833,9.106748621981648
447.6499999999999,9.186168303577537,9.677232014990063
447.6749999999999,9.186168303577537,10.590247277804751
447.69999999999993,11.62696926902045,10.371365215610968
447.7249999999999,11.62696926902045,9.4570119453591
447.74999999999994,9.770810597887932,13.883895511375728
447.7749999999999,9.770810597887932,13.157395418397089
447.7999999999999,8.604945974173326,14.810258227182326
447.82499999999993,8.604945974173326,14.25158579367085
447.8499999999999,8.559165779408819,9.195229479168809
447.87499999999994,8.559165779408819,9.619937883147081
447.8999999999999,6.345018085766727,8.505550661501534
447.9249999999999,6.345018085766727,7.753968152155691
447.94999999999993,5.546070839265107,8.829941692459164
447.9749999999999,5.546070839265107,8.096034680160612
447.99999999999994,7.451387183119233,6.308104803592444
448.0249999999999,7.451387183119233,5.979130688094712
448.0499999999999,8.046596842417557,5.73386609505787
448.07499999999993,8.046596842417557,6.0222048601805005
448.0999999999999,7.808863886484216,5.469354044820863
448.12499999999994,7.808863886484216,7.3746555694802485
448.1499999999999,4.282837439975986,7.596413924455077
448.1749999999999,4.282837439975986,6.915584615643038
448.19999999999993,2.4110534330453675,7.046454636817394
448.2249999999999,2.4110534330453675,5.56131707479282
448.24999999999994,2.8671662049955984,5.375623779956282
448.2749999999999,2.8671662049955984,6.074160471441763
448.2999999999999,3.8087226178491886,6.944420355408937
448.32499999999993,3.8087226178491886,6.670481596725855
448.3499999999999,2.390942390278149,6.804777468965343
448.37499999999994,2.390942390278149,6.512098154522605
448.3999999999999,3.028436563946055,5.895294057125941
448.4249999999999,3.028436563946055,5.932899675587956
448.44999999999993,1.937828957438863,5.194449226485073
448.4749999999999,1.937828957438863,5.452658208825031
448.49999999999994,1.1711649542124911,4.761935338549497
448.5249999999999,1.1711649542124911,5.30439815340418
448.5499999999999,2.3299710023914093,5.74549021909734
448.57499999999993,2.3299710023914093,4.873123365081079
448.5999999999999,3.832319932752672,5.600175381240778
448.62499999999994,3.832319932752672,5.485784611866566
448.6499999999999,3.1778944077458067,6.379016360709413
448.6749999999999,3.1778944077458067,7.750478346204427
448.69999999999993,1.6915230950424311,7.175136138687508
448.7249999999999,1.6915230950424311,5.6699267742167105
448.74999999999994,2.98887697436792,4.2536014056763545
448.7749999999999,2.98887697436792,3.7259826590650373
448.7999999999999,2.264942190461099,4.377534498050833
448.82499999999993,2.264942190461099,6.398461584317128
448.8499999999999,4.102305727311347,6.289855966321671
448.87499999999994,4.102305727311347,6.659456464896101
448.8999999999999,3.631174957595272,5.630386183845985
448.9249999999999,3.631174957595272,5.210046741539862
448.94999999999993,4.440730158353658,5.858767191137913
448.9749999999999,4.440730158353658,5.917923553902861
448.99999999999994,4.362320919285149,8.154131878085579
449.0249999999999,4.362320919285149,7.292127374130774
449.0499999999999,3.3386955600888677,7.611528959413073
449.07499999999993,3.3386955600888677,7.627978450503478
449.0999999999999,3.126819134006172,6.8954251324706455
449.12499999999994,3.126819134006172,6.682166513999877
449.1499999999999,2.7100361572166323,6.933824990180938
449.1749999999999,2.7100361572166323,5.425610947803409
449.19999999999993,2.0764909962726947,5.940493548009865
449.2249999999999,2.0764909962726947,6.257913106717372
449.24999999999994,1.072152590568141,5.062643251411079
449.2749999999999,1.072152590568141,6.513143856156458
449.2999999999999,1.9188827676953488,4.651309165280744
449.32499999999993,1.9188827676953488,5.618915756371383
449.3499999999999,2.1358847551152715,6.440887484376067
449.37499999999994,2.1358847551152715,5.949347207025037
449.3999999999999,2.28394346888668,7.220033351740063
449.4249999999999,2.28394346888668,6.197154538674829
449.44999999999993,3.500214074773756,6.421054165055988
449.4749999999999,3.500214074773756,6.17464674942564
449.49999999999994,5.504466583500313,8.124816391981819
449.5249999999999,5.504466583500313,9.410598157543397
449.5499999999999,9.233200259097533,8.2857671409781
449.57499999999993,9.233200259097533,9.0758880261344
449.5999999999999,9.0976206084133,7.367895828617602
449.62499999999994,9.0976206084133,7.788145924053245
449.6499999999999,13.771705587514964,10.24323935006264
449.6749999999999,13.771705587514964,11.647212108028617
449.69999999999993,11.93184214422653,12.852723191400994
449.7249999999999,11.93184214422653,12.012801120006086
449.74999999999994,10.34801559025489,12.504583978166457
449.7749999999999,10.34801559025489,12.660695490396263
449.7999999999999,10.702544336935103,16.326924579225015
449.82499999999993,10.702544336935103,17.84146828866074
449.8499999999999,10.893873856358502,17.937383317875668
449.87499999999994,10.893873856358502,17.188634553290186
449.8999999999999,12.20593190046154,12.87882703985851
449.9249999999999,12.20593190046154,10.880235458126844
449.94999999999993,11.067455656567324,10.427765063152652
449.9749999999999,11.067455656567324,10.915742328486367
449.99999999999994,9.223419954223491,9.977249898039457
450.0249999999999,9.223419954223491,10.304851354842636
450.0499999999999,10.257092131269852,10.424640794796346
450.07499999999993,10.257092131269852,8.227542246165878
450.0999999999999,9.891789705408051,9.56382048845974
450.12499999999994,9.891789705408051,9.590023239045781
450.1499999999999,9.711394820276343,9.894604068672798
450.1749999999999,9.711394820276343,10.681502993708845
450.19999999999993,11.126940586067803,11.076482910678864
450.2249999999999,11.126940586067803,10.788729974674698
450.24999999999994,9.172780899161555,7.700783177231703
450.2749999999999,9.172780899161555,7.290310812006329
450.2999999999999,10.303920837725997,5.508198500066833
450.32499999999993,10.303920837725997,5.0532079003802535
450.3499999999999,10.788049095553042,8.23252375775914
450.37499999999994,10.788049095553042,10.890358627559095
450.3999999999999,9.25013459534823,12.583967429840435
450.4249999999999,9.25013459534823,12.105068393778252
450.44999999999993,7.469110109223235,10.055051204844473
450.4749999999999,7.469110109223235,10.018616016646797
450.49999999999994,6.507037328335104,11.399808709452497
450.5249999999999,6.507037328335104,12.8203218648992
450.5499999999999,4.56968267579768,13.021370074581078
450.57499999999993,4.56968267579768,11.00667166159267
450.5999999999999,4.76739677458023,8.05404816907155
450.62499999999994,4.76739677458023,6.713111942823717
450.6499999999999,6.7641241559350815,5.5470594364231705
450.6749999999999,6.7641241559350815,5.173460014182606
450.69999999999993,5.58915005202731,4.8812347618861605
450.7249999999999,5.58915005202731,6.337502883314063
450.74999999999994,7.675202613136163,7.729201076069291
450.7749999999999,7.675202613136163,8.000363503603532
450.7999999999999,5.762633610725317,7.7297271308303515
450.82499999999993,5.762633610725317,6.584162295590906
450.8499999999999,5.707559903498421,6.3352006865172825
450.87499999999994,5.707559903498421,6.0086695399027334
450.8999999999999,4.561597218816456,5.5338496136563045
450.9249999999999,4.561597218816456,4.876602942927969
450.94999999999993,4.399514200107365,5.8893756857371855
450.9749999999999,4.399514200107365,5.618222505334132
450.99999999999994,3.967301964773267,8.289260178965934
451.0249999999999,3.967301964773267,10.842876856286093
451.0499999999999,2.2399138456050727,8.612490122339096
451.07499999999993,2.2399138456050727,8.418624222141576
451.0999999999999,0.976380401461338,6.292453802494993
451.12499999999994,0.976380401461338,6.421550376777498
451.1499999999999,2.0514331652265083,6.479370434582251
451.1749999999999,2.0514331652265083,6.184572275575001
451.19999999999993,1.1248589973505756,6.3446569283755965
451.2249999999999,1.1248589973505756,4.898997991085169
451.24999999999994,0.851615615595759,4.884197525465992
451.2749999999999,0.851615615595759,6.030019955968362
451.2999999999999,1.3614144549950162,5.663445897322566
451.32499999999993,1.3614144549950162,4.611065049910783
451.3499999999999,1.0257221756213986,5.092500562975355
451.37499999999994,1.0257221756213986,4.404990839232328
451.3999999999999,0.9367211382324688,4.838340402224939
451.4249999999999,0.9367211382324688,4.970706038662639
451.44999999999993,1.5905212258017585,5.083202264788445
451.4749999999999,1.5905212258017585,4.487320444200469
451.49999999999994,1.600539130488435,4.209744733052137
451.5249999999999,1.600539130488435,4.109554829098692
451.5499999999999,0.8086503031737098,4.196200428032991
451.57499999999993,0.8086503031737098,4.902268617373223
451.5999999999999,0.9676643736701908,5.36940158725193
451.62499999999994,0.9676643736701908,5.315794868278349
451.6499999999999,1.7357287443114668,5.008030106913441
451.6749999999999,1.7357287443114668,4.392002883488057
451.69999999999993,1.5905050592018546,4.812670040782438
451.7249999999999,1.5905050592018546,6.800065896205012
451.74999999999994,2.8186505843383665,6.862798160946916
451.7749999999999,2.8186505843383665,7.133078229835126
451.7999999999999,2.650778825544536,5.305196227216366
451.82499999999993,2.650778825544536,5.870973624870496
451.8499999999999,2.492911463873548,6.803192210944343
451.87499999999994,2.492911463873548,6.414621210712337
451.8999999999999,2.8591622000031074,7.382925361063035
451.9249999999999,2.8591622000031074,5.048302828440816
451.94999999999993,2.5272066314527657,3.379078465767649
451.9749999999999,2.5272066314527657,5.882592824226402
451.99999999999994,0.7714182898562879,5.753433031963608
452.0249999999999,0.7714182898562879,6.163717627846695
452.0499999999999,1.1153038624698903,9.818113333530198
452.07499999999993,1.1153038624698903,7.654719411504241
452.0999999999999,1.633666752530163,7.623651440643954
452.12499999999994,1.633666752530163,8.30498052771026
452.1499999999999,0.8707795930717515,5.006646098330827
452.1749999999999,0.8707795930717515,5.405664662762625
452.19999999999993,1.9316312751239832,6.368018239263183
452.2249999999999,1.9316312751239832,6.1189465856401934
452.24999999999994,1.9732989454760572,5.810168775072199
452.2749999999999,1.9732989454760572,6.97432747950619
452.2999999999999,2.1811883537065517,5.49951270879697
452.32499999999993,2.1811883537065517,4.6507622836266975
452.3499999999999,3.1015390154782763,5.780440000801429
452.37499999999994,3.1015390154782763,4.1625735318749015
452.3999999999999,3.823351263524648,4.7198764147865875
452.4249999999999,3.823351263524648,4.382829693985462
452.44999999999993,4.187166565068623,3.493696467229805
452.4749999999999,4.187166565068623,4.668555029271333
452.49999999999994,5.088616349609331,4.514147072143371
452.5249999999999,5.088616349609331,5.988863638796648
452.5499999999999,5.984442662048569,6.276051740453828
452.57499999999993,5.984442662048569,5.00611841948319
452.5999999999999,4.852316464377255,5.549716581385247
452.62499999999994,4.852316464377255,5.803103820794427
452.6499999999999,4.079872362054204,6.258202614515987
452.6749999999999,4.079872362054204,9.037621566400341
452.69999999999993,3.3689011302773317,9.691066518792566
452.7249999999999,3.3689011302773317,8.475463608747255
452.74999999999994,4.181780735502597,8.385837416484836
452.7749999999999,4.181780735502597,6.219873812575537
452.7999999999999,4.718039054294268,5.042833328785761
452.82499999999993,4.718039054294268,6.102810175754638
452.8499999999999,4.151783010606072,5.609122673099284
452.87499999999994,4.151783010606072,4.851597932547117
452.8999999999999,5.15029720273518,5.16297044348501
452.9249999999999,5.15029720273518,4.885340321691577
452.94999999999993,7.451427179241812,7.432052612790059
452.9749999999999,7.451427179241812,7.673473646488743
452.99999999999994,5.7411505543140375,7.250033036187343
453.0249999999999,5.7411505543140375,6.774449967878534
453.0499999999999,8.2884479176067,6.574446834495465
453.07499999999993,8.2884479176067,8.417348056406475
453.0999999999999,10.52498214194825,8.333722840068136
453.12499999999994,10.52498214194825,9.419831594529875
453.1499999999999,13.366037751239933,7.746695596728921
453.1749999999999,13.366037751239933,8.664243307512388
453.19999999999993,11.097786602525323,11.088075979781323
453.2249999999999,11.097786602525323,10.912132710323421
453.24999999999994,8.628704011316435,10.29262949999396
453.2749999999999,8.628704011316435,8.03542652314475
453.2999999999999,8.033198185157236,6.490308871085978
453.32499999999993,8.033198185157236,7.462232599190349
453.3499999999999,9.942119405301028,9.093817264790511
453.37499999999994,9.942119405301028,8.975453143161069
453.3999999999999,12.964330107809255,9.696554964423758
453.4249999999999,12.964330107809255,9.94339602073171
453.44999999999993,12.58430260681583,10.57889579758394
453.4749999999999,12.58430260681583,12.394504150103057
453.49999999999994,11.449150938984166,12.627684537008422
453.5249999999999,11.449150938984166,14.159519915657736
453.5499999999999,13.191835968581373,12.42250127721924
453.57499999999993,13.191835968581373,14.49410570041277
453.5999999999999,14.02141571903015,13.13268075154923
453.62499999999994,14.02141571903015,13.878647754984005
453.6499999999999,12.60452246808066,16.163291384703925
453.6749999999999,12.60452246808066,16.009093721799935
453.69999999999993,14.7505542862802,17.774855382856323
453.7249999999999,14.7505542862802,15.178786216284262
453.74999999999994,10.815314016157089,13.399157080066711
453.7749999999999,10.815314016157089,10.689573040040207
453.7999999999999,12.946388253328635,13.558974840794663
453.82499999999993,12.946388253328635,14.185654898653587
453.8499999999999,13.515302501167886,15.372095720809638
453.87499999999994,13.515302501167886,15.756022325706098
453.8999999999999,13.450416646998631,15.513700714515071
453.9249999999999,13.450416646998631,14.332103923570298
453.94999999999993,16.374525630483365,11.376410499085807
453.9749999999999,16.374525630483365,12.02413813777186
453.99999999999994,13.146277839205004,9.292690091749904
454.0249999999999,13.146277839205004,8.47163811530783
454.0499999999999,14.373755481761844,13.573238235665885
454.07499999999993,14.373755481761844,11.640327332028628
454.0999999999999,16.817198344317227,11.687105999101309
454.12499999999994,16.817198344317227,14.33059791027257
454.1499999999999,17.119024508708264,11.13889481239804
454.1749999999999,17.119024508708264,12.953301126589167
454.19999999999993,12.806330685516231,13.964456455099382
454.2249999999999,12.806330685516231,10.422078966871197
454.24999999999994,11.978757650794709,11.310829287034665
454.2749999999999,11.978757650794709,9.630575198594087
454.2999999999999,7.928243314987441,9.56494769176419
454.32499999999993,7.928243314987441,11.751636348670804
454.3499999999999,10.241384312598708,11.450627168269037
454.37499999999994,10.241384312598708,11.506239048396258
454.3999999999999,13.105967823236895,10.924204508942285
454.4249999999999,13.105967823236895,8.725331298721455
454.44999999999993,11.855300296427089,8.80550366072396
454.4749999999999,11.855300296427089,8.715693287074656
454.49999999999994,9.277452733940176,10.494351354414729
454.5249999999999,9.277452733940176,11.450098404372685
454.5499999999999,8.867772034990336,13.702109651598308
454.57499999999993,8.867772034990336,14.489669625343682
454.5999999999999,7.442918551100905,10.593501579832207
454.62499999999994,7.442918551100905,11.083363057327137
454.6499999999999,7.345007552168315,11.191524521071267
454.6749999999999,7.345007552168315,9.8993690244175
454.69999999999993,6.674650576387102,12.319174854029205
454.7249999999999,6.674650576387102,12.622037856040054
454.74999999999994,6.213596143284577,8.124351249603018
454.7749999999999,6.213596143284577,8.256730203335824
454.7999999999999,6.677721837172474,6.632451669190296
454.82499999999993,6.677721837172474,5.794089938943686
454.8499999999999,4.055510175402057,8.205949837147426
454.87499999999994,4.055510175402057,9.892973949001181
454.8999999999999,3.6062945673813114,9.049388588034244
454.9249999999999,3.6062945673813114,9.497245157370015
454.94999999999993,4.232386137983502,8.355685186146196
454.9749999999999,4.232386137983502,6.882583801451048
454.99999999999994,5.069817457325694,7.032032363412865
455.0249999999999,5.069817457325694,7.566342178281355
455.0499999999999,6.45752097758393,6.150214510159351
455.07499999999993,6.45752097758393,5.829749896351784
455.0999999999999,5.58319501622028,5.884349323750346
455.12499999999994,5.58319501622028,4.183617522488117
455.1499999999999,5.409182127173239,4.004021417275622
455.1749999999999,5.409182127173239,4.363034761527116
455.19999999999993,6.927438589268829,6.381325674873473
455.2249999999999,6.927438589268829,9.302723139979244
455.24999999999994,7.302951569362543,9.650732441796055
455.2749999999999,7.302951569362543,9.918443627224384
455.2999999999999,5.995608046419001,9.0058587769623
455.32499999999993,5.995608046419001,7.3797080528372145
455.3499999999999,4.933488453498634,10.813524049097175
455.37499999999994,4.933488453498634,11.463669649262975
455.3999999999999,3.2652386660185435,9.49031001410952
455.4249999999999,3.2652386660185435,8.552809427336426
455.44999999999993,3.0017533860660746,4.701274133386305
455.4749999999999,3.0017533860660746,3.7675394485597913
455.49999999999994,5.807494809262884,4.613817369873479
455.5249999999999,5.807494809262884,5.686054550525696
455.5499999999999,5.439619185633572,6.135092101386757
455.57499999999993,5.439619185633572,6.348225231119002
455.5999999999999,3.2272958104142635,5.305292544923535
455.62499999999994,3.2272958104142635,4.907383196160809
455.6499999999999,2.0618052141661667,6.273173187636829
455.6749999999999,2.0618052141661667,6.64657512680291
455.69999999999993,2.7952539656103457,7.59580833858249
455.7249999999999,2.7952539656103457,6.773914297721107
455.74999999999994,3.0195257043532986,5.623810912382636
455.7749999999999,3.0195257043532986,5.535689997501177
455.7999999999999,3.268537021602352,5.82885976044809
455.82499999999993,3.268537021602352,6.781667285321426
455.8499999999999,2.2528044681326747,6.702118188039894
455.87499999999994,2.2528044681326747,6.442088432019939
455.8999999999999,1.3522560677197617,6.84235160375365
455.9249999999999,1.3522560677197617,6.78846344972845
455.94999999999993,0.5307795776822833,7.2970292591738595
455.9749999999999,0.5307795776822833,6.6855241476368334
455.99999999999994,0.5361758158890179,5.541969176781148
456.0249999999999,0.5361758158890179,5.743615957607624
456.0499999999999,0.8927057662868926,6.018135274615563
456.07499999999993,0.8927057662868926,6.035729302772685
456.0999999999999,0.8839335254886556,6.004986454654384
456.12499999999994,0.8839335254886556,5.020318190403641
456.1499999999999,0.9266423062233504,4.988738492421735
456.1749999999999,0.9266423062233504,4.7381305021724955
456.19999999999993,0.3244648483333051,6.713437004286133
456.2249999999999,0.3244648483333051,6.486943069260828
456.24999999999994,0.248125007766356,6.292154877457778
456.2749999999999,0.248125007766356,7.576517873641338
456.2999999999999,0.1230606615346386,6.060690269469175
456.32499999999993,0.1230606615346386,5.8343889912728
456.3499999999999,0.0543460713162753,4.628536068080593
456.37499999999994,0.0543460713162753,3.5000018178428
456.3999999999999,0.123844858691025,4.509303970971325
456.4249999999999,0.123844858691025,4.927658485933597
456.44999999999993,0.2453766032939968,5.5227479622727635
456.4749999999999,0.2453766032939968,6.499465727457642
456.49999999999994,0.4700564548945082,5.267957585128906
456.5249999999999,0.4700564548945082,4.701888534269526
456.5499999999999,0.3422870241373572,4.501850251647599
456.57499999999993,0.3422870241373572,3.9602384026243227
456.5999999999999,0.5437655612875006,3.9770085099895987
456.62499999999994,0.5437655612875006,3.793042733718565
456.6499999999999,1.644681245367279,3.8522663013000518
456.6749999999999,1.644681245367279,2.830038320935426
456.69999999999993,1.359425524297891,2.66476176899444
456.7249999999999,1.359425524297891,3.0808914084452415
456.74999999999994,1.5576397239856543,4.180105749335513
456.7749999999999,1.5576397239856543,6.225342334592746
456.7999999999999,1.595781163057653,7.005029448304157
456.82499999999993,1.595781163057653,7.496473601723945
456.8499999999999,2.1811540484665604,6.380658875292438
456.87499999999994,2.1811540484665604,4.942026173290397
456.8999999999999,3.2543148815241723,4.552417782719795
456.9249999999999,3.2543148815241723,3.922352210384595
456.94999999999993,3.5092888146176944,4.2554058022578385
456.9749999999999,3.5092888146176944,4.3951154383189035
456.99999999999994,2.529504984433228,4.292338224052085
457.0249999999999,2.529504984433228,5.363735288308675
457.0499999999999,1.2309684001985084,4.507260181197781
457.07499999999993,1.2309684001985084,4.4266871295828825
457.0999999999999,1.956907143256036,4.803311001383888
457.12499999999994,1.956907143256036,4.676898314721664
457.1499999999999,1.8414067571764392,5.501915369252753
457.1749999999999,1.8414067571764392,5.165746686653108
457.19999999999993,4.329672650121959,5.042062412139803
457.2249999999999,4.329672650121959,3.736160299231056
457.24999999999994,2.622890789024413,5.004879983471781
457.2749999999999,2.622890789024413,6.475321214906649
457.2999999999999,2.458612051004184,10.232804481314954
457.32499999999993,2.458612051004184,10.85220864220108
457.3499999999999,2.7264210648396827,9.815943119442165
457.37499999999994,2.7264210648396827,8.362643744538028
457.3999999999999,2.00065625889918,4.592182853997101
457.4249999999999,2.00065625889918,4.698607960919004
457.44999999999993,2.2838341987830897,4.693884499918731
457.4749999999999,2.2838341987830897,5.922119934332407
457.49999999999994,1.5421430491703318,7.307891036548353
457.5249999999999,1.5421430491703318,7.085346001829359
457.5499999999999,1.7371794780739918,7.49597788323022
457.57499999999993,1.7371794780739918,6.005041472171381
457.5999999999999,2.53497769326512,4.173469228272192
457.62499999999994,2.53497769326512,5.281563779648385
457.6499999999999,2.1823487762127805,5.109315007077514
457.6749999999999,2.1823487762127805,6.2657922422140695
457.69999999999993,3.3917448681044458,6.101456374856971
457.7249999999999,3.3917448681044458,5.784939262146657
457.74999999999994,6.354973784577989,4.565395143962219
457.7749999999999,6.354973784577989,4.13674876096991
457.7999999999999,9.463623815439826,3.9133332683727975
457.82499999999993,9.463623815439826,3.516255006341466
457.8499999999999,9.155296888483017,6.760577290083631
457.87499999999994,9.155296888483017,8.65446458640067
457.8999999999999,7.765555078050772,13.27885809250672
457.9249999999999,7.765555078050772,15.604526655280612
457.94999999999993,7.187083107100131,14.30395421115235
457.9749999999999,7.187083107100131,12.247594727385128
457.99999999999994,8.095907244328107,10.500664167231374
458.0249999999999,8.095907244328107,7.725308060408731
458.0499999999999,9.468141762738869,7.600792644870545
458.07499999999993,9.468141762738869,8.983243240641652
458.0999999999999,9.8928737543954,8.471270615775236
458.12499999999994,9.8928737543954,10.047114180269308
458.1499999999999,9.477821834980718,10.493471419559729
458.1749999999999,9.477821834980718,12.305798161220139
458.19999999999993,7.767180680678372,10.224903703682772
458.2249999999999,7.767180680678372,10.088737448744434
458.24999999999994,7.113071924312792,12.758967983774454
458.2749999999999,7.113071924312792,9.711439772842688
458.2999999999999,8.184431821062391,11.541696614913565
458.32499999999993,8.184431821062391,13.107633323901872
458.3499999999999,7.632884873080865,10.48993003297609
458.37499999999994,7.632884873080865,10.901156731159023
458.3999999999999,5.017595000554701,9.59266594921011
458.4249999999999,5.017595000554701,6.990914109313485
458.44999999999993,4.783207343535812,6.224090596417476
458.4749999999999,4.783207343535812,5.387514825437487
458.49999999999994,3.619554886412195,5.120009579757845
458.5249999999999,3.619554886412195,5.333059319231914
458.5499999999999,4.909275545203933,4.794121390961805
458.57499999999993,4.909275545203933,5.513780116555451
458.5999999999999,6.323963187704182,7.301505940584774
458.62499999999994,6.323963187704182,9.032625597149059
458.6499999999999,3.5757662619617987,10.113829566604602
458.6749999999999,3.5757662619617987,9.851193077630409
458.69999999999993,4.518619512564165,8.806637551198849
458.7249999999999,4.518619512564165,6.613970587794344
458.74999999999994,3.531119901806985,5.239030702139599
458.7749999999999,3.531119901806985,5.6149115232938005
458.7999999999999,2.67797544142382,5.09115413870503
458.82499999999993,2.67797544142382,5.206911465672332
458.8499999999999,2.517567210459449,5.094961899706746
458.87499999999994,2.517567210459449,4.086449390015556
458.8999999999999,4.319188358495991,4.271467497857586
458.9249999999999,4.319188358495991,3.943173806045614
458.94999999999993,3.3821666234757672,4.2966884375902215
458.9749999999999,3.3821666234757672,4.089181806215993
458.99999999999994,5.730839734108675,6.622122753832076
459.0249999999999,5.730839734108675,9.277695882375761
459.0499999999999,6.235518720340703,10.357224426745825
459.07499999999993,6.235518720340703,10.36250727795943
459.0999999999999,6.226650765364701,9.014270874532857
459.12499999999994,6.226650765364701,8.099450624780307
459.1499999999999,4.727454424159556,8.31070040083637
459.1749999999999,4.727454424159556,10.253125856427452
459.19999999999993,3.655506731603471,7.760102546113991
459.2249999999999,3.655506731603471,6.609238359970348
459.24999999999994,4.074647095247687,5.0741179489463475
459.2749999999999,4.074647095247687,4.601955599362551
459.2999999999999,7.423051322482185,5.7897924496593784
459.32499999999993,7.423051322482185,6.92053523968256
459.3499999999999,9.463634401007258,8.236373332155575
459.37499999999994,9.463634401007258,6.963670614018611
459.3999999999999,12.131140347200986,8.584443111723614
459.4249999999999,12.131140347200986,11.532725923685417
459.44999999999993,12.98706931314146,11.524299166015172
459.4749999999999,12.98706931314146,15.030117600571131
459.49999999999994,11.21622872704294,15.548155374185326
459.5249999999999,11.21622872704294,12.233422971913463
459.5499999999999,9.889874624880958,12.659386178215149
459.57499999999993,9.889874624880958,9.768482507693413
459.5999999999999,5.75987587809999,7.8693099174596846
459.62499999999994,5.75987587809999,6.4016723408032865
459.6499999999999,4.27578759790106,4.036241717301595
459.6749999999999,4.27578759790106,5.512597454340604
459.69999999999993,4.76652420130373,5.896333799676638
459.7249999999999,4.76652420130373,6.145314146450365
459.74999999999994,6.671725485796123,5.405732473470319
459.7749999999999,6.671725485796123,2.906393791794791
459.7999999999999,6.051254670643864,2.7195081512683323
459.82499999999993,6.051254670643864,4.030047108135635
459.8499999999999,8.032412729321198,7.702011790030913
459.87499999999994,8.032412729321198,11.082828834803802
459.8999999999999,13.279210577158144,10.23143921604917
459.9249999999999,13.279210577158144,13.30095332061939
459.94999999999993,15.500640080509736,12.338612360694961
459.9749999999999,15.500640080509736,12.187400414440518
459.99999999999994,17.641743684598048,14.535267296976304
460.0249999999999,17.641743684598048,10.8686512437742
460.0499999999999,19.19428437374946,12.851169967753828
460.07499999999993,19.19428437374946,15.226318180051898
460.0999999999999,20.92876733914942,19.85155820361024
460.12499999999994,20.92876733914942,23.37267865459057
460.1499999999999,23.60118650156633,21.70378095712918
460.1749999999999,23.60118650156633,20.338096787545343
460.19999999999993,20.4197870236927,16.064306575891035
460.2249999999999,20.4197870236927,15.607925321063826
460.24999999999994,22.220342089295364,15.695453111881726
460.2749999999999,22.220342089295364,17.375107365554193
460.2999999999999,18.639277199002528,16.814528284726403
460.32499999999993,18.639277199002528,16.59185449892059
460.3499999999999,17.253515836311912,21.36213308399498
460.37499999999994,17.253515836311912,19.35771855631127
460.3999999999999,19.14893413316388,21.812100848814346
460.4249999999999,19.14893413316388,23.07164417648828
460.44999999999993,18.11516140501814,20.653639847572858
460.4749999999999,18.11516140501814,20.733917135844294
460.49999999999994,18.143685152709157,18.005528438165296
460.5249999999999,18.143685152709157,15.947021384778601
460.5499999999999,16.868699832016816,16.493033149871007
460.57499999999993,16.868699832016816,18.166068958503104
460.5999999999999,14.540909845861734,18.020314397086544
460.62499999999994,14.540909845861734,16.174715750229215
460.6499999999999,14.940619633256096,13.283002572666494
460.6749999999999,14.940619633256096,9.748559386107823
460.69999999999993,17.97528060394661,8.943011388271483
460.7249999999999,17.97528060394661,11.964079539001423
460.74999999999994,16.43419766059632,13.865988146222001
460.7749999999999,16.43419766059632,13.14127631446818
460.7999999999999,15.537612145295608,14.955878618107542
460.82499999999993,15.537612145295608,14.288900271410494
460.8499999999999,14.309115591527355,11.865052178399093
460.87499999999994,14.309115591527355,13.574780254015291
460.8999999999999,14.457250799029875,12.977149185830442
460.9249999999999,14.457250799029875,12.341237952454044
460.94999999999993,15.5212436683616,13.464715876218508
460.9749999999999,15.5212436683616,11.936735044627653
460.99999999999994,17.61496490071497,13.5685134955096
461.0249999999999,17.61496490071497,16.38938153203982
461.0499999999999,17.65774634668214,15.442708410419387
461.07499999999993,17.65774634668214,18.361849921750988
461.0999999999999,19.17133762969697,17.000848866928408
461.12499999999994,19.17133762969697,12.273284946536933
461.1499999999999,14.89915495606775,15.531899143009483
461.1749999999999,14.89915495606775,13.066049104321465
461.19999999999993,18.9141937886324,12.947252216536674
461.2249999999999,18.9141937886324,15.266645822496681
461.24999999999994,17.76809935341693,13.018606009571979
461.2749999999999,17.76809935341693,16.630071848768118
461.2999999999999,15.661208134826929,14.629350037851813
461.32499999999993,15.661208134826929,11.464045823596901
461.3499999999999,15.400987773917112,12.525679574551644
461.37499999999994,15.400987773917112,8.799472005173143
461.3999999999999,15.17959166816802,12.175078027963309
461.4249999999999,15.17959166816802,14.993392982670965
461.44999999999993,18.202337667418146,14.43987744805011
461.4749999999999,18.202337667418146,16.39165829704729
461.49999999999994,13.591831987457407,16.683582062829423
461.5249999999999,13.591831987457407,15.911330451551011
461.5499999999999,15.373958697595857,15.745356378834002
461.57499999999993,15.373958697595857,14.02963469289652
461.5999999999999,15.566120723562475,11.785964502947271
461.62499999999994,15.566120723562475,10.19961635381916
461.6499999999999,14.62818772379576,9.5462524709834
461.6749999999999,14.62818772379576,10.29673423225693
461.69999999999993,13.845092542236191,11.595493415833056
461.7249999999999,13.845092542236191,12.427555599323892
461.74999999999994,11.456585710608348,12.092560396201444
461.7749999999999,11.456585710608348,11.399751771726567
461.7999999999999,10.918694238614757,11.393158401835631
461.82499999999993,10.918694238614757,11.165722433771133
461.8499999999999,7.933060055060413,12.355560634778886
461.87499999999994,7.933060055060413,13.466336499582784
461.8999999999999,8.528020021444615,11.769201264268906
461.9249999999999,8.528020021444615,11.352004394521806
461.94999999999993,10.076680085891676,8.593013889938845
461.9749999999999,10.076680085891676,7.2815799401596015
461.99999999999994,7.229604751690601,7.741596692046965
462.0249999999999,7.229604751690601,9.085765849612978
462.0499999999999,10.526943433271803,10.052797459550737
462.07499999999993,10.526943433271803,9.94859057736682
462.0999999999999,12.34413531031928,11.567627701155459
462.12499999999994,12.34413531031928,10.495848256649689
462.1499999999999,9.63299238315881,12.795645928391727
462.1749999999999,9.63299238315881,13.360627046593414
462.19999999999993,10.43069034247913,10.925903694233734
462.2249999999999,10.43069034247913,11.440974918077085
462.24999999999994,11.458926753347384,8.690908824636155
462.2749999999999,11.458926753347384,8.398697492154033
462.2999999999999,15.16271882756938,8.615629064886397
462.32499999999993,15.16271882756938,9.481317028208132
462.3499999999999,14.847716594782725,8.842729046456338
462.37499999999994,14.847716594782725,9.07673602250977
462.3999999999999,15.429988141876876,11.286498650273504
462.4249999999999,15.429988141876876,9.975515109564048
462.44999999999993,12.46812913382306,11.357792524607046
462.4749999999999,12.46812913382306,12.74177619048677
462.49999999999994,13.043392570627027,10.919786530262208
462.5249999999999,13.043392570627027,11.208154107796322
462.5499999999999,13.314477449920629,11.229251633988143
462.57499999999993,13.314477449920629,10.49134153304542
462.5999999999999,12.29403539870288,12.171410871420145
462.62499999999994,12.29403539870288,14.26092559770703
462.6499999999999,7.411428734031227,14.499618600919222
462.6749999999999,7.411428734031227,14.38846054178976
462.69999999999993,6.0114753131580905,12.376992752677175
462.7249999999999,6.0114753131580905,8.677222792103235
462.74999999999994,7.124162937993358,7.676305738119627
462.7749999999999,7.124162937993358,6.595621121333128
462.7999999999999,5.528813380994518,6.578789696210652
462.82499999999993,5.528813380994518,6.360806989779506
462.8499999999999,5.671896426847027,5.070543125059778
462.87499999999994,5.671896426847027,4.99977536870421
462.8999999999999,7.237716365676432,4.090969829832701
462.9249999999999,7.237716365676432,9.328483391645065
462.94999999999993,7.074843210415819,10.455189672810333
462.9749999999999,7.074843210415819,9.521284828052973
462.99999999999994,10.093327748650456,11.489048553366626
463.0249999999999,10.093327748650456,8.27214479456086
463.0499999999999,13.999361748397511,8.49195993344376
463.07499999999993,13.999361748397511,9.95092648200726
463.0999999999999,10.406259789532424,9.040503590676774
463.12499999999994,10.406259789532424,9.851217800090286
463.1499999999999,7.014545980128275,10.912854644166172
463.1749999999999,7.014545980128275,9.182436769500791
463.19999999999993,7.563938620750288,9.744624335808775
463.2249999999999,7.563938620750288,9.318963981495086
463.24999999999994,8.5001744419678,9.384521060550565
463.2749999999999,8.5001744419678,11.002725443772919
463.2999999999999,12.279552066176734,9.41951682094893
463.32499999999993,12.279552066176734,8.864990291912724
463.3499999999999,14.4213087437362,8.092721671877694
463.37499999999994,14.4213087437362,8.533902609399007
463.3999999999999,16.06743211990338,11.357937401933288
463.4249999999999,16.06743211990338,13.293391152451305
463.44999999999993,15.9938101434869,12.850587914273326
463.4749999999999,15.9938101434869,12.935127176073822
463.49999999999994,14.322400012928057,10.957686188073374
463.5249999999999,14.322400012928057,11.75508655655719
463.5499999999999,14.508568014717616,13.242476432272085
463.57499999999993,14.508568014717616,14.697662552491273
463.5999999999999,9.724108265651749,16.816674270039176
463.62499999999994,9.724108265651749,13.324965984514964
463.6499999999999,11.345425021703155,12.40534084597779
463.6749999999999,11.345425021703155,10.250779843197371
463.69999999999993,9.717115228228774,9.047744348725484
463.7249999999999,9.717115228228774,11.597491970998703
463.74999999999994,9.308681897308713,11.130312682991635
463.7749999999999,9.308681897308713,11.20083896174453
463.7999999999999,14.071704199307026,9.040825642836475
463.82499999999993,14.071704199307026,9.102851539706228
463.8499999999999,11.211100352439432,12.21110900255585
463.87499999999994,11.211100352439432,12.471010543043786
463.8999999999999,12.271456544411372,12.735413382727002
463.9249999999999,12.271456544411372,11.27146584070307
463.94999999999993,11.147422520036804,10.694721720439501
463.9749999999999,11.147422520036804,10.457350991623736
463.99999999999994,6.336790308766433,11.579859802896218
464.0249999999999,6.336790308766433,11.438543397646976
464.0499999999999,8.617494350517923,7.740569752722589
464.07499999999993,8.617494350517923,7.522913942261733
464.0999999999999,9.211360695809775,9.09277897342262
464.12499999999994,9.211360695809775,9.848136576661702
464.1499999999999,8.776413913165827,12.314947587982878
464.1749999999999,8.776413913165827,13.151611173917509
464.19999999999993,8.671299060181894,11.89176457584295
464.2249999999999,8.671299060181894,11.468750682579621
464.24999999999994,7.192275884396434,9.751606398092983
464.2749999999999,7.192275884396434,8.22829731324767
464.2999999999999,8.907053246733126,7.471205505422338
464.32499999999993,8.907053246733126,8.61744953354138
464.3499999999999,11.913054365407092,9.969149430763856
464.37499999999994,11.913054365407092,9.721954800101516
464.3999999999999,12.485179459141635,11.42167237358529
464.4249999999999,12.485179459141635,9.828218735825807
464.44999999999993,9.778366089819158,11.243793635493306
464.4749999999999,9.778366089819158,12.178433775529465
464.49999999999994,12.36185680366034,14.235508726134054
464.5249999999999,12.36185680366034,13.34621997383082
464.5499999999999,8.727537246019514,12.950548051711568
464.57499999999993,8.727537246019514,12.913828063716124
464.5999999999999,8.463425024414088,8.982875458657002
464.62499999999994,8.463425024414088,9.79114967686615
464.6499999999999,6.228781203982027,7.398096258193532
464.6749999999999,6.228781203982027,7.493768103040486
464.69999999999993,9.974326810166597,7.402387334980398
464.7249999999999,9.974326810166597,8.293093111955425
464.74999999999994,9.442352431209976,8.424737161706027
464.7749999999999,9.442352431209976,8.424629606280988
464.7999999999999,12.069000755602913,10.83116740575822
464.82499999999993,12.069000755602913,10.38816809503087
464.8499999999999,14.65728114748483,10.847295031725585
464.87499999999994,14.65728114748483,10.297505579759655
464.8999999999999,14.370760327586174,8.374577285360058
464.9249999999999,14.370760327586174,8.92707690268771
464.94999999999993,11.42383132420443,9.135787626825921
464.9749999999999,11.42383132420443,10.865796741781935
464.99999999999994,13.05987267057322,12.77257283542509
465.0249999999999,13.05987267057322,10.41849290272018
465.0499999999999,11.891114467750672,11.450967267433967
465.07499999999993,11.891114467750672,11.975166142034125
465.0999999999999,14.20476319753291,10.979105788662237
465.12499999999994,14.20476319753291,12.680150891272461
465.1499999999999,9.663422497044312,13.428177435651616
465.1749999999999,9.663422497044312,15.257112380211389
465.19999999999993,11.84623702120671,14.298735008016472
465.2249999999999,11.84623702120671,16.381892504676443
465.24999999999994,14.551920428054238,14.944361929073146
465.2749999999999,14.551920428054238,12.252204278158064
465.2999999999999,13.160541361549912,14.19342351907547
465.32499999999993,13.160541361549912,16.55000464208848
465.3499999999999,11.941925887289404,14.93318618953126
465.37499999999994,11.941925887289404,14.417098161767075
465.3999999999999,14.937054026822327,15.397776796770884
465.4249999999999,14.937054026822327,14.993874394822889
465.44999999999993,15.788604791403936,19.717976833143858
465.4749999999999,15.788604791403936,19.18122365877077
465.49999999999994,10.848525201296182,19.596843011621466
465.5249999999999,10.848525201296182,15.008288897601815
465.5499999999999,10.356226963853237,11.287824659117161
465.57499999999993,10.356226963853237,10.56226407080624
465.5999999999999,9.687963308919848,7.123163264395128
465.62499999999994,9.687963308919848,6.513748174941475
465.6499999999999,9.421703874818714,6.177956258857401
465.6749999999999,9.421703874818714,10.382329454153789
465.69999999999993,12.606744585580042,10.775449731638705
465.7249999999999,12.606744585580042,11.575670388051211
465.74999999999994,13.751234344734252,11.407407423661109
465.7749999999999,13.751234344734252,10.207142960231876
465.7999999999999,17.02486110781164,10.491324593734875
465.82499999999993,17.02486110781164,12.484412347863078
465.8499999999999,14.563470930805403,15.336940897415092
465.87499999999994,14.563470930805403,16.226101787634157
465.8999999999999,17.162133723868752,18.798396432354984
465.9249999999999,17.162133723868752,16.141820637622793
465.94999999999993,19.919173170661505,14.602675862217058
465.9749999999999,19.919173170661505,14.600597728878014
465.99999999999994,23.01466816097824,12.783742671829145
466.0249999999999,23.01466816097824,22.179579339064716
466.0499999999999,20.228512908309916,23.913766346151455
466.07499999999993,20.228512908309916,24.88181453020109
466.0999999999999,21.09269597255017,24.08183049072975
466.12499999999994,21.09269597255017,17.93059189066441
466.1499999999999,19.490785262008988,20.888869968075223
466.1749999999999,19.490785262008988,15.803191119828716
466.19999999999993,17.25726353718507,17.278119514344066
466.2249999999999,17.25726353718507,15.556549433509675
466.24999999999994,18.889584346459,10.531366725507906
466.2749999999999,18.889584346459,14.17285404149063
466.2999999999999,17.024366569004933,16.98489371482172
466.32499999999993,17.024366569004933,18.237271842549532
466.3499999999999,13.546720213736648,18.424848262325348
466.37499999999994,13.546720213736648,17.044155133377995
466.3999999999999,17.615902798868863,14.247772092423649
466.4249999999999,17.615902798868863,11.954257337816243
466.44999999999993,20.48163501677543,13.41214757542554
466.4749999999999,20.48163501677543,13.817355751894668
466.49999999999994,20.864374674131103,14.197205951688954
466.5249999999999,20.864374674131103,16.02472559661232
466.5499999999999,17.639299160346216,18.600918702565878
466.57499999999993,17.639299160346216,17.668851329856086
466.5999999999999,16.601825540893856,17.598831508635204
466.62499999999994,16.601825540893856,17.713528460847538
466.6499999999999,16.144618312983404,13.52943418403802
466.6749999999999,16.144618312983404,12.737250959900129
466.69999999999993,17.096152606688683,10.832363199970402
466.7249999999999,17.096152606688683,9.737075124344804
466.74999999999994,16.166182098147072,9.150369901772082
466.7749999999999,16.166182098147072,8.148452291014095
466.7999999999999,13.578176204839956,8.201252931553167
466.82499999999993,13.578176204839956,8.792502834183182
466.8499999999999,13.985186928394986,13.119636740077258
466.87499999999994,13.985186928394986,15.018313250488404
466.8999999999999,11.199902211481335,16.333068900371636
466.9249999999999,11.199902211481335,17.60894527012442
466.94999999999993,13.747293880003378,14.159923236276247
466.9749999999999,13.747293880003378,12.405689102886152
466.99999999999994,12.666535031817029,13.251912699141547
467.0249999999999,12.666535031817029,12.728432159910007
467.0499999999999,16.24838688066629,11.796956987224178
467.07499999999993,16.24838688066629,14.139158735732302
467.0999999999999,19.59030212040173,13.714028301915345
467.12499999999994,19.59030212040173,12.921994016785222
467.1499999999999,21.087791200249235,15.841049509937937
467.1749999999999,21.087791200249235,16.224013028476826
467.19999999999993,19.27066296999264,14.355288355146673
467.2249999999999,19.27066296999264,16.139569158797066
467.24999999999994,16.557177570755346,17.317132374699597
467.2749999999999,16.557177570755346,16.302099990700874
467.2999999999999,13.684925821049244,18.052191988978176
467.32499999999993,13.684925821049244,18.69605924645421
467.3499999999999,11.570929623719906,15.782701695997837
467.37499999999994,11.570929623719906,16.00988267732122
467.3999999999999,11.62487777131655,12.927849599099714
467.4249999999999,11.62487777131655,10.72883499389803
467.44999999999993,12.316721082130009,9.325371747785065
467.4749999999999,12.316721082130009,12.353775443045237
467.49999999999994,12.181512711447034,13.858364440870256
467.5249999999999,12.181512711447034,13.552437847627836
467.5499999999999,9.17498900778298,15.156153324976751
467.57499999999993,9.17498900778298,9.978282620143453
467.5999999999999,6.782793057615615,8.370088352368352
467.62499999999994,6.782793057615615,5.5873787323906905
467.6499999999999,7.790373169246208,4.128746850331783
467.6749999999999,7.790373169246208,4.535925855523719
467.69999999999993,9.079750165686855,4.9267706777366005
467.7249999999999,9.079750165686855,5.231788608785326
467.74999999999994,11.76286381254102,5.374218314483122
467.7749999999999,11.76286381254102,5.545986021926149
467.7999999999999,8.324895606856634,9.766690882667278
467.82499999999993,8.324895606856634,11.161724458268182
467.8499999999999,9.587905866384531,13.191356968097057
467.87499999999994,9.587905866384531,13.417507907679532
467.8999999999999,7.7275808957490515,10.135557774607166
467.9249999999999,7.7275808957490515,9.527239424841197
467.94999999999993,8.090379063321455,6.49559471332671
467.9749999999999,8.090379063321455,5.716755038629076
467.99999999999994,7.8916111177805215,5.858942163622636
468.0249999999999,7.8916111177805215,5.7289740791381245
468.0499999999999,8.507447869978177,6.543247500916457
468.07499999999993,8.507447869978177,6.8752215061011315
468.0999999999999,10.285346442140082,5.553366044004893
468.12499999999994,10.285346442140082,6.836692553801811
468.1499999999999,13.424521265261443,8.735734210877693
468.1749999999999,13.424521265261443,11.347787579785106
468.19999999999993,16.690801273808965,12.613553493098374
468.2249999999999,16.690801273808965,15.169902629415088
468.24999999999994,15.36739201207907,12.655978689846185
468.2749999999999,15.36739201207907,11.744678392255121
468.2999999999999,14.235628211620869,10.740213435297774
468.32499999999993,14.235628211620869,9.365773300561303
468.3499999999999,16.568487131228444,11.089247679145181
468.37499999999994,16.568487131228444,9.611196995000745
468.3999999999999,18.493632679539957,10.633305410344077
468.4249999999999,18.493632679539957,12.176737763443224
468.44999999999993,18.460186768255177,12.044466785191073
468.4749999999999,18.460186768255177,12.71722171397011
468.49999999999994,19.013369799521083,13.838527963368492
468.5249999999999,19.013369799521083,9.183660036084358
468.5499999999999,16.068521960927768,9.139584742864264
468.57499999999993,16.068521960927768,8.961143169881993
468.5999999999999,15.230625903957876,10.95722525656317
468.62499999999994,15.230625903957876,11.5272648666933
468.6499999999999,16.96070901573339,10.23187194735946
468.6749999999999,16.96070901573339,11.39071083423941
468.69999999999993,15.010945642394349,8.100527819969242
468.7249999999999,15.010945642394349,13.719072980377446
468.74999999999994,13.802111043075485,16.38533009091536
468.7749999999999,13.802111043075485,17.746775280525508
468.7999999999999,15.902225083972782,16.9920375820995
468.82499999999993,15.902225083972782,11.607309936667177
468.8499999999999,19.24278305681691,13.206287187718202
468.87499999999994,19.24278305681691,11.836822170922435
468.8999999999999,18.235629685343707,16.64484463844849
468.9249999999999,18.235629685343707,17.836292363481313
468.94999999999993,15.372586589962918,14.433651020806906
468.9749999999999,15.372586589962918,13.226543845296126
468.99999999999994,15.020679349108107,11.174766564125328
469.0249999999999,15.020679349108107,11.939646968833419
469.0499999999999,15.188842158341313,12.383662035578672
469.07499999999993,15.188842158341313,11.654544423145278
469.0999999999999,14.381905042118632,11.550781490322125
469.12499999999994,14.381905042118632,10.939989401275195
469.1499999999999,13.1688633268602,13.166609092257108
469.1749999999999,13.1688633268602,16.202295984194024
469.19999999999993,12.285322821570736,13.764479059163984
469.2249999999999,12.285322821570736,13.325715768345656
469.24999999999994,15.439270795278633,10.749880233145408
469.2749999999999,15.439270795278633,9.629872639416234
469.2999999999999,17.18765171180812,13.244466266552354
469.32499999999993,17.18765171180812,13.802294923443718
469.3499999999999,14.108275920822388,16.005610742981244
469.37499999999994,14.108275920822388,15.813685830584653
469.3999999999999,14.942673872233405,13.304689207576732
469.4249999999999,14.942673872233405,13.120109782994676
469.44999999999993,16.136494209760933,12.485188532534682
469.4749999999999,16.136494209760933,12.014883443038201
469.49999999999994,11.517207726970987,12.19434356032405
469.5249999999999,11.517207726970987,10.616655349417663
469.5499999999999,10.369497141648583,9.216017591153639
469.57499999999993,10.369497141648583,9.912913767558992
469.5999999999999,10.625328923906062,10.156794474622009
469.62499999999994,10.625328923906062,13.673910002111864
469.6499999999999,11.66182208255046,14.724468602696925
469.6749999999999,11.66182208255046,13.157593554001004
469.69999999999993,14.610985376089603,13.954442235560201
469.7249999999999,14.610985376089603,10.14117391754042
469.74999999999994,10.72496146733645,12.527464321857353
469.7749999999999,10.72496146733645,12.367100360000865
469.7999999999999,10.40163022170045,15.788216723611377
469.82499999999993,10.40163022170045,17.9789838044411
469.8499999999999,11.235014889958462,15.215567902947239
469.87499999999994,11.235014889958462,14.456908932001703
469.8999999999999,12.468757220062075,11.483725131374396
469.9249999999999,12.468757220062075,12.377613232632882
469.94999999999993,11.70243455106609,15.28241167943864
469.9749999999999,11.70243455106609,16.332150330095462
469.99999999999994,11.255785350772776,14.833050809055575
470.0249999999999,11.255785350772776,14.488826548905047
470.0499999999999,10.176161899634687,9.92377945429196
470.07499999999993,10.176161899634687,12.298947712427974
470.0999999999999,12.304137110461989,10.93503524117425
470.12499999999994,12.304137110461989,10.66552849565535
470.1499999999999,13.575524653180866,13.464880855067612
470.1749999999999,13.575524653180866,12.311364457554852
470.19999999999993,14.757494570286234,15.066268820404783
470.2249999999999,14.757494570286234,13.505078537104264
470.24999999999994,15.065169759399309,9.99470773990903
470.2749999999999,15.065169759399309,9.540465220667551
470.2999999999999,11.366548967416971,9.275734644767281
470.32499999999993,11.366548967416971,8.94150726598764
470.3499999999999,8.181725070705056,9.380043003875787
470.37499999999994,8.181725070705056,9.535213604468117
470.3999999999999,8.343220815686193,7.98263756011063
470.4249999999999,8.343220815686193,8.049807127883646
470.44999999999993,7.392709621257759,8.311821670518839
470.4749999999999,7.392709621257759,8.367206998958018
470.49999999999994,7.427189289745558,7.262899533227362
470.5249999999999,7.427189289745558,9.34582795258243
470.5499999999999,7.561898711612455,10.432251976820043
470.57499999999993,7.561898711612455,11.777010550944702
470.5999999999999,6.9770919722446,11.843726314187949
470.62499999999994,6.9770919722446,10.089627787009608
470.6499999999999,6.133712990403339,9.7055635159814
470.6749999999999,6.133712990403339,7.68821069979297
470.69999999999993,4.480124670524641,8.155813672204255
470.7249999999999,4.480124670524641,7.8283160872403315
470.74999999999994,2.5605351690384723,7.849536621111656
470.7749999999999,2.5605351690384723,6.589132884603623
470.7999999999999,1.9247105618739535,5.329961016647685
470.82499999999993,1.9247105618739535,4.576323788506089
470.8499999999999,3.068657521304021,3.6766063750066307
470.87499999999994,3.068657521304021,6.240521119318338
470.8999999999999,3.6624303532539337,6.3740715535884895
470.9249999999999,3.6624303532539337,8.38774294752872
470.94999999999993,5.94756374426909,7.678632380172787
470.9749999999999,5.94756374426909,5.114567635226732
470.99999999999994,5.620244832040984,6.981854832424471
471.0249999999999,5.620244832040984,8.397196866102364
471.0499999999999,5.657520420363882,9.340772796524432
471.07499999999993,5.657520420363882,11.056012341540013
471.0999999999999,6.725474539239429,11.175202415845447
471.12499999999994,6.725474539239429,9.109927457369544
471.1499999999999,9.220410669027377,9.531096117296944
471.1749999999999,9.220410669027377,10.77737604586175
471.19999999999993,10.511616512077198,10.523693449946904
471.2249999999999,10.511616512077198,9.632993491989133
471.24999999999994,12.750703961599324,10.339185703782196
471.2749999999999,12.750703961599324,8.925129057257209
471.2999999999999,10.830183994840183,10.02172169946762
471.32499999999993,10.830183994840183,11.614923123840315
471.3499999999999,13.316357220825951,10.973939129783759
471.37499999999994,13.316357220825951,11.785964102417024
471.3999999999999,10.755404881353734,11.484891189516222
471.4249999999999,10.755404881353734,9.775164675814539
471.44999999999993,10.692337622200403,12.728587238559351
471.4749999999999,10.692337622200403,11.99982418107854
471.49999999999994,6.476653476438564,12.232072532705653
471.5249999999999,6.476653476438564,13.114499190301503
471.5499999999999,10.29795166985573,11.933481548352349
471.57499999999993,10.29795166985573,11.778423823623488
471.5999999999999,7.267134257525966,10.489580090325122
471.62499999999994,7.267134257525966,11.937080719499656
471.6499999999999,5.751261604519304,10.268995407509314
471.6749999999999,5.751261604519304,10.790621166017694
471.69999999999993,6.0964114405473895,10.173433160897186
471.7249999999999,6.0964114405473895,8.125351199330698
471.74999999999994,5.184289347074533,8.283199331319796
471.7749999999999,5.184289347074533,6.25208229911078
471.7999999999999,4.699862450504583,5.898685137748347
471.82499999999993,4.699862450504583,5.541825418846492
471.8499999999999,4.281128419995998,3.574001651830944
471.87499999999994,4.281128419995998,4.581931498780879
471.8999999999999,4.903239669505132,5.125497687829846
471.9249999999999,4.903239669505132,6.44712409616906
471.94999999999993,7.048669223717526,8.757394088619037
471.9749999999999,7.048669223717526,10.811521548865377
471.99999999999994,8.422188102320094,9.674783045453282
472.0249999999999,8.422188102320094,9.31695949389977
472.0499999999999,9.455403753308484,8.257608636200654
472.07499999999993,9.455403753308484,8.029200674492607
472.0999999999999,13.056191766132772,10.254132045001422
472.12499999999994,13.056191766132772,10.235741984280484
472.1499999999999,10.599215424003294,10.833254624280883
472.1749999999999,10.599215424003294,10.488925660438552
472.19999999999993,9.835272745983882,9.946616146729584
472.2249999999999,9.835272745983882,10.927855198841838
472.24999999999994,7.626987598579174,11.610347708996782
472.2749999999999,7.626987598579174,8.718519003705445
472.2999999999999,9.434020320298492,7.545226317572135
472.32499999999993,9.434020320298492,8.38281962384097
472.3499999999999,11.05923013726161,7.163088879083952
472.37499999999994,11.05923013726161,7.757090581215964
472.3999999999999,16.75685870764746,7.296524253886925
472.4249999999999,16.75685870764746,7.92651282548219
472.44999999999993,20.63070288110839,9.908410188069885
472.4749999999999,20.63070288110839,12.345669196422401
472.49999999999994,18.669334728841605,16.701967731467366
472.5249999999999,18.669334728841605,16.272250627402222
472.5499999999999,18.52455687760683,14.961877357190975
472.57499999999993,18.52455687760683,19.620400211952337
472.5999999999999,20.649485035368095,22.013357173815965
472.62499999999994,20.649485035368095,22.432040437240623
472.6499999999999,15.985290996685157,26.69501530217872
472.6749999999999,15.985290996685157,23.752136440635347
472.69999999999993,18.437415441447587,21.093246797885705
472.7249999999999,18.437415441447587,19.76402687984386
472.74999999999994,13.378462049452835,15.521845232534456
472.7749999999999,13.378462049452835,14.021103210152404
472.7999999999999,8.589088183137674,11.203559777375574
472.82499999999993,8.589088183137674,10.834422539223151
472.8499999999999,9.450865053055557,10.083728127337778
472.87499999999994,9.450865053055557,8.802804901057058
472.8999999999999,6.546400134044268,8.533557595699332
472.9249999999999,6.546400134044268,7.138645050729741
472.94999999999993,7.740764679789966,7.336944755758091
472.9749999999999,7.740764679789966,6.531494175572585
472.99999999999994,7.484327404943583,8.810543231398114
473.0249999999999,7.484327404943583,12.774574503487386
473.0499999999999,7.535028740622082,12.540044065441744
473.07499999999993,7.535028740622082,13.219710073267064
473.0999999999999,8.242334659958438,13.533832176175508
473.12499999999994,8.242334659958438,9.090976129554505
473.1499999999999,5.968196756048113,9.677962822245561
473.1749999999999,5.968196756048113,8.822030252388192
473.19999999999993,5.7549905739004,5.605585606028336
473.2249999999999,5.7549905739004,6.064370972345889
473.24999999999994,5.6517331525990775,5.305411400654823
473.2749999999999,5.6517331525990775,4.575501348251119
473.2999999999999,4.696777444439792,4.705013232770868
473.32499999999993,4.696777444439792,5.468197642011749
473.3499999999999,5.872499991255747,5.545921421595972
473.37499999999994,5.872499991255747,7.929857074378345
473.3999999999999,5.152232552710707,7.276279312655657
473.4249999999999,5.152232552710707,5.481562802299677
473.44999999999993,7.624121589266598,5.416542884710392
473.4749999999999,7.624121589266598,3.9510072523786723
473.49999999999994,7.323188233148558,4.099837255780633
473.5249999999999,7.323188233148558,4.7048320072083705
473.5499999999999,3.480839995438077,4.143175793189325
473.57499999999993,3.480839995438077,3.2706211024444256
473.5999999999999,3.833777348047475,3.584064126996476
473.62499999999994,3.833777348047475,2.7997579478858965
473.6499999999999,4.781310394930535,2.7401494131084334
473.6749999999999,4.781310394930535,3.2218421566850255
473.69999999999993,4.794148970970442,4.148891882783413
473.7249999999999,4.794148970970442,8.473750315688434
473.74999999999994,4.425442349307455,9.04487264489943
473.7749999999999,4.425442349307455,10.753251594903986
473.7999999999999,3.530307134841397,11.32909411416051
473.82499999999993,3.530307134841397,7.981063031900896
473.8499999999999,3.785489762877507,7.595918271490017
473.87499999999994,3.785489762877507,7.028426236178446
473.8999999999999,4.332108730155328,5.960036625961456
473.9249999999999,4.332108730155328,7.760593266262296
473.94999999999993,5.131126127965813,7.570827121292249
473.9749999999999,5.131126127965813,7.6180640223640985
473.99999999999994,4.095462506206848,7.069213522695378
474.0249999999999,4.095462506206848,5.597498854078346
474.0499999999999,5.85323641177042,6.0903799780301995
474.07499999999993,5.85323641177042,6.7737314684586085
474.0999999999999,5.671314725833917,6.690245131385331
474.12499999999994,5.671314725833917,5.656120145167103
474.1499999999999,6.834631152641032,5.50347574256973
474.1749999999999,6.834631152641032,5.625756184187186
474.19999999999993,5.691523172071104,8.591834612576164
474.2249999999999,5.691523172071104,8.677283695388306
474.24999999999994,5.986706764646719,8.81294671936677
474.2749999999999,5.986706764646719,7.434113452935954
474.2999999999999,5.033093606361331,4.735921823306146
474.32499999999993,5.033093606361331,4.594193652573315
474.3499999999999,5.532321257453659,4.143710452664438
474.37499999999994,5.532321257453659,3.3872734418514048
474.3999999999999,5.499787528903818,3.817156267357885
474.4249999999999,5.499787528903818,6.056470410224586
474.44999999999993,4.696357616841473,6.141488184210243
474.4749999999999,4.696357616841473,10.098480766059751
474.49999999999994,4.048465155988697,9.02650955491932
474.5249999999999,4.048465155988697,9.669012553704626
474.5499999999999,3.080901881092153,9.937300543629732
474.57499999999993,3.080901881092153,6.528626105528923
474.5999999999999,3.40302459022918,7.777145242467556
474.62499999999994,3.40302459022918,5.034886916164904
474.6499999999999,2.2901446030744754,4.38535655098257
474.6749999999999,2.2901446030744754,3.6677145590623796
474.69999999999993,2.8873622660061007,4.546274790012372
474.7249999999999,2.8873622660061007,4.827981973867894
474.74999999999994,4.583918565381451,6.415463234708286
474.7749999999999,4.583918565381451,6.870316915470891
474.7999999999999,4.372668606857944,8.28438572906521
474.82499999999993,4.372668606857944,8.412984464444254
474.8499999999999,1.7292741900170343,8.621226360770484
474.87499999999994,1.7292741900170343,8.937426840078935
474.8999999999999,1.3674997464488428,5.193813765868008
474.9249999999999,1.3674997464488428,5.914276812230193
474.94999999999993,1.272766007970186,5.719411835503509
474.9749999999999,1.272766007970186,5.718710079298729
474.99999999999994,0.948134626228107,7.997315702617842
475.0249999999999,0.948134626228107,8.017325491829343
475.0499999999999,0.8747010813575294,6.734100058052631
475.07499999999993,0.8747010813575294,6.271621491200368
475.0999999999999,1.1647368405472802,4.21081355846568
475.12499999999994,1.1647368405472802,4.368587950017464
475.1499999999999,1.2393194706732076,6.638667999281788
475.1749999999999,1.2393194706732076,5.875052449438865
475.19999999999993,1.898169589392416,6.606504239549251
475.2249999999999,1.898169589392416,5.672128095485314
475.24999999999994,1.4031489105730366,3.5722323028486658
475.2749999999999,1.4031489105730366,4.316868036158066
475.2999999999999,2.017083040973542,4.210158213877724
475.32499999999993,2.017083040973542,4.573600436168429
475.3499999999999,2.314045870583796,4.373829306606429
475.37499999999994,2.314045870583796,5.080390456425331
475.3999999999999,3.648447099853942,5.938456835238451
475.4249999999999,3.648447099853942,6.998506273496077
475.44999999999993,3.887612010628308,7.763922016547033
475.4749999999999,3.887612010628308,7.065001168392795
475.49999999999994,4.114393259029385,5.789005396739922
475.5249999999999,4.114393259029385,4.157620120052252
475.5499999999999,4.942821079824827,3.4848784200137857
475.57499999999993,4.942821079824827,4.105439447614069
475.5999999999999,6.555421795852992,4.209432143122056
475.62499999999994,6.555421795852992,6.386100352766499
475.6499999999999,4.67876538048996,6.872521889053297
475.6749999999999,4.67876538048996,7.21027031483578
475.69999999999993,6.096552664830417,11.059335483506775
475.7249999999999,6.096552664830417,9.057213278789956
475.74999999999994,4.806427587272691,8.974534001947085
475.7749999999999,4.806427587272691,9.870913992676305
475.7999999999999,5.128510506527115,6.990807576044569
475.82499999999993,5.128510506527115,10.71773387067048
475.8499999999999,2.4604057409526927,11.626029988855455
475.87499999999994,2.4604057409526927,9.784679787410088
475.8999999999999,2.668768158194855,8.91645268440223
475.9249999999999,2.668768158194855,4.850614690155119
475.94999999999993,3.150596164120657,3.322406521070344
475.9749999999999,3.150596164120657,4.84174810243161
475.99999999999994,2.136038591202579,4.941036585655347
476.0249999999999,2.136038591202579,6.556098385985245
476.0499999999999,2.284853440620944,6.779071176581062
476.07499999999993,2.284853440620944,6.622954515876059
476.0999999999999,2.4257773174479857,6.00840421318744
476.12499999999994,2.4257773174479857,4.735136746995099
476.1499999999999,2.7475275239995143,5.396358617421833
476.1749999999999,2.7475275239995143,6.393258280147339
476.19999999999993,1.2244607874693647,7.876221174652509
476.2249999999999,1.2244607874693647,8.414251004138176
476.24999999999994,0.9147411967598637,7.697365637067982
476.2749999999999,0.9147411967598637,5.600699588070788
476.2999999999999,0.491518855325421,3.8686746120693556
476.32499999999993,0.491518855325421,3.403358516421915
476.3499999999999,0.5577968444426924,3.17963615126766
476.37499999999994,0.5577968444426924,2.5308686666002096
476.3999999999999,0.4425014918818407,3.4343871720335732
476.4249999999999,0.4425014918818407,4.7265194434459135
476.44999999999993,0.6811470730441659,5.506492869108685
476.4749999999999,0.6811470730441659,6.09093767219415
476.49999999999994,0.8820969193644017,5.928970000994009
476.5249999999999,0.8820969193644017,4.587550888039914
476.5499999999999,1.5813965624324322,3.9856861109248793
476.57499999999993,1.5813965624324322,3.2518225720085843
476.5999999999999,0.9467932486095136,4.0223359704425805
476.62499999999994,0.9467932486095136,5.538529069767434
476.6499999999999,1.9517694434157604,5.772384771559178
476.6749999999999,1.9517694434157604,6.166584657164441
476.69999999999993,4.376753047220994,6.568963485437875
476.7249999999999,4.376753047220994,5.830490181418846
476.74999999999994,5.134581024711356,5.443231399645832
476.7749999999999,5.134581024711356,7.778080845304681
476.7999999999999,4.478250849558485,8.993904700265428
476.82499999999993,4.478250849558485,8.655721986461991
476.8499999999999,5.690441999611161,10.430217509812298
476.87499999999994,5.690441999611161,7.638434419504236
476.8999999999999,6.337818963249832,5.62653585954429
476.9249999999999,6.337818963249832,5.690670647980746
476.94999999999993,6.755077621639091,6.333006618440775
476.9749999999999,6.755077621639091,9.694157876193747
476.99999999999994,8.124394411441626,10.104062242573564
477.0249999999999,8.124394411441626,10.207433117786305
477.0499999999999,5.6305805841831775,11.181843471684054
477.07499999999993,5.6305805841831775,8.55387220861994
477.0999999999999,6.402145567459176,11.580280264916174
477.12499999999994,6.402145567459176,11.262298364113459
477.1499999999999,8.675006149950926,8.064018328541819
477.1749999999999,8.675006149950926,9.520329181074349
477.19999999999993,12.254359594676208,5.437518355960092
477.2249999999999,12.254359594676208,6.2952160306184055
477.24999999999994,15.748230289559617,9.087717010060418
477.2749999999999,15.748230289559617,11.015202173033698
477.2999999999999,14.06928548884045,11.866555498251435
477.32499999999993,14.06928548884045,15.286913567577418
477.3499999999999,14.396854164056135,13.416115940911338
477.37499999999994,14.396854164056135,11.193044752683805
477.3999999999999,14.51091178586893,10.636511201198108
477.4249999999999,14.51091178586893,9.933633999069082
477.44999999999993,12.625572888696494,11.040385746357265
477.4749999999999,12.625572888696494,12.476055158692205
477.49999999999994,12.075010646057986,12.568352781274957
477.5249999999999,12.075010646057986,11.108184774386379
477.5499999999999,12.569356087381298,11.236412824167314
477.57499999999993,12.569356087381298,11.876884636082643
477.5999999999999,12.535916691255522,15.04584759473585
477.62499999999994,12.535916691255522,12.894000959340797
477.6499999999999,9.215332168471752,11.38597572954742
477.6749999999999,9.215332168471752,11.858116747194668
477.69999999999993,7.332149091615106,10.594423332161087
477.7249999999999,7.332149091615106,11.554407124574613
477.74999999999994,7.970369658935225,11.766277992585534
477.7749999999999,7.970369658935225,10.597462352187401
477.7999999999999,7.493621005403831,9.623607448458811
477.82499999999993,7.493621005403831,10.862296779241307
477.8499999999999,8.233532481174088,11.187145952533449
477.87499999999994,8.233532481174088,10.844421187007429
477.8999999999999,8.305190520203409,12.032209502571542
477.9249999999999,8.305190520203409,10.52589678792658
477.94999999999993,8.268764038470444,13.107172407392218
477.9749999999999,8.268764038470444,13.059790132443238
477.99999999999994,10.832458591618431,10.13400350249666
478.0249999999999,10.832458591618431,11.530046780338091
478.0499999999999,7.422625722559884,9.369067820985789
478.07499999999993,7.422625722559884,7.953345227769148
478.0999999999999,8.736311094718415,11.841862359849468
478.12499999999994,8.736311094718415,11.007754404200918
478.1499999999999,7.825126626313585,10.973776524128786
478.1749999999999,7.825126626313585,10.306531411312408
478.19999999999993,7.352852824088313,7.577543830774083
478.2249999999999,7.352852824088313,5.792941258602118
478.24999999999994,7.928401370404605,5.409739227423746
478.2749999999999,7.928401370404605,5.353471523823036
478.2999999999999,5.725360040883666,5.917337474895972
478.32499999999993,5.725360040883666,5.594552397788437
478.3499999999999,4.652818828276095,5.288479489726373
478.37499999999994,4.652818828276095,5.90698204541269
478.3999999999999,3.9433928117949386,6.408926164096238
478.4249999999999,3.9433928117949386,8.172301594215496
478.44999999999993,3.78028467765862,8.651166784588506
478.4749999999999,3.78028467765862,7.621886663127152
478.49999999999994,2.265521771447023,5.570413499116688
478.5249999999999,2.265521771447023,4.795962221163167
478.5499999999999,2.083119616547469,3.917626922814419
478.57499999999993,2.083119616547469,4.987625861959583
478.5999999999999,3.541617701256176,5.954172958072511
478.62499999999994,3.541617701256176,4.98458193430972
478.6499999999999,3.417371243460086,5.085943854378287
478.6749999999999,3.417371243460086,4.224504433476427
478.69999999999993,3.2472777841822573,4.947339038012791
478.7249999999999,3.2472777841822573,5.8784262870638875
478.74999999999994,3.916655644131444,5.927787378304542
478.7749999999999,3.916655644131444,6.46888312441712
478.7999999999999,4.378737084376704,8.601282140773927
478.82499999999993,4.378737084376704,8.166561846091348
478.8499999999999,3.430372433132236,9.565883671265007
478.87499999999994,3.430372433132236,9.2202279015926
478.8999999999999,4.93897267586725,5.869548466527574
478.9249999999999,4.93897267586725,7.585957366341329
478.94999999999993,9.58490755685247,5.30175724538315
478.9749999999999,9.58490755685247,6.229399476456523
478.99999999999994,10.861745111534276,7.595683958307459
479.0249999999999,10.861745111534276,7.897384619508602
479.0499999999999,10.21748328073658,12.769388283183035
479.07499999999993,10.21748328073658,12.030054097758986
479.0999999999999,11.884343652276804,13.651263651171075
479.12499999999994,11.884343652276804,13.325218959761337
479.1499999999999,11.067350529090268,11.157073953656699
479.1749999999999,11.067350529090268,12.044000963789058
479.19999999999993,9.26729248222389,11.488668746568038
479.2249999999999,9.26729248222389,11.485808520253107
479.24999999999994,7.525730925221572,10.88918078691309
479.2749999999999,7.525730925221572,11.56183472883027
479.2999999999999,6.421821302261788,11.00927485943093
479.32499999999993,6.421821302261788,9.770240610954533
479.3499999999999,5.021918657800161,8.673134181622162
479.37499999999994,5.021918657800161,8.40545187515682
479.3999999999999,6.9781376725423625,6.501202119119511
479.4249999999999,6.9781376725423625,6.829210202179025
479.44999999999993,11.530916550923584,9.107271772087497
479.4749999999999,11.530916550923584,9.949601474352407
479.49999999999994,13.605004435266949,10.80880644157994
479.5249999999999,13.605004435266949,12.498001209501286
479.5499999999999,11.602251344954777,10.78804718639691
479.57499999999993,11.602251344954777,8.525959384045173
479.5999999999999,12.778555868568551,10.295568315917551
479.62499999999994,12.778555868568551,8.836065753774761
479.6499999999999,12.624052907651782,9.597540275513225
479.6749999999999,12.624052907651782,11.263272725066367
479.69999999999993,9.85728887448762,11.005497960845098
479.7249999999999,9.85728887448762,11.755292497778424
479.74999999999994,12.308940573187614,12.616514259458784
479.7749999999999,12.308940573187614,15.81897185951058
479.7999999999999,11.746473266555872,15.957816755386165
479.82499999999993,11.746473266555872,14.950582877678062
479.8499999999999,13.489907804222394,14.58465613489049
479.87499999999994,13.489907804222394,11.059259681634211
479.8999999999999,12.157706576899065,11.117269846263977
479.9249999999999,12.157706576899065,13.944926377390072
479.94999999999993,8.399640778687093,12.759900235525084
479.9749999999999,8.399640778687093,12.476474837928357
479.99999999999994,8.325523924400526,10.929860984014196
480.0249999999999,8.325523924400526,9.280475353105583
480.0499999999999,10.040518972681983,9.95642967293991
480.07499999999993,10.040518972681983,9.363213712083265
480.0999999999999,12.57577146431305,10.956628893209627
480.12499999999994,12.57577146431305,13.037561841530554
480.1499999999999,9.410813015040285,15.713010035129706
480.1749999999999,9.410813015040285,15.95805192377909
480.19999999999993,9.143723040114835,16.483855394075885
480.2249999999999,9.143723040114835,14.365535594077645
480.24999999999994,7.060053521345378,10.54188548025479
480.2749999999999,7.060053521345378,11.33575087479309
480.2999999999999,6.937500210284202,10.282106785264553
480.32499999999993,6.937500210284202,8.618222795253057
480.3499999999999,7.05661392121077,10.314330350550584
480.37499999999994,7.05661392121077,10.773240870198848
480.3999999999999,6.908273163226612,9.884488412631997
480.4249999999999,6.908273163226612,11.989097956961647
480.44999999999993,8.829792949582428,10.60101232931456
480.4749999999999,8.829792949582428,9.459516117342028
480.49999999999994,8.871072323986624,9.013059552087807
480.5249999999999,8.871072323986624,7.4167135141198415
480.5499999999999,6.666938000669721,7.655945753494937
480.57499999999993,6.666938000669721,7.44293482169056
480.5999999999999,3.911713559387816,6.772040492066728
480.62499999999994,3.911713559387816,5.444323863956851
480.6499999999999,2.935741325052432,4.780819337809568
480.6749999999999,2.935741325052432,5.031211782125801
480.69999999999993,3.161073395395593,6.4219327973099265
480.7249999999999,3.161073395395593,6.91103183904213
480.74999999999994,5.914966929298766,6.510052733686168
480.7749999999999,5.914966929298766,6.884852641289128
480.7999999999999,7.191014427292227,7.77161508505058
480.82499999999993,7.191014427292227,9.446232919756348
480.8499999999999,5.317107524678105,9.06912234446713
480.87499999999994,5.317107524678105,8.900492053471224
480.8999999999999,6.221774022244593,7.066763749202468
480.9249999999999,6.221774022244593,6.2035315726873925
480.94999999999993,7.312991722662597,7.15855351638781
480.9749999999999,7.312991722662597,6.390599565964866
480.99999999999994,5.385014514987432,7.270161171886903
481.0249999999999,5.385014514987432,6.871672993967926
481.0499999999999,8.226109633464622,7.529160868011665
481.07499999999993,8.226109633464622,7.92961458883061
481.0999999999999,6.953054451429265,8.028942541995761
481.12499999999994,6.953054451429265,7.698188496906115
481.1499999999999,10.133457165316145,5.307220697334444
481.1749999999999,10.133457165316145,4.887536333500154
481.19999999999993,8.282240390781926,8.473487135383316
481.2249999999999,8.282240390781926,9.10764693109171
481.24999999999994,8.096308987124221,11.258669166933913
481.2749999999999,8.096308987124221,11.872031397707087
481.2999999999999,8.603255163042082,8.71805440457136
481.32499999999993,8.603255163042082,9.21699749574616
481.3499999999999,8.144517308186806,8.065082849029672
481.37499999999994,8.144517308186806,8.47784954651528
481.3999999999999,5.305218704504945,7.960796346912381
481.4249999999999,5.305218704504945,6.773595177573545
481.44999999999993,6.169829116121447,6.541865138223707
481.4749999999999,6.169829116121447,4.427079693837813
481.49999999999994,7.683860308257541,6.026801182144293
481.5249999999999,7.683860308257541,8.890294650405174
481.5499999999999,4.881542933314805,12.384861173199376
481.57499999999993,4.881542933314805,14.170836731860426
481.5999999999999,4.0929562199126925,14.148378256469975
481.62499999999994,4.0929562199126925,13.01604426864018
481.6499999999999,2.752128982037536,11.21077543800657
481.6749999999999,2.752128982037536,9.944927373764758
481.69999999999993,3.0029996212240166,6.953027823893875
481.7249999999999,3.0029996212240166,5.150630591927317
481.74999999999994,4.069784813693257,6.142734684316274
481.7749999999999,4.069784813693257,5.343034663046795
481.7999999999999,5.353562818463711,7.271774345505605
481.82499999999993,5.353562818463711,9.285231221168859
481.8499999999999,5.225492961575999,8.739878906943096
481.87499999999994,5.225492961575999,10.213138879048456
481.8999999999999,6.576153363392939,8.702025340338567
481.9249999999999,6.576153363392939,6.9807448302053725
481.94999999999993,5.5326724130111975,4.860927268020442
481.9749999999999,5.5326724130111975,4.975352742497072
481.99999999999994,7.8599398958858595,6.651328221603569
482.0249999999999,7.8599398958858595,6.699930461361035
482.0499999999999,6.264070922800595,9.569899581842058
482.07499999999993,6.264070922800595,9.52864953989168
482.0999999999999,3.984093532915375,8.596606237659387
482.12499999999994,3.984093532915375,9.489023663040348
482.1499999999999,4.012487951945956,8.08640335899673
482.1749999999999,4.012487951945956,9.353895833129386
482.19999999999993,2.641715412010654,10.119643302048436
482.2249999999999,2.641715412010654,12.76844882581483
482.24999999999994,1.650911175488002,14.044713136756855
482.2749999999999,1.650911175488002,12.684564928089106
482.2999999999999,2.4346125222114683,11.534984826853414
482.32499999999993,2.4346125222114683,8.97771226830106
482.3499999999999,3.910827451734685,5.814153402233297
482.37499999999994,3.910827451734685,5.508049069264228
482.3999999999999,3.81056318635211,5.58095977962295
482.4249999999999,3.81056318635211,4.364654807701717
482.44999999999993,3.651673583878985,6.554579806939381
482.4749999999999,3.651673583878985,6.080109836709569
482.49999999999994,4.065421962067688,5.134784316688656
482.5249999999999,4.065421962067688,6.639742392344671
482.5499999999999,5.291879063387717,5.65900796039429
482.57499999999993,5.291879063387717,6.365538874220995
482.5999999999999,5.452793533432154,8.13719658850145
482.62499999999994,5.452793533432154,7.362199536718967
482.6499999999999,8.343890443156186,7.522001358709716
482.6749999999999,8.343890443156186,8.402343467769107
482.69999999999993,4.82181623129177,10.426833743821705
482.7249999999999,4.82181623129177,10.845442669809021
482.74999999999994,3.915299955139567,9.68669422783654
482.7749999999999,3.915299955139567,9.90624287130989
482.7999999999999,1.7653277379426413,7.286551593770636
482.82499999999993,1.7653277379426413,6.799906728624027
482.8499999999999,3.373579016747726,7.506417379374162
482.87499999999994,3.373579016747726,5.561280963987707
482.8999999999999,4.574920780456511,5.107111157769434
482.9249999999999,4.574920780456511,5.632860056653845
482.94999999999993,6.501969744358018,6.440073228071155
482.9749999999999,6.501969744358018,7.417030601098125
482.99999999999994,6.870058335783264,8.514317351395013
483.0249999999999,6.870058335783264,8.21383421480529
483.0499999999999,8.101547317172484,8.097352469051796
483.07499999999993,8.101547317172484,8.243804246108471
483.0999999999999,8.831416249697412,8.393617034206452
483.12499999999994,8.831416249697412,8.891427897274493
483.1499999999999,10.839879939963598,8.391542365977589
483.1749999999999,10.839879939963598,8.803924919377213
483.19999999999993,6.682133298708419,9.80512054192546
483.2249999999999,6.682133298708419,11.897133627388481
483.24999999999994,9.427165379257524,12.222243870372994
483.2749999999999,9.427165379257524,12.444046934699287
483.2999999999999,9.5772642952952,10.757490002765476
483.32499999999993,9.5772642952952,10.303080789252977
483.3499999999999,8.712095820217167,12.119795012024095
483.37499999999994,8.712095820217167,12.34748977885328
483.3999999999999,10.340294572278593,12.051604690344728
483.4249999999999,10.340294572278593,10.154269074227816
483.44999999999993,11.981728238014716,8.974146348576872
483.4749999999999,11.981728238014716,7.855251222636731
483.49999999999994,16.04224992208637,9.700630642633824
483.5249999999999,16.04224992208637,12.817910365140785
483.5499999999999,20.196410146530063,13.939988766183125
483.57499999999993,20.196410146530063,16.429334689665573
483.5999999999999,17.053169630990354,15.492552947898803
483.62499999999994,17.053169630990354,15.35887733313113
483.6499999999999,18.23995179080291,13.104241063362544
483.6749999999999,18.23995179080291,12.268372490518903
483.69999999999993,19.61931711394004,16.078143241954123
483.7249999999999,19.61931711394004,14.987941039676763
483.74999999999994,19.49358180412137,20.02888930459312
483.7749999999999,19.49358180412137,18.72021472228483
483.7999999999999,26.042456722375437,15.491191165716204
483.82499999999993,26.042456722375437,16.60780291696119
483.8499999999999,27.84886413140454,16.526272662832305
483.87499999999994,27.84886413140454,20.304793343422148
483.8999999999999,26.383692066723597,24.702541007861413
483.9249999999999,26.383692066723597,27.280144077706936
483.94999999999993,24.837133493138023,26.60969297587302
483.9749999999999,24.837133493138023,24.37273817503256
483.99999999999994,20.057084379920628,20.1754896620606
484.0249999999999,20.057084379920628,17.237869223550767
484.0499999999999,21.24421180723419,14.315101816977066
484.07499999999993,21.24421180723419,12.639640903802771
484.0999999999999,21.0957112309277,15.435833101068697
484.12499999999994,21.0957112309277,15.313321769117294
484.1499999999999,23.01572706376245,17.62288598833829
484.1749999999999,23.01572706376245,21.17840132738581
484.19999999999993,24.448619476976926,18.946236458532056
484.2249999999999,24.448619476976926,19.02440304330138
484.24999999999994,22.01545214669027,18.996986179596746
484.2749999999999,22.01545214669027,14.592181128993325
484.2999999999999,19.197959326570345,15.158369252386498
484.32499999999993,19.197959326570345,12.88114779936126
484.3499999999999,18.74544300600206,9.389557402858893
484.37499999999994,18.74544300600206,18.29549665994697
484.3999999999999,21.874280027706067,15.598290477220894
484.4249999999999,21.874280027706067,17.012851602326297
484.44999999999993,25.484257790451853,22.518139318934097
484.4749999999999,25.484257790451853,16.351453415650944
484.49999999999994,24.2749317209504,21.043127863881814
484.5249999999999,24.2749317209504,21.7935501859231
484.5499999999999,26.15590647916179,21.033283006378593
484.57499999999993,26.15590647916179,21.73191309558353
484.5999999999999,22.891483468697945,19.835031095504338
484.62499999999994,22.891483468697945,19.542607696464984
484.6499999999999,17.695474321058583,18.344596103233382
484.6749999999999,17.695474321058583,19.130223351778653
484.69999999999993,15.654597901635592,18.957845820620342
484.7249999999999,15.654597901635592,22.047802039530044
484.74999999999994,17.748610424724095,23.40579063445199
484.7749999999999,17.748610424724095,22.52684131846691
484.7999999999999,17.640615905237222,23.110370715568365
484.82499999999993,17.640615905237222,17.724264565811605
484.8499999999999,13.742890416755657,15.64295200550916
484.87499999999994,13.742890416755657,11.966337764875796
484.8999999999999,18.86076473400668,8.89543407164674
484.9249999999999,18.86076473400668,9.49172383684178
484.94999999999993,14.44410284355093,8.289910673467716
484.9749999999999,14.44410284355093,9.87518026926235
484.99999999999994,14.048032643089757,12.66673029635167
485.0249999999999,14.048032643089757,12.082345590153755
485.0499999999999,11.2566859924831,11.886685149677927
485.07499999999993,11.2566859924831,12.354634079568672
485.0999999999999,9.96891395787605,9.572147881078173
485.12499999999994,9.96891395787605,11.085105426787514
485.1499999999999,8.806303250696454,10.371654247346628
485.1749999999999,8.806303250696454,10.708680336620457
485.19999999999993,12.62876306923868,12.429810427230338
485.2249999999999,12.62876306923868,13.748848283606815
485.24999999999994,13.031691220926827,14.143476090273834
485.2749999999999,13.031691220926827,13.812940843530555
485.2999999999999,10.951232384866485,14.194781791488872
485.32499999999993,10.951232384866485,12.17802756521661
485.3499999999999,9.701904532301675,11.7220522672439
485.37499999999994,9.701904532301675,11.73671058007893
485.3999999999999,7.237222779161511,10.130036492637888
485.4249999999999,7.237222779161511,11.25585808096977
485.44999999999993,6.314821528072989,11.40312218391917
485.4749999999999,6.314821528072989,10.559791109672208
485.49999999999994,3.3702674404412174,8.894470620820151
485.5249999999999,3.3702674404412174,6.859947654978816
485.5499999999999,2.7349396613799826,6.001019239055746
485.57499999999993,2.7349396613799826,5.004977930402853
485.5999999999999,2.0244601169531653,5.607020077521108
485.62499999999994,2.0244601169531653,5.385409832054648
485.6499999999999,2.865082420773928,6.614158098312443
485.6749999999999,2.865082420773928,6.559508503590375
485.69999999999993,2.79209382639753,6.805168465286063
485.7249999999999,2.79209382639753,7.934904224550278
485.74999999999994,3.4470918908272905,7.175225506302559
485.7749999999999,3.4470918908272905,6.670560445545093
485.7999999999999,3.803228562265817,6.641220392494748
485.82499999999993,3.803228562265817,6.106835904661841
485.8499999999999,4.726031652653435,7.161654654040638
485.87499999999994,4.726031652653435,7.650208244319373
485.8999999999999,4.63916438070079,8.486823422329515
485.9249999999999,4.63916438070079,8.118039358310257
485.94999999999993,4.73707287608816,8.089879796473037
485.9749999999999,4.73707287608816,8.361933858988635
485.99999999999994,5.27740184080946,6.651721610611225
486.0249999999999,5.27740184080946,6.133901896756129
486.0499999999999,4.193862828127225,5.797860000567118
486.07499999999993,4.193862828127225,5.687631728645167
486.0999999999999,3.466007884328323,7.798001862024062
486.12499999999994,3.466007884328323,8.567667259167912
486.1499999999999,2.6879256156856632,6.885855420769959
486.1749999999999,2.6879256156856632,8.696450347101269
486.19999999999993,3.122155139649696,6.747867646228718
486.2249999999999,3.122155139649696,5.7900297881834
486.24999999999994,2.32071353451541,5.647482292393686
486.2749999999999,2.32071353451541,4.440283848258213
486.2999999999999,4.67325830751046,5.494323807363639
486.32499999999993,4.67325830751046,5.672766213744891
486.3499999999999,6.635223025368499,5.770743709647418
486.37499999999994,6.635223025368499,5.491524163854576
486.3999999999999,7.644903677401953,5.677761525998482
486.4249999999999,7.644903677401953,8.431452072746136
486.44999999999993,8.16790943618971,9.280199797531207
486.4749999999999,8.16790943618971,12.641214986516164
486.4999999999999,7.850296760215824,13.676247518422741
486.5249999999999,7.850296760215824,12.40754232772424
486.5499999999999,10.48549127678528,12.300748838325
486.57499999999993,10.48549127678528,11.486750618244827
486.5999999999999,10.895652549639353,11.930767285521725
486.6249999999999,10.895652549639353,11.70300998167139
486.6499999999999,13.658257408817366,12.465271456853408
486.6749999999999,13.658257408817366,10.590647605010194
486.69999999999993,13.54688103787574,10.971279231156378
486.7249999999999,13.54688103787574,12.362811435761314
486.7499999999999,8.891393016335678,12.991798438047304
486.7749999999999,8.891393016335678,14.062078017449743
486.7999999999999,11.757436730593776,12.09473153684339
486.82499999999993,11.757436730593776,12.504731082805053
486.8499999999999,16.65635737197002,11.585282341380505
486.8749999999999,16.65635737197002,9.810057953894722
486.8999999999999,10.247905515111905,10.617401443826546
486.9249999999999,10.247905515111905,9.892231308419275
486.94999999999993,6.485167923163926,8.76273539125397
486.9749999999999,6.485167923163926,8.76732750475813
486.9999999999999,4.437157169086844,7.118832278776271
487.0249999999999,4.437157169086844,5.67886738284745
487.0499999999999,3.609970862991009,5.668105475071349
487.07499999999993,3.609970862991009,6.054910554874259
487.0999999999999,5.606152919959349,6.481353215994314
487.1249999999999,5.606152919959349,7.816720579134788
487.1499999999999,8.939643695617093,7.816340900268396
487.1749999999999,8.939643695617093,8.568519751860244
487.19999999999993,7.524157461800452,9.397140830540831
487.2249999999999,7.524157461800452,9.277213387777575
487.2499999999999,5.889386888457241,10.534293426759595
487.2749999999999,5.889386888457241,10.248641437754335
487.2999999999999,5.773171223789983,9.685071401760881
487.32499999999993,5.773171223789983,8.12485161910655
487.3499999999999,6.180047800333813,7.203973983715796
487.3749999999999,6.180047800333813,7.194574875904949
487.3999999999999,6.413851609847217,8.517510764868668
487.4249999999999,6.413851609847217,8.140681164944713
487.44999999999993,7.37261653621129,7.7046477227356895
487.4749999999999,7.37261653621129,7.988860187771444
487.4999999999999,8.800862012339966,7.66579762826372
487.5249999999999,8.800862012339966,8.835182126188803
487.5499999999999,7.974160907887527,11.734340233819466
487.57499999999993,7.974160907887527,10.618117778013227
487.5999999999999,8.026116107120883,8.297751200264422
487.6249999999999,8.026116107120883,8.177239132651742
487.6499999999999,8.09166216190579,7.123100362190855
487.6749999999999,8.09166216190579,7.352577978523833
487.69999999999993,7.650504560536442,8.571984202960092
487.7249999999999,7.650504560536442,8.364579020007136
487.7499999999999,7.805447539302507,8.782377748539286
487.7749999999999,7.805447539302507,10.352192276377837
487.7999999999999,6.773802379170644,9.599125943127413
487.82499999999993,6.773802379170644,8.77443465849166
487.8499999999999,8.19513643716012,7.918805514512853
487.8749999999999,8.19513643716012,8.94293797916981
487.8999999999999,10.495311381953805,10.188790974273143
487.9249999999999,10.495311381953805,10.927653172096964
487.94999999999993,5.975690522459845,13.500352626042519
487.9749999999999,5.975690522459845,10.53868311603109
487.9999999999999,5.805120534912301,10.807618575802014
488.0249999999999,5.805120534912301,9.972463561561861
488.0499999999999,8.119954054836686,7.189615834504658
488.07499999999993,8.119954054836686,8.007247440671254
488.0999999999999,5.438706497660427,8.821398691710307
488.1249999999999,5.438706497660427,8.605617112570561
488.1499999999999,6.389875602049841,7.477626689722726
488.1749999999999,6.389875602049841,7.899809671714046
488.19999999999993,4.915249186425846,5.385958703087299
488.2249999999999,4.915249186425846,5.079632977042153
488.2499999999999,6.742541973162003,6.73130366066423
488.2749999999999,6.742541973162003,6.0344535429877375
488.2999999999999,4.561335305083886,6.701183012614203
488.32499999999993,4.561335305083886,7.626253641097806
488.3499999999999,4.568970757370559,5.659812632952999
488.3749999999999,4.568970757370559,5.643867172999156
488.3999999999999,4.9097814431043165,7.533199152280144
488.4249999999999,4.9097814431043165,7.389977262055639
488.44999999999993,3.607875803314362,7.4189434687698075
488.4749999999999,3.607875803314362,6.931701341932066
488.4999999999999,6.948569547775806,4.985659080142824
488.5249999999999,6.948569547775806,5.740039997595112
488.5499999999999,6.209681545264135,7.679394237104078
488.57499999999993,6.209681545264135,9.289731574046153
488.5999999999999,4.648974704043845,8.648207692069043
488.6249999999999,4.648974704043845,7.537677617051374
488.6499999999999,5.339543112364348,5.826034649069191
488.6749999999999,5.339543112364348,4.9677686829151675
488.69999999999993,4.583024070591661,5.162465207068356
488.7249999999999,4.583024070591661,6.482245270804058
488.7499999999999,3.934877722153356,8.136212224794447
488.7749999999999,3.934877722153356,8.309743387321394
488.7999999999999,6.800640417238457,9.942156697013163
488.82499999999993,6.800640417238457,8.269067139003
488.8499999999999,7.034057503739071,8.137470672720212
488.8749999999999,7.034057503739071,7.723883166931334
488.8999999999999,5.779344286895072,9.735749433114734
488.9249999999999,5.779344286895072,11.134884019383396
488.94999999999993,6.7963522796108125,10.227679484445016
488.9749999999999,6.7963522796108125,10.449702488237063
488.9999999999999,4.0513591633011234,7.524739669051536
489.0249999999999,4.0513591633011234,6.414753866652525
489.0499999999999,3.559921246125917,6.329540003948357
489.07499999999993,3.559921246125917,6.342294228909658
489.0999999999999,2.178758065641193,6.623020651796031
489.1249999999999,2.178758065641193,6.133362326972294
489.1499999999999,2.608371260896797,6.208786582512093
489.1749999999999,2.608371260896797,5.5198945321672
489.19999999999993,1.0253573492066126,5.328203878911378
489.2249999999999,1.0253573492066126,5.593387594742177
489.2499999999999,0.7820778628476595,5.292217597530571
489.2749999999999,0.7820778628476595,5.3720636688564465
489.2999999999999,2.1536575562767304,4.991182899574353
489.32499999999993,2.1536575562767304,4.863612508102174
489.3499999999999,2.548161801944256,3.968745491676324
489.3749999999999,2.548161801944256,3.422070160831141
489.3999999999999,4.560942352000949,2.9532946397319018
489.4249999999999,4.560942352000949,4.163379021537011
489.44999999999993,5.651743630536894,7.037978098306826
489.4749999999999,5.651743630536894,6.839633018411329
489.4999999999999,5.257157749562214,10.464499830060703
489.5249999999999,5.257157749562214,9.174000421823335
489.5499999999999,4.350461301106638,6.8587721609390595
489.57499999999993,4.350461301106638,6.893758712055006
489.5999999999999,3.1396112932524325,3.0914872319931312
489.6249999999999,3.1396112932524325,2.966542954496351
489.6499999999999,3.57889772472868,4.353551977316952
489.6749999999999,3.57889772472868,4.139057129534361
489.69999999999993,3.689061254130192,4.755044456951382
489.7249999999999,3.689061254130192,5.052826691562847
489.7499999999999,5.189072295561122,3.357806626710917
489.7749999999999,5.189072295561122,4.541208840380271
489.7999999999999,5.336291540812135,5.900155687260883
489.82499999999993,5.336291540812135,7.2286960657
489.8499999999999,7.3921703915721535,7.452649033956937
489.8749999999999,7.3921703915721535,9.941043827168217
489.8999999999999,7.355946079082201,7.91130014185733
489.9249999999999,7.355946079082201,7.67069033719486
489.94999999999993,11.090903248634108,7.661249980935446
489.9749999999999,11.090903248634108,8.851544319436845
489.9999999999999,10.907772142734544,12.749875773852663
490.0249999999999,10.907772142734544,11.692788413342099
490.0499999999999,7.707086708125951,14.793970357464715
490.07499999999993,7.707086708125951,12.286631769932717
490.0999999999999,10.143471462423474,8.939515488512056
490.1249999999999,10.143471462423474,9.65886120682656
490.1499999999999,10.698107749278194,6.288829626878364
490.1749999999999,10.698107749278194,5.85020479608621
490.19999999999993,12.111805199465882,5.387838126348988
490.2249999999999,12.111805199465882,6.628402856813745
490.2499999999999,13.504397196852258,8.105002839971917
490.2749999999999,13.504397196852258,9.11131068757129
490.2999999999999,10.561946163002784,11.622131604358763
490.32499999999993,10.561946163002784,10.402652071767122
490.3499999999999,9.137544975185168,11.14794162180895
490.3749999999999,9.137544975185168,10.977790259280196
490.3999999999999,11.199691219940208,11.877900843615995
490.4249999999999,11.199691219940208,11.891722488153373
490.44999999999993,11.488494857060706,12.646640931480505
490.4749999999999,11.488494857060706,11.402667150367193
490.4999999999999,11.360241118984584,8.307339866201659
490.5249999999999,11.360241118984584,10.169211729835617
490.5499999999999,8.963373201156738,10.384162977365143
490.57499999999993,8.963373201156738,10.655363843497167
490.5999999999999,8.59264085726387,11.973829949907902
490.6249999999999,8.59264085726387,10.991743145216992
490.6499999999999,8.276435582743357,9.874370860142369
490.6749999999999,8.276435582743357,10.775254595700638
490.69999999999993,6.673248037951711,9.97442134187684
490.7249999999999,6.673248037951711,9.583771014147825
490.7499999999999,6.130738774112648,8.553775217576575
490.7749999999999,6.130738774112648,7.1062535768180375
490.7999999999999,5.832196894212958,8.124905698792885
490.82499999999993,5.832196894212958,9.380414620836273
490.8499999999999,6.92913320928249,8.843644552632696
490.8749999999999,6.92913320928249,9.618526601869034
490.8999999999999,5.2957673054231895,8.943643535273392
490.9249999999999,5.2957673054231895,6.2078029734951095
490.94999999999993,4.934506152754363,7.1884477005631116
490.9749999999999,4.934506152754363,5.516706010089829
490.9999999999999,5.656296434022579,4.403336013247674
491.0249999999999,5.656296434022579,4.672632103058331
491.0499999999999,4.574668657368147,6.43750663933829
491.07499999999993,4.574668657368147,6.71991048010138
491.0999999999999,2.966828116714692,6.965235110687291
491.1249999999999,2.966828116714692,7.004992906424884
491.1499999999999,1.9902020275212828,5.278373422716879
491.1749999999999,1.9902020275212828,5.376336016338001
491.19999999999993,1.5192385150108498,5.140152413585078
491.2249999999999,1.5192385150108498,5.215448659188971
491.2499999999999,1.5370256648400826,4.846090872711082
491.2749999999999,1.5370256648400826,4.624363658993795
491.2999999999999,2.462809521937633,4.527160179788
491.32499999999993,2.462809521937633,6.029136011102475
491.3499999999999,1.5308512536223349,6.3085142730017205
491.3749999999999,1.5308512536223349,6.274661129943483
491.3999999999999,2.4439561187647216,7.372375531456551
491.4249999999999,2.4439561187647216,6.767971927344704
491.44999999999993,5.250875255157481,6.3970246627283975
491.4749999999999,5.250875255157481,6.776878035418511
491.4999999999999,8.464251559293553,6.238511743628612
491.5249999999999,8.464251559293553,5.782985891858335
491.5499999999999,6.095088681943775,7.524172504696262
491.57499999999993,6.095088681943775,7.282357659215862
491.5999999999999,9.0608541791636,7.465075964200634
491.6249999999999,9.0608541791636,9.474992469413044
491.6499999999999,10.73153480771159,6.948270339726431
491.6749999999999,10.73153480771159,6.2287769850491514
491.69999999999993,13.744930108062809,6.954683473289107
491.7249999999999,13.744930108062809,6.162381235025865
491.7499999999999,13.253409090968258,6.506455775682008
491.7749999999999,13.253409090968258,9.597235015679976
491.7999999999999,9.996866867463474,9.271639088341086
491.82499999999993,9.996866867463474,7.822133902378677
491.8499999999999,7.399197492889741,8.430841490750975
491.8749999999999,7.399197492889741,6.894984299872874
491.8999999999999,6.231473945979515,5.2857151680465675
491.9249999999999,6.231473945979515,7.712049859947059
491.94999999999993,6.41488018714106,9.461765011301535
491.9749999999999,6.41488018714106,8.90916217426777
491.9999999999999,7.726121575304421,11.588449107564456
492.0249999999999,7.726121575304421,8.741131697059352
492.0499999999999,7.46240247314689,7.626991129072677
492.07499999999993,7.46240247314689,8.708030649016688
492.0999999999999,8.189768611460014,7.0919670165089475
492.1249999999999,8.189768611460014,8.898531426742332
492.1499999999999,9.80325346750672,8.394387001897325
492.1749999999999,9.80325346750672,7.402880766919698
492.19999999999993,11.69047672632204,7.139321427772552
492.2249999999999,11.69047672632204,9.640881568060045
492.2499999999999,15.31904881317407,10.639003329785409
492.2749999999999,15.31904881317407,14.79214427543859
492.2999999999999,16.239842410206037,18.865683489089896
492.32499999999993,16.239842410206037,18.64459077298556
492.3499999999999,19.25844821665357,18.391548578827532
492.3749999999999,19.25844821665357,21.74462578728788
492.3999999999999,20.82716007452543,21.406728222341602
492.4249999999999,20.82716007452543,19.88069570328716
492.44999999999993,22.365148412021814,21.28110399325149
492.4749999999999,22.365148412021814,16.813218872826404
492.4999999999999,21.283908738685746,18.732699995933935
492.5249999999999,21.283908738685746,19.95643931353468
492.5499999999999,20.15506807602336,19.019669673326575
492.57499999999993,20.15506807602336,17.908038651590513
492.5999999999999,22.69902034216173,15.03874642269584
492.6249999999999,22.69902034216173,15.258980399184926
492.6499999999999,20.919609142170664,14.805432706628874
492.6749999999999,20.919609142170664,15.179960226634327
492.69999999999993,16.7956839681406,17.028531149856946
492.7249999999999,16.7956839681406,14.236037508904817
492.7499999999999,15.44942752999915,15.738585838024864
492.7749999999999,15.44942752999915,12.721875820985908
492.7999999999999,13.14879503931372,11.512996156817069
492.82499999999993,13.14879503931372,10.1921742063702
492.8499999999999,13.589716783185064,9.467880037724758
492.8749999999999,13.589716783185064,12.289601407233166
492.8999999999999,15.126703953972488,11.512630532392373
492.9249999999999,15.126703953972488,16.584662781255822
492.94999999999993,18.5452146802954,15.724225725300991
492.9749999999999,18.5452146802954,17.353600343572708
492.9999999999999,17.67781838660453,16.19807542799844
493.0249999999999,17.67781838660453,13.81880812004514
493.0499999999999,17.10414351909104,14.054812636377772
493.07499999999993,17.10414351909104,15.249591008869393
493.0999999999999,14.602317460294437,14.280719615221154
493.1249999999999,14.602317460294437,14.796328421252234
493.1499999999999,12.685623758134318,15.83367624415228
493.1749999999999,12.685623758134318,15.322059083087687
493.19999999999993,8.823611474602036,21.76843931207513
493.2249999999999,8.823611474602036,18.580893475717637
493.2499999999999,12.253435200125727,16.806769940418402
493.2749999999999,12.253435200125727,15.124529405696821
493.2999999999999,10.43591083860174,8.871267571534748
493.32499999999993,10.43591083860174,10.819472742802256
493.3499999999999,11.594330262666189,12.801138143410698
493.3749999999999,11.594330262666189,12.66236764887153
493.3999999999999,11.099107940013964,15.06412651937393
493.4249999999999,11.099107940013964,15.402019567718666
493.44999999999993,11.27958264955948,13.424467537498042
493.4749999999999,11.27958264955948,15.030632715354914
493.4999999999999,12.264530857694384,15.130305463541587
493.5249999999999,12.264530857694384,15.076831692746836
493.5499999999999,8.873520417199396,15.946991362568724
493.57499999999993,8.873520417199396,12.450527998605466
493.5999999999999,8.913017499416302,9.66556019188117
493.6249999999999,8.913017499416302,8.446501051215177
493.6499999999999,7.884678689126256,8.83703854791665
493.6749999999999,7.884678689126256,7.783394130421486
493.69999999999993,7.0250923786910615,7.025961309928133
493.7249999999999,7.0250923786910615,6.0402965796284285
493.7499999999999,7.112176425880179,4.824308575093053
493.7749999999999,7.112176425880179,5.361475262347276
493.7999999999999,8.605656228893046,6.528487657677133
493.82499999999993,8.605656228893046,9.224454387439652
493.8499999999999,11.713944565468584,8.598941039865418
493.8749999999999,11.713944565468584,10.289663827763432
493.8999999999999,11.229616946644272,10.881725511903545
493.9249999999999,11.229616946644272,11.331439838119215
493.94999999999993,12.76612720325124,10.620048143113447
493.9749999999999,12.76612720325124,10.577708946523298
493.9999999999999,13.77669416934184,11.74513316256724
494.0249999999999,13.77669416934184,10.927523798973173
494.0499999999999,11.010749493263088,14.292579253843172
494.07499999999993,11.010749493263088,14.0945161315398
494.0999999999999,7.642633569546563,11.652394910904349
494.1249999999999,7.642633569546563,13.059998165832887
494.1499999999999,9.543795008471037,13.093602489103393
494.1749999999999,9.543795008471037,12.852616413308105
494.19999999999993,9.25516438723768,15.423106129359065
494.2249999999999,9.25516438723768,13.640948891810112
494.2499999999999,7.640738678664805,11.404316502316531
494.2749999999999,7.640738678664805,10.959394002634994
494.2999999999999,11.147730496199571,9.326249808715593
494.32499999999993,11.147730496199571,7.288153649142673
494.3499999999999,10.2310004993608,8.707654236054871
494.3749999999999,10.2310004993608,7.463634260154228
494.3999999999999,11.237544249990826,8.518189396119535
494.4249999999999,11.237544249990826,9.09777529418501
494.44999999999993,10.22155015003106,7.1423227807988
494.4749999999999,10.22155015003106,9.02396114784468
494.4999999999999,10.533189155254076,9.229163726066133
494.5249999999999,10.533189155254076,12.972814164858653
494.5499999999999,10.645469368707326,15.19333774689205
494.57499999999993,10.645469368707326,15.792272620873753
494.5999999999999,11.016863504729098,14.109477539597664
494.6249999999999,11.016863504729098,11.199384609566636
494.6499999999999,8.664686879376358,8.631859435467637
494.6749999999999,8.664686879376358,7.18429624493776
494.69999999999993,7.186209751588023,8.468047734580933
494.7249999999999,7.186209751588023,8.521601649980173
494.7499999999999,7.125580384944327,10.351575223322042
494.7749999999999,7.125580384944327,11.218176776362556
494.7999999999999,9.214327120633229,9.314255268914716
494.82499999999993,9.214327120633229,10.62463067738928
494.8499999999999,8.981301059326627,11.371906745920107
494.8749999999999,8.981301059326627,9.474653973088937
494.8999999999999,11.526931213156008,12.588115155300516
494.9249999999999,11.526931213156008,15.961539072457029
494.94999999999993,11.500582565477174,16.329369730479634
494.9749999999999,11.500582565477174,15.608135081463658
494.9999999999999,10.00481042793352,15.750202409444082
495.0249999999999,10.00481042793352,13.344984913510913
495.0499999999999,9.336027436364676,11.610091694658154
495.07499999999993,9.336027436364676,13.582779434586143
495.0999999999999,9.278345451340432,11.556309729409932
495.1249999999999,9.278345451340432,8.151983233922763
495.1499999999999,11.425701602217808,9.548745248546656
495.1749999999999,11.425701602217808,10.355144385044351
495.19999999999993,13.153667589889537,10.062086383500144
495.2249999999999,13.153667589889537,11.592711923484476
495.2499999999999,12.026720961292405,11.962656223524794
495.2749999999999,12.026720961292405,11.48329239360082
495.2999999999999,10.879305702978767,14.400550357886015
495.32499999999993,10.879305702978767,14.102340813968555
495.3499999999999,9.571053439089813,13.66670405548026
495.3749999999999,9.571053439089813,14.503441406749321
495.3999999999999,7.197203021480065,12.419389497042868
495.4249999999999,7.197203021480065,13.382048017034126
495.44999999999993,8.958676301199132,11.394270604894622
495.4749999999999,8.958676301199132,10.855344951896601
495.4999999999999,12.33758236609205,10.030677290667056
495.5249999999999,12.33758236609205,8.307147945459896
495.5499999999999,15.55817434329286,10.50047535293708
495.57499999999993,15.55817434329286,9.898812497205576
495.5999999999999,16.03533694850878,12.257066253424298
495.6249999999999,16.03533694850878,12.859282498745177
495.6499999999999,14.283004777063429,10.94678906964867
495.6749999999999,14.283004777063429,14.249998489433487
495.69999999999993,10.849062461018187,13.80421761347247
495.7249999999999,10.849062461018187,13.778357911126829
495.7499999999999,12.154032889565098,13.902424110983368
495.7749999999999,12.154032889565098,11.641178682159449
495.7999999999999,8.56863172161279,10.87869266955859
495.82499999999993,8.56863172161279,11.58679708182223
495.8499999999999,8.945266415016247,10.605911816247085
495.8749999999999,8.945266415016247,9.815347838509162
495.8999999999999,9.512947768196016,6.914812827841723
495.9249999999999,9.512947768196016,7.207234386195124
495.94999999999993,11.90078626489469,9.959355737789275
495.9749999999999,11.90078626489469,9.928536698578752
495.9999999999999,10.279622036010124,12.236487661621046
496.0249999999999,10.279622036010124,11.960896439143955
496.0499999999999,10.18282150521648,8.629503801111703
496.07499999999993,10.18282150521648,10.967755063560539
496.0999999999999,11.979892472378134,10.62803009127672
496.1249999999999,11.979892472378134,11.344590936672276
496.1499999999999,6.4186360509042695,14.488654104124663
496.1749999999999,6.4186360509042695,10.85996702077526
496.19999999999993,5.161003564755607,9.753016612215172
496.2249999999999,5.161003564755607,8.941961964082541
496.2499999999999,5.154002618332888,8.263181973768397
496.2749999999999,5.154002618332888,8.095165967434546
496.2999999999999,6.21773340346466,10.707347523534612
496.32499999999993,6.21773340346466,9.594206235969077
496.3499999999999,8.799083720853254,7.561972903801214
496.3749999999999,8.799083720853254,7.594414060722172
496.3999999999999,6.888696883690749,4.074893321297709
496.4249999999999,6.888696883690749,4.4112613286020785
496.44999999999993,8.21305885005216,7.873504917523004
496.4749999999999,8.21305885005216,8.884423117469058
496.4999999999999,9.660447595341836,9.276543486664073
496.5249999999999,9.660447595341836,9.29213223296624
496.5499999999999,8.95979313200993,7.765814588660578
496.57499999999993,8.95979313200993,9.386740068110324
496.5999999999999,12.015689876150304,12.826713719035695
496.6249999999999,12.015689876150304,16.281719702349776
496.6499999999999,13.171288259450437,17.057509768391704
496.6749999999999,13.171288259450437,18.762675535692615
496.69999999999993,12.17757169327763,16.798783734993787
496.7249999999999,12.17757169327763,12.623021603362918
496.7499999999999,13.878076442056257,12.589946359392783
496.7749999999999,13.878076442056257,9.517947472934958
496.7999999999999,15.618996858693702,10.33320360736779
496.82499999999993,15.618996858693702,10.694874284577228
496.8499999999999,18.403193992063446,12.502434206302334
496.8749999999999,18.403193992063446,13.860946164455967
496.8999999999999,19.243384676669717,14.524888660628983
496.9249999999999,19.243384676669717,16.264394194055928
496.94999999999993,13.13526600558885,18.165126883265014
496.9749999999999,13.13526600558885,18.06674399319453
496.9999999999999,12.692919021622377,16.694494895833422
497.0249999999999,12.692919021622377,16.222243400949463
497.0499999999999,12.424543399008249,9.497151183524842
497.07499999999993,12.424543399008249,8.840245673288303
497.0999999999999,9.163282198796356,11.186557805793676
497.1249999999999,9.163282198796356,13.166264464004755
497.1499999999999,8.928086904523708,14.758575457597214
497.1749999999999,8.928086904523708,13.665256938750389
497.19999999999993,8.678773534067718,10.604050721380226
497.2249999999999,8.678773534067718,6.6751074356455335
497.2499999999999,6.494879274923628,7.7567513172071045
497.2749999999999,6.494879274923628,7.724414011725979
497.2999999999999,6.7303323773091295,8.831203522891531
497.32499999999993,6.7303323773091295,11.00953954405398
497.3499999999999,8.613856117325957,8.846665284032362
497.3749999999999,8.613856117325957,9.99579660270692
497.3999999999999,7.406964444890505,9.1127987545466
497.4249999999999,7.406964444890505,10.330407269239751
497.44999999999993,2.980442013960174,9.982079172220743
497.4749999999999,2.980442013960174,8.747540675206757
497.4999999999999,1.8930320250920896,7.991447480551277
497.5249999999999,1.8930320250920896,5.259524599370943
497.5499999999999,0.7830713084896299,7.484620872695492
497.57499999999993,0.7830713084896299,6.4369653686478046
497.5999999999999,0.72107103946608,5.672841209024824
497.6249999999999,0.72107103946608,6.813807892672373
497.6499999999999,1.12552203896764,4.565569984775885
497.6749999999999,1.12552203896764,4.966506272465653
497.69999999999993,0.8935847904865893,6.585422451001877
497.7249999999999,0.8935847904865893,4.695824760212032
497.7499999999999,1.490064778778564,6.380176752125586
497.7749999999999,1.490064778778564,5.660131891969956
497.7999999999999,1.6928087241930252,4.745812829096258
497.82499999999993,1.6928087241930252,4.629765994382394
497.8499999999999,2.269814593627089,4.073880416771263
497.8749999999999,2.269814593627089,4.395149284794815
497.8999999999999,5.4932770587271325,3.9114587886816725
497.9249999999999,5.4932770587271325,4.128810105299826
497.94999999999993,4.991371983506507,6.438494340369035
497.9749999999999,4.991371983506507,7.3545958119526205
497.9999999999999,5.916796488887432,8.61769917818549
498.0249999999999,5.916796488887432,8.696978267628387
498.0499999999999,4.575847349958257,8.617720950342138
498.07499999999993,4.575847349958257,7.88554191795822
498.0999999999999,4.067174611280194,6.951195703225425
498.1249999999999,4.067174611280194,8.963799268237558
498.1499999999999,4.457888546790494,8.039178425768817
498.1749999999999,4.457888546790494,10.154426315877858
498.19999999999993,4.010775020419903,11.040729318286239
498.2249999999999,4.010775020419903,11.405373483285805
498.2499999999999,3.9930575569561886,10.682590001080277
498.2749999999999,3.9930575569561886,9.586639341156982
498.2999999999999,6.640916112463313,9.589754888237259
498.32499999999993,6.640916112463313,8.9764805267795
498.3499999999999,6.762251039006324,8.388590337962295
498.3749999999999,6.762251039006324,8.84742710660403
498.3999999999999,5.842036332549476,10.553421359656117
498.4249999999999,5.842036332549476,8.956729629650063
498.44999999999993,7.4818045391476415,8.483716015811192
498.4749999999999,7.4818045391476415,8.778814679368296
498.4999999999999,7.004189732505216,9.931597239358135
498.5249999999999,7.004189732505216,11.457910322644214
498.5499999999999,5.075976016251377,12.412826491366129
498.57499999999993,5.075976016251377,11.131639969617844
498.5999999999999,5.493043300385323,8.319280285847952
498.6249999999999,5.493043300385323,8.927874340889378
498.6499999999999,7.955817555639822,8.146995748581576
498.6749999999999,7.955817555639822,8.489869588480317
498.69999999999993,6.79026823449193,7.416945293061035
498.7249999999999,6.79026823449193,4.699816291120996
498.7499999999999,7.1006025897967255,5.346807846221357
498.7749999999999,7.1006025897967255,7.1758079616338915
498.7999999999999,7.298433462352855,11.212372274676813
498.82499999999993,7.298433462352855,12.934124865769814
498.8499999999999,6.779461214862633,13.9294614595353
498.8749999999999,6.779461214862633,13.435340737986277
498.8999999999999,7.606847166124823,11.919111924220609
498.9249999999999,7.606847166124823,12.393002454754091
498.94999999999993,7.6033829227214,10.804990362858138
498.9749999999999,7.6033829227214,8.639832562878407
498.9999999999999,5.739403079362498,7.451200585698491
499.0249999999999,5.739403079362498,6.1753253536766355
499.0499999999999,6.823180612742752,6.0646548909485745
499.07499999999993,6.823180612742752,7.021898911269285
499.0999999999999,8.044841232482582,5.701131731869304
499.1249999999999,8.044841232482582,4.490721576756579
499.1499999999999,9.937339961938216,5.058128443210672
499.1749999999999,9.937339961938216,5.096075130154106
499.19999999999993,8.576033222160337,5.832228603383852
499.2249999999999,8.576033222160337,7.388743731557601
499.2499999999999,7.121631349418815,8.504171899589515
499.2749999999999,7.121631349418815,8.336415590444416
499.2999999999999,6.301889736949383,10.780194748067943
499.32499999999993,6.301889736949383,10.90335739405827
499.3499999999999,5.978108353560799,10.795408814827832
499.3749999999999,5.978108353560799,12.870639792648198
499.3999999999999,9.302284233977984,10.461904310151043
499.4249999999999,9.302284233977984,10.868309666409434
499.44999999999993,12.882946324539224,10.158514165160783
499.4749999999999,12.882946324539224,8.95221722263562
499.4999999999999,12.37155825134518,12.032322754691068
499.5249999999999,12.37155825134518,13.315761462873676
499.5499999999999,10.927179047326485,13.276812661481358
499.57499999999993,10.927179047326485,12.073893836688082
499.5999999999999,12.142113278423675,10.135992191066412
499.6249999999999,12.142113278423675,8.666881207223181
499.6499999999999,12.590269822832594,13.363518311431768
499.6749999999999,12.590269822832594,15.625430800026773
499.69999999999993,13.055375407533315,16.28442061692539
499.7249999999999,13.055375407533315,18.70262147002725
499.7499999999999,11.414256102960987,17.20641415049528
499.7749999999999,11.414256102960987,14.780102650372903
499.7999999999999,16.949005911531497,14.332387710384651
499.82499999999993,16.949005911531497,12.857419863447898
499.8499999999999,15.791043329754404,11.321481727175417
499.8749999999999,15.791043329754404,13.121188681642794
499.8999999999999,13.57028772657065,17.763000870799722
499.9249999999999,13.57028772657065,20.020007875818465
499.94999999999993,8.856514996946979,19.060458550335692
499.9749999999999,8.856514996946979,17.463112184485354
499.9999999999999,13.238309655728832,13.10869233789925
500.0249999999999,13.238309655728832,11.619227050512274
500.0499999999999,12.859066400005052,12.464994125034496
500.07499999999993,12.859066400005052,16.294560098918858
500.0999999999999,14.220102623738626,16.846799176286897
500.1249999999999,14.220102623738626,16.17266949091769
500.1499999999999,19.275242187978588,17.9191724033861
500.1749999999999,19.275242187978588,17.987035862538363
500.19999999999993,13.323702279417388,18.587748623043705
500.2249999999999,13.323702279417388,16.908861312935993
500.2499999999999,14.003319357867628,17.024568834710536
500.2749999999999,14.003319357867628,16.914245978730754
500.2999999999999,9.316202339110552,14.877761965743465
500.32499999999993,9.316202339110552,16.1512560159567
500.3499999999999,10.85917839998464,14.400930364127435
500.3749999999999,10.85917839998464,13.129179072432196
500.3999999999999,6.942092487633361,11.483106536886858
500.4249999999999,6.942092487633361,10.183956326939583
500.44999999999993,8.25983162847877,8.766453740256697
500.4749999999999,8.25983162847877,6.653280967802184
500.4999999999999,11.394833208824286,7.033651106646072
500.5249999999999,11.394833208824286,7.809194038238333
500.5499999999999,17.364183628178946,8.792293806760323
500.57499999999993,17.364183628178946,10.50286655875639
500.5999999999999,19.644819479643854,14.56622812307629
500.6249999999999,19.644819479643854,20.193334859464034
500.6499999999999,17.077502492071332,23.108055495107063
500.6749999999999,17.077502492071332,23.69918063064498
500.69999999999993,15.82005652026144,20.333753439563623
500.7249999999999,15.82005652026144,16.06756698295468
500.7499999999999,13.010565263155982,15.174299140156556
500.7749999999999,13.010565263155982,13.182220143278395
500.7999999999999,13.565220015447013,14.816592978039953
500.82499999999993,13.565220015447013,15.911051501293265
500.8499999999999,13.607071325554784,13.309160633295479
500.8749999999999,13.607071325554784,12.964613739549236
500.8999999999999,13.021696025254633,16.327538133541413
500.9249999999999,13.021696025254633,14.582629410457223
500.94999999999993,13.038828608413253,14.863283887084284
500.9749999999999,13.038828608413253,14.898649313517843
500.9999999999999,15.106637738969432,11.88017777694859
501.0249999999999,15.106637738969432,13.815341793605548
501.0499999999999,16.091622932238412,15.08114555010779
501.07499999999993,16.091622932238412,15.018887977775151
501.0999999999999,13.330359678434206,13.469330585357781
501.1249999999999,13.330359678434206,15.350392513308096
501.1499999999999,10.44082231166306,15.640035327564819
501.1749999999999,10.44082231166306,15.411853132761593
501.19999999999993,11.525916017508692,13.728651479047903
501.2249999999999,11.525916017508692,12.545294203653473
501.2499999999999,12.451644819273424,9.90302214179469
501.2749999999999,12.451644819273424,11.122300573193314
501.2999999999999,11.532989856297654,13.014699222657075
501.32499999999993,11.532989856297654,12.941241130132866
501.3499999999999,13.108711089893106,13.13327060759774
501.3749999999999,13.108711089893106,13.56600349383466
501.3999999999999,11.95614201989796,13.004149458931838
501.4249999999999,11.95614201989796,10.159783910399668
501.44999999999993,11.916931858540252,12.012754898147627
501.4749999999999,11.916931858540252,13.724220296731481
501.4999999999999,9.492418494443502,13.734939749475306
501.5249999999999,9.492418494443502,12.830672302728349
501.5499999999999,9.28412542660459,10.899576115749614
501.57499999999993,9.28412542660459,7.1779012477607385
501.5999999999999,11.39118172601797,6.981169340118347
501.6249999999999,11.39118172601797,7.039336536376089
501.6499999999999,10.74808162816466,7.353672247790028
501.6749999999999,10.74808162816466,8.70549355821251
501.69999999999993,9.466043746582208,11.844079617271987
501.7249999999999,9.466043746582208,11.78965159123105
501.7499999999999,8.221683779199982,13.594309663704196
501.7749999999999,8.221683779199982,12.791204895502968
501.7999999999999,8.653048257193316,8.70202206295857
501.82499999999993,8.653048257193316,9.65781421828974
501.8499999999999,7.077944985091384,7.9961618030493025
501.8749999999999,7.077944985091384,9.504367300552625
501.8999999999999,6.649013180378736,11.947916358040601
501.9249999999999,6.649013180378736,10.492499347067334
501.94999999999993,5.670140311868159,8.197809888884821
501.9749999999999,5.670140311868159,6.476253161644995
501.9999999999999,5.130064799518515,5.438621611000846
502.0249999999999,5.130064799518515,4.3355273879753184
502.0499999999999,3.7665224428500017,5.837702002251886
502.07499999999993,3.7665224428500017,6.222229986651813
502.0999999999999,4.225439991537686,5.536744251156286
502.1249999999999,4.225439991537686,6.87088548077071
502.1499999999999,2.695608593627284,7.34005068343475
502.1749999999999,2.695608593627284,10.230337342746363
502.19999999999993,2.3353220286548635,10.575489720574353
502.2249999999999,2.3353220286548635,10.480237371325826
502.2499999999999,2.2586741445007474,9.687340016498823
502.2749999999999,2.2586741445007474,5.8298311572232535
502.2999999999999,2.4745161035145,5.038192629673028
502.32499999999993,2.4745161035145,4.111353490031036
502.3499999999999,2.63554019192326,3.9953077131516093
502.3749999999999,2.63554019192326,4.4606158167110515
502.3999999999999,3.254165110458728,5.021508607293088
502.4249999999999,3.254165110458728,5.840772970746582
502.44999999999993,4.9997133599590375,5.863952671306742
502.4749999999999,4.9997133599590375,7.582497492115279
502.4999999999999,6.135485114191614,6.956885500248138
502.5249999999999,6.135485114191614,7.795452895050831
502.5499999999999,4.178108241150293,8.284336891349154
502.57499999999993,4.178108241150293,6.085250291220568
502.5999999999999,4.479374144413949,6.885531710320562
502.6249999999999,4.479374144413949,6.163224817218302
502.6499999999999,5.996372633966519,5.977769235587768
502.6749999999999,5.996372633966519,7.176312699762418
502.69999999999993,4.434222227167213,7.640001474572847
502.7249999999999,4.434222227167213,6.7091812439864995
502.7499999999999,5.074550227818195,5.823757786185171
502.7749999999999,5.074550227818195,5.141831507469574
502.7999999999999,6.283963566857659,3.581956724337047
502.82499999999993,6.283963566857659,5.337089288609759
502.8499999999999,2.6520515539371403,6.244879284271061
502.8749999999999,2.6520515539371403,5.636069385594479
502.8999999999999,3.4840430392222403,6.05898523089078
502.9249999999999,3.4840430392222403,4.547036185415503
502.94999999999993,3.1985953189492955,4.1063993408359565
502.9749999999999,3.1985953189492955,4.642476337295414
502.9999999999999,3.843730517451577,4.185100815032088
503.0249999999999,3.843730517451577,4.124006708345853
503.0499999999999,5.144780541627552,5.312738479727503
503.07499999999993,5.144780541627552,6.0082108131320116
503.0999999999999,3.337007048754576,8.168027951340276
503.1249999999999,3.337007048754576,11.394742857460168
503.1499999999999,5.632955917017508,11.069506300687209
503.1749999999999,5.632955917017508,10.323519244466405
503.19999999999993,7.156814858565282,9.660636555770893
503.2249999999999,7.156814858565282,7.637773904435694
503.2499999999999,6.212774640202733,8.484581163836147
503.2749999999999,6.212774640202733,9.481289332070515
503.2999999999999,5.221927951173261,8.432414170142755
503.32499999999993,5.221927951173261,9.478242547163656
503.3499999999999,5.497525808600676,10.09749756105915
503.3749999999999,5.497525808600676,9.848881510213348
503.3999999999999,5.393014992589121,10.274663247073095
503.4249999999999,5.393014992589121,9.96137937462054
503.44999999999993,4.744564954609314,7.996434258408528
503.4749999999999,4.744564954609314,6.8990666943583445
503.4999999999999,5.924806680307789,9.532768761238861
503.5249999999999,5.924806680307789,7.777558245949453
503.5499999999999,6.692023944441582,9.400279694739273
503.57499999999993,6.692023944441582,11.308511596696647
503.5999999999999,9.855478022096715,11.504103519880301
503.6249999999999,9.855478022096715,14.446671855154614
503.6499999999999,10.374703549172496,15.60780898228202
503.6749999999999,10.374703549172496,15.54547366117429
503.69999999999993,8.689121830843387,15.944170361475301
503.7249999999999,8.689121830843387,15.463402197768852
503.7499999999999,13.840631028898422,14.912076047944218
503.7749999999999,13.840631028898422,15.989114345900797
503.7999999999999,14.433762156755437,17.977536573240155
503.82499999999993,14.433762156755437,16.03648243329266
503.8499999999999,13.3259117163846,15.634726739813594
503.8749999999999,13.3259117163846,15.350531055073782
503.8999999999999,11.36868204210083,11.948742749280648
503.9249999999999,11.36868204210083,14.03667865025501
503.94999999999993,9.894874849940605,13.342881775087797
503.9749999999999,9.894874849940605,13.189444742605374
503.9999999999999,10.107630041626049,14.095926135697031
504.0249999999999,10.107630041626049,13.195244414001067
504.0499999999999,9.994307338256162,12.957117395591894
504.07499999999993,9.994307338256162,11.205432436124353
504.0999999999999,6.7441497667720745,9.044769852872987
504.1249999999999,6.7441497667720745,13.435222779831456
504.1499999999999,5.839921138611365,11.766133959166988
504.1749999999999,5.839921138611365,11.324260970914096
504.19999999999993,4.366663666354203,12.256102502133455
504.2249999999999,4.366663666354203,6.717329395683862
504.2499999999999,6.967604792974578,8.470844985185574
504.2749999999999,6.967604792974578,8.705399395218398
504.2999999999999,10.551430165782357,6.3205449415856005
504.32499999999993,10.551430165782357,6.239228560778044
504.3499999999999,9.727256797760193,6.437696689784427
504.3749999999999,9.727256797760193,8.5186630156469
504.3999999999999,9.954767623360018,11.882810935136066
504.4249999999999,9.954767623360018,15.150482999803732
504.44999999999993,11.628802898095072,14.99627843314834
504.4749999999999,11.628802898095072,12.538697412122069
504.4999999999999,10.411733102750883,12.467358641358732
504.5249999999999,10.411733102750883,12.33972697788024
504.5499999999999,9.879201154696228,12.374071182136458
504.57499999999993,9.879201154696228,12.988119893615496
504.5999999999999,10.29782472315022,12.23471639613053
504.6249999999999,10.29782472315022,10.03663788587939
504.6499999999999,9.184956670967832,8.320164808857466
504.6749999999999,9.184956670967832,7.580988036323482
504.69999999999993,9.419513996927588,5.39326315632185
504.7249999999999,9.419513996927588,5.069739385059558
504.7499999999999,6.722590488818867,7.227084300529685
504.7749999999999,6.722590488818867,8.337837413564309
504.7999999999999,5.531302218898548,11.263367069468824
504.82499999999993,5.531302218898548,10.266497916170701
504.8499999999999,9.43866597381443,9.349070360636052
504.8749999999999,9.43866597381443,8.845513656684602
504.8999999999999,7.861961532010679,7.672893920100323
504.9249999999999,7.861961532010679,7.917171325027605
504.94999999999993,8.653911650313272,7.902175403367259
504.9749999999999,8.653911650313272,9.626406980365068
504.9999999999999,8.734047166335783,9.349602287117532
505.0249999999999,8.734047166335783,9.680981091137342
505.0499999999999,10.070727628361311,10.65562586663312
505.07499999999993,10.070727628361311,11.031487128483157
505.0999999999999,10.01754222379454,12.108004237745511
505.1249999999999,10.01754222379454,14.888147454239581
505.1499999999999,12.76138158443019,13.887703271767846
505.1749999999999,12.76138158443019,17.091855983614675
505.19999999999993,13.35756954236643,15.669034146336232
505.2249999999999,13.35756954236643,17.063189121258013
505.2499999999999,14.051203502411113,18.700220866657858
505.2749999999999,14.051203502411113,15.678026538704806
505.2999999999999,16.519639612680457,15.420835490970491
505.32499999999993,16.519639612680457,10.249505535846794
505.3499999999999,18.793279269126472,7.8547398638496295
505.3749999999999,18.793279269126472,9.64755014802003
505.3999999999999,19.470672766138712,11.387953711782325
505.4249999999999,19.470672766138712,13.527786118664007
505.44999999999993,18.63727470257639,16.337234044723644
505.4749999999999,18.63727470257639,12.36920869184893
505.4999999999999,13.963959064590668,12.707167946518318
505.5249999999999,13.963959064590668,11.757227939615177
505.5499999999999,11.272800131739617,9.635677758334008
505.57499999999993,11.272800131739617,11.927012155855685
505.5999999999999,9.526762151939725,12.01573736292988
505.6249999999999,9.526762151939725,12.918949074690989
505.6499999999999,9.39813602325452,12.478722278644678
505.6749999999999,9.39813602325452,10.469042818182482
505.69999999999993,6.64585814663742,8.159443358534496
505.7249999999999,6.64585814663742,8.463266993372374
505.7499999999999,4.8183741834587375,7.753151912113258
505.7749999999999,4.8183741834587375,7.519893908095595
505.7999999999999,5.000562855263699,8.179825439923786
505.82499999999993,5.000562855263699,5.684378338205759
505.8499999999999,4.31521233900216,5.949787304129959
505.8749999999999,4.31521233900216,5.4631074157941715
505.8999999999999,4.86295081217924,3.630301470151391
505.9249999999999,4.86295081217924,5.064445188879626
505.94999999999993,4.114619921946868,4.959012932548459
505.9749999999999,4.114619921946868,4.37492683895547
505.9999999999999,4.675298397629625,6.249959798061042
506.0249999999999,4.675298397629625,6.1306088369151865
506.0499999999999,3.003520138600857,5.4906619605845135
506.07499999999993,3.003520138600857,5.276866773798974
506.0999999999999,2.7700895107241528,4.167249987203244
506.1249999999999,2.7700895107241528,3.117373238798611
506.1499999999999,2.857818608937314,3.3504307506417916
506.1749999999999,2.857818608937314,5.563992318721045
506.19999999999993,3.304048720435411,5.434443228621564
506.2249999999999,3.304048720435411,5.688110146915584
506.2499999999999,3.5845539750623963,6.879444033025513
506.2749999999999,3.5845539750623963,5.50193945229538
506.2999999999999,4.4202740196481285,6.696769955819082
506.32499999999993,4.4202740196481285,7.570642276171622
506.3499999999999,6.213666174136578,6.21726374696412
506.3749999999999,6.213666174136578,8.181740029224914
506.3999999999999,6.060872655011636,9.028691943968061
506.4249999999999,6.060872655011636,9.50005182684925
506.44999999999993,6.067572947115235,10.142327564390143
506.4749999999999,6.067572947115235,8.721786607947179
506.4999999999999,6.31793154499838,6.940593768008306
506.5249999999999,6.31793154499838,5.0908723835001215
506.5499999999999,9.578250018608328,4.684469790342652
506.57499999999993,9.578250018608328,3.6661928146783875
506.5999999999999,10.14029778611682,6.150813086625774
506.6249999999999,10.14029778611682,7.521220787591039
506.6499999999999,10.88292081194999,8.341800420809365
506.6749999999999,10.88292081194999,8.272448989896349
506.69999999999993,11.73635881095929,6.139806951170879
506.7249999999999,11.73635881095929,6.361550217026058
506.7499999999999,12.807576466261024,6.798923063817474
506.7749999999999,12.807576466261024,9.979155726615906
506.7999999999999,16.58017138735586,10.172211984751952
506.82499999999993,16.58017138735586,10.147771158791071
506.8499999999999,18.595623207169183,12.360246516349104
506.8749999999999,18.595623207169183,9.967363864538907
506.8999999999999,19.939433246699664,8.749240884000839
506.9249999999999,19.939433246699664,10.162485858834689
506.94999999999993,22.81065023392529,9.395328014637691
506.9749999999999,22.81065023392529,13.945825989830613
506.9999999999999,22.46652313074639,16.93375996649676
507.0249999999999,22.46652313074639,16.310136251977262
507.0499999999999,18.488525535129494,18.673965744581814
507.07499999999993,18.488525535129494,14.841274132053378
507.0999999999999,17.30500420939001,14.478116482102124
507.1249999999999,17.30500420939001,15.80360041225139
507.1499999999999,17.11267654203073,12.652240825230201
507.1749999999999,17.11267654203073,13.833271750470967
507.19999999999993,18.89021345561465,15.171879731167385
507.2249999999999,18.89021345561465,13.695838014916808
507.2499999999999,12.904707413489694,17.21829396904284
507.2749999999999,12.904707413489694,15.992939206910245
507.2999999999999,14.175654374032304,15.390603551557854
507.32499999999993,14.175654374032304,17.01566693501167
507.3499999999999,13.201324567340718,13.426138206133349
507.3749999999999,13.201324567340718,13.116350275526075
507.3999999999999,14.807121222482031,10.96168197837983
507.4249999999999,14.807121222482031,8.769629708241453
507.44999999999993,16.279517469035053,9.647775882514365
507.4749999999999,16.279517469035053,13.546221705408229
507.4999999999999,12.143087638555498,14.267474986363226
507.5249999999999,12.143087638555498,17.520417221954798
507.5499999999999,11.14743397553543,16.818506132073125
507.57499999999993,11.14743397553543,15.942562652633796
507.5999999999999,11.152896395966511,14.939951451088536
507.6249999999999,11.152896395966511,12.790868143544133
507.6499999999999,8.733229046966784,10.988527666383586
507.6749999999999,8.733229046966784,7.949493030745785
507.69999999999993,6.421391538254131,8.574046802175639
507.7249999999999,6.421391538254131,5.688953325746446
507.7499999999999,6.808580293665916,6.744954514517636
507.7749999999999,6.808580293665916,7.482909985490927
507.7999999999999,6.740874822179809,8.268774689090371
507.82499999999993,6.740874822179809,9.312599576103777
507.8499999999999,10.945767771308322,7.460421313851688
507.8749999999999,10.945767771308322,6.977090806682227
507.8999999999999,10.350795865430696,6.5201427123244935
507.9249999999999,10.350795865430696,8.594821413675353
507.94999999999993,8.743444523733547,11.436847400803076
507.9749999999999,8.743444523733547,12.396329475833108
507.9999999999999,7.424411572007649,14.00809891625103
508.0249999999999,7.424411572007649,16.501964566887846
508.0499999999999,8.702857009440987,15.773340630094417
508.07499999999993,8.702857009440987,14.264229843289439
508.0999999999999,10.65840032109741,12.035218476429295
508.1249999999999,10.65840032109741,8.077009555619746
508.1499999999999,10.767619112025264,9.518988563718489
508.1749999999999,10.767619112025264,9.382146723023011
508.19999999999993,9.624206418785771,9.91491379543467
508.2249999999999,9.624206418785771,9.916817070042853
508.2499999999999,7.714505451336119,7.845214870979042
508.2749999999999,7.714505451336119,9.329639932052286
508.2999999999999,6.559531069028346,9.301784882922384
508.32499999999993,6.559531069028346,8.518807558790979
508.3499999999999,6.955659429261867,7.250408735783232
508.3749999999999,6.955659429261867,9.46336456301826
508.3999999999999,7.881292492852986,9.694075605535357
508.4249999999999,7.881292492852986,10.222599828685224
508.44999999999993,8.81855528957865,14.945621623893542
508.4749999999999,8.81855528957865,10.316776778544233
508.4999999999999,8.142443178389968,8.488010226652781
508.5249999999999,8.142443178389968,8.212804523773851
508.5499999999999,11.599261460115343,4.425463750074009
508.57499999999993,11.599261460115343,6.926611531904994
508.5999999999999,9.274456046370323,8.172660353463282
508.6249999999999,9.274456046370323,8.576328729766011
508.6499999999999,10.523556986813492,10.524710657229358
508.6749999999999,10.523556986813492,9.71417902825865
508.69999999999993,10.296630954882174,8.554057654411732
508.7249999999999,10.296630954882174,7.325809170710045
508.7499999999999,10.02318105542687,6.266988377836134
508.7749999999999,10.02318105542687,7.182901404029835
508.7999999999999,11.672097555885514,9.781289486923901
508.82499999999993,11.672097555885514,11.580150985772203
508.8499999999999,11.645295369334583,11.437565894769643
508.8749999999999,11.645295369334583,13.226081569471111
508.8999999999999,11.992241677853624,11.509810856907992
508.9249999999999,11.992241677853624,11.775383841094023
508.94999999999993,9.73056410117584,16.218717494144567
508.9749999999999,9.73056410117584,13.775242581346724
508.9999999999999,8.175743253163878,13.107867632672791
509.0249999999999,8.175743253163878,14.241146380938694
509.0499999999999,8.12233134447346,10.183893901015898
509.07499999999993,8.12233134447346,9.358472851276218
509.0999999999999,5.3744816315570105,10.650086284121311
509.1249999999999,5.3744816315570105,7.363967946046085
509.1499999999999,4.32892657219376,5.291792317512078
509.1749999999999,4.32892657219376,4.270230320850441
509.19999999999993,5.195389145253019,4.831095455812601
509.2249999999999,5.195389145253019,5.542089688656145
509.2499999999999,4.668984106807077,6.110943498907625
509.2749999999999,4.668984106807077,7.622194497382848
509.2999999999999,5.512453208597058,5.885144228756792
509.32499999999993,5.512453208597058,5.537888685713815
509.3499999999999,5.56732772551491,6.2462640956505195
509.3749999999999,5.56732772551491,4.961455413006443
509.3999999999999,4.45560845801237,5.475637742675021
509.4249999999999,4.45560845801237,6.755854227279533
509.44999999999993,4.909101916233527,5.668680607558926
509.4749999999999,4.909101916233527,6.057252755737162
509.4999999999999,10.114059102315826,5.958790264682389
509.5249999999999,10.114059102315826,6.3736832544038275
509.5499999999999,9.725828951529396,8.3604585255094
509.57499999999993,9.725828951529396,9.723909883031856
509.5999999999999,9.351545051750424,11.249588367347968
509.6249999999999,9.351545051750424,11.239642086417117
509.6499999999999,12.112566103346216,11.594990014403285
509.6749999999999,12.112566103346216,12.016117620446488
509.69999999999993,10.65480233886041,10.077554311796641
509.7249999999999,10.65480233886041,9.752402268956317
509.7499999999999,6.810492130160351,8.621189701369472
509.7749999999999,6.810492130160351,6.571992760548932
509.7999999999999,4.766093963014352,5.904070566085019
509.82499999999993,4.766093963014352,4.358001058553494
509.8499999999999,3.789571246277998,4.752676837732617
509.8749999999999,3.789571246277998,4.432509069633802
509.8999999999999,2.777905324510207,5.337726302627843
509.9249999999999,2.777905324510207,7.357362954530203
509.94999999999993,2.888509483056359,6.570626102462458
509.9749999999999,2.888509483056359,6.413159267979957
509.9999999999999,1.6390359767669067,6.826989746736842
510.0249999999999,1.6390359767669067,4.77745636441445
510.0499999999999,1.757464892255696,3.962523884181575
510.07499999999993,1.757464892255696,5.019816286626828
510.0999999999999,1.824076278525734,6.2237912209065165
510.1249999999999,1.824076278525734,6.3183065455427085
510.1499999999999,2.8910758338495217,6.605776665189421
510.1749999999999,2.8910758338495217,7.265110611130212
510.19999999999993,3.224251717977317,6.477828800038346
510.2249999999999,3.224251717977317,7.585392332584172
510.2499999999999,5.036339216950695,7.376782902098453
510.2749999999999,5.036339216950695,6.84464721970314
510.2999999999999,7.368601321333799,6.547769268397461
510.32499999999993,7.368601321333799,7.05177897328245
510.3499999999999,8.521441001174749,7.618223052967991
510.3749999999999,8.521441001174749,6.245791090644914
510.3999999999999,10.80930735157146,6.999193645263388
510.4249999999999,10.80930735157146,5.9292184048393795
510.44999999999993,11.896605701002349,7.026394892828723
510.4749999999999,11.896605701002349,8.35923474000038
510.4999999999999,8.162069792556293,9.44835868135508
510.5249999999999,8.162069792556293,11.623637706236902
510.5499999999999,10.310931169502831,11.385954812252084
510.57499999999993,10.310931169502831,14.280565389866174
510.5999999999999,9.761463659046116,14.624894551845497
510.6249999999999,9.761463659046116,12.640175629761602
510.6499999999999,9.99004113605322,12.936284631349062
510.6749999999999,9.99004113605322,12.554727162027334
510.69999999999993,10.22692008987391,10.41000716796785
510.7249999999999,10.22692008987391,11.977980022174993
510.7499999999999,9.8307685480805,11.64279682401172
510.7749999999999,9.8307685480805,9.023747251469874
510.7999999999999,9.90203229129406,11.962965178108835
510.82499999999993,9.90203229129406,9.609511092279567
510.8499999999999,12.848169190123691,8.295660522168147
510.8749999999999,12.848169190123691,8.032419874511545
510.8999999999999,11.188285862958107,6.451255897884716
510.9249999999999,11.188285862958107,7.997534754035644
510.94999999999993,9.167698490178154,9.311228104767821
510.9749999999999,9.167698490178154,11.863643535771875
510.9999999999999,7.031751691081047,11.91425477675803
511.0249999999999,7.031751691081047,11.303438599964005
511.0499999999999,6.62341677853184,11.65498479497964
511.07499999999993,6.62341677853184,9.621006982600543
511.0999999999999,6.628956642311454,9.005330474001822
511.1249999999999,6.628956642311454,10.31262807049547
511.1499999999999,6.437794026896138,8.55874800274839
511.1749999999999,6.437794026896138,8.400480999517265
511.19999999999993,6.41577045938007,7.212421433605866
511.2249999999999,6.41577045938007,6.454762770355533
511.2499999999999,5.916663660054781,6.966413765275609
511.2749999999999,5.916663660054781,7.625590183645382
511.2999999999999,5.844971401308171,8.240327474974208
511.32499999999993,5.844971401308171,9.912495827880093
511.3499999999999,4.082799348053214,9.745383956023524
511.3749999999999,4.082799348053214,9.595040487877212
511.3999999999999,5.512939404030788,9.379350467362968
511.4249999999999,5.512939404030788,5.67327729596216
511.44999999999993,8.834622057039002,5.592120210705948
511.4749999999999,8.834622057039002,6.703346323820901
511.4999999999999,9.252895370756823,7.8919136077273855
511.5249999999999,9.252895370756823,10.146034356945762
511.5499999999999,9.961790734341353,11.037533554845442
511.57499999999993,9.961790734341353,12.755759277090807
511.5999999999999,7.929248477395325,14.010825923582761
511.6249999999999,7.929248477395325,13.50713829724801
511.6499999999999,10.080716827143387,13.068188455839541
511.6749999999999,10.080716827143387,12.80108794928345
511.69999999999993,9.668970650623317,11.355472224777564
511.7249999999999,9.668970650623317,12.020264860244788
511.7499999999999,13.306499136357154,14.754962855534433
511.7749999999999,13.306499136357154,14.960317456443018
511.7999999999999,12.49336913828627,14.161045279641373
511.82499999999993,12.49336913828627,12.349617830961275
511.8499999999999,7.674053165752159,11.28640011823698
511.8749999999999,7.674053165752159,9.122972205769173
511.8999999999999,8.632215291552894,9.272336766613249
511.9249999999999,8.632215291552894,10.976998727757943
511.94999999999993,9.054957665036474,12.149771134109855
511.9749999999999,9.054957665036474,11.642948806423243
511.9999999999999,9.407505921175863,12.656838422234069
512.0249999999999,9.407505921175863,13.357603290174607
512.0499999999998,15.217400065864668,12.415395338684888
512.0749999999999,15.217400065864668,15.927941937954582
512.0999999999999,21.47831469132333,16.836733410754515
512.1249999999999,21.47831469132333,17.761530246837474
512.1499999999999,20.06062875355092,16.463544395936758
512.175,20.06062875355092,11.884373879671708
512.1999999999999,17.11304253682289,10.788239278298576
512.2249999999999,17.11304253682289,12.202355498838573
512.2499999999999,16.174958616910924,15.79143725751645
512.2749999999999,16.174958616910924,17.008015914827165
512.3,13.850170713205214,19.18192512729349
512.3249999999999,13.850170713205214,15.562515927674454
512.3499999999999,12.188820236526247,12.355973517810112
512.3749999999999,12.188820236526247,13.75274747445729
512.3999999999999,13.141813014665924,9.07111508247489
512.425,13.141813014665924,11.101913565815
512.4499999999999,15.510544309294673,13.818102322271082
512.4749999999999,15.510544309294673,12.530939797802285
512.4999999999999,13.96536888923965,14.336638770371966
512.5249999999999,13.96536888923965,14.52042887040664
512.55,9.74339125786816,12.226751568901197
512.5749999999999,9.74339125786816,10.948964443516203
512.5999999999999,7.972409480736848,9.213257964684924
512.6249999999999,7.972409480736848,5.99895229622459
512.6499999999999,6.245171087285578,5.076563683775788
512.675,6.245171087285578,5.939102346292395
512.6999999999999,8.19601558844156,6.289454901410728
512.7249999999999,8.19601558844156,8.50854500382102
512.7499999999999,9.48142391795731,8.998554415114665
512.7749999999999,9.48142391795731,10.422110444768602
512.8,13.6882183222816,11.458627851576697
512.8249999999999,13.6882183222816,11.916710688563647
512.8499999999999,11.755911710906457,12.881815732987636
512.8749999999999,11.755911710906457,12.297338556169901
512.8999999999999,11.845560105101992,15.210954453092366
512.925,11.845560105101992,13.640069473723692
512.9499999999999,10.08830087036286,15.73882983407262
512.9749999999999,10.08830087036286,13.900462181795705
512.9999999999999,14.820551905077023,10.827002484446137
513.0249999999999,14.820551905077023,13.606424457656074
513.05,14.364075169287885,9.880227819593882
513.0749999999999,14.364075169287885,11.522149122658023
513.0999999999999,16.028590555545726,11.989712921159638
513.1249999999999,16.028590555545726,12.523161282711206
513.1499999999999,12.45079860678271,13.997222858279953
513.175,12.45079860678271,18.14186572021578
513.1999999999999,11.361218987857262,19.580884401086347
513.2249999999999,11.361218987857262,16.73059395400231
513.2499999999999,8.226331875440044,14.73007052916498
513.2749999999999,8.226331875440044,9.153434478538268
513.3,5.912200893644407,7.660477000855915
513.3249999999999,5.912200893644407,7.670461072211008
513.3499999999999,6.805180242815331,8.688424130569825
513.3749999999999,6.805180242815331,12.32130914502938
513.3999999999999,4.460731276809117,10.77162299438186
513.425,4.460731276809117,9.284917604580535
513.4499999999999,4.638234493519067,8.321913115621522
513.4749999999999,4.638234493519067,7.039314633406253
513.4999999999999,7.107464753206384,7.605433279019973
513.5249999999999,7.107464753206384,8.155975090418782
513.55,7.330027586043863,8.741460715323953
513.5749999999999,7.330027586043863,9.075044307312186
513.5999999999999,7.670806312092423,8.862911620278396
513.6249999999999,7.670806312092423,10.724462549094344
513.6499999999999,5.802341360725641,9.53760408358198
513.675,5.802341360725641,9.04010213153634
513.6999999999999,5.004279737968108,9.043438183943108
513.7249999999999,5.004279737968108,7.775652180195782
513.7499999999999,4.18831765006222,8.378202686496662
513.7749999999999,4.18831765006222,7.177088949613233
513.8,5.225042638534723,9.500145294451306
513.8249999999999,5.225042638534723,9.160281845131788
513.8499999999999,7.942114667100773,11.746774488691054
513.8749999999999,7.942114667100773,10.159725704070771
513.8999999999999,8.645542259500518,10.144683724284171
513.925,8.645542259500518,12.164032033959561
513.9499999999999,5.714540029867761,12.952296656673912
513.9749999999999,5.714540029867761,13.47337730784162
513.9999999999999,9.113669818350358,13.518714291998533
514.0249999999999,9.113669818350358,11.180191792059334
514.05,6.905713773384536,10.818339184716676
514.0749999999999,6.905713773384536,11.891554585475042
514.0999999999999,5.416686521240571,11.606361255773756
514.1249999999999,5.416686521240571,11.897469692068146
514.1499999999999,4.9163580428901605,10.273537351112973
514.175,4.9163580428901605,8.176219215463561
514.1999999999999,8.884728824983508,5.8741774175234855
514.2249999999999,8.884728824983508,6.7367458955514525
514.2499999999999,7.385739825356074,7.11735000171281
514.2749999999999,7.385739825356074,9.707462183247607
514.3,6.350822019590519,11.474454084879918
514.3249999999999,6.350822019590519,12.911743309911856
514.3499999999999,4.305819051056564,11.412956226241365
514.3749999999999,4.305819051056564,10.57502972226286
514.3999999999999,4.555542788608644,8.652940942091428
514.425,4.555542788608644,5.847479063797616
514.4499999999999,3.0914408588723217,5.814899628077999
514.4749999999999,3.0914408588723217,5.398329612736309
514.4999999999999,3.795180979913723,5.438488559660602
514.5249999999999,3.795180979913723,7.152466311737002
514.55,3.6760030982692,7.875547725623174
514.5749999999999,3.6760030982692,8.94313721938498
514.5999999999999,4.106980339603522,9.312903418309169
514.6249999999999,4.106980339603522,8.076241156465215
514.6499999999999,3.781181920996489,6.96441347352111
514.675,3.781181920996489,6.133813952783927
514.6999999999999,3.779008476730037,6.5182357389121375
514.7249999999999,3.779008476730037,6.980670364452397
514.7499999999999,3.12179673291646,7.23464091762585
514.7749999999999,3.12179673291646,7.194776331306314
514.8,4.699621800751017,6.23832511002842
514.8249999999999,4.699621800751017,6.926362273150726
514.8499999999999,4.760312125385774,6.349372612469961
514.8749999999999,4.760312125385774,7.121389514951037
514.8999999999999,4.052686168252311,7.548403216871167
514.925,4.052686168252311,5.922130892792944
514.9499999999999,2.954434993727784,6.428332325792239
514.9749999999999,2.954434993727784,6.430297323854562
514.9999999999999,1.7929081883156708,9.92917841133298
515.0249999999999,1.7929081883156708,10.734963306463634
515.05,1.8567866566505524,11.497508993981631
515.0749999999999,1.8567866566505524,10.10142244278816
515.0999999999999,0.4752824652596887,7.449905605638628
515.1249999999999,0.4752824652596887,6.717444826354532
515.1499999999999,0.5936958190513724,7.150774102924318
515.175,0.5936958190513724,7.24332392698255
515.1999999999999,0.4774752234253939,6.324878201836808
515.2249999999999,0.4774752234253939,6.313722105321517
515.2499999999999,0.21273515681741,5.291040269906546
515.2749999999999,0.21273515681741,7.434966490102879
515.3,0.4327945634681549,7.731470781524822
515.3249999999999,0.4327945634681549,7.293215468963351
515.3499999999999,0.3532235655528865,7.286125190511573
515.3749999999999,0.3532235655528865,4.855283992270143
515.3999999999999,1.4524683352404986,5.0511811715906845
515.425,1.4524683352404986,7.040976500502441
515.4499999999999,2.2856399062780124,6.23111471880184
515.4749999999999,2.2856399062780124,6.098263214427146
515.4999999999999,3.770040963503941,5.531847051301095
515.5249999999999,3.770040963503941,3.8656527592589764
515.55,3.394226890615674,4.660905147068357
515.5749999999999,3.394226890615674,6.396278683137197
515.5999999999999,5.445666093146548,6.1105967959819
515.6249999999999,5.445666093146548,6.426452789980648
515.6499999999999,4.300448805747515,6.032070338595297
515.675,4.300448805747515,5.135417511746731
515.6999999999999,4.0629299244201,6.395427361789871
515.7249999999999,4.0629299244201,8.362746002271562
515.7499999999999,3.756905811309288,9.695707235368547
515.7749999999999,3.756905811309288,9.0699823048587
515.8,6.078125605432326,7.874714437721979
515.8249999999999,6.078125605432326,6.988476736585996
515.8499999999999,5.337617457310811,8.094171300431142
515.8749999999999,5.337617457310811,8.436229179048727
515.8999999999999,4.890058615104383,8.72735726608423
515.925,4.890058615104383,8.510477166716333
515.9499999999999,6.206000105094481,5.828392867056972
515.9749999999999,6.206000105094481,6.482509505487863
515.9999999999999,2.781595132955436,5.739293321727181
516.0249999999999,2.781595132955436,4.67190577693424
516.05,4.179882505442418,4.678550719826935
516.0749999999999,4.179882505442418,5.223105515830488
516.0999999999999,5.732494311609222,5.941419878455534
516.1249999999999,5.732494311609222,5.791207245823305
516.1499999999999,7.631015172713445,8.001103496486305
516.175,7.631015172713445,6.831695638443737
516.1999999999999,6.193029270333091,7.633927265918374
516.2249999999999,6.193029270333091,7.347331663912508
516.2499999999999,8.722334909239486,5.883738263356756
516.2749999999999,8.722334909239486,6.4659456602053496
516.3,8.456600545764399,6.119431962795312
516.3249999999999,8.456600545764399,6.320912685241017
516.3499999999999,6.913711963193221,7.230391173022604
516.3749999999999,6.913711963193221,7.239976066506602
516.3999999999999,9.09150299160486,9.723285581662108
516.425,9.09150299160486,9.69051897472559
516.4499999999999,9.053558448353082,8.234522382293841
516.4749999999999,9.053558448353082,11.106187053519804
516.4999999999999,7.9414025360696785,10.820922734087475
516.5249999999999,7.9414025360696785,11.542686501407685
516.55,9.024622277698084,13.04920886504877
516.5749999999999,9.024622277698084,10.320512453733151
516.5999999999999,9.280983495743875,8.368756917577677
516.6249999999999,9.280983495743875,9.809004164533636
516.6499999999999,10.071079274390325,10.310644993493025
516.675,10.071079274390325,11.017223153914916
516.6999999999999,8.79421644967693,11.08654181867141
516.7249999999999,8.79421644967693,12.345971914079453
516.7499999999999,12.848103369392966,10.825973129760577
516.7749999999999,12.848103369392966,12.259239295182997
516.8,10.286019436560805,13.686471593405496
516.8249999999999,10.286019436560805,12.632258350568014
516.8499999999999,11.359506512591166,12.830517662925299
516.8749999999999,11.359506512591166,11.227519781720856
516.8999999999999,7.71710318229386,14.610454752798157
516.925,7.71710318229386,14.609379267744057
516.9499999999999,8.31871084740297,16.31191914097335
516.9749999999999,8.31871084740297,15.887593718081092
516.9999999999999,9.622472649926914,12.5665513163535
517.0249999999999,9.622472649926914,11.935021474026078
517.05,8.44076378417837,8.922684532967889
517.0749999999999,8.44076378417837,9.02682445997873
517.0999999999999,6.978135415367269,11.483265171006838
517.1249999999999,6.978135415367269,10.382643683827636
517.1499999999999,4.451403155384886,10.960442832285931
517.175,4.451403155384886,9.340076595468755
517.1999999999999,4.493661974684447,4.952132709540203
517.2249999999999,4.493661974684447,4.160244800609142
517.2499999999999,4.207498142212595,4.723218748294534
517.2749999999999,4.207498142212595,5.225723921608115
517.3,3.815024589490825,4.698292117380422
517.3249999999999,3.815024589490825,7.385026074365362
517.3499999999999,5.633630529886447,7.1196567772328105
517.3749999999999,5.633630529886447,10.265867101679715
517.3999999999999,8.108891031267214,13.20401507303924
517.425,8.108891031267214,11.110557722257235
517.4499999999999,9.40580005531553,10.909171607602808
517.4749999999999,9.40580005531553,8.409330782079225
517.4999999999999,6.747844882311039,6.648823318767671
517.5249999999999,6.747844882311039,8.42991893346925
517.55,5.667566283462544,10.618290809495667
517.5749999999999,5.667566283462544,10.421611194305274
517.5999999999999,7.113782424804852,10.824907565791685
517.6249999999999,7.113782424804852,10.611619493533368
517.6499999999999,6.86978927451,9.604450942895923
517.675,6.86978927451,11.841967589888563
517.6999999999999,4.878665346991404,11.067148966060387
517.7249999999999,4.878665346991404,8.663788018776673
517.7499999999999,5.405948087151296,7.8231755310629
517.7749999999999,5.405948087151296,4.94667180554829
517.8,8.534955357505483,6.517575784795104
517.8249999999999,8.534955357505483,10.400156484433328
517.8499999999999,11.190000556495962,12.329707354117405
517.8749999999999,11.190000556495962,13.783203948928744
517.8999999999999,12.992641142009353,14.146319615077175
517.925,12.992641142009353,15.379092419216686
517.9499999999999,10.135650630880733,13.411127787001137
517.9749999999999,10.135650630880733,12.882248183337841
517.9999999999999,11.812599247661762,11.737859472365384
518.0249999999999,11.812599247661762,8.193494064036626
518.05,12.937167067492643,8.65040704605398
518.0749999999999,12.937167067492643,11.575420491473
518.0999999999999,19.34429751723637,11.082934205547707
518.1249999999999,19.34429751723637,12.9371414436228
518.1499999999999,22.1451683386058,18.690091150703083
518.175,22.1451683386058,16.534798068702525
518.1999999999999,21.36340356594019,18.230118870621773
518.2249999999999,21.36340356594019,17.060553087835093
518.2499999999999,23.957815710179947,13.724141635038071
518.2749999999999,23.957815710179947,18.340082467345923
518.3,24.6040814721895,17.80256620113161
518.3249999999999,24.6040814721895,21.025523394159027
518.3499999999999,25.56405152777869,19.444841225985225
518.3749999999999,25.56405152777869,14.194849957938725
518.3999999999999,22.46375221599046,18.895130242788028
518.425,22.46375221599046,16.44774875315217
518.4499999999999,15.110563865749622,18.897067990381153
518.4749999999999,15.110563865749622,21.1620942856189
518.4999999999999,12.384669984139482,16.045467616435854
518.5249999999999,12.384669984139482,14.81749144604796
518.55,7.117715988749774,11.04418716271045
518.5749999999999,7.117715988749774,10.016611166657373
518.5999999999999,8.084454113618671,8.898287661610148
518.6249999999999,8.084454113618671,8.51102114060064
518.6499999999999,8.61597268952103,9.022535354205413
518.675,8.61597268952103,6.002327280670596
518.6999999999999,9.8020505552887,6.059550374180382
518.7249999999999,9.8020505552887,7.482539313317439
518.7499999999999,11.673094839597889,7.527018888780461
518.7749999999999,11.673094839597889,9.739549781215953
518.8,12.226821142715655,10.669644875560579
518.8249999999999,12.226821142715655,8.746300917788272
518.8499999999999,13.05532656819036,7.624671305718067
518.8749999999999,13.05532656819036,7.5022133508991224
518.8999999999999,13.83242723091741,7.119707712412684
518.925,13.83242723091741,8.381240832479492
518.9499999999999,13.400661839314042,11.264655786324303
518.9749999999999,13.400661839314042,13.123953856908573
518.9999999999999,9.348131675950958,14.989464203117851
519.0249999999999,9.348131675950958,18.54304970003303
519.05,10.441680579721936,16.31569490368013
519.0749999999999,10.441680579721936,16.531489192516634
519.0999999999999,7.612895182129517,12.879210172038245
519.1249999999999,7.612895182129517,8.390541722078789
519.1499999999999,10.996342509081412,9.212937278104542
519.175,10.996342509081412,7.221782464549449
519.1999999999999,11.910413906020972,9.541357149308482
519.2249999999999,11.910413906020972,9.219047562967699
519.2499999999999,12.630883622356269,10.563911042126884
519.2749999999999,12.630883622356269,11.686781042596575
519.3,8.063530703542883,13.804862913442264
519.3249999999999,8.063530703542883,14.049187812167506
519.3499999999999,9.868213303165453,11.109857762185582
519.3749999999999,9.868213303165453,9.518518760133137
519.3999999999999,7.784588078484776,6.616101925557992
519.425,7.784588078484776,6.1849600075141815
519.4499999999999,4.219396956727942,7.209906799120589
519.4749999999999,4.219396956727942,6.067987230603441
519.4999999999999,5.409381456994941,5.225522920605449
519.5249999999999,5.409381456994941,5.496239612205876
519.55,4.848498927861562,5.419735449248726
519.5749999999999,4.848498927861562,6.526197099026283
519.5999999999999,6.839292243742212,6.521146107562904
519.6249999999999,6.839292243742212,5.876375829521987
519.6499999999999,7.430405104674811,6.435921936412445
519.675,7.430405104674811,6.014046304057754
519.6999999999999,7.570009167437595,7.5780394808892515
519.7249999999999,7.570009167437595,8.322220847779228
519.7499999999999,7.767003035281614,7.505354430603127
519.7749999999999,7.767003035281614,7.640828852779147
519.8,8.704649240763043,11.223029162804686
519.8249999999999,8.704649240763043,13.484085481046819
519.8499999999999,8.95274230584692,13.676624997929899
519.8749999999999,8.95274230584692,13.356933626849742
519.8999999999999,12.797988787743634,9.279049613911297
519.925,12.797988787743634,8.837137365899304
519.9499999999999,13.77473220561084,8.78341253161457
519.9749999999999,13.77473220561084,10.5614527860609
519.9999999999999,10.80320844319001,9.796925266064637
520.0249999999999,10.80320844319001,7.3410518960515345
520.05,7.732243914213105,9.885219804562883
520.0749999999999,7.732243914213105,7.956015350370059
520.0999999999999,7.576414844050444,7.129691648922462
520.1249999999999,7.576414844050444,7.438314999502513
520.1499999999999,5.332932820897972,6.252761325848499
520.175,5.332932820897972,5.697536751714077
520.1999999999999,7.74404430592664,6.124429097692744
520.2249999999999,7.74404430592664,8.950246663121053
520.2499999999999,5.64647595411811,8.25375468004609
520.2749999999999,5.64647595411811,8.44179582839776
520.3,7.289157081128839,8.76872135172935
520.3249999999999,7.289157081128839,5.765263638642469
520.3499999999999,10.578019438178895,7.478106770336556
520.3749999999999,10.578019438178895,8.637461081840254
520.3999999999999,14.002984692143135,10.085140596973412
520.425,14.002984692143135,11.974189588319856
520.4499999999999,15.32771470876547,10.747020915546246
520.4749999999999,15.32771470876547,13.708032481831921
520.4999999999999,15.653337598414884,13.363142162737818
520.5249999999999,15.653337598414884,16.271319285873695
520.55,16.021715855842544,18.64155923384257
520.5749999999999,16.021715855842544,16.453770777394382
520.5999999999999,15.894098694159233,17.002919966296165
520.6249999999999,15.894098694159233,14.496006051589024
520.6499999999999,19.796560740172545,12.67000259870709
520.675,19.796560740172545,16.30807466215452
520.6999999999999,16.291431973178348,15.06179637114857
520.7249999999999,16.291431973178348,15.126326378992484
520.7499999999999,17.616619335428442,19.116338038808294
520.7749999999999,17.616619335428442,17.809076618238475
520.8,14.262167623473722,17.3492573853931
520.8249999999999,14.262167623473722,17.11859091410828
520.8499999999999,13.221500540272272,13.432212631153597
520.8749999999999,13.221500540272272,10.122308643190099
520.8999999999999,12.87552828981738,12.649335721771992
520.925,12.87552828981738,12.572472815692365
520.9499999999999,10.758085354450754,12.966611061377463
520.9749999999999,10.758085354450754,12.293412102111878
520.9999999999999,12.164774190926169,12.90768737689213
521.0249999999999,12.164774190926169,12.01605613843648
521.05,14.542224112702636,9.02842034542683
521.0749999999999,14.542224112702636,11.5024750496836
521.0999999999999,15.71968167341566,8.480238716342237
521.1249999999999,15.71968167341566,8.56373601988838
521.1499999999999,15.2697097386626,11.481936749451219
521.175,15.2697097386626,12.13746352920946
521.1999999999999,14.691184224120931,13.16673263467382
521.2249999999999,14.691184224120931,12.01312684823454
521.2499999999999,17.405708740823194,10.887864150204518
521.2749999999999,17.405708740823194,11.274493323710175
521.3,18.10354747021738,17.703085936496997
521.3249999999999,18.10354747021738,20.004991615495577
521.3499999999999,14.656645556409176,20.994257762591964
521.3749999999999,14.656645556409176,20.898307244188302
521.3999999999999,12.115950754386873,14.383324272032919
521.425,12.115950754386873,13.178903352112968
521.4499999999999,8.7679191241351,12.476647667690983
521.4749999999999,8.7679191241351,12.054358570988821
521.4999999999999,7.605499769539482,11.996358597312206
521.5249999999999,7.605499769539482,10.630723250041132
521.55,6.458643378243405,9.269570601741115
521.5749999999999,6.458643378243405,7.150447507192215
521.5999999999999,7.456269837478276,7.666660726569168
521.6249999999999,7.456269837478276,7.451301641013786
521.6499999999999,6.797558834480864,9.08508639046493
521.675,6.797558834480864,7.768702504408713
521.6999999999999,8.089095475104742,6.08753687688958
521.7249999999999,8.089095475104742,6.730428150898701
521.7499999999999,8.111453109104223,5.111239772715871
521.7749999999999,8.111453109104223,6.0755129998687405
521.8,9.996309456114806,7.103044911246879
521.8249999999999,9.996309456114806,11.458188923289283
521.8499999999999,7.959038326618249,12.058115443067706
521.8749999999999,7.959038326618249,11.188247271547356
521.8999999999999,8.49257978524683,10.659939023343128
521.925,8.49257978524683,7.187049566608616
521.9499999999999,12.184702482595512,5.78212974489775
521.9749999999999,12.184702482595512,8.422475871198065
521.9999999999999,11.647135138414338,8.24479365830993
522.0249999999999,11.647135138414338,7.93456170065269
522.05,8.278442368053677,10.593279060832028
522.0749999999999,8.278442368053677,11.211820940793888
522.0999999999999,10.933565729236326,12.684966143617007
522.1249999999999,10.933565729236326,14.284924654313418
522.1499999999999,13.736693620600493,11.156088006329787
522.175,13.736693620600493,9.63060189126475
522.1999999999999,14.605716195702389,11.75119321965131
522.2249999999999,14.605716195702389,12.398107199162295
522.2499999999999,15.82437261951385,15.604949941966405
522.2749999999999,15.82437261951385,16.98613843986466
522.3,17.435435044049708,14.26238865845093
522.3249999999999,17.435435044049708,15.34346046057471
522.3499999999999,15.143146944482336,13.522276318046664
522.3749999999999,15.143146944482336,12.65517942752432
522.3999999999999,16.231126762669398,17.93658152403649
522.425,16.231126762669398,15.353379784340024
522.4499999999999,11.578884375813686,19.426390664831153
522.4749999999999,11.578884375813686,18.348546967206985
522.4999999999999,12.959731091264192,13.419167902715618
522.5249999999999,12.959731091264192,13.735400514396328
522.55,11.736766276158717,10.217879011184818
522.5749999999999,11.736766276158717,10.789436153691792
522.5999999999999,15.18217614046328,10.652130242749763
522.6249999999999,15.18217614046328,10.636822425140652
522.6499999999999,17.4319314714689,12.420756752208726
522.675,17.4319314714689,14.279352248787575
522.6999999999999,15.58064201650524,15.3047577298017
522.7249999999999,15.58064201650524,16.33585412971057
522.7499999999999,11.561146430084465,17.601260071407964
522.7749999999999,11.561146430084465,15.638844944783642
522.8,9.129415325221036,13.437219944485404
522.8249999999999,9.129415325221036,12.123980785738693
522.8499999999999,7.074487369879095,8.729333138669546
522.8749999999999,7.074487369879095,8.504037908593356
522.8999999999999,10.646738871386088,9.081934925166452
522.925,10.646738871386088,11.320700569027663
522.9499999999999,11.77624062272207,13.038568772276914
522.9749999999999,11.77624062272207,13.55563594741037
522.9999999999999,12.493340828006865,16.77969142301938
523.0249999999999,12.493340828006865,15.852018040195354
523.05,11.802591762063608,16.460771094150868
523.0749999999999,11.802591762063608,14.963051226436445
523.0999999999999,8.620716344597154,14.081210378417376
523.1249999999999,8.620716344597154,12.714620720268584
523.1499999999999,6.413004044692989,11.099960592911131
523.175,6.413004044692989,11.931829276108038
523.1999999999999,6.069169120671216,7.9292717199449445
523.2249999999999,6.069169120671216,6.711291422720901
523.2499999999999,5.35111512491335,4.425438678500712
523.2749999999999,5.35111512491335,4.659192462351356
523.3,7.275503194010253,6.951954671175447
523.3249999999999,7.275503194010253,6.880580583234211
523.3499999999999,9.192614284307252,6.936162621836274
523.3749999999999,9.192614284307252,7.097243670619134
523.3999999999999,10.642297455574871,5.833924663770433
523.425,10.642297455574871,8.611344194314697
523.4499999999999,10.18781041595688,10.243119611104595
523.4749999999999,10.18781041595688,11.741888017472691
523.4999999999999,9.60488496938627,11.015132404760942
523.5249999999999,9.60488496938627,7.337704197427619
523.55,13.556347754841324,6.522324713643654
523.5749999999999,13.556347754841324,5.320365919319961
523.5999999999999,15.855228328434752,8.740307422124825
523.6249999999999,15.855228328434752,12.44839037633603
523.6499999999999,14.48853329328598,13.809356509572702
523.675,14.48853329328598,13.785067336641582
523.6999999999999,14.230113816596278,13.529377106954339
523.7249999999999,14.230113816596278,11.29200214569418
523.7499999999999,10.750748170363496,11.677083954003905
523.7749999999999,10.750748170363496,10.777935021378394
523.8,11.711139639088248,8.419113300233247
523.8249999999999,11.711139639088248,7.7605713975076895
523.8499999999999,8.006479342355302,6.057796785772608
523.8749999999999,8.006479342355302,5.20255137826487
523.8999999999999,10.410161122814513,6.88970085929
523.925,10.410161122814513,8.105112189685588
523.9499999999999,11.73965207712587,7.932488970657305
523.9749999999999,11.73965207712587,10.242656798100363
523.9999999999999,10.447994989520046,10.608359143126485
524.0249999999999,10.447994989520046,9.435466353967316
524.05,10.513284883573755,12.84888962234305
524.0749999999999,10.513284883573755,11.831581889453968
524.0999999999999,12.107210657983376,11.921890356943953
524.1249999999999,12.107210657983376,11.909337137757248
524.1499999999999,10.798352590434972,10.768400593502003
524.175,10.798352590434972,11.23721522737031
524.1999999999999,14.09114901038146,9.74464011101625
524.2249999999999,14.09114901038146,12.165327083806192
524.2499999999999,16.75231319732716,11.96702311735382
524.2749999999999,16.75231319732716,12.32700019193592
524.3,16.13321314784792,15.332676355896268
524.3249999999999,16.13321314784792,15.754794681327418
524.3499999999999,17.99064827190364,15.784506843482033
524.3749999999999,17.99064827190364,15.353560119166165
524.3999999999999,15.78427923690147,13.982216432471542
524.425,15.78427923690147,14.868450685221653
524.4499999999999,18.564490598904094,14.69412534900107
524.4749999999999,18.564490598904094,14.224322130678438
524.4999999999999,17.51260140961114,15.53715098863583
524.5249999999999,17.51260140961114,11.198577505099976
524.55,11.684820615737609,10.47027284184983
524.5749999999999,11.684820615737609,11.410834597051325
524.5999999999999,13.950104359368684,10.516995184201711
524.6249999999999,13.950104359368684,10.260514093859795
524.6499999999999,15.639147633137444,10.49000568640973
524.675,15.639147633137444,11.318351896975244
524.6999999999999,15.930060662015531,11.945235783596646
524.7249999999999,15.930060662015531,15.442754158518122
524.7499999999999,14.42981431091146,16.64359881014619
524.7749999999999,14.42981431091146,15.128886633031838
524.8,14.901682458607732,15.765424619179065
524.8249999999999,14.901682458607732,15.729185991007103
524.8499999999999,17.31728180384527,14.353477962990084
524.8749999999999,17.31728180384527,15.288715064347166
524.8999999999999,19.076329359331904,16.34456255736215
524.925,19.076329359331904,14.13484353503259
524.9499999999999,22.66167518409083,17.26948483274468
524.9749999999999,22.66167518409083,16.98919532866536
524.9999999999999,19.82069149039788,14.495093138134687
525.0249999999999,19.82069149039788,14.961348390696383
525.05,23.47455749573454,13.098922125252358
525.0749999999999,23.47455749573454,13.127856909177773
525.0999999999999,21.61764566409892,13.20766958397911
525.1249999999999,21.61764566409892,12.77236205838825
525.1499999999999,19.60885079964186,12.792871264024061
525.175,19.60885079964186,13.109177024616452
525.1999999999999,19.217790863524247,11.739466054621243
525.2249999999999,19.217790863524247,12.006235079097904
525.2499999999999,18.68956459198258,12.042121823358034
525.2749999999999,18.68956459198258,15.82095753635855
525.3,16.97421388982695,16.6247927768134
525.3249999999999,16.97421388982695,16.777430392300268
525.3499999999999,21.074718999091903,15.198095526242636
525.3749999999999,21.074718999091903,11.382884498694319
525.3999999999999,20.42058519045488,14.009350567950225
525.425,20.42058519045488,15.87275360370324
525.4499999999999,23.52162669037321,17.492201037758615
525.4749999999999,23.52162669037321,24.02977555757078
525.4999999999999,25.060380115147264,22.51435956704736
525.5249999999999,25.060380115147264,22.341286101628
525.55,24.26802098134969,23.733517675717366
525.5749999999999,24.26802098134969,23.867334612247245
525.5999999999999,22.71204584048309,24.705584316500417
525.6249999999999,22.71204584048309,25.441147382597407
525.6499999999999,24.089241681153336,26.723875996731955
525.675,24.089241681153336,22.18826246011643
525.6999999999999,24.88219779168179,19.610718460460227
525.7249999999999,24.88219779168179,19.44874549393318
525.7499999999999,22.13952217044759,18.766101875339196
525.7749999999999,22.13952217044759,15.108169914548203
525.8,22.20712164032558,14.932769439553685
525.8249999999999,22.20712164032558,12.583400108810022
525.8499999999999,25.070018939751566,9.758834563647202
525.8749999999999,25.070018939751566,12.508590278301103
525.8999999999999,26.16386303053672,12.976288716699504
525.925,26.16386303053672,15.098801837524315
525.9499999999999,24.076622308404065,17.408785023192763
525.9749999999999,24.076622308404065,16.199086762159084
525.9999999999999,27.20157052307517,16.15634430411734
526.0249999999999,27.20157052307517,20.3046905457227
526.05,23.234294911373198,18.669248622651104
526.0749999999999,23.234294911373198,19.13442650966487
526.0999999999999,23.845132627754445,20.500548170148516
526.1249999999999,23.845132627754445,16.629604783997998
526.1499999999999,22.127161370211176,15.313466692250794
526.175,22.127161370211176,13.922882400555935
526.1999999999999,18.733700595662462,13.096072095347202
526.2249999999999,18.733700595662462,13.677527049437408
526.2499999999999,23.58804907489435,20.917250606932235
526.2749999999999,23.58804907489435,22.115287040270896
526.3,23.661095657842758,22.169710210897026
526.3249999999999,23.661095657842758,21.252525636305283
526.3499999999999,24.876489056779743,14.847214702248898
526.3749999999999,24.876489056779743,16.10298420774586
526.3999999999999,23.49240713286604,17.7753558580234
526.425,23.49240713286604,17.897516630090074
526.4499999999999,20.808097015747137,18.801733391930807
526.4749999999999,20.808097015747137,18.088389617914196
526.4999999999999,22.76451485131148,18.78480722108688
526.5249999999999,22.76451485131148,19.35000839359732
526.55,19.657872279868805,21.735843672247892
526.5749999999999,19.657872279868805,20.43430493016863
526.5999999999999,21.72979471387526,16.62352502474844
526.6249999999999,21.72979471387526,15.179277576019407
526.6499999999999,16.527406427010924,13.97679573429299
526.675,16.527406427010924,14.881834011943372
526.6999999999999,13.099987407308944,15.64425143216853
526.7249999999999,13.099987407308944,17.13861278105353
526.7499999999999,12.063231963807288,17.97605250035142
526.7749999999999,12.063231963807288,17.166952145489383
526.8,6.646923365108861,18.275717841102313
526.8249999999999,6.646923365108861,15.695560772086871
526.8499999999999,8.162025247003589,11.197861249580663
526.8749999999999,8.162025247003589,9.252688565267968
526.8999999999999,8.259081215589887,8.788034578071175
526.925,8.259081215589887,6.7789367543409575
526.9499999999999,11.637303268372335,8.146302801764865
526.9749999999999,11.637303268372335,9.539929201238918
526.9999999999999,16.94707887765298,6.560151388714205
527.0249999999999,16.94707887765298,10.607466895159286
527.05,12.480522417993823,9.925908502175524
527.0749999999999,12.480522417993823,10.231997555500698
527.0999999999999,10.2191730330825,11.470521579089663
527.1249999999999,10.2191730330825,8.840300511784175
527.1499999999999,5.428008731201954,7.188324628840724
527.175,5.428008731201954,7.533806259706085
527.1999999999999,4.125285577883559,6.58784534315314
527.2249999999999,4.125285577883559,6.319132566490656
527.2499999999999,4.353523247812771,6.949306932112278
527.2749999999999,4.353523247812771,7.402821580145097
527.3,6.3152729216955885,7.102895774128035
527.3249999999999,6.3152729216955885,6.642647693087665
527.3499999999999,8.436315052238538,8.553541051178863
527.3749999999999,8.436315052238538,6.6992320746174014
527.3999999999999,7.842075941173049,7.8953064481862585
527.425,7.842075941173049,8.473128654710866
527.4499999999999,8.350523264275678,7.4883929621139185
527.4749999999999,8.350523264275678,7.778050667224267
527.4999999999999,9.35984753424387,7.395343691372505
527.5249999999999,9.35984753424387,6.858214047464611
527.55,6.470338466442898,7.722443487773948
527.5749999999999,6.470338466442898,6.099234201555333
527.5999999999999,7.1389484253253,8.153732526081505
527.6249999999999,7.1389484253253,9.734732343966224
527.6499999999999,5.208581136647022,9.164550568960552
527.675,5.208581136647022,10.362376925587396
527.6999999999999,9.417687220080596,7.975777424175936
527.7249999999999,9.417687220080596,7.845354055984172
527.7499999999999,8.604996429361961,8.022444844190373
527.7749999999999,8.604996429361961,8.77031689923536
527.8,7.13380688907219,11.43936028834266
527.8249999999999,7.13380688907219,8.808414931367977
527.8499999999999,7.829494958908526,6.6653933945538695
527.8749999999999,7.829494958908526,6.525390053191867
527.8999999999999,5.9876027449337785,6.377362597527502
527.925,5.9876027449337785,8.271021800883275
527.9499999999999,6.42174440352008,10.675542061959487
527.9749999999999,6.42174440352008,10.075301126441694
527.9999999999999,4.722786009346837,9.965608831417308
528.0249999999999,4.722786009346837,8.782229770080676
528.05,2.3370700960565096,6.657509208446811
528.0749999999999,2.3370700960565096,5.670267183074405
528.0999999999999,1.8100155546929348,3.5641212582949873
528.1249999999999,1.8100155546929348,3.927992742370966
528.1499999999999,3.827026799427325,5.168391661285965
528.175,3.827026799427325,5.792646598783665
528.1999999999999,4.378047811984476,6.575227962182557
528.2249999999999,4.378047811984476,6.867400160834689
528.2499999999999,2.765606012549102,5.96168461114475
528.2749999999999,2.765606012549102,6.38653214470048
528.3,2.599278434485495,4.874024095444564
528.3249999999999,2.599278434485495,4.597981479566191
528.3499999999999,2.963783086338964,6.332810171594697
528.3749999999999,2.963783086338964,6.076002049223519
528.3999999999999,5.895537930412984,6.927103537866904
528.425,5.895537930412984,9.579129754507598
528.4499999999999,4.547591068355909,9.312754471331418
528.4749999999999,4.547591068355909,9.535345893415535
528.4999999999999,4.893871492906615,9.675443053678395
528.5249999999999,4.893871492906615,7.331471121845396
528.55,4.561139326011051,7.46859137701063
528.5749999999999,4.561139326011051,6.577781417372158
528.5999999999999,4.6645545474178665,6.403719564830883
528.6249999999999,4.6645545474178665,6.529831287045221
528.6499999999999,4.804067279070652,5.662284125008014
528.675,4.804067279070652,5.887143291000395
528.6999999999999,4.804408609005017,5.985211950974544
528.7249999999999,4.804408609005017,5.161273100417665
528.7499999999999,4.926580089056563,4.525324655228998
528.7749999999999,4.926580089056563,4.544306600404491
528.8,7.61657652197331,5.540605353917744
528.8249999999999,7.61657652197331,6.389102628541389
528.8499999999999,9.494569339638172,5.711961035923683
528.8749999999999,9.494569339638172,5.79282176819987
528.8999999999999,8.735964245225674,5.456071508227668
528.925,8.735964245225674,4.627732851728362
528.9499999999999,8.216408967350192,8.392647743864984
528.9749999999999,8.216408967350192,9.20109064083056
528.9999999999999,7.021163502916125,9.443092706915184
529.0249999999999,7.021163502916125,9.919464937844365
529.05,5.836692715330818,7.756039956868431
529.0749999999999,5.836692715330818,7.499502182584934
529.0999999999999,8.839775454439033,7.417090459265131
529.1249999999999,8.839775454439033,7.469032623974862
529.1499999999999,9.611108018626526,6.57627765294953
529.175,9.611108018626526,6.563432970858182
529.1999999999999,11.592712807043656,6.709024669365753
529.2249999999999,11.592712807043656,9.586001476252918
529.2499999999999,9.05798370088453,10.91199798058019
529.2749999999999,9.05798370088453,10.887324289056288
529.3,10.113364756190458,9.608170011649799
529.3249999999999,10.113364756190458,10.130082452344588
529.3499999999999,11.05657686481712,9.763504529156096
529.3749999999999,11.05657686481712,10.316778121685056
529.3999999999999,9.577166868584522,12.290124217702651
529.425,9.577166868584522,9.658617784685793
529.4499999999999,8.728677161880405,10.189731999626613
529.4749999999999,8.728677161880405,9.673261653389337
529.4999999999999,9.634818453578964,9.100819519088313
529.5249999999999,9.634818453578964,10.973908112989669
529.55,9.48750627834861,12.513027736591091
529.5749999999999,9.48750627834861,13.113407331169896
529.5999999999999,9.767235026645675,13.363148689287193
529.6249999999999,9.767235026645675,11.163238799633742
529.6499999999999,10.463762978577972,9.019499528817631
529.675,10.463762978577972,8.771689017394602
529.6999999999999,8.596534571589089,9.042294781307863
529.7249999999999,8.596534571589089,12.75261915414184
529.7499999999999,8.080123889095942,11.358414701549618
529.7749999999999,8.080123889095942,10.694609685598003
529.8,10.059636795276182,10.461004164205498
529.8249999999999,10.059636795276182,7.24991759216597
529.8499999999999,11.327476079995405,7.861678444201548
529.8749999999999,11.327476079995405,12.822055887129864
529.8999999999999,12.184867799896711,11.732953736820079
529.925,12.184867799896711,12.009833608942987
529.9499999999999,10.433335663482117,11.782590517513196
529.9749999999999,10.433335663482117,7.391186352612587
529.9999999999999,9.092321340052726,8.167200509422909
530.0249999999999,9.092321340052726,6.810284652092033
530.05,11.78684715447248,7.999879940938247
530.0749999999999,11.78684715447248,11.703279558130252
530.0999999999999,12.265804405164294,11.845188409530277
530.1249999999999,12.265804405164294,13.724452384572613
530.1499999999999,11.36618298447207,12.97238792420061
530.175,11.36618298447207,9.077558315262023
530.1999999999999,11.002831088829652,8.055619389511397
530.2249999999999,11.002831088829652,10.1420835877604
530.2499999999999,10.263178001519409,10.629014501525104
530.2749999999999,10.263178001519409,10.8784235410721
530.3,12.374933874353456,10.16507640194687
530.3249999999999,12.374933874353456,8.724681578454248
530.3499999999999,6.436834718227771,9.63068912049965
530.3749999999999,6.436834718227771,9.17288714567275
530.3999999999999,8.423416406991215,9.227623658027376
530.425,8.423416406991215,6.699965916536198
530.4499999999999,8.170404087231898,6.508783342617774
530.4749999999999,8.170404087231898,5.6196304507568975
530.4999999999999,9.488662036248709,5.91420517918011
530.5249999999999,9.488662036248709,6.19555928873195
530.55,8.809695785817016,5.553132951599236
530.5749999999999,8.809695785817016,7.4099280636572695
530.5999999999999,10.688763000209322,7.317118041784227
530.6249999999999,10.688763000209322,7.49721092461505
530.6499999999999,11.486078769252885,10.187855535383985
530.675,11.486078769252885,10.537650960288989
530.6999999999999,13.817762513708844,14.065580716474637
530.7249999999999,13.817762513708844,15.129216882776834
530.7499999999999,16.36997843391279,11.52673736057876
530.7749999999999,16.36997843391279,13.633231693673375
530.8,12.50445762905556,14.327535549887042
530.8249999999999,12.50445762905556,13.180723598167303
530.8499999999999,13.301513310320423,16.268329553698653
530.8749999999999,13.301513310320423,13.127239473508604
530.8999999999999,12.298842769035293,10.36047059798806
530.925,12.298842769035293,11.263912258247247
530.9499999999999,12.73877328468246,11.37281757677638
530.9749999999999,12.73877328468246,15.676724057462188
530.9999999999999,12.52785321382697,19.210682190600245
531.0249999999999,12.52785321382697,20.44626034478989
531.05,12.158464972224444,19.95657944348411
531.0749999999999,12.158464972224444,15.882008106986007
531.0999999999999,12.651004286553944,11.613458405485218
531.1249999999999,12.651004286553944,11.946140616652116
531.1499999999999,13.07982756159554,11.72413697791719
531.175,13.07982756159554,12.68259017135557
531.1999999999999,11.233577069980932,15.008093465093518
531.2249999999999,11.233577069980932,13.844646669985414
531.2499999999999,9.835782040638431,13.470864671471823
531.2749999999999,9.835782040638431,13.738815422621949
531.3,9.986274620247046,11.707393964948878
531.3249999999999,9.986274620247046,13.06549696412621
531.3499999999999,9.935783354574662,12.172903512316163
531.3749999999999,9.935783354574662,10.413506908446355
531.3999999999999,9.754790740882363,11.28559853370505
531.425,9.754790740882363,12.954151973135694
531.4499999999999,13.098052819736091,12.578704272461561
531.4749999999999,13.098052819736091,14.756722332662042
531.4999999999999,15.560515262773398,13.33340797219523
531.5249999999999,15.560515262773398,12.739077751709633
531.55,16.144935075985263,12.304111277161322
531.5749999999999,16.144935075985263,13.321554384686882
531.5999999999999,17.946377972085937,15.120707782650722
531.6249999999999,17.946377972085937,15.330910184849202
531.6499999999999,18.485872146632136,16.162090008810182
531.675,18.485872146632136,14.620387009832191
531.6999999999999,12.62889064803846,15.335148546719042
531.7249999999999,12.62889064803846,13.396447022217318
531.7499999999999,9.417694755189896,15.660042471561338
531.7749999999999,9.417694755189896,13.922665703018772
531.8,8.18685936939382,12.285270492621375
531.8249999999999,8.18685936939382,9.609073766290486
531.8499999999999,8.32359469761528,8.525010604890504
531.8749999999999,8.32359469761528,7.834901884357377
531.8999999999999,8.530803092135242,8.88692167225325
531.925,8.530803092135242,9.925529698352499
531.9499999999999,4.8041720627290045,9.6015570734487
531.9749999999999,4.8041720627290045,11.093431881355952
531.9999999999999,4.274013054770033,7.899775876075547
532.0249999999999,4.274013054770033,8.70235102902697
532.05,4.12163248120318,6.546933193372338
532.0749999999999,4.12163248120318,6.866623195745976
532.0999999999999,4.493268465543945,8.883011132910214
532.1249999999999,4.493268465543945,7.419463577588136
532.1499999999999,3.7268275592427114,7.291233787671496
532.175,3.7268275592427114,5.845328863265037
532.1999999999999,2.796586050451811,6.092099422952904
532.2249999999999,2.796586050451811,6.9045980463997845
532.2499999999999,2.683995275223717,7.053226229986567
532.2749999999999,2.683995275223717,7.390583429530298
532.3,3.3489308771911896,5.151084367371103
532.3249999999999,3.3489308771911896,4.268275453245099
532.3499999999999,4.876289938367034,4.36386065444753
532.3749999999999,4.876289938367034,6.355031429372551
532.3999999999999,7.567095119205335,8.918577961961665
532.425,7.567095119205335,11.316352014952631
532.4499999999999,8.602813958849493,11.88340738325101
532.4749999999999,8.602813958849493,9.902033000456129
532.4999999999999,6.382698525067768,8.533196395657846
532.5249999999999,6.382698525067768,6.22381400668376
532.55,3.885319299639521,6.694569264611479
532.5749999999999,3.885319299639521,6.551709698556416
532.5999999999999,4.43183121917975,5.710059646880744
532.6249999999999,4.43183121917975,6.232078853232585
532.6499999999999,6.007335550045256,4.871491207533682
532.675,6.007335550045256,5.422684587721474
532.6999999999999,7.031930133985003,4.958470894289102
532.7249999999999,7.031930133985003,4.279183457303738
532.7499999999999,6.17875432209503,5.887856058099389
532.7749999999999,6.17875432209503,9.221116621944967
532.8,5.9176149015707376,8.888607234633886
532.8249999999999,5.9176149015707376,8.491104651265456
532.8499999999999,5.392128094302436,7.571289978262888
532.8749999999999,5.392128094302436,4.17274866579438
532.8999999999999,6.1747625696296495,5.077911025981569
532.925,6.1747625696296495,6.369519296789832
532.9499999999999,9.56171093977465,7.382696250390809
532.9749999999999,9.56171093977465,7.90818555936227
532.9999999999999,8.759416412354637,9.32069191146143
533.0249999999999,8.759416412354637,10.103131307218279
533.05,6.89622897081853,9.07714845903111
533.0749999999999,6.89622897081853,10.259071544510842
533.0999999999999,8.87199439173198,9.196673723877963
533.1249999999999,8.87199439173198,7.132126539490464
533.1499999999999,5.364908259734273,7.2158191016124436
533.175,5.364908259734273,5.891334320867129
533.1999999999999,5.32540939196903,5.949112614333736
533.2249999999999,5.32540939196903,5.322823523640249
533.2499999999999,6.534041181111183,5.036449791426701
533.2749999999999,6.534041181111183,4.40037255207381
533.3,6.603175147201322,4.7943131505666585
533.3249999999999,6.603175147201322,5.768634797460974
533.3499999999999,10.267347909529208,6.214875937758619
533.3749999999999,10.267347909529208,7.644247961990309
533.3999999999999,12.753314741942404,7.352476900892641
533.425,12.753314741942404,8.723658722087864
533.4499999999999,13.649644984596623,12.096568521460537
533.4749999999999,13.649644984596623,14.689688362564127
533.4999999999999,11.443075672505982,14.896458549099995
533.5249999999999,11.443075672505982,14.785773601683282
533.55,13.33354602060678,11.95805454247325
533.5749999999999,13.33354602060678,9.620549496175805
533.5999999999999,14.138816822802228,9.228813171502342
533.6249999999999,14.138816822802228,10.320653269477305
533.6499999999999,13.061769037829777,11.030171637309094
533.675,13.061769037829777,9.345246302745267
533.6999999999999,13.13164552244796,11.534692161101564
533.7249999999999,13.13164552244796,9.964287036679602
533.7499999999999,8.9691860584502,10.4500857770754
533.7749999999999,8.9691860584502,10.48051653462876
533.8,13.329521228319052,11.397595474375768
533.8249999999999,13.329521228319052,14.472350517849534
533.8499999999999,13.319156812163843,12.271587424630802
533.8749999999999,13.319156812163843,11.942633920179304
533.8999999999999,13.64551315700908,9.247312077015486
533.925,13.64551315700908,8.203381316882599
533.9499999999999,13.92129231308453,8.597858277350102
533.9749999999999,13.92129231308453,10.41396449375356
533.9999999999999,19.6929693718766,11.79004548888761
534.0249999999999,19.6929693718766,12.56942447104613
534.05,19.432781563571613,15.95338972054689
534.0749999999999,19.432781563571613,16.684021455378417
534.0999999999999,17.943959921464113,18.06329595551056
534.1249999999999,17.943959921464113,17.269173216363793
534.1499999999999,18.227262165670485,15.910373912324651
534.175,18.227262165670485,15.267247846666198
534.1999999999999,18.47925234679321,14.05341970392566
534.2249999999999,18.47925234679321,14.955059203275745
534.2499999999999,20.527793263904275,13.146580381666746
534.2749999999999,20.527793263904275,14.770260185858978
534.3,20.287504604326195,15.261920755982604
534.3249999999999,20.287504604326195,14.931040625247759
534.3499999999999,15.389976631709809,19.45449589560594
534.3749999999999,15.389976631709809,16.19135857681955
534.3999999999999,13.70844014926385,16.47154013992585
534.425,13.70844014926385,14.108378192582501
534.4499999999999,11.480276137964117,10.564903866182037
534.4749999999999,11.480276137964117,13.03139416390031
534.4999999999999,11.048984641478054,9.809005232489419
534.5249999999999,11.048984641478054,10.49776696166663
534.55,14.814274904152928,10.50143557936044
534.5749999999999,14.814274904152928,9.140492470275458
534.5999999999999,14.899833651566858,12.429133719937962
534.6249999999999,14.899833651566858,11.180929648815525
534.6499999999999,12.786449257997266,14.311470130023569
534.675,12.786449257997266,13.794523447096257
534.6999999999999,14.427177983450862,13.352989708040527
534.7249999999999,14.427177983450862,16.192147308850657
534.7499999999999,16.00848957738868,11.398509026080184
534.7749999999999,16.00848957738868,13.759221031450654
534.8,18.899768128551155,13.560861479032459
534.8249999999999,18.899768128551155,11.762675532540454
534.8499999999999,20.233475364373813,15.004197961639566
534.8749999999999,20.233475364373813,14.508945956780636
534.8999999999999,23.927340971626464,15.354318653161943
534.925,23.927340971626464,16.103220113939308
534.9499999999999,23.290420541918703,15.850801824614082
534.9749999999999,23.290420541918703,16.519387857407928
534.9999999999999,24.98335833190654,16.377509161420203
535.0249999999999,24.98335833190654,16.203750208821507
535.05,24.467136038513956,17.09850049920961
535.0749999999999,24.467136038513956,20.265359574811583
535.0999999999999,24.33982752835648,18.694128000672244
535.1249999999999,24.33982752835648,20.257398467736444
535.1499999999999,20.017829029340064,22.33352551998898
535.175,20.017829029340064,18.795041950871653
535.1999999999999,21.609607150389845,19.01068318277011
535.2249999999999,21.609607150389845,18.852530438240738
535.2499999999999,20.27895103009706,12.40694220496907
535.2749999999999,20.27895103009706,11.119390472652672
535.3,19.076822729807205,12.723446187387747
535.3249999999999,19.076822729807205,10.171104858386904
535.3499999999999,14.64145121836014,14.74319686219449
535.3749999999999,14.64145121836014,16.455005119134874
535.3999999999999,15.163124900795976,14.642692794850975
535.425,15.163124900795976,15.327392025751521
535.4499999999999,17.514164200528956,11.447082503990055
535.4749999999999,17.514164200528956,10.175516081938799
535.4999999999999,17.039203147371744,9.493877324859534
535.5249999999999,17.039203147371744,10.456550596376308
535.55,15.947023854178022,12.331985588638533
535.5749999999999,15.947023854178022,13.480747111603016
535.5999999999999,18.023432292507277,14.07820765295344
535.6249999999999,18.023432292507277,15.113657849145323
535.6499999999999,23.045671566333155,15.344459966736014
535.675,23.045671566333155,15.87784946725177
535.6999999999999,17.512843473388216,22.388140790130606
535.7249999999999,17.512843473388216,20.715583615843478
535.7499999999999,15.877636286645863,20.422522058469866
535.7749999999999,15.877636286645863,21.76191938862229
535.8,19.19217878040997,16.742369827696628
535.8249999999999,19.19217878040997,15.638148568083757
535.8499999999999,16.74445324201205,18.20480808444644
535.8749999999999,16.74445324201205,14.674264325411137
535.8999999999999,20.841437989131173,12.099548016645777
535.925,20.841437989131173,14.123130383379522
535.9499999999999,22.617220234921295,12.297518761575617
535.9749999999999,22.617220234921295,12.970609739905937
535.9999999999999,22.404993150792578,15.258756471040972
536.0249999999999,22.404993150792578,15.99971152685438
536.05,17.909680554359266,15.210270555819276
536.0749999999999,17.909680554359266,15.783443301703592
536.0999999999999,16.684565788817842,15.565547541728904
536.1249999999999,16.684565788817842,14.507586760181251
536.1499999999999,13.021012686767524,13.566558488161832
536.175,13.021012686767524,12.783046499611022
536.1999999999999,13.429878846891713,11.878937424640586
536.2249999999999,13.429878846891713,10.852268469528877
536.2499999999999,11.82881631142604,11.24266579168949
536.2749999999999,11.82881631142604,12.043924789157083
536.3,12.067001169315688,12.89715925556925
536.3249999999999,12.067001169315688,15.050936152343306
536.3499999999999,16.031571015053064,15.72569945178089
536.3749999999999,16.031571015053064,14.023663032595039
536.3999999999999,18.204870694973543,13.494320916375958
536.425,18.204870694973543,11.828646468680551
536.4499999999999,21.331159017936976,14.734407696692642
536.4749999999999,21.331159017936976,13.688981971394519
536.4999999999999,18.9458534846038,14.84384926277077
536.5249999999999,18.9458534846038,15.952486854861515
536.55,15.567765320576616,11.99995006920284
536.5749999999999,15.567765320576616,12.942848792283113
536.5999999999999,13.472818691551783,12.472568490698993
536.6249999999999,13.472818691551783,13.0136530753571
536.6499999999999,13.918191491717232,13.288325883051339
536.675,13.918191491717232,13.443067686727819
536.6999999999999,13.17640652851662,15.077904563456087
536.7249999999999,13.17640652851662,14.187376553348454
536.7499999999999,11.19361588794279,18.3667222034927
536.7749999999999,11.19361588794279,20.190126474388364
536.8,12.688980266024403,16.46838059836242
536.8249999999999,12.688980266024403,14.871126966493897
536.8499999999999,11.225381780524186,13.077774215101478
536.8749999999999,11.225381780524186,9.301071956780934
536.8999999999999,8.539134022891089,9.98887986684623
536.925,8.539134022891089,10.452384746453545
536.9499999999999,11.435236453453829,7.634038719660469
536.9749999999999,11.435236453453829,9.424872756559843
536.9999999999999,9.892450486443204,9.85648917043838
537.0249999999999,9.892450486443204,11.310146931855325
537.05,6.04988673580521,10.309425408391384
537.0749999999999,6.04988673580521,9.823426664195921
537.0999999999999,6.689744659304634,9.485769477916046
537.1249999999999,6.689744659304634,7.796146737575084
537.1499999999999,8.063620346459608,8.320447464625548
537.175,8.063620346459608,7.010273073416081
537.1999999999999,9.818389148576207,8.362086367435948
537.2249999999999,9.818389148576207,10.74174079373898
537.2499999999999,7.56652676643024,10.454675839445095
537.2749999999999,7.56652676643024,11.081378803462218
537.3,4.746979471114447,10.561646628992836
537.3249999999999,4.746979471114447,8.486439603178304
537.3499999999999,5.562334532422147,9.56294902305486
537.3749999999999,5.562334532422147,9.482411111859495
537.3999999999999,5.480006034570911,7.540208430794805
537.425,5.480006034570911,7.721763857391038
537.4499999999999,7.283955051606795,6.275637769166554
537.4749999999999,7.283955051606795,7.878482582484748
537.4999999999999,7.624790554744096,10.523047043954843
537.5249999999999,7.624790554744096,8.963521087225228
537.55,10.769245765544868,11.720734542474375
537.5749999999999,10.769245765544868,12.48147420126976
537.5999999999999,8.668797707651018,12.040102949411695
537.6249999999999,8.668797707651018,11.47153083608096
537.6499999999999,9.446242393561818,7.6348581102096285
537.675,9.446242393561818,5.327158798258561
537.6999999999999,7.302897270900765,3.7720983273758266
537.7249999999999,7.302897270900765,4.201473148476561
537.7499999999999,8.280619438393376,5.695652540291397
537.7749999999999,8.280619438393376,7.705063542804256
537.8,8.129383658818561,7.780050368913289
537.8249999999999,8.129383658818561,8.931782933956326
537.8499999999999,9.966219178351013,8.527356448877327
537.8749999999999,9.966219178351013,9.685067686008217
537.8999999999999,12.09648437679846,8.37910455723372
537.925,12.09648437679846,9.762184838856664
537.9499999999999,14.278410035921016,13.501003159798067
537.9749999999999,14.278410035921016,10.074965845493182
537.9999999999999,12.21043447631847,11.754637703592774
538.0249999999999,12.21043447631847,11.884934684870018
538.05,10.364409664108331,8.79691211533968
538.0749999999999,10.364409664108331,9.26214993447615
538.0999999999999,10.896582777474428,11.235659572852411
538.1249999999999,10.896582777474428,8.099355298352378
538.1499999999999,9.053942338296388,9.210057152387007
538.175,9.053942338296388,10.265462751679237
538.1999999999999,10.209132385552218,11.233665966111893
538.2249999999999,10.209132385552218,12.19995015630465
538.2499999999999,11.633351773488547,12.312437435346972
538.2749999999999,11.633351773488547,14.086157504401118
538.3,10.305872354577092,11.526278332422514
538.3249999999999,10.305872354577092,14.469660557009194
538.3499999999999,8.618350800156513,13.474450337022294
538.3749999999999,8.618350800156513,10.641701254048563
538.3999999999999,6.318403565395932,10.731755862724533
538.425,6.318403565395932,7.980574960970166
538.4499999999999,10.41188978102749,8.868678667033056
538.4749999999999,10.41188978102749,9.91151239237493
538.4999999999999,11.172863756054554,8.728328514249643
538.5249999999999,11.172863756054554,9.563086234652056
538.55,8.929142907013048,8.654438990561605
538.5749999999999,8.929142907013048,7.359043354292268
538.5999999999999,10.378629605180116,7.80847423951794
538.6249999999999,10.378629605180116,6.591250015253975
538.6499999999999,11.85612292344535,9.013548190961142
538.675,11.85612292344535,12.592674571350482
538.6999999999999,11.222705457542444,14.522861579085838
538.7249999999999,11.222705457542444,13.3886624649375
538.7499999999999,10.100110122096908,11.25595434476177
538.7749999999999,10.100110122096908,11.378660864653671
538.8,9.300476847618508,9.543357710257434
538.8249999999999,9.300476847618508,10.289276757489006
538.8499999999999,7.315901493275486,10.417676250221167
538.8749999999999,7.315901493275486,8.928025836546263
538.8999999999999,6.009253009952888,9.184698113360875
538.925,6.009253009952888,10.051784251816436
538.9499999999999,7.534902503593104,11.384415865476935
538.9749999999999,7.534902503593104,9.603607686358282
538.9999999999999,4.516746414000373,8.458924440004886
539.0249999999999,4.516746414000373,7.557200657939273
539.05,4.031766029268072,4.967775751546729
539.0749999999999,4.031766029268072,4.55334178861661
539.0999999999999,4.931307240277648,5.32230687303556
539.1249999999999,4.931307240277648,5.095715015525424
539.1499999999999,6.939832909575481,4.720580759118993
539.175,6.939832909575481,4.790583068344809
539.1999999999999,8.848208626019202,3.0997670911048782
539.2249999999999,8.848208626019202,5.19368928098532
539.2499999999999,7.144979726203484,5.569077515507334
539.2749999999999,7.144979726203484,5.900084618671197
539.3,7.745339106408047,7.8837403762885785
539.3249999999999,7.745339106408047,6.726995177801598
539.3499999999999,11.02633800730041,8.20396150127419
539.3749999999999,11.02633800730041,7.638547437155605
539.3999999999999,8.709005042818857,8.581053878997823
539.425,8.709005042818857,10.271429054792511
539.4499999999999,9.48223664263482,10.243949124393716
539.4749999999999,9.48223664263482,10.969115228322888
539.4999999999999,10.910366888590426,10.06464238260937
539.5249999999999,10.910366888590426,9.422407841363404
539.55,12.00043780439391,10.002220381877306
539.5749999999999,12.00043780439391,11.06513855589264
539.5999999999999,10.805350222641046,12.175539669838015
539.6249999999999,10.805350222641046,12.382115281287383
539.6499999999999,9.413238469115251,13.360384141912423
539.675,9.413238469115251,12.972457094909355
539.6999999999999,14.089042271150683,11.142056818792742
539.7249999999999,14.089042271150683,11.975931766300224
539.7499999999999,11.222075031608629,9.91149877757451
539.7749999999999,11.222075031608629,10.593907100792997
539.8,11.599540377878215,11.551361350238997
539.8249999999999,11.599540377878215,8.704561081250292
539.8499999999999,12.668208626714875,9.355946548986035
539.8749999999999,12.668208626714875,7.6088549721421
539.8999999999999,13.44018450058094,7.793365707790587
539.925,13.44018450058094,8.142771010206172
539.9499999999999,13.960796192175902,6.792149813273591
539.9749999999999,13.960796192175902,9.51435157798801
539.9999999999999,13.319011762928794,9.889747516834761
540.0249999999999,13.319011762928794,11.990624938191187
540.05,14.19089886324354,12.604962641333458
540.0749999999999,14.19089886324354,12.548435864401332
540.0999999999999,18.033055394719977,10.876148475970401
540.1249999999999,18.033055394719977,10.431835383740287
540.1499999999999,20.647476841246554,13.822746093979202
540.175,20.647476841246554,13.370248389529966
540.1999999999999,19.15235746409067,15.439746851134641
540.2249999999999,19.15235746409067,18.607638225900878
540.2499999999999,20.45289199156057,15.57181606074279
540.2749999999999,20.45289199156057,19.964504496828702
540.3,16.244125146712417,23.420295360916224
540.3249999999999,16.244125146712417,19.511051853291637
540.3499999999999,16.956778721911498,20.13948814302113
540.3749999999999,16.956778721911498,17.52387357457167
540.3999999999999,19.560037231494388,12.923061387929929
540.425,19.560037231494388,14.320930318286086
540.4499999999999,22.71058421905311,15.99898497879645
540.4749999999999,22.71058421905311,15.68042028268881
540.4999999999999,21.09552764399115,15.581868119885657
540.5249999999999,21.09552764399115,13.247414085410092
540.55,19.55344008933177,11.1260235605284
540.5749999999999,19.55344008933177,9.292541641320547
540.5999999999999,17.45145536577981,10.270036063202356
540.6249999999999,17.45145536577981,13.24804568133155
540.6499999999999,14.64048877515288,14.504923502367301
540.675,14.64048877515288,13.813341983236132
540.6999999999999,17.003282231677566,12.757840194752243
540.7249999999999,17.003282231677566,11.438286591274926
540.7499999999999,14.456469203292007,11.163128754514373
540.7749999999999,14.456469203292007,10.051085972602415
540.8,13.726106373752264,10.028912992572177
540.8249999999999,13.726106373752264,9.193027093038385
540.8499999999999,11.572012286059891,9.943181788042292
540.8749999999999,11.572012286059891,10.385655302455342
540.8999999999999,15.96825825304735,12.01693676701726
540.925,15.96825825304735,13.726767379406605
540.9499999999999,14.523250998590978,15.36970078633158
540.9749999999999,14.523250998590978,16.16456713479709
540.9999999999999,10.55164956449261,16.014115977944314
541.0249999999999,10.55164956449261,14.186908150268387
541.05,7.822115970151179,11.74945685757902
541.0749999999999,7.822115970151179,10.914257504208468
541.0999999999999,8.456454269209306,9.539668597367031
541.1249999999999,8.456454269209306,9.522924821421778
541.1499999999999,6.205228715118599,7.46724050144034
541.175,6.205228715118599,8.164030573528912
541.1999999999999,8.919800288987622,7.512576041722714
541.2249999999999,8.919800288987622,10.77629141340947
541.2499999999999,10.439432311740646,11.410792800601893
541.2749999999999,10.439432311740646,12.421895872166768
541.3,9.304887312365258,13.747012728652669
541.3249999999999,9.304887312365258,9.485371215869758
541.3499999999999,13.15120255090237,8.109536492766981
541.3749999999999,13.15120255090237,6.725748356630984
541.3999999999999,13.052097933178455,7.736142739405311
541.425,13.052097933178455,8.409817246307908
541.4499999999999,11.921323970742185,10.78480397408914
541.4749999999999,11.921323970742185,10.218815516521255
541.4999999999999,10.96587523057694,10.326242592579009
541.5249999999999,10.96587523057694,9.726141028074691
541.55,12.396766141332533,8.688526945750457
541.5749999999999,12.396766141332533,9.983238413211467
541.5999999999999,12.215029884401243,9.475361156154866
541.6249999999999,12.215029884401243,12.65550066065696
541.6499999999999,8.95186684822547,11.994115696866512
541.675,8.95186684822547,10.496574973824515
541.6999999999999,11.588564102083067,8.507187994414577
541.7249999999999,11.588564102083067,8.631401897753806
541.7499999999999,13.912384528372622,9.869377967152953
541.7749999999999,13.912384528372622,12.241387357163632
541.8,15.823618939578871,12.108688333743167
541.8249999999999,15.823618939578871,14.991161764742571
541.8499999999999,14.791178096654374,15.6160513701931
541.8749999999999,14.791178096654374,15.594112644232386
541.8999999999999,17.21418252272547,16.16577957730701
541.925,17.21418252272547,14.343767431727825
541.9499999999999,13.631675467473103,18.38071688375634
541.9749999999999,13.631675467473103,17.97504954424715
541.9999999999999,10.394807513135412,17.499767300981453
542.0249999999999,10.394807513135412,13.531215717697178
542.05,10.27087165459218,8.203390409536329
542.0749999999999,10.27087165459218,7.291391309751308
542.0999999999999,8.233818725062584,8.434894005885639
542.1249999999999,8.233818725062584,9.444717504947073
542.1499999999999,10.03070211278821,12.180641398880065
542.175,10.03070211278821,13.515611767114674
542.1999999999999,12.157817318822996,14.023144212584842
542.2249999999999,12.157817318822996,14.5349280829818
542.2499999999999,13.87466869735822,13.382929493549067
542.2749999999999,13.87466869735822,15.609410698124444
542.3,15.063044602244874,16.521281092465177
542.3249999999999,15.063044602244874,17.164776815793076
542.3499999999999,11.31062389278218,16.825488056118292
542.3749999999999,11.31062389278218,13.881045020031436
542.3999999999999,7.627178059894933,13.554040883026117
542.425,7.627178059894933,11.538770063677086
542.4499999999999,7.438116246928796,9.920580910829505
542.4749999999999,7.438116246928796,9.1477967926806
542.4999999999999,8.39211630615534,8.285319705591327
542.5249999999999,8.39211630615534,9.760105726143587
542.55,12.07125134044176,11.763065519352654
542.5749999999999,12.07125134044176,15.02534740358699
542.5999999999999,11.81979231188699,18.084133683845465
542.6249999999999,11.81979231188699,17.98215574338235
542.6499999999999,12.883381288254768,17.154618249396812
542.675,12.883381288254768,14.94675164141191
542.6999999999999,13.02052022893252,11.843101351467546
542.7249999999999,13.02052022893252,11.809271345829183
542.7499999999999,10.789122204416069,14.19496369250825
542.7749999999999,10.789122204416069,15.127474042680213
542.8,10.545113199377372,15.723207873861178
542.8249999999999,10.545113199377372,17.490192308530517
542.8499999999999,13.506639697273451,15.685367521657948
542.8749999999999,13.506639697273451,13.759181206355528
542.8999999999999,11.051960233159091,15.501920094436267
542.925,11.051960233159091,14.205180774674583
542.9499999999999,11.918489551309928,13.53613347103528
542.9749999999999,11.918489551309928,14.128734181387234
542.9999999999999,12.349830264676156,11.4322745678407
543.0249999999999,12.349830264676156,11.039273135625681
543.05,12.955521765842544,9.99349793364712
543.0749999999999,12.955521765842544,9.887348641933412
543.0999999999999,10.022351646432178,13.240243451679937
543.1249999999999,10.022351646432178,12.978947866777812
543.1499999999999,7.830989998557133,12.763190543089141
543.175,7.830989998557133,12.61056050439866
543.1999999999999,8.274970346752342,10.174499135724755
543.2249999999999,8.274970346752342,9.458058545998808
543.2499999999999,7.740328218188168,11.295717417688241
543.2749999999999,7.740328218188168,10.480263512447708
543.3,10.298137217508886,11.038456097111503
543.3249999999999,10.298137217508886,10.666045272507874
543.3499999999999,10.22662641094976,8.487509720134074
543.3749999999999,10.22662641094976,9.093461508938208
543.3999999999999,9.992398841036298,7.578393920242035
543.425,9.992398841036298,9.298011507343123
543.4499999999999,9.828867818401354,12.042624147223714
543.4749999999999,9.828867818401354,11.975269596002684
543.4999999999999,11.118881413557734,11.30152823819348
543.5249999999999,11.118881413557734,11.889601041858379
543.55,13.204803562023365,11.042305117409803
543.5749999999999,13.204803562023365,11.663658895484701
543.5999999999999,11.30958577976635,12.497124147458168
543.6249999999999,11.30958577976635,11.512758905282537
543.6499999999999,11.625455463246174,9.895230854435773
543.675,11.625455463246174,9.012826278471533
543.6999999999999,13.103089836914016,9.69391833007317
543.7249999999999,13.103089836914016,11.943171923203609
543.7499999999999,10.095390520006656,11.314296483340746
543.7749999999999,10.095390520006656,13.724720884916874
543.8,8.360331719273928,11.883449758596365
543.8249999999999,8.360331719273928,11.662798047843996
543.8499999999999,7.154489895000444,13.309094760527529
543.8749999999999,7.154489895000444,10.179551638247265
543.8999999999999,5.7283261346003,11.199550668812083
543.925,5.7283261346003,7.398497556336508
543.9499999999999,7.457277373044965,7.917588251769313
543.9749999999999,7.457277373044965,8.846435496070326
543.9999999999999,6.2872401405641085,9.980980472712659
544.0249999999999,6.2872401405641085,10.46096870435732
544.05,6.6415627471957706,11.508937681384204
544.0749999999999,6.6415627471957706,10.07587246614301
544.0999999999999,5.752267058450765,10.97256843766307
544.1249999999999,5.752267058450765,10.622245820291258
544.1499999999999,3.236119322933341,8.343065085467057
544.175,3.236119322933341,8.421090124675603
544.1999999999999,5.320663713258738,6.22496266852393
544.2249999999999,5.320663713258738,7.217833658328882
544.2499999999999,8.901827580392725,6.831856702521052
544.2749999999999,8.901827580392725,8.015402938519347
544.3,9.553862351469204,8.074351393605234
544.3249999999999,9.553862351469204,7.200959542453947
544.3499999999999,6.9618599163051496,8.920875983684597
544.3749999999999,6.9618599163051496,8.229185667692672
544.3999999999999,9.185181001029978,8.188865151835211
544.425,9.185181001029978,8.421203765368327
544.4499999999999,7.595683383953933,7.880851212491992
544.4749999999999,7.595683383953933,7.9717638745554815
544.4999999999999,4.980797846261666,9.755571568930261
544.5249999999999,4.980797846261666,11.416032044574813
544.55,7.266674881380747,10.89700924367802
544.5749999999999,7.266674881380747,10.80627541828802
544.5999999999999,9.235256654192783,8.411151912102156
544.6249999999999,9.235256654192783,9.515185462113081
544.6499999999999,10.78903818295204,10.543480602942772
544.675,10.78903818295204,11.862773652695257
544.6999999999999,9.2330621242521,13.296837909282717
544.7249999999999,9.2330621242521,11.18722043222154
544.7499999999999,7.284319490726576,9.548689277500616
544.7749999999999,7.284319490726576,8.958000010736926
544.8,10.05175660894041,7.661451662710615
544.8249999999999,10.05175660894041,8.096585731799879
544.8499999999999,13.101544110775754,11.44162901123263
544.8749999999999,13.101544110775754,12.151620811620973
544.8999999999999,9.70450163364958,13.884789457938778
544.925,9.70450163364958,13.291294158277179
544.9499999999999,9.29677844486933,11.130106016511307
544.9749999999999,9.29677844486933,10.385268078632638
544.9999999999999,9.009687730566098,11.641486582245447
545.0249999999999,9.009687730566098,11.670265622731142
545.05,8.977074441454194,12.995680241257997
545.0749999999999,8.977074441454194,11.565179508697678
545.0999999999999,11.315216582742048,9.290129908362292
545.1249999999999,11.315216582742048,8.689804169896359
545.1499999999999,9.081231033454962,6.510596423931107
545.175,9.081231033454962,8.774334323681058
545.1999999999999,10.771990900916007,8.887335529307089
545.2249999999999,10.771990900916007,10.574319909636772
545.2499999999999,8.88439883330252,13.290184684038124
545.2749999999999,8.88439883330252,11.646229418893478
545.3,8.944662833112863,9.099531755519838
545.3249999999999,8.944662833112863,8.423093359383884
545.3499999999999,6.0490414143031845,6.629757943915545
545.3749999999999,6.0490414143031845,7.674165549649859
545.3999999999999,6.467142922161201,10.274523098293074
545.425,6.467142922161201,9.30955261429843
545.4499999999999,4.019756670851239,8.857736511647182
545.4749999999999,4.019756670851239,8.349332627569433
545.4999999999999,5.043460821048752,7.429437300634052
545.5249999999999,5.043460821048752,8.097333912942233
545.55,4.472812384867008,7.291529857238575
545.5749999999999,4.472812384867008,7.141919769645841
545.5999999999999,4.09570968071839,7.429169325073017
545.6249999999999,4.09570968071839,7.711698375192333
545.6499999999999,5.814363339311459,7.6478397574876595
545.675,5.814363339311459,8.385139149013487
545.6999999999999,6.35200282584709,8.756769340996938
545.7249999999999,6.35200282584709,6.4681287650807935
545.7499999999999,5.555534759967329,6.26288448283264
545.7749999999999,5.555534759967329,4.831574738946049
545.8,7.345328216707348,5.401310280039408
545.8249999999999,7.345328216707348,5.896724563731219
545.8499999999999,9.018082105121652,7.703023553556153
545.8749999999999,9.018082105121652,10.989647034523887
545.8999999999999,10.707226495861574,11.786736973585025
545.925,10.707226495861574,12.780268925569171
545.9499999999999,12.123430639514304,11.031715884386967
545.9749999999999,12.123430639514304,9.271041085844825
545.9999999999999,10.032808363117985,8.944342008396667
546.0249999999999,10.032808363117985,8.372703929088848
546.05,12.188549433707598,11.239647279784862
546.0749999999999,12.188549433707598,11.558128856451868
546.0999999999999,11.159289539162724,10.25640946230847
546.1249999999999,11.159289539162724,12.041783368240086
546.1499999999999,15.377049209391796,10.446877000583456
546.175,15.377049209391796,14.564020153157173
546.1999999999999,15.186003818195406,15.061645030054564
546.2249999999999,15.186003818195406,16.80911088555176
546.2499999999999,15.390720298346992,17.17789076750047
546.2749999999999,15.390720298346992,12.781583846409706
546.3,7.579112116769095,14.820563634741745
546.3249999999999,7.579112116769095,11.320478478981366
546.3499999999999,7.625259067491282,11.222274246042318
546.3749999999999,7.625259067491282,11.008811895778848
546.3999999999999,9.361903029825312,7.480437124312279
546.425,9.361903029825312,9.643462491981145
546.4499999999999,9.05089578493799,8.330872171103257
546.4749999999999,9.05089578493799,6.613478178753581
546.4999999999999,7.594009471349083,7.608459316999798
546.5249999999999,7.594009471349083,7.587434326513202
546.55,8.910435705022973,9.619420808131832
546.5749999999999,8.910435705022973,12.762021219888759
546.5999999999999,8.495563225229684,15.167194631789737
546.6249999999999,8.495563225229684,13.885923852191265
546.6499999999999,13.24079085491688,15.553676602021099
546.675,13.24079085491688,13.605631620646033
546.6999999999999,11.744098545286482,11.586504917761093
546.7249999999999,11.744098545286482,13.931259730948701
546.7499999999999,10.974155595438104,11.327879470452595
546.7749999999999,10.974155595438104,10.640164503231995
546.8,10.893124964599,13.078345962030383
546.8249999999999,10.893124964599,9.131724066186926
546.8499999999999,13.44670398380494,9.433428975705644
546.8749999999999,13.44670398380494,10.404189926498283
546.8999999999999,13.921189808537054,8.808515866097887
546.925,13.921189808537054,9.484200631230857
546.9499999999999,8.673465166883323,10.086889262954946
546.9749999999999,8.673465166883323,9.566303404119099
546.9999999999999,7.866500172529212,10.165296103743483
547.0249999999999,7.866500172529212,12.238870484041858
547.05,7.665175340661633,12.362586643635744
547.0749999999999,7.665175340661633,14.078429472128063
547.0999999999999,8.115063781582863,13.556241146902359
547.1249999999999,8.115063781582863,12.884211586126007
547.1499999999999,11.266747622350296,11.94468977235354
547.175,11.266747622350296,10.837839610563213
547.1999999999999,12.346443235376148,10.87393013643952
547.2249999999999,12.346443235376148,11.588465497975879
547.2499999999999,14.976908431553616,12.48245045665362
547.2749999999999,14.976908431553616,13.402203553911454
547.3,12.22772095586147,12.808231125765737
547.3249999999999,12.22772095586147,11.736922415147946
547.3499999999999,13.02350799534642,11.36648587603464
547.3749999999999,13.02350799534642,8.96479328291838
547.3999999999999,12.847184191469342,7.894646206434098
547.425,12.847184191469342,10.630931988745562
547.4499999999999,12.025979565061965,9.405660510614757
547.4749999999999,12.025979565061965,12.672648366004212
547.4999999999999,12.510532968485377,13.850128570888987
547.5249999999999,12.510532968485377,10.83627411955756
547.55,11.192590858252911,11.689344833955678
547.5749999999999,11.192590858252911,11.016755717209366
547.5999999999999,9.672672632479784,10.784662124079212
547.6249999999999,9.672672632479784,11.88224773838162
547.6499999999999,9.329972865912726,10.04385908759961
547.675,9.329972865912726,8.483072087678211
547.6999999999999,7.358463899669272,8.277043376036152
547.7249999999999,7.358463899669272,6.255629690207867
547.7499999999999,10.093934827619115,9.353561147991863
547.7749999999999,10.093934827619115,12.35093674642382
547.8,11.142146089499528,14.77271603612214
547.8249999999999,11.142146089499528,16.638436726056888
547.8499999999999,11.06119560234641,15.402031471000528
547.8749999999999,11.06119560234641,12.632681198718686
547.8999999999999,10.77185424123765,12.3552036498121
547.925,10.77185424123765,10.616668087382925
547.9499999999999,10.634634547866844,10.27301727333823
547.9749999999999,10.634634547866844,13.246945890696413
547.9999999999999,8.29327932774751,13.048907502959272
548.0249999999999,8.29327932774751,13.695983215025443
548.05,8.157447232915898,14.118906085439058
548.0749999999999,8.157447232915898,11.24673213620121
548.0999999999999,10.272140929845644,7.75480115658382
548.1249999999999,10.272140929845644,7.867047170639413
548.1499999999999,11.396691250876728,7.288321444476115
548.175,11.396691250876728,7.085753890777798
548.1999999999999,9.919747595822413,10.70520904825183
548.2249999999999,9.919747595822413,10.121963499815426
548.2499999999999,9.991566445126209,11.115740591268741
548.2749999999999,9.991566445126209,11.675762991468982
548.3,14.69130332112528,13.354402759378782
548.3249999999999,14.69130332112528,17.106799961109957
548.3499999999999,11.226216267451056,15.440736908454316
548.3749999999999,11.226216267451056,15.002660410515816
548.3999999999999,11.385728606151948,11.286557296850098
548.425,11.385728606151948,8.174821760456387
548.4499999999999,15.358983717958315,9.524232269568806
548.4749999999999,15.358983717958315,9.026592767315242
548.4999999999999,14.66998376939364,8.117141947393542
548.5249999999999,14.66998376939364,9.777393003594744
548.55,11.070472680611834,7.95835341820551
548.5749999999999,11.070472680611834,9.486933475946856
548.5999999999999,7.514099835253161,10.761286688777647
548.6249999999999,7.514099835253161,8.648279846150867
548.6499999999999,4.081793522840218,10.988657094734908
548.675,4.081793522840218,10.383080613763221
548.6999999999999,5.018519674693664,9.040542352885689
548.7249999999999,5.018519674693664,8.565467751584366
548.7499999999999,4.291712727631211,8.427340333014468
548.7749999999999,4.291712727631211,7.511092022815152
548.8,6.054566426549878,6.398735047663978
548.8249999999999,6.054566426549878,6.408604452389581
548.8499999999999,6.761379596941291,3.751632426350228
548.8749999999999,6.761379596941291,3.6054299621534582
548.8999999999999,9.893763571064571,6.247467664933975
548.925,9.893763571064571,8.269884250876759
548.9499999999999,8.269500589269253,10.079285240070961
548.9749999999999,8.269500589269253,10.905991137418178
548.9999999999999,9.831091941556563,10.051571035454502
549.0249999999999,9.831091941556563,8.746240976880417
549.05,8.912292109998827,9.507471501409627
549.0749999999999,8.912292109998827,7.856081494635902
549.0999999999999,7.003989020219088,7.367364796646115
549.1249999999999,7.003989020219088,7.173518251490545
549.1499999999999,10.672724261927115,5.342256050130288
549.175,10.672724261927115,9.844566770412182
549.1999999999999,10.822780008043477,11.298663958988167
549.2249999999999,10.822780008043477,10.853874428788469
549.2499999999999,11.81482370794094,14.174691095101064
549.2749999999999,11.81482370794094,10.023330205663433
549.3,9.720912069837215,9.395577704181331
549.3249999999999,9.720912069837215,10.869639534967595
549.3499999999999,7.4511663230938225,7.913547045591162
549.3749999999999,7.4511663230938225,8.989228831056565
549.3999999999999,6.712506151581765,9.548521636640276
549.425,6.712506151581765,9.247021633522394
549.4499999999999,7.749211009787932,9.813962510485466
549.4749999999999,7.749211009787932,9.298889003732688
549.4999999999999,7.099146655477833,9.393533727363463
549.5249999999999,7.099146655477833,10.450445809975314
549.55,10.17482098137218,9.145959531007437
549.5749999999999,10.17482098137218,10.590444245423713
549.5999999999999,14.162379965078452,8.003930079797437
549.6249999999999,14.162379965078452,7.812279871288973
549.6499999999999,18.070688648248755,11.991670835124227
549.675,18.070688648248755,12.117811595461843
549.6999999999999,15.035389318887203,14.038191449760408
549.7249999999999,15.035389318887203,13.080568106643677
549.7499999999999,14.369323614182983,9.42407628623114
549.7749999999999,14.369323614182983,10.655498366809978
549.8,9.92103780842856,10.83785568755036
549.8249999999999,9.92103780842856,9.539406261589026
549.8499999999999,9.464841720925804,12.105997432546403
549.8749999999999,9.464841720925804,9.49445314290817
549.8999999999999,8.740356255693412,9.526934645368982
549.925,8.740356255693412,10.5340080389174
549.9499999999999,11.075956463936976,9.251355620568905
549.9749999999999,11.075956463936976,9.250641958705872
549.9999999999999,12.35475749057371,10.134989546835781
550.0249999999999,12.35475749057371,9.33683916531474
550.05,10.04336652047941,11.365576224523153
550.0749999999999,10.04336652047941,12.499669812910245
550.0999999999999,11.693047742046542,10.272518985628496
550.1249999999999,11.693047742046542,10.884601889092194
550.1499999999999,11.823586076038024,8.287234637114043
550.175,11.823586076038024,7.8253930072252675
550.1999999999999,17.143163773814095,9.341599153287435
550.2249999999999,17.143163773814095,13.619738922537323
550.2499999999999,15.125916549224565,15.531417128542618
550.2749999999999,15.125916549224565,18.540490311203058
550.3,15.666994312468075,17.117915860178975
550.3249999999999,15.666994312468075,13.018080692167722
550.3499999999999,11.699578257591249,13.4891650309231
550.3749999999999,11.699578257591249,10.963505561194356
550.3999999999999,9.757333564314877,9.924585834263201
550.425,9.757333564314877,9.363548930297343
550.4499999999999,11.11980166028508,7.57514721911869
550.4749999999999,11.11980166028508,8.970346723075584
550.4999999999999,11.229078035859969,12.115861940031966
550.5249999999999,11.229078035859969,12.581179992519937
550.55,10.783812354591866,14.17499918470671
550.5749999999999,10.783812354591866,13.228648988126341
550.5999999999999,11.867669742558586,11.897554356296963
550.6249999999999,11.867669742558586,11.745129758304282
550.6499999999999,10.422760110486042,11.361690139201269
550.675,10.422760110486042,10.333757427628663
550.6999999999999,9.566001765590464,11.78127163615328
550.7249999999999,9.566001765590464,13.339836472198314
550.7499999999999,7.434035126294954,11.414980752232081
550.7749999999999,7.434035126294954,10.740591995442516
550.8,9.205780669659314,7.375120760002377
550.8249999999999,9.205780669659314,6.115768086342694
550.8499999999999,6.888642307902583,4.700859040953706
550.8749999999999,6.888642307902583,4.94346746633626
550.8999999999999,9.817820338738748,5.907814975904385
550.925,9.817820338738748,6.194358297268413
550.9499999999999,9.117012362486284,8.931557300132887
550.9749999999999,9.117012362486284,10.561550021856496
550.9999999999999,11.259036841759434,9.541233644358693
551.0249999999999,11.259036841759434,10.657535354358808
551.05,12.995863282172271,9.304156068163032
551.0749999999999,12.995863282172271,8.473690680514181
551.0999999999999,11.27443010227196,11.329936337165337
551.1249999999999,11.27443010227196,11.56236686485443
551.1499999999999,12.641895499339372,12.340432005427811
551.175,12.641895499339372,10.536303364796657
551.1999999999999,11.200353669571887,11.08195215954454
551.2249999999999,11.200353669571887,8.505463309507213
551.2499999999999,11.93830719063274,8.59102010533969
551.2749999999999,11.93830719063274,11.204141168361764
551.3,10.902151400130087,11.833142575959823
551.3249999999999,10.902151400130087,12.521283727265796
551.3499999999999,9.4197008300296,10.023048634626056
551.3749999999999,9.4197008300296,9.596588475268213
551.3999999999999,8.616597281814386,9.156986538445699
551.425,8.616597281814386,9.509197924689778
551.4499999999999,9.683192037152642,11.021358740326976
551.4749999999999,9.683192037152642,10.435929855441088
551.4999999999999,7.855367445484032,9.88897398824889
551.5249999999999,7.855367445484032,9.864107044360448
551.55,6.841815024860882,10.90346014914872
551.5749999999999,6.841815024860882,10.826810067545493
551.5999999999999,9.029580239999463,8.082630944880888
551.6249999999999,9.029580239999463,9.429803087315245
551.6499999999999,11.970141052026902,8.441522348889812
551.675,11.970141052026902,8.81945951520734
551.6999999999999,12.465293311594303,11.098291754555426
551.7249999999999,12.465293311594303,8.950562567051534
551.7499999999999,9.634949774929275,9.335869696466322
551.7749999999999,9.634949774929275,8.086347302008537
551.8,9.93810687865742,6.901429241918451
551.8249999999999,9.93810687865742,6.918611788430177
551.8499999999999,10.928105491506944,8.928041445914348
551.8749999999999,10.928105491506944,11.46609816138708
551.8999999999999,11.84565176415852,11.2317258431826
551.925,11.84565176415852,15.152491897270158
551.9499999999999,14.58925592476418,12.845270012949888
551.9749999999999,14.58925592476418,12.681851988284063
551.9999999999999,15.039364362544086,15.860571526884877
552.0249999999999,15.039364362544086,13.05521506610221
552.05,13.463747392574342,11.272398883626462
552.0749999999999,13.463747392574342,10.112689640454963
552.0999999999999,13.921700450648556,8.327275883309095
552.1249999999999,13.921700450648556,6.836571734117528
552.1499999999999,13.15571025433605,11.04588071376376
552.175,13.15571025433605,11.527915684244917
552.1999999999999,10.968583290240964,11.82271399569245
552.2249999999999,10.968583290240964,15.886116302790313
552.2499999999999,11.869647874680584,15.258215368340869
552.2749999999999,11.869647874680584,15.878912338784797
552.3,11.420837095832084,15.745267879724015
552.3249999999999,11.420837095832084,11.919677380920497
552.3499999999999,12.705728659195582,10.930250082257489
552.3749999999999,12.705728659195582,9.094633523663324
552.3999999999999,9.251098217831164,9.239927441149549
552.425,9.251098217831164,10.50550403994985
552.4499999999999,7.4105468296062496,10.478007545879532
552.4749999999999,7.4105468296062496,10.49876126633971
552.4999999999999,7.703221248318257,9.613711362053362
552.5249999999999,7.703221248318257,11.170933168649247
552.55,7.083282062746528,12.40386847971935
552.5749999999999,7.083282062746528,12.766607222725565
552.5999999999999,5.749440988080999,13.467349565374398
552.6249999999999,5.749440988080999,10.721133301446903
552.6499999999999,8.325388693274604,7.80071625578499
552.675,8.325388693274604,7.301390065157312
552.6999999999999,10.099741877774733,6.8555255126200025
552.7249999999999,10.099741877774733,8.472672600673638
552.7499999999999,11.387482328944587,9.028393411067116
552.7749999999999,11.387482328944587,13.90495197156402
552.8,9.533583918966794,12.948741184570476
552.8249999999999,9.533583918966794,11.127417347636236
552.8499999999999,8.227090724975278,12.539804033708315
552.8749999999999,8.227090724975278,7.431639935451437
552.8999999999999,7.574993995188654,6.627295610155244
552.925,7.574993995188654,9.246995594223884
552.9499999999999,13.605226073274752,6.891627558139341
552.9749999999999,13.605226073274752,9.581813252276106
552.9999999999999,18.304140347056183,11.614857721317488
553.0249999999999,18.304140347056183,11.391192820210296
553.05,18.235961744981932,15.699973336254912
553.0749999999999,18.235961744981932,13.013624931753387
553.0999999999999,20.48307918352348,12.952486825312135
553.1249999999999,20.48307918352348,12.35645223467774
553.1499999999999,16.986389597056423,9.81808022541287
553.175,16.986389597056423,12.573280715952759
553.1999999999999,15.14160234697547,10.914258397391857
553.2249999999999,15.14160234697547,10.685235177485728
553.2499999999999,14.519075994208915,8.73504158764247
553.2749999999999,14.519075994208915,8.77280479881282
553.3,14.470516291374713,11.978642017071397
553.3249999999999,14.470516291374713,10.54304679996286
553.3499999999999,14.968854672075144,11.502351532136302
553.3749999999999,14.968854672075144,10.842291182893774
553.3999999999999,11.134795700788542,9.175224816208281
553.425,11.134795700788542,12.019136982608384
553.4499999999999,13.293097353706647,11.565577404348923
553.4749999999999,13.293097353706647,11.870356854042972
553.4999999999999,15.788642672300922,11.256609439423457
553.5249999999999,15.788642672300922,11.405489341680752
553.55,15.006236620720353,13.96937713536779
553.5749999999999,15.006236620720353,16.537228629118967
553.5999999999999,13.48011073269192,17.224742026456347
553.6249999999999,13.48011073269192,15.958998709360081
553.6499999999999,13.51501911240508,17.20923780380738
553.675,13.51501911240508,12.134230057681798
553.6999999999999,9.88713835404454,12.558557606244502
553.7249999999999,9.88713835404454,12.28263180536415
553.7499999999999,10.11097264173359,9.354142692548653
553.7749999999999,10.11097264173359,9.956725485942636
553.8,13.819363041121733,8.211803537735017
553.8249999999999,13.819363041121733,7.6502788731776725
553.8499999999999,15.263463104238935,10.33588077141867
553.8749999999999,15.263463104238935,10.112917565347376
553.8999999999999,15.789799685346606,13.791577160726344
553.925,15.789799685346606,15.758316118435848
553.9499999999999,17.54057419358831,17.925874997826753
553.9749999999999,17.54057419358831,19.064174755820172
553.9999999999999,14.186663383841228,19.191240602502887
554.0249999999999,14.186663383841228,16.7439201950194
554.05,14.033845219715536,14.685425034074731
554.0749999999999,14.033845219715536,15.06430912250567
554.0999999999999,8.973890837851688,13.723050779538715
554.1249999999999,8.973890837851688,16.292791900221243
554.1499999999999,11.230136181024893,13.631762405487294
554.175,11.230136181024893,11.135553554969901
554.1999999999999,9.74122186141948,7.717534796098104
554.2249999999999,9.74122186141948,7.046232747504976
554.2499999999999,12.915149656741788,6.2553396753071775
554.2749999999999,12.915149656741788,6.6986816834999106
554.3,11.722835911576194,8.236509478305333
554.3249999999999,11.722835911576194,11.773893278838452
554.3499999999999,12.306572159113438,13.03903602664676
554.3749999999999,12.306572159113438,12.970389456549677
554.3999999999999,9.840350860490892,13.324373145653555
554.425,9.840350860490892,6.845319818017946
554.4499999999999,9.35157760112438,7.321633293307967
554.4749999999999,9.35157760112438,8.99538136376982
554.4999999999999,10.221272097602403,8.685841118408444
554.5249999999999,10.221272097602403,10.07060692269738
554.55,10.543262967426823,12.045256374360726
554.5749999999999,10.543262967426823,11.04992361867048
554.5999999999999,11.914296239365628,12.230458299760556
554.6249999999999,11.914296239365628,10.90039794696274
554.6499999999999,13.83999159517028,9.046006818701912
554.675,13.83999159517028,12.370102776070627
554.6999999999999,15.78710539238192,10.269071587075931
554.7249999999999,15.78710539238192,13.042723173186834
554.7499999999999,16.710528704222256,14.503141775994122
554.7749999999999,16.710528704222256,10.853567351943164
554.8,18.678804504421187,10.971532854276054
554.8249999999999,18.678804504421187,14.423069821695181
554.8499999999999,18.51261216371997,14.382230938835313
554.8749999999999,18.51261216371997,14.144889423845424
554.8999999999999,13.830392091625365,16.400971056545625
554.925,13.830392091625365,13.062489453234079
554.9499999999999,16.65997914600839,12.144394152044171
554.9749999999999,16.65997914600839,15.24581668242903
554.9999999999999,20.083730045047687,14.676213187833156
555.0249999999999,20.083730045047687,17.248470831608586
555.05,20.740933423002865,17.710122207525462
555.0749999999999,20.740933423002865,16.877478733609856
555.0999999999999,15.69699188257709,19.96441887777004
555.1249999999999,15.69699188257709,15.619430184510193
555.1499999999999,12.196221673127454,16.43062661988728
555.175,12.196221673127454,14.211807609414354
555.1999999999999,13.552780632556516,10.259399751126029
555.2249999999999,13.552780632556516,11.339476960980853
555.2499999999999,14.133496743255646,7.861993192730798
555.2749999999999,14.133496743255646,10.246904694157926
555.3,11.736310082510927,10.376042011809314
555.3249999999999,11.736310082510927,7.916145635577083
555.3499999999999,11.104375086873995,8.00368518552277
555.3749999999999,11.104375086873995,6.510986867547546
555.3999999999999,11.616631104088546,7.237322065364568
555.425,11.616631104088546,8.466847284932692
555.4499999999999,7.951737933493239,9.536078122573581
555.4749999999999,7.951737933493239,9.511698875578189
555.4999999999999,8.236580606665813,8.068028626194797
555.5249999999999,8.236580606665813,10.249369171382131
555.55,7.1608385994041095,8.544338738547626
555.5749999999999,7.1608385994041095,7.088162936294415
555.5999999999999,7.366544222154983,7.041106051669841
555.6249999999999,7.366544222154983,3.864724136724311
555.6499999999999,7.977067755678611,6.453645821562826
555.675,7.977067755678611,6.701079718937897
555.6999999999999,6.807667239365774,7.5126063717916995
555.7249999999999,6.807667239365774,8.649102626267624
555.7499999999999,8.061008004019529,8.30601256271703
555.7749999999999,8.061008004019529,9.779056807818062
555.8,4.291135458920568,10.75268914543641
555.8249999999999,4.291135458920568,9.529562885633428
555.8499999999999,4.854585226881185,7.2432475087175865
555.8749999999999,4.854585226881185,6.10870545306649
555.8999999999999,3.749275967284757,3.521285207003096
555.925,3.749275967284757,5.831806680767759
555.9499999999999,2.52102033429426,5.726380296221933
555.9749999999999,2.52102033429426,6.6013931177945295
555.9999999999999,1.9211629494557445,6.438391618969106
556.0249999999999,1.9211629494557445,4.928272798651887
556.05,1.657312045619557,5.572897463918499
556.0749999999999,1.657312045619557,4.308447053052157
556.0999999999999,2.0298530766142995,4.585707856584422
556.1249999999999,2.0298530766142995,3.736245972452272
556.1499999999999,2.665325123591851,3.5471938253525916
556.175,2.665325123591851,6.5850248217032545
556.1999999999999,5.8324786361733,6.686506799567857
556.2249999999999,5.8324786361733,9.717454546603296
556.2499999999999,4.929908459367951,11.278988944447876
556.2749999999999,4.929908459367951,8.234724105971742
556.3,4.279363994741473,9.581825408153332
556.3249999999999,4.279363994741473,7.808794955374967
556.3499999999999,4.146402191914541,6.018983303243013
556.3749999999999,4.146402191914541,7.16893370364744
556.3999999999999,2.844648990708553,6.246524066332629
556.425,2.844648990708553,5.527613538712285
556.4499999999999,2.357782094639926,5.857382347847499
556.4749999999999,2.357782094639926,4.727864081496044
556.4999999999999,3.314884206781604,5.234977921169888
556.5249999999999,3.314884206781604,5.6585113853207645
556.55,4.746690661231647,5.213543237682968
556.5749999999999,4.746690661231647,7.914527020798242
556.5999999999999,6.961161761605038,7.799156290018003
556.6249999999999,6.961161761605038,9.208979371853365
556.6499999999999,6.432346002333843,10.076536142004162
556.675,6.432346002333843,8.309490434238226
556.6999999999999,9.057622097281042,9.374618139115684
556.7249999999999,9.057622097281042,7.172815276440815
556.7499999999999,12.601336546919706,7.069177418248993
556.7749999999999,12.601336546919706,8.868230500781724
556.8,15.149673799874517,7.077672683334556
556.8249999999999,15.149673799874517,10.418725751449205
556.8499999999999,10.424053866947744,11.559025280875202
556.8749999999999,10.424053866947744,11.980459152721515
556.8999999999999,9.970369399518365,13.20634721906828
556.925,9.970369399518365,10.129516444706574
556.9499999999999,10.141738433313352,8.007602485672132
556.9749999999999,10.141738433313352,5.99734527443942
556.9999999999999,12.031351122062484,6.685391893530751
557.0249999999999,12.031351122062484,9.195853493510644
557.05,14.613180670091651,10.20878094794425
557.0749999999999,14.613180670091651,10.33765692664079
557.0999999999999,15.381384442525786,10.371093988292968
557.1249999999999,15.381384442525786,10.540281794239512
557.1499999999999,12.63307756374598,12.681121649963435
557.175,12.63307756374598,13.535841180020114
557.1999999999999,11.508684682660776,16.519068028098886
557.2249999999999,11.508684682660776,14.786125353274217
557.2499999999999,8.77282035517549,13.20220867549354
557.2749999999999,8.77282035517549,13.622568845540771
557.3,9.141395888751646,10.963219083626246
557.3249999999999,9.141395888751646,12.100509999173761
557.3499999999999,8.837533827582192,10.75745811895744
557.3749999999999,8.837533827582192,9.55643068561199
557.3999999999999,10.529973293953477,9.380423979328464
557.425,10.529973293953477,9.81409970881971
557.4499999999999,11.39982265228451,9.91573560274357
557.4749999999999,11.39982265228451,9.661068890967893
557.4999999999999,9.48684858858848,8.15588769373585
557.5249999999999,9.48684858858848,8.029086278740959
557.55,9.042786951166894,9.789300875865159
557.5749999999999,9.042786951166894,10.26829995340509
557.5999999999999,8.743485145642408,9.561640008182911
557.6249999999999,8.743485145642408,10.558727187613677
557.6499999999999,10.81019104777078,9.057989853873906
557.675,10.81019104777078,11.425346853653064
557.6999999999999,13.377308797755182,11.953129920228646
557.7249999999999,13.377308797755182,10.095923450820907
557.7499999999999,12.326995376848974,11.307700456268824
557.7749999999999,12.326995376848974,8.036712815105394
557.8,10.890762243277228,8.39068767636811
557.8249999999999,10.890762243277228,8.611625526009803
557.8499999999999,13.849139873783898,9.877381836864487
557.8749999999999,13.849139873783898,9.12697829606622
557.8999999999999,14.447718390557096,11.208612040766372
557.925,14.447718390557096,11.062753534194073
557.9499999999999,21.40086588164698,9.333147268195418
557.9749999999999,21.40086588164698,13.023676198958315
557.9999999999999,15.734589243322548,12.928943121440827
558.0249999999999,15.734589243322548,15.691880283385085
558.05,15.512380215741432,14.991630243329034
558.0749999999999,15.512380215741432,13.477011647346064
558.0999999999999,15.78531571751257,11.099852417290018
558.1249999999999,15.78531571751257,7.554655128466223
558.1499999999999,16.342698206633617,9.765158294637114
558.175,16.342698206633617,9.138059028237182
558.1999999999999,15.431747716562958,9.05095223358638
558.2249999999999,15.431747716562958,8.784318151860862
558.2499999999999,14.46487022194304,7.046108604167903
558.2749999999999,14.46487022194304,8.603040350709996
558.3,11.101465485269804,11.649496838542184
558.3249999999999,11.101465485269804,13.220930588505801
558.3499999999999,9.021163220102384,14.698510665328422
558.3749999999999,9.021163220102384,12.372869625288413
558.3999999999999,6.432017429536925,12.89468112205451
558.425,6.432017429536925,11.713784586513238
558.4499999999999,4.341422472000517,11.163760328422704
558.4749999999999,4.341422472000517,10.32401084174297
558.4999999999999,5.6950190596290255,6.797080378597463
558.5249999999999,5.6950190596290255,7.416676663602612
558.55,4.1613337196108535,5.982987089514226
558.5749999999999,4.1613337196108535,5.967222117521049
558.5999999999999,2.199707913068797,5.282796525549863
558.6249999999999,2.199707913068797,4.241264971211647
558.6499999999999,2.701013732268545,4.502352036702719
558.675,2.701013732268545,6.075216946244067
558.6999999999999,4.956873608010231,6.314913218574191
558.7249999999999,4.956873608010231,6.420255981069566
558.7499999999999,8.549411673211388,8.6302387116153
558.7749999999999,8.549411673211388,9.996958884721955
558.8,10.418184532743664,12.693532069303041
558.8249999999999,10.418184532743664,11.99460774042586
558.8499999999999,10.167107471496742,9.944659554232226
558.8749999999999,10.167107471496742,9.385945669263075
558.8999999999999,8.293561628630158,7.333163206604794
558.925,8.293561628630158,8.671068997842353
558.9499999999999,8.708961193289346,9.396553623218509
558.9749999999999,8.708961193289346,8.17395944055326
558.9999999999999,7.100900022164876,10.217118996160732
559.0249999999999,7.100900022164876,9.597023292912802
559.05,8.214647876996251,10.785640762055229
559.0749999999999,8.214647876996251,12.30124583321977
559.0999999999999,6.194005575465559,11.658924548888269
559.1249999999999,6.194005575465559,11.140002340271693
559.1499999999999,3.579895611918787,9.155608235640619
559.175,3.579895611918787,7.787189655958722
559.1999999999999,5.672588878536793,6.382738409935337
559.2249999999999,5.672588878536793,5.65805911106371
559.2499999999999,4.297044167927915,6.808834719713347
559.2749999999999,4.297044167927915,6.121384011705482
559.3,6.06818575493185,5.199899093704552
559.3249999999999,6.06818575493185,6.26431579302511
559.3499999999999,4.272901419478553,4.648223348654634
559.3749999999999,4.272901419478553,6.641460886661513
559.3999999999999,6.530966388054643,8.145116669903771
559.425,6.530966388054643,8.80094933690239
559.4499999999999,4.802439372049165,10.440707938353867
559.4749999999999,4.802439372049165,8.696626215925656
559.4999999999999,5.278770881173004,8.360685290597935
559.5249999999999,5.278770881173004,7.569797185903356
559.55,9.635248103403708,5.339496778979692
559.5749999999999,9.635248103403708,4.492850740240262
559.5999999999999,7.610477744894638,4.543013862632007
559.6249999999999,7.610477744894638,4.418635996050712
559.6499999999999,8.648603166204168,6.175042204121224
559.675,8.648603166204168,7.435640936540317
559.6999999999999,6.362746306494608,6.822147595790366
559.7249999999999,6.362746306494608,6.341909672907066
559.7499999999999,8.021071034514733,5.352320794231899
559.7749999999999,8.021071034514733,4.806672533644375
559.8,10.452633944473298,4.580560690129417
559.8249999999999,10.452633944473298,6.236974771284861
559.8499999999999,12.930334862911314,6.344191584240884
559.8749999999999,12.930334862911314,8.75152662910175
559.8999999999999,12.314971701615564,11.368235709469598
559.925,12.314971701615564,11.102844710432988
559.9499999999999,9.863569625837266,14.277356880925492
559.9749999999999,9.863569625837266,12.662118984780506
559.9999999999999,10.988245175424623,11.194530351126161
560.0249999999999,10.988245175424623,11.285844390240392
560.05,11.799606170092702,9.080320906486492
560.0749999999999,11.799606170092702,8.802448547197452
560.0999999999999,12.110970314998438,10.121161691215704
560.1249999999999,12.110970314998438,8.811002718209503
560.1499999999999,14.471535573748609,9.312771553457946
560.175,14.471535573748609,10.113934995371109
560.1999999999999,13.38132605587692,10.735971811953451
560.2249999999999,13.38132605587692,11.315017816256809
560.2499999999999,10.48738722318744,11.911344977740578
560.2749999999999,10.48738722318744,12.819537950257274
560.3,9.901811536547182,14.419645408143714
560.3249999999999,9.901811536547182,14.990511757541721
560.3499999999999,10.433016835699544,16.69188502213737
560.3749999999999,10.433016835699544,15.216869770861976
560.3999999999999,8.143865137251922,11.915134030314709
560.425,8.143865137251922,12.240830467885898
560.4499999999999,8.92162045640916,8.80522979235703
560.4749999999999,8.92162045640916,7.285392117961591
560.4999999999999,9.01803739197227,6.8363812476318895
560.5249999999999,9.01803739197227,5.927794874778117
560.55,8.629317681631195,5.693601408092138
560.5749999999999,8.629317681631195,5.310093863068166
560.5999999999999,9.15302323704394,6.554451497463001
560.6249999999999,9.15302323704394,6.50200019428282
560.6499999999999,9.200078374267894,7.227569094553629
560.675,9.200078374267894,8.90030506699153
560.6999999999999,6.234258662678662,6.85903812401935
560.7249999999999,6.234258662678662,6.6717893628855895
560.7499999999999,7.207234804478456,6.080320816345623
560.7749999999999,7.207234804478456,6.416845123498922
560.8,7.377372247573832,7.006193018827563
560.8249999999999,7.377372247573832,8.40645656897063
560.8499999999999,6.235476139753537,8.150222021140191
560.8749999999999,6.235476139753537,7.205171383722481
560.8999999999999,4.993371105599517,8.118526326522407
560.925,4.993371105599517,6.78891639404211
560.9499999999999,1.606972648807524,6.324800246175894
560.9749999999999,1.606972648807524,5.326963558691258
560.9999999999999,1.0357726005292525,3.352995178507479
561.0249999999999,1.0357726005292525,3.5493023066194436
561.05,2.941979837042476,3.299825020318945
561.0749999999999,2.941979837042476,4.106804324330939
561.0999999999999,2.388713206275361,4.7142339358545104
561.1249999999999,2.388713206275361,5.437578968941736
561.1499999999999,2.5902797397053123,8.232741075102929
561.175,2.5902797397053123,7.488753947935686
561.1999999999999,3.751884398054744,8.060381478769393
561.2249999999999,3.751884398054744,7.37988349285617
561.2499999999999,5.109320592388826,5.660252195784863
561.2749999999999,5.109320592388826,6.529260348772902
561.3,5.2342753063384375,6.381404295572833
561.3249999999999,5.2342753063384375,5.616979360634351
561.3499999999999,3.111942529626705,5.413521695612346
561.3749999999999,3.111942529626705,4.619836743886637
561.3999999999999,4.2339214748956495,3.5170388478979344
561.425,4.2339214748956495,3.890316306669974
561.4499999999999,5.900476340401389,3.8006771420897882
561.4749999999999,5.900476340401389,5.129941834381737
561.4999999999999,4.308043974653843,7.3464126003668575
561.5249999999999,4.308043974653843,8.965677702238594
561.55,4.640186935920863,9.145609430237718
561.5749999999999,4.640186935920863,8.316043752407602
561.5999999999999,6.321133542992419,6.80059716725484
561.6249999999999,6.321133542992419,6.966768215857237
561.6499999999999,8.00682241429236,8.205571332753337
561.675,8.00682241429236,10.394567391532595
561.6999999999999,6.7239732063445805,10.65865214421909
561.7249999999999,6.7239732063445805,10.107134457054668
561.7499999999999,9.029663690999223,10.276892014935441
561.7749999999999,9.029663690999223,8.066857020291337
561.8,6.426524325651706,9.391802686719744
561.8249999999999,6.426524325651706,10.54353701645324
561.8499999999999,6.57634990382346,9.437220672410422
561.8749999999999,6.57634990382346,9.693243724977464
561.8999999999999,4.880941431329119,9.23592952012325
561.925,4.880941431329119,7.831141911914229
561.9499999999999,6.752548314425319,7.674199505197436
561.9749999999999,6.752548314425319,9.293638866586718
561.9999999999999,7.106338762638579,7.763730478499595
562.0249999999999,7.106338762638579,6.760851647411425
562.05,7.677160351278656,7.753394984728333
562.0749999999999,7.677160351278656,6.653076687133822
562.0999999999999,4.105590424300887,6.765350085564997
562.1249999999999,4.105590424300887,7.551291835982584
562.1499999999999,2.7791285047095746,7.092146182896512
562.175,2.7791285047095746,5.76354054834079
562.1999999999999,4.856947301271371,5.991549066155997
562.2249999999999,4.856947301271371,5.889038740821619
562.2499999999999,8.875743538371667,4.794788663332673
562.2749999999999,8.875743538371667,6.677980774823675
562.3,8.399248564765239,8.113951978318578
562.3249999999999,8.399248564765239,8.934800301262978
562.3499999999999,11.73838740994617,10.217419627446093
562.3749999999999,11.73838740994617,9.20412350563032
562.3999999999999,11.15115577355633,10.081235941655914
562.425,11.15115577355633,8.101659569243992
562.4499999999999,11.548073170178434,6.993481254280406
562.4749999999999,11.548073170178434,8.362369593620807
562.4999999999999,12.906323205530498,7.655795043591134
562.5249999999999,12.906323205530498,10.07369411030231
562.55,14.7840183927551,10.383454086619164
562.5749999999999,14.7840183927551,13.490687130848372
562.5999999999999,7.762539620520461,14.864168961386044
562.6249999999999,7.762539620520461,13.134662570713253
562.6499999999999,6.219530405122402,14.956884774659596
562.675,6.219530405122402,11.527111372074389
562.6999999999999,6.809305413635563,9.323868451990405
562.7249999999999,6.809305413635563,9.010977788285421
562.7499999999999,6.173855998665193,7.569738425156372
562.7749999999999,6.173855998665193,6.900571685727077
562.8,3.813312261454461,6.899394083921141
562.8249999999999,3.813312261454461,6.615773870376849
562.8499999999999,3.767187089777628,5.153925929674466
562.8749999999999,3.767187089777628,4.248273703535891
562.8999999999999,4.676200594429908,2.3448046658541557
562.925,4.676200594429908,4.5069910746926505
562.9499999999999,2.930556431794766,5.019248691533193
562.9749999999999,2.930556431794766,5.861162214500105
562.9999999999999,2.819154662018093,7.678172278666919
563.0249999999999,2.819154662018093,6.1640559377825355
563.05,4.798373588005928,7.546621722342246
563.0749999999999,4.798373588005928,6.933853992270035
563.0999999999999,6.0587731206545286,5.246721929628925
563.1249999999999,6.0587731206545286,6.457501057113783
563.1499999999999,5.575852414314829,5.806213590338441
563.175,5.575852414314829,6.184982667797055
563.1999999999999,9.37375596751788,11.531301637692703
563.2249999999999,9.37375596751788,13.246656969957698
563.2499999999999,9.550801522590197,11.84890427725785
563.2749999999999,9.550801522590197,11.516633285477333
563.2999999999998,7.821224278336931,8.894757897903995
563.3249999999999,7.821224278336931,7.5071300948507025
563.3499999999999,6.360000955060081,8.987342643899296
563.3749999999999,6.360000955060081,8.4204611554225
563.3999999999999,6.986624407152702,7.48379077122919
563.4249999999998,6.986624407152702,6.49841994840068
563.4499999999999,5.921304360170383,7.375251620642695
563.4749999999999,5.921304360170383,8.552410706923311
563.4999999999999,5.386509265979592,9.151474476493117
563.5249999999999,5.386509265979592,9.112293621125218
563.5499999999998,4.529054043205444,8.117275833392844
563.5749999999999,4.529054043205444,7.856005337462298
563.5999999999999,5.562346621136801,7.727251482216815
563.6249999999999,5.562346621136801,7.218449143948384
563.6499999999999,2.715314928261179,6.548916674804227
563.6749999999998,2.715314928261179,6.764687395441904
563.6999999999999,0.9749037770765536,4.941396247987209
563.7249999999999,0.9749037770765536,5.4644995885130925
563.7499999999999,1.6899704600219512,6.226052444259548
563.7749999999999,1.6899704600219512,5.952446112638772
563.7999999999998,0.976521210998362,6.467084161360812
563.8249999999999,0.976521210998362,4.847408574205611
563.8499999999999,0.7769546379224225,3.815871767022087
563.8749999999999,0.7769546379224225,4.1687253385716865
563.8999999999999,0.598305757604081,4.7855050335561895
563.9249999999998,0.598305757604081,6.819769995929844
563.9499999999999,0.8130677754513778,6.39346059085655
563.9749999999999,0.8130677754513778,7.990349864732716
563.9999999999999,0.6966683552289826,7.402620002531634
564.0249999999999,0.6966683552289826,6.69612652999446
564.0499999999998,0.6296556205450656,7.705641445719717
564.0749999999999,0.6296556205450656,5.176023617284898
564.0999999999999,1.2571669355375914,5.567578197041324
564.1249999999999,1.2571669355375914,5.158070181801879
564.1499999999999,0.7977220364587752,4.288671740713152
564.1749999999998,0.7977220364587752,3.655100848102644
564.1999999999999,0.811090092061865,3.7345362693593085
564.2249999999999,0.811090092061865,2.9344479218105093
564.2499999999999,0.9378450767015704,4.345463335722807
564.2749999999999,0.9378450767015704,6.453613116861075
564.2999999999998,0.8747517616792118,6.905946467869855
564.3249999999999,0.8747517616792118,7.320862406906079
564.3499999999999,1.9002910317008768,5.886030465333636
564.3749999999999,1.9002910317008768,5.339818690395378
564.3999999999999,1.659886502196701,3.6277503909645876
564.4249999999998,1.659886502196701,6.209549586767537
564.4499999999999,2.3798751534986007,7.730910912476983
564.4749999999999,2.3798751534986007,6.49359988782563
564.4999999999999,3.91968155603007,6.941600510892743
564.5249999999999,3.91968155603007,6.35238419592943
564.5499999999998,3.972286183031469,5.525367736111313
564.5749999999999,3.972286183031469,7.026390012754127
564.5999999999999,4.889695488459208,7.275301843471691
564.6249999999999,4.889695488459208,5.87309158911236
564.6499999999999,4.8325198209581295,6.631349907164429
564.6749999999998,4.8325198209581295,6.16302061572622
564.6999999999999,4.262978146744148,6.442884201798885
564.7249999999999,4.262978146744148,6.212307062175951
564.7499999999999,4.207893839024487,5.387309406517304
564.7749999999999,4.207893839024487,6.131022925399432
564.7999999999998,2.902144447367611,5.307680516050624
564.8249999999999,2.902144447367611,5.92424931703462
564.8499999999999,4.298716256379832,5.624932162504977
564.8749999999999,4.298716256379832,4.4702674216692735
564.8999999999999,3.853598218014342,5.495529428228091
564.9249999999998,3.853598218014342,7.151562299763465
564.9499999999999,4.306293177307324,8.348043408984845
564.9749999999999,4.306293177307324,9.299854923153037
564.9999999999999,4.41423863225733,8.977633492080964
565.0249999999999,4.41423863225733,7.832651043031424
565.0499999999998,3.53667441953322,7.082457710570361
565.0749999999999,3.53667441953322,7.111505465264233
565.0999999999999,2.4892910174962584,7.475871928636652
565.1249999999999,2.4892910174962584,6.242782522499514
565.1499999999999,3.745541312410027,5.9881722134004916
565.1749999999998,3.745541312410027,5.6847437853697755
565.1999999999999,8.621342793211761,8.329832551306442
565.2249999999999,8.621342793211761,8.621103590569255
565.2499999999999,10.163918271223816,9.43135334110481
565.2749999999999,10.163918271223816,11.584804621525752
565.2999999999998,12.104740447027888,10.229499973064241
565.3249999999999,12.104740447027888,11.14014289593839
565.3499999999999,8.438054139331125,10.729407084280973
565.3749999999999,8.438054139331125,8.930025910220833
565.3999999999999,9.48870047262596,9.241688184713441
565.4249999999998,9.48870047262596,9.50904681374842
565.4499999999999,12.024901653985024,10.124327178780847
565.4749999999999,12.024901653985024,8.100258384142027
565.4999999999999,9.747672301589894,9.432526934252435
565.5249999999999,9.747672301589894,8.52374800905662
565.5499999999998,13.06725811409088,7.228025581965812
565.5749999999999,13.06725811409088,9.401131054601136
565.5999999999999,11.313464749367228,8.468088002960055
565.6249999999999,11.313464749367228,9.490796019598505
565.6499999999999,9.60251674158913,12.46314826997742
565.6749999999998,9.60251674158913,12.390080253748426
565.6999999999999,8.754360919660076,13.00967919399551
565.7249999999999,8.754360919660076,13.508093553791639
565.7499999999999,8.56578011549734,13.147139585893324
565.7749999999999,8.56578011549734,12.262278935549825
565.7999999999998,7.336815786124101,8.308090529957953
565.8249999999999,7.336815786124101,6.673236219149175
565.8499999999999,7.881311167331649,5.673092065511428
565.8749999999999,7.881311167331649,8.969944268952071
565.8999999999999,5.212432851982871,9.667361939095317
565.9249999999998,5.212432851982871,9.065870135160015
565.9499999999999,4.802421271569199,7.551720281918794
565.9749999999999,4.802421271569199,6.7336123455668115
565.9999999999999,5.342204891287235,6.430561973217054
566.0249999999999,5.342204891287235,7.019077201408915
566.0499999999998,5.973044020846407,8.219786547513806
566.0749999999999,5.973044020846407,6.467636748250687
566.0999999999999,8.196765090725865,8.32731913419645
566.1249999999999,8.196765090725865,7.821316662419564
566.1499999999999,10.178868212814924,8.143536366074278
566.1749999999998,10.178868212814924,9.641198533749874
566.1999999999999,8.426978043625049,8.804416794288507
566.2249999999999,8.426978043625049,10.780228618357576
566.2499999999999,11.285226620910366,9.668550555982666
566.2749999999999,11.285226620910366,8.306555996882341
566.2999999999998,13.209777058094357,8.87842983458119
566.3249999999999,13.209777058094357,9.21226202935436
566.3499999999999,11.190622033255972,11.234322199845817
566.3749999999999,11.190622033255972,12.500400796368076
566.3999999999999,12.025036701660255,11.111261979190521
566.4249999999998,12.025036701660255,10.59971701660615
566.4499999999999,15.45751993007982,11.562748622355857
566.4749999999999,15.45751993007982,12.209313590061681
566.4999999999999,13.665577071460822,16.44783490963687
566.5249999999999,13.665577071460822,18.03842657633277
566.5499999999998,10.51957576042224,16.24333106008049
566.5749999999999,10.51957576042224,13.371763314404914
566.5999999999999,8.203073807684602,8.84833656477902
566.6249999999999,8.203073807684602,7.420162159638247
566.6499999999999,6.714101781885619,6.497459850714824
566.6749999999998,6.714101781885619,5.906316645228059
566.6999999999999,7.05386011090402,7.534290385208591
566.7249999999999,7.05386011090402,8.193685537840473
566.7499999999999,7.326777251181174,8.341100840616097
566.7749999999999,7.326777251181174,9.8271158675652
566.7999999999998,5.882495441169777,10.871912851984561
566.8249999999999,5.882495441169777,8.763672544613932
566.8499999999999,4.505984402485333,8.818338843455027
566.8749999999999,4.505984402485333,8.76366585034879
566.8999999999999,5.457967249280622,7.516842014209734
566.9249999999998,5.457967249280622,8.460046201142262
566.9499999999999,6.072318837718154,9.426532342543776
566.9749999999999,6.072318837718154,9.29039478731224
566.9999999999999,5.539637042134002,10.168165133966514
567.0249999999999,5.539637042134002,8.014255608425975
567.0499999999998,5.857254532285174,7.173663452409955
567.0749999999999,5.857254532285174,5.3169063495303295
567.0999999999999,6.511749195853313,7.291781331805616
567.1249999999999,6.511749195853313,7.897954005500919
567.1499999999999,9.571788581324292,7.97127970444138
567.1749999999998,9.571788581324292,10.971941904123035
567.1999999999999,9.460249818053269,9.083577741324916
567.2249999999999,9.460249818053269,10.47975734986603
567.2499999999999,10.972974803633385,12.777077853688944
567.2749999999999,10.972974803633385,13.687047909517096
567.2999999999998,12.091282167688057,14.771017307115612
567.3249999999999,12.091282167688057,13.95490684001488
567.3499999999999,5.566269320068388,10.506445959739038
567.3749999999999,5.566269320068388,9.289359597578846
567.3999999999999,4.731240053741993,7.541043353914391
567.4249999999998,4.731240053741993,8.07878644805927
567.4499999999999,4.772906207303044,8.809591847755097
567.4749999999999,4.772906207303044,7.788878804794474
567.4999999999999,3.651751899123469,9.157716618540098
567.5249999999999,3.651751899123469,8.455726935952725
567.5499999999998,1.6440726544778543,8.420492022621598
567.5749999999999,1.6440726544778543,7.656631030300105
567.5999999999999,2.4339004215190525,5.5281013549043205
567.6249999999999,2.4339004215190525,4.475997501236689
567.6499999999999,3.1578309068659256,4.742469466811103
567.6749999999998,3.1578309068659256,5.255973838547144
567.6999999999999,2.1682105324175582,5.7940701077085395
567.7249999999999,2.1682105324175582,7.773006640064597
567.7499999999999,2.4870473740300327,7.346060592559762
567.7749999999999,2.4870473740300327,9.069753180061088
567.7999999999998,1.9163167500155924,8.403841312387781
567.8249999999999,1.9163167500155924,7.394377456043226
567.8499999999999,2.086466660979112,8.245686098579963
567.8749999999999,2.086466660979112,5.743909047390012
567.8999999999999,1.0986266266106868,5.176058806312174
567.9249999999998,1.0986266266106868,5.964482613442748
567.9499999999999,0.515887633369856,4.836821550737979
567.9749999999999,0.515887633369856,4.494553087222911
567.9999999999999,1.5982911772197037,4.290727039238638
568.0249999999999,1.5982911772197037,3.277853978094721
568.0499999999998,0.822111968996847,2.916730432008203
568.0749999999999,0.822111968996847,3.5797637105172573
568.0999999999999,2.171615274914849,3.0519581660435726
568.1249999999999,2.171615274914849,3.176108764739195
568.1499999999999,1.7004094385830972,4.561382601179563
568.1749999999998,1.7004094385830972,4.69218351837538
568.1999999999999,1.897540383961476,5.629770014547637
568.2249999999999,1.897540383961476,5.450254053157686
568.2499999999999,2.055401386640839,5.16921542368851
568.2749999999999,2.055401386640839,6.602829334411259
568.2999999999998,3.2228153971076345,6.804641425714115
568.3249999999999,3.2228153971076345,8.250713917067968
568.3499999999999,3.2573976967729585,7.336797580073739
568.3749999999999,3.2573976967729585,5.548333640978544
568.3999999999999,4.704079293130517,5.291862511911381
568.4249999999998,4.704079293130517,4.540596871720227
568.4499999999999,7.762087144180129,4.66928615551767
568.4749999999999,7.762087144180129,4.799483601383335
568.4999999999999,7.62570100101012,5.441413070411836
568.5249999999999,7.62570100101012,6.78164901008615
568.5499999999998,9.409981581965845,9.82289173547588
568.5749999999999,9.409981581965845,9.81373237464542
568.5999999999999,11.673270571699616,11.880603739195342
568.6249999999999,11.673270571699616,11.047311551456408
568.6499999999999,11.73247352140986,9.494053988064541
568.6749999999998,11.73247352140986,13.57550236057889
568.6999999999999,8.390192471317809,13.545581774975759
568.7249999999999,8.390192471317809,14.5832074522
568.7499999999999,7.617920695967784,12.907907957499983
568.7749999999999,7.617920695967784,9.80390512600487
568.7999999999998,7.315804989749678,9.855634993391448
568.8249999999999,7.315804989749678,9.83169086992117
568.8499999999999,8.771489503412214,10.497710707881126
568.8749999999999,8.771489503412214,9.220708363328082
568.8999999999999,7.06505501026939,10.941272294996642
568.9249999999998,7.06505501026939,11.326982505989097
568.9499999999999,5.568295970911252,10.366726989272209
568.9749999999999,5.568295970911252,11.23041061339366
568.9999999999999,3.6214521518653617,6.075149172524511
569.0249999999999,3.6214521518653617,3.6254727957624304
569.0499999999998,5.495332713378613,5.530266325326648
569.0749999999999,5.495332713378613,5.211663879449638
569.0999999999999,4.216099380977177,6.0575407968147505
569.1249999999999,4.216099380977177,6.712892013738632
569.1499999999999,5.380884027034705,5.157084272114913
569.1749999999998,5.380884027034705,4.3366546590675075
569.1999999999999,3.3320875796457825,5.458738555900229
569.2249999999999,3.3320875796457825,5.190431002160657
569.2499999999999,5.662880980895924,5.750794689427282
569.2749999999999,5.662880980895924,7.786324057558404
569.2999999999998,4.440822862209512,6.885712147660305
569.3249999999999,4.440822862209512,8.09076417798692
569.3499999999999,5.461369992422965,7.2025812190631315
569.3749999999999,5.461369992422965,6.67993104723057
569.3999999999999,7.816555729145971,6.094216324180969
569.4249999999998,7.816555729145971,6.432101125154823
569.4499999999999,6.481874508870503,7.196124633444986
569.4749999999999,6.481874508870503,7.650632049271367
569.4999999999999,9.039502794363433,9.755731009559302
569.5249999999999,9.039502794363433,8.14955927248102
569.5499999999998,8.670124259410185,8.90622386291357
569.5749999999999,8.670124259410185,9.851011443109076
569.5999999999999,10.999515867448777,10.425313561587744
569.6249999999999,10.999515867448777,14.149161359375222
569.6499999999999,10.292300303180465,14.474676451968104
569.6749999999998,10.292300303180465,15.943094980895806
569.6999999999999,10.093281185027138,14.70584937628332
569.7249999999999,10.093281185027138,12.256984383559363
569.7499999999999,14.191276406043007,13.011706989871387
569.7749999999999,14.191276406043007,13.576396312038938
569.7999999999998,15.392448014089382,13.071601475474825
569.8249999999999,15.392448014089382,16.022996377801725
569.8499999999999,12.779683421692484,14.041136175273337
569.8749999999999,12.779683421692484,10.158043990554859
569.8999999999999,16.912992909781774,10.78361814608863
569.9249999999998,16.912992909781774,13.962826816651994
569.9499999999999,12.709624614119305,16.658258936050608
569.9749999999999,12.709624614119305,15.910002867510201
569.9999999999999,16.395323060251943,14.413969868356325
570.0249999999999,16.395323060251943,10.405477242972697
570.0499999999998,13.40943511385594,9.858860058145252
570.0749999999999,13.40943511385594,13.256644781617783
570.0999999999999,12.79285543511818,15.570345236523291
570.1249999999999,12.79285543511818,13.228997409354655
570.1499999999999,13.200082518866306,14.04185833132386
570.1749999999998,13.200082518866306,13.943191566540651
570.1999999999999,12.95666790918239,13.046222997709851
570.2249999999999,12.95666790918239,11.383680034322033
570.2499999999999,13.005138079404729,10.20099699521566
570.2749999999999,13.005138079404729,10.186077429118669
570.2999999999998,13.003754269294356,9.067508471908468
570.3249999999999,13.003754269294356,10.49429325927198
570.3499999999999,11.4831166991082,10.241639776302177
570.3749999999999,11.4831166991082,10.935135239985996
570.3999999999999,8.69483105736801,11.619275997170218
570.4249999999998,8.69483105736801,9.744792666187703
570.4499999999999,6.899588738179776,7.6728406714952975
570.4749999999999,6.899588738179776,8.440030675092313
570.4999999999999,9.931847076875329,8.679459917134208
570.5249999999999,9.931847076875329,9.90421501822838
570.5499999999998,6.951113246916183,10.118521104166877
570.5749999999999,6.951113246916183,6.039943940331911
570.5999999999999,8.4447011950304,5.417539177958673
570.6249999999999,8.4447011950304,5.899147866291304
570.6499999999999,8.579716041670654,7.340305869213964
570.6749999999998,8.579716041670654,9.142488886764227
570.6999999999999,7.555524907612947,10.25230067319232
570.7249999999999,7.555524907612947,10.008466623454675
570.7499999999999,8.39528067457076,10.06806369560404
570.7749999999999,8.39528067457076,10.924278237637687
570.7999999999998,6.0629340019954086,13.846643395404403
570.8249999999999,6.0629340019954086,15.16772363104098
570.8499999999999,5.320302034876197,13.673132721162975
570.8749999999999,5.320302034876197,12.670266737770511
570.8999999999999,6.966907975488846,7.630591671744092
570.9249999999998,6.966907975488846,7.367828825589717
570.9499999999999,7.179987512036561,8.822144837197058
570.9749999999999,7.179987512036561,7.264353752251466
570.9999999999999,8.958405240196821,8.158917577678265
571.0249999999999,8.958405240196821,8.609841562812434
571.0499999999998,10.854471015530663,8.34222121046141
571.0749999999999,10.854471015530663,11.088315740787086
571.0999999999999,10.153001214426174,12.061147514751143
571.1249999999999,10.153001214426174,12.516179023637365
571.1499999999999,11.425115968309374,12.463767595358792
571.1749999999998,11.425115968309374,10.622861153177402
571.1999999999999,13.511400827940705,8.758796574334768
571.2249999999999,13.511400827940705,8.881998942998845
571.2499999999999,18.454738351396152,8.688259969042324
571.2749999999999,18.454738351396152,12.51387294059941
571.2999999999998,19.16180464372037,13.918873257219577
571.3249999999999,19.16180464372037,15.258321759755024
571.3499999999999,16.417454274742273,15.251584828579514
571.3749999999999,16.417454274742273,10.441841618495209
571.3999999999999,16.830103134720613,11.215335623016484
571.4249999999998,16.830103134720613,11.346437464880813
571.4499999999999,11.06754034646032,13.290333929499171
571.4749999999999,11.06754034646032,15.288245757966084
571.4999999999999,12.825291196802857,15.050188518566788
571.5249999999999,12.825291196802857,13.63112581582146
571.5499999999998,15.589863940998974,15.742729428635949
571.5749999999999,15.589863940998974,14.91194137350838
571.5999999999999,13.755119866144476,18.492403425582193
571.6249999999999,13.755119866144476,17.282485188390194
571.6499999999999,13.902077915041083,16.806792899001312
571.6749999999998,13.902077915041083,15.411037932002463
571.6999999999999,13.786441408324086,12.969111915190421
571.7249999999999,13.786441408324086,15.295679112280162
571.7499999999999,13.67141103887928,11.970343886031198
571.7749999999999,13.67141103887928,16.781429280265346
571.7999999999998,10.40556457244589,17.044730623156745
571.8249999999999,10.40556457244589,14.140873695295774
571.8499999999999,12.144073188859792,13.21999393772817
571.8749999999999,12.144073188859792,8.829284259365528
571.8999999999999,13.48273677791464,5.904107474569588
571.9249999999998,13.48273677791464,7.067598329219693
571.9499999999999,12.31291094069616,10.00368808639829
571.9749999999999,12.31291094069616,13.265997774412853
571.9999999999999,9.218902161836835,16.37400032608832
572.0249999999999,9.218902161836835,16.942521932607725
572.0499999999998,10.99796006519606,14.364466594268904
572.0749999999999,10.99796006519606,12.482635863019603
572.0999999999999,11.18935770447508,12.880984730409246
572.1249999999999,11.18935770447508,14.086778743094257
572.1499999999999,11.752333253001186,14.900843873920188
572.1749999999998,11.752333253001186,14.274409963654984
572.1999999999999,14.675469895820315,12.28127472768943
572.2249999999999,14.675469895820315,9.488846017076469
572.2499999999999,8.43306311871049,8.985097817382217
572.2749999999999,8.43306311871049,9.35563750582958
572.2999999999998,8.817590115415095,8.084833304396605
572.3249999999999,8.817590115415095,5.952712831338814
572.3499999999999,9.23658338901638,7.7992072154802266
572.3749999999999,9.23658338901638,5.9426713254671215
572.3999999999999,7.007523225729589,6.07621439041903
572.4249999999998,7.007523225729589,10.181003329031377
572.4499999999999,2.596526718580635,7.51926153054076
572.4749999999999,2.596526718580635,8.140546590861584
572.4999999999999,2.9940608804844016,8.819528648005116
572.5249999999999,2.9940608804844016,4.791939781308113
572.5499999999998,3.332685047868303,5.17760131765744
572.5749999999999,3.332685047868303,5.723489252872204
572.5999999999999,1.71086255850694,5.036238106911419
572.6249999999999,1.71086255850694,6.763497887384686
572.6499999999999,1.7438880752242107,6.955060943395921
572.6749999999998,1.7438880752242107,6.458992554366889
572.6999999999999,3.1388414407703933,5.750263285465849
572.7249999999999,3.1388414407703933,4.261005598904755
572.7499999999999,3.5402179615815617,3.9317161401848555
572.7749999999999,3.5402179615815617,4.49271403607444
572.7999999999998,3.34149846276465,4.344784003605222
572.8249999999999,3.34149846276465,4.3191947626874265
572.8499999999999,4.0940905666685,3.732101846104799
572.8749999999999,4.0940905666685,3.1908102440630026
572.8999999999999,5.715946443250292,3.510506689410234
572.9249999999998,5.715946443250292,4.9800521368158925
572.9499999999999,10.464617154245374,6.0813373620758915
572.9749999999999,10.464617154245374,10.796969869356317
572.9999999999999,10.777833006341236,12.025982151657027
573.0249999999999,10.777833006341236,15.701009762693902
573.0499999999998,8.693695125991017,17.32411266228456
573.0749999999999,8.693695125991017,14.007748802472054
573.0999999999999,7.790408936220022,15.310963819352978
573.1249999999999,7.790408936220022,11.647136109272862
573.1499999999999,5.483359677916137,9.11937357578361
573.1749999999998,5.483359677916137,7.8144259534769684
573.1999999999999,6.896368587014266,7.217928831624253
573.2249999999999,6.896368587014266,9.325583499094726
573.2499999999999,8.078397002663248,10.590865960377993
573.2749999999999,8.078397002663248,9.592017560045969
573.2999999999998,5.892780219236551,7.401486398701673
573.3249999999999,5.892780219236551,5.222658336996167
573.3499999999999,7.283758587462151,5.831923905465267
573.3749999999999,7.283758587462151,6.107468915605755
573.3999999999999,8.634588164465757,7.168423242782072
573.4249999999998,8.634588164465757,6.954030000080396
573.4499999999999,8.2389422420325,6.0790505233504915
573.4749999999999,8.2389422420325,8.44530357746321
573.4999999999999,10.934164270445455,9.892128910367862
573.5249999999999,10.934164270445455,9.480278790899074
573.5499999999998,9.575705702727918,9.023265303538107
573.5749999999999,9.575705702727918,8.489517945761879
573.5999999999999,7.055985671959978,7.967840411907326
573.6249999999999,7.055985671959978,7.56237319810551
573.6499999999999,6.7586939924621685,7.502527353855637
573.6749999999998,6.7586939924621685,6.27582936784831
573.6999999999999,5.880224387466887,6.266136470338421
573.7249999999999,5.880224387466887,5.855710624310229
573.7499999999999,3.727143215140932,7.952891344097231
573.7749999999999,3.727143215140932,7.230853207655686
573.7999999999998,5.822936102251202,5.862581413032547
573.8249999999999,5.822936102251202,8.497593905699592
573.8499999999999,8.831606256234853,7.48901100698891
573.8749999999999,8.831606256234853,10.075625427854593
573.8999999999999,5.412055914108365,10.347877948155247
573.9249999999998,5.412055914108365,10.382552035574989
573.9499999999999,4.314623400165383,8.242075332473734
573.9749999999999,4.314623400165383,6.250025020665027
573.9999999999999,4.12088970153798,7.7995969414862625
574.0249999999999,4.12088970153798,8.167836956479672
574.0499999999998,5.3630715085938885,10.235963331447998
574.0749999999999,5.3630715085938885,11.850383148278093
574.0999999999999,6.713985383626555,11.64904281664564
574.1249999999999,6.713985383626555,10.887569076753001
574.1499999999999,7.748808504851525,11.53332228148106
574.1749999999998,7.748808504851525,12.603836444288163
574.1999999999999,5.762265466839221,11.165118351307624
574.2249999999999,5.762265466839221,11.041059704723756
574.2499999999999,4.575333957894959,9.399339820950718
574.2749999999999,4.575333957894959,6.766001511725978
574.2999999999998,7.395749548486574,6.991839902554078
574.3249999999999,7.395749548486574,5.327307774478182
574.3499999999999,5.933034914276827,4.635682198216147
574.3749999999999,5.933034914276827,5.916579873419453
574.3999999999999,5.448074909493963,6.934472692842697
574.4249999999998,5.448074909493963,9.563927082551958
574.4499999999999,5.020730357922785,11.153057990974714
574.4749999999999,5.020730357922785,10.745837096731066
574.4999999999999,4.426878094324295,8.876862563789675
574.5249999999999,4.426878094324295,7.547707224587055
574.5499999999998,7.290492388014502,5.638167733119933
574.5749999999999,7.290492388014502,6.233026674233915
574.5999999999999,6.27064068955305,8.674412811077236
574.6249999999999,6.27064068955305,6.701650075651447
574.6499999999999,7.598404285797324,8.609219462652781
574.6749999999998,7.598404285797324,7.377892475969768
574.6999999999999,8.011047937454633,6.095486801396313
574.7249999999999,8.011047937454633,7.640080983293166
574.7499999999999,7.736574153543877,10.116237809471972
574.7749999999999,7.736574153543877,9.686631779854123
574.7999999999998,9.80345821160469,10.603261906890747
574.8249999999999,9.80345821160469,9.88607935521635
574.8499999999999,10.451524715184858,9.180227023839121
574.8749999999999,10.451524715184858,10.14600997731152
574.8999999999999,12.398197974151222,9.390438337059658
574.9249999999998,12.398197974151222,10.159822425771736
574.9499999999999,12.45715162992623,10.208005000278098
574.9749999999999,12.45715162992623,12.186593673056164
574.9999999999999,10.96687214323968,11.61301889213176
575.0249999999999,10.96687214323968,13.423528308781071
575.0499999999998,8.546536114502905,11.778823138481126
575.0749999999999,8.546536114502905,9.56566305794982
575.0999999999999,8.990142792231802,10.065446096952057
575.1249999999999,8.990142792231802,8.919746321438037
575.1499999999999,7.508240541713954,10.820955195299575
575.1749999999998,7.508240541713954,11.04594890632624
575.1999999999999,8.095849447744781,12.23563273704207
575.2249999999999,8.095849447744781,11.602617896675978
575.2499999999999,10.19322461448003,10.632578554835348
575.2749999999999,10.19322461448003,11.730707877761501
575.2999999999998,8.730584625782143,10.731942924997105
575.3249999999999,8.730584625782143,13.13474806420634
575.3499999999999,8.0510251311829,13.119936329091932
575.3749999999999,8.0510251311829,12.732652387170322
575.3999999999999,6.374704655916204,14.079171513764104
575.4249999999998,6.374704655916204,11.080564967203287
575.4499999999999,6.225475908525087,8.989501491567452
575.4749999999999,6.225475908525087,8.853406036239388
575.4999999999999,6.062856228752395,7.52179258806617
575.5249999999999,6.062856228752395,6.585492611789338
575.5499999999998,8.620535869697374,9.008119077154513
575.5749999999999,8.620535869697374,6.526265347426695
575.5999999999999,5.389644694925625,5.225647006928738
575.6249999999999,5.389644694925625,6.554475415093108
575.6499999999999,3.5945173386962024,4.150871836082618
575.6749999999998,3.5945173386962024,5.8464297167733195
575.6999999999999,3.221506835853111,7.735443453204214
575.7249999999999,3.221506835853111,8.31568089080382
575.7499999999999,4.656664611650008,9.360547647245825
575.7749999999999,4.656664611650008,9.541506022527631
575.7999999999998,6.819946851521296,9.330034396044786
575.8249999999999,6.819946851521296,8.697261897143388
575.8499999999999,6.112729217212643,8.928658878361146
575.8749999999999,6.112729217212643,7.917070060775821
575.8999999999999,9.684740107492232,6.988325996301302
575.9249999999998,9.684740107492232,8.60023720661319
575.9499999999999,9.28508091648844,9.029148732333555
575.9749999999999,9.28508091648844,10.729194004850278
575.9999999999999,12.24311589572773,11.149275662612192
576.0249999999999,12.24311589572773,10.471604074529896
576.0499999999998,12.11192184188446,11.874103850403424
576.0749999999999,12.11192184188446,10.232246360946753
576.0999999999999,10.328231774385248,10.772697194275022
576.1249999999999,10.328231774385248,10.91023600577837
576.1499999999999,10.522287715493688,8.908218270057855
576.1749999999998,10.522287715493688,10.689189722892309
576.1999999999999,13.1728232838797,10.873229034307014
576.2249999999999,13.1728232838797,11.191808919497026
576.2499999999999,12.511397073118328,12.114531167402555
576.2749999999999,12.511397073118328,11.35587841944575
576.2999999999998,10.660185175142356,10.386762315995062
576.3249999999999,10.660185175142356,8.93587995904372
576.3499999999999,9.393579490864592,8.535436274326026
576.3749999999999,9.393579490864592,8.439825868941035
576.3999999999999,10.617324992089348,8.785875188678231
576.4249999999998,10.617324992089348,9.138018746705846
576.4499999999999,14.941405551397237,8.560461720870286
576.4749999999999,14.941405551397237,8.500014634689888
576.4999999999999,14.565699840129144,11.012827171126911
576.5249999999999,14.565699840129144,13.756935105249015
576.5499999999998,17.593181539019575,14.112247645121409
576.5749999999999,17.593181539019575,17.0937136333755
576.5999999999999,22.240100914696875,15.477947103508217
576.6249999999999,22.240100914696875,15.149422880201874
576.6499999999999,25.12025590544505,18.255457843107443
576.6749999999998,25.12025590544505,17.156478869370655
576.6999999999999,24.88798229633955,15.477432809413658
576.7249999999999,24.88798229633955,19.585139233676514
576.7499999999999,23.11509786674156,15.059987080894022
576.7749999999999,23.11509786674156,14.879426937080948
576.7999999999998,24.39000675566441,17.640927803363084
576.8249999999999,24.39000675566441,10.308743814078595
576.8499999999999,21.381729674634084,14.75410605912353
576.8749999999999,21.381729674634084,15.327493722047954
576.8999999999999,22.150362973246747,16.046667578585343
576.9249999999998,22.150362973246747,17.33943152775697
576.9499999999999,21.72764035841223,14.959925662432918
576.9749999999999,21.72764035841223,13.682539936892908
576.9999999999999,21.47270024488996,14.83294926979846
577.0249999999999,21.47270024488996,15.848955139916779
577.0499999999998,20.728424743135285,15.841870460616187
577.0749999999999,20.728424743135285,16.21926173577995
577.0999999999999,20.644410299997872,14.911951880230864
577.1249999999999,20.644410299997872,17.992351029838346
577.1499999999999,19.217326239120407,20.348052659148173
577.1749999999998,19.217326239120407,23.275669630631167
577.1999999999999,19.87597704132813,24.59279424869456
577.2249999999999,19.87597704132813,21.434341297761303
577.2499999999999,16.131229392683238,17.93198169849383
577.2749999999999,16.131229392683238,17.024762763147972
577.2999999999998,16.904973527777425,19.952029230908522
577.3249999999999,16.904973527777425,21.719420279335672
577.3499999999999,12.849920516404332,20.72980651310609
577.3749999999999,12.849920516404332,17.28452536847786
577.3999999999999,13.55117550413098,10.464681803710507
577.4249999999998,13.55117550413098,9.007837552020018
577.4499999999999,10.189775769508984,8.856947879758941
577.4749999999999,10.189775769508984,7.8679820201804755
577.4999999999999,10.705248722314,8.215905634527237
577.5249999999999,10.705248722314,7.6275462089115145
577.5499999999998,14.910473295149654,11.239555215112471
577.5749999999999,14.910473295149654,14.712716701886022
577.5999999999999,13.609861821629496,15.551660113128802
577.6249999999999,13.609861821629496,14.952274390459607
577.6499999999999,19.12127937185634,13.328196910651485
577.6749999999998,19.12127937185634,13.135449732894346
577.6999999999999,18.719545639453184,13.241981264909235
577.7249999999999,18.719545639453184,13.133264818668737
577.7499999999999,17.89942952132711,13.975505681937886
577.7749999999999,17.89942952132711,10.113469788375552
577.7999999999998,19.12799895235185,10.898143374501938
577.8249999999999,19.12799895235185,15.008720958978667
577.8499999999999,18.90345035729245,13.90730066501542
577.8749999999999,18.90345035729245,17.76732829112136
577.8999999999999,21.71170790145741,17.393816710676823
577.9249999999998,21.71170790145741,14.721843709117854
577.9499999999999,20.16785264131024,17.636850869133287
577.9749999999999,20.16785264131024,18.304534164704403
577.9999999999999,21.514647722075637,21.206254655492
578.0249999999999,21.514647722075637,23.212065409178084
578.0499999999998,22.63431334125521,21.09914864318731
578.0749999999999,22.63431334125521,22.11593993461305
578.0999999999999,23.032479391488,23.134271661586027
578.1249999999999,23.032479391488,20.753623769137747
578.1499999999999,26.597361130928327,24.25434161313499
578.1749999999998,26.597361130928327,20.423198669519167
578.1999999999999,25.01631390934537,21.017143124832735
578.2249999999999,25.01631390934537,22.437143586923746
578.2499999999999,22.40913797054709,19.913341919742358
578.2749999999999,22.40913797054709,24.031667078665407
578.2999999999998,22.301742533510744,17.867172138761507
578.3249999999999,22.301742533510744,15.407185960040996
578.3499999999999,20.200928574335894,15.586253488681422
578.3749999999999,20.200928574335894,13.412113411027702
578.3999999999999,19.25593823376104,15.722227573767395
578.4249999999998,19.25593823376104,15.809706606511856
578.4499999999999,20.541336217398413,13.818229034167233
578.4749999999999,20.541336217398413,11.763270783290558
578.4999999999999,23.49189453556069,11.332407600634916
578.5249999999999,23.49189453556069,14.840300947968917
578.5499999999998,29.27461741153246,16.306077687701734
578.5749999999999,29.27461741153246,18.341462859010115
578.5999999999999,27.852930470454268,17.30395775698591
578.6249999999999,27.852930470454268,14.829798278310918
578.6499999999999,28.084132659280694,14.464656886692719
578.6749999999998,28.084132659280694,13.366389068757973
578.6999999999999,23.753750860676178,11.384503510083784
578.7249999999999,23.753750860676178,14.140275667542339
578.7499999999999,16.58439285483876,18.346137014427047
578.7749999999999,16.58439285483876,19.43144488613537
578.7999999999998,14.79302247129672,24.69774351923831
578.8249999999999,14.79302247129672,23.014731443768312
578.8499999999999,13.08753109312572,19.203482309595046
578.8749999999999,13.08753109312572,17.547528791379513
578.8999999999999,17.017347312711312,13.97355086639753
578.9249999999998,17.017347312711312,10.887628848251191
578.9499999999999,21.18967784032338,13.013787497071673
578.9749999999999,21.18967784032338,12.881297099274015
578.9999999999999,18.321756816643123,16.126095153534795
579.0249999999999,18.321756816643123,19.686451409322338
579.0499999999998,18.1535307460319,17.56522463792393
579.0749999999999,18.1535307460319,19.079261998677584
579.0999999999999,17.82077210698618,16.39103016919575
579.1249999999999,17.82077210698618,14.083656549568797
579.1499999999999,16.77357804196828,12.104002769062692
579.1749999999998,16.77357804196828,11.258301682051412
579.1999999999999,16.983373358804457,9.621351337335362
579.2249999999999,16.983373358804457,10.607189915347835
579.2499999999999,13.696630099756051,11.479671932234417
579.2749999999999,13.696630099756051,11.561155345077175
579.2999999999998,16.428486777763325,12.34426836885725
579.3249999999999,16.428486777763325,11.52056832891937
579.3499999999999,13.622981708927812,10.711421720794272
579.3749999999999,13.622981708927812,9.551803691511912
579.3999999999999,14.446917791111538,13.587873121637777
579.4249999999998,14.446917791111538,15.551158651671177
579.4499999999999,11.645710648713711,15.006667927318734
579.4749999999999,11.645710648713711,15.89263825558346
579.4999999999999,11.191554195066717,11.844065222289103
579.5249999999999,11.191554195066717,9.840720748888607
579.5499999999998,11.299902080644657,10.335022185889317
579.5749999999999,11.299902080644657,8.949156643462079
579.5999999999999,9.80603724386131,9.205170218317441
579.6249999999999,9.80603724386131,7.969668186163343
579.6499999999999,9.611805265036352,6.109270376954951
579.6749999999998,9.611805265036352,9.29785827860334
579.6999999999999,10.649984348316345,8.613011588462005
579.7249999999999,10.649984348316345,9.650332619574588
579.7499999999999,9.231007102759245,13.290722678662496
579.7749999999999,9.231007102759245,9.963088155433738
579.7999999999998,10.401683395867956,10.936059738319722
579.8249999999999,10.401683395867956,10.117072315289136
579.8499999999999,13.787894693565606,8.256443062425493
579.8749999999999,13.787894693565606,9.708845824338121
579.8999999999999,13.595795932288048,9.182490313957995
579.9249999999998,13.595795932288048,10.73168653987819
579.9499999999999,13.622748704126703,10.956840754187642
579.9749999999999,13.622748704126703,10.448190259109664
579.9999999999999,17.5472656979349,11.697802530707698
580.0249999999999,17.5472656979349,14.442952387387765
580.0499999999998,20.150327188959373,15.947655991886137
580.0749999999999,20.150327188959373,19.862958963497235
580.0999999999999,20.971652878845877,17.93221890029989
580.1249999999999,20.971652878845877,15.890820251784255
580.1499999999999,21.346715387902584,16.753455571720316
580.1749999999998,21.346715387902584,12.703140427195429
580.1999999999999,20.493979365100888,18.42543557997127
580.2249999999999,20.493979365100888,20.188067136018706
580.2499999999999,18.080071909062447,19.447687523442134
580.2749999999999,18.080071909062447,22.0663665038236
580.2999999999998,19.996470517808024,18.2186846860573
580.3249999999999,19.996470517808024,16.795852621522897
580.3499999999999,18.69661327508682,17.546283677481966
580.3749999999999,18.69661327508682,16.03563069741171
580.3999999999999,19.49308189602729,16.10967681646787
580.4249999999998,19.49308189602729,15.664448235797096
580.4499999999999,16.118217262782334,14.95973864393832
580.4749999999999,16.118217262782334,14.292625911869546
580.4999999999999,15.918709039678996,12.279913242808473
580.5249999999999,15.918709039678996,12.872785546556631
580.5499999999998,16.384550497354812,12.325981637728212
580.5749999999999,16.384550497354812,12.802108983131777
580.5999999999999,14.385113948967543,13.088512115749591
580.6249999999999,14.385113948967543,11.36572198846096
580.6499999999999,14.336286684707291,13.541316104083718
580.6749999999998,14.336286684707291,14.820877101178487
580.6999999999999,12.698191357564433,17.74882631464866
580.7249999999999,12.698191357564433,18.741593405140513
580.7499999999999,8.538013762062814,16.15632149701539
580.7749999999999,8.538013762062814,13.665220124204842
580.7999999999998,9.705692832291414,11.166541850041323
580.8249999999999,9.705692832291414,9.708301398615138
580.8499999999999,11.409947894301032,8.89600778081236
580.8749999999999,11.409947894301032,9.140289962969735
580.8999999999999,12.97505829901244,11.0020492681586
580.9249999999998,12.97505829901244,10.190905638141965
580.9499999999999,8.776244116131613,9.724522041476323
580.9749999999999,8.776244116131613,9.986361126679643
580.9999999999999,9.915404623597311,7.541881135887
581.0249999999999,9.915404623597311,10.201804989813951
581.0499999999998,10.515580734662274,10.303976139640922
581.0749999999999,10.515580734662274,11.360938691650817
581.0999999999999,7.619539838193389,13.452990809957207
581.1249999999999,7.619539838193389,10.838407778705806
581.1499999999999,10.72888656461673,10.77410683771733
581.1749999999998,10.72888656461673,11.138983813709096
581.1999999999999,12.132382274294216,10.148570486887152
581.2249999999999,12.132382274294216,10.708288003633754
581.2499999999999,10.725329466901403,11.02392348413201
581.2749999999999,10.725329466901403,8.365809449667408
581.2999999999998,13.914169751175375,7.328020452224978
581.3249999999999,13.914169751175375,9.572190472789915
581.3499999999999,13.901305490073996,8.863736104466938
581.3749999999999,13.901305490073996,11.687772393787222
581.3999999999999,13.006575665528691,13.620517314001635
581.4249999999998,13.006575665528691,13.458394976822257
581.4499999999999,12.52990013377849,13.093558537368212
581.4749999999999,12.52990013377849,12.649625440321142
581.4999999999999,11.67576487352127,11.687746844901111
581.5249999999999,11.67576487352127,8.197498842040519
581.5499999999998,11.08145481451288,11.234659123421391
581.5749999999999,11.08145481451288,11.380076756098966
581.5999999999999,7.954925812512632,10.638859739557523
581.6249999999999,7.954925812512632,10.670465207602417
581.6499999999999,5.723916001246629,9.521299244047771
581.6749999999998,5.723916001246629,7.598371837837561
581.6999999999999,5.133779403821167,7.4165782036308805
581.7249999999999,5.133779403821167,8.114923579886838
581.7499999999999,3.898330274592383,7.395404750405936
581.7749999999999,3.898330274592383,7.24956111322627
581.7999999999998,6.065263397077676,8.602217916377757
581.8249999999999,6.065263397077676,8.584602364316144
581.8499999999999,7.355935263642944,7.632997212028761
581.8749999999999,7.355935263642944,7.591599072123904
581.8999999999999,7.644363119160942,6.384768753187661
581.9249999999998,7.644363119160942,6.335734791343045
581.9499999999999,7.142218290215931,7.481264652649368
581.9749999999999,7.142218290215931,6.480032739326203
581.9999999999999,4.130291453510285,6.592220023054707
582.0249999999999,4.130291453510285,6.756768095913491
582.0499999999998,3.038692638071855,4.7281677956584955
582.0749999999999,3.038692638071855,5.7069689135821955
582.0999999999999,2.5013292856763,4.5962834904779495
582.1249999999999,2.5013292856763,4.047606314958609
582.1499999999999,2.5809465431557017,5.566634706005845
582.1749999999998,2.5809465431557017,4.863110252273215
582.1999999999999,4.296935555092865,4.82338418392442
582.2249999999999,4.296935555092865,5.646360297503595
582.2499999999999,5.217612982408307,4.790980729198381
582.2749999999999,5.217612982408307,5.506365827994836
582.2999999999998,7.81740065211844,4.57148276332007
582.3249999999999,7.81740065211844,3.507740112796821
582.3499999999999,6.630558441513764,5.946656566816307
582.3749999999999,6.630558441513764,5.984283946877589
582.3999999999999,4.611193571678669,7.560088990449776
582.4249999999998,4.611193571678669,10.930441062259126
582.4499999999999,6.538957014599943,10.304994951236383
582.4749999999999,6.538957014599943,10.440300968317116
582.4999999999999,5.397636302461343,12.008545483848772
582.5249999999999,5.397636302461343,9.269088966223006
582.5499999999998,6.728161933161863,7.7687054338953985
582.5749999999999,6.728161933161863,8.504170617598927
582.5999999999999,7.463623254795384,9.259098263038275
582.6249999999999,7.463623254795384,10.662149720330579
582.6499999999999,8.355948773881492,11.635919119077332
582.6749999999998,8.355948773881492,10.877677149584645
582.6999999999999,13.404015783204374,9.356323885556222
582.7249999999999,13.404015783204374,8.363610674895755
582.7499999999999,13.118920295504154,8.617435432741267
582.7749999999999,13.118920295504154,10.497576765074383
582.7999999999998,10.067828142600296,8.598134293368943
582.8249999999999,10.067828142600296,14.83946131293251
582.8499999999999,9.871646918887343,19.597478816028655
582.8749999999999,9.871646918887343,22.19645883578853
582.8999999999999,8.900829847719837,24.07265758627431
582.9249999999998,8.900829847719837,17.371016266348605
582.9499999999999,10.056273996354866,13.284322001697436
582.9749999999999,10.056273996354866,8.368335847668401
582.9999999999999,11.962606501691386,7.7320195687087505
583.0249999999999,11.962606501691386,11.319584299174434
583.0499999999998,12.955150832346463,10.261339885902869
583.0749999999999,12.955150832346463,11.072549044274691
583.0999999999999,10.235760973484622,12.289116116270696
583.1249999999999,10.235760973484622,10.022104616029166
583.1499999999999,10.563721351239275,12.485820388535423
583.1749999999998,10.563721351239275,15.402661026903303
583.1999999999999,9.19213172710104,16.782903670858737
583.2249999999999,9.19213172710104,14.928343555539902
583.2499999999999,9.799403005678714,11.90152296662993
583.2749999999999,9.799403005678714,8.356927883433915
583.2999999999998,7.573861759810863,6.644735725493022
583.3249999999999,7.573861759810863,7.008950790215653
583.3499999999999,8.766240360891178,6.662169606744063
583.3749999999999,8.766240360891178,6.717339087403528
583.3999999999999,9.508854786261873,5.244953354895644
583.4249999999998,9.508854786261873,5.521836531305231
583.4499999999999,10.86494877426075,6.370085874884883
583.4749999999999,10.86494877426075,6.639746733547192
583.4999999999999,8.39360313113055,8.167526872176685
583.5249999999999,8.39360313113055,8.376801735009007
583.5499999999998,7.234445686980594,8.316464008580297
583.5749999999999,7.234445686980594,8.878052643738936
583.5999999999999,5.953847137532063,6.792289297178435
583.6249999999999,5.953847137532063,9.375209694902184
583.6499999999999,8.979635707440117,8.627640747829886
583.6749999999998,8.979635707440117,11.636766574743037
583.6999999999999,6.474733028056775,14.143945364915815
583.7249999999999,6.474733028056775,13.006613971414545
583.7499999999999,7.848798415991873,14.856210945725735
583.7749999999999,7.848798415991873,10.512014684033646
583.7999999999998,5.533057970815398,9.339391311004805
583.8249999999999,5.533057970815398,8.913855347868616
583.8499999999999,5.61035806699695,7.748565980555837
583.8749999999999,5.61035806699695,9.107210012731546
583.8999999999999,3.9191526404868906,7.9842075129706345
583.9249999999998,3.9191526404868906,7.120556970405606
583.9499999999999,3.8684445343318425,6.160986966898163
583.9749999999999,3.8684445343318425,5.556510572988823
583.9999999999999,4.513778826429663,6.290308219028597
584.0249999999999,4.513778826429663,6.7332630994479326
584.0499999999998,3.336430821390698,8.502864454839692
584.0749999999999,3.336430821390698,7.859249218690238
584.0999999999999,5.772534696566516,8.017844539788932
584.1249999999999,5.772534696566516,8.166778829436986
584.1499999999999,4.384531600934443,7.238434019903549
584.1749999999998,4.384531600934443,7.097367210534322
584.1999999999999,3.8291988447331575,8.082629048400154
584.2249999999999,3.8291988447331575,6.511456923321396
584.2499999999999,4.757884202796378,8.770798926449396
584.2749999999999,4.757884202796378,11.319414436526502
584.2999999999998,4.2607000917949085,9.686141160039496
584.3249999999999,4.2607000917949085,10.1694836496374
584.3499999999999,2.9133046232106103,7.948897233727519
584.3749999999999,2.9133046232106103,4.519788870425135
584.3999999999999,1.7610707435983093,4.898825886901878
584.4249999999998,1.7610707435983093,4.2948490122364245
584.4499999999999,2.354860290242152,4.261735499784862
584.4749999999999,2.354860290242152,5.374929124937322
584.4999999999999,2.8002836326369964,4.220697344808989
584.5249999999999,2.8002836326369964,5.379026402014704
584.5499999999998,4.418013792316461,4.625190782827451
584.5749999999999,4.418013792316461,5.232045852001079
584.5999999999999,4.781553149895736,6.379446134427061
584.6249999999999,4.781553149895736,6.740420129485121
584.6499999999999,2.4524541833622044,5.9450389099799255
584.6749999999998,2.4524541833622044,4.348345076388348
584.6999999999999,3.098897201439895,3.914136598310413
584.7249999999999,3.098897201439895,2.6689208523509356
584.7499999999999,3.327423128655184,4.0085167101982755
584.7749999999999,3.327423128655184,4.7518499955255304
584.7999999999998,3.5537427639754684,4.3552561634678035
584.8249999999999,3.5537427639754684,5.076710656950434
584.8499999999999,4.19304829926282,5.681607810294701
584.8749999999999,4.19304829926282,5.605515281483326
584.8999999999999,6.606206285931339,8.628920795627224
584.9249999999998,6.606206285931339,11.820626892673566
584.9499999999999,7.193573270926194,11.480280184202345
584.9749999999999,7.193573270926194,11.494336977508175
584.9999999999999,8.263497126067653,8.801701768928805
585.0249999999999,8.263497126067653,6.232681556990429
585.0499999999998,6.979475175290045,6.8677405679232635
585.0749999999999,6.979475175290045,6.964594667472444
585.0999999999999,7.994786449623318,8.50206897769957
585.1249999999999,7.994786449623318,8.92721815968321
585.1499999999999,8.50969070138691,8.701731370144786
585.1749999999998,8.50969070138691,10.535864436134696
585.1999999999999,8.431476618106368,12.075485540467694
585.2249999999999,8.431476618106368,11.834800170605543
585.2499999999999,10.218699869422732,10.224515391523084
585.2749999999999,10.218699869422732,9.891819462733851
585.2999999999998,11.005155121467649,8.092191070615371
585.3249999999999,11.005155121467649,8.704183009880214
585.3499999999999,13.34563503178003,9.409687100102152
585.3749999999999,13.34563503178003,8.356944591999476
585.3999999999999,13.07666768795452,8.780925067595101
585.4249999999998,13.07666768795452,8.530301008625868
585.4499999999999,12.137577635858024,9.774090572283889
585.4749999999999,12.137577635858024,11.996520921970507
585.4999999999999,11.59031402988398,13.185604764016222
585.5249999999999,11.59031402988398,11.992581557755065
585.5499999999998,13.312690590436311,12.019217848816595
585.5749999999999,13.312690590436311,11.453868689516879
585.5999999999999,13.724385257446215,10.769031498429577
585.6249999999999,13.724385257446215,13.094116094940034
585.6499999999999,15.29248253206262,14.853469920659716
585.6749999999998,15.29248253206262,15.963299252216455
585.6999999999999,15.134550395679074,15.580557694734749
585.7249999999999,15.134550395679074,13.552586511770116
585.7499999999999,14.065574387892712,12.522971044380853
585.7749999999999,14.065574387892712,11.828503280307961
585.7999999999998,11.046634096796009,12.020597670315027
585.8249999999999,11.046634096796009,12.076531721554087
585.8499999999999,8.499400993109692,10.920279505818204
585.8749999999999,8.499400993109692,8.073839623092146
585.8999999999999,6.152078623579746,6.900530074833709
585.9249999999998,6.152078623579746,8.4928700472517
585.9499999999999,5.055843254925266,8.74333277932841
585.9749999999999,5.055843254925266,8.739758434457812
585.9999999999999,6.741640291425028,11.141071972807323
586.0249999999999,6.741640291425028,8.019469854280889
586.0499999999998,8.787332217191093,6.146888680086086
586.0749999999999,8.787332217191093,7.638809768234923
586.0999999999999,8.502348826570385,5.750576822016834
586.1249999999999,8.502348826570385,8.237180601889207
586.1499999999999,6.427599249316908,10.3138362546666
586.1749999999998,6.427599249316908,9.761924562927407
586.1999999999999,7.994839074403023,8.024364558521427
586.2249999999999,7.994839074403023,6.724849004747315
586.2499999999999,11.352706250587977,5.205645019941132
586.2749999999999,11.352706250587977,6.729268169959855
586.2999999999998,11.354480486704206,8.980338377653931
586.3249999999999,11.354480486704206,10.49361683221654
586.3499999999999,9.46099935205227,11.823889903823288
586.3749999999999,9.46099935205227,9.650924472184506
586.3999999999999,11.181265711583126,7.84367095293235
586.4249999999998,11.181265711583126,6.473549781366048
586.4499999999999,7.692683995823126,6.567147854389214
586.4749999999999,7.692683995823126,9.74592807232544
586.4999999999999,10.754489080678177,11.906474970908393
586.5249999999999,10.754489080678177,14.729652033907234
586.5499999999998,8.885099374882904,17.275453350154507
586.5749999999999,8.885099374882904,17.189527119212183
586.5999999999999,8.463393797414794,17.105886587740805
586.6249999999999,8.463393797414794,14.682469242292434
586.6499999999999,9.830826532390594,12.687591159991545
586.6749999999998,9.830826532390594,11.239156452266204
586.6999999999999,12.118367592200569,13.048880766749956
586.7249999999999,12.118367592200569,13.117623488346197
586.7499999999999,10.481725797575006,11.939588596828681
586.7749999999999,10.481725797575006,11.584227824847407
586.7999999999998,7.552544085454478,9.7833067489834
586.8249999999999,7.552544085454478,8.551712814414133
586.8499999999999,9.893601133134345,8.440090297823069
586.8749999999999,9.893601133134345,7.770203609073316
586.8999999999999,11.200838288004988,8.834577026011804
586.9249999999998,11.200838288004988,12.765584845511324
586.9499999999999,8.400028224567203,12.933944160019873
586.9749999999999,8.400028224567203,13.50332585734493
586.9999999999999,8.965008856759008,11.229318889713063
587.0249999999999,8.965008856759008,10.21997905908638
587.0499999999998,9.702020159305208,11.341837403598921
587.0749999999999,9.702020159305208,13.9576889791052
587.0999999999999,12.83802923315928,14.696711262867344
587.1249999999999,12.83802923315928,13.498257607370155
587.1499999999999,9.818452789245493,12.2389129041641
587.1749999999998,9.818452789245493,9.921274297620029
587.1999999999999,9.45773406157904,10.085026264512704
587.2249999999999,9.45773406157904,10.10096145176215
587.2499999999999,9.19766708080264,11.148798227987092
587.2749999999999,9.19766708080264,10.275924426269208
587.2999999999998,8.649895517322143,10.119783585315359
587.3249999999999,8.649895517322143,9.09984827821563
587.3499999999999,5.11482008424287,8.07192313524332
587.3749999999999,5.11482008424287,9.105426956090518
587.3999999999999,5.097324559847981,7.414370435823639
587.4249999999998,5.097324559847981,8.23643609626886
587.4499999999999,6.933464033150909,9.052001026362237
587.4749999999999,6.933464033150909,8.024422612987308
587.4999999999999,4.537139491045469,9.772981829065449
587.5249999999999,4.537139491045469,9.092223385685685
587.5499999999998,3.646694558588177,9.0142414521777
587.5749999999999,3.646694558588177,9.971907120867467
587.5999999999999,4.0051127481757165,8.635918072632201
587.6249999999999,4.0051127481757165,6.822082762481851
587.6499999999999,5.287382380026287,5.809910128441709
587.6749999999998,5.287382380026287,5.186201787811136
587.6999999999999,5.716559457121687,5.4471704298370724
587.7249999999999,5.716559457121687,6.424292470419619
587.7499999999999,5.204220296737335,5.245575883924339
587.7749999999999,5.204220296737335,5.305227339329544
587.7999999999998,6.176785086940303,5.2912299972575845
587.8249999999999,6.176785086940303,7.5803774876136165
587.8499999999999,5.816502390716987,7.747313287977178
587.8749999999999,5.816502390716987,6.456680071939216
587.8999999999999,4.330951436380985,6.303209077570148
587.9249999999998,4.330951436380985,5.353136438200789
587.9499999999999,4.345734188291054,6.790865842099981
587.9749999999999,4.345734188291054,6.449635148684704
587.9999999999999,6.787751772650998,8.1757991494097
588.0249999999999,6.787751772650998,10.754243639829356
588.0499999999998,7.733253284555162,9.252296750317518
588.0749999999999,7.733253284555162,10.336474205462304
588.0999999999999,6.393560699679395,8.841845464180796
588.1249999999999,6.393560699679395,6.034663185306114
588.1499999999999,6.419778445664193,6.696067578116587
588.1749999999998,6.419778445664193,7.862781065303022
588.1999999999999,4.151382845994481,8.038801945117337
588.2249999999999,4.151382845994481,7.452553183167382
588.2499999999999,1.6566651036097046,6.69378049889088
588.2749999999999,1.6566651036097046,5.916386427088788
588.2999999999998,2.1401253882675424,4.600888854918347
588.3249999999999,2.1401253882675424,3.6954204833397384
588.3499999999999,1.579910556380347,4.2881209345714195
588.3749999999999,1.579910556380347,3.281399808831698
588.3999999999999,2.2310926037083143,3.5222881830500743
588.4249999999998,2.2310926037083143,3.789395121854348
588.4499999999999,2.8431440539603163,4.760062093608086
588.4749999999999,2.8431440539603163,5.239746091203423
588.4999999999999,3.3133427237014743,5.203324281607964
588.5249999999999,3.3133427237014743,4.929036838971085
588.5499999999998,6.435515837158548,4.466735198524777
588.5749999999999,6.435515837158548,3.638372672597905
588.5999999999999,10.05011420356406,4.3132169386067645
588.6249999999999,10.05011420356406,4.64516746649487
588.6499999999999,9.379296915741351,6.079491468109312
588.6749999999998,9.379296915741351,8.476321993487096
588.6999999999999,10.442188328438238,8.877494188374499
588.7249999999999,10.442188328438238,10.866744005316047
588.7499999999999,9.83576448065125,8.388576435908728
588.7749999999999,9.83576448065125,10.186746685354265
588.7999999999998,11.042568224303675,11.28696451244325
588.8249999999999,11.042568224303675,11.830771156091046
588.8499999999999,14.85476782141171,13.328474906866001
588.8749999999999,14.85476782141171,11.492404941833302
588.8999999999999,18.24402582508965,13.475984146663908
588.9249999999998,18.24402582508965,11.830604664412242
588.9499999999999,18.104059543454387,14.623332553366286
588.9749999999999,18.104059543454387,16.433708499450628
588.9999999999999,15.927883424885769,15.613273550240695
589.0249999999999,15.927883424885769,19.94302469028562
589.0499999999998,16.339093322642817,19.42874134381233
589.0749999999999,16.339093322642817,16.55029335873535
589.0999999999999,18.60571523760545,15.373533700684167
589.1249999999999,18.60571523760545,15.247654614992808
589.1499999999999,16.809929792010976,14.741196241006612
589.1749999999998,16.809929792010976,17.80990962464628
589.1999999999999,15.630910173814843,19.02380185391583
589.2249999999999,15.630910173814843,16.524926634719776
589.2499999999999,12.474943719852533,15.583553171008278
589.2749999999999,12.474943719852533,12.894704737090146
589.2999999999998,11.863112401605694,11.728264874213064
589.3249999999999,11.863112401605694,9.18765535057717
589.3499999999999,7.718004039205943,7.740078229695392
589.3749999999999,7.718004039205943,6.534355106825442
589.3999999999999,7.30207405395095,6.2546418941866255
589.4249999999998,7.30207405395095,6.95719377151648
589.4499999999999,7.870416540870764,6.6679089737820885
589.4749999999999,7.870416540870764,7.040143892548887
589.4999999999999,9.257290221161092,8.345151240808278
589.5249999999999,9.257290221161092,8.766273507431036
589.5499999999998,9.01913486076917,10.986353895041937
589.5749999999999,9.01913486076917,12.499149505895254
589.5999999999999,4.710754838722839,10.645969272543264
589.6249999999999,4.710754838722839,9.878107437609891
589.6499999999999,2.987416363855023,7.279556443512574
589.6749999999998,2.987416363855023,7.009830933539905
589.6999999999999,5.301636280567433,9.329639611873613
589.7249999999999,5.301636280567433,9.007834550390898
589.7499999999999,7.619001586049674,9.704454242612632
589.7749999999999,7.619001586049674,10.708706035910556
589.7999999999998,6.9852598430766175,7.282064049491747
589.8249999999999,6.9852598430766175,8.60449956542429
589.8499999999999,5.672887936025274,7.717127715164639
589.8749999999999,5.672887936025274,6.708985862669646
589.8999999999999,5.699901310209916,6.499653589975747
589.9249999999998,5.699901310209916,5.9620137792624295
589.9499999999999,9.395845985280047,6.997386008640352
589.9749999999999,9.395845985280047,7.235736124445882
589.9999999999999,9.148677721494169,9.323887823546299
590.0249999999999,9.148677721494169,9.02524951893923
590.0499999999998,8.588015978891256,8.224701326308628
590.0749999999999,8.588015978891256,6.299938529014538
590.0999999999999,7.444070769665649,7.1423235325603684
590.1249999999999,7.444070769665649,7.897703469696572
590.1499999999999,6.868568543939293,8.55650834774759
590.1749999999998,6.868568543939293,9.229894263250353
590.1999999999999,7.986727035966454,6.980393762554657
590.2249999999999,7.986727035966454,7.368037152725714
590.2499999999999,10.19709598507488,9.040083860539335
590.2749999999999,10.19709598507488,9.724384955797936
590.2999999999998,12.70278168232865,8.552106253753777
590.3249999999999,12.70278168232865,11.635868414913732
590.3499999999999,9.69761781842752,11.219838602225614
590.3749999999999,9.69761781842752,13.532311942725181
590.3999999999999,8.98923851191978,15.489538520941498
590.4249999999998,8.98923851191978,12.296488223617185
590.4499999999999,7.316317782689357,10.450930079610654
590.4749999999999,7.316317782689357,7.536859013795024
590.4999999999999,7.814172650064138,7.348173084011946
590.5249999999999,7.814172650064138,6.029079441462242
590.5499999999998,7.196905207835755,7.221958535411314
590.5749999999999,7.196905207835755,8.414090797244
590.5999999999999,6.926062790269251,8.67779248355722
590.6249999999999,6.926062790269251,8.389419225376942
590.6499999999999,8.213827017835827,9.04240522600815
590.6749999999998,8.213827017835827,8.123230813938946
590.6999999999999,9.108153302413683,7.42382587518701
590.7249999999999,9.108153302413683,11.99963144531494
590.7499999999999,8.711420899970403,13.01344118521001
590.7749999999999,8.711420899970403,14.285220809128377
590.7999999999998,6.948233395087303,12.685598538400594
590.8249999999999,6.948233395087303,9.607233612180316
590.8499999999999,8.36726046443413,6.179039790254901
590.8749999999999,8.36726046443413,4.865298555299459
590.8999999999999,7.695263220807573,7.888454039620061
590.9249999999998,7.695263220807573,7.510055373567127
590.9499999999999,5.595149446294645,9.599992843266397
590.9749999999999,5.595149446294645,8.444445270465277
590.9999999999999,3.5634919629157458,8.056453467401983
591.0249999999999,3.5634919629157458,7.8140392239433965
591.0499999999998,2.7357024040509383,6.673437713265795
591.0749999999999,2.7357024040509383,6.617213619849868
591.0999999999999,3.2908012202323187,5.18170021510447
591.1249999999999,3.2908012202323187,4.146129861798002
591.1499999999999,3.559353319803796,4.043221513994975
591.1749999999998,3.559353319803796,5.036883059415807
591.1999999999999,4.641043781078709,5.616148793685424
591.2249999999999,4.641043781078709,6.316360816986619
591.2499999999999,5.879848406000303,6.279430824714916
591.2749999999999,5.879848406000303,7.52409526107829
591.2999999999998,3.3890951204444377,7.624688698187917
591.3249999999999,3.3890951204444377,8.599563613599564
591.3499999999999,2.875380259820827,9.28581879928699
591.3749999999999,2.875380259820827,7.652822542143502
591.3999999999999,4.529589179888857,8.690872680392946
591.4249999999998,4.529589179888857,6.2687856187425925
591.4499999999999,4.171452814302215,5.198908176931331
591.4749999999999,4.171452814302215,5.224453702608873
591.4999999999999,3.559779605342694,5.512214613789229
591.5249999999999,3.559779605342694,5.92490832763209
591.5499999999998,3.156439050455682,6.499956047808152
591.5749999999999,3.156439050455682,5.804262755614416
591.5999999999999,2.2333812801801027,3.3108993983652084
591.6249999999999,2.2333812801801027,3.056000379796866
591.6499999999999,4.024246830060788,3.1442636553446217
591.6749999999998,4.024246830060788,3.2309502267480754
591.6999999999999,4.557011755546268,3.7299345722684043
591.7249999999999,4.557011755546268,6.1348906576075795
591.7499999999999,7.3862525277003,5.936236824651214
591.7749999999999,7.3862525277003,8.5179028711695
591.7999999999998,9.689015186413846,9.317196801193308
591.8249999999999,9.689015186413846,6.590574473843135
591.8499999999999,8.740675337063387,8.307457393761968
591.8749999999999,8.740675337063387,5.3840254087946855
591.8999999999999,9.30020190464908,5.949050630221109
591.9249999999998,9.30020190464908,6.608620214112818
591.9499999999999,8.026161995614233,5.520058621192208
591.9749999999999,8.026161995614233,6.465916760928162
591.9999999999999,7.101095038362709,5.998934881055965
592.0249999999999,7.101095038362709,7.843510611351355
592.0499999999998,8.148004591000785,6.477469488612682
592.0749999999999,8.148004591000785,7.799764363203511
592.0999999999999,9.861391977615565,6.771339591529698
592.1249999999999,9.861391977615565,6.198968035688256
592.1499999999999,6.809679187377817,7.373508085350716
592.1749999999998,6.809679187377817,6.864063991773799
592.1999999999999,4.962168129313357,6.415917652697836
592.2249999999999,4.962168129313357,6.577533979671546
592.2499999999999,3.9248844907183114,7.3179084361529085
592.2749999999999,3.9248844907183114,6.600680150411207
592.2999999999998,5.982327530312812,8.7313395799917
592.3249999999999,5.982327530312812,7.81111079386745
592.3499999999999,7.021498486736596,7.935392201920375
592.3749999999999,7.021498486736596,7.541663270385916
592.3999999999999,8.156611545631227,8.417967000931492
592.4249999999998,8.156611545631227,8.411810393637342
592.4499999999999,12.215337668459703,7.933623086506817
592.4749999999999,12.215337668459703,9.14915007636712
592.4999999999999,12.20666274874574,7.862425209706822
592.5249999999999,12.20666274874574,10.285553428175913
592.5499999999998,8.10594181403587,13.233082904630697
592.5749999999999,8.10594181403587,11.511913623373983
592.5999999999999,8.456454846160396,11.514831620089875
592.6249999999999,8.456454846160396,10.662778920025852
592.6499999999999,9.430492038340164,8.36798558244518
592.6749999999998,9.430492038340164,10.21175104411165
592.6999999999999,6.987282073953944,9.677135910731346
592.7249999999999,6.987282073953944,7.005638235402393
592.7499999999999,10.801182945833329,5.775848028744556
592.7749999999999,10.801182945833329,5.366237265635721
592.7999999999998,9.123449368490498,6.779875611375882
592.8249999999999,9.123449368490498,8.534872138974755
592.8499999999999,12.868799361417723,9.905895590826422
592.8749999999999,12.868799361417723,9.488736177229653
592.8999999999999,17.180015222993784,9.331965852800527
592.9249999999998,17.180015222993784,10.29940934053751
592.9499999999999,14.099530971462189,13.092480340769672
592.9749999999999,14.099530971462189,14.430813981148669
592.9999999999999,11.878494809333828,12.268353887113193
593.0249999999999,11.878494809333828,12.310412976372614
593.0499999999998,9.785114590457225,9.72769356407709
593.0749999999999,9.785114590457225,10.425370440451498
593.0999999999999,15.937391522401638,10.50016886710733
593.1249999999999,15.937391522401638,10.42688729635863
593.1499999999999,14.150463663386828,12.398951191528964
593.1749999999998,14.150463663386828,10.446536899702963
593.1999999999999,12.37861667745581,14.291932399571202
593.2249999999999,12.37861667745581,16.940034922587458
593.2499999999999,11.620005807692348,15.387732966672708
593.2749999999999,11.620005807692348,16.608714760009757
593.2999999999998,14.159620883167618,14.469645243658036
593.3249999999999,14.159620883167618,12.006562185445963
593.3499999999999,13.79508017770004,11.195968203926965
593.3749999999999,13.79508017770004,9.713338033439527
593.3999999999999,11.65551258942294,8.782223439474238
593.4249999999998,11.65551258942294,6.838688152709138
593.4499999999999,15.120650085260063,9.160290536608098
593.4749999999999,15.120650085260063,11.633761210988776
593.4999999999999,16.71128478738561,13.008869875980192
593.5249999999999,16.71128478738561,14.651885536263666
593.5499999999998,13.005520725166196,15.856089244906773
593.5749999999999,13.005520725166196,15.569105636047514
593.5999999999999,7.694420057606361,14.198965977493124
593.6249999999999,7.694420057606361,12.259850808864964
593.6499999999999,8.754647972902989,8.187191026797766
593.6749999999998,8.754647972902989,4.910229090396674
593.6999999999999,6.389589650461665,6.793194471418507
593.7249999999999,6.389589650461665,8.829859275811325
593.7499999999999,5.648586525343968,8.082779940870049
593.7749999999999,5.648586525343968,9.411999125265643
593.7999999999998,7.44121097252393,7.113491949048834
593.8249999999999,7.44121097252393,6.948777438720006
593.8499999999999,6.772114888874383,8.758917208524203
593.8749999999999,6.772114888874383,9.955158887932358
593.8999999999999,5.08708479452143,8.887378181174071
593.9249999999998,5.08708479452143,7.474312052736478
593.9499999999999,3.615326008183345,6.006832761966132
593.9749999999999,3.615326008183345,4.618287491493557
593.9999999999999,3.6414043613885942,4.793833462178436
594.0249999999999,3.6414043613885942,3.911358267038266
594.0499999999998,4.83269632381738,2.6454681355539122
594.0749999999999,4.83269632381738,2.563739608789966
594.0999999999999,5.834807994216493,3.517688632174764
594.1249999999999,5.834807994216493,4.547057626719772
594.1499999999999,7.461560733706613,6.002908434204857
594.1749999999998,7.461560733706613,5.294435920618815
594.1999999999999,6.368927340812787,5.88977093604493
594.2249999999999,6.368927340812787,5.953136209209205
594.2499999999999,5.770420161309216,4.835053742716875
594.2749999999999,5.770420161309216,4.673742116016436
594.2999999999998,7.7700743887441694,4.047636327011757
594.3249999999999,7.7700743887441694,3.9472411751452903
594.3499999999999,6.190774317039578,5.423732276112391
594.3749999999999,6.190774317039578,6.221650374365555
594.3999999999999,5.985582454099587,6.19846026938003
594.4249999999998,5.985582454099587,5.924809126126355
594.4499999999999,4.1432360267952015,6.240221516662987
594.4749999999999,4.1432360267952015,5.908135717242546
594.4999999999999,6.102936314350912,4.958570774451898
594.5249999999999,6.102936314350912,6.872675926122144
594.5499999999998,7.443018527922013,7.2293351020247965
594.5749999999999,7.443018527922013,8.804106081043198
594.5999999999999,6.139343268646223,11.435177699591865
594.6249999999999,6.139343268646223,8.829229799606388
594.6499999999999,8.83191414770426,6.725412411880667
594.6749999999998,8.83191414770426,6.168717566561064
594.6999999999999,9.278151639304475,4.8199527904845425
594.7249999999999,9.278151639304475,6.359768434965753
594.7499999999999,11.213715985469369,7.765674487013833
594.7749999999999,11.213715985469369,6.733241060136904
594.7999999999998,7.41179861581297,7.165702867785316
594.8249999999999,7.41179861581297,6.7421209172205625
594.8499999999999,12.106820012645858,6.607004348777474
594.8749999999999,12.106820012645858,8.787985152626034
594.8999999999999,9.516052054623064,11.681443376000502
594.9249999999998,9.516052054623064,13.402436620195527
594.9499999999999,6.405581841054608,12.877459202675766
594.9749999999999,6.405581841054608,11.62441502265656
594.9999999999999,2.866785344939211,9.15582267452341
595.0249999999999,2.866785344939211,8.634217601022872
595.0499999999998,1.979594506632394,7.458494045875708
595.0749999999999,1.979594506632394,6.6442219310880795
595.0999999999999,1.4513188032150228,5.579839134263696
595.1249999999999,1.4513188032150228,4.643254620881612
595.1499999999999,1.2546913056110345,4.723252725776574
595.1749999999998,1.2546913056110345,4.391378060853752
595.1999999999999,1.3634152282489973,3.0237209764736477
595.2249999999999,1.3634152282489973,3.344524919963286
595.2499999999999,2.1156314328914734,4.125742037305493
595.2749999999999,2.1156314328914734,4.370342907089394
595.2999999999998,3.199879129638166,5.058225352352054
595.3249999999999,3.199879129638166,4.516284235702358
595.3499999999999,4.8244783025385125,4.6628738903024285
595.3749999999999,4.8244783025385125,5.101877379335459
595.3999999999999,4.831370076969533,5.963220777060386
595.4249999999998,4.831370076969533,5.458779173836317
595.4499999999999,5.684166065606682,6.070483694255054
595.4749999999999,5.684166065606682,5.021414494197751
595.4999999999999,6.72473690404407,5.03723884236756
595.5249999999999,6.72473690404407,5.778280784792207
595.5499999999998,6.128991859524114,6.2152224056912875
595.5749999999999,6.128991859524114,7.532982408482677
595.5999999999999,3.911270466604177,6.538590899509201
595.6249999999999,3.911270466604177,5.4897177648393924
595.6499999999999,5.700805431239311,2.8194137838560485
595.6749999999998,5.700805431239311,4.63235477976693
595.6999999999999,6.580490980277276,5.187598394128079
595.7249999999999,6.580490980277276,7.3107240930454624
595.7499999999999,5.005691308581178,8.106586326161827
595.7749999999999,5.005691308581178,5.441537385422688
595.7999999999998,2.2777597148746107,5.911853630705344
595.8249999999999,2.2777597148746107,4.2657034589752625
595.8499999999999,2.469474529766272,3.812029903162216
595.8749999999999,2.469474529766272,5.872187031412676
595.8999999999999,3.5365705326754213,4.480516253825929
595.9249999999998,3.5365705326754213,4.0768146697104495
595.9499999999999,5.287783355728711,6.302128337347417
595.9749999999999,5.287783355728711,5.0716938048023525
595.9999999999999,7.02812513542725,4.732918368337037
596.0249999999999,7.02812513542725,5.8398241766288965
596.0499999999998,10.928686272766546,3.5360434773988505
596.0749999999999,10.928686272766546,2.716652815013118
596.0999999999999,10.44263456755484,4.205288116504786
596.1249999999999,10.44263456755484,2.278837171562694
596.1499999999999,7.9057713961753535,4.050008175777083
596.1749999999998,7.9057713961753535,6.731001561463623
596.1999999999999,6.347423903718647,7.559660898083866
596.2249999999999,6.347423903718647,9.221714862632302
596.2499999999999,4.829943478322357,7.973676028532418
596.2749999999999,4.829943478322357,7.051043545241353
596.2999999999998,3.239581557945568,5.851558956786006
596.3249999999999,3.239581557945568,5.6282640104519635
596.3499999999999,3.482616960117638,6.258388872755704
596.3749999999999,3.482616960117638,4.858238948316012
596.3999999999999,5.129691886954342,4.578808873808692
596.4249999999998,5.129691886954342,5.180068727420867
596.4499999999999,4.06654401704617,5.017165540395172
596.4749999999999,4.06654401704617,5.948348087796387
596.4999999999999,5.132926635413881,6.617035906302152
596.5249999999999,5.132926635413881,5.9275339449500635
596.5499999999998,5.992229642107431,5.175098068274698
596.5749999999999,5.992229642107431,5.098756117817701
596.5999999999999,7.236161826115402,5.600151764552244
596.6249999999999,7.236161826115402,6.508473009126808
596.6499999999999,9.016628101584676,8.611365322614104
596.6749999999998,9.016628101584676,7.314677444119704
596.6999999999999,10.960079789581458,6.5886325475724465
596.7249999999999,10.960079789581458,5.90930346381539
596.7499999999999,13.60325238215924,7.153059121508232
596.7749999999999,13.60325238215924,8.549054823078752
596.7999999999998,14.124557024247956,8.16817633039659
596.8249999999999,14.124557024247956,7.902983191444363
596.8499999999999,15.593581986718515,8.704096981451594
596.8749999999999,15.593581986718515,9.514854448915441
596.8999999999999,15.39508262434888,13.016953128135805
596.9249999999998,15.39508262434888,13.750293143789458
596.9499999999999,14.711516140697183,14.891166674266781
596.9749999999999,14.711516140697183,14.199770434753319
596.9999999999999,16.394175426994533,13.95838131416156
597.0249999999999,16.394175426994533,15.012819659208253
597.0499999999998,15.62911716824327,13.815644672093315
597.0749999999999,15.62911716824327,13.197025531551077
597.0999999999999,11.769256272981863,14.100429100664716
597.1249999999999,11.769256272981863,11.883581241140861
597.1499999999999,14.960869174553125,11.891314804296286
597.1749999999998,14.960869174553125,13.920714083636975
597.1999999999999,15.506103569778604,11.887188867859408
597.2249999999999,15.506103569778604,13.446950305276847
597.2499999999999,14.786360687834147,10.705798457484782
597.2749999999999,14.786360687834147,12.142515797823146
597.2999999999998,12.904255027949176,10.252837127250144
597.3249999999999,12.904255027949176,10.343918409075185
597.3499999999999,11.137856468004252,12.46879707737254
597.3749999999999,11.137856468004252,9.674621732648799
597.3999999999999,11.613649002134856,9.109987613879802
597.4249999999998,11.613649002134856,9.953152172063046
597.4499999999999,8.470284858457301,9.417195895818738
597.4749999999999,8.470284858457301,9.232682572784455
597.4999999999999,7.460859124925144,13.145149122929755
597.5249999999999,7.460859124925144,11.902792520256668
597.5499999999998,7.114053286934329,10.938115858439758
597.5749999999999,7.114053286934329,9.906307137907858
597.5999999999999,7.485236053348992,6.13241557490255
597.6249999999999,7.485236053348992,4.930571951122811
597.6499999999999,11.75044781179202,3.9778686561194903
597.6749999999998,11.75044781179202,6.083973727051976
597.6999999999999,9.932591280824871,11.412512967832901
597.7249999999999,9.932591280824871,11.797184834259378
597.7499999999999,11.146123233075324,12.098247817440788
597.7749999999999,11.146123233075324,12.775391106045067
597.7999999999998,13.49068974068315,8.756139859104218
597.8249999999999,13.49068974068315,10.839577601726443
597.8499999999999,8.898133465582221,12.316714178418648
597.8749999999999,8.898133465582221,12.38685314654033
597.8999999999999,12.5282973471546,11.685456929960557
597.9249999999998,12.5282973471546,10.174763121628734
597.9499999999999,12.677079974618216,10.410545611581107
597.9749999999999,12.677079974618216,10.327672927742222
597.9999999999999,12.08353690571597,12.02075715450021
598.0249999999999,12.08353690571597,12.536863981391505
598.0499999999998,9.31144150039968,11.163758327103864
598.0749999999999,9.31144150039968,9.274782863306323
598.0999999999999,11.16660801720596,7.17359957915923
598.1249999999999,11.16660801720596,6.424416247351285
598.1499999999999,8.586661231731402,7.737708088924608
598.1749999999998,8.586661231731402,9.131744581345078
598.1999999999999,7.492288833562687,9.285206199865517
598.2249999999999,7.492288833562687,8.398684036912279
598.2499999999999,9.314468883680648,7.553870340995882
598.2749999999999,9.314468883680648,6.3184855957388635
598.2999999999998,9.368431365959232,10.206665946114404
598.3249999999999,9.368431365959232,13.658809118163568
598.3499999999999,10.57012388361493,14.616661763585174
598.3749999999999,10.57012388361493,15.82434040419069
598.3999999999999,13.243526855167262,13.266465046847479
598.4249999999998,13.243526855167262,10.898074864909379
598.4499999999999,10.794822592403388,10.681746008965446
598.4749999999999,10.794822592403388,8.213414293522824
598.4999999999999,10.645755521077636,7.461890540029934
598.5249999999999,10.645755521077636,9.34883845205402
598.5499999999998,11.306171641082862,8.943264386440566
598.5749999999999,11.306171641082862,11.498033630897066
598.5999999999999,15.571730659990555,11.773295568243999
598.6249999999999,15.571730659990555,13.333904071955033
598.6499999999999,15.091539609117056,12.517824477290883
598.6749999999998,15.091539609117056,13.187961826262233
598.6999999999999,16.770436866208488,11.496062415941516
598.7249999999999,16.770436866208488,12.230737996046017
598.7499999999999,18.74282319993762,11.39913166899312
598.7749999999999,18.74282319993762,15.399702825731396
598.7999999999998,20.582561659187792,16.126026190669688
598.8249999999999,20.582561659187792,10.732564316831933
598.8499999999999,22.74312885887615,10.678864445006898
598.8749999999999,22.74312885887615,5.414837893786174
598.8999999999999,23.27651971675721,7.544834138756024
598.9249999999998,23.27651971675721,14.186183350097703
598.9499999999999,20.4501027353122,16.329398512661626
598.9749999999999,20.4501027353122,20.248837075027684
598.9999999999999,19.336359164896656,21.837852820252884
599.0249999999999,19.336359164896656,18.648557938868368
599.0499999999998,19.53817523379204,16.913998722587174
599.0749999999999,19.53817523379204,11.969647957644012
599.0999999999999,22.14900997773816,9.631880709176038
599.1249999999999,22.14900997773816,6.475013672135337
599.1499999999999,21.202033700678747,7.367487097864041
599.1749999999998,21.202033700678747,14.807177892624605
599.1999999999999,23.092154081706077,16.377420595676423
599.2249999999999,23.092154081706077,21.83203149336375
599.2499999999999,20.01094263194493,25.945235247143955
599.2749999999999,20.01094263194493,21.697324889974272
599.2999999999998,19.000365658671225,20.642802371381993
599.3249999999999,19.000365658671225,17.585190455709427
599.3499999999999,18.392346347006868,17.570651417339256
599.3749999999999,18.392346347006868,17.58617312544386
599.3999999999999,19.027746220215064,15.458706530889952
599.4249999999998,19.027746220215064,16.261688717065557
599.4499999999999,14.983798578390513,12.455342886852355
599.4749999999999,14.983798578390513,11.557483704284186
599.4999999999999,16.1959474106168,14.292596075823191
599.5249999999999,16.1959474106168,13.776647586959134
599.5499999999998,13.077354681961411,15.172970446644392
599.5749999999999,13.077354681961411,14.334741590640327
599.5999999999999,12.916097840304625,12.992190767208687
599.6249999999999,12.916097840304625,14.437973015073405
599.6499999999999,11.24715269786356,15.298603093462699
599.6749999999998,11.24715269786356,16.53689092077682
599.6999999999999,11.342869627192409,16.275575753395646
599.7249999999999,11.342869627192409,13.975838293863212
599.7499999999999,12.50940346913042,13.098439195457797
599.7749999999999,12.50940346913042,11.48034210564791
599.7999999999998,8.57987336418001,12.306025227156635
599.8249999999999,8.57987336418001,10.119688902863238
599.8499999999999,10.170949551412368,8.287012136874177
599.8749999999999,10.170949551412368,7.679836990071085
599.8999999999999,10.633942237546693,5.480432114986471
599.9249999999998,10.633942237546693,5.730988684700411
599.9499999999999,11.844173436124056,6.799442270394443
599.9749999999999,11.844173436124056,6.7109648392170005
599.9999999999999,11.844173436124056,9.934111394952291
