time,true,pred
420.1500000000004,near_wall,near_wall
420.17500000000035,near_wall,near_wall
420.2000000000004,near_wall,near_wall
420.22500000000036,near_wall,near_wall
420.2500000000004,near_wall,near_wall
420.2750000000004,near_wall,near_wall
420.30000000000035,near_wall,near_wall
420.3250000000004,near_wall,near_wall
420.35000000000036,near_wall,near_wall
420.3750000000004,near_wall,near_wall
420.4000000000004,near_wall,near_wall
420.42500000000035,near_wall,near_wall
420.4500000000004,near_wall,near_wall
420.47500000000036,near_wall,near_wall
420.5000000000004,near_wall,near_wall
420.5250000000004,near_wall,near_wall
420.55000000000035,near_wall,near_wall
420.5750000000004,near_wall,near_wall
420.60000000000036,near_wall,near_wall
420.6250000000004,near_wall,near_wall
420.6500000000004,near_wall,near_wall
420.67500000000035,near_wall,near_wall
420.7000000000004,near_wall,near_wall
420.72500000000036,near_wall,near_wall
420.7500000000004,near_wall,near_wall
420.7750000000004,near_wall,near_wall
420.80000000000035,near_wall,near_wall
420.8250000000004,near_wall,near_wall
420.85000000000036,near_wall,near_wall
420.8750000000004,near_wall,near_wall
420.9000000000004,near_wall,near_wall
420.92500000000035,near_wall,near_wall
420.9500000000004,near_wall,near_wall
420.97500000000036,near_wall,near_wall
421.0000000000004,near_wall,near_wall
421.0250000000004,near_wall,near_wall
421.05000000000035,near_wall,near_wall
421.0750000000004,near_wall,near_wall
421.10000000000036,near_wall,near_wall
421.1250000000004,near_wall,near_wall
421.1500000000004,near_wall,near_wall
421.17500000000035,near_wall,near_wall
421.2000000000004,near_wall,near_wall
421.22500000000036,near_wall,near_wall
421.2500000000004,near_wall,near_wall
421.2750000000004,near_wall,near_wall
421.30000000000035,near_wall,near_wall
421.3250000000004,near_wall,near_wall
421.35000000000036,near_wall,near_wall
421.3750000000004,near_wall,near_wall
421.4000000000004,near_wall,near_wall
421.42500000000035,near_wall,near_wall
421.4500000000004,near_wall,near_wall
421.47500000000036,near_wall,near_wall
421.5000000000004,near_wall,near_wall
421.5250000000004,near_wall,near_wall
421.55000000000035,near_wall,near_wall
421.5750000000004,near_wall,near_wall
421.60000000000036,near_wall,near_wall
421.6250000000004,near_wall,near_wall
421.6500000000004,near_wall,near_wall
421.67500000000035,near_wall,near_wall
421.7000000000004,near_wall,near_wall
421.72500000000036,near_wall,near_wall
421.7500000000004,near_wall,near_wall
421.7750000000004,near_wall,near_wall
421.80000000000035,near_wall,near_wall
421.8250000000004,near_wall,near_wall
421.85000000000036,near_wall,near_wall
421.8750000000004,near_wall,near_wall
421.9000000000004,near_wall,near_wall
421.92500000000035,near_wall,near_wall
421.9500000000004,near_wall,near_wall
421.97500000000036,near_wall,near_wall
422.0000000000004,near_wall,near_wall
422.0250000000004,near_wall,near_wall
422.05000000000035,near_wall,near_wall
422.0750000000004,near_wall,near_wall
422.10000000000036,near_wall,near_wall
422.1250000000004,near_wall,near_wall
422.1500000000004,near_wall,near_wall
422.17500000000035,near_wall,near_wall
422.2000000000004,near_wall,near_wall
422.22500000000036,near_wall,near_wall
422.2500000000004,near_wall,near_wall
422.2750000000004,near_wall,near_wall
422.30000000000035,near_wall,near_wall
422.3250000000004,near_wall,near_wall
422.35000000000036,near_wall,near_wall
422.3750000000004,near_wall,near_wall
422.4000000000004,near_wall,near_wall
422.42500000000035,near_wall,near_wall
422.4500000000004,near_wall,near_wall
422.47500000000036,near_wall,near_wall
422.5000000000004,near_wall,near_wall
422.5250000000004,near_wall,near_wall
422.55000000000035,near_wall,near_wall
422.5750000000004,near_wall,near_wall
422.60000000000036,near_wall,near_wall
422.6250000000004,near_wall,near_wall
422.6500000000004,near_wall,near_wall
422.67500000000035,near_wall,near_wall
422.7000000000004,near_wall,near_wall
422.72500000000036,near_wall,near_wall
422.7500000000004,near_wall,near_wall
422.7750000000004,near_wall,near_wall
422.80000000000035,near_wall,near_wall
422.8250000000004,near_wall,near_wall
422.85000000000036,near_wall,near_wall
422.8750000000004,near_wall,near_wall
422.9000000000004,near_wall,near_wall
422.92500000000035,near_wall,near_wall
422.9500000000004,near_wall,near_wall
422.97500000000036,near_wall,near_wall
423.0000000000004,near_wall,near_wall
423.0250000000004,near_wall,near_wall
423.05000000000035,near_wall,near_wall
423.0750000000004,near_wall,near_wall
423.10000000000036,near_wall,near_wall
423.1250000000004,near_wall,near_wall
423.1500000000004,near_wall,near_wall
423.17500000000035,near_wall,near_wall
423.2000000000004,near_wall,near_wall
423.22500000000036,near_wall,near_wall
423.2500000000004,near_wall,near_wall
423.2750000000004,near_wall,near_wall
423.30000000000035,near_wall,near_wall
423.3250000000004,near_wall,near_wall
423.35000000000036,near_wall,near_wall
423.3750000000004,near_wall,near_wall
423.4000000000004,near_wall,near_wall
423.42500000000035,near_wall,near_wall
423.4500000000004,near_wall,near_wall
423.47500000000036,near_wall,near_wall
423.5000000000004,near_wall,near_wall
423.5250000000004,near_wall,near_wall
423.55000000000035,near_wall,near_wall
423.5750000000004,near_wall,near_wall
423.60000000000036,near_wall,near_wall
423.6250000000004,near_wall,near_wall
423.6500000000004,near_wall,near_wall
423.67500000000035,near_wall,near_wall
423.7000000000004,near_wall,near_wall
423.72500000000036,near_wall,near_wall
423.7500000000004,near_wall,near_wall
423.7750000000004,near_wall,near_wall
423.80000000000035,near_wall,near_wall
423.8250000000004,near_wall,near_wall
423.85000000000036,near_wall,near_wall
423.8750000000004,near_wall,near_wall
423.9000000000004,near_wall,near_wall
423.92500000000035,near_wall,near_wall
423.9500000000004,near_wall,near_wall
423.97500000000036,near_wall,near_wall
424.0000000000004,near_wall,near_wall
424.0250000000004,near_wall,near_wall
424.05000000000035,near_wall,near_wall
424.0750000000004,near_wall,near_wall
424.10000000000036,near_wall,near_wall
424.1250000000004,near_wall,near_wall
424.1500000000004,near_wall,near_wall
424.17500000000035,near_wall,near_wall
424.2000000000004,near_wall,near_wall
424.22500000000036,near_wall,near_wall
424.2500000000004,near_wall,near_wall
424.2750000000004,near_wall,near_wall
424.30000000000035,near_wall,near_wall
424.3250000000004,near_wall,near_wall
424.35000000000036,near_wall,near_wall
424.3750000000004,near_wall,near_wall
424.4000000000004,near_wall,near_wall
424.42500000000035,near_wall,near_wall
424.4500000000004,near_wall,near_wall
424.47500000000036,near_wall,near_wall
424.5000000000004,near_wall,near_wall
424.5250000000004,near_wall,near_wall
424.55000000000035,near_wall,near_wall
424.5750000000004,near_wall,near_wall
424.60000000000036,near_wall,near_wall
424.6250000000004,near_wall,near_wall
424.6500000000004,near_wall,near_wall
424.67500000000035,near_wall,near_wall
424.7000000000004,near_wall,near_wall
424.72500000000036,near_wall,near_wall
424.7500000000004,near_wall,near_wall
424.7750000000004,near_wall,near_wall
424.80000000000035,near_wall,near_wall
424.8250000000004,near_wall,near_wall
424.85000000000036,near_wall,near_wall
424.8750000000004,near_wall,near_wall
424.9000000000004,near_wall,near_wall
424.92500000000035,near_wall,near_wall
424.9500000000004,near_wall,near_wall
424.97500000000036,near_wall,near_wall
425.0000000000004,near_wall,near_wall
425.0250000000004,near_wall,near_wall
425.05000000000035,near_wall,near_wall
425.0750000000004,near_wall,near_wall
425.10000000000036,near_wall,near_wall
425.1250000000004,near_wall,near_wall
425.1500000000004,near_wall,near_wall
425.17500000000035,near_wall,near_wall
425.2000000000004,near_wall,near_wall
425.22500000000036,near_wall,near_wall
425.2500000000004,near_wall,near_wall
425.2750000000004,near_wall,near_wall
425.30000000000035,near_wall,near_wall
425.3250000000004,near_wall,near_wall
425.35000000000036,near_wall,near_wall
425.3750000000004,near_wall,near_wall
425.4000000000004,near_wall,near_wall
425.42500000000035,near_wall,near_wall
425.4500000000004,near_wall,near_wall
425.47500000000036,near_wall,near_wall
425.5000000000004,near_wall,near_wall
425.5250000000004,near_wall,near_wall
425.55000000000035,near_wall,near_wall
425.5750000000004,near_wall,near_wall
425.60000000000036,near_wall,near_wall
425.6250000000004,near_wall,near_wall
425.6500000000004,near_wall,near_wall
425.67500000000035,near_wall,near_wall
425.7000000000004,near_wall,near_wall
425.72500000000036,near_wall,near_wall
425.7500000000004,near_wall,near_wall
425.7750000000004,near_wall,near_wall
425.80000000000035,near_wall,near_wall
425.8250000000004,near_wall,near_wall
425.85000000000036,near_wall,near_wall
425.8750000000004,near_wall,near_wall
425.9000000000004,near_wall,near_wall
425.92500000000035,near_wall,near_wall
425.9500000000004,near_wall,near_wall
425.97500000000036,near_wall,near_wall
426.0000000000004,near_wall,near_wall
426.0250000000004,near_wall,near_wall
426.05000000000035,near_wall,near_wall
426.0750000000004,near_wall,near_wall
426.10000000000036,near_wall,near_wall
426.1250000000004,near_wall,near_wall
426.1500000000004,near_wall,near_wall
426.17500000000035,near_wall,near_wall
426.2000000000004,near_wall,near_wall
426.22500000000036,near_wall,near_wall
426.2500000000004,near_wall,near_wall
426.2750000000004,near_wall,near_wall
426.30000000000035,near_wall,near_wall
426.3250000000004,near_wall,near_wall
426.35000000000036,near_wall,near_wall
426.3750000000004,near_wall,near_wall
426.4000000000004,near_wall,near_wall
426.42500000000035,near_wall,near_wall
426.4500000000004,near_wall,near_wall
426.47500000000036,near_wall,near_wall
426.5000000000004,near_wall,near_wall
426.5250000000004,near_wall,near_wall
426.55000000000035,near_wall,near_wall
426.5750000000004,near_wall,near_wall
426.60000000000036,near_wall,near_wall
426.6250000000004,near_wall,near_wall
426.6500000000004,near_wall,near_wall
426.67500000000035,near_wall,near_wall
426.7000000000004,near_wall,near_wall
426.72500000000036,near_wall,near_wall
426.7500000000004,near_wall,near_wall
426.7750000000004,near_wall,near_wall
426.80000000000035,near_wall,near_wall
426.8250000000004,near_wall,near_wall
426.85000000000036,near_wall,near_wall
426.8750000000004,near_wall,near_wall
426.9000000000004,near_wall,near_wall
426.92500000000035,near_wall,near_wall
426.9500000000004,near_wall,near_wall
426.97500000000036,near_wall,near_wall
427.0000000000004,near_wall,near_wall
427.0250000000004,near_wall,near_wall
427.05000000000035,near_wall,near_wall
427.0750000000004,near_wall,near_wall
427.10000000000036,near_wall,near_wall
427.1250000000004,near_wall,near_wall
427.1500000000004,near_wall,near_wall
427.17500000000035,near_wall,near_wall
427.2000000000004,near_wall,near_wall
427.22500000000036,near_wall,near_wall
427.2500000000004,near_wall,near_wall
427.2750000000004,near_wall,near_wall
427.30000000000035,near_wall,near_wall
427.3250000000004,near_wall,near_wall
427.35000000000036,near_wall,near_wall
427.3750000000004,near_wall,near_wall
427.4000000000004,near_wall,near_wall
427.42500000000035,near_wall,near_wall
427.4500000000004,near_wall,near_wall
427.47500000000036,near_wall,near_wall
427.5000000000004,near_wall,near_wall
427.5250000000004,near_wall,near_wall
427.55000000000035,near_wall,near_wall
427.5750000000004,near_wall,near_wall
427.60000000000036,near_wall,near_wall
427.6250000000004,near_wall,near_wall
427.6500000000004,near_wall,near_wall
427.67500000000035,near_wall,near_wall
427.7000000000004,near_wall,near_wall
427.72500000000036,near_wall,near_wall
427.7500000000004,near_wall,near_wall
427.7750000000004,near_wall,near_wall
427.80000000000035,near_wall,near_wall
427.8250000000004,near_wall,near_wall
427.85000000000036,near_wall,near_wall
427.8750000000004,near_wall,near_wall
427.9000000000004,near_wall,near_wall
427.92500000000035,near_wall,near_wall
427.9500000000004,near_wall,near_wall
427.97500000000036,near_wall,near_wall
428.0000000000004,near_wall,near_wall
428.0250000000004,near_wall,near_wall
428.05000000000035,near_wall,near_wall
428.0750000000004,near_wall,near_wall
428.10000000000036,near_wall,near_wall
428.1250000000004,near_wall,near_wall
428.1500000000004,near_wall,near_wall
428.17500000000035,near_wall,near_wall
428.2000000000004,near_wall,near_wall
428.22500000000036,near_wall,near_wall
428.2500000000004,near_wall,near_wall
428.2750000000004,near_wall,near_wall
428.30000000000035,near_wall,near_wall
428.3250000000004,near_wall,near_wall
428.35000000000036,near_wall,near_wall
428.3750000000004,near_wall,near_wall
428.4000000000004,near_wall,near_wall
428.42500000000035,near_wall,near_wall
428.4500000000004,near_wall,near_wall
428.47500000000036,near_wall,near_wall
428.5000000000004,near_wall,near_wall
428.5250000000004,near_wall,near_wall
428.55000000000035,near_wall,near_wall
428.5750000000004,near_wall,near_wall
428.60000000000036,near_wall,near_wall
428.6250000000004,near_wall,near_wall
428.6500000000004,near_wall,near_wall
428.67500000000035,near_wall,near_wall
428.7000000000004,near_wall,near_wall
428.72500000000036,near_wall,near_wall
428.7500000000004,near_wall,near_wall
428.7750000000004,near_wall,near_wall
428.80000000000035,near_wall,near_wall
428.8250000000004,near_wall,near_wall
428.85000000000036,near_wall,near_wall
428.8750000000004,near_wall,near_wall
428.9000000000004,near_wall,near_wall
428.92500000000035,near_wall,near_wall
428.9500000000004,near_wall,near_wall
428.97500000000036,near_wall,near_wall
429.0000000000004,near_wall,near_wall
429.0250000000004,near_wall,near_wall
429.05000000000035,near_wall,near_wall
429.0750000000004,near_wall,near_wall
429.10000000000036,near_wall,near_wall
429.1250000000004,near_wall,near_wall
429.1500000000004,near_wall,near_wall
429.17500000000035,near_wall,near_wall
429.2000000000004,near_wall,near_wall
429.22500000000036,near_wall,near_wall
429.2500000000004,near_wall,near_wall
429.2750000000004,near_wall,near_wall
429.3000000000004,near_wall,near_wall
429.3250000000004,near_wall,near_wall
429.35000000000036,near_wall,near_wall
429.3750000000004,near_wall,near_wall
429.4000000000004,near_wall,near_wall
429.4250000000004,near_wall,near_wall
429.4500000000004,near_wall,near_wall
429.47500000000036,near_wall,near_wall
429.5000000000004,near_wall,near_wall
429.5250000000004,near_wall,near_wall
429.5500000000004,near_wall,near_wall
429.5750000000004,near_wall,near_wall
429.60000000000036,near_wall,near_wall
429.6250000000004,near_wall,near_wall
429.6500000000004,near_wall,near_wall
429.6750000000004,near_wall,near_wall
429.7000000000004,near_wall,near_wall
429.72500000000036,near_wall,near_wall
429.7500000000004,near_wall,near_wall
429.7750000000004,near_wall,near_wall
429.8000000000004,near_wall,near_wall
429.8250000000004,near_wall,near_wall
429.85000000000036,near_wall,near_wall
429.8750000000004,near_wall,near_wall
429.9000000000004,near_wall,near_wall
429.9250000000004,near_wall,near_wall
429.9500000000004,near_wall,near_wall
429.97500000000036,near_wall,near_wall
430.0000000000004,near_wall,near_wall
430.0250000000004,near_wall,near_wall
430.0500000000004,near_wall,near_wall
430.0750000000004,near_wall,near_wall
430.10000000000036,near_wall,near_wall
430.1250000000004,near_wall,near_wall
430.1500000000004,near_wall,near_wall
430.1750000000004,near_wall,near_wall
430.2000000000004,near_wall,near_wall
430.22500000000036,near_wall,near_wall
430.2500000000004,near_wall,near_wall
430.2750000000004,near_wall,near_wall
430.3000000000004,near_wall,near_wall
430.3250000000004,near_wall,near_wall
430.35000000000036,near_wall,near_wall
430.3750000000004,near_wall,near_wall
430.4000000000004,near_wall,near_wall
430.4250000000004,near_wall,near_wall
430.4500000000004,near_wall,near_wall
430.47500000000036,near_wall,near_wall
430.5000000000004,near_wall,near_wall
430.5250000000004,near_wall,near_wall
430.5500000000004,near_wall,near_wall
430.5750000000004,near_wall,near_wall
430.60000000000036,near_wall,near_wall
430.6250000000004,near_wall,near_wall
430.6500000000004,near_wall,near_wall
430.6750000000004,near_wall,near_wall
430.7000000000004,near_wall,near_wall
430.72500000000036,near_wall,near_wall
430.7500000000004,near_wall,near_wall
430.7750000000004,near_wall,near_wall
430.8000000000004,near_wall,near_wall
430.8250000000004,near_wall,near_wall
430.85000000000036,near_wall,near_wall
430.8750000000004,near_wall,near_wall
430.9000000000004,near_wall,near_wall
430.9250000000004,near_wall,near_wall
430.9500000000004,near_wall,near_wall
430.97500000000036,near_wall,near_wall
431.0000000000004,near_wall,near_wall
431.0250000000004,near_wall,near_wall
431.0500000000004,near_wall,near_wall
431.0750000000004,near_wall,near_wall
431.10000000000036,near_wall,near_wall
431.1250000000004,near_wall,near_wall
431.1500000000004,near_wall,near_wall
431.1750000000004,near_wall,near_wall
431.2000000000004,near_wall,near_wall
431.22500000000036,near_wall,near_wall
431.2500000000004,near_wall,near_wall
431.2750000000004,near_wall,near_wall
431.3000000000004,near_wall,near_wall
431.3250000000004,near_wall,near_wall
431.35000000000036,near_wall,near_wall
431.3750000000004,near_wall,near_wall
431.4000000000004,near_wall,near_wall
431.4250000000004,near_wall,near_wall
431.4500000000004,near_wall,near_wall
431.47500000000036,near_wall,near_wall
431.5000000000004,near_wall,near_wall
431.5250000000004,near_wall,near_wall
431.5500000000004,near_wall,near_wall
431.5750000000004,near_wall,near_wall
431.60000000000036,near_wall,near_wall
431.6250000000004,near_wall,near_wall
431.6500000000004,near_wall,near_wall
431.6750000000004,near_wall,near_wall
431.7000000000004,near_wall,near_wall
431.72500000000036,near_wall,near_wall
431.7500000000004,near_wall,near_wall
431.7750000000004,near_wall,near_wall
431.8000000000004,near_wall,near_wall
431.8250000000004,near_wall,near_wall
431.85000000000036,near_wall,near_wall
431.8750000000004,near_wall,near_wall
431.9000000000004,near_wall,near_wall
431.9250000000004,near_wall,near_wall
431.9500000000004,near_wall,near_wall
431.97500000000036,near_wall,near_wall
432.0000000000004,near_wall,near_wall
432.0250000000004,near_wall,near_wall
432.0500000000004,near_wall,near_wall
432.0750000000004,near_wall,near_wall
432.10000000000036,near_wall,near_wall
432.1250000000004,near_wall,near_wall
432.1500000000004,near_wall,near_wall
432.1750000000004,near_wall,near_wall
432.2000000000004,near_wall,near_wall
432.22500000000036,near_wall,near_wall
432.2500000000004,near_wall,near_wall
432.2750000000004,near_wall,near_wall
432.3000000000004,near_wall,near_wall
432.3250000000004,near_wall,near_wall
432.35000000000036,near_wall,near_wall
432.3750000000004,near_wall,near_wall
432.4000000000004,near_wall,near_wall
432.4250000000004,near_wall,near_wall
432.4500000000004,near_wall,near_wall
432.47500000000036,near_wall,near_wall
432.5000000000004,near_wall,near_wall
432.5250000000004,near_wall,near_wall
432.5500000000004,near_wall,near_wall
432.5750000000004,near_wall,near_wall
432.60000000000036,near_wall,near_wall
432.6250000000004,near_wall,near_wall
432.6500000000004,near_wall,near_wall
432.6750000000004,near_wall,near_wall
432.7000000000004,near_wall,near_wall
432.72500000000036,near_wall,near_wall
432.7500000000004,near_wall,near_wall
432.7750000000004,near_wall,near_wall
432.8000000000004,near_wall,near_wall
432.8250000000004,near_wall,near_wall
432.85000000000036,near_wall,near_wall
432.8750000000004,near_wall,near_wall
432.9000000000004,near_wall,near_wall
432.9250000000004,near_wall,near_wall
432.9500000000004,near_wall,near_wall
432.97500000000036,near_wall,near_wall
433.0000000000004,near_wall,near_wall
433.0250000000004,near_wall,near_wall
433.0500000000004,near_wall,near_wall
433.0750000000004,near_wall,near_wall
433.10000000000036,near_wall,near_wall
433.1250000000004,near_wall,near_wall
433.1500000000004,near_wall,near_wall
433.1750000000004,near_wall,near_wall
433.2000000000004,near_wall,near_wall
433.22500000000036,near_wall,near_wall
433.2500000000004,near_wall,near_wall
433.2750000000004,near_wall,near_wall
433.3000000000004,near_wall,near_wall
433.3250000000004,near_wall,near_wall
433.35000000000036,near_wall,near_wall
433.3750000000004,near_wall,near_wall
433.4000000000004,near_wall,near_wall
433.4250000000004,near_wall,near_wall
433.4500000000004,near_wall,near_wall
433.47500000000036,near_wall,near_wall
433.5000000000004,near_wall,near_wall
433.5250000000004,near_wall,near_wall
433.5500000000004,near_wall,near_wall
433.5750000000004,near_wall,near_wall
433.60000000000036,near_wall,near_wall
433.6250000000004,near_wall,near_wall
433.6500000000004,near_wall,near_wall
433.6750000000004,near_wall,near_wall
433.7000000000004,near_wall,near_wall
433.72500000000036,near_wall,near_wall
433.7500000000004,near_wall,near_wall
433.7750000000004,near_wall,near_wall
433.8000000000004,near_wall,near_wall
433.8250000000004,near_wall,near_wall
433.85000000000036,near_wall,near_wall
433.8750000000004,near_wall,near_wall
433.9000000000004,near_wall,near_wall
433.9250000000004,near_wall,near_wall
433.9500000000004,near_wall,near_wall
433.97500000000036,near_wall,near_wall
434.0000000000004,near_wall,near_wall
434.0250000000004,near_wall,near_wall
434.0500000000004,near_wall,near_wall
434.0750000000004,near_wall,near_wall
434.10000000000036,near_wall,near_wall
434.1250000000004,near_wall,near_wall
434.1500000000004,near_wall,near_wall
434.1750000000004,near_wall,near_wall
434.2000000000004,near_wall,near_wall
434.22500000000036,near_wall,near_wall
434.2500000000004,near_wall,near_wall
434.2750000000004,near_wall,near_wall
434.3000000000004,near_wall,near_wall
434.3250000000004,near_wall,near_wall
434.35000000000036,near_wall,near_wall
434.3750000000004,near_wall,near_wall
434.4000000000004,near_wall,near_wall
434.4250000000004,near_wall,near_wall
434.4500000000004,near_wall,near_wall
434.47500000000036,near_wall,near_wall
434.5000000000004,near_wall,near_wall
434.5250000000004,near_wall,near_wall
434.5500000000004,near_wall,near_wall
434.5750000000004,near_wall,near_wall
434.60000000000036,near_wall,near_wall
434.6250000000004,near_wall,near_wall
434.6500000000004,near_wall,near_wall
434.6750000000004,near_wall,near_wall
434.7000000000004,near_wall,near_wall
434.72500000000036,near_wall,near_wall
434.7500000000004,near_wall,near_wall
434.7750000000004,near_wall,near_wall
434.8000000000004,near_wall,near_wall
434.8250000000004,near_wall,near_wall
434.85000000000036,near_wall,near_wall
434.8750000000004,near_wall,near_wall
434.9000000000004,near_wall,near_wall
434.9250000000004,near_wall,near_wall
434.9500000000004,near_wall,near_wall
434.97500000000036,near_wall,near_wall
435.0000000000004,near_wall,near_wall
435.0250000000004,near_wall,near_wall
435.0500000000004,near_wall,near_wall
435.0750000000004,near_wall,near_wall
435.10000000000036,near_wall,near_wall
435.1250000000004,near_wall,near_wall
435.1500000000004,near_wall,near_wall
435.1750000000004,near_wall,near_wall
435.2000000000004,near_wall,near_wall
435.22500000000036,near_wall,near_wall
435.2500000000004,near_wall,near_wall
435.2750000000004,near_wall,near_wall
435.3000000000004,near_wall,near_wall
435.3250000000004,near_wall,near_wall
435.35000000000036,near_wall,near_wall
435.3750000000004,near_wall,near_wall
435.4000000000004,near_wall,near_wall
435.4250000000004,near_wall,near_wall
435.4500000000004,near_wall,near_wall
435.47500000000036,near_wall,near_wall
435.5000000000004,near_wall,near_wall
435.5250000000004,near_wall,near_wall
435.5500000000004,near_wall,near_wall
435.5750000000004,near_wall,near_wall
435.60000000000036,near_wall,near_wall
435.6250000000004,near_wall,near_wall
435.6500000000004,near_wall,near_wall
435.6750000000004,near_wall,near_wall
435.7000000000004,near_wall,near_wall
435.72500000000036,near_wall,near_wall
435.7500000000004,near_wall,near_wall
435.7750000000004,near_wall,near_wall
435.8000000000004,near_wall,near_wall
435.8250000000004,near_wall,near_wall
435.85000000000036,near_wall,near_wall
435.8750000000004,near_wall,near_wall
435.9000000000004,near_wall,near_wall
435.9250000000004,near_wall,near_wall
435.9500000000004,near_wall,near_wall
435.97500000000036,near_wall,near_wall
436.0000000000004,near_wall,near_wall
436.0250000000004,near_wall,near_wall
436.0500000000004,near_wall,near_wall
436.0750000000004,near_wall,near_wall
436.10000000000036,near_wall,near_wall
436.1250000000004,near_wall,near_wall
436.1500000000004,near_wall,near_wall
436.1750000000004,near_wall,near_wall
436.2000000000004,near_wall,near_wall
436.22500000000036,near_wall,near_wall
436.2500000000004,near_wall,near_wall
436.2750000000004,near_wall,near_wall
436.3000000000004,near_wall,near_wall
436.3250000000004,near_wall,near_wall
436.35000000000036,near_wall,near_wall
436.3750000000004,near_wall,near_wall
436.4000000000004,near_wall,near_wall
436.4250000000004,near_wall,near_wall
436.4500000000004,near_wall,near_wall
436.47500000000036,near_wall,near_wall
436.5000000000004,near_wall,near_wall
436.5250000000004,near_wall,near_wall
436.5500000000004,near_wall,near_wall
436.5750000000004,near_wall,near_wall
436.60000000000036,near_wall,near_wall
436.6250000000004,near_wall,near_wall
436.6500000000004,near_wall,near_wall
436.6750000000004,near_wall,near_wall
436.7000000000004,near_wall,near_wall
436.72500000000036,near_wall,near_wall
436.7500000000004,near_wall,near_wall
436.7750000000004,near_wall,near_wall
436.8000000000004,near_wall,middle
436.8250000000004,near_wall,middle
436.85000000000036,near_wall,middle
436.8750000000004,near_wall,near_wall
436.9000000000004,near_wall,near_wall
436.9250000000004,near_wall,near_wall
436.9500000000004,near_wall,near_wall
436.97500000000036,near_wall,near_wall
437.0000000000004,near_wall,near_wall
437.0250000000004,near_wall,near_wall
437.0500000000004,near_wall,near_wall
437.0750000000004,near_wall,near_wall
437.10000000000036,near_wall,near_wall
437.1250000000004,near_wall,near_wall
437.1500000000004,near_wall,near_wall
437.1750000000004,near_wall,near_wall
437.2000000000004,near_wall,near_wall
437.22500000000036,near_wall,middle
437.2500000000004,near_wall,middle
437.2750000000004,near_wall,middle
437.3000000000004,near_wall,middle
437.3250000000004,near_wall,near_wall
437.35000000000036,near_wall,middle
437.3750000000004,near_wall,near_wall
437.4000000000004,near_wall,middle
437.4250000000004,middle,middle
437.4500000000004,middle,near_wall
437.47500000000036,middle,near_wall
437.5000000000004,middle,near_wall
437.5250000000004,middle,middle
437.5500000000004,middle,middle
437.5750000000004,middle,middle
437.60000000000036,middle,middle
437.6250000000004,middle,near_wall
437.6500000000004,middle,near_wall
437.6750000000004,middle,near_wall
437.7000000000004,middle,middle
437.72500000000036,middle,middle
437.7500000000004,middle,middle
437.7750000000004,middle,middle
437.8000000000004,middle,middle
437.8250000000004,middle,middle
437.85000000000036,middle,middle
437.8750000000004,middle,middle
437.9000000000004,middle,middle
437.9250000000004,middle,middle
437.9500000000004,middle,middle
437.97500000000036,middle,middle
438.0000000000004,middle,middle
438.0250000000004,middle,middle
438.0500000000004,middle,middle
438.0750000000004,middle,middle
438.10000000000036,middle,middle
438.1250000000004,middle,middle
438.1500000000004,middle,middle
438.1750000000004,middle,middle
438.2000000000004,middle,middle
438.22500000000036,middle,middle
438.2500000000004,middle,middle
438.2750000000004,middle,middle
438.3000000000004,middle,middle
438.3250000000004,middle,middle
438.35000000000036,middle,middle
438.3750000000004,middle,middle
438.4000000000004,middle,middle
438.4250000000004,middle,middle
438.4500000000004,middle,middle
438.47500000000036,middle,middle
438.5000000000004,middle,middle
438.5250000000004,middle,middle
438.5500000000004,middle,middle
438.5750000000004,middle,middle
438.60000000000036,middle,middle
438.6250000000004,middle,middle
438.6500000000004,middle,middle
438.6750000000004,middle,middle
438.7000000000004,middle,middle
438.72500000000036,middle,middle
438.7500000000004,middle,middle
438.7750000000004,middle,middle
438.8000000000004,middle,middle
438.8250000000004,middle,middle
438.85000000000036,middle,middle
438.8750000000004,middle,middle
438.9000000000004,middle,middle
438.9250000000004,middle,middle
438.9500000000004,middle,middle
438.97500000000036,middle,middle
439.0000000000004,middle,middle
439.0250000000004,middle,middle
439.0500000000004,middle,middle
439.0750000000004,middle,middle
439.10000000000036,middle,middle
439.1250000000004,middle,middle
439.1500000000004,middle,middle
439.1750000000004,middle,middle
439.2000000000004,middle,middle
439.22500000000036,middle,middle
439.2500000000004,middle,middle
439.2750000000004,middle,middle
439.3000000000004,middle,middle
439.3250000000004,middle,middle
439.35000000000036,middle,near_wall
439.3750000000004,middle,near_wall
439.4000000000004,middle,middle
439.4250000000004,middle,middle
439.4500000000004,middle,middle
439.47500000000036,middle,middle
439.5000000000004,middle,middle
439.5250000000004,middle,middle
439.5500000000004,middle,middle
439.5750000000004,middle,middle
439.60000000000036,middle,middle
439.6250000000004,middle,middle
439.6500000000004,middle,middle
439.6750000000004,middle,middle
439.7000000000004,middle,middle
439.72500000000036,middle,middle
439.7500000000004,middle,middle
439.7750000000004,middle,middle
439.8000000000004,middle,middle
439.8250000000004,near_wall,near_wall
439.85000000000036,near_wall,near_wall
439.8750000000004,near_wall,near_wall
439.9000000000004,near_wall,near_wall
439.9250000000004,near_wall,near_wall
439.9500000000004,near_wall,near_wall
439.97500000000036,near_wall,near_wall
440.0000000000004,near_wall,near_wall
440.0250000000004,near_wall,near_wall
440.0500000000004,near_wall,near_wall
440.0750000000004,near_wall,near_wall
440.10000000000036,near_wall,near_wall
440.1250000000004,near_wall,near_wall
440.1500000000004,near_wall,near_wall
440.1750000000004,near_wall,near_wall
440.2000000000004,near_wall,near_wall
440.22500000000036,near_wall,near_wall
440.2500000000004,near_wall,near_wall
440.2750000000004,near_wall,near_wall
440.3000000000004,near_wall,near_wall
440.3250000000004,near_wall,near_wall
440.35000000000036,near_wall,near_wall
440.3750000000004,near_wall,near_wall
440.4000000000004,near_wall,near_wall
440.4250000000004,near_wall,near_wall
440.4500000000004,near_wall,near_wall
440.47500000000036,near_wall,near_wall
440.5000000000004,near_wall,near_wall
440.5250000000004,near_wall,near_wall
440.5500000000004,near_wall,near_wall
440.5750000000004,near_wall,near_wall
440.60000000000036,near_wall,near_wall
440.6250000000004,near_wall,near_wall
440.6500000000004,near_wall,near_wall
440.6750000000004,near_wall,near_wall
440.7000000000004,near_wall,near_wall
440.72500000000036,near_wall,near_wall
440.7500000000004,near_wall,near_wall
440.7750000000004,near_wall,near_wall
440.8000000000004,near_wall,near_wall
440.8250000000004,near_wall,near_wall
440.85000000000036,near_wall,near_wall
440.8750000000004,near_wall,near_wall
440.9000000000004,near_wall,near_wall
440.9250000000004,near_wall,near_wall
440.9500000000004,near_wall,near_wall
440.97500000000036,near_wall,near_wall
441.0000000000004,near_wall,near_wall
441.0250000000004,near_wall,near_wall
441.0500000000004,near_wall,near_wall
441.0750000000004,near_wall,near_wall
441.10000000000036,near_wall,near_wall
441.1250000000004,near_wall,near_wall
441.1500000000004,near_wall,near_wall
441.1750000000004,near_wall,near_wall
441.2000000000004,near_wall,near_wall
441.22500000000036,near_wall,near_wall
441.2500000000004,near_wall,near_wall
441.2750000000004,near_wall,near_wall
441.3000000000004,near_wall,near_wall
441.3250000000004,near_wall,near_wall
441.35000000000036,near_wall,near_wall
441.3750000000004,near_wall,near_wall
441.4000000000004,near_wall,near_wall
441.4250000000004,near_wall,near_wall
441.4500000000004,near_wall,near_wall
441.47500000000036,near_wall,near_wall
441.5000000000004,near_wall,near_wall
441.5250000000004,near_wall,near_wall
441.5500000000004,near_wall,near_wall
441.5750000000004,near_wall,near_wall
441.60000000000036,near_wall,near_wall
441.6250000000004,near_wall,near_wall
441.6500000000004,near_wall,near_wall
441.6750000000004,near_wall,near_wall
441.7000000000004,near_wall,near_wall
441.72500000000036,near_wall,near_wall
441.7500000000004,near_wall,near_wall
441.7750000000004,near_wall,near_wall
441.8000000000004,near_wall,near_wall
441.8250000000004,near_wall,near_wall
441.85000000000036,near_wall,near_wall
441.8750000000004,near_wall,near_wall
441.9000000000004,near_wall,near_wall
441.9250000000004,near_wall,near_wall
441.9500000000004,near_wall,near_wall
441.97500000000036,near_wall,near_wall
442.0000000000004,near_wall,near_wall
442.0250000000004,near_wall,near_wall
442.0500000000004,near_wall,near_wall
442.0750000000004,near_wall,near_wall
442.10000000000036,near_wall,near_wall
442.1250000000004,near_wall,near_wall
442.1500000000004,near_wall,near_wall
442.1750000000004,near_wall,near_wall
442.2000000000004,near_wall,near_wall
442.2250000000004,near_wall,near_wall
442.2500000000004,near_wall,near_wall
442.2750000000004,near_wall,near_wall
442.3000000000004,near_wall,near_wall
442.3250000000004,near_wall,near_wall
442.3500000000004,near_wall,near_wall
442.3750000000004,near_wall,near_wall
442.4000000000004,near_wall,near_wall
442.4250000000004,near_wall,near_wall
442.4500000000004,near_wall,near_wall
442.4750000000004,near_wall,near_wall
442.5000000000004,near_wall,near_wall
442.5250000000004,near_wall,near_wall
442.5500000000004,near_wall,near_wall
442.5750000000004,near_wall,near_wall
442.6000000000004,near_wall,near_wall
442.6250000000004,near_wall,near_wall
442.6500000000004,near_wall,near_wall
442.6750000000004,near_wall,near_wall
442.7000000000004,near_wall,near_wall
442.7250000000004,near_wall,near_wall
442.7500000000004,near_wall,near_wall
442.7750000000004,near_wall,near_wall
442.8000000000004,near_wall,near_wall
442.8250000000004,near_wall,near_wall
442.8500000000004,near_wall,near_wall
442.8750000000004,near_wall,near_wall
442.9000000000004,near_wall,near_wall
442.9250000000004,near_wall,near_wall
442.9500000000004,near_wall,near_wall
442.9750000000004,near_wall,near_wall
443.0000000000004,near_wall,near_wall
443.0250000000004,near_wall,near_wall
443.0500000000004,near_wall,near_wall
443.0750000000004,near_wall,near_wall
443.1000000000004,near_wall,near_wall
443.1250000000004,near_wall,near_wall
443.1500000000004,near_wall,near_wall
443.1750000000004,near_wall,near_wall
443.2000000000004,near_wall,near_wall
443.2250000000004,near_wall,near_wall
443.2500000000004,near_wall,near_wall
443.2750000000004,near_wall,near_wall
443.3000000000004,near_wall,near_wall
443.3250000000004,near_wall,near_wall
443.3500000000004,near_wall,near_wall
443.3750000000004,near_wall,near_wall
443.4000000000004,near_wall,near_wall
443.4250000000004,near_wall,near_wall
443.4500000000004,near_wall,near_wall
443.4750000000004,near_wall,near_wall
443.5000000000004,near_wall,near_wall
443.5250000000004,near_wall,near_wall
443.5500000000004,near_wall,near_wall
443.5750000000004,near_wall,near_wall
443.6000000000004,near_wall,near_wall
443.6250000000004,near_wall,near_wall
443.6500000000004,near_wall,near_wall
443.6750000000004,near_wall,near_wall
443.7000000000004,near_wall,near_wall
443.7250000000004,near_wall,near_wall
443.7500000000004,near_wall,near_wall
443.7750000000004,near_wall,near_wall
443.8000000000004,near_wall,near_wall
443.8250000000004,near_wall,near_wall
443.8500000000004,near_wall,near_wall
443.8750000000004,near_wall,near_wall
443.9000000000004,near_wall,near_wall
443.9250000000004,near_wall,near_wall
443.9500000000004,near_wall,near_wall
443.9750000000004,near_wall,near_wall
444.0000000000004,near_wall,near_wall
444.0250000000004,near_wall,near_wall
444.0500000000004,near_wall,near_wall
444.0750000000004,near_wall,near_wall
444.1000000000004,near_wall,near_wall
444.1250000000004,near_wall,near_wall
444.1500000000004,near_wall,near_wall
444.1750000000004,near_wall,near_wall
444.2000000000004,near_wall,near_wall
444.2250000000004,near_wall,near_wall
444.2500000000004,near_wall,near_wall
444.2750000000004,near_wall,near_wall
444.3000000000004,near_wall,near_wall
444.3250000000004,near_wall,near_wall
444.3500000000004,near_wall,near_wall
444.3750000000004,near_wall,near_wall
444.4000000000004,near_wall,near_wall
444.4250000000004,near_wall,near_wall
444.4500000000004,near_wall,near_wall
444.4750000000004,near_wall,near_wall
444.5000000000004,near_wall,near_wall
444.5250000000004,near_wall,near_wall
444.5500000000004,near_wall,near_wall
444.5750000000004,near_wall,near_wall
444.6000000000004,near_wall,near_wall
444.6250000000004,near_wall,near_wall
444.6500000000004,near_wall,near_wall
444.6750000000004,near_wall,near_wall
444.7000000000004,near_wall,near_wall
444.7250000000004,near_wall,near_wall
444.7500000000004,near_wall,near_wall
444.7750000000004,near_wall,near_wall
444.8000000000004,near_wall,near_wall
444.8250000000004,near_wall,near_wall
444.8500000000004,near_wall,near_wall
444.8750000000004,near_wall,near_wall
444.9000000000004,near_wall,near_wall
444.9250000000004,near_wall,near_wall
444.9500000000004,near_wall,near_wall
444.9750000000004,near_wall,near_wall
445.0000000000004,near_wall,near_wall
445.0250000000004,near_wall,near_wall
445.0500000000004,near_wall,near_wall
445.0750000000004,near_wall,near_wall
445.1000000000004,near_wall,near_wall
445.1250000000004,near_wall,near_wall
445.1500000000004,near_wall,near_wall
445.1750000000004,near_wall,near_wall
445.2000000000004,near_wall,near_wall
445.2250000000004,near_wall,near_wall
445.2500000000004,near_wall,near_wall
445.2750000000004,near_wall,near_wall
445.3000000000004,near_wall,near_wall
445.3250000000004,near_wall,near_wall
445.3500000000004,near_wall,near_wall
445.3750000000004,near_wall,near_wall
445.4000000000004,near_wall,near_wall
445.4250000000004,near_wall,near_wall
445.4500000000004,near_wall,near_wall
445.4750000000004,near_wall,near_wall
445.5000000000004,near_wall,near_wall
445.5250000000004,near_wall,near_wall
445.5500000000004,near_wall,near_wall
445.5750000000004,near_wall,near_wall
445.6000000000004,near_wall,near_wall
445.6250000000004,near_wall,near_wall
445.6500000000004,near_wall,near_wall
445.6750000000004,near_wall,near_wall
445.7000000000004,near_wall,near_wall
445.7250000000004,near_wall,near_wall
445.7500000000004,near_wall,near_wall
445.7750000000004,near_wall,near_wall
445.8000000000004,near_wall,near_wall
445.8250000000004,near_wall,near_wall
445.8500000000004,near_wall,near_wall
445.8750000000004,near_wall,near_wall
445.9000000000004,near_wall,near_wall
445.9250000000004,near_wall,near_wall
445.9500000000004,near_wall,near_wall
445.9750000000004,near_wall,near_wall
446.0000000000004,near_wall,near_wall
446.0250000000004,near_wall,near_wall
446.0500000000004,near_wall,near_wall
446.0750000000004,near_wall,near_wall
446.1000000000004,near_wall,near_wall
446.1250000000004,near_wall,near_wall
446.1500000000004,near_wall,near_wall
446.1750000000004,near_wall,near_wall
446.2000000000004,near_wall,near_wall
446.2250000000004,near_wall,near_wall
446.2500000000004,near_wall,near_wall
446.2750000000004,near_wall,near_wall
446.3000000000004,near_wall,near_wall
446.3250000000004,near_wall,near_wall
446.3500000000004,near_wall,near_wall
446.3750000000004,near_wall,near_wall
446.4000000000004,near_wall,near_wall
446.4250000000004,near_wall,near_wall
446.4500000000004,near_wall,near_wall
446.4750000000004,near_wall,near_wall
446.5000000000004,near_wall,near_wall
446.5250000000004,near_wall,near_wall
446.5500000000004,near_wall,near_wall
446.5750000000004,near_wall,near_wall
446.6000000000004,near_wall,near_wall
446.6250000000004,near_wall,near_wall
446.6500000000004,near_wall,near_wall
446.6750000000004,near_wall,near_wall
446.7000000000004,near_wall,near_wall
446.7250000000004,near_wall,near_wall
446.7500000000004,near_wall,middle
446.7750000000004,near_wall,near_wall
446.8000000000004,near_wall,middle
446.8250000000004,near_wall,middle
446.8500000000004,near_wall,near_wall
446.8750000000004,near_wall,near_wall
446.9000000000004,near_wall,near_wall
446.9250000000004,near_wall,near_wall
446.9500000000004,near_wall,middle
446.9750000000004,near_wall,near_wall
447.0000000000004,near_wall,near_wall
447.0250000000004,near_wall,near_wall
447.0500000000004,near_wall,near_wall
447.0750000000004,near_wall,near_wall
447.1000000000004,near_wall,near_wall
447.1250000000004,near_wall,near_wall
447.1500000000004,near_wall,near_wall
447.1750000000004,near_wall,near_wall
447.2000000000004,near_wall,near_wall
447.2250000000004,near_wall,near_wall
447.2500000000004,near_wall,near_wall
447.2750000000004,near_wall,near_wall
447.3000000000004,near_wall,near_wall
447.3250000000004,near_wall,near_wall
447.3500000000004,near_wall,near_wall
447.3750000000004,near_wall,near_wall
447.4000000000004,near_wall,near_wall
447.4250000000004,near_wall,near_wall
447.4500000000004,near_wall,near_wall
447.4750000000004,near_wall,near_wall
447.5000000000004,near_wall,near_wall
447.5250000000004,near_wall,near_wall
447.5500000000004,near_wall,near_wall
447.5750000000004,near_wall,near_wall
447.6000000000004,near_wall,near_wall
447.6250000000004,near_wall,near_wall
447.6500000000004,near_wall,near_wall
447.6750000000004,near_wall,near_wall
447.7000000000004,near_wall,near_wall
447.7250000000004,near_wall,near_wall
447.7500000000004,near_wall,near_wall
447.7750000000004,near_wall,near_wall
447.8000000000004,near_wall,near_wall
447.8250000000004,near_wall,near_wall
447.8500000000004,near_wall,near_wall
447.8750000000004,near_wall,near_wall
447.9000000000004,near_wall,near_wall
447.9250000000004,near_wall,near_wall
447.9500000000004,near_wall,near_wall
447.9750000000004,near_wall,near_wall
448.0000000000004,near_wall,near_wall
448.0250000000004,near_wall,near_wall
448.0500000000004,near_wall,near_wall
448.0750000000004,near_wall,near_wall
448.1000000000004,near_wall,near_wall
448.1250000000004,near_wall,near_wall
448.1500000000004,near_wall,near_wall
448.1750000000004,near_wall,near_wall
448.2000000000004,near_wall,near_wall
448.2250000000004,near_wall,near_wall
448.2500000000004,near_wall,near_wall
448.2750000000004,near_wall,near_wall
448.3000000000004,near_wall,near_wall
448.3250000000004,near_wall,near_wall
448.3500000000004,near_wall,near_wall
448.3750000000004,near_wall,near_wall
448.4000000000004,near_wall,near_wall
448.4250000000004,near_wall,near_wall
448.4500000000004,near_wall,near_wall
448.4750000000004,near_wall,near_wall
448.5000000000004,near_wall,near_wall
448.5250000000004,near_wall,near_wall
448.5500000000004,near_wall,near_wall
448.5750000000004,near_wall,near_wall
448.6000000000004,near_wall,near_wall
448.6250000000004,near_wall,near_wall
448.6500000000004,near_wall,near_wall
448.6750000000004,near_wall,near_wall
448.7000000000004,near_wall,near_wall
448.7250000000004,near_wall,near_wall
448.7500000000004,near_wall,near_wall
448.7750000000004,near_wall,near_wall
448.8000000000004,near_wall,near_wall
448.8250000000004,near_wall,near_wall
448.8500000000004,near_wall,near_wall
448.8750000000004,near_wall,near_wall
448.9000000000004,near_wall,near_wall
448.9250000000004,near_wall,near_wall
448.9500000000004,near_wall,near_wall
448.9750000000004,near_wall,near_wall
449.0000000000004,near_wall,near_wall
449.0250000000004,near_wall,near_wall
449.0500000000004,near_wall,near_wall
449.0750000000004,near_wall,near_wall
449.1000000000004,near_wall,near_wall
449.1250000000004,near_wall,near_wall
449.1500000000004,near_wall,near_wall
449.1750000000004,near_wall,near_wall
449.2000000000004,near_wall,near_wall
449.2250000000004,near_wall,near_wall
449.2500000000004,near_wall,near_wall
449.2750000000004,near_wall,near_wall
449.3000000000004,near_wall,near_wall
449.3250000000004,near_wall,near_wall
449.3500000000004,near_wall,near_wall
449.3750000000004,near_wall,near_wall
449.4000000000004,near_wall,near_wall
449.4250000000004,near_wall,near_wall
449.4500000000004,near_wall,near_wall
449.4750000000004,near_wall,near_wall
449.5000000000004,near_wall,near_wall
449.5250000000004,near_wall,near_wall
449.5500000000004,near_wall,near_wall
449.5750000000004,near_wall,near_wall
449.6000000000004,near_wall,near_wall
449.6250000000004,near_wall,near_wall
449.6500000000004,near_wall,near_wall
449.6750000000004,near_wall,middle
449.7000000000004,near_wall,near_wall
449.7250000000004,near_wall,near_wall
449.7500000000004,near_wall,near_wall
449.7750000000004,near_wall,near_wall
449.8000000000004,near_wall,near_wall
449.8250000000004,near_wall,near_wall
449.8500000000004,near_wall,near_wall
449.8750000000004,near_wall,near_wall
449.9000000000004,near_wall,near_wall
449.9250000000004,near_wall,near_wall
449.9500000000004,near_wall,near_wall
449.9750000000004,near_wall,near_wall
450.0000000000004,near_wall,near_wall
450.0250000000004,near_wall,near_wall
450.0500000000004,near_wall,near_wall
450.0750000000004,near_wall,near_wall
450.1000000000004,near_wall,near_wall
450.1250000000004,near_wall,near_wall
450.1500000000004,near_wall,near_wall
450.1750000000004,near_wall,near_wall
450.2000000000004,near_wall,near_wall
450.2250000000004,near_wall,near_wall
450.2500000000004,near_wall,near_wall
450.2750000000004,near_wall,near_wall
450.3000000000004,near_wall,near_wall
450.3250000000004,near_wall,near_wall
450.3500000000004,near_wall,near_wall
450.3750000000004,near_wall,near_wall
450.4000000000004,near_wall,near_wall
450.4250000000004,near_wall,near_wall
450.4500000000004,near_wall,near_wall
450.4750000000004,near_wall,near_wall
450.5000000000004,near_wall,near_wall
450.5250000000004,near_wall,near_wall
450.5500000000004,near_wall,near_wall
450.5750000000004,near_wall,near_wall
450.6000000000004,near_wall,near_wall
450.6250000000004,near_wall,near_wall
450.6500000000004,near_wall,near_wall
450.6750000000004,near_wall,near_wall
450.7000000000004,near_wall,near_wall
450.7250000000004,near_wall,near_wall
450.7500000000004,near_wall,near_wall
450.7750000000004,near_wall,near_wall
450.8000000000004,near_wall,near_wall
450.8250000000004,near_wall,near_wall
450.8500000000004,near_wall,near_wall
450.8750000000004,near_wall,near_wall
450.9000000000004,near_wall,near_wall
450.9250000000004,near_wall,near_wall
450.9500000000004,near_wall,near_wall
450.9750000000004,near_wall,near_wall
451.0000000000004,near_wall,near_wall
451.0250000000004,near_wall,near_wall
451.0500000000004,near_wall,near_wall
451.0750000000004,near_wall,near_wall
451.1000000000004,near_wall,near_wall
451.1250000000004,near_wall,near_wall
451.1500000000004,near_wall,near_wall
451.1750000000004,near_wall,near_wall
451.2000000000004,near_wall,near_wall
451.2250000000004,near_wall,near_wall
451.2500000000004,near_wall,near_wall
451.2750000000004,near_wall,near_wall
451.3000000000004,near_wall,near_wall
451.3250000000004,near_wall,near_wall
451.3500000000004,near_wall,near_wall
451.3750000000004,near_wall,near_wall
451.4000000000004,near_wall,near_wall
451.4250000000004,near_wall,near_wall
451.4500000000004,near_wall,near_wall
451.4750000000004,near_wall,near_wall
451.5000000000004,near_wall,near_wall
451.5250000000004,near_wall,middle
451.5500000000004,near_wall,near_wall
451.5750000000004,near_wall,near_wall
451.6000000000004,near_wall,near_wall
451.6250000000004,near_wall,near_wall
451.6500000000004,near_wall,near_wall
451.6750000000004,near_wall,near_wall
451.7000000000004,near_wall,near_wall
451.7250000000004,near_wall,near_wall
451.7500000000004,near_wall,near_wall
451.7750000000004,near_wall,near_wall
451.8000000000004,near_wall,near_wall
451.8250000000004,near_wall,near_wall
451.8500000000004,near_wall,middle
451.8750000000004,near_wall,near_wall
451.9000000000004,near_wall,near_wall
451.9250000000004,near_wall,middle
451.9500000000004,near_wall,middle
451.9750000000004,near_wall,near_wall
452.0000000000004,near_wall,near_wall
452.0250000000004,near_wall,near_wall
452.0500000000004,near_wall,near_wall
452.0750000000004,near_wall,middle
452.1000000000004,near_wall,near_wall
452.1250000000004,near_wall,near_wall
452.1500000000004,near_wall,near_wall
452.1750000000004,near_wall,near_wall
452.2000000000004,near_wall,near_wall
452.2250000000004,near_wall,near_wall
452.2500000000004,near_wall,near_wall
452.2750000000004,near_wall,near_wall
452.3000000000004,near_wall,near_wall
452.3250000000004,near_wall,near_wall
452.3500000000004,near_wall,near_wall
452.3750000000004,near_wall,near_wall
452.4000000000004,near_wall,near_wall
452.4250000000004,near_wall,near_wall
452.4500000000004,near_wall,near_wall
452.4750000000004,near_wall,near_wall
452.5000000000004,near_wall,near_wall
452.5250000000004,near_wall,near_wall
452.5500000000004,near_wall,near_wall
452.5750000000004,near_wall,near_wall
452.6000000000004,near_wall,near_wall
452.6250000000004,near_wall,near_wall
452.6500000000004,near_wall,near_wall
452.6750000000004,near_wall,near_wall
452.7000000000004,near_wall,near_wall
452.7250000000004,near_wall,near_wall
452.7500000000004,near_wall,near_wall
452.7750000000004,near_wall,near_wall
452.8000000000004,near_wall,near_wall
452.8250000000004,near_wall,near_wall
452.8500000000004,near_wall,near_wall
452.8750000000004,near_wall,near_wall
452.9000000000004,near_wall,near_wall
452.9250000000004,near_wall,near_wall
452.9500000000004,near_wall,near_wall
452.9750000000004,near_wall,near_wall
453.0000000000004,near_wall,near_wall
453.0250000000004,near_wall,near_wall
453.0500000000004,near_wall,near_wall
453.0750000000004,near_wall,near_wall
453.1000000000004,near_wall,near_wall
453.1250000000004,near_wall,near_wall
453.1500000000004,near_wall,near_wall
453.1750000000004,near_wall,near_wall
453.2000000000004,near_wall,near_wall
453.2250000000004,near_wall,near_wall
453.2500000000004,near_wall,near_wall
453.2750000000004,near_wall,near_wall
453.3000000000004,near_wall,near_wall
453.3250000000004,near_wall,near_wall
453.3500000000004,near_wall,near_wall
453.3750000000004,near_wall,near_wall
453.4000000000004,near_wall,near_wall
453.4250000000004,near_wall,near_wall
453.4500000000004,near_wall,near_wall
453.4750000000004,near_wall,near_wall
453.5000000000004,near_wall,near_wall
453.5250000000004,near_wall,near_wall
453.5500000000004,near_wall,near_wall
453.5750000000004,near_wall,near_wall
453.6000000000004,near_wall,near_wall
453.6250000000004,near_wall,near_wall
453.6500000000004,near_wall,near_wall
453.6750000000004,near_wall,near_wall
453.7000000000004,near_wall,near_wall
453.7250000000004,near_wall,near_wall
453.7500000000004,near_wall,near_wall
453.7750000000004,near_wall,near_wall
453.8000000000004,near_wall,near_wall
453.8250000000004,near_wall,near_wall
453.8500000000004,near_wall,near_wall
453.8750000000004,near_wall,near_wall
453.9000000000004,near_wall,near_wall
453.9250000000004,near_wall,near_wall
453.9500000000004,near_wall,near_wall
453.9750000000004,near_wall,near_wall
454.0000000000004,near_wall,near_wall
454.0250000000004,near_wall,near_wall
454.0500000000004,near_wall,near_wall
454.0750000000004,near_wall,near_wall
454.1000000000004,near_wall,near_wall
454.1250000000004,near_wall,near_wall
454.1500000000004,near_wall,near_wall
454.1750000000004,near_wall,near_wall
454.2000000000004,near_wall,near_wall
454.2250000000004,near_wall,near_wall
454.2500000000004,near_wall,near_wall
454.2750000000004,near_wall,near_wall
454.3000000000004,near_wall,near_wall
454.3250000000004,near_wall,near_wall
454.3500000000004,near_wall,near_wall
454.3750000000004,near_wall,near_wall
454.4000000000004,near_wall,near_wall
454.4250000000004,near_wall,near_wall
454.4500000000004,near_wall,near_wall
454.4750000000004,near_wall,near_wall
454.5000000000004,near_wall,near_wall
454.5250000000004,near_wall,near_wall
454.5500000000004,near_wall,near_wall
454.5750000000004,near_wall,near_wall
454.6000000000004,near_wall,near_wall
454.6250000000004,near_wall,near_wall
454.6500000000004,near_wall,near_wall
454.6750000000004,near_wall,near_wall
454.7000000000004,near_wall,near_wall
454.7250000000004,near_wall,near_wall
454.7500000000004,near_wall,near_wall
454.7750000000004,near_wall,near_wall
454.8000000000004,near_wall,near_wall
454.8250000000004,near_wall,near_wall
454.8500000000004,near_wall,near_wall
454.8750000000004,near_wall,near_wall
454.90000000000043,near_wall,near_wall
454.9250000000004,near_wall,near_wall
454.9500000000004,near_wall,near_wall
454.9750000000004,near_wall,near_wall
455.0000000000004,near_wall,near_wall
455.02500000000043,near_wall,near_wall
455.0500000000004,near_wall,near_wall
455.0750000000004,near_wall,near_wall
455.1000000000004,near_wall,near_wall
455.1250000000004,near_wall,near_wall
455.15000000000043,near_wall,near_wall
455.1750000000004,near_wall,near_wall
455.2000000000004,near_wall,near_wall
455.2250000000004,near_wall,near_wall
455.2500000000004,near_wall,near_wall
455.27500000000043,near_wall,near_wall
455.3000000000004,near_wall,near_wall
455.3250000000004,near_wall,near_wall
455.3500000000004,near_wall,near_wall
455.3750000000004,near_wall,near_wall
455.40000000000043,near_wall,near_wall
455.4250000000004,near_wall,near_wall
455.4500000000004,near_wall,near_wall
455.4750000000004,near_wall,near_wall
455.5000000000004,near_wall,near_wall
455.52500000000043,near_wall,near_wall
455.5500000000004,near_wall,near_wall
455.5750000000004,near_wall,near_wall
455.6000000000004,near_wall,near_wall
455.6250000000004,near_wall,near_wall
455.65000000000043,near_wall,near_wall
455.6750000000004,near_wall,near_wall
455.7000000000004,near_wall,near_wall
455.7250000000004,near_wall,near_wall
455.7500000000004,near_wall,near_wall
455.77500000000043,near_wall,near_wall
455.8000000000004,near_wall,near_wall
455.8250000000004,near_wall,near_wall
455.8500000000004,near_wall,near_wall
455.8750000000004,near_wall,near_wall
455.90000000000043,near_wall,near_wall
455.9250000000004,near_wall,near_wall
455.9500000000004,near_wall,near_wall
455.9750000000004,near_wall,near_wall
456.0000000000004,near_wall,near_wall
456.02500000000043,near_wall,near_wall
456.0500000000004,near_wall,near_wall
456.0750000000004,near_wall,near_wall
456.1000000000004,near_wall,near_wall
456.1250000000004,near_wall,near_wall
456.15000000000043,near_wall,near_wall
456.1750000000004,near_wall,near_wall
456.2000000000004,near_wall,near_wall
456.2250000000004,near_wall,near_wall
456.2500000000004,near_wall,near_wall
456.27500000000043,near_wall,near_wall
456.3000000000004,near_wall,near_wall
456.3250000000004,near_wall,near_wall
456.3500000000004,near_wall,near_wall
456.3750000000004,near_wall,near_wall
456.40000000000043,near_wall,near_wall
456.4250000000004,near_wall,near_wall
456.4500000000004,near_wall,near_wall
456.4750000000004,near_wall,near_wall
456.5000000000004,near_wall,near_wall
456.52500000000043,near_wall,near_wall
456.5500000000004,near_wall,near_wall
456.5750000000004,near_wall,near_wall
456.6000000000004,near_wall,near_wall
456.6250000000004,near_wall,near_wall
456.65000000000043,near_wall,near_wall
456.6750000000004,near_wall,near_wall
456.7000000000004,near_wall,near_wall
456.7250000000004,near_wall,near_wall
456.7500000000004,near_wall,near_wall
456.77500000000043,near_wall,near_wall
456.8000000000004,near_wall,near_wall
456.8250000000004,near_wall,near_wall
456.8500000000004,near_wall,near_wall
456.8750000000004,near_wall,near_wall
456.90000000000043,near_wall,near_wall
456.9250000000004,near_wall,near_wall
456.9500000000004,near_wall,near_wall
456.9750000000004,near_wall,near_wall
457.0000000000004,near_wall,middle
457.02500000000043,near_wall,middle
457.0500000000004,near_wall,near_wall
457.0750000000004,near_wall,middle
457.1000000000004,near_wall,middle
457.1250000000004,near_wall,middle
457.15000000000043,near_wall,near_wall
457.1750000000004,near_wall,near_wall
457.2000000000004,near_wall,middle
457.2250000000004,near_wall,near_wall
457.2500000000004,near_wall,middle
457.27500000000043,near_wall,middle
457.3000000000004,near_wall,near_wall
457.3250000000004,near_wall,middle
457.3500000000004,near_wall,middle
457.3750000000004,near_wall,middle
457.40000000000043,near_wall,near_wall
457.4250000000004,middle,middle
457.4500000000004,middle,middle
457.4750000000004,middle,near_wall
457.5000000000004,middle,near_wall
457.52500000000043,middle,near_wall
457.5500000000004,middle,near_wall
457.5750000000004,middle,middle
457.6000000000004,middle,middle
457.6250000000004,middle,middle
457.65000000000043,middle,middle
457.6750000000004,middle,middle
457.7000000000004,middle,near_wall
457.7250000000004,middle,middle
457.7500000000004,middle,middle
457.77500000000043,middle,middle
457.8000000000004,middle,near_wall
457.8250000000004,middle,middle
457.8500000000004,middle,middle
457.8750000000004,middle,middle
457.90000000000043,middle,middle
457.9250000000004,middle,middle
457.9500000000004,middle,middle
457.9750000000004,middle,middle
458.0000000000004,middle,middle
458.02500000000043,middle,middle
458.0500000000004,middle,middle
458.0750000000004,middle,middle
458.1000000000004,middle,middle
458.1250000000004,middle,middle
458.15000000000043,middle,middle
458.1750000000004,middle,middle
458.2000000000004,middle,middle
458.2250000000004,middle,middle
458.2500000000004,middle,middle
458.27500000000043,middle,middle
458.3000000000004,middle,middle
458.3250000000004,middle,middle
458.3500000000004,middle,middle
458.3750000000004,middle,middle
458.40000000000043,middle,middle
458.4250000000004,middle,middle
458.4500000000004,middle,middle
458.4750000000004,middle,middle
458.5000000000004,middle,middle
458.52500000000043,middle,middle
458.5500000000004,middle,middle
458.5750000000004,middle,middle
458.6000000000004,middle,middle
458.6250000000004,middle,middle
458.65000000000043,middle,middle
458.6750000000004,middle,middle
458.7000000000004,middle,middle
458.7250000000004,middle,middle
458.7500000000004,middle,middle
458.77500000000043,middle,middle
458.8000000000004,middle,middle
458.8250000000004,middle,middle
458.8500000000004,middle,middle
458.8750000000004,middle,middle
458.90000000000043,middle,middle
458.9250000000004,middle,middle
458.9500000000004,middle,middle
458.9750000000004,middle,middle
459.0000000000004,middle,middle
459.02500000000043,middle,middle
459.0500000000004,middle,middle
459.0750000000004,middle,middle
459.1000000000004,middle,middle
459.1250000000004,middle,middle
459.15000000000043,middle,middle
459.1750000000004,middle,middle
459.2000000000004,middle,middle
459.2250000000004,middle,middle
459.2500000000004,middle,middle
459.27500000000043,middle,middle
459.3000000000004,middle,middle
459.3250000000004,middle,middle
459.3500000000004,middle,middle
459.3750000000004,middle,middle
459.40000000000043,middle,middle
459.4250000000004,middle,middle
459.4500000000004,middle,middle
459.4750000000004,middle,middle
459.5000000000004,middle,middle
459.52500000000043,middle,middle
459.5500000000004,middle,middle
459.5750000000004,middle,middle
459.6000000000004,middle,middle
459.6250000000004,middle,middle
459.65000000000043,middle,middle
459.6750000000004,middle,middle
459.7000000000004,middle,middle
459.7250000000004,middle,middle
459.7500000000004,middle,middle
459.77500000000043,middle,middle
459.8000000000004,middle,middle
459.8250000000004,middle,middle
459.8500000000004,middle,middle
459.8750000000004,middle,middle
459.90000000000043,middle,middle
459.9250000000004,middle,middle
459.9500000000004,middle,middle
459.9750000000004,middle,middle
460.0000000000004,middle,middle
460.02500000000043,middle,middle
460.0500000000004,middle,middle
460.0750000000004,middle,middle
460.1000000000004,middle,middle
460.1250000000004,middle,middle
460.15000000000043,middle,middle
460.1750000000004,near_wall,middle
460.2000000000004,near_wall,middle
460.2250000000004,near_wall,near_wall
460.2500000000004,near_wall,near_wall
460.27500000000043,near_wall,near_wall
460.3000000000004,near_wall,near_wall
460.3250000000004,near_wall,near_wall
460.3500000000004,near_wall,near_wall
460.3750000000004,near_wall,near_wall
460.40000000000043,near_wall,near_wall
460.4250000000004,near_wall,near_wall
460.4500000000004,near_wall,near_wall
460.4750000000004,near_wall,near_wall
460.5000000000004,near_wall,near_wall
460.52500000000043,near_wall,near_wall
460.5500000000004,near_wall,near_wall
460.5750000000004,near_wall,near_wall
460.6000000000004,near_wall,near_wall
460.6250000000004,near_wall,near_wall
460.65000000000043,near_wall,near_wall
460.6750000000004,near_wall,near_wall
460.7000000000004,near_wall,near_wall
460.7250000000004,near_wall,near_wall
460.7500000000004,near_wall,near_wall
460.77500000000043,near_wall,near_wall
460.8000000000004,near_wall,near_wall
460.8250000000004,near_wall,near_wall
460.8500000000004,near_wall,near_wall
460.8750000000004,near_wall,near_wall
460.90000000000043,near_wall,near_wall
460.9250000000004,near_wall,near_wall
460.9500000000004,near_wall,near_wall
460.9750000000004,near_wall,near_wall
461.0000000000004,near_wall,near_wall
461.02500000000043,near_wall,near_wall
461.0500000000004,near_wall,near_wall
461.0750000000004,near_wall,near_wall
461.1000000000004,near_wall,near_wall
461.1250000000004,near_wall,near_wall
461.15000000000043,near_wall,near_wall
461.1750000000004,near_wall,near_wall
461.2000000000004,near_wall,near_wall
461.2250000000004,near_wall,near_wall
461.2500000000004,near_wall,near_wall
461.27500000000043,near_wall,near_wall
461.3000000000004,near_wall,near_wall
461.3250000000004,near_wall,near_wall
461.3500000000004,near_wall,near_wall
461.3750000000004,near_wall,near_wall
461.40000000000043,near_wall,near_wall
461.4250000000004,near_wall,near_wall
461.4500000000004,near_wall,near_wall
461.4750000000004,near_wall,near_wall
461.5000000000004,near_wall,near_wall
461.52500000000043,near_wall,near_wall
461.5500000000004,near_wall,near_wall
461.5750000000004,near_wall,near_wall
461.6000000000004,near_wall,near_wall
461.6250000000004,near_wall,near_wall
461.65000000000043,near_wall,near_wall
461.6750000000004,near_wall,near_wall
461.7000000000004,near_wall,near_wall
461.7250000000004,near_wall,near_wall
461.7500000000004,near_wall,near_wall
461.77500000000043,near_wall,near_wall
461.8000000000004,near_wall,near_wall
461.8250000000004,near_wall,near_wall
461.8500000000004,near_wall,near_wall
461.8750000000004,near_wall,near_wall
461.90000000000043,near_wall,near_wall
461.9250000000004,near_wall,near_wall
461.9500000000004,near_wall,near_wall
461.9750000000004,near_wall,near_wall
462.0000000000004,near_wall,near_wall
462.02500000000043,near_wall,near_wall
462.0500000000004,near_wall,near_wall
462.0750000000004,near_wall,near_wall
462.1000000000004,near_wall,near_wall
462.1250000000004,near_wall,near_wall
462.15000000000043,near_wall,near_wall
462.1750000000004,near_wall,near_wall
462.2000000000004,near_wall,near_wall
462.2250000000004,near_wall,near_wall
462.2500000000004,near_wall,near_wall
462.27500000000043,near_wall,near_wall
462.3000000000004,near_wall,near_wall
462.3250000000004,near_wall,near_wall
462.3500000000004,near_wall,near_wall
462.3750000000004,near_wall,near_wall
462.40000000000043,near_wall,near_wall
462.4250000000004,near_wall,near_wall
462.4500000000004,near_wall,near_wall
462.4750000000004,near_wall,near_wall
462.5000000000004,near_wall,near_wall
462.52500000000043,near_wall,near_wall
462.5500000000004,near_wall,near_wall
462.5750000000004,near_wall,near_wall
462.6000000000004,near_wall,near_wall
462.6250000000004,near_wall,near_wall
462.65000000000043,near_wall,near_wall
462.6750000000004,near_wall,near_wall
462.7000000000004,near_wall,near_wall
462.7250000000004,near_wall,near_wall
462.7500000000004,near_wall,near_wall
462.77500000000043,near_wall,near_wall
462.8000000000004,near_wall,near_wall
462.8250000000004,near_wall,near_wall
462.8500000000004,near_wall,near_wall
462.8750000000004,near_wall,near_wall
462.90000000000043,near_wall,near_wall
462.9250000000004,near_wall,near_wall
462.9500000000004,near_wall,near_wall
462.9750000000004,near_wall,near_wall
463.0000000000004,near_wall,near_wall
463.02500000000043,near_wall,near_wall
463.0500000000004,near_wall,near_wall
463.0750000000004,near_wall,near_wall
463.1000000000004,near_wall,near_wall
463.1250000000004,near_wall,near_wall
463.15000000000043,near_wall,near_wall
463.1750000000004,near_wall,near_wall
463.2000000000004,near_wall,near_wall
463.2250000000004,near_wall,near_wall
463.2500000000004,near_wall,near_wall
463.27500000000043,near_wall,near_wall
463.3000000000004,near_wall,near_wall
463.3250000000004,near_wall,near_wall
463.3500000000004,near_wall,near_wall
463.3750000000004,near_wall,near_wall
463.40000000000043,near_wall,near_wall
463.4250000000004,near_wall,near_wall
463.4500000000004,near_wall,near_wall
463.4750000000004,near_wall,near_wall
463.5000000000004,near_wall,near_wall
463.52500000000043,near_wall,near_wall
463.5500000000004,near_wall,near_wall
463.5750000000004,near_wall,near_wall
463.6000000000004,near_wall,near_wall
463.6250000000004,near_wall,near_wall
463.65000000000043,near_wall,near_wall
463.6750000000004,near_wall,near_wall
463.7000000000004,near_wall,near_wall
463.7250000000004,near_wall,near_wall
463.7500000000004,near_wall,near_wall
463.77500000000043,near_wall,near_wall
463.8000000000004,near_wall,near_wall
463.8250000000004,near_wall,near_wall
463.8500000000004,near_wall,near_wall
463.8750000000004,near_wall,near_wall
463.90000000000043,near_wall,near_wall
463.9250000000004,near_wall,near_wall
463.9500000000004,near_wall,near_wall
463.9750000000004,near_wall,near_wall
464.0000000000004,near_wall,near_wall
464.02500000000043,near_wall,near_wall
464.0500000000004,near_wall,near_wall
464.0750000000004,near_wall,near_wall
464.1000000000004,near_wall,near_wall
464.1250000000004,near_wall,near_wall
464.15000000000043,near_wall,near_wall
464.1750000000004,near_wall,near_wall
464.2000000000004,near_wall,near_wall
464.2250000000004,near_wall,near_wall
464.2500000000004,near_wall,near_wall
464.27500000000043,near_wall,near_wall
464.3000000000004,near_wall,near_wall
464.3250000000004,near_wall,near_wall
464.3500000000004,near_wall,near_wall
464.3750000000004,near_wall,near_wall
464.40000000000043,near_wall,near_wall
464.4250000000004,near_wall,near_wall
464.4500000000004,near_wall,near_wall
464.4750000000004,near_wall,near_wall
464.5000000000004,near_wall,near_wall
464.52500000000043,near_wall,near_wall
464.5500000000004,near_wall,near_wall
464.5750000000004,near_wall,near_wall
464.6000000000004,near_wall,near_wall
464.6250000000004,near_wall,near_wall
464.65000000000043,near_wall,near_wall
464.6750000000004,near_wall,near_wall
464.7000000000004,near_wall,near_wall
464.7250000000004,near_wall,near_wall
464.7500000000004,near_wall,near_wall
464.77500000000043,near_wall,near_wall
464.8000000000004,near_wall,near_wall
464.8250000000004,near_wall,near_wall
464.8500000000004,near_wall,near_wall
464.8750000000004,near_wall,near_wall
464.90000000000043,near_wall,near_wall
464.9250000000004,near_wall,near_wall
464.9500000000004,near_wall,near_wall
464.9750000000004,near_wall,near_wall
465.0000000000004,near_wall,near_wall
465.02500000000043,near_wall,near_wall
465.0500000000004,near_wall,near_wall
465.0750000000004,near_wall,near_wall
465.1000000000004,near_wall,near_wall
465.1250000000004,near_wall,near_wall
465.15000000000043,near_wall,near_wall
465.1750000000004,near_wall,near_wall
465.2000000000004,near_wall,near_wall
465.2250000000004,near_wall,near_wall
465.2500000000004,near_wall,near_wall
465.27500000000043,near_wall,near_wall
465.3000000000004,near_wall,near_wall
465.3250000000004,near_wall,near_wall
465.3500000000004,near_wall,near_wall
465.3750000000004,near_wall,near_wall
465.40000000000043,near_wall,near_wall
465.4250000000004,near_wall,near_wall
465.4500000000004,near_wall,near_wall
465.4750000000004,near_wall,near_wall
465.5000000000004,near_wall,near_wall
465.52500000000043,near_wall,near_wall
465.5500000000004,near_wall,near_wall
465.5750000000004,near_wall,near_wall
465.6000000000004,near_wall,near_wall
465.6250000000004,near_wall,near_wall
465.65000000000043,near_wall,near_wall
465.6750000000004,near_wall,near_wall
465.7000000000004,near_wall,near_wall
465.7250000000004,near_wall,near_wall
465.7500000000004,near_wall,near_wall
465.77500000000043,near_wall,near_wall
465.8000000000004,near_wall,near_wall
465.8250000000004,near_wall,near_wall
465.8500000000004,near_wall,near_wall
465.8750000000004,near_wall,near_wall
465.90000000000043,near_wall,near_wall
465.9250000000004,near_wall,near_wall
465.9500000000004,near_wall,near_wall
465.9750000000004,near_wall,near_wall
466.0000000000004,near_wall,near_wall
466.02500000000043,near_wall,near_wall
466.0500000000004,near_wall,near_wall
466.0750000000004,near_wall,near_wall
466.1000000000004,near_wall,near_wall
466.1250000000004,near_wall,near_wall
466.15000000000043,near_wall,near_wall
466.1750000000004,near_wall,near_wall
466.2000000000004,near_wall,near_wall
466.2250000000004,near_wall,near_wall
466.2500000000004,near_wall,near_wall
466.27500000000043,near_wall,near_wall
466.3000000000004,near_wall,near_wall
466.3250000000004,near_wall,near_wall
466.3500000000004,near_wall,near_wall
466.3750000000004,near_wall,near_wall
466.40000000000043,near_wall,near_wall
466.4250000000004,near_wall,near_wall
466.4500000000004,near_wall,near_wall
466.4750000000004,near_wall,near_wall
466.5000000000004,near_wall,near_wall
466.52500000000043,near_wall,near_wall
466.5500000000004,near_wall,near_wall
466.5750000000004,near_wall,near_wall
466.6000000000004,near_wall,near_wall
466.6250000000004,near_wall,near_wall
466.65000000000043,near_wall,near_wall
466.6750000000004,near_wall,near_wall
466.7000000000004,near_wall,near_wall
466.7250000000004,near_wall,near_wall
466.7500000000004,near_wall,near_wall
466.77500000000043,near_wall,near_wall
466.8000000000004,near_wall,near_wall
466.8250000000004,near_wall,near_wall
466.8500000000004,near_wall,near_wall
466.8750000000004,near_wall,near_wall
466.90000000000043,near_wall,near_wall
466.9250000000004,near_wall,near_wall
466.9500000000004,near_wall,near_wall
466.9750000000004,near_wall,near_wall
467.0000000000004,near_wall,near_wall
467.02500000000043,near_wall,near_wall
467.0500000000004,near_wall,near_wall
467.0750000000004,near_wall,near_wall
467.1000000000004,near_wall,near_wall
467.1250000000004,near_wall,near_wall
467.15000000000043,near_wall,near_wall
467.1750000000004,near_wall,near_wall
467.2000000000004,near_wall,near_wall
467.2250000000004,near_wall,near_wall
467.2500000000004,near_wall,near_wall
467.27500000000043,near_wall,near_wall
467.3000000000004,near_wall,near_wall
467.3250000000004,near_wall,near_wall
467.3500000000004,near_wall,near_wall
467.3750000000004,near_wall,near_wall
467.40000000000043,near_wall,near_wall
467.4250000000004,near_wall,near_wall
467.4500000000004,near_wall,near_wall
467.4750000000004,near_wall,near_wall
467.5000000000004,near_wall,near_wall
467.52500000000043,near_wall,near_wall
467.5500000000004,near_wall,near_wall
467.5750000000004,near_wall,near_wall
467.6000000000004,near_wall,near_wall
467.6250000000004,near_wall,near_wall
467.65000000000043,near_wall,near_wall
467.6750000000004,near_wall,near_wall
467.7000000000004,near_wall,near_wall
467.7250000000004,near_wall,near_wall
467.7500000000004,near_wall,near_wall
467.77500000000043,near_wall,near_wall
467.8000000000004,near_wall,near_wall
467.82500000000044,near_wall,near_wall
467.8500000000004,near_wall,near_wall
467.8750000000004,near_wall,near_wall
467.90000000000043,near_wall,near_wall
467.9250000000004,near_wall,near_wall
467.95000000000044,near_wall,near_wall
467.9750000000004,near_wall,near_wall
468.0000000000004,near_wall,near_wall
468.02500000000043,near_wall,near_wall
468.0500000000004,near_wall,near_wall
468.07500000000044,near_wall,near_wall
468.1000000000004,near_wall,near_wall
468.1250000000004,near_wall,near_wall
468.15000000000043,near_wall,near_wall
468.1750000000004,near_wall,near_wall
468.20000000000044,near_wall,near_wall
468.2250000000004,near_wall,near_wall
468.2500000000004,near_wall,near_wall
468.27500000000043,near_wall,near_wall
468.3000000000004,near_wall,near_wall
468.32500000000044,near_wall,near_wall
468.3500000000004,near_wall,near_wall
468.3750000000004,near_wall,near_wall
468.40000000000043,near_wall,near_wall
468.4250000000004,near_wall,near_wall
468.45000000000044,near_wall,near_wall
468.4750000000004,near_wall,near_wall
468.5000000000004,near_wall,near_wall
468.52500000000043,near_wall,near_wall
468.5500000000004,near_wall,near_wall
468.57500000000044,near_wall,near_wall
468.6000000000004,near_wall,near_wall
468.6250000000004,near_wall,near_wall
468.65000000000043,near_wall,near_wall
468.6750000000004,near_wall,near_wall
468.70000000000044,near_wall,near_wall
468.7250000000004,near_wall,near_wall
468.7500000000004,near_wall,near_wall
468.77500000000043,near_wall,near_wall
468.8000000000004,near_wall,near_wall
468.82500000000044,near_wall,near_wall
468.8500000000004,near_wall,near_wall
468.8750000000004,near_wall,near_wall
468.90000000000043,near_wall,near_wall
468.9250000000004,near_wall,near_wall
468.95000000000044,near_wall,near_wall
468.9750000000004,near_wall,near_wall
469.0000000000004,near_wall,near_wall
469.02500000000043,near_wall,near_wall
469.0500000000004,near_wall,near_wall
469.07500000000044,near_wall,near_wall
469.1000000000004,near_wall,near_wall
469.1250000000004,near_wall,near_wall
469.15000000000043,near_wall,near_wall
469.1750000000004,near_wall,near_wall
469.20000000000044,near_wall,near_wall
469.2250000000004,near_wall,near_wall
469.2500000000004,near_wall,near_wall
469.27500000000043,near_wall,near_wall
469.3000000000004,near_wall,near_wall
469.32500000000044,near_wall,near_wall
469.3500000000004,near_wall,near_wall
469.3750000000004,near_wall,near_wall
469.40000000000043,near_wall,near_wall
469.4250000000004,near_wall,near_wall
469.45000000000044,near_wall,near_wall
469.4750000000004,near_wall,near_wall
469.5000000000004,near_wall,near_wall
469.52500000000043,near_wall,near_wall
469.5500000000004,near_wall,near_wall
469.57500000000044,near_wall,near_wall
469.6000000000004,near_wall,near_wall
469.6250000000004,near_wall,near_wall
469.65000000000043,near_wall,near_wall
469.6750000000004,near_wall,near_wall
469.70000000000044,near_wall,near_wall
469.7250000000004,near_wall,near_wall
469.7500000000004,near_wall,near_wall
469.77500000000043,near_wall,near_wall
469.8000000000004,near_wall,near_wall
469.82500000000044,near_wall,near_wall
469.8500000000004,near_wall,near_wall
469.8750000000004,near_wall,near_wall
469.90000000000043,near_wall,near_wall
469.9250000000004,near_wall,near_wall
469.95000000000044,near_wall,near_wall
469.9750000000004,near_wall,near_wall
470.0000000000004,near_wall,near_wall
470.02500000000043,near_wall,near_wall
470.0500000000004,near_wall,near_wall
470.07500000000044,near_wall,near_wall
470.1000000000004,near_wall,near_wall
470.1250000000004,near_wall,near_wall
470.15000000000043,near_wall,near_wall
470.1750000000004,near_wall,near_wall
470.20000000000044,near_wall,near_wall
470.2250000000004,near_wall,near_wall
470.2500000000004,near_wall,near_wall
470.27500000000043,near_wall,near_wall
470.3000000000004,near_wall,near_wall
470.32500000000044,near_wall,near_wall
470.3500000000004,near_wall,near_wall
470.3750000000004,near_wall,near_wall
470.40000000000043,near_wall,near_wall
470.4250000000004,near_wall,near_wall
470.45000000000044,near_wall,near_wall
470.4750000000004,near_wall,near_wall
470.5000000000004,near_wall,near_wall
470.52500000000043,near_wall,near_wall
470.5500000000004,near_wall,near_wall
470.57500000000044,near_wall,near_wall
470.6000000000004,near_wall,near_wall
470.6250000000004,near_wall,near_wall
470.65000000000043,near_wall,near_wall
470.6750000000004,near_wall,near_wall
470.70000000000044,near_wall,near_wall
470.7250000000004,near_wall,near_wall
470.7500000000004,near_wall,near_wall
470.77500000000043,near_wall,near_wall
470.8000000000004,near_wall,near_wall
470.82500000000044,near_wall,near_wall
470.8500000000004,near_wall,near_wall
470.8750000000004,near_wall,near_wall
470.90000000000043,near_wall,near_wall
470.9250000000004,near_wall,near_wall
470.95000000000044,near_wall,near_wall
470.9750000000004,near_wall,near_wall
471.0000000000004,near_wall,near_wall
471.02500000000043,near_wall,near_wall
471.0500000000004,near_wall,near_wall
471.07500000000044,near_wall,near_wall
471.1000000000004,near_wall,near_wall
471.1250000000004,near_wall,near_wall
471.15000000000043,near_wall,near_wall
471.1750000000004,near_wall,near_wall
471.20000000000044,near_wall,near_wall
471.2250000000004,near_wall,near_wall
471.2500000000004,near_wall,near_wall
471.27500000000043,near_wall,near_wall
471.3000000000004,near_wall,near_wall
471.32500000000044,near_wall,near_wall
471.3500000000004,near_wall,near_wall
471.3750000000004,near_wall,near_wall
471.40000000000043,near_wall,near_wall
471.4250000000004,near_wall,near_wall
471.45000000000044,near_wall,near_wall
471.4750000000004,near_wall,near_wall
471.5000000000004,near_wall,near_wall
471.52500000000043,near_wall,near_wall
471.5500000000004,near_wall,near_wall
471.57500000000044,near_wall,near_wall
471.6000000000004,near_wall,near_wall
471.6250000000004,near_wall,near_wall
471.65000000000043,near_wall,near_wall
471.6750000000004,near_wall,near_wall
471.70000000000044,near_wall,near_wall
471.7250000000004,near_wall,near_wall
471.7500000000004,near_wall,near_wall
471.77500000000043,near_wall,near_wall
471.8000000000004,near_wall,near_wall
471.82500000000044,near_wall,near_wall
471.8500000000004,near_wall,near_wall
471.8750000000004,near_wall,near_wall
471.90000000000043,near_wall,near_wall
471.9250000000004,near_wall,near_wall
471.95000000000044,near_wall,near_wall
471.9750000000004,near_wall,near_wall
472.0000000000004,near_wall,near_wall
472.02500000000043,near_wall,near_wall
472.0500000000004,near_wall,near_wall
472.07500000000044,near_wall,near_wall
472.1000000000004,near_wall,near_wall
472.1250000000004,near_wall,near_wall
472.15000000000043,near_wall,near_wall
472.1750000000004,near_wall,near_wall
472.20000000000044,near_wall,near_wall
472.2250000000004,near_wall,near_wall
472.2500000000004,near_wall,near_wall
472.27500000000043,near_wall,near_wall
472.3000000000004,near_wall,near_wall
472.32500000000044,near_wall,near_wall
472.3500000000004,near_wall,near_wall
472.3750000000004,near_wall,near_wall
472.40000000000043,near_wall,near_wall
472.4250000000004,near_wall,near_wall
472.45000000000044,near_wall,near_wall
472.4750000000004,near_wall,near_wall
472.5000000000004,near_wall,near_wall
472.52500000000043,near_wall,near_wall
472.5500000000004,near_wall,near_wall
472.57500000000044,near_wall,near_wall
472.6000000000004,near_wall,near_wall
472.6250000000004,near_wall,near_wall
472.65000000000043,near_wall,near_wall
472.6750000000004,near_wall,near_wall
472.70000000000044,near_wall,near_wall
472.7250000000004,near_wall,near_wall
472.7500000000004,near_wall,near_wall
472.77500000000043,near_wall,near_wall
472.8000000000004,near_wall,near_wall
472.82500000000044,near_wall,near_wall
472.8500000000004,near_wall,near_wall
472.8750000000004,near_wall,near_wall
472.90000000000043,near_wall,near_wall
472.9250000000004,near_wall,near_wall
472.95000000000044,near_wall,near_wall
472.9750000000004,near_wall,near_wall
473.0000000000004,near_wall,near_wall
473.02500000000043,near_wall,near_wall
473.0500000000004,near_wall,near_wall
473.07500000000044,near_wall,near_wall
473.1000000000004,near_wall,near_wall
473.1250000000004,near_wall,near_wall
473.15000000000043,near_wall,near_wall
473.1750000000004,near_wall,near_wall
473.20000000000044,near_wall,near_wall
473.2250000000004,near_wall,near_wall
473.2500000000004,near_wall,near_wall
473.27500000000043,near_wall,near_wall
473.3000000000004,near_wall,near_wall
473.32500000000044,near_wall,near_wall
473.3500000000004,near_wall,near_wall
473.3750000000004,near_wall,near_wall
473.40000000000043,near_wall,near_wall
473.4250000000004,near_wall,near_wall
473.45000000000044,near_wall,near_wall
473.4750000000004,near_wall,near_wall
473.5000000000004,near_wall,near_wall
473.52500000000043,near_wall,near_wall
473.5500000000004,near_wall,near_wall
473.57500000000044,near_wall,near_wall
473.6000000000004,near_wall,near_wall
473.6250000000004,near_wall,near_wall
473.65000000000043,near_wall,near_wall
473.6750000000004,near_wall,near_wall
473.70000000000044,near_wall,near_wall
473.7250000000004,near_wall,near_wall
473.7500000000004,near_wall,near_wall
473.77500000000043,near_wall,near_wall
473.8000000000004,near_wall,near_wall
473.82500000000044,near_wall,near_wall
473.8500000000004,near_wall,near_wall
473.8750000000004,near_wall,near_wall
473.90000000000043,near_wall,near_wall
473.9250000000004,near_wall,near_wall
473.95000000000044,near_wall,near_wall
473.9750000000004,near_wall,near_wall
474.0000000000004,near_wall,near_wall
474.02500000000043,near_wall,near_wall
474.0500000000004,near_wall,near_wall
474.07500000000044,near_wall,near_wall
474.1000000000004,near_wall,near_wall
474.1250000000004,near_wall,near_wall
474.15000000000043,near_wall,near_wall
474.1750000000004,near_wall,near_wall
474.20000000000044,near_wall,near_wall
474.2250000000004,near_wall,near_wall
474.2500000000004,near_wall,near_wall
474.27500000000043,near_wall,near_wall
474.3000000000004,near_wall,near_wall
474.32500000000044,near_wall,near_wall
474.3500000000004,near_wall,near_wall
474.3750000000004,near_wall,near_wall
474.40000000000043,near_wall,near_wall
474.4250000000004,near_wall,near_wall
474.45000000000044,near_wall,near_wall
474.4750000000004,near_wall,near_wall
474.5000000000004,near_wall,near_wall
474.52500000000043,near_wall,near_wall
474.5500000000004,near_wall,near_wall
474.57500000000044,near_wall,near_wall
474.6000000000004,near_wall,near_wall
474.6250000000004,near_wall,near_wall
474.65000000000043,near_wall,near_wall
474.6750000000004,near_wall,near_wall
474.70000000000044,near_wall,near_wall
474.7250000000004,near_wall,near_wall
474.7500000000004,near_wall,near_wall
474.77500000000043,near_wall,near_wall
474.8000000000004,near_wall,near_wall
474.82500000000044,near_wall,near_wall
474.8500000000004,near_wall,near_wall
474.8750000000004,near_wall,near_wall
474.90000000000043,near_wall,near_wall
474.9250000000004,near_wall,near_wall
474.95000000000044,near_wall,near_wall
474.9750000000004,near_wall,near_wall
475.0000000000004,near_wall,near_wall
475.02500000000043,near_wall,near_wall
475.0500000000004,near_wall,near_wall
475.07500000000044,near_wall,near_wall
475.1000000000004,near_wall,near_wall
475.1250000000004,near_wall,near_wall
475.15000000000043,near_wall,near_wall
475.1750000000004,near_wall,near_wall
475.20000000000044,near_wall,near_wall
475.2250000000004,near_wall,near_wall
475.2500000000004,near_wall,near_wall
475.27500000000043,near_wall,near_wall
475.3000000000004,near_wall,near_wall
475.32500000000044,near_wall,near_wall
475.3500000000004,near_wall,near_wall
475.3750000000004,near_wall,near_wall
475.40000000000043,near_wall,near_wall
475.4250000000004,near_wall,near_wall
475.45000000000044,near_wall,near_wall
475.4750000000004,near_wall,near_wall
475.5000000000004,near_wall,near_wall
475.52500000000043,near_wall,near_wall
475.5500000000004,near_wall,near_wall
475.57500000000044,near_wall,near_wall
475.6000000000004,near_wall,near_wall
475.6250000000004,near_wall,near_wall
475.65000000000043,near_wall,near_wall
475.6750000000004,near_wall,near_wall
475.70000000000044,near_wall,near_wall
475.7250000000004,near_wall,near_wall
475.7500000000004,near_wall,near_wall
475.77500000000043,near_wall,near_wall
475.8000000000004,near_wall,near_wall
475.82500000000044,near_wall,near_wall
475.8500000000004,near_wall,near_wall
475.8750000000004,near_wall,near_wall
475.90000000000043,near_wall,near_wall
475.9250000000004,near_wall,near_wall
475.95000000000044,near_wall,near_wall
475.9750000000004,near_wall,near_wall
476.0000000000004,near_wall,near_wall
476.02500000000043,near_wall,near_wall
476.0500000000004,near_wall,near_wall
476.07500000000044,near_wall,near_wall
476.1000000000004,near_wall,near_wall
476.1250000000004,near_wall,near_wall
476.15000000000043,near_wall,near_wall
476.1750000000004,near_wall,near_wall
476.20000000000044,near_wall,near_wall
476.2250000000004,near_wall,near_wall
476.2500000000004,near_wall,near_wall
476.27500000000043,near_wall,near_wall
476.3000000000004,near_wall,near_wall
476.32500000000044,near_wall,near_wall
476.3500000000004,near_wall,near_wall
476.3750000000004,near_wall,near_wall
476.40000000000043,near_wall,near_wall
476.4250000000004,near_wall,near_wall
476.45000000000044,near_wall,near_wall
476.4750000000004,near_wall,near_wall
476.5000000000004,near_wall,near_wall
476.52500000000043,near_wall,near_wall
476.5500000000004,near_wall,near_wall
476.57500000000044,near_wall,near_wall
476.6000000000004,near_wall,near_wall
476.6250000000004,near_wall,near_wall
476.65000000000043,near_wall,near_wall
476.6750000000004,near_wall,near_wall
476.70000000000044,near_wall,near_wall
476.7250000000004,near_wall,near_wall
476.7500000000004,near_wall,near_wall
476.77500000000043,near_wall,near_wall
476.8000000000004,near_wall,near_wall
476.82500000000044,near_wall,near_wall
476.8500000000004,near_wall,near_wall
476.8750000000004,near_wall,near_wall
476.90000000000043,near_wall,near_wall
476.9250000000004,near_wall,near_wall
476.95000000000044,near_wall,near_wall
476.9750000000004,near_wall,near_wall
477.0000000000004,near_wall,near_wall
477.02500000000043,near_wall,near_wall
477.0500000000004,near_wall,near_wall
477.07500000000044,near_wall,near_wall
477.1000000000004,near_wall,near_wall
477.1250000000004,near_wall,near_wall
477.15000000000043,near_wall,near_wall
477.1750000000004,near_wall,near_wall
477.20000000000044,near_wall,near_wall
477.2250000000004,near_wall,near_wall
477.2500000000004,near_wall,near_wall
477.27500000000043,near_wall,near_wall
477.3000000000004,near_wall,near_wall
477.32500000000044,near_wall,near_wall
477.3500000000004,near_wall,near_wall
477.3750000000004,near_wall,near_wall
477.40000000000043,near_wall,near_wall
477.4250000000004,near_wall,near_wall
477.45000000000044,near_wall,near_wall
477.4750000000004,near_wall,near_wall
477.5000000000004,near_wall,near_wall
477.52500000000043,near_wall,near_wall
477.5500000000004,near_wall,near_wall
477.57500000000044,near_wall,near_wall
477.6000000000004,near_wall,near_wall
477.6250000000004,near_wall,near_wall
477.65000000000043,near_wall,near_wall
477.6750000000004,near_wall,near_wall
477.70000000000044,near_wall,near_wall
477.7250000000004,near_wall,near_wall
477.7500000000004,near_wall,near_wall
477.77500000000043,near_wall,near_wall
477.8000000000004,near_wall,near_wall
477.82500000000044,near_wall,near_wall
477.8500000000004,near_wall,near_wall
477.8750000000004,near_wall,near_wall
477.90000000000043,near_wall,near_wall
477.9250000000004,near_wall,near_wall
477.95000000000044,near_wall,near_wall
477.9750000000004,near_wall,near_wall
478.0000000000004,near_wall,near_wall
478.02500000000043,near_wall,near_wall
478.0500000000004,near_wall,near_wall
478.07500000000044,near_wall,near_wall
478.1000000000004,near_wall,near_wall
478.1250000000004,near_wall,near_wall
478.15000000000043,near_wall,near_wall
478.1750000000004,near_wall,near_wall
478.20000000000044,near_wall,near_wall
478.2250000000004,near_wall,near_wall
478.2500000000004,near_wall,near_wall
478.27500000000043,near_wall,near_wall
478.3000000000004,near_wall,near_wall
478.32500000000044,near_wall,near_wall
478.3500000000004,near_wall,near_wall
478.3750000000004,near_wall,near_wall
478.40000000000043,near_wall,near_wall
478.4250000000004,near_wall,near_wall
478.45000000000044,near_wall,near_wall
478.4750000000004,near_wall,near_wall
478.5000000000004,near_wall,near_wall
478.52500000000043,near_wall,near_wall
478.5500000000004,near_wall,near_wall
478.57500000000044,near_wall,near_wall
478.6000000000004,near_wall,near_wall
478.6250000000004,near_wall,near_wall
478.65000000000043,near_wall,near_wall
478.6750000000004,near_wall,near_wall
478.70000000000044,near_wall,near_wall
478.7250000000004,near_wall,near_wall
478.7500000000004,near_wall,near_wall
478.77500000000043,near_wall,near_wall
478.8000000000004,near_wall,near_wall
478.82500000000044,near_wall,near_wall
478.8500000000004,near_wall,near_wall
478.8750000000004,near_wall,near_wall
478.90000000000043,near_wall,near_wall
478.9250000000004,near_wall,near_wall
478.95000000000044,near_wall,near_wall
478.9750000000004,near_wall,near_wall
479.0000000000004,near_wall,near_wall
479.02500000000043,near_wall,near_wall
479.0500000000004,near_wall,near_wall
479.07500000000044,near_wall,near_wall
479.1000000000004,near_wall,near_wall
479.1250000000004,near_wall,near_wall
479.15000000000043,near_wall,near_wall
479.1750000000004,near_wall,near_wall
479.20000000000044,near_wall,near_wall
479.2250000000004,near_wall,near_wall
479.2500000000004,near_wall,near_wall
479.27500000000043,near_wall,near_wall
479.3000000000004,near_wall,near_wall
479.32500000000044,near_wall,near_wall
479.3500000000004,near_wall,near_wall
479.3750000000004,near_wall,near_wall
479.40000000000043,near_wall,near_wall
479.4250000000004,near_wall,near_wall
479.45000000000044,near_wall,near_wall
479.4750000000004,near_wall,near_wall
479.5000000000004,near_wall,near_wall
479.52500000000043,near_wall,near_wall
479.5500000000004,near_wall,near_wall
479.57500000000044,near_wall,near_wall
479.6000000000004,near_wall,near_wall
479.6250000000004,near_wall,near_wall
479.65000000000043,near_wall,near_wall
479.6750000000004,near_wall,near_wall
479.70000000000044,near_wall,near_wall
479.7250000000004,near_wall,near_wall
479.7500000000004,near_wall,near_wall
479.77500000000043,near_wall,near_wall
479.8000000000004,near_wall,near_wall
479.82500000000044,near_wall,near_wall
479.8500000000004,near_wall,near_wall
479.8750000000004,near_wall,near_wall
479.90000000000043,near_wall,near_wall
479.9250000000004,near_wall,near_wall
479.95000000000044,near_wall,near_wall
479.9750000000004,near_wall,near_wall
480.0000000000004,near_wall,near_wall
480.02500000000043,near_wall,near_wall
480.0500000000004,near_wall,near_wall
480.07500000000044,near_wall,near_wall
480.1000000000004,near_wall,near_wall
480.1250000000004,near_wall,near_wall
480.15000000000043,near_wall,near_wall
480.1750000000004,near_wall,near_wall
480.20000000000044,near_wall,near_wall
480.2250000000004,near_wall,near_wall
480.2500000000004,near_wall,near_wall
480.27500000000043,near_wall,near_wall
480.3000000000004,near_wall,near_wall
480.32500000000044,near_wall,near_wall
480.3500000000004,near_wall,near_wall
480.3750000000004,near_wall,near_wall
480.40000000000043,near_wall,near_wall
480.4250000000004,near_wall,near_wall
480.45000000000044,near_wall,near_wall
480.4750000000004,near_wall,near_wall
480.50000000000045,near_wall,near_wall
480.52500000000043,near_wall,near_wall
480.5500000000004,near_wall,near_wall
480.57500000000044,near_wall,near_wall
480.6000000000004,near_wall,near_wall
480.62500000000045,near_wall,near_wall
480.65000000000043,near_wall,near_wall
480.6750000000004,near_wall,near_wall
480.70000000000044,near_wall,near_wall
480.7250000000004,near_wall,near_wall
480.75000000000045,near_wall,near_wall
480.77500000000043,near_wall,near_wall
480.8000000000004,near_wall,near_wall
480.82500000000044,near_wall,near_wall
480.8500000000004,near_wall,near_wall
480.87500000000045,near_wall,near_wall
480.90000000000043,near_wall,near_wall
480.9250000000004,near_wall,near_wall
480.95000000000044,near_wall,near_wall
480.9750000000004,near_wall,near_wall
481.00000000000045,near_wall,near_wall
481.02500000000043,near_wall,near_wall
481.0500000000004,near_wall,near_wall
481.07500000000044,near_wall,near_wall
481.1000000000004,near_wall,near_wall
481.12500000000045,near_wall,near_wall
481.15000000000043,near_wall,near_wall
481.1750000000004,near_wall,near_wall
481.20000000000044,near_wall,near_wall
481.2250000000004,near_wall,near_wall
481.25000000000045,near_wall,near_wall
481.27500000000043,near_wall,near_wall
481.3000000000004,near_wall,near_wall
481.32500000000044,near_wall,near_wall
481.3500000000004,near_wall,near_wall
481.37500000000045,near_wall,near_wall
481.40000000000043,near_wall,near_wall
481.4250000000004,near_wall,near_wall
481.45000000000044,near_wall,near_wall
481.4750000000004,near_wall,near_wall
481.50000000000045,near_wall,near_wall
481.52500000000043,near_wall,near_wall
481.5500000000004,near_wall,near_wall
481.57500000000044,near_wall,near_wall
481.6000000000004,near_wall,near_wall
481.62500000000045,near_wall,near_wall
481.65000000000043,near_wall,near_wall
481.6750000000004,near_wall,near_wall
481.70000000000044,near_wall,near_wall
481.7250000000004,near_wall,near_wall
481.75000000000045,near_wall,near_wall
481.77500000000043,near_wall,near_wall
481.8000000000004,near_wall,near_wall
481.82500000000044,near_wall,near_wall
481.8500000000004,near_wall,near_wall
481.87500000000045,near_wall,near_wall
481.90000000000043,near_wall,near_wall
481.9250000000004,near_wall,near_wall
481.95000000000044,near_wall,near_wall
481.9750000000004,near_wall,near_wall
482.00000000000045,near_wall,near_wall
482.02500000000043,near_wall,near_wall
482.0500000000004,near_wall,near_wall
482.07500000000044,near_wall,near_wall
482.1000000000004,near_wall,near_wall
482.12500000000045,near_wall,near_wall
482.15000000000043,near_wall,near_wall
482.1750000000004,near_wall,near_wall
482.20000000000044,near_wall,near_wall
482.2250000000004,near_wall,near_wall
482.25000000000045,near_wall,near_wall
482.27500000000043,near_wall,near_wall
482.3000000000004,near_wall,near_wall
482.32500000000044,near_wall,near_wall
482.3500000000004,near_wall,near_wall
482.37500000000045,near_wall,near_wall
482.40000000000043,near_wall,near_wall
482.4250000000004,near_wall,near_wall
482.45000000000044,near_wall,near_wall
482.4750000000004,near_wall,near_wall
482.50000000000045,near_wall,near_wall
482.52500000000043,near_wall,near_wall
482.5500000000004,near_wall,near_wall
482.57500000000044,near_wall,near_wall
482.6000000000004,near_wall,near_wall
482.62500000000045,near_wall,near_wall
482.65000000000043,near_wall,near_wall
482.6750000000004,near_wall,near_wall
482.70000000000044,near_wall,near_wall
482.7250000000004,near_wall,near_wall
482.75000000000045,near_wall,near_wall
482.77500000000043,near_wall,near_wall
482.8000000000004,near_wall,near_wall
482.82500000000044,near_wall,near_wall
482.8500000000004,near_wall,near_wall
482.87500000000045,near_wall,near_wall
482.90000000000043,near_wall,near_wall
482.9250000000004,near_wall,near_wall
482.95000000000044,near_wall,near_wall
482.9750000000004,near_wall,near_wall
483.00000000000045,near_wall,near_wall
483.02500000000043,near_wall,near_wall
483.0500000000004,near_wall,near_wall
483.07500000000044,near_wall,near_wall
483.1000000000004,near_wall,near_wall
483.12500000000045,near_wall,near_wall
483.15000000000043,near_wall,near_wall
483.1750000000004,near_wall,near_wall
483.20000000000044,near_wall,near_wall
483.2250000000004,near_wall,near_wall
483.25000000000045,near_wall,near_wall
483.27500000000043,near_wall,near_wall
483.3000000000004,near_wall,near_wall
483.32500000000044,near_wall,near_wall
483.3500000000004,near_wall,near_wall
483.37500000000045,near_wall,near_wall
483.40000000000043,near_wall,near_wall
483.4250000000004,near_wall,near_wall
483.45000000000044,near_wall,near_wall
483.4750000000004,near_wall,near_wall
483.50000000000045,near_wall,near_wall
483.52500000000043,near_wall,near_wall
483.5500000000004,near_wall,near_wall
483.57500000000044,near_wall,near_wall
483.6000000000004,near_wall,near_wall
483.62500000000045,near_wall,near_wall
483.65000000000043,near_wall,near_wall
483.6750000000004,near_wall,near_wall
483.70000000000044,near_wall,near_wall
483.7250000000004,near_wall,near_wall
483.75000000000045,near_wall,near_wall
483.77500000000043,near_wall,near_wall
483.8000000000004,near_wall,near_wall
483.82500000000044,near_wall,near_wall
483.8500000000004,near_wall,near_wall
483.87500000000045,near_wall,near_wall
483.90000000000043,near_wall,near_wall
483.9250000000004,near_wall,near_wall
483.95000000000044,near_wall,near_wall
483.9750000000004,near_wall,near_wall
484.00000000000045,near_wall,near_wall
484.02500000000043,near_wall,near_wall
484.0500000000004,near_wall,near_wall
484.07500000000044,near_wall,near_wall
484.1000000000004,near_wall,near_wall
484.12500000000045,near_wall,near_wall
484.15000000000043,near_wall,near_wall
484.1750000000004,near_wall,near_wall
484.20000000000044,near_wall,near_wall
484.2250000000004,near_wall,near_wall
484.25000000000045,near_wall,near_wall
484.27500000000043,near_wall,near_wall
484.3000000000004,near_wall,near_wall
484.32500000000044,near_wall,near_wall
484.3500000000004,near_wall,near_wall
484.37500000000045,near_wall,near_wall
484.40000000000043,near_wall,near_wall
484.4250000000004,near_wall,near_wall
484.45000000000044,near_wall,near_wall
484.4750000000004,near_wall,near_wall
484.50000000000045,near_wall,near_wall
484.52500000000043,near_wall,near_wall
484.5500000000004,near_wall,near_wall
484.57500000000044,near_wall,near_wall
484.6000000000004,near_wall,near_wall
484.62500000000045,near_wall,near_wall
484.65000000000043,near_wall,near_wall
484.6750000000004,near_wall,near_wall
484.70000000000044,near_wall,near_wall
484.7250000000004,near_wall,near_wall
484.75000000000045,near_wall,near_wall
484.77500000000043,near_wall,near_wall
484.8000000000004,near_wall,near_wall
484.82500000000044,near_wall,near_wall
484.8500000000004,near_wall,near_wall
484.87500000000045,near_wall,near_wall
484.90000000000043,near_wall,near_wall
484.9250000000004,near_wall,near_wall
484.95000000000044,near_wall,near_wall
484.9750000000004,near_wall,near_wall
485.00000000000045,near_wall,near_wall
485.02500000000043,near_wall,near_wall
485.0500000000004,near_wall,near_wall
485.07500000000044,near_wall,near_wall
485.1000000000004,near_wall,near_wall
485.12500000000045,near_wall,near_wall
485.15000000000043,near_wall,near_wall
485.1750000000004,near_wall,near_wall
485.20000000000044,near_wall,near_wall
485.2250000000004,near_wall,near_wall
485.25000000000045,near_wall,near_wall
485.27500000000043,near_wall,near_wall
485.3000000000004,near_wall,near_wall
485.32500000000044,near_wall,near_wall
485.3500000000004,near_wall,near_wall
485.37500000000045,near_wall,near_wall
485.40000000000043,near_wall,near_wall
485.4250000000004,near_wall,near_wall
485.45000000000044,near_wall,near_wall
485.4750000000004,near_wall,near_wall
485.50000000000045,near_wall,near_wall
485.52500000000043,near_wall,near_wall
485.5500000000004,near_wall,near_wall
485.57500000000044,near_wall,near_wall
485.6000000000004,near_wall,near_wall
485.62500000000045,near_wall,near_wall
485.65000000000043,near_wall,near_wall
485.6750000000004,near_wall,near_wall
485.70000000000044,near_wall,near_wall
485.7250000000004,near_wall,near_wall
485.75000000000045,near_wall,near_wall
485.77500000000043,near_wall,near_wall
485.8000000000004,near_wall,near_wall
485.82500000000044,near_wall,near_wall
485.8500000000004,near_wall,near_wall
485.87500000000045,near_wall,near_wall
485.90000000000043,near_wall,near_wall
485.9250000000004,near_wall,near_wall
485.95000000000044,near_wall,near_wall
485.9750000000004,near_wall,near_wall
486.00000000000045,near_wall,near_wall
486.02500000000043,near_wall,near_wall
486.0500000000004,near_wall,near_wall
486.07500000000044,near_wall,near_wall
486.1000000000004,near_wall,near_wall
486.12500000000045,near_wall,near_wall
486.15000000000043,near_wall,near_wall
486.1750000000004,near_wall,near_wall
486.20000000000044,near_wall,near_wall
486.2250000000004,near_wall,near_wall
486.25000000000045,near_wall,near_wall
486.27500000000043,near_wall,near_wall
486.3000000000004,near_wall,near_wall
486.32500000000044,near_wall,near_wall
486.3500000000004,near_wall,near_wall
486.37500000000045,near_wall,near_wall
486.40000000000043,near_wall,near_wall
486.4250000000004,near_wall,near_wall
486.45000000000044,near_wall,near_wall
486.4750000000004,near_wall,middle
486.50000000000045,near_wall,middle
486.52500000000043,near_wall,middle
486.5500000000004,near_wall,middle
486.57500000000044,near_wall,near_wall
486.6000000000004,near_wall,near_wall
486.62500000000045,near_wall,near_wall
486.65000000000043,near_wall,near_wall
486.6750000000004,near_wall,near_wall
486.70000000000044,near_wall,near_wall
486.7250000000004,near_wall,near_wall
486.75000000000045,near_wall,near_wall
486.77500000000043,near_wall,near_wall
486.8000000000004,near_wall,near_wall
486.82500000000044,near_wall,near_wall
486.8500000000004,near_wall,near_wall
486.87500000000045,near_wall,near_wall
486.90000000000043,near_wall,near_wall
486.9250000000004,near_wall,near_wall
486.95000000000044,near_wall,near_wall
486.9750000000004,near_wall,near_wall
487.00000000000045,near_wall,near_wall
487.02500000000043,near_wall,near_wall
487.0500000000004,near_wall,near_wall
487.07500000000044,near_wall,near_wall
487.1000000000004,near_wall,near_wall
487.12500000000045,near_wall,near_wall
487.15000000000043,near_wall,near_wall
487.1750000000004,near_wall,near_wall
487.20000000000044,near_wall,near_wall
487.2250000000004,near_wall,near_wall
487.25000000000045,near_wall,near_wall
487.27500000000043,near_wall,near_wall
487.3000000000004,near_wall,near_wall
487.32500000000044,near_wall,near_wall
487.3500000000004,near_wall,near_wall
487.37500000000045,near_wall,near_wall
487.40000000000043,near_wall,near_wall
487.4250000000004,near_wall,near_wall
487.45000000000044,near_wall,near_wall
487.4750000000004,near_wall,near_wall
487.50000000000045,near_wall,near_wall
487.52500000000043,near_wall,near_wall
487.5500000000004,near_wall,near_wall
487.57500000000044,near_wall,near_wall
487.6000000000004,near_wall,near_wall
487.62500000000045,near_wall,near_wall
487.65000000000043,near_wall,near_wall
487.6750000000004,near_wall,near_wall
487.70000000000044,near_wall,near_wall
487.7250000000004,near_wall,near_wall
487.75000000000045,near_wall,near_wall
487.77500000000043,near_wall,near_wall
487.8000000000004,near_wall,near_wall
487.82500000000044,near_wall,near_wall
487.8500000000004,near_wall,near_wall
487.87500000000045,near_wall,near_wall
487.90000000000043,near_wall,near_wall
487.9250000000004,near_wall,near_wall
487.95000000000044,near_wall,near_wall
487.9750000000004,near_wall,near_wall
488.00000000000045,near_wall,near_wall
488.02500000000043,near_wall,near_wall
488.0500000000004,near_wall,near_wall
488.07500000000044,near_wall,near_wall
488.1000000000004,near_wall,near_wall
488.12500000000045,near_wall,near_wall
488.15000000000043,near_wall,near_wall
488.1750000000004,near_wall,near_wall
488.20000000000044,near_wall,near_wall
488.2250000000004,near_wall,near_wall
488.25000000000045,near_wall,near_wall
488.27500000000043,near_wall,near_wall
488.3000000000004,near_wall,near_wall
488.32500000000044,near_wall,near_wall
488.3500000000004,near_wall,near_wall
488.37500000000045,near_wall,near_wall
488.40000000000043,near_wall,near_wall
488.4250000000004,near_wall,near_wall
488.45000000000044,near_wall,near_wall
488.4750000000004,near_wall,near_wall
488.50000000000045,near_wall,near_wall
488.52500000000043,near_wall,near_wall
488.5500000000004,near_wall,near_wall
488.57500000000044,near_wall,near_wall
488.6000000000004,near_wall,near_wall
488.62500000000045,near_wall,near_wall
488.65000000000043,near_wall,near_wall
488.6750000000004,near_wall,near_wall
488.70000000000044,near_wall,near_wall
488.7250000000004,near_wall,near_wall
488.75000000000045,near_wall,near_wall
488.77500000000043,near_wall,near_wall
488.8000000000004,near_wall,near_wall
488.82500000000044,near_wall,near_wall
488.8500000000004,near_wall,near_wall
488.87500000000045,near_wall,near_wall
488.90000000000043,near_wall,near_wall
488.9250000000004,near_wall,near_wall
488.95000000000044,near_wall,near_wall
488.9750000000004,near_wall,near_wall
489.00000000000045,near_wall,near_wall
489.02500000000043,near_wall,near_wall
489.0500000000004,near_wall,near_wall
489.07500000000044,near_wall,near_wall
489.1000000000004,near_wall,near_wall
489.12500000000045,near_wall,near_wall
489.15000000000043,near_wall,near_wall
489.1750000000004,near_wall,near_wall
489.20000000000044,near_wall,near_wall
489.2250000000004,near_wall,near_wall
489.25000000000045,near_wall,near_wall
489.27500000000043,near_wall,near_wall
489.3000000000004,near_wall,near_wall
489.32500000000044,near_wall,near_wall
489.3500000000004,near_wall,near_wall
489.37500000000045,near_wall,near_wall
489.40000000000043,near_wall,near_wall
489.4250000000004,near_wall,near_wall
489.45000000000044,near_wall,near_wall
489.4750000000004,near_wall,near_wall
489.50000000000045,near_wall,near_wall
489.52500000000043,near_wall,near_wall
489.5500000000004,near_wall,near_wall
489.57500000000044,near_wall,near_wall
489.6000000000004,near_wall,near_wall
489.62500000000045,near_wall,near_wall
489.65000000000043,near_wall,near_wall
489.6750000000004,near_wall,near_wall
489.70000000000044,near_wall,near_wall
489.7250000000004,near_wall,near_wall
489.75000000000045,near_wall,near_wall
489.77500000000043,near_wall,near_wall
489.8000000000004,near_wall,near_wall
489.82500000000044,near_wall,near_wall
489.8500000000004,near_wall,near_wall
489.87500000000045,near_wall,near_wall
489.90000000000043,near_wall,near_wall
489.9250000000004,near_wall,near_wall
489.95000000000044,near_wall,near_wall
489.9750000000004,near_wall,near_wall
490.00000000000045,near_wall,near_wall
490.02500000000043,near_wall,near_wall
490.0500000000004,near_wall,near_wall
490.07500000000044,near_wall,near_wall
490.1000000000004,near_wall,near_wall
490.12500000000045,near_wall,near_wall
490.15000000000043,near_wall,near_wall
490.1750000000004,near_wall,near_wall
490.20000000000044,near_wall,near_wall
490.2250000000004,near_wall,near_wall
490.25000000000045,near_wall,near_wall
490.27500000000043,near_wall,near_wall
490.3000000000004,near_wall,near_wall
490.32500000000044,near_wall,near_wall
490.3500000000004,near_wall,near_wall
490.37500000000045,near_wall,near_wall
490.40000000000043,near_wall,near_wall
490.4250000000004,near_wall,near_wall
490.45000000000044,near_wall,near_wall
490.4750000000004,near_wall,near_wall
490.50000000000045,near_wall,near_wall
490.52500000000043,near_wall,near_wall
490.5500000000004,near_wall,near_wall
490.57500000000044,near_wall,near_wall
490.6000000000004,near_wall,near_wall
490.62500000000045,near_wall,near_wall
490.65000000000043,near_wall,near_wall
490.6750000000004,near_wall,near_wall
490.70000000000044,near_wall,near_wall
490.7250000000004,near_wall,near_wall
490.75000000000045,near_wall,near_wall
490.77500000000043,near_wall,near_wall
490.8000000000004,near_wall,near_wall
490.82500000000044,near_wall,near_wall
490.8500000000004,near_wall,near_wall
490.87500000000045,near_wall,near_wall
490.90000000000043,near_wall,near_wall
490.9250000000004,near_wall,near_wall
490.95000000000044,near_wall,near_wall
490.9750000000004,near_wall,near_wall
491.00000000000045,near_wall,near_wall
491.02500000000043,near_wall,near_wall
491.0500000000004,near_wall,near_wall
491.07500000000044,near_wall,near_wall
491.1000000000004,near_wall,near_wall
491.12500000000045,near_wall,near_wall
491.15000000000043,near_wall,near_wall
491.1750000000004,near_wall,near_wall
491.20000000000044,near_wall,near_wall
491.2250000000004,near_wall,near_wall
491.25000000000045,near_wall,near_wall
491.27500000000043,near_wall,near_wall
491.3000000000004,near_wall,near_wall
491.32500000000044,near_wall,near_wall
491.3500000000004,near_wall,near_wall
491.37500000000045,near_wall,near_wall
491.40000000000043,near_wall,near_wall
491.4250000000004,near_wall,near_wall
491.45000000000044,near_wall,near_wall
491.4750000000004,near_wall,near_wall
491.50000000000045,near_wall,near_wall
491.52500000000043,near_wall,near_wall
491.5500000000004,near_wall,near_wall
491.57500000000044,near_wall,near_wall
491.6000000000004,near_wall,near_wall
491.62500000000045,near_wall,near_wall
491.65000000000043,near_wall,near_wall
491.6750000000004,near_wall,near_wall
491.70000000000044,near_wall,middle
491.7250000000004,near_wall,middle
491.75000000000045,near_wall,near_wall
491.77500000000043,near_wall,near_wall
491.8000000000004,near_wall,near_wall
491.82500000000044,near_wall,near_wall
491.8500000000004,near_wall,near_wall
491.87500000000045,near_wall,near_wall
491.90000000000043,near_wall,near_wall
491.9250000000004,near_wall,near_wall
491.95000000000044,near_wall,near_wall
491.9750000000004,near_wall,near_wall
492.00000000000045,near_wall,near_wall
492.02500000000043,near_wall,near_wall
492.0500000000004,near_wall,near_wall
492.07500000000044,near_wall,near_wall
492.1000000000004,near_wall,near_wall
492.12500000000045,near_wall,near_wall
492.15000000000043,near_wall,near_wall
492.1750000000004,near_wall,near_wall
492.20000000000044,near_wall,near_wall
492.2250000000004,near_wall,near_wall
492.25000000000045,near_wall,near_wall
492.27500000000043,near_wall,near_wall
492.3000000000004,near_wall,near_wall
492.32500000000044,near_wall,near_wall
492.3500000000004,near_wall,near_wall
492.37500000000045,near_wall,near_wall
492.40000000000043,near_wall,near_wall
492.4250000000004,near_wall,near_wall
492.45000000000044,near_wall,near_wall
492.4750000000004,near_wall,near_wall
492.50000000000045,near_wall,near_wall
492.52500000000043,near_wall,near_wall
492.5500000000004,near_wall,near_wall
492.57500000000044,near_wall,near_wall
492.6000000000004,near_wall,near_wall
492.62500000000045,near_wall,near_wall
492.65000000000043,near_wall,near_wall
492.6750000000004,near_wall,near_wall
492.70000000000044,near_wall,near_wall
492.7250000000004,near_wall,near_wall
492.75000000000045,near_wall,near_wall
492.77500000000043,near_wall,near_wall
492.8000000000004,near_wall,near_wall
492.82500000000044,near_wall,near_wall
492.8500000000004,near_wall,near_wall
492.87500000000045,near_wall,near_wall
492.90000000000043,near_wall,near_wall
492.9250000000004,near_wall,near_wall
492.95000000000044,near_wall,near_wall
492.9750000000004,near_wall,near_wall
493.00000000000045,near_wall,near_wall
493.02500000000043,near_wall,near_wall
493.0500000000004,near_wall,near_wall
493.07500000000044,near_wall,near_wall
493.1000000000004,near_wall,near_wall
493.12500000000045,near_wall,near_wall
493.15000000000043,near_wall,near_wall
493.1750000000004,near_wall,near_wall
493.20000000000044,near_wall,near_wall
493.2250000000004,near_wall,near_wall
493.25000000000045,near_wall,near_wall
493.27500000000043,near_wall,near_wall
493.3000000000004,near_wall,near_wall
493.32500000000044,near_wall,near_wall
493.3500000000004,near_wall,near_wall
493.37500000000045,near_wall,near_wall
493.40000000000043,near_wall,near_wall
493.42500000000047,near_wall,near_wall
493.45000000000044,near_wall,near_wall
493.4750000000004,near_wall,near_wall
493.50000000000045,near_wall,near_wall
493.52500000000043,near_wall,near_wall
493.55000000000047,near_wall,near_wall
493.57500000000044,near_wall,near_wall
493.6000000000004,near_wall,near_wall
493.62500000000045,near_wall,near_wall
493.65000000000043,near_wall,near_wall
493.67500000000047,near_wall,near_wall
493.70000000000044,near_wall,near_wall
493.7250000000004,near_wall,near_wall
493.75000000000045,near_wall,near_wall
493.77500000000043,near_wall,near_wall
493.80000000000047,near_wall,near_wall
493.82500000000044,near_wall,near_wall
493.8500000000004,near_wall,near_wall
493.87500000000045,near_wall,near_wall
493.90000000000043,near_wall,near_wall
493.92500000000047,near_wall,near_wall
493.95000000000044,near_wall,near_wall
493.9750000000004,near_wall,near_wall
494.00000000000045,near_wall,near_wall
494.02500000000043,near_wall,near_wall
494.05000000000047,near_wall,near_wall
494.07500000000044,near_wall,near_wall
494.1000000000004,near_wall,near_wall
494.12500000000045,near_wall,near_wall
494.15000000000043,near_wall,near_wall
494.17500000000047,near_wall,near_wall
494.20000000000044,near_wall,near_wall
494.2250000000004,near_wall,near_wall
494.25000000000045,near_wall,near_wall
494.27500000000043,near_wall,near_wall
494.30000000000047,near_wall,near_wall
494.32500000000044,near_wall,near_wall
494.3500000000004,near_wall,near_wall
494.37500000000045,near_wall,near_wall
494.40000000000043,near_wall,near_wall
494.42500000000047,near_wall,near_wall
494.45000000000044,near_wall,near_wall
494.4750000000004,near_wall,near_wall
494.50000000000045,near_wall,near_wall
494.52500000000043,near_wall,near_wall
494.55000000000047,near_wall,near_wall
494.57500000000044,near_wall,near_wall
494.6000000000004,near_wall,near_wall
494.62500000000045,near_wall,near_wall
494.65000000000043,near_wall,near_wall
494.67500000000047,near_wall,near_wall
494.70000000000044,near_wall,near_wall
494.7250000000004,near_wall,near_wall
494.75000000000045,near_wall,near_wall
494.77500000000043,near_wall,near_wall
494.80000000000047,near_wall,near_wall
494.82500000000044,near_wall,near_wall
494.8500000000004,near_wall,near_wall
494.87500000000045,near_wall,near_wall
494.90000000000043,near_wall,near_wall
494.92500000000047,near_wall,near_wall
494.95000000000044,near_wall,near_wall
494.9750000000004,near_wall,near_wall
495.00000000000045,near_wall,near_wall
495.02500000000043,near_wall,near_wall
495.05000000000047,near_wall,near_wall
495.07500000000044,near_wall,near_wall
495.1000000000004,near_wall,near_wall
495.12500000000045,near_wall,near_wall
495.15000000000043,near_wall,near_wall
495.17500000000047,near_wall,near_wall
495.20000000000044,near_wall,near_wall
495.2250000000004,near_wall,near_wall
495.25000000000045,near_wall,near_wall
495.27500000000043,near_wall,near_wall
495.30000000000047,near_wall,near_wall
495.32500000000044,near_wall,near_wall
495.3500000000004,near_wall,near_wall
495.37500000000045,near_wall,near_wall
495.40000000000043,near_wall,near_wall
495.42500000000047,near_wall,near_wall
495.45000000000044,near_wall,near_wall
495.4750000000004,near_wall,near_wall
495.50000000000045,near_wall,near_wall
495.52500000000043,near_wall,near_wall
495.55000000000047,near_wall,near_wall
495.57500000000044,near_wall,near_wall
495.6000000000004,near_wall,near_wall
495.62500000000045,near_wall,near_wall
495.65000000000043,near_wall,near_wall
495.67500000000047,near_wall,near_wall
495.70000000000044,near_wall,near_wall
495.7250000000004,near_wall,near_wall
495.75000000000045,near_wall,near_wall
495.77500000000043,near_wall,near_wall
495.80000000000047,near_wall,near_wall
495.82500000000044,near_wall,near_wall
495.8500000000004,near_wall,near_wall
495.87500000000045,near_wall,near_wall
495.90000000000043,near_wall,near_wall
495.92500000000047,near_wall,near_wall
495.95000000000044,near_wall,near_wall
495.9750000000004,near_wall,near_wall
496.00000000000045,near_wall,near_wall
496.02500000000043,near_wall,near_wall
496.05000000000047,near_wall,near_wall
496.07500000000044,near_wall,near_wall
496.1000000000004,near_wall,near_wall
496.12500000000045,near_wall,near_wall
496.15000000000043,near_wall,near_wall
496.17500000000047,near_wall,near_wall
496.20000000000044,near_wall,near_wall
496.2250000000004,near_wall,near_wall
496.25000000000045,near_wall,near_wall
496.27500000000043,near_wall,near_wall
496.30000000000047,near_wall,near_wall
496.32500000000044,near_wall,near_wall
496.3500000000004,near_wall,near_wall
496.37500000000045,near_wall,near_wall
496.40000000000043,near_wall,near_wall
496.42500000000047,near_wall,near_wall
496.45000000000044,near_wall,near_wall
496.4750000000004,near_wall,near_wall
496.50000000000045,near_wall,near_wall
496.52500000000043,near_wall,near_wall
496.55000000000047,near_wall,near_wall
496.57500000000044,near_wall,near_wall
496.6000000000004,near_wall,near_wall
496.62500000000045,near_wall,near_wall
496.65000000000043,near_wall,near_wall
496.67500000000047,near_wall,near_wall
496.70000000000044,near_wall,near_wall
496.7250000000004,near_wall,near_wall
496.75000000000045,near_wall,near_wall
496.77500000000043,near_wall,near_wall
496.80000000000047,near_wall,near_wall
496.82500000000044,near_wall,near_wall
496.8500000000004,near_wall,near_wall
496.87500000000045,near_wall,near_wall
496.90000000000043,near_wall,near_wall
496.92500000000047,near_wall,near_wall
496.95000000000044,near_wall,near_wall
496.9750000000004,near_wall,near_wall
497.00000000000045,near_wall,near_wall
497.02500000000043,near_wall,near_wall
497.05000000000047,near_wall,near_wall
497.07500000000044,near_wall,near_wall
497.1000000000004,near_wall,near_wall
497.12500000000045,near_wall,near_wall
497.15000000000043,near_wall,near_wall
497.17500000000047,near_wall,near_wall
497.20000000000044,near_wall,near_wall
497.2250000000004,near_wall,near_wall
497.25000000000045,near_wall,near_wall
497.27500000000043,near_wall,near_wall
497.30000000000047,near_wall,near_wall
497.32500000000044,near_wall,near_wall
497.3500000000004,near_wall,near_wall
497.37500000000045,near_wall,near_wall
497.40000000000043,near_wall,near_wall
497.42500000000047,near_wall,near_wall
497.45000000000044,near_wall,near_wall
497.4750000000004,near_wall,near_wall
497.50000000000045,near_wall,near_wall
497.52500000000043,near_wall,near_wall
497.55000000000047,near_wall,near_wall
497.57500000000044,near_wall,near_wall
497.6000000000004,near_wall,near_wall
497.62500000000045,near_wall,near_wall
497.65000000000043,near_wall,near_wall
497.67500000000047,near_wall,near_wall
497.70000000000044,near_wall,near_wall
497.7250000000004,near_wall,near_wall
497.75000000000045,near_wall,near_wall
497.77500000000043,near_wall,near_wall
497.80000000000047,near_wall,near_wall
497.82500000000044,near_wall,near_wall
497.8500000000004,near_wall,near_wall
497.87500000000045,near_wall,near_wall
497.90000000000043,near_wall,near_wall
497.92500000000047,near_wall,near_wall
497.95000000000044,near_wall,near_wall
497.9750000000004,near_wall,near_wall
498.00000000000045,near_wall,near_wall
498.02500000000043,near_wall,near_wall
498.05000000000047,near_wall,near_wall
498.07500000000044,near_wall,near_wall
498.1000000000004,near_wall,near_wall
498.12500000000045,near_wall,near_wall
498.15000000000043,near_wall,near_wall
498.17500000000047,near_wall,near_wall
498.20000000000044,near_wall,near_wall
498.2250000000004,near_wall,near_wall
498.25000000000045,near_wall,near_wall
498.27500000000043,near_wall,near_wall
498.30000000000047,near_wall,near_wall
498.32500000000044,near_wall,near_wall
498.3500000000004,near_wall,near_wall
498.37500000000045,near_wall,near_wall
498.40000000000043,near_wall,near_wall
498.42500000000047,near_wall,near_wall
498.45000000000044,near_wall,near_wall
498.4750000000004,near_wall,near_wall
498.50000000000045,near_wall,near_wall
498.52500000000043,near_wall,near_wall
498.55000000000047,near_wall,near_wall
498.57500000000044,near_wall,near_wall
498.6000000000004,near_wall,near_wall
498.62500000000045,near_wall,near_wall
498.65000000000043,near_wall,near_wall
498.67500000000047,near_wall,near_wall
498.70000000000044,near_wall,near_wall
498.7250000000004,near_wall,near_wall
498.75000000000045,near_wall,near_wall
498.77500000000043,near_wall,near_wall
498.80000000000047,near_wall,near_wall
498.82500000000044,near_wall,near_wall
498.8500000000004,near_wall,near_wall
498.87500000000045,near_wall,near_wall
498.90000000000043,near_wall,near_wall
498.92500000000047,near_wall,near_wall
498.95000000000044,near_wall,near_wall
498.9750000000004,near_wall,near_wall
499.00000000000045,near_wall,near_wall
499.02500000000043,near_wall,near_wall
499.05000000000047,near_wall,near_wall
499.07500000000044,near_wall,near_wall
499.1000000000004,near_wall,near_wall
499.12500000000045,near_wall,near_wall
499.15000000000043,near_wall,near_wall
499.17500000000047,middle,near_wall
499.20000000000044,middle,near_wall
499.2250000000004,middle,near_wall
499.25000000000045,middle,near_wall
499.27500000000043,middle,near_wall
499.30000000000047,middle,near_wall
499.32500000000044,middle,near_wall
499.3500000000004,middle,near_wall
499.37500000000045,middle,near_wall
499.40000000000043,middle,near_wall
499.42500000000047,middle,near_wall
499.45000000000044,middle,near_wall
499.4750000000004,middle,near_wall
499.50000000000045,middle,middle
499.52500000000043,middle,middle
499.55000000000047,middle,near_wall
499.57500000000044,middle,middle
499.6000000000004,middle,middle
499.62500000000045,middle,near_wall
499.65000000000043,middle,near_wall
499.67500000000047,middle,middle
499.70000000000044,middle,middle
499.7250000000004,middle,near_wall
499.75000000000045,middle,near_wall
499.77500000000043,middle,near_wall
499.80000000000047,middle,middle
499.82500000000044,middle,middle
499.8500000000004,middle,near_wall
499.87500000000045,middle,near_wall
499.90000000000043,middle,near_wall
499.92500000000047,middle,near_wall
499.95000000000044,middle,near_wall
499.9750000000004,middle,near_wall
500.00000000000045,middle,near_wall
500.02500000000043,middle,near_wall
500.05000000000047,middle,near_wall
500.07500000000044,middle,near_wall
500.1000000000004,middle,middle
500.12500000000045,middle,middle
500.15000000000043,middle,middle
500.17500000000047,middle,middle
500.20000000000044,middle,middle
500.2250000000004,middle,middle
500.25000000000045,middle,middle
500.27500000000043,middle,middle
500.30000000000047,middle,middle
500.32500000000044,middle,middle
500.3500000000004,middle,middle
500.37500000000045,middle,middle
500.40000000000043,middle,middle
500.42500000000047,middle,middle
500.45000000000044,middle,middle
500.4750000000004,middle,middle
500.50000000000045,middle,middle
500.52500000000043,middle,middle
500.55000000000047,middle,middle
500.57500000000044,middle,middle
500.6000000000004,middle,middle
500.62500000000045,middle,middle
500.65000000000043,middle,middle
500.67500000000047,middle,middle
500.70000000000044,middle,middle
500.7250000000004,middle,middle
500.75000000000045,middle,middle
500.77500000000043,middle,middle
500.80000000000047,middle,middle
500.82500000000044,middle,middle
500.8500000000004,middle,middle
500.87500000000045,middle,middle
500.90000000000043,middle,middle
500.92500000000047,middle,middle
500.95000000000044,middle,middle
500.9750000000004,middle,middle
501.00000000000045,middle,middle
501.02500000000043,middle,middle
501.05000000000047,middle,middle
501.07500000000044,middle,middle
501.1000000000004,middle,middle
501.12500000000045,middle,middle
501.15000000000043,middle,middle
501.17500000000047,middle,middle
501.20000000000044,middle,middle
501.2250000000004,middle,middle
501.25000000000045,middle,middle
501.27500000000043,middle,middle
501.30000000000047,middle,middle
501.32500000000044,middle,middle
501.3500000000004,middle,middle
501.37500000000045,middle,middle
501.40000000000043,middle,middle
501.42500000000047,middle,middle
501.45000000000044,middle,middle
501.4750000000004,middle,middle
501.50000000000045,middle,middle
501.52500000000043,middle,middle
501.55000000000047,middle,middle
501.57500000000044,middle,middle
501.6000000000004,middle,middle
501.62500000000045,middle,middle
501.65000000000043,middle,middle
501.67500000000047,middle,middle
501.70000000000044,middle,middle
501.7250000000004,middle,middle
501.75000000000045,middle,middle
501.77500000000043,middle,middle
501.80000000000047,middle,middle
501.82500000000044,middle,middle
501.8500000000004,middle,middle
501.87500000000045,middle,middle
501.90000000000043,middle,center
501.92500000000047,middle,center
501.95000000000044,middle,center
501.9750000000004,middle,middle
502.00000000000045,middle,middle
502.02500000000043,middle,middle
502.05000000000047,middle,middle
502.07500000000044,middle,middle
502.1000000000004,middle,middle
502.12500000000045,middle,center
502.15000000000043,middle,middle
502.17500000000047,middle,middle
502.20000000000044,middle,middle
502.2250000000004,middle,middle
502.25000000000045,middle,middle
502.27500000000043,middle,middle
502.30000000000047,middle,middle
502.32500000000044,middle,middle
502.3500000000004,middle,middle
502.37500000000045,middle,middle
502.40000000000043,middle,middle
502.42500000000047,middle,middle
502.45000000000044,middle,middle
502.4750000000004,middle,middle
502.50000000000045,middle,middle
502.52500000000043,middle,middle
502.55000000000047,middle,middle
502.57500000000044,middle,middle
502.6000000000004,middle,middle
502.62500000000045,middle,middle
502.65000000000043,middle,middle
502.67500000000047,middle,middle
502.70000000000044,middle,middle
502.7250000000004,middle,middle
502.75000000000045,middle,middle
502.77500000000043,middle,middle
502.80000000000047,middle,middle
502.82500000000044,middle,middle
502.8500000000004,middle,middle
502.87500000000045,middle,middle
502.90000000000043,middle,middle
502.92500000000047,middle,middle
502.95000000000044,middle,middle
502.9750000000004,middle,middle
503.00000000000045,middle,middle
503.02500000000043,middle,middle
503.05000000000047,middle,middle
503.07500000000044,middle,middle
503.1000000000004,middle,middle
503.12500000000045,middle,middle
503.15000000000043,middle,middle
503.17500000000047,middle,middle
503.20000000000044,middle,middle
503.2250000000004,middle,middle
503.25000000000045,middle,center
503.27500000000043,middle,center
503.30000000000047,middle,center
503.32500000000044,middle,center
503.3500000000004,middle,middle
503.37500000000045,middle,middle
503.40000000000043,middle,middle
503.42500000000047,middle,middle
503.45000000000044,middle,middle
503.4750000000004,middle,middle
503.50000000000045,middle,middle
503.52500000000043,middle,middle
503.55000000000047,middle,middle
503.57500000000044,middle,middle
503.6000000000004,middle,middle
503.62500000000045,middle,middle
503.65000000000043,middle,middle
503.67500000000047,middle,middle
503.70000000000044,middle,middle
503.7250000000004,middle,middle
503.75000000000045,middle,middle
503.77500000000043,middle,middle
503.80000000000047,middle,middle
503.82500000000044,middle,center
503.8500000000004,middle,middle
503.87500000000045,middle,middle
503.90000000000043,middle,center
503.92500000000047,middle,center
503.95000000000044,middle,center
503.9750000000004,middle,center
504.00000000000045,middle,center
504.02500000000043,middle,center
504.05000000000047,middle,middle
504.07500000000044,middle,middle
504.1000000000004,middle,middle
504.12500000000045,middle,middle
504.15000000000043,middle,middle
504.17500000000047,middle,middle
504.20000000000044,middle,middle
504.2250000000004,middle,middle
504.25000000000045,middle,middle
504.27500000000043,middle,middle
504.30000000000047,middle,middle
504.32500000000044,middle,middle
504.3500000000004,middle,middle
504.37500000000045,middle,middle
504.40000000000043,middle,middle
504.42500000000047,middle,middle
504.45000000000044,middle,middle
504.4750000000004,middle,middle
504.50000000000045,middle,middle
504.52500000000043,middle,middle
504.55000000000047,middle,middle
504.57500000000044,middle,middle
504.6000000000004,middle,middle
504.62500000000045,middle,middle
504.65000000000043,middle,middle
504.67500000000047,middle,middle
504.70000000000044,middle,middle
504.7250000000004,middle,middle
504.75000000000045,middle,middle
504.77500000000043,middle,middle
504.80000000000047,middle,middle
504.82500000000044,middle,middle
504.8500000000004,middle,middle
504.87500000000045,middle,middle
504.90000000000043,middle,middle
504.92500000000047,middle,middle
504.95000000000044,middle,middle
504.9750000000004,middle,middle
505.00000000000045,middle,middle
505.02500000000043,middle,middle
505.05000000000047,middle,middle
505.07500000000044,middle,middle
505.1000000000004,middle,middle
505.12500000000045,middle,middle
505.15000000000043,middle,middle
505.17500000000047,middle,middle
505.20000000000044,middle,middle
505.2250000000004,middle,middle
505.25000000000045,middle,middle
505.27500000000043,middle,middle
505.30000000000047,middle,middle
505.32500000000044,middle,middle
505.3500000000004,middle,middle
505.37500000000045,middle,middle
505.40000000000043,middle,middle
505.42500000000047,middle,middle
505.45000000000044,middle,middle
505.4750000000004,middle,middle
505.50000000000045,middle,middle
505.52500000000043,middle,middle
505.55000000000047,middle,middle
505.57500000000044,middle,middle
505.6000000000004,middle,middle
505.62500000000045,middle,middle
505.65000000000043,middle,middle
505.67500000000047,middle,near_wall
505.70000000000044,middle,near_wall
505.7250000000004,middle,near_wall
505.75000000000045,middle,near_wall
505.77500000000043,middle,near_wall
505.80000000000047,middle,near_wall
505.82500000000044,middle,near_wall
505.8500000000004,middle,near_wall
505.87500000000045,middle,near_wall
505.90000000000043,middle,near_wall
505.92500000000047,middle,near_wall
505.95000000000044,middle,near_wall
505.9750000000004,middle,near_wall
506.00000000000045,middle,near_wall
506.02500000000043,middle,near_wall
506.05000000000047,middle,near_wall
506.07500000000044,middle,near_wall
506.1000000000005,middle,near_wall
506.12500000000045,middle,near_wall
506.15000000000043,middle,near_wall
506.17500000000047,middle,near_wall
506.20000000000044,middle,near_wall
506.2250000000005,middle,near_wall
506.25000000000045,middle,near_wall
506.27500000000043,middle,near_wall
506.30000000000047,middle,near_wall
506.32500000000044,middle,near_wall
506.3500000000005,middle,near_wall
506.37500000000045,middle,near_wall
506.40000000000043,middle,near_wall
506.42500000000047,middle,near_wall
506.45000000000044,middle,near_wall
506.4750000000005,middle,near_wall
506.50000000000045,middle,near_wall
506.52500000000043,middle,near_wall
506.55000000000047,middle,near_wall
506.57500000000044,middle,near_wall
506.6000000000005,middle,near_wall
506.62500000000045,middle,near_wall
506.65000000000043,middle,near_wall
506.67500000000047,middle,near_wall
506.70000000000044,middle,near_wall
506.7250000000005,middle,near_wall
506.75000000000045,middle,near_wall
506.77500000000043,middle,near_wall
506.80000000000047,middle,near_wall
506.82500000000044,middle,near_wall
506.8500000000005,middle,near_wall
506.87500000000045,middle,near_wall
506.90000000000043,middle,near_wall
506.92500000000047,near_wall,near_wall
506.95000000000044,near_wall,near_wall
506.9750000000005,near_wall,near_wall
507.00000000000045,near_wall,near_wall
507.02500000000043,near_wall,near_wall
507.05000000000047,near_wall,near_wall
507.07500000000044,near_wall,near_wall
507.1000000000005,near_wall,near_wall
507.12500000000045,near_wall,near_wall
507.15000000000043,near_wall,near_wall
507.17500000000047,near_wall,near_wall
507.20000000000044,near_wall,near_wall
507.2250000000005,near_wall,near_wall
507.25000000000045,near_wall,near_wall
507.27500000000043,near_wall,near_wall
507.30000000000047,near_wall,near_wall
507.32500000000044,near_wall,near_wall
507.3500000000005,near_wall,near_wall
507.37500000000045,near_wall,near_wall
507.40000000000043,near_wall,near_wall
507.42500000000047,near_wall,near_wall
507.45000000000044,near_wall,near_wall
507.4750000000005,near_wall,near_wall
507.50000000000045,near_wall,near_wall
507.52500000000043,near_wall,near_wall
507.55000000000047,near_wall,near_wall
507.57500000000044,near_wall,near_wall
507.6000000000005,near_wall,near_wall
507.62500000000045,near_wall,near_wall
507.65000000000043,near_wall,near_wall
507.67500000000047,near_wall,near_wall
507.70000000000044,near_wall,near_wall
507.7250000000005,near_wall,near_wall
507.75000000000045,near_wall,near_wall
507.77500000000043,near_wall,near_wall
507.80000000000047,near_wall,near_wall
507.82500000000044,near_wall,near_wall
507.8500000000005,near_wall,near_wall
507.87500000000045,near_wall,near_wall
507.90000000000043,near_wall,near_wall
507.92500000000047,near_wall,near_wall
507.95000000000044,near_wall,near_wall
507.9750000000005,near_wall,near_wall
508.00000000000045,near_wall,near_wall
508.02500000000043,near_wall,near_wall
508.05000000000047,near_wall,near_wall
508.07500000000044,near_wall,near_wall
508.1000000000005,near_wall,near_wall
508.12500000000045,near_wall,near_wall
508.15000000000043,near_wall,near_wall
508.17500000000047,near_wall,near_wall
508.20000000000044,near_wall,near_wall
508.2250000000005,near_wall,near_wall
508.25000000000045,near_wall,near_wall
508.27500000000043,near_wall,near_wall
508.30000000000047,near_wall,near_wall
508.32500000000044,near_wall,near_wall
508.3500000000005,near_wall,near_wall
508.37500000000045,near_wall,near_wall
508.40000000000043,near_wall,near_wall
508.42500000000047,near_wall,near_wall
508.45000000000044,near_wall,near_wall
508.4750000000005,near_wall,near_wall
508.50000000000045,near_wall,near_wall
508.52500000000043,near_wall,near_wall
508.55000000000047,near_wall,near_wall
508.57500000000044,near_wall,near_wall
508.6000000000005,near_wall,near_wall
508.62500000000045,near_wall,near_wall
508.65000000000043,near_wall,near_wall
508.67500000000047,near_wall,near_wall
508.70000000000044,near_wall,near_wall
508.7250000000005,near_wall,near_wall
508.75000000000045,near_wall,near_wall
508.77500000000043,near_wall,near_wall
508.80000000000047,near_wall,near_wall
508.82500000000044,near_wall,near_wall
508.8500000000005,near_wall,near_wall
508.87500000000045,near_wall,near_wall
508.90000000000043,near_wall,near_wall
508.92500000000047,near_wall,near_wall
508.95000000000044,near_wall,near_wall
508.9750000000005,near_wall,near_wall
509.00000000000045,near_wall,near_wall
509.02500000000043,near_wall,near_wall
509.05000000000047,near_wall,near_wall
509.07500000000044,near_wall,near_wall
509.1000000000005,near_wall,near_wall
509.12500000000045,near_wall,near_wall
509.15000000000043,near_wall,near_wall
509.17500000000047,near_wall,near_wall
509.20000000000044,near_wall,near_wall
509.2250000000005,near_wall,near_wall
509.25000000000045,near_wall,near_wall
509.27500000000043,near_wall,near_wall
509.30000000000047,near_wall,near_wall
509.32500000000044,near_wall,near_wall
509.3500000000005,near_wall,near_wall
509.37500000000045,near_wall,near_wall
509.40000000000043,near_wall,near_wall
509.42500000000047,near_wall,near_wall
509.45000000000044,near_wall,near_wall
509.4750000000005,near_wall,near_wall
509.50000000000045,near_wall,near_wall
509.52500000000043,near_wall,near_wall
509.55000000000047,near_wall,near_wall
509.57500000000044,near_wall,near_wall
509.6000000000005,near_wall,near_wall
509.62500000000045,near_wall,near_wall
509.65000000000043,near_wall,near_wall
509.67500000000047,near_wall,near_wall
509.70000000000044,near_wall,near_wall
509.7250000000005,near_wall,near_wall
509.75000000000045,near_wall,near_wall
509.77500000000043,near_wall,near_wall
509.80000000000047,near_wall,near_wall
509.82500000000044,near_wall,near_wall
509.8500000000005,near_wall,near_wall
509.87500000000045,near_wall,near_wall
509.90000000000043,near_wall,near_wall
509.92500000000047,near_wall,near_wall
509.95000000000044,near_wall,near_wall
509.9750000000005,near_wall,near_wall
510.00000000000045,near_wall,near_wall
510.02500000000043,near_wall,near_wall
510.05000000000047,near_wall,near_wall
510.07500000000044,near_wall,near_wall
510.1000000000005,near_wall,near_wall
510.12500000000045,near_wall,near_wall
510.15000000000043,near_wall,near_wall
510.17500000000047,near_wall,near_wall
510.20000000000044,near_wall,near_wall
510.2250000000005,near_wall,near_wall
510.25000000000045,near_wall,near_wall
510.27500000000043,near_wall,near_wall
510.30000000000047,near_wall,near_wall
510.32500000000044,near_wall,near_wall
510.3500000000005,near_wall,near_wall
510.37500000000045,near_wall,near_wall
510.40000000000043,near_wall,near_wall
510.42500000000047,near_wall,near_wall
510.45000000000044,near_wall,near_wall
510.4750000000005,near_wall,near_wall
510.50000000000045,near_wall,near_wall
510.52500000000043,near_wall,near_wall
510.55000000000047,near_wall,near_wall
510.57500000000044,near_wall,near_wall
510.6000000000005,near_wall,near_wall
510.62500000000045,near_wall,near_wall
510.65000000000043,near_wall,near_wall
510.67500000000047,near_wall,near_wall
510.70000000000044,near_wall,near_wall
510.7250000000005,near_wall,near_wall
510.75000000000045,near_wall,near_wall
510.77500000000043,near_wall,near_wall
510.80000000000047,near_wall,near_wall
510.82500000000044,near_wall,near_wall
510.8500000000005,near_wall,near_wall
510.87500000000045,near_wall,near_wall
510.90000000000043,near_wall,near_wall
510.92500000000047,near_wall,near_wall
510.95000000000044,near_wall,near_wall
510.9750000000005,near_wall,near_wall
511.00000000000045,near_wall,near_wall
511.02500000000043,near_wall,near_wall
511.05000000000047,near_wall,near_wall
511.07500000000044,near_wall,near_wall
511.1000000000005,near_wall,near_wall
511.12500000000045,near_wall,near_wall
511.15000000000043,near_wall,near_wall
511.17500000000047,near_wall,near_wall
511.20000000000044,near_wall,near_wall
511.2250000000005,near_wall,near_wall
511.25000000000045,near_wall,near_wall
511.27500000000043,near_wall,near_wall
511.30000000000047,near_wall,near_wall
511.32500000000044,near_wall,near_wall
511.3500000000005,near_wall,near_wall
511.37500000000045,near_wall,near_wall
511.40000000000043,near_wall,near_wall
511.42500000000047,near_wall,near_wall
511.45000000000044,near_wall,near_wall
511.4750000000005,near_wall,near_wall
511.50000000000045,near_wall,near_wall
511.52500000000043,near_wall,near_wall
511.55000000000047,near_wall,near_wall
511.57500000000044,near_wall,near_wall
511.6000000000005,near_wall,near_wall
511.62500000000045,near_wall,near_wall
511.65000000000043,near_wall,near_wall
511.67500000000047,near_wall,near_wall
511.70000000000044,near_wall,near_wall
511.7250000000005,near_wall,near_wall
511.75000000000045,near_wall,near_wall
511.77500000000043,near_wall,near_wall
511.80000000000047,near_wall,near_wall
511.82500000000044,near_wall,near_wall
511.8500000000005,near_wall,near_wall
511.87500000000045,near_wall,near_wall
511.90000000000043,near_wall,near_wall
511.92500000000047,middle,near_wall
511.95000000000044,middle,near_wall
511.9750000000005,middle,near_wall
512.0000000000005,middle,near_wall
512.0250000000004,middle,near_wall
512.0500000000004,middle,near_wall
512.0750000000005,middle,near_wall
512.1000000000005,middle,near_wall
512.1250000000005,middle,near_wall
512.1500000000004,middle,near_wall
512.1750000000004,middle,near_wall
512.2000000000005,middle,near_wall
512.2250000000005,middle,near_wall
512.2500000000005,middle,near_wall
512.2750000000004,middle,near_wall
512.3000000000004,middle,middle
512.3250000000005,middle,near_wall
512.3500000000005,middle,middle
512.3750000000005,middle,middle
512.4000000000004,middle,middle
512.4250000000004,middle,middle
512.4500000000005,middle,middle
512.4750000000005,middle,middle
512.5000000000005,middle,middle
512.5250000000004,middle,middle
512.5500000000004,middle,middle
512.5750000000005,middle,middle
512.6000000000005,middle,middle
512.6250000000005,middle,middle
512.6500000000004,middle,middle
512.6750000000004,middle,middle
512.7000000000005,middle,middle
512.7250000000005,middle,middle
512.7500000000005,middle,middle
512.7750000000004,middle,middle
512.8000000000004,middle,middle
512.8250000000005,middle,middle
512.8500000000005,middle,middle
512.8750000000005,middle,middle
512.9000000000004,middle,middle
512.9250000000004,middle,middle
512.9500000000005,middle,middle
512.9750000000005,middle,middle
513.0000000000005,middle,middle
513.0250000000004,middle,middle
513.0500000000004,middle,middle
513.0750000000005,middle,middle
513.1000000000005,middle,middle
513.1250000000005,middle,middle
513.1500000000004,middle,middle
513.1750000000004,middle,middle
513.2000000000005,middle,middle
513.2250000000005,middle,middle
513.2500000000005,middle,middle
513.2750000000004,middle,middle
513.3000000000004,middle,middle
513.3250000000005,middle,middle
513.3500000000005,middle,middle
513.3750000000005,middle,middle
513.4000000000004,middle,middle
513.4250000000004,middle,middle
513.4500000000005,middle,middle
513.4750000000005,middle,middle
513.5000000000005,middle,middle
513.5250000000004,middle,middle
513.5500000000004,middle,middle
513.5750000000005,middle,middle
513.6000000000005,middle,middle
513.6250000000005,middle,middle
513.6500000000004,middle,middle
513.6750000000004,middle,middle
513.7000000000005,middle,middle
513.7250000000005,middle,middle
513.7500000000005,middle,middle
513.7750000000004,middle,middle
513.8000000000004,middle,middle
513.8250000000005,middle,middle
513.8500000000005,middle,middle
513.8750000000005,middle,middle
513.9000000000004,middle,middle
513.9250000000004,middle,middle
513.9500000000005,middle,middle
513.9750000000005,middle,middle
514.0000000000005,middle,middle
514.0250000000004,middle,middle
514.0500000000004,middle,middle
514.0750000000005,middle,middle
514.1000000000005,middle,middle
514.1250000000005,middle,middle
514.1500000000004,middle,middle
514.1750000000004,middle,middle
514.2000000000005,middle,middle
514.2250000000005,middle,middle
514.2500000000005,middle,middle
514.2750000000004,middle,middle
514.3000000000004,middle,middle
514.3250000000005,middle,middle
514.3500000000005,middle,middle
514.3750000000005,middle,middle
514.4000000000004,middle,middle
514.4250000000004,middle,middle
514.4500000000005,middle,middle
514.4750000000005,middle,middle
514.5000000000005,middle,middle
514.5250000000004,middle,middle
514.5500000000004,middle,middle
514.5750000000005,middle,middle
514.6000000000005,middle,middle
514.6250000000005,middle,middle
514.6500000000004,middle,middle
514.6750000000004,middle,middle
514.7000000000005,middle,center
514.7250000000005,middle,middle
514.7500000000005,middle,middle
514.7750000000004,middle,middle
514.8000000000004,middle,middle
514.8250000000005,middle,middle
514.8500000000005,middle,middle
514.8750000000005,middle,middle
514.9000000000004,middle,middle
514.9250000000004,middle,middle
514.9500000000005,middle,middle
514.9750000000005,middle,middle
515.0000000000005,middle,middle
515.0250000000004,middle,middle
515.0500000000004,middle,middle
515.0750000000005,middle,middle
515.1000000000005,middle,middle
515.1250000000005,middle,middle
515.1500000000004,middle,middle
515.1750000000004,middle,middle
515.2000000000005,middle,middle
515.2250000000005,middle,middle
515.2500000000005,middle,middle
515.2750000000004,middle,middle
515.3000000000004,middle,middle
515.3250000000005,middle,middle
515.3500000000005,middle,middle
515.3750000000005,middle,middle
515.4000000000004,middle,middle
515.4250000000004,middle,middle
515.4500000000005,middle,middle
515.4750000000005,middle,middle
515.5000000000005,middle,middle
515.5250000000004,middle,middle
515.5500000000004,middle,middle
515.5750000000005,middle,middle
515.6000000000005,middle,middle
515.6250000000005,middle,middle
515.6500000000004,middle,middle
515.6750000000004,middle,middle
515.7000000000005,middle,middle
515.7250000000005,middle,middle
515.7500000000005,middle,middle
515.7750000000004,middle,middle
515.8000000000004,middle,middle
515.8250000000005,middle,middle
515.8500000000005,middle,middle
515.8750000000005,middle,middle
515.9000000000004,middle,middle
515.9250000000004,middle,middle
515.9500000000005,middle,middle
515.9750000000005,middle,middle
516.0000000000005,middle,middle
516.0250000000004,middle,middle
516.0500000000004,middle,middle
516.0750000000005,middle,middle
516.1000000000005,middle,middle
516.1250000000005,middle,middle
516.1500000000004,middle,middle
516.1750000000004,middle,middle
516.2000000000005,middle,middle
516.2250000000005,middle,middle
516.2500000000005,middle,middle
516.2750000000004,middle,middle
516.3000000000004,middle,middle
516.3250000000005,middle,middle
516.3500000000005,middle,middle
516.3750000000005,middle,middle
516.4000000000004,middle,middle
516.4250000000004,middle,middle
516.4500000000005,middle,middle
516.4750000000005,middle,middle
516.5000000000005,middle,middle
516.5250000000004,middle,middle
516.5500000000004,middle,middle
516.5750000000005,middle,middle
516.6000000000005,middle,middle
516.6250000000005,middle,middle
516.6500000000004,middle,middle
516.6750000000004,middle,middle
516.7000000000005,middle,middle
516.7250000000005,middle,middle
516.7500000000005,middle,middle
516.7750000000004,middle,middle
516.8000000000004,middle,middle
516.8250000000005,middle,middle
516.8500000000005,middle,middle
516.8750000000005,middle,middle
516.9000000000004,middle,middle
516.9250000000004,middle,middle
516.9500000000005,middle,middle
516.9750000000005,middle,middle
517.0000000000005,middle,middle
517.0250000000004,middle,middle
517.0500000000004,middle,middle
517.0750000000005,middle,middle
517.1000000000005,middle,middle
517.1250000000005,middle,middle
517.1500000000004,middle,middle
517.1750000000004,middle,middle
517.2000000000005,middle,middle
517.2250000000005,middle,middle
517.2500000000005,middle,middle
517.2750000000004,middle,middle
517.3000000000004,middle,middle
517.3250000000005,middle,middle
517.3500000000005,middle,middle
517.3750000000005,middle,middle
517.4000000000004,middle,middle
517.4250000000004,middle,middle
517.4500000000005,middle,middle
517.4750000000005,middle,near_wall
517.5000000000005,middle,near_wall
517.5250000000004,middle,near_wall
517.5500000000004,middle,middle
517.5750000000005,middle,middle
517.6000000000005,middle,middle
517.6250000000005,middle,middle
517.6500000000004,middle,middle
517.6750000000004,middle,middle
517.7000000000005,middle,middle
517.7250000000005,middle,middle
517.7500000000005,middle,middle
517.7750000000004,middle,middle
517.8000000000004,middle,middle
517.8250000000005,middle,middle
517.8500000000005,middle,middle
517.8750000000005,middle,middle
517.9000000000004,middle,near_wall
517.9250000000004,middle,near_wall
517.9500000000005,middle,near_wall
517.9750000000005,middle,near_wall
518.0000000000005,middle,middle
518.0250000000004,middle,middle
518.0500000000004,middle,middle
518.0750000000005,middle,middle
518.1000000000005,middle,middle
518.1250000000005,near_wall,near_wall
518.1500000000004,near_wall,near_wall
518.1750000000004,near_wall,near_wall
518.2000000000005,near_wall,near_wall
518.2250000000005,near_wall,near_wall
518.2500000000005,near_wall,near_wall
518.2750000000004,near_wall,near_wall
518.3000000000004,near_wall,near_wall
518.3250000000005,near_wall,near_wall
518.3500000000005,near_wall,near_wall
518.3750000000005,near_wall,near_wall
518.4000000000004,near_wall,near_wall
518.4250000000004,near_wall,near_wall
518.4500000000005,near_wall,near_wall
518.4750000000005,near_wall,near_wall
518.5000000000005,near_wall,near_wall
518.5250000000004,near_wall,near_wall
518.5500000000004,near_wall,near_wall
518.5750000000005,near_wall,near_wall
518.6000000000005,near_wall,near_wall
518.6250000000005,near_wall,near_wall
518.6500000000004,near_wall,near_wall
518.6750000000004,near_wall,near_wall
518.7000000000005,near_wall,near_wall
518.7250000000005,near_wall,near_wall
518.7500000000005,near_wall,near_wall
518.7750000000004,near_wall,near_wall
518.8000000000004,near_wall,near_wall
518.8250000000005,near_wall,near_wall
518.8500000000005,near_wall,near_wall
518.8750000000005,near_wall,near_wall
518.9000000000004,near_wall,near_wall
518.9250000000004,near_wall,near_wall
518.9500000000005,near_wall,near_wall
518.9750000000005,near_wall,near_wall
519.0000000000005,near_wall,near_wall
519.0250000000004,near_wall,near_wall
519.0500000000004,near_wall,near_wall
519.0750000000005,near_wall,near_wall
519.1000000000005,near_wall,near_wall
519.1250000000005,near_wall,near_wall
519.1500000000004,near_wall,near_wall
519.1750000000004,near_wall,near_wall
519.2000000000005,near_wall,near_wall
519.2250000000005,near_wall,near_wall
519.2500000000005,near_wall,near_wall
519.2750000000004,near_wall,near_wall
519.3000000000004,near_wall,near_wall
519.3250000000005,near_wall,near_wall
519.3500000000005,near_wall,near_wall
519.3750000000005,near_wall,near_wall
519.4000000000004,near_wall,near_wall
519.4250000000004,near_wall,near_wall
519.4500000000005,near_wall,near_wall
519.4750000000005,near_wall,near_wall
519.5000000000005,near_wall,near_wall
519.5250000000004,near_wall,near_wall
519.5500000000004,near_wall,near_wall
519.5750000000005,near_wall,near_wall
519.6000000000005,near_wall,near_wall
519.6250000000005,near_wall,near_wall
519.6500000000004,near_wall,near_wall
519.6750000000004,near_wall,near_wall
519.7000000000005,near_wall,near_wall
519.7250000000005,near_wall,near_wall
519.7500000000005,near_wall,near_wall
519.7750000000004,near_wall,near_wall
519.8000000000004,near_wall,near_wall
519.8250000000005,near_wall,near_wall
519.8500000000005,near_wall,near_wall
519.8750000000005,near_wall,near_wall
519.9000000000004,near_wall,near_wall
519.9250000000004,near_wall,near_wall
519.9500000000005,near_wall,near_wall
519.9750000000005,near_wall,near_wall
520.0000000000005,near_wall,near_wall
520.0250000000004,near_wall,near_wall
520.0500000000004,near_wall,near_wall
520.0750000000005,near_wall,near_wall
520.1000000000005,near_wall,near_wall
520.1250000000005,near_wall,near_wall
520.1500000000004,near_wall,near_wall
520.1750000000004,near_wall,near_wall
520.2000000000005,near_wall,near_wall
520.2250000000005,near_wall,near_wall
520.2500000000005,near_wall,near_wall
520.2750000000004,near_wall,near_wall
520.3000000000004,near_wall,near_wall
520.3250000000005,near_wall,near_wall
520.3500000000005,near_wall,near_wall
520.3750000000005,near_wall,near_wall
520.4000000000004,near_wall,near_wall
520.4250000000004,near_wall,near_wall
520.4500000000005,near_wall,near_wall
520.4750000000005,near_wall,near_wall
520.5000000000005,near_wall,near_wall
520.5250000000004,near_wall,near_wall
520.5500000000004,near_wall,near_wall
520.5750000000005,near_wall,near_wall
520.6000000000005,near_wall,near_wall
520.6250000000005,near_wall,near_wall
520.6500000000004,near_wall,near_wall
520.6750000000004,near_wall,near_wall
520.7000000000005,near_wall,near_wall
520.7250000000005,near_wall,near_wall
520.7500000000005,near_wall,near_wall
520.7750000000004,near_wall,near_wall
520.8000000000004,near_wall,near_wall
520.8250000000005,near_wall,near_wall
520.8500000000005,near_wall,near_wall
520.8750000000005,near_wall,near_wall
520.9000000000004,near_wall,near_wall
520.9250000000004,near_wall,near_wall
520.9500000000005,near_wall,near_wall
520.9750000000005,near_wall,near_wall
521.0000000000005,near_wall,near_wall
521.0250000000004,near_wall,near_wall
521.0500000000004,near_wall,near_wall
521.0750000000005,near_wall,near_wall
521.1000000000005,near_wall,near_wall
521.1250000000005,near_wall,near_wall
521.1500000000004,near_wall,near_wall
521.1750000000004,near_wall,near_wall
521.2000000000005,near_wall,near_wall
521.2250000000005,near_wall,near_wall
521.2500000000005,near_wall,near_wall
521.2750000000004,near_wall,near_wall
521.3000000000004,near_wall,near_wall
521.3250000000005,near_wall,near_wall
521.3500000000005,near_wall,near_wall
521.3750000000005,near_wall,near_wall
521.4000000000004,near_wall,near_wall
521.4250000000004,near_wall,near_wall
521.4500000000005,near_wall,near_wall
521.4750000000005,near_wall,near_wall
521.5000000000005,near_wall,near_wall
521.5250000000004,near_wall,near_wall
521.5500000000004,near_wall,near_wall
521.5750000000005,near_wall,near_wall
521.6000000000005,near_wall,near_wall
521.6250000000005,near_wall,near_wall
521.6500000000004,near_wall,near_wall
521.6750000000004,near_wall,near_wall
521.7000000000005,near_wall,near_wall
521.7250000000005,near_wall,near_wall
521.7500000000005,near_wall,near_wall
521.7750000000004,near_wall,near_wall
521.8000000000004,near_wall,near_wall
521.8250000000005,near_wall,near_wall
521.8500000000005,near_wall,near_wall
521.8750000000005,near_wall,near_wall
521.9000000000004,near_wall,near_wall
521.9250000000004,near_wall,near_wall
521.9500000000005,near_wall,near_wall
521.9750000000005,near_wall,near_wall
522.0000000000005,near_wall,near_wall
522.0250000000004,near_wall,near_wall
522.0500000000004,near_wall,near_wall
522.0750000000005,near_wall,near_wall
522.1000000000005,near_wall,near_wall
522.1250000000005,near_wall,near_wall
522.1500000000004,near_wall,near_wall
522.1750000000004,near_wall,near_wall
522.2000000000005,near_wall,near_wall
522.2250000000005,near_wall,near_wall
522.2500000000005,near_wall,near_wall
522.2750000000004,near_wall,near_wall
522.3000000000004,near_wall,near_wall
522.3250000000005,near_wall,near_wall
522.3500000000005,near_wall,near_wall
522.3750000000005,near_wall,near_wall
522.4000000000004,near_wall,near_wall
522.4250000000004,near_wall,near_wall
522.4500000000005,near_wall,near_wall
522.4750000000005,near_wall,near_wall
522.5000000000005,near_wall,near_wall
522.5250000000004,near_wall,near_wall
522.5500000000004,near_wall,near_wall
522.5750000000005,near_wall,near_wall
522.6000000000005,near_wall,near_wall
522.6250000000005,near_wall,near_wall
522.6500000000004,near_wall,near_wall
522.6750000000004,near_wall,near_wall
522.7000000000005,near_wall,near_wall
522.7250000000005,near_wall,near_wall
522.7500000000005,near_wall,near_wall
522.7750000000004,near_wall,near_wall
522.8000000000004,near_wall,near_wall
522.8250000000005,near_wall,near_wall
522.8500000000005,near_wall,near_wall
522.8750000000005,near_wall,near_wall
522.9000000000004,near_wall,near_wall
522.9250000000004,near_wall,near_wall
522.9500000000005,near_wall,near_wall
522.9750000000005,near_wall,near_wall
523.0000000000005,near_wall,near_wall
523.0250000000004,near_wall,near_wall
523.0500000000004,near_wall,near_wall
523.0750000000005,near_wall,near_wall
523.1000000000005,near_wall,near_wall
523.1250000000005,near_wall,near_wall
523.1500000000004,near_wall,near_wall
523.1750000000004,near_wall,near_wall
523.2000000000005,near_wall,near_wall
523.2250000000005,near_wall,near_wall
523.2500000000005,near_wall,near_wall
523.2750000000004,near_wall,near_wall
523.3000000000004,near_wall,near_wall
523.3250000000005,near_wall,near_wall
523.3500000000005,near_wall,near_wall
523.3750000000005,near_wall,near_wall
523.4000000000004,near_wall,near_wall
523.4250000000004,near_wall,near_wall
523.4500000000005,near_wall,near_wall
523.4750000000005,near_wall,near_wall
523.5000000000005,near_wall,near_wall
523.5250000000004,near_wall,near_wall
523.5500000000004,near_wall,near_wall
523.5750000000005,near_wall,near_wall
523.6000000000005,near_wall,near_wall
523.6250000000005,near_wall,near_wall
523.6500000000004,near_wall,near_wall
523.6750000000004,near_wall,near_wall
523.7000000000005,near_wall,near_wall
523.7250000000005,near_wall,near_wall
523.7500000000005,near_wall,near_wall
523.7750000000004,near_wall,near_wall
523.8000000000004,near_wall,near_wall
523.8250000000005,near_wall,near_wall
523.8500000000005,near_wall,near_wall
523.8750000000005,near_wall,near_wall
523.9000000000004,near_wall,near_wall
523.9250000000004,near_wall,near_wall
523.9500000000005,near_wall,near_wall
523.9750000000005,near_wall,near_wall
524.0000000000005,near_wall,near_wall
524.0250000000004,near_wall,near_wall
524.0500000000004,near_wall,near_wall
524.0750000000005,near_wall,near_wall
524.1000000000005,near_wall,near_wall
524.1250000000005,near_wall,near_wall
524.1500000000004,near_wall,near_wall
524.1750000000004,near_wall,near_wall
524.2000000000005,near_wall,near_wall
524.2250000000005,near_wall,near_wall
524.2500000000005,near_wall,near_wall
524.2750000000004,near_wall,near_wall
524.3000000000004,near_wall,near_wall
524.3250000000005,near_wall,near_wall
524.3500000000005,near_wall,near_wall
524.3750000000005,near_wall,near_wall
524.4000000000004,near_wall,near_wall
524.4250000000004,near_wall,near_wall
524.4500000000005,near_wall,near_wall
524.4750000000005,near_wall,near_wall
524.5000000000005,near_wall,near_wall
524.5250000000004,near_wall,near_wall
524.5500000000004,near_wall,near_wall
524.5750000000005,near_wall,near_wall
524.6000000000005,near_wall,near_wall
524.6250000000005,near_wall,near_wall
524.6500000000004,near_wall,near_wall
524.6750000000004,near_wall,near_wall
524.7000000000005,near_wall,near_wall
524.7250000000005,near_wall,near_wall
524.7500000000005,near_wall,near_wall
524.7750000000004,near_wall,near_wall
524.8000000000004,near_wall,near_wall
524.8250000000005,near_wall,near_wall
524.8500000000005,near_wall,near_wall
524.8750000000005,near_wall,near_wall
524.9000000000004,near_wall,near_wall
524.9250000000004,near_wall,near_wall
524.9500000000005,near_wall,near_wall
524.9750000000005,near_wall,near_wall
525.0000000000005,near_wall,near_wall
525.0250000000004,near_wall,near_wall
525.0500000000004,near_wall,near_wall
525.0750000000005,near_wall,near_wall
525.1000000000005,near_wall,near_wall
525.1250000000005,near_wall,near_wall
525.1500000000004,near_wall,near_wall
525.1750000000004,near_wall,near_wall
525.2000000000005,near_wall,near_wall
525.2250000000005,near_wall,near_wall
525.2500000000005,near_wall,near_wall
525.2750000000004,near_wall,near_wall
525.3000000000004,near_wall,near_wall
525.3250000000005,near_wall,near_wall
525.3500000000005,near_wall,near_wall
525.3750000000005,near_wall,near_wall
525.4000000000004,near_wall,near_wall
525.4250000000005,near_wall,near_wall
525.4500000000005,near_wall,near_wall
525.4750000000005,near_wall,near_wall
525.5000000000005,near_wall,near_wall
525.5250000000004,near_wall,near_wall
525.5500000000005,near_wall,near_wall
525.5750000000005,near_wall,near_wall
525.6000000000005,near_wall,near_wall
525.6250000000005,near_wall,near_wall
525.6500000000004,near_wall,near_wall
525.6750000000005,near_wall,near_wall
525.7000000000005,near_wall,near_wall
525.7250000000005,near_wall,near_wall
525.7500000000005,near_wall,near_wall
525.7750000000004,near_wall,near_wall
525.8000000000005,near_wall,near_wall
525.8250000000005,near_wall,near_wall
525.8500000000005,near_wall,near_wall
525.8750000000005,near_wall,near_wall
525.9000000000004,near_wall,near_wall
525.9250000000005,near_wall,near_wall
525.9500000000005,near_wall,near_wall
525.9750000000005,near_wall,near_wall
526.0000000000005,near_wall,near_wall
526.0250000000004,middle,near_wall
526.0500000000005,middle,near_wall
526.0750000000005,middle,near_wall
526.1000000000005,middle,near_wall
526.1250000000005,middle,near_wall
526.1500000000004,middle,near_wall
526.1750000000005,middle,near_wall
526.2000000000005,middle,near_wall
526.2250000000005,middle,near_wall
526.2500000000005,middle,near_wall
526.2750000000004,middle,near_wall
526.3000000000005,middle,middle
526.3250000000005,middle,middle
526.3500000000005,middle,middle
526.3750000000005,middle,middle
526.4000000000004,middle,near_wall
526.4250000000005,middle,near_wall
526.4500000000005,middle,middle
526.4750000000005,middle,middle
526.5000000000005,middle,middle
526.5250000000004,middle,middle
526.5500000000005,middle,middle
526.5750000000005,middle,middle
526.6000000000005,middle,middle
526.6250000000005,middle,middle
526.6500000000004,middle,near_wall
526.6750000000005,middle,near_wall
526.7000000000005,middle,middle
526.7250000000005,middle,middle
526.7500000000005,middle,middle
526.7750000000004,middle,middle
526.8000000000005,middle,near_wall
526.8250000000005,middle,near_wall
526.8500000000005,middle,near_wall
526.8750000000005,middle,near_wall
526.9000000000004,middle,near_wall
526.9250000000005,middle,near_wall
526.9500000000005,middle,near_wall
526.9750000000005,middle,middle
527.0000000000005,middle,middle
527.0250000000004,middle,middle
527.0500000000005,middle,middle
527.0750000000005,middle,middle
527.1000000000005,middle,middle
527.1250000000005,middle,middle
527.1500000000004,middle,middle
527.1750000000005,middle,middle
527.2000000000005,middle,middle
527.2250000000005,middle,middle
527.2500000000005,middle,middle
527.2750000000004,middle,middle
527.3000000000005,middle,middle
527.3250000000005,middle,middle
527.3500000000005,middle,middle
527.3750000000005,middle,middle
527.4000000000004,middle,middle
527.4250000000005,middle,middle
527.4500000000005,middle,middle
527.4750000000005,middle,middle
527.5000000000005,middle,middle
527.5250000000004,middle,middle
527.5500000000005,middle,middle
527.5750000000005,middle,middle
527.6000000000005,middle,middle
527.6250000000005,middle,middle
527.6500000000004,middle,middle
527.6750000000005,middle,middle
527.7000000000005,middle,middle
527.7250000000005,middle,middle
527.7500000000005,middle,middle
527.7750000000004,middle,middle
527.8000000000005,middle,middle
527.8250000000005,middle,middle
527.8500000000005,middle,middle
527.8750000000005,middle,middle
527.9000000000004,middle,middle
527.9250000000005,middle,middle
527.9500000000005,middle,middle
527.9750000000005,middle,middle
528.0000000000005,middle,middle
528.0250000000004,middle,middle
528.0500000000005,middle,middle
528.0750000000005,middle,middle
528.1000000000005,middle,middle
528.1250000000005,middle,middle
528.1500000000004,middle,middle
528.1750000000005,middle,middle
528.2000000000005,middle,middle
528.2250000000005,middle,middle
528.2500000000005,middle,middle
528.2750000000004,middle,middle
528.3000000000005,middle,middle
528.3250000000005,middle,middle
528.3500000000005,middle,middle
528.3750000000005,middle,middle
528.4000000000004,middle,middle
528.4250000000005,middle,middle
528.4500000000005,middle,middle
528.4750000000005,middle,middle
528.5000000000005,middle,middle
528.5250000000004,middle,middle
528.5500000000005,middle,middle
528.5750000000005,middle,middle
528.6000000000005,middle,middle
528.6250000000005,middle,middle
528.6500000000004,middle,middle
528.6750000000005,middle,middle
528.7000000000005,middle,middle
528.7250000000005,middle,middle
528.7500000000005,middle,middle
528.7750000000004,middle,middle
528.8000000000005,middle,middle
528.8250000000005,middle,middle
528.8500000000005,middle,middle
528.8750000000005,middle,middle
528.9000000000004,middle,middle
528.9250000000005,middle,middle
528.9500000000005,middle,middle
528.9750000000005,middle,middle
529.0000000000005,middle,middle
529.0250000000004,middle,middle
529.0500000000005,middle,middle
529.0750000000005,middle,middle
529.1000000000005,middle,middle
529.1250000000005,middle,middle
529.1500000000004,middle,middle
529.1750000000005,middle,middle
529.2000000000005,middle,middle
529.2250000000005,middle,middle
529.2500000000005,middle,middle
529.2750000000004,middle,middle
529.3000000000005,middle,middle
529.3250000000005,middle,middle
529.3500000000005,middle,middle
529.3750000000005,middle,middle
529.4000000000004,middle,middle
529.4250000000005,middle,middle
529.4500000000005,middle,middle
529.4750000000005,center,middle
529.5000000000005,center,middle
529.5250000000004,center,middle
529.5500000000005,center,middle
529.5750000000005,center,middle
529.6000000000005,center,middle
529.6250000000005,center,middle
529.6500000000004,center,middle
529.6750000000005,center,middle
529.7000000000005,center,middle
529.7250000000005,center,middle
529.7500000000005,center,middle
529.7750000000004,center,middle
529.8000000000005,center,middle
529.8250000000005,center,middle
529.8500000000005,center,middle
529.8750000000005,center,center
529.9000000000004,center,center
529.9250000000005,center,middle
529.9500000000005,center,middle
529.9750000000005,center,middle
530.0000000000005,center,middle
530.0250000000004,center,middle
530.0500000000005,center,middle
530.0750000000005,center,middle
530.1000000000005,center,center
530.1250000000005,center,middle
530.1500000000004,center,middle
530.1750000000005,center,middle
530.2000000000005,center,middle
530.2250000000005,center,middle
530.2500000000005,center,middle
530.2750000000004,center,center
530.3000000000005,center,center
530.3250000000005,center,center
530.3500000000005,center,center
530.3750000000005,center,center
530.4000000000004,center,center
530.4250000000005,center,center
530.4500000000005,center,center
530.4750000000005,center,center
530.5000000000005,center,center
530.5250000000004,center,middle
530.5500000000005,center,middle
530.5750000000005,center,middle
530.6000000000005,center,middle
530.6250000000005,center,center
530.6500000000004,center,center
530.6750000000005,center,center
530.7000000000005,center,center
530.7250000000005,center,center
530.7500000000005,center,center
530.7750000000004,center,center
530.8000000000005,center,center
530.8250000000005,center,center
530.8500000000005,center,center
530.8750000000005,center,center
530.9000000000004,center,center
530.9250000000005,center,center
530.9500000000005,center,center
530.9750000000005,center,center
531.0000000000005,center,center
531.0250000000004,center,center
531.0500000000005,center,center
531.0750000000005,center,center
531.1000000000005,center,center
531.1250000000005,center,center
531.1500000000004,center,center
531.1750000000005,center,center
531.2000000000005,center,center
531.2250000000005,center,center
531.2500000000005,center,center
531.2750000000004,center,center
531.3000000000005,center,center
531.3250000000005,center,center
531.3500000000005,center,center
531.3750000000005,center,center
531.4000000000004,center,center
531.4250000000005,center,center
531.4500000000005,center,center
531.4750000000005,center,center
531.5000000000005,center,center
531.5250000000004,center,center
531.5500000000005,center,center
531.5750000000005,center,center
531.6000000000005,center,center
531.6250000000005,center,center
531.6500000000004,center,center
531.6750000000005,center,center
531.7000000000005,center,center
531.7250000000005,center,center
531.7500000000005,center,center
531.7750000000004,center,center
531.8000000000005,center,center
531.8250000000005,center,center
531.8500000000005,center,center
531.8750000000005,center,center
531.9000000000004,center,center
531.9250000000005,center,center
531.9500000000005,center,center
531.9750000000005,center,center
532.0000000000005,center,center
532.0250000000004,center,center
532.0500000000005,center,center
532.0750000000005,center,center
532.1000000000005,center,center
532.1250000000005,center,center
532.1500000000004,center,center
532.1750000000005,center,center
532.2000000000005,center,center
532.2250000000005,center,center
532.2500000000005,center,center
532.2750000000004,center,center
532.3000000000005,center,center
532.3250000000005,center,center
532.3500000000005,center,center
532.3750000000005,center,center
532.4000000000004,center,center
532.4250000000005,center,center
532.4500000000005,center,center
532.4750000000005,center,center
532.5000000000005,center,center
532.5250000000004,center,center
532.5500000000005,center,center
532.5750000000005,center,center
532.6000000000005,center,center
532.6250000000005,center,center
532.6500000000004,center,center
532.6750000000005,center,center
532.7000000000005,center,center
532.7250000000005,center,center
532.7500000000005,center,center
532.7750000000004,center,center
532.8000000000005,center,center
532.8250000000005,center,center
532.8500000000005,center,center
532.8750000000005,center,center
532.9000000000004,center,center
532.9250000000005,center,center
532.9500000000005,center,center
532.9750000000005,center,center
533.0000000000005,center,center
533.0250000000004,center,center
533.0500000000005,center,center
533.0750000000005,center,center
533.1000000000005,center,center
533.1250000000005,center,center
533.1500000000004,center,center
533.1750000000005,center,center
533.2000000000005,center,center
533.2250000000005,center,center
533.2500000000005,center,center
533.2750000000004,center,center
533.3000000000005,center,center
533.3250000000005,center,center
533.3500000000005,center,center
533.3750000000005,center,center
533.4000000000004,center,center
533.4250000000005,center,center
533.4500000000005,center,center
533.4750000000005,center,center
533.5000000000005,center,center
533.5250000000004,center,center
533.5500000000005,center,center
533.5750000000005,center,center
533.6000000000005,center,center
533.6250000000005,center,center
533.6500000000004,center,center
533.6750000000005,center,center
533.7000000000005,center,center
533.7250000000005,center,center
533.7500000000005,center,center
533.7750000000004,center,center
533.8000000000005,center,center
533.8250000000005,center,center
533.8500000000005,center,center
533.8750000000005,center,center
533.9000000000004,center,center
533.9250000000005,center,center
533.9500000000005,center,center
533.9750000000005,center,center
534.0000000000005,center,center
534.0250000000004,center,center
534.0500000000005,center,center
534.0750000000005,center,center
534.1000000000005,center,center
534.1250000000005,center,center
534.1500000000004,center,center
534.1750000000005,center,center
534.2000000000005,center,center
534.2250000000005,center,center
534.2500000000005,center,center
534.2750000000004,center,center
534.3000000000005,center,center
534.3250000000005,center,center
534.3500000000005,center,center
534.3750000000005,center,center
534.4000000000004,center,center
534.4250000000005,center,center
534.4500000000005,center,center
534.4750000000005,center,center
534.5000000000005,center,center
534.5250000000004,center,center
534.5500000000005,center,center
534.5750000000005,center,center
534.6000000000005,center,center
534.6250000000005,center,center
534.6500000000004,center,center
534.6750000000005,center,center
534.7000000000005,center,center
534.7250000000005,center,center
534.7500000000005,center,center
534.7750000000004,center,middle
534.8000000000005,center,middle
534.8250000000005,center,middle
534.8500000000005,center,middle
534.8750000000005,middle,middle
534.9000000000004,middle,middle
534.9250000000005,middle,middle
534.9500000000005,middle,middle
534.9750000000005,middle,middle
535.0000000000005,middle,middle
535.0250000000004,middle,middle
535.0500000000005,middle,middle
535.0750000000005,middle,middle
535.1000000000005,middle,middle
535.1250000000005,middle,middle
535.1500000000004,middle,middle
535.1750000000005,middle,middle
535.2000000000005,middle,middle
535.2250000000005,middle,middle
535.2500000000005,middle,middle
535.2750000000004,middle,middle
535.3000000000005,middle,middle
535.3250000000005,middle,middle
535.3500000000005,middle,middle
535.3750000000005,middle,middle
535.4000000000004,middle,middle
535.4250000000005,middle,middle
535.4500000000005,middle,middle
535.4750000000005,middle,middle
535.5000000000005,middle,middle
535.5250000000004,middle,middle
535.5500000000005,middle,middle
535.5750000000005,middle,middle
535.6000000000005,middle,middle
535.6250000000005,middle,middle
535.6500000000004,middle,middle
535.6750000000005,middle,middle
535.7000000000005,middle,middle
535.7250000000005,middle,middle
535.7500000000005,middle,middle
535.7750000000004,middle,middle
535.8000000000005,middle,middle
535.8250000000005,middle,middle
535.8500000000005,middle,middle
535.8750000000005,middle,middle
535.9000000000004,middle,middle
535.9250000000005,middle,middle
535.9500000000005,middle,middle
535.9750000000005,middle,middle
536.0000000000005,middle,middle
536.0250000000004,middle,middle
536.0500000000005,middle,middle
536.0750000000005,middle,middle
536.1000000000005,middle,middle
536.1250000000005,middle,middle
536.1500000000004,middle,middle
536.1750000000005,middle,middle
536.2000000000005,middle,middle
536.2250000000005,middle,middle
536.2500000000005,middle,middle
536.2750000000004,middle,middle
536.3000000000005,middle,middle
536.3250000000005,middle,middle
536.3500000000005,middle,middle
536.3750000000005,middle,middle
536.4000000000004,middle,middle
536.4250000000005,middle,middle
536.4500000000005,middle,middle
536.4750000000005,middle,middle
536.5000000000005,middle,middle
536.5250000000004,middle,middle
536.5500000000005,middle,middle
536.5750000000005,middle,middle
536.6000000000005,middle,middle
536.6250000000005,middle,middle
536.6500000000004,middle,middle
536.6750000000005,middle,middle
536.7000000000005,middle,middle
536.7250000000005,middle,middle
536.7500000000005,middle,middle
536.7750000000004,middle,middle
536.8000000000005,middle,middle
536.8250000000005,middle,middle
536.8500000000005,middle,middle
536.8750000000005,middle,middle
536.9000000000004,middle,middle
536.9250000000005,middle,middle
536.9500000000005,middle,middle
536.9750000000005,middle,middle
537.0000000000005,middle,middle
537.0250000000004,middle,middle
537.0500000000005,middle,middle
537.0750000000005,middle,middle
537.1000000000005,middle,near_wall
537.1250000000005,middle,middle
537.1500000000004,middle,near_wall
537.1750000000005,middle,near_wall
537.2000000000005,middle,near_wall
537.2250000000005,middle,near_wall
537.2500000000005,middle,near_wall
537.2750000000004,middle,near_wall
537.3000000000005,middle,near_wall
537.3250000000005,middle,near_wall
537.3500000000005,middle,near_wall
537.3750000000005,middle,near_wall
537.4000000000004,middle,near_wall
537.4250000000005,middle,near_wall
537.4500000000005,middle,near_wall
537.4750000000005,middle,near_wall
537.5000000000005,middle,near_wall
537.5250000000004,middle,near_wall
537.5500000000005,middle,near_wall
537.5750000000005,middle,near_wall
537.6000000000005,middle,near_wall
537.6250000000005,middle,near_wall
537.6500000000004,middle,near_wall
537.6750000000005,middle,near_wall
537.7000000000005,middle,near_wall
537.7250000000005,middle,near_wall
537.7500000000005,middle,near_wall
537.7750000000004,middle,near_wall
537.8000000000005,middle,near_wall
537.8250000000005,middle,near_wall
537.8500000000005,middle,near_wall
537.8750000000005,middle,near_wall
537.9000000000004,middle,near_wall
537.9250000000005,middle,near_wall
537.9500000000005,middle,near_wall
537.9750000000005,near_wall,near_wall
538.0000000000005,near_wall,near_wall
538.0250000000004,near_wall,near_wall
538.0500000000005,near_wall,near_wall
538.0750000000005,near_wall,near_wall
538.1000000000005,near_wall,near_wall
538.1250000000005,near_wall,near_wall
538.1500000000004,near_wall,near_wall
538.1750000000005,near_wall,near_wall
538.2000000000005,near_wall,near_wall
538.2250000000005,near_wall,near_wall
538.2500000000005,near_wall,near_wall
538.2750000000004,near_wall,near_wall
538.3000000000005,near_wall,near_wall
538.3250000000005,near_wall,near_wall
538.3500000000005,near_wall,near_wall
538.3750000000005,near_wall,near_wall
538.4000000000004,near_wall,near_wall
538.4250000000005,near_wall,near_wall
538.4500000000005,near_wall,near_wall
538.4750000000005,near_wall,near_wall
538.5000000000005,near_wall,near_wall
538.5250000000004,near_wall,near_wall
538.5500000000005,near_wall,near_wall
538.5750000000005,near_wall,near_wall
538.6000000000005,near_wall,near_wall
538.6250000000005,near_wall,near_wall
538.6500000000004,near_wall,near_wall
538.6750000000005,near_wall,near_wall
538.7000000000005,near_wall,near_wall
538.7250000000005,near_wall,near_wall
538.7500000000005,near_wall,near_wall
538.7750000000004,near_wall,near_wall
538.8000000000005,near_wall,near_wall
538.8250000000005,near_wall,near_wall
538.8500000000005,near_wall,near_wall
538.8750000000005,near_wall,near_wall
538.9000000000004,near_wall,near_wall
538.9250000000005,near_wall,near_wall
538.9500000000005,near_wall,near_wall
538.9750000000005,near_wall,near_wall
539.0000000000005,near_wall,near_wall
539.0250000000004,near_wall,near_wall
539.0500000000005,near_wall,near_wall
539.0750000000005,near_wall,near_wall
539.1000000000005,near_wall,near_wall
539.1250000000005,near_wall,near_wall
539.1500000000004,near_wall,near_wall
539.1750000000005,near_wall,near_wall
539.2000000000005,near_wall,near_wall
539.2250000000005,near_wall,near_wall
539.2500000000005,near_wall,near_wall
539.2750000000004,near_wall,near_wall
539.3000000000005,near_wall,near_wall
539.3250000000005,near_wall,near_wall
539.3500000000005,near_wall,near_wall
539.3750000000005,near_wall,near_wall
539.4000000000004,near_wall,near_wall
539.4250000000005,near_wall,near_wall
539.4500000000005,near_wall,near_wall
539.4750000000005,near_wall,near_wall
539.5000000000005,near_wall,near_wall
539.5250000000004,near_wall,near_wall
539.5500000000005,near_wall,near_wall
539.5750000000005,near_wall,near_wall
539.6000000000005,near_wall,near_wall
539.6250000000005,near_wall,near_wall
539.6500000000004,near_wall,near_wall
539.6750000000005,near_wall,near_wall
539.7000000000005,near_wall,near_wall
539.7250000000005,near_wall,near_wall
539.7500000000005,near_wall,near_wall
539.7750000000004,near_wall,near_wall
539.8000000000005,near_wall,near_wall
539.8250000000005,near_wall,near_wall
539.8500000000005,near_wall,near_wall
539.8750000000005,near_wall,near_wall
539.9000000000004,near_wall,near_wall
539.9250000000005,near_wall,near_wall
539.9500000000005,near_wall,near_wall
539.9750000000005,near_wall,near_wall
540.0000000000005,near_wall,near_wall
540.0250000000004,near_wall,near_wall
540.0500000000005,near_wall,near_wall
540.0750000000005,near_wall,near_wall
540.1000000000005,near_wall,near_wall
540.1250000000005,near_wall,near_wall
540.1500000000004,near_wall,near_wall
540.1750000000005,near_wall,near_wall
540.2000000000005,near_wall,near_wall
540.2250000000005,near_wall,near_wall
540.2500000000005,near_wall,near_wall
540.2750000000004,near_wall,near_wall
540.3000000000005,near_wall,near_wall
540.3250000000005,near_wall,near_wall
540.3500000000005,near_wall,near_wall
540.3750000000005,near_wall,near_wall
540.4000000000004,near_wall,near_wall
540.4250000000005,near_wall,near_wall
540.4500000000005,near_wall,near_wall
540.4750000000005,near_wall,near_wall
540.5000000000005,near_wall,near_wall
540.5250000000004,near_wall,near_wall
540.5500000000005,near_wall,near_wall
540.5750000000005,near_wall,near_wall
540.6000000000005,near_wall,near_wall
540.6250000000005,near_wall,near_wall
540.6500000000004,near_wall,near_wall
540.6750000000005,near_wall,near_wall
540.7000000000005,near_wall,near_wall
540.7250000000005,near_wall,near_wall
540.7500000000005,near_wall,near_wall
540.7750000000004,near_wall,near_wall
540.8000000000005,near_wall,near_wall
540.8250000000005,near_wall,near_wall
540.8500000000005,near_wall,near_wall
540.8750000000005,near_wall,near_wall
540.9000000000004,near_wall,near_wall
540.9250000000005,near_wall,near_wall
540.9500000000005,near_wall,near_wall
540.9750000000005,near_wall,near_wall
541.0000000000005,near_wall,near_wall
541.0250000000004,near_wall,near_wall
541.0500000000005,near_wall,near_wall
541.0750000000005,near_wall,near_wall
541.1000000000005,near_wall,near_wall
541.1250000000005,near_wall,near_wall
541.1500000000004,near_wall,near_wall
541.1750000000005,near_wall,near_wall
541.2000000000005,near_wall,near_wall
541.2250000000005,near_wall,near_wall
541.2500000000005,near_wall,near_wall
541.2750000000004,near_wall,near_wall
541.3000000000005,near_wall,near_wall
541.3250000000005,near_wall,near_wall
541.3500000000005,near_wall,near_wall
541.3750000000005,near_wall,near_wall
541.4000000000004,near_wall,near_wall
541.4250000000005,near_wall,near_wall
541.4500000000005,near_wall,near_wall
541.4750000000005,near_wall,near_wall
541.5000000000005,near_wall,near_wall
541.5250000000004,near_wall,near_wall
541.5500000000005,near_wall,near_wall
541.5750000000005,near_wall,near_wall
541.6000000000005,near_wall,near_wall
541.6250000000005,near_wall,near_wall
541.6500000000004,near_wall,near_wall
541.6750000000005,near_wall,near_wall
541.7000000000005,near_wall,near_wall
541.7250000000005,near_wall,near_wall
541.7500000000005,near_wall,near_wall
541.7750000000004,near_wall,near_wall
541.8000000000005,near_wall,near_wall
541.8250000000005,near_wall,near_wall
541.8500000000005,near_wall,near_wall
541.8750000000005,near_wall,near_wall
541.9000000000004,near_wall,near_wall
541.9250000000005,near_wall,near_wall
541.9500000000005,near_wall,near_wall
541.9750000000005,near_wall,near_wall
542.0000000000005,near_wall,near_wall
542.0250000000004,near_wall,near_wall
542.0500000000005,near_wall,near_wall
542.0750000000005,near_wall,near_wall
542.1000000000005,near_wall,near_wall
542.1250000000005,near_wall,near_wall
542.1500000000004,near_wall,near_wall
542.1750000000005,near_wall,near_wall
542.2000000000005,near_wall,near_wall
542.2250000000005,near_wall,near_wall
542.2500000000005,near_wall,near_wall
542.2750000000004,near_wall,near_wall
542.3000000000005,near_wall,near_wall
542.3250000000005,near_wall,near_wall
542.3500000000005,near_wall,near_wall
542.3750000000005,near_wall,near_wall
542.4000000000004,near_wall,near_wall
542.4250000000005,near_wall,near_wall
542.4500000000005,near_wall,near_wall
542.4750000000005,near_wall,near_wall
542.5000000000005,near_wall,near_wall
542.5250000000004,near_wall,near_wall
542.5500000000005,near_wall,near_wall
542.5750000000005,near_wall,near_wall
542.6000000000005,near_wall,near_wall
542.6250000000005,near_wall,near_wall
542.6500000000004,near_wall,near_wall
542.6750000000005,near_wall,near_wall
542.7000000000005,near_wall,near_wall
542.7250000000005,near_wall,near_wall
542.7500000000005,near_wall,near_wall
542.7750000000004,near_wall,near_wall
542.8000000000005,near_wall,near_wall
542.8250000000005,near_wall,near_wall
542.8500000000005,near_wall,near_wall
542.8750000000005,near_wall,near_wall
542.9000000000004,near_wall,near_wall
542.9250000000005,near_wall,near_wall
542.9500000000005,near_wall,near_wall
542.9750000000005,near_wall,near_wall
543.0000000000005,near_wall,near_wall
543.0250000000004,near_wall,near_wall
543.0500000000005,near_wall,near_wall
543.0750000000005,near_wall,near_wall
543.1000000000005,near_wall,near_wall
543.1250000000005,near_wall,near_wall
543.1500000000004,near_wall,near_wall
543.1750000000005,near_wall,near_wall
543.2000000000005,near_wall,near_wall
543.2250000000005,near_wall,near_wall
543.2500000000005,near_wall,near_wall
543.2750000000004,near_wall,near_wall
543.3000000000005,near_wall,near_wall
543.3250000000005,near_wall,near_wall
543.3500000000005,near_wall,near_wall
543.3750000000005,near_wall,near_wall
543.4000000000004,near_wall,near_wall
543.4250000000005,near_wall,near_wall
543.4500000000005,near_wall,near_wall
543.4750000000005,near_wall,near_wall
543.5000000000005,near_wall,near_wall
543.5250000000004,near_wall,near_wall
543.5500000000005,near_wall,near_wall
543.5750000000005,near_wall,near_wall
543.6000000000005,near_wall,near_wall
543.6250000000005,near_wall,near_wall
543.6500000000004,near_wall,near_wall
543.6750000000005,near_wall,near_wall
543.7000000000005,near_wall,near_wall
543.7250000000005,near_wall,near_wall
543.7500000000005,near_wall,near_wall
543.7750000000004,near_wall,near_wall
543.8000000000005,near_wall,near_wall
543.8250000000005,near_wall,near_wall
543.8500000000005,near_wall,near_wall
543.8750000000005,near_wall,near_wall
543.9000000000004,near_wall,near_wall
543.9250000000005,near_wall,near_wall
543.9500000000005,near_wall,near_wall
543.9750000000005,near_wall,near_wall
544.0000000000005,near_wall,near_wall
544.0250000000004,near_wall,near_wall
544.0500000000005,near_wall,near_wall
544.0750000000005,near_wall,near_wall
544.1000000000005,near_wall,near_wall
544.1250000000005,near_wall,near_wall
544.1500000000004,near_wall,near_wall
544.1750000000005,near_wall,near_wall
544.2000000000005,near_wall,near_wall
544.2250000000005,near_wall,near_wall
544.2500000000005,near_wall,near_wall
544.2750000000004,near_wall,near_wall
544.3000000000005,near_wall,near_wall
544.3250000000005,near_wall,near_wall
544.3500000000005,near_wall,near_wall
544.3750000000005,near_wall,near_wall
544.4000000000004,near_wall,near_wall
544.4250000000005,near_wall,near_wall
544.4500000000005,near_wall,near_wall
544.4750000000005,near_wall,near_wall
544.5000000000005,near_wall,near_wall
544.5250000000004,near_wall,near_wall
544.5500000000005,near_wall,near_wall
544.5750000000005,near_wall,near_wall
544.6000000000005,near_wall,near_wall
544.6250000000005,near_wall,near_wall
544.6500000000004,near_wall,near_wall
544.6750000000005,near_wall,near_wall
544.7000000000005,near_wall,near_wall
544.7250000000005,near_wall,near_wall
544.7500000000005,near_wall,near_wall
544.7750000000004,near_wall,near_wall
544.8000000000005,near_wall,near_wall
544.8250000000005,near_wall,near_wall
544.8500000000005,near_wall,near_wall
544.8750000000005,near_wall,near_wall
544.9000000000004,near_wall,near_wall
544.9250000000005,near_wall,near_wall
544.9500000000005,near_wall,near_wall
544.9750000000005,near_wall,near_wall
545.0000000000005,near_wall,near_wall
545.0250000000004,near_wall,near_wall
545.0500000000005,near_wall,near_wall
545.0750000000005,near_wall,near_wall
545.1000000000005,near_wall,near_wall
545.1250000000005,near_wall,near_wall
545.1500000000004,near_wall,near_wall
545.1750000000005,near_wall,near_wall
545.2000000000005,near_wall,near_wall
545.2250000000005,near_wall,near_wall
545.2500000000005,near_wall,near_wall
545.2750000000004,near_wall,near_wall
545.3000000000005,near_wall,near_wall
545.3250000000005,near_wall,near_wall
545.3500000000005,near_wall,near_wall
545.3750000000005,near_wall,near_wall
545.4000000000004,near_wall,near_wall
545.4250000000005,near_wall,near_wall
545.4500000000005,near_wall,near_wall
545.4750000000005,near_wall,near_wall
545.5000000000005,near_wall,near_wall
545.5250000000004,near_wall,near_wall
545.5500000000005,near_wall,near_wall
545.5750000000005,near_wall,near_wall
545.6000000000005,near_wall,near_wall
545.6250000000005,near_wall,near_wall
545.6500000000004,near_wall,near_wall
545.6750000000005,near_wall,near_wall
545.7000000000005,near_wall,near_wall
545.7250000000005,near_wall,near_wall
545.7500000000005,near_wall,near_wall
545.7750000000004,near_wall,near_wall
545.8000000000005,near_wall,near_wall
545.8250000000005,near_wall,near_wall
545.8500000000005,near_wall,near_wall
545.8750000000005,near_wall,near_wall
545.9000000000004,near_wall,near_wall
545.9250000000005,near_wall,near_wall
545.9500000000005,near_wall,near_wall
545.9750000000005,near_wall,near_wall
546.0000000000005,near_wall,near_wall
546.0250000000004,near_wall,near_wall
546.0500000000005,near_wall,near_wall
546.0750000000005,near_wall,near_wall
546.1000000000005,near_wall,near_wall
546.1250000000005,near_wall,near_wall
546.1500000000004,near_wall,near_wall
546.1750000000005,near_wall,near_wall
546.2000000000005,near_wall,near_wall
546.2250000000005,near_wall,near_wall
546.2500000000005,near_wall,near_wall
546.2750000000004,near_wall,near_wall
546.3000000000005,near_wall,near_wall
546.3250000000005,near_wall,near_wall
546.3500000000005,near_wall,near_wall
546.3750000000005,near_wall,near_wall
546.4000000000004,near_wall,near_wall
546.4250000000005,near_wall,near_wall
546.4500000000005,near_wall,near_wall
546.4750000000005,near_wall,near_wall
546.5000000000005,near_wall,near_wall
546.5250000000004,near_wall,near_wall
546.5500000000005,near_wall,near_wall
546.5750000000005,near_wall,near_wall
546.6000000000005,near_wall,near_wall
546.6250000000005,near_wall,near_wall
546.6500000000004,near_wall,near_wall
546.6750000000005,near_wall,near_wall
546.7000000000005,near_wall,near_wall
546.7250000000005,near_wall,near_wall
546.7500000000005,near_wall,near_wall
546.7750000000004,near_wall,near_wall
546.8000000000005,near_wall,near_wall
546.8250000000005,near_wall,near_wall
546.8500000000005,near_wall,near_wall
546.8750000000005,near_wall,near_wall
546.9000000000004,near_wall,near_wall
546.9250000000005,near_wall,near_wall
546.9500000000005,near_wall,near_wall
546.9750000000005,near_wall,near_wall
547.0000000000005,near_wall,near_wall
547.0250000000004,near_wall,near_wall
547.0500000000005,near_wall,near_wall
547.0750000000005,near_wall,near_wall
547.1000000000005,near_wall,near_wall
547.1250000000005,near_wall,near_wall
547.1500000000004,near_wall,near_wall
547.1750000000005,near_wall,near_wall
547.2000000000005,near_wall,near_wall
547.2250000000005,near_wall,near_wall
547.2500000000005,near_wall,near_wall
547.2750000000004,near_wall,near_wall
547.3000000000005,near_wall,near_wall
547.3250000000005,near_wall,near_wall
547.3500000000005,near_wall,near_wall
547.3750000000005,near_wall,near_wall
547.4000000000004,near_wall,near_wall
547.4250000000005,near_wall,near_wall
547.4500000000005,near_wall,near_wall
547.4750000000005,near_wall,near_wall
547.5000000000005,near_wall,near_wall
547.5250000000004,near_wall,near_wall
547.5500000000005,near_wall,near_wall
547.5750000000005,near_wall,near_wall
547.6000000000005,near_wall,near_wall
547.6250000000005,near_wall,near_wall
547.6500000000004,near_wall,near_wall
547.6750000000005,near_wall,near_wall
547.7000000000005,near_wall,near_wall
547.7250000000005,near_wall,near_wall
547.7500000000005,near_wall,near_wall
547.7750000000004,near_wall,near_wall
547.8000000000005,near_wall,near_wall
547.8250000000005,near_wall,near_wall
547.8500000000005,near_wall,near_wall
547.8750000000005,near_wall,near_wall
547.9000000000004,near_wall,near_wall
547.9250000000005,near_wall,near_wall
547.9500000000005,near_wall,near_wall
547.9750000000005,near_wall,near_wall
548.0000000000005,near_wall,near_wall
548.0250000000004,near_wall,near_wall
548.0500000000005,near_wall,near_wall
548.0750000000005,near_wall,near_wall
548.1000000000005,near_wall,near_wall
548.1250000000005,near_wall,near_wall
548.1500000000004,near_wall,near_wall
548.1750000000005,near_wall,near_wall
548.2000000000005,near_wall,near_wall
548.2250000000005,near_wall,near_wall
548.2500000000005,near_wall,near_wall
548.2750000000004,near_wall,near_wall
548.3000000000005,near_wall,near_wall
548.3250000000005,near_wall,near_wall
548.3500000000005,near_wall,near_wall
548.3750000000005,near_wall,near_wall
548.4000000000004,near_wall,near_wall
548.4250000000005,near_wall,near_wall
548.4500000000005,near_wall,near_wall
548.4750000000005,near_wall,near_wall
548.5000000000005,near_wall,near_wall
548.5250000000004,near_wall,near_wall
548.5500000000005,near_wall,near_wall
548.5750000000005,near_wall,near_wall
548.6000000000005,near_wall,near_wall
548.6250000000005,near_wall,near_wall
548.6500000000004,near_wall,near_wall
548.6750000000005,near_wall,near_wall
548.7000000000005,near_wall,near_wall
548.7250000000005,near_wall,near_wall
548.7500000000005,near_wall,near_wall
548.7750000000004,near_wall,near_wall
548.8000000000005,near_wall,near_wall
548.8250000000005,near_wall,near_wall
548.8500000000005,near_wall,near_wall
548.8750000000005,near_wall,near_wall
548.9000000000004,near_wall,near_wall
548.9250000000005,near_wall,near_wall
548.9500000000005,near_wall,near_wall
548.9750000000005,near_wall,near_wall
549.0000000000005,near_wall,near_wall
549.0250000000004,near_wall,near_wall
549.0500000000005,near_wall,near_wall
549.0750000000005,near_wall,near_wall
549.1000000000005,near_wall,near_wall
549.1250000000005,near_wall,near_wall
549.1500000000004,near_wall,near_wall
549.1750000000005,near_wall,near_wall
549.2000000000005,near_wall,near_wall
549.2250000000005,near_wall,near_wall
549.2500000000005,near_wall,near_wall
549.2750000000004,near_wall,near_wall
549.3000000000005,near_wall,near_wall
549.3250000000005,near_wall,near_wall
549.3500000000005,near_wall,near_wall
549.3750000000005,near_wall,near_wall
549.4000000000004,near_wall,near_wall
549.4250000000005,near_wall,near_wall
549.4500000000005,near_wall,near_wall
549.4750000000005,near_wall,near_wall
549.5000000000005,near_wall,near_wall
549.5250000000004,near_wall,near_wall
549.5500000000005,near_wall,near_wall
549.5750000000005,near_wall,near_wall
549.6000000000005,near_wall,near_wall
549.6250000000005,near_wall,near_wall
549.6500000000004,near_wall,near_wall
549.6750000000005,near_wall,near_wall
549.7000000000005,near_wall,near_wall
549.7250000000005,near_wall,near_wall
549.7500000000005,near_wall,near_wall
549.7750000000004,near_wall,near_wall
549.8000000000005,near_wall,near_wall
549.8250000000005,near_wall,near_wall
549.8500000000005,near_wall,near_wall
549.8750000000005,near_wall,near_wall
549.9000000000004,near_wall,near_wall
549.9250000000005,near_wall,near_wall
549.9500000000005,near_wall,near_wall
549.9750000000005,near_wall,near_wall
550.0000000000005,near_wall,near_wall
550.0250000000004,near_wall,near_wall
550.0500000000005,near_wall,near_wall
550.0750000000005,near_wall,near_wall
550.1000000000005,near_wall,near_wall
550.1250000000005,near_wall,near_wall
550.1500000000004,near_wall,near_wall
550.1750000000005,near_wall,near_wall
550.2000000000005,near_wall,near_wall
550.2250000000005,near_wall,near_wall
550.2500000000005,near_wall,near_wall
550.2750000000004,near_wall,near_wall
550.3000000000005,near_wall,near_wall
550.3250000000005,near_wall,near_wall
550.3500000000005,near_wall,near_wall
550.3750000000005,near_wall,near_wall
550.4000000000004,near_wall,near_wall
550.4250000000005,near_wall,near_wall
550.4500000000005,near_wall,near_wall
550.4750000000005,near_wall,near_wall
550.5000000000005,near_wall,near_wall
550.5250000000004,near_wall,near_wall
550.5500000000005,near_wall,near_wall
550.5750000000005,near_wall,near_wall
550.6000000000005,near_wall,near_wall
550.6250000000005,near_wall,near_wall
550.6500000000004,near_wall,near_wall
550.6750000000005,near_wall,near_wall
550.7000000000005,near_wall,near_wall
550.7250000000005,near_wall,near_wall
550.7500000000005,near_wall,near_wall
550.7750000000004,near_wall,near_wall
550.8000000000005,near_wall,near_wall
550.8250000000005,near_wall,near_wall
550.8500000000005,near_wall,near_wall
550.8750000000005,near_wall,near_wall
550.9000000000005,near_wall,near_wall
550.9250000000005,near_wall,near_wall
550.9500000000005,near_wall,near_wall
550.9750000000005,near_wall,near_wall
551.0000000000005,near_wall,near_wall
551.0250000000005,near_wall,near_wall
551.0500000000005,near_wall,near_wall
551.0750000000005,near_wall,near_wall
551.1000000000005,near_wall,near_wall
551.1250000000005,near_wall,near_wall
551.1500000000005,near_wall,near_wall
551.1750000000005,near_wall,near_wall
551.2000000000005,near_wall,near_wall
551.2250000000005,near_wall,near_wall
551.2500000000005,near_wall,near_wall
551.2750000000005,near_wall,near_wall
551.3000000000005,near_wall,near_wall
551.3250000000005,near_wall,near_wall
551.3500000000005,near_wall,near_wall
551.3750000000005,near_wall,near_wall
551.4000000000005,near_wall,near_wall
551.4250000000005,near_wall,near_wall
551.4500000000005,near_wall,near_wall
551.4750000000005,near_wall,near_wall
551.5000000000005,near_wall,near_wall
551.5250000000005,near_wall,near_wall
551.5500000000005,near_wall,near_wall
551.5750000000005,near_wall,near_wall
551.6000000000005,near_wall,near_wall
551.6250000000005,near_wall,near_wall
551.6500000000005,near_wall,near_wall
551.6750000000005,near_wall,near_wall
551.7000000000005,near_wall,near_wall
551.7250000000005,near_wall,near_wall
551.7500000000005,near_wall,near_wall
551.7750000000005,near_wall,near_wall
551.8000000000005,near_wall,near_wall
551.8250000000005,near_wall,near_wall
551.8500000000005,near_wall,near_wall
551.8750000000005,near_wall,near_wall
551.9000000000005,near_wall,near_wall
551.9250000000005,near_wall,near_wall
551.9500000000005,near_wall,near_wall
551.9750000000005,near_wall,near_wall
552.0000000000005,near_wall,near_wall
552.0250000000005,near_wall,near_wall
552.0500000000005,near_wall,near_wall
552.0750000000005,near_wall,near_wall
552.1000000000005,near_wall,near_wall
552.1250000000005,near_wall,near_wall
552.1500000000005,near_wall,near_wall
552.1750000000005,near_wall,near_wall
552.2000000000005,near_wall,near_wall
552.2250000000005,near_wall,near_wall
552.2500000000005,near_wall,near_wall
552.2750000000005,near_wall,near_wall
552.3000000000005,near_wall,near_wall
552.3250000000005,near_wall,near_wall
552.3500000000005,near_wall,near_wall
552.3750000000005,near_wall,near_wall
552.4000000000005,near_wall,near_wall
552.4250000000005,near_wall,near_wall
552.4500000000005,near_wall,near_wall
552.4750000000005,near_wall,near_wall
552.5000000000005,near_wall,near_wall
552.5250000000005,near_wall,near_wall
552.5500000000005,near_wall,near_wall
552.5750000000005,near_wall,near_wall
552.6000000000005,near_wall,near_wall
552.6250000000005,near_wall,near_wall
552.6500000000005,near_wall,near_wall
552.6750000000005,near_wall,near_wall
552.7000000000005,near_wall,near_wall
552.7250000000005,near_wall,near_wall
552.7500000000005,near_wall,near_wall
552.7750000000005,near_wall,near_wall
552.8000000000005,near_wall,near_wall
552.8250000000005,near_wall,near_wall
552.8500000000005,near_wall,near_wall
552.8750000000005,near_wall,near_wall
552.9000000000005,near_wall,near_wall
552.9250000000005,near_wall,near_wall
552.9500000000005,near_wall,near_wall
552.9750000000005,near_wall,near_wall
553.0000000000005,near_wall,near_wall
553.0250000000005,near_wall,near_wall
553.0500000000005,near_wall,near_wall
553.0750000000005,near_wall,near_wall
553.1000000000005,near_wall,near_wall
553.1250000000005,near_wall,near_wall
553.1500000000005,near_wall,near_wall
553.1750000000005,near_wall,near_wall
553.2000000000005,near_wall,near_wall
553.2250000000005,near_wall,near_wall
553.2500000000005,near_wall,near_wall
553.2750000000005,near_wall,near_wall
553.3000000000005,near_wall,near_wall
553.3250000000005,near_wall,near_wall
553.3500000000005,near_wall,near_wall
553.3750000000005,near_wall,near_wall
553.4000000000005,near_wall,near_wall
553.4250000000005,near_wall,near_wall
553.4500000000005,near_wall,near_wall
553.4750000000005,near_wall,near_wall
553.5000000000005,near_wall,near_wall
553.5250000000005,near_wall,near_wall
553.5500000000005,near_wall,near_wall
553.5750000000005,near_wall,near_wall
553.6000000000005,near_wall,near_wall
553.6250000000005,near_wall,near_wall
553.6500000000005,near_wall,near_wall
553.6750000000005,near_wall,near_wall
553.7000000000005,near_wall,near_wall
553.7250000000005,near_wall,near_wall
553.7500000000005,near_wall,near_wall
553.7750000000005,near_wall,near_wall
553.8000000000005,near_wall,near_wall
553.8250000000005,near_wall,near_wall
553.8500000000005,near_wall,near_wall
553.8750000000005,near_wall,near_wall
553.9000000000005,near_wall,near_wall
553.9250000000005,near_wall,near_wall
553.9500000000005,near_wall,near_wall
553.9750000000005,near_wall,near_wall
554.0000000000005,near_wall,near_wall
554.0250000000005,near_wall,near_wall
554.0500000000005,near_wall,near_wall
554.0750000000005,near_wall,near_wall
554.1000000000005,near_wall,near_wall
554.1250000000005,near_wall,near_wall
554.1500000000005,near_wall,near_wall
554.1750000000005,near_wall,near_wall
554.2000000000005,near_wall,near_wall
554.2250000000005,near_wall,near_wall
554.2500000000005,near_wall,near_wall
554.2750000000005,near_wall,near_wall
554.3000000000005,near_wall,near_wall
554.3250000000005,near_wall,near_wall
554.3500000000005,near_wall,near_wall
554.3750000000005,near_wall,near_wall
554.4000000000005,near_wall,near_wall
554.4250000000005,near_wall,near_wall
554.4500000000005,near_wall,near_wall
554.4750000000005,near_wall,near_wall
554.5000000000005,near_wall,near_wall
554.5250000000005,near_wall,near_wall
554.5500000000005,near_wall,near_wall
554.5750000000005,near_wall,near_wall
554.6000000000005,near_wall,near_wall
554.6250000000005,near_wall,near_wall
554.6500000000005,near_wall,near_wall
554.6750000000005,near_wall,near_wall
554.7000000000005,near_wall,near_wall
554.7250000000005,near_wall,near_wall
554.7500000000005,near_wall,near_wall
554.7750000000005,near_wall,near_wall
554.8000000000005,near_wall,near_wall
554.8250000000005,near_wall,near_wall
554.8500000000005,near_wall,near_wall
554.8750000000005,near_wall,near_wall
554.9000000000005,near_wall,near_wall
554.9250000000005,near_wall,near_wall
554.9500000000005,near_wall,near_wall
554.9750000000005,near_wall,near_wall
555.0000000000005,near_wall,near_wall
555.0250000000005,near_wall,near_wall
555.0500000000005,near_wall,near_wall
555.0750000000005,near_wall,near_wall
555.1000000000005,near_wall,near_wall
555.1250000000005,near_wall,near_wall
555.1500000000005,near_wall,near_wall
555.1750000000005,near_wall,near_wall
555.2000000000005,near_wall,near_wall
555.2250000000005,near_wall,near_wall
555.2500000000005,near_wall,near_wall
555.2750000000005,near_wall,near_wall
555.3000000000005,near_wall,near_wall
555.3250000000005,near_wall,near_wall
555.3500000000005,near_wall,near_wall
555.3750000000005,near_wall,near_wall
555.4000000000005,near_wall,near_wall
555.4250000000005,near_wall,near_wall
555.4500000000005,near_wall,near_wall
555.4750000000005,near_wall,near_wall
555.5000000000005,near_wall,near_wall
555.5250000000005,near_wall,near_wall
555.5500000000005,near_wall,near_wall
555.5750000000005,near_wall,near_wall
555.6000000000005,near_wall,near_wall
555.6250000000005,near_wall,near_wall
555.6500000000005,near_wall,near_wall
555.6750000000005,near_wall,near_wall
555.7000000000005,near_wall,near_wall
555.7250000000005,near_wall,near_wall
555.7500000000005,near_wall,near_wall
555.7750000000005,near_wall,near_wall
555.8000000000005,near_wall,near_wall
555.8250000000005,near_wall,near_wall
555.8500000000005,near_wall,near_wall
555.8750000000005,near_wall,near_wall
555.9000000000005,near_wall,near_wall
555.9250000000005,near_wall,near_wall
555.9500000000005,near_wall,near_wall
555.9750000000005,near_wall,near_wall
556.0000000000005,near_wall,near_wall
556.0250000000005,near_wall,near_wall
556.0500000000005,near_wall,near_wall
556.0750000000005,near_wall,near_wall
556.1000000000005,near_wall,near_wall
556.1250000000005,near_wall,near_wall
556.1500000000005,near_wall,near_wall
556.1750000000005,near_wall,near_wall
556.2000000000005,near_wall,near_wall
556.2250000000005,near_wall,near_wall
556.2500000000005,near_wall,near_wall
556.2750000000005,near_wall,near_wall
556.3000000000005,near_wall,near_wall
556.3250000000005,near_wall,near_wall
556.3500000000005,near_wall,near_wall
556.3750000000005,near_wall,near_wall
556.4000000000005,near_wall,near_wall
556.4250000000005,near_wall,near_wall
556.4500000000005,near_wall,near_wall
556.4750000000005,near_wall,near_wall
556.5000000000005,near_wall,near_wall
556.5250000000005,near_wall,near_wall
556.5500000000005,near_wall,near_wall
556.5750000000005,near_wall,near_wall
556.6000000000005,near_wall,near_wall
556.6250000000005,near_wall,near_wall
556.6500000000005,near_wall,near_wall
556.6750000000005,near_wall,near_wall
556.7000000000005,near_wall,near_wall
556.7250000000005,near_wall,near_wall
556.7500000000005,near_wall,near_wall
556.7750000000005,near_wall,near_wall
556.8000000000005,near_wall,near_wall
556.8250000000005,near_wall,near_wall
556.8500000000005,near_wall,near_wall
556.8750000000005,near_wall,near_wall
556.9000000000005,near_wall,near_wall
556.9250000000005,near_wall,near_wall
556.9500000000005,near_wall,near_wall
556.9750000000005,near_wall,near_wall
557.0000000000005,near_wall,near_wall
557.0250000000005,near_wall,near_wall
557.0500000000005,near_wall,near_wall
557.0750000000005,near_wall,near_wall
557.1000000000005,near_wall,near_wall
557.1250000000005,near_wall,near_wall
557.1500000000005,near_wall,near_wall
557.1750000000005,near_wall,near_wall
557.2000000000005,near_wall,near_wall
557.2250000000005,near_wall,near_wall
557.2500000000005,near_wall,near_wall
557.2750000000005,near_wall,near_wall
557.3000000000005,near_wall,near_wall
557.3250000000005,near_wall,near_wall
557.3500000000005,near_wall,near_wall
557.3750000000005,near_wall,near_wall
557.4000000000005,near_wall,near_wall
557.4250000000005,near_wall,near_wall
557.4500000000005,near_wall,near_wall
557.4750000000005,near_wall,near_wall
557.5000000000005,near_wall,near_wall
557.5250000000005,near_wall,near_wall
557.5500000000005,near_wall,near_wall
557.5750000000005,near_wall,near_wall
557.6000000000005,near_wall,near_wall
557.6250000000005,near_wall,near_wall
557.6500000000005,near_wall,near_wall
557.6750000000005,near_wall,near_wall
557.7000000000005,near_wall,near_wall
557.7250000000005,near_wall,near_wall
557.7500000000005,near_wall,near_wall
557.7750000000005,near_wall,near_wall
557.8000000000005,near_wall,near_wall
557.8250000000005,near_wall,near_wall
557.8500000000005,near_wall,near_wall
557.8750000000005,near_wall,near_wall
557.9000000000005,near_wall,near_wall
557.9250000000005,near_wall,near_wall
557.9500000000005,near_wall,near_wall
557.9750000000005,near_wall,near_wall
558.0000000000005,near_wall,near_wall
558.0250000000005,near_wall,near_wall
558.0500000000005,near_wall,near_wall
558.0750000000005,near_wall,near_wall
558.1000000000005,near_wall,near_wall
558.1250000000005,near_wall,near_wall
558.1500000000005,near_wall,near_wall
558.1750000000005,near_wall,near_wall
558.2000000000005,near_wall,near_wall
558.2250000000005,near_wall,near_wall
558.2500000000005,near_wall,near_wall
558.2750000000005,near_wall,near_wall
558.3000000000005,near_wall,near_wall
558.3250000000005,near_wall,near_wall
558.3500000000005,near_wall,near_wall
558.3750000000005,near_wall,near_wall
558.4000000000005,near_wall,near_wall
558.4250000000005,near_wall,near_wall
558.4500000000005,near_wall,near_wall
558.4750000000005,near_wall,near_wall
558.5000000000005,near_wall,near_wall
558.5250000000005,near_wall,near_wall
558.5500000000005,near_wall,near_wall
558.5750000000005,near_wall,near_wall
558.6000000000005,near_wall,near_wall
558.6250000000005,near_wall,near_wall
558.6500000000005,near_wall,near_wall
558.6750000000005,near_wall,near_wall
558.7000000000005,near_wall,near_wall
558.7250000000005,near_wall,near_wall
558.7500000000005,near_wall,near_wall
558.7750000000005,near_wall,near_wall
558.8000000000005,near_wall,near_wall
558.8250000000005,near_wall,near_wall
558.8500000000005,near_wall,near_wall
558.8750000000005,near_wall,near_wall
558.9000000000005,near_wall,near_wall
558.9250000000005,near_wall,near_wall
558.9500000000005,near_wall,near_wall
558.9750000000005,near_wall,near_wall
559.0000000000005,near_wall,near_wall
559.0250000000005,near_wall,near_wall
559.0500000000005,near_wall,near_wall
559.0750000000005,near_wall,near_wall
559.1000000000005,near_wall,near_wall
559.1250000000005,near_wall,near_wall
559.1500000000005,near_wall,near_wall
559.1750000000005,near_wall,near_wall
559.2000000000005,near_wall,near_wall
559.2250000000005,near_wall,near_wall
559.2500000000005,near_wall,near_wall
559.2750000000005,near_wall,near_wall
559.3000000000005,near_wall,near_wall
559.3250000000005,near_wall,near_wall
559.3500000000005,near_wall,near_wall
559.3750000000005,near_wall,near_wall
559.4000000000005,near_wall,near_wall
559.4250000000005,near_wall,near_wall
559.4500000000005,near_wall,near_wall
559.4750000000005,near_wall,near_wall
559.5000000000005,near_wall,near_wall
559.5250000000005,near_wall,near_wall
559.5500000000005,near_wall,near_wall
559.5750000000005,near_wall,near_wall
559.6000000000005,near_wall,near_wall
559.6250000000005,near_wall,near_wall
559.6500000000005,near_wall,near_wall
559.6750000000005,near_wall,near_wall
559.7000000000005,near_wall,near_wall
559.7250000000005,near_wall,near_wall
559.7500000000005,near_wall,near_wall
559.7750000000005,near_wall,near_wall
559.8000000000005,near_wall,near_wall
559.8250000000005,near_wall,near_wall
559.8500000000005,near_wall,near_wall
559.8750000000005,near_wall,near_wall
559.9000000000005,near_wall,near_wall
559.9250000000005,near_wall,near_wall
559.9500000000005,near_wall,near_wall
559.9750000000005,near_wall,near_wall
560.0000000000005,near_wall,near_wall
560.0250000000005,near_wall,near_wall
560.0500000000005,near_wall,near_wall
560.0750000000005,near_wall,near_wall
560.1000000000005,near_wall,near_wall
560.1250000000005,near_wall,near_wall
560.1500000000005,near_wall,near_wall
560.1750000000005,near_wall,near_wall
560.2000000000005,near_wall,near_wall
560.2250000000005,near_wall,near_wall
560.2500000000005,near_wall,near_wall
560.2750000000005,near_wall,near_wall
560.3000000000005,near_wall,near_wall
560.3250000000005,near_wall,near_wall
560.3500000000005,near_wall,near_wall
560.3750000000005,near_wall,near_wall
560.4000000000005,near_wall,near_wall
560.4250000000005,near_wall,near_wall
560.4500000000005,near_wall,near_wall
560.4750000000005,near_wall,near_wall
560.5000000000005,near_wall,near_wall
560.5250000000005,near_wall,near_wall
560.5500000000005,near_wall,near_wall
560.5750000000005,near_wall,near_wall
560.6000000000005,near_wall,near_wall
560.6250000000005,near_wall,near_wall
560.6500000000005,near_wall,near_wall
560.6750000000005,near_wall,near_wall
560.7000000000005,near_wall,near_wall
560.7250000000005,near_wall,near_wall
560.7500000000005,near_wall,near_wall
560.7750000000005,near_wall,near_wall
560.8000000000005,near_wall,near_wall
560.8250000000005,near_wall,near_wall
560.8500000000005,near_wall,near_wall
560.8750000000005,near_wall,near_wall
560.9000000000005,near_wall,near_wall
560.9250000000005,near_wall,near_wall
560.9500000000005,near_wall,near_wall
560.9750000000005,near_wall,near_wall
561.0000000000005,near_wall,near_wall
561.0250000000005,near_wall,near_wall
561.0500000000005,near_wall,near_wall
561.0750000000005,near_wall,near_wall
561.1000000000005,near_wall,near_wall
561.1250000000005,near_wall,near_wall
561.1500000000005,near_wall,near_wall
561.1750000000005,near_wall,near_wall
561.2000000000005,near_wall,near_wall
561.2250000000005,near_wall,near_wall
561.2500000000005,near_wall,near_wall
561.2750000000005,near_wall,near_wall
561.3000000000005,near_wall,near_wall
561.3250000000005,near_wall,near_wall
561.3500000000005,near_wall,near_wall
561.3750000000005,near_wall,near_wall
561.4000000000005,near_wall,near_wall
561.4250000000005,near_wall,near_wall
561.4500000000005,near_wall,near_wall
561.4750000000005,near_wall,near_wall
561.5000000000005,near_wall,near_wall
561.5250000000005,near_wall,near_wall
561.5500000000005,near_wall,near_wall
561.5750000000005,near_wall,near_wall
561.6000000000005,near_wall,near_wall
561.6250000000005,near_wall,near_wall
561.6500000000005,near_wall,near_wall
561.6750000000005,near_wall,near_wall
561.7000000000005,near_wall,near_wall
561.7250000000005,near_wall,near_wall
561.7500000000005,near_wall,near_wall
561.7750000000005,near_wall,near_wall
561.8000000000005,near_wall,near_wall
561.8250000000005,near_wall,near_wall
561.8500000000005,near_wall,near_wall
561.8750000000005,near_wall,near_wall
561.9000000000005,near_wall,near_wall
561.9250000000005,near_wall,near_wall
561.9500000000005,near_wall,near_wall
561.9750000000005,near_wall,near_wall
562.0000000000005,near_wall,near_wall
562.0250000000005,near_wall,near_wall
562.0500000000005,near_wall,near_wall
562.0750000000005,near_wall,near_wall
562.1000000000005,near_wall,near_wall
562.1250000000005,near_wall,near_wall
562.1500000000005,near_wall,near_wall
562.1750000000005,near_wall,near_wall
562.2000000000005,near_wall,near_wall
562.2250000000005,near_wall,near_wall
562.2500000000005,near_wall,near_wall
562.2750000000005,near_wall,near_wall
562.3000000000005,near_wall,near_wall
562.3250000000005,near_wall,near_wall
562.3500000000005,near_wall,near_wall
562.3750000000005,near_wall,near_wall
562.4000000000005,near_wall,near_wall
562.4250000000005,near_wall,near_wall
562.4500000000005,near_wall,near_wall
562.4750000000005,near_wall,near_wall
562.5000000000005,near_wall,near_wall
562.5250000000005,near_wall,near_wall
562.5500000000005,near_wall,near_wall
562.5750000000005,near_wall,near_wall
562.6000000000005,near_wall,near_wall
562.6250000000005,near_wall,near_wall
562.6500000000005,near_wall,near_wall
562.6750000000005,near_wall,near_wall
562.7000000000005,near_wall,near_wall
562.7250000000005,near_wall,near_wall
562.7500000000005,near_wall,near_wall
562.7750000000005,near_wall,near_wall
562.8000000000005,near_wall,near_wall
562.8250000000005,near_wall,near_wall
562.8500000000005,near_wall,near_wall
562.8750000000005,near_wall,near_wall
562.9000000000005,near_wall,near_wall
562.9250000000005,near_wall,near_wall
562.9500000000005,near_wall,near_wall
562.9750000000005,near_wall,near_wall
563.0000000000005,near_wall,near_wall
563.0250000000005,near_wall,near_wall
563.0500000000005,near_wall,near_wall
563.0750000000005,near_wall,near_wall
563.1000000000005,near_wall,near_wall
563.1250000000005,near_wall,near_wall
563.1500000000005,near_wall,near_wall
563.1750000000005,near_wall,near_wall
563.2000000000005,near_wall,near_wall
563.2250000000005,near_wall,near_wall
563.2500000000005,near_wall,near_wall
563.2750000000005,near_wall,near_wall
563.3000000000005,near_wall,near_wall
563.3250000000005,near_wall,near_wall
563.3500000000005,near_wall,near_wall
563.3750000000005,near_wall,near_wall
563.4000000000005,near_wall,near_wall
563.4250000000005,near_wall,near_wall
563.4500000000005,near_wall,near_wall
563.4750000000005,near_wall,near_wall
563.5000000000005,near_wall,near_wall
563.5250000000005,near_wall,near_wall
563.5500000000005,near_wall,near_wall
563.5750000000005,near_wall,near_wall
563.6000000000005,near_wall,near_wall
563.6250000000005,near_wall,near_wall
563.6500000000005,near_wall,near_wall
563.6750000000005,near_wall,near_wall
563.7000000000005,near_wall,near_wall
563.7250000000005,near_wall,near_wall
563.7500000000005,near_wall,near_wall
563.7750000000005,near_wall,near_wall
563.8000000000005,near_wall,near_wall
563.8250000000005,near_wall,near_wall
563.8500000000005,near_wall,near_wall
563.8750000000005,near_wall,near_wall
563.9000000000005,near_wall,near_wall
563.9250000000005,near_wall,near_wall
563.9500000000005,near_wall,near_wall
563.9750000000005,near_wall,near_wall
564.0000000000005,near_wall,near_wall
564.0250000000005,near_wall,near_wall
564.0500000000005,near_wall,near_wall
564.0750000000005,near_wall,near_wall
564.1000000000005,near_wall,near_wall
564.1250000000005,near_wall,near_wall
564.1500000000005,near_wall,near_wall
564.1750000000005,near_wall,near_wall
564.2000000000005,near_wall,near_wall
564.2250000000005,near_wall,near_wall
564.2500000000005,near_wall,near_wall
564.2750000000005,near_wall,near_wall
564.3000000000005,near_wall,near_wall
564.3250000000005,near_wall,near_wall
564.3500000000005,near_wall,near_wall
564.3750000000005,near_wall,near_wall
564.4000000000005,near_wall,near_wall
564.4250000000005,near_wall,near_wall
564.4500000000005,near_wall,near_wall
564.4750000000005,near_wall,near_wall
564.5000000000005,near_wall,near_wall
564.5250000000005,near_wall,near_wall
564.5500000000005,near_wall,near_wall
564.5750000000005,near_wall,near_wall
564.6000000000005,near_wall,near_wall
564.6250000000005,near_wall,near_wall
564.6500000000005,near_wall,near_wall
564.6750000000005,near_wall,near_wall
564.7000000000005,near_wall,near_wall
564.7250000000005,near_wall,near_wall
564.7500000000005,near_wall,near_wall
564.7750000000005,near_wall,near_wall
564.8000000000005,near_wall,near_wall
564.8250000000005,near_wall,near_wall
564.8500000000005,near_wall,near_wall
564.8750000000005,near_wall,near_wall
564.9000000000005,near_wall,near_wall
564.9250000000005,near_wall,near_wall
564.9500000000005,near_wall,near_wall
564.9750000000005,near_wall,near_wall
565.0000000000005,near_wall,near_wall
565.0250000000005,near_wall,near_wall
565.0500000000005,near_wall,near_wall
565.0750000000005,near_wall,near_wall
565.1000000000005,near_wall,near_wall
565.1250000000005,near_wall,near_wall
565.1500000000005,near_wall,near_wall
565.1750000000005,near_wall,near_wall
565.2000000000005,near_wall,near_wall
565.2250000000005,near_wall,near_wall
565.2500000000005,near_wall,near_wall
565.2750000000005,near_wall,near_wall
565.3000000000005,near_wall,near_wall
565.3250000000005,near_wall,near_wall
565.3500000000005,near_wall,near_wall
565.3750000000005,near_wall,near_wall
565.4000000000005,near_wall,near_wall
565.4250000000005,middle,near_wall
565.4500000000005,middle,near_wall
565.4750000000005,middle,near_wall
565.5000000000005,middle,near_wall
565.5250000000005,middle,near_wall
565.5500000000005,middle,near_wall
565.5750000000005,middle,near_wall
565.6000000000005,middle,near_wall
565.6250000000005,middle,near_wall
565.6500000000005,middle,near_wall
565.6750000000005,middle,near_wall
565.7000000000005,middle,near_wall
565.7250000000005,middle,near_wall
565.7500000000005,middle,near_wall
565.7750000000005,middle,near_wall
565.8000000000005,middle,near_wall
565.8250000000005,middle,near_wall
565.8500000000005,middle,near_wall
565.8750000000005,middle,near_wall
565.9000000000005,middle,near_wall
565.9250000000005,middle,near_wall
565.9500000000005,middle,near_wall
565.9750000000005,middle,near_wall
566.0000000000005,middle,near_wall
566.0250000000005,middle,near_wall
566.0500000000005,middle,near_wall
566.0750000000005,middle,near_wall
566.1000000000005,middle,near_wall
566.1250000000005,middle,near_wall
566.1500000000005,middle,near_wall
566.1750000000005,middle,near_wall
566.2000000000005,middle,near_wall
566.2250000000005,middle,near_wall
566.2500000000005,middle,near_wall
566.2750000000005,middle,near_wall
566.3000000000005,middle,near_wall
566.3250000000005,middle,near_wall
566.3500000000005,middle,near_wall
566.3750000000005,middle,near_wall
566.4000000000005,middle,near_wall
566.4250000000005,middle,near_wall
566.4500000000005,middle,near_wall
566.4750000000005,middle,near_wall
566.5000000000005,middle,near_wall
566.5250000000005,middle,near_wall
566.5500000000005,middle,near_wall
566.5750000000005,middle,near_wall
566.6000000000005,middle,near_wall
566.6250000000005,middle,near_wall
566.6500000000005,middle,near_wall
566.6750000000005,middle,near_wall
566.7000000000005,middle,near_wall
566.7250000000005,middle,near_wall
566.7500000000005,middle,near_wall
566.7750000000005,middle,near_wall
566.8000000000005,middle,near_wall
566.8250000000005,middle,near_wall
566.8500000000005,middle,near_wall
566.8750000000005,middle,near_wall
566.9000000000005,middle,near_wall
566.9250000000005,middle,near_wall
566.9500000000005,middle,middle
566.9750000000005,middle,middle
567.0000000000005,middle,middle
567.0250000000005,middle,middle
567.0500000000005,middle,middle
567.0750000000005,middle,near_wall
567.1000000000005,middle,middle
567.1250000000005,middle,near_wall
567.1500000000005,middle,near_wall
567.1750000000005,middle,near_wall
567.2000000000005,middle,near_wall
567.2250000000005,middle,near_wall
567.2500000000005,middle,near_wall
567.2750000000005,middle,near_wall
567.3000000000005,middle,near_wall
567.3250000000005,middle,middle
567.3500000000005,middle,middle
567.3750000000005,middle,middle
567.4000000000005,middle,middle
567.4250000000005,middle,middle
567.4500000000005,middle,middle
567.4750000000005,middle,middle
567.5000000000005,middle,middle
567.5250000000005,middle,near_wall
567.5500000000005,middle,near_wall
567.5750000000005,middle,near_wall
567.6000000000005,middle,near_wall
567.6250000000005,middle,near_wall
567.6500000000005,middle,near_wall
567.6750000000005,middle,near_wall
567.7000000000005,middle,near_wall
567.7250000000005,middle,near_wall
567.7500000000005,middle,near_wall
567.7750000000005,middle,near_wall
567.8000000000005,middle,near_wall
567.8250000000005,middle,near_wall
567.8500000000005,middle,near_wall
567.8750000000005,middle,near_wall
567.9000000000005,middle,near_wall
567.9250000000005,middle,near_wall
567.9500000000005,middle,near_wall
567.9750000000005,middle,near_wall
568.0000000000005,middle,near_wall
568.0250000000005,middle,near_wall
568.0500000000005,middle,near_wall
568.0750000000005,middle,near_wall
568.1000000000005,middle,near_wall
568.1250000000005,middle,near_wall
568.1500000000005,middle,near_wall
568.1750000000005,middle,near_wall
568.2000000000005,middle,near_wall
568.2250000000005,middle,near_wall
568.2500000000005,middle,near_wall
568.2750000000005,middle,near_wall
568.3000000000005,middle,near_wall
568.3250000000005,middle,near_wall
568.3500000000005,middle,near_wall
568.3750000000005,middle,near_wall
568.4000000000005,middle,near_wall
568.4250000000005,middle,near_wall
568.4500000000005,middle,near_wall
568.4750000000005,middle,near_wall
568.5000000000005,middle,near_wall
568.5250000000005,middle,near_wall
568.5500000000005,middle,near_wall
568.5750000000005,middle,near_wall
568.6000000000005,middle,near_wall
568.6250000000005,middle,near_wall
568.6500000000005,middle,near_wall
568.6750000000005,middle,near_wall
568.7000000000005,middle,near_wall
568.7250000000005,middle,near_wall
568.7500000000005,middle,near_wall
568.7750000000005,middle,near_wall
568.8000000000005,middle,near_wall
568.8250000000005,middle,near_wall
568.8500000000005,middle,near_wall
568.8750000000005,middle,near_wall
568.9000000000005,middle,near_wall
568.9250000000005,middle,near_wall
568.9500000000005,middle,near_wall
568.9750000000005,middle,near_wall
569.0000000000005,middle,near_wall
569.0250000000005,middle,near_wall
569.0500000000005,middle,near_wall
569.0750000000005,middle,near_wall
569.1000000000005,middle,near_wall
569.1250000000005,middle,near_wall
569.1500000000005,middle,near_wall
569.1750000000005,middle,near_wall
569.2000000000005,middle,near_wall
569.2250000000005,middle,near_wall
569.2500000000005,middle,near_wall
569.2750000000005,middle,near_wall
569.3000000000005,middle,near_wall
569.3250000000005,middle,near_wall
569.3500000000005,middle,near_wall
569.3750000000005,middle,near_wall
569.4000000000005,middle,near_wall
569.4250000000005,middle,near_wall
569.4500000000005,middle,near_wall
569.4750000000005,middle,near_wall
569.5000000000005,middle,near_wall
569.5250000000005,middle,near_wall
569.5500000000005,middle,near_wall
569.5750000000005,middle,near_wall
569.6000000000005,middle,near_wall
569.6250000000005,middle,near_wall
569.6500000000005,middle,near_wall
569.6750000000005,middle,near_wall
569.7000000000005,middle,near_wall
569.7250000000005,middle,near_wall
569.7500000000005,middle,near_wall
569.7750000000005,middle,near_wall
569.8000000000005,middle,near_wall
569.8250000000005,middle,near_wall
569.8500000000005,middle,near_wall
569.8750000000005,middle,near_wall
569.9000000000005,middle,near_wall
569.9250000000005,middle,middle
569.9500000000005,middle,middle
569.9750000000005,middle,middle
570.0000000000005,middle,middle
570.0250000000005,middle,middle
570.0500000000005,middle,middle
570.0750000000005,middle,middle
570.1000000000005,middle,middle
570.1250000000005,middle,middle
570.1500000000005,middle,middle
570.1750000000005,middle,middle
570.2000000000005,middle,middle
570.2250000000005,middle,middle
570.2500000000005,middle,middle
570.2750000000005,middle,middle
570.3000000000005,middle,middle
570.3250000000005,middle,middle
570.3500000000005,middle,middle
570.3750000000005,middle,middle
570.4000000000005,middle,middle
570.4250000000005,middle,middle
570.4500000000005,middle,middle
570.4750000000005,middle,middle
570.5000000000005,middle,middle
570.5250000000005,middle,middle
570.5500000000005,middle,middle
570.5750000000005,middle,middle
570.6000000000005,middle,middle
570.6250000000005,middle,middle
570.6500000000005,middle,middle
570.6750000000005,middle,middle
570.7000000000005,middle,middle
570.7250000000005,middle,middle
570.7500000000005,middle,middle
570.7750000000005,middle,middle
570.8000000000005,middle,middle
570.8250000000005,middle,middle
570.8500000000005,middle,middle
570.8750000000005,middle,middle
570.9000000000005,middle,middle
570.9250000000005,middle,middle
570.9500000000005,middle,middle
570.9750000000005,middle,middle
571.0000000000005,middle,middle
571.0250000000005,middle,middle
571.0500000000005,middle,middle
571.0750000000005,middle,middle
571.1000000000005,middle,middle
571.1250000000005,middle,middle
571.1500000000005,middle,middle
571.1750000000005,middle,middle
571.2000000000005,middle,middle
571.2250000000005,middle,middle
571.2500000000005,middle,middle
571.2750000000005,middle,middle
571.3000000000005,middle,middle
571.3250000000005,middle,middle
571.3500000000005,middle,middle
571.3750000000005,middle,middle
571.4000000000005,middle,middle
571.4250000000005,middle,middle
571.4500000000005,middle,middle
571.4750000000005,middle,middle
571.5000000000005,middle,middle
571.5250000000005,middle,middle
571.5500000000005,middle,middle
571.5750000000005,middle,middle
571.6000000000005,middle,middle
571.6250000000005,middle,middle
571.6500000000005,middle,middle
571.6750000000005,middle,middle
571.7000000000005,middle,middle
571.7250000000005,middle,middle
571.7500000000005,middle,middle
571.7750000000005,middle,middle
571.8000000000005,middle,middle
571.8250000000005,middle,middle
571.8500000000005,middle,middle
571.8750000000005,middle,middle
571.9000000000005,middle,middle
571.9250000000005,middle,middle
571.9500000000005,middle,middle
571.9750000000005,middle,middle
572.0000000000005,middle,middle
572.0250000000005,middle,middle
572.0500000000005,middle,middle
572.0750000000005,middle,middle
572.1000000000005,middle,middle
572.1250000000005,middle,middle
572.1500000000005,middle,middle
572.1750000000005,middle,middle
572.2000000000005,middle,middle
572.2250000000005,middle,middle
572.2500000000005,middle,near_wall
572.2750000000005,middle,near_wall
572.3000000000005,middle,near_wall
572.3250000000005,middle,near_wall
572.3500000000005,middle,near_wall
572.3750000000005,middle,near_wall
572.4000000000005,middle,near_wall
572.4250000000005,middle,near_wall
572.4500000000005,middle,near_wall
572.4750000000005,middle,near_wall
572.5000000000005,middle,near_wall
572.5250000000005,middle,near_wall
572.5500000000005,middle,near_wall
572.5750000000005,middle,near_wall
572.6000000000005,middle,near_wall
572.6250000000005,middle,near_wall
572.6500000000005,middle,middle
572.6750000000005,middle,middle
572.7000000000005,middle,middle
572.7250000000005,middle,middle
572.7500000000005,middle,middle
572.7750000000005,middle,middle
572.8000000000005,middle,near_wall
572.8250000000005,middle,near_wall
572.8500000000005,middle,near_wall
572.8750000000005,middle,near_wall
572.9000000000005,middle,near_wall
572.9250000000005,middle,near_wall
572.9500000000005,middle,near_wall
572.9750000000005,middle,near_wall
573.0000000000005,middle,near_wall
573.0250000000005,middle,near_wall
573.0500000000005,middle,near_wall
573.0750000000005,middle,near_wall
573.1000000000005,middle,near_wall
573.1250000000005,middle,near_wall
573.1500000000005,middle,near_wall
573.1750000000005,middle,near_wall
573.2000000000005,middle,near_wall
573.2250000000005,middle,near_wall
573.2500000000005,middle,near_wall
573.2750000000005,middle,near_wall
573.3000000000005,middle,near_wall
573.3250000000005,middle,near_wall
573.3500000000005,middle,near_wall
573.3750000000005,middle,near_wall
573.4000000000005,middle,near_wall
573.4250000000005,middle,near_wall
573.4500000000005,middle,near_wall
573.4750000000005,middle,near_wall
573.5000000000005,middle,near_wall
573.5250000000005,middle,near_wall
573.5500000000005,middle,near_wall
573.5750000000005,middle,near_wall
573.6000000000005,middle,near_wall
573.6250000000005,middle,near_wall
573.6500000000005,middle,near_wall
573.6750000000005,middle,near_wall
573.7000000000005,middle,near_wall
573.7250000000005,middle,near_wall
573.7500000000005,middle,near_wall
573.7750000000005,middle,near_wall
573.8000000000005,middle,near_wall
573.8250000000005,middle,near_wall
573.8500000000005,middle,near_wall
573.8750000000005,middle,near_wall
573.9000000000005,middle,near_wall
573.9250000000005,middle,near_wall
573.9500000000005,middle,near_wall
573.9750000000005,middle,near_wall
574.0000000000005,middle,near_wall
574.0250000000005,middle,near_wall
574.0500000000005,middle,near_wall
574.0750000000005,middle,near_wall
574.1000000000005,middle,near_wall
574.1250000000005,middle,near_wall
574.1500000000005,middle,near_wall
574.1750000000005,middle,near_wall
574.2000000000005,middle,near_wall
574.2250000000005,middle,near_wall
574.2500000000005,middle,near_wall
574.2750000000005,middle,near_wall
574.3000000000005,middle,near_wall
574.3250000000005,middle,near_wall
574.3500000000005,middle,near_wall
574.3750000000005,middle,near_wall
574.4000000000005,middle,near_wall
574.4250000000005,middle,near_wall
574.4500000000005,middle,near_wall
574.4750000000005,middle,near_wall
574.5000000000005,middle,near_wall
574.5250000000005,middle,near_wall
574.5500000000005,middle,near_wall
574.5750000000005,middle,near_wall
574.6000000000005,middle,near_wall
574.6250000000005,middle,near_wall
574.6500000000005,middle,near_wall
574.6750000000005,middle,near_wall
574.7000000000005,middle,near_wall
574.7250000000005,middle,near_wall
574.7500000000005,middle,near_wall
574.7750000000005,middle,near_wall
574.8000000000005,middle,near_wall
574.8250000000005,middle,near_wall
574.8500000000005,middle,near_wall
574.8750000000005,middle,near_wall
574.9000000000005,middle,near_wall
574.9250000000005,middle,near_wall
574.9500000000005,middle,near_wall
574.9750000000005,middle,near_wall
575.0000000000005,middle,near_wall
575.0250000000005,middle,near_wall
575.0500000000005,middle,near_wall
575.0750000000005,middle,near_wall
575.1000000000005,middle,near_wall
575.1250000000005,middle,near_wall
575.1500000000005,middle,near_wall
575.1750000000005,middle,near_wall
575.2000000000005,middle,near_wall
575.2250000000005,middle,near_wall
575.2500000000005,middle,near_wall
575.2750000000005,middle,near_wall
575.3000000000005,middle,near_wall
575.3250000000005,middle,near_wall
575.3500000000005,middle,near_wall
575.3750000000005,middle,near_wall
575.4000000000005,middle,near_wall
575.4250000000005,middle,near_wall
575.4500000000005,middle,near_wall
575.4750000000005,middle,near_wall
575.5000000000005,middle,near_wall
575.5250000000005,middle,near_wall
575.5500000000005,middle,near_wall
575.5750000000005,middle,near_wall
575.6000000000005,middle,near_wall
575.6250000000005,middle,near_wall
575.6500000000005,middle,near_wall
575.6750000000005,middle,near_wall
575.7000000000005,middle,near_wall
575.7250000000005,middle,near_wall
575.7500000000005,middle,near_wall
575.7750000000005,middle,middle
575.8000000000005,middle,middle
575.8250000000005,middle,middle
575.8500000000005,middle,middle
575.8750000000005,middle,middle
575.9000000000005,middle,middle
575.9250000000005,middle,middle
575.9500000000005,middle,middle
575.9750000000005,middle,middle
576.0000000000005,middle,middle
576.0250000000005,middle,middle
576.0500000000005,middle,middle
576.0750000000005,middle,middle
576.1000000000005,middle,middle
576.1250000000005,middle,middle
576.1500000000005,middle,middle
576.1750000000005,middle,middle
576.2000000000005,middle,middle
576.2250000000005,middle,middle
576.2500000000005,middle,middle
576.2750000000005,middle,middle
576.3000000000005,middle,middle
576.3250000000005,middle,middle
576.3500000000005,middle,middle
576.3750000000005,middle,middle
576.4000000000005,middle,middle
576.4250000000005,middle,middle
576.4500000000005,middle,middle
576.4750000000005,middle,middle
576.5000000000005,middle,middle
576.5250000000005,middle,middle
576.5500000000005,middle,middle
576.5750000000005,middle,middle
576.6000000000005,middle,middle
576.6250000000006,middle,middle
576.6500000000005,middle,middle
576.6750000000005,middle,middle
576.7000000000005,middle,middle
576.7250000000005,middle,middle
576.7500000000006,middle,middle
576.7750000000005,middle,middle
576.8000000000005,middle,middle
576.8250000000005,middle,middle
576.8500000000005,middle,middle
576.8750000000006,middle,middle
576.9000000000005,middle,middle
576.9250000000005,center,middle
576.9500000000005,center,middle
576.9750000000005,center,middle
577.0000000000006,center,middle
577.0250000000005,center,middle
577.0500000000005,center,middle
577.0750000000005,center,middle
577.1000000000005,center,middle
577.1250000000006,center,center
577.1500000000005,center,middle
577.1750000000005,center,middle
577.2000000000005,center,middle
577.2250000000005,center,middle
577.2500000000006,center,center
577.2750000000005,center,center
577.3000000000005,center,center
577.3250000000005,center,center
577.3500000000005,center,center
577.3750000000006,center,center
577.4000000000005,center,center
577.4250000000005,center,center
577.4500000000005,center,center
577.4750000000005,center,middle
577.5000000000006,center,center
577.5250000000005,center,center
577.5500000000005,center,center
577.5750000000005,center,center
577.6000000000005,center,center
577.6250000000006,center,center
577.6500000000005,center,center
577.6750000000005,center,center
577.7000000000005,center,center
577.7250000000005,center,center
577.7500000000006,center,center
577.7750000000005,center,center
577.8000000000005,center,center
577.8250000000005,center,center
577.8500000000005,center,center
577.8750000000006,center,center
577.9000000000005,center,center
577.9250000000005,center,center
577.9500000000005,center,center
577.9750000000005,center,center
578.0000000000006,center,center
578.0250000000005,center,center
578.0500000000005,center,center
578.0750000000005,center,center
578.1000000000005,center,center
578.1250000000006,center,center
578.1500000000005,center,center
578.1750000000005,center,center
578.2000000000005,center,center
578.2250000000005,center,center
578.2500000000006,center,center
578.2750000000005,center,center
578.3000000000005,center,center
578.3250000000005,center,center
578.3500000000005,center,center
578.3750000000006,center,center
578.4000000000005,center,center
578.4250000000005,center,center
578.4500000000005,center,center
578.4750000000005,center,center
578.5000000000006,center,center
578.5250000000005,center,center
578.5500000000005,center,center
578.5750000000005,center,center
578.6000000000005,center,center
578.6250000000006,center,center
578.6500000000005,center,center
578.6750000000005,center,center
578.7000000000005,center,center
578.7250000000005,center,center
578.7500000000006,center,center
578.7750000000005,center,center
578.8000000000005,center,center
578.8250000000005,center,center
578.8500000000005,center,center
578.8750000000006,center,center
578.9000000000005,center,center
578.9250000000005,center,center
578.9500000000005,center,center
578.9750000000005,center,center
579.0000000000006,center,center
579.0250000000005,center,center
579.0500000000005,center,center
579.0750000000005,center,center
579.1000000000005,center,center
579.1250000000006,middle,center
579.1500000000005,middle,center
579.1750000000005,middle,center
579.2000000000005,middle,center
579.2250000000005,middle,center
579.2500000000006,middle,middle
579.2750000000005,middle,middle
579.3000000000005,middle,middle
579.3250000000005,middle,middle
579.3500000000005,middle,middle
579.3750000000006,middle,middle
579.4000000000005,middle,middle
579.4250000000005,middle,middle
579.4500000000005,middle,middle
579.4750000000005,middle,middle
579.5000000000006,middle,middle
579.5250000000005,middle,middle
579.5500000000005,middle,middle
579.5750000000005,middle,middle
579.6000000000005,middle,middle
579.6250000000006,middle,middle
579.6500000000005,middle,middle
579.6750000000005,middle,middle
579.7000000000005,middle,middle
579.7250000000005,middle,middle
579.7500000000006,middle,middle
579.7750000000005,middle,middle
579.8000000000005,middle,middle
579.8250000000005,middle,middle
579.8500000000005,middle,middle
579.8750000000006,middle,middle
579.9000000000005,middle,middle
579.9250000000005,middle,middle
579.9500000000005,middle,middle
579.9750000000005,middle,middle
580.0000000000006,middle,middle
580.0250000000005,middle,middle
580.0500000000005,middle,middle
580.0750000000005,middle,middle
580.1000000000005,middle,middle
580.1250000000006,middle,middle
580.1500000000005,middle,middle
580.1750000000005,middle,middle
580.2000000000005,middle,middle
580.2250000000005,middle,middle
580.2500000000006,middle,middle
580.2750000000005,middle,middle
580.3000000000005,middle,middle
580.3250000000005,middle,middle
580.3500000000005,middle,middle
580.3750000000006,middle,middle
580.4000000000005,middle,middle
580.4250000000005,middle,middle
580.4500000000005,middle,middle
580.4750000000005,middle,middle
580.5000000000006,middle,middle
580.5250000000005,middle,middle
580.5500000000005,middle,middle
580.5750000000005,middle,middle
580.6000000000005,middle,middle
580.6250000000006,middle,middle
580.6500000000005,middle,middle
580.6750000000005,middle,middle
580.7000000000005,middle,middle
580.7250000000005,middle,middle
580.7500000000006,middle,near_wall
580.7750000000005,middle,near_wall
580.8000000000005,middle,near_wall
580.8250000000005,middle,near_wall
580.8500000000005,middle,near_wall
580.8750000000006,middle,near_wall
580.9000000000005,middle,near_wall
580.9250000000005,middle,near_wall
580.9500000000005,middle,near_wall
580.9750000000005,middle,near_wall
581.0000000000006,middle,near_wall
581.0250000000005,middle,near_wall
581.0500000000005,middle,near_wall
581.0750000000005,middle,near_wall
581.1000000000005,middle,near_wall
581.1250000000006,near_wall,near_wall
581.1500000000005,near_wall,near_wall
581.1750000000005,near_wall,near_wall
581.2000000000005,near_wall,near_wall
581.2250000000005,near_wall,near_wall
581.2500000000006,near_wall,near_wall
581.2750000000005,near_wall,near_wall
581.3000000000005,near_wall,near_wall
581.3250000000005,near_wall,near_wall
581.3500000000005,near_wall,near_wall
581.3750000000006,near_wall,near_wall
581.4000000000005,near_wall,near_wall
581.4250000000005,near_wall,near_wall
581.4500000000005,near_wall,near_wall
581.4750000000005,near_wall,near_wall
581.5000000000006,near_wall,near_wall
581.5250000000005,near_wall,near_wall
581.5500000000005,near_wall,near_wall
581.5750000000005,near_wall,near_wall
581.6000000000005,near_wall,near_wall
581.6250000000006,near_wall,near_wall
581.6500000000005,near_wall,near_wall
581.6750000000005,near_wall,near_wall
581.7000000000005,near_wall,near_wall
581.7250000000005,near_wall,near_wall
581.7500000000006,near_wall,near_wall
581.7750000000005,near_wall,near_wall
581.8000000000005,near_wall,near_wall
581.8250000000005,near_wall,near_wall
581.8500000000005,near_wall,near_wall
581.8750000000006,near_wall,near_wall
581.9000000000005,near_wall,near_wall
581.9250000000005,near_wall,near_wall
581.9500000000005,near_wall,near_wall
581.9750000000005,near_wall,near_wall
582.0000000000006,near_wall,near_wall
582.0250000000005,near_wall,near_wall
582.0500000000005,near_wall,near_wall
582.0750000000005,near_wall,near_wall
582.1000000000005,near_wall,near_wall
582.1250000000006,near_wall,near_wall
582.1500000000005,near_wall,near_wall
582.1750000000005,near_wall,near_wall
582.2000000000005,near_wall,near_wall
582.2250000000005,near_wall,near_wall
582.2500000000006,near_wall,near_wall
582.2750000000005,near_wall,near_wall
582.3000000000005,near_wall,near_wall
582.3250000000005,near_wall,near_wall
582.3500000000005,near_wall,near_wall
582.3750000000006,near_wall,near_wall
582.4000000000005,near_wall,near_wall
582.4250000000005,near_wall,near_wall
582.4500000000005,near_wall,near_wall
582.4750000000005,near_wall,near_wall
582.5000000000006,near_wall,near_wall
582.5250000000005,near_wall,near_wall
582.5500000000005,near_wall,near_wall
582.5750000000005,near_wall,near_wall
582.6000000000005,near_wall,near_wall
582.6250000000006,near_wall,near_wall
582.6500000000005,near_wall,near_wall
582.6750000000005,near_wall,near_wall
582.7000000000005,near_wall,near_wall
582.7250000000005,near_wall,near_wall
582.7500000000006,near_wall,near_wall
582.7750000000005,near_wall,near_wall
582.8000000000005,near_wall,near_wall
582.8250000000005,near_wall,near_wall
582.8500000000005,near_wall,near_wall
582.8750000000006,near_wall,near_wall
582.9000000000005,near_wall,near_wall
582.9250000000005,near_wall,near_wall
582.9500000000005,near_wall,near_wall
582.9750000000005,near_wall,near_wall
583.0000000000006,near_wall,near_wall
583.0250000000005,near_wall,near_wall
583.0500000000005,near_wall,near_wall
583.0750000000005,near_wall,near_wall
583.1000000000005,near_wall,near_wall
583.1250000000006,near_wall,near_wall
583.1500000000005,near_wall,near_wall
583.1750000000005,near_wall,near_wall
583.2000000000005,near_wall,near_wall
583.2250000000005,near_wall,near_wall
583.2500000000006,near_wall,near_wall
583.2750000000005,near_wall,near_wall
583.3000000000005,near_wall,near_wall
583.3250000000005,near_wall,near_wall
583.3500000000005,near_wall,near_wall
583.3750000000006,near_wall,near_wall
583.4000000000005,near_wall,near_wall
583.4250000000005,near_wall,near_wall
583.4500000000005,near_wall,near_wall
583.4750000000005,near_wall,near_wall
583.5000000000006,near_wall,near_wall
583.5250000000005,near_wall,near_wall
583.5500000000005,near_wall,near_wall
583.5750000000005,near_wall,near_wall
583.6000000000005,near_wall,near_wall
583.6250000000006,near_wall,near_wall
583.6500000000005,near_wall,near_wall
583.6750000000005,near_wall,near_wall
583.7000000000005,near_wall,near_wall
583.7250000000005,near_wall,near_wall
583.7500000000006,near_wall,near_wall
583.7750000000005,near_wall,near_wall
583.8000000000005,near_wall,near_wall
583.8250000000005,near_wall,near_wall
583.8500000000005,near_wall,near_wall
583.8750000000006,near_wall,near_wall
583.9000000000005,near_wall,near_wall
583.9250000000005,near_wall,near_wall
583.9500000000005,near_wall,near_wall
583.9750000000005,near_wall,near_wall
584.0000000000006,near_wall,near_wall
584.0250000000005,near_wall,near_wall
584.0500000000005,near_wall,near_wall
584.0750000000005,near_wall,near_wall
584.1000000000005,near_wall,near_wall
584.1250000000006,near_wall,near_wall
584.1500000000005,near_wall,near_wall
584.1750000000005,near_wall,near_wall
584.2000000000005,near_wall,near_wall
584.2250000000005,near_wall,near_wall
584.2500000000006,near_wall,near_wall
584.2750000000005,near_wall,near_wall
584.3000000000005,near_wall,near_wall
584.3250000000005,near_wall,near_wall
584.3500000000005,near_wall,near_wall
584.3750000000006,near_wall,near_wall
584.4000000000005,near_wall,near_wall
584.4250000000005,near_wall,near_wall
584.4500000000005,near_wall,near_wall
584.4750000000005,near_wall,near_wall
584.5000000000006,near_wall,near_wall
584.5250000000005,near_wall,near_wall
584.5500000000005,near_wall,near_wall
584.5750000000005,near_wall,near_wall
584.6000000000005,near_wall,near_wall
584.6250000000006,near_wall,near_wall
584.6500000000005,near_wall,near_wall
584.6750000000005,near_wall,near_wall
584.7000000000005,near_wall,near_wall
584.7250000000005,near_wall,near_wall
584.7500000000006,near_wall,near_wall
584.7750000000005,near_wall,near_wall
584.8000000000005,near_wall,near_wall
584.8250000000005,near_wall,near_wall
584.8500000000005,near_wall,near_wall
584.8750000000006,near_wall,near_wall
584.9000000000005,near_wall,near_wall
584.9250000000005,near_wall,near_wall
584.9500000000005,near_wall,near_wall
584.9750000000005,near_wall,near_wall
585.0000000000006,near_wall,near_wall
585.0250000000005,near_wall,near_wall
585.0500000000005,near_wall,near_wall
585.0750000000005,near_wall,near_wall
585.1000000000005,near_wall,near_wall
585.1250000000006,near_wall,near_wall
585.1500000000005,near_wall,near_wall
585.1750000000005,near_wall,near_wall
585.2000000000005,near_wall,near_wall
585.2250000000005,near_wall,near_wall
585.2500000000006,near_wall,near_wall
585.2750000000005,near_wall,near_wall
585.3000000000005,near_wall,near_wall
585.3250000000005,near_wall,near_wall
585.3500000000005,near_wall,near_wall
585.3750000000006,near_wall,near_wall
585.4000000000005,near_wall,near_wall
585.4250000000005,near_wall,near_wall
585.4500000000005,near_wall,near_wall
585.4750000000005,near_wall,near_wall
585.5000000000006,near_wall,near_wall
585.5250000000005,near_wall,near_wall
585.5500000000005,near_wall,near_wall
585.5750000000005,near_wall,near_wall
585.6000000000005,near_wall,near_wall
585.6250000000006,near_wall,near_wall
585.6500000000005,near_wall,near_wall
585.6750000000005,near_wall,near_wall
585.7000000000005,near_wall,near_wall
585.7250000000005,near_wall,near_wall
585.7500000000006,near_wall,near_wall
585.7750000000005,near_wall,near_wall
585.8000000000005,near_wall,near_wall
585.8250000000005,near_wall,near_wall
585.8500000000005,near_wall,near_wall
585.8750000000006,near_wall,near_wall
585.9000000000005,near_wall,near_wall
585.9250000000005,near_wall,near_wall
585.9500000000005,near_wall,near_wall
585.9750000000005,near_wall,near_wall
586.0000000000006,near_wall,near_wall
586.0250000000005,near_wall,near_wall
586.0500000000005,near_wall,near_wall
586.0750000000005,near_wall,near_wall
586.1000000000005,near_wall,near_wall
586.1250000000006,near_wall,near_wall
586.1500000000005,near_wall,near_wall
586.1750000000005,near_wall,near_wall
586.2000000000005,near_wall,near_wall
586.2250000000005,near_wall,near_wall
586.2500000000006,near_wall,near_wall
586.2750000000005,near_wall,near_wall
586.3000000000005,near_wall,near_wall
586.3250000000005,near_wall,near_wall
586.3500000000005,near_wall,near_wall
586.3750000000006,near_wall,near_wall
586.4000000000005,near_wall,near_wall
586.4250000000005,near_wall,near_wall
586.4500000000005,near_wall,near_wall
586.4750000000005,near_wall,near_wall
586.5000000000006,near_wall,near_wall
586.5250000000005,near_wall,near_wall
586.5500000000005,near_wall,near_wall
586.5750000000005,near_wall,near_wall
586.6000000000005,near_wall,near_wall
586.6250000000006,near_wall,near_wall
586.6500000000005,near_wall,near_wall
586.6750000000005,near_wall,near_wall
586.7000000000005,near_wall,near_wall
586.7250000000005,near_wall,near_wall
586.7500000000006,near_wall,near_wall
586.7750000000005,near_wall,near_wall
586.8000000000005,near_wall,near_wall
586.8250000000005,near_wall,near_wall
586.8500000000005,near_wall,near_wall
586.8750000000006,near_wall,near_wall
586.9000000000005,near_wall,near_wall
586.9250000000005,near_wall,near_wall
586.9500000000005,near_wall,near_wall
586.9750000000005,near_wall,near_wall
587.0000000000006,near_wall,near_wall
587.0250000000005,near_wall,near_wall
587.0500000000005,near_wall,near_wall
587.0750000000005,near_wall,near_wall
587.1000000000005,near_wall,near_wall
587.1250000000006,near_wall,near_wall
587.1500000000005,near_wall,near_wall
587.1750000000005,near_wall,near_wall
587.2000000000005,near_wall,near_wall
587.2250000000005,near_wall,near_wall
587.2500000000006,near_wall,near_wall
587.2750000000005,near_wall,near_wall
587.3000000000005,near_wall,near_wall
587.3250000000005,near_wall,near_wall
587.3500000000005,near_wall,near_wall
587.3750000000006,near_wall,near_wall
587.4000000000005,near_wall,near_wall
587.4250000000005,near_wall,near_wall
587.4500000000005,near_wall,near_wall
587.4750000000005,near_wall,near_wall
587.5000000000006,near_wall,near_wall
587.5250000000005,near_wall,near_wall
587.5500000000005,near_wall,near_wall
587.5750000000005,near_wall,near_wall
587.6000000000005,near_wall,near_wall
587.6250000000006,near_wall,near_wall
587.6500000000005,near_wall,near_wall
587.6750000000005,near_wall,near_wall
587.7000000000005,near_wall,near_wall
587.7250000000005,near_wall,near_wall
587.7500000000006,near_wall,near_wall
587.7750000000005,near_wall,near_wall
587.8000000000005,near_wall,near_wall
587.8250000000005,near_wall,near_wall
587.8500000000005,near_wall,near_wall
587.8750000000006,near_wall,near_wall
587.9000000000005,near_wall,near_wall
587.9250000000005,near_wall,near_wall
587.9500000000005,near_wall,near_wall
587.9750000000005,near_wall,near_wall
588.0000000000006,near_wall,near_wall
588.0250000000005,near_wall,near_wall
588.0500000000005,near_wall,near_wall
588.0750000000005,near_wall,near_wall
588.1000000000005,near_wall,near_wall
588.1250000000006,near_wall,near_wall
588.1500000000005,near_wall,near_wall
588.1750000000005,near_wall,near_wall
588.2000000000005,near_wall,near_wall
588.2250000000005,near_wall,near_wall
588.2500000000006,near_wall,near_wall
588.2750000000005,near_wall,near_wall
588.3000000000005,near_wall,near_wall
588.3250000000005,near_wall,near_wall
588.3500000000005,near_wall,near_wall
588.3750000000006,near_wall,near_wall
588.4000000000005,near_wall,near_wall
588.4250000000005,near_wall,near_wall
588.4500000000005,near_wall,near_wall
588.4750000000005,near_wall,near_wall
588.5000000000006,near_wall,near_wall
588.5250000000005,near_wall,near_wall
588.5500000000005,near_wall,near_wall
588.5750000000005,near_wall,near_wall
588.6000000000005,near_wall,near_wall
588.6250000000006,near_wall,near_wall
588.6500000000005,near_wall,near_wall
588.6750000000005,near_wall,near_wall
588.7000000000005,near_wall,near_wall
588.7250000000005,near_wall,near_wall
588.7500000000006,near_wall,near_wall
588.7750000000005,near_wall,near_wall
588.8000000000005,near_wall,near_wall
588.8250000000005,near_wall,near_wall
588.8500000000005,near_wall,near_wall
588.8750000000006,near_wall,near_wall
588.9000000000005,near_wall,near_wall
588.9250000000005,near_wall,near_wall
588.9500000000005,near_wall,near_wall
588.9750000000005,near_wall,near_wall
589.0000000000006,near_wall,near_wall
589.0250000000005,near_wall,near_wall
589.0500000000005,near_wall,near_wall
589.0750000000005,near_wall,near_wall
589.1000000000005,near_wall,near_wall
589.1250000000006,near_wall,near_wall
589.1500000000005,near_wall,near_wall
589.1750000000005,near_wall,near_wall
589.2000000000005,near_wall,near_wall
589.2250000000005,near_wall,near_wall
589.2500000000006,near_wall,near_wall
589.2750000000005,near_wall,near_wall
589.3000000000005,near_wall,near_wall
589.3250000000005,near_wall,near_wall
589.3500000000005,near_wall,near_wall
589.3750000000006,near_wall,near_wall
589.4000000000005,near_wall,near_wall
589.4250000000005,near_wall,near_wall
589.4500000000005,near_wall,near_wall
589.4750000000005,near_wall,near_wall
589.5000000000006,near_wall,near_wall
589.5250000000005,near_wall,near_wall
589.5500000000005,near_wall,near_wall
589.5750000000005,near_wall,near_wall
589.6000000000005,near_wall,near_wall
589.6250000000006,near_wall,near_wall
589.6500000000005,near_wall,near_wall
589.6750000000005,near_wall,near_wall
589.7000000000005,near_wall,near_wall
589.7250000000005,near_wall,near_wall
589.7500000000006,near_wall,near_wall
589.7750000000005,near_wall,near_wall
589.8000000000005,near_wall,near_wall
589.8250000000005,near_wall,near_wall
589.8500000000005,near_wall,near_wall
589.8750000000006,near_wall,near_wall
589.9000000000005,near_wall,near_wall
589.9250000000005,near_wall,near_wall
589.9500000000005,near_wall,near_wall
589.9750000000005,near_wall,near_wall
590.0000000000006,near_wall,near_wall
590.0250000000005,near_wall,near_wall
590.0500000000005,near_wall,near_wall
590.0750000000005,near_wall,near_wall
590.1000000000005,near_wall,near_wall
590.1250000000006,near_wall,near_wall
590.1500000000005,near_wall,near_wall
590.1750000000005,near_wall,near_wall
590.2000000000005,near_wall,near_wall
590.2250000000005,near_wall,near_wall
590.2500000000006,near_wall,near_wall
590.2750000000005,near_wall,near_wall
590.3000000000005,near_wall,near_wall
590.3250000000005,near_wall,near_wall
590.3500000000005,near_wall,near_wall
590.3750000000006,near_wall,near_wall
590.4000000000005,near_wall,near_wall
590.4250000000005,near_wall,near_wall
590.4500000000005,near_wall,near_wall
590.4750000000005,near_wall,near_wall
590.5000000000006,near_wall,near_wall
590.5250000000005,near_wall,near_wall
590.5500000000005,near_wall,near_wall
590.5750000000005,near_wall,near_wall
590.6000000000005,near_wall,near_wall
590.6250000000006,near_wall,near_wall
590.6500000000005,near_wall,near_wall
590.6750000000005,near_wall,near_wall
590.7000000000005,near_wall,near_wall
590.7250000000005,near_wall,near_wall
590.7500000000006,near_wall,near_wall
590.7750000000005,near_wall,near_wall
590.8000000000005,near_wall,near_wall
590.8250000000005,near_wall,near_wall
590.8500000000005,near_wall,middle
590.8750000000006,near_wall,middle
590.9000000000005,near_wall,near_wall
590.9250000000005,near_wall,middle
590.9500000000005,near_wall,middle
590.9750000000005,near_wall,near_wall
591.0000000000006,near_wall,middle
591.0250000000005,near_wall,middle
591.0500000000005,near_wall,middle
591.0750000000005,near_wall,middle
591.1000000000005,near_wall,middle
591.1250000000006,near_wall,middle
591.1500000000005,near_wall,near_wall
591.1750000000005,near_wall,near_wall
591.2000000000005,near_wall,middle
591.2250000000005,near_wall,middle
591.2500000000006,near_wall,near_wall
591.2750000000005,near_wall,middle
591.3000000000005,near_wall,near_wall
591.3250000000005,near_wall,near_wall
591.3500000000005,near_wall,near_wall
591.3750000000006,near_wall,near_wall
591.4000000000005,near_wall,near_wall
591.4250000000005,near_wall,near_wall
591.4500000000005,near_wall,near_wall
591.4750000000005,near_wall,near_wall
591.5000000000006,near_wall,near_wall
591.5250000000005,near_wall,near_wall
591.5500000000005,near_wall,near_wall
591.5750000000005,near_wall,near_wall
591.6000000000005,near_wall,near_wall
591.6250000000006,near_wall,near_wall
591.6500000000005,near_wall,middle
591.6750000000005,near_wall,middle
591.7000000000005,near_wall,near_wall
591.7250000000005,near_wall,near_wall
591.7500000000006,near_wall,near_wall
591.7750000000005,near_wall,near_wall
591.8000000000005,near_wall,near_wall
591.8250000000005,near_wall,near_wall
591.8500000000005,near_wall,near_wall
591.8750000000006,near_wall,near_wall
591.9000000000005,near_wall,near_wall
591.9250000000005,near_wall,near_wall
591.9500000000005,near_wall,middle
591.9750000000005,middle,near_wall
592.0000000000006,middle,middle
592.0250000000005,middle,middle
592.0500000000005,middle,middle
592.0750000000005,middle,middle
592.1000000000005,middle,middle
592.1250000000006,middle,middle
592.1500000000005,middle,middle
592.1750000000005,middle,middle
592.2000000000005,middle,middle
592.2250000000005,middle,middle
592.2500000000006,middle,middle
592.2750000000005,middle,middle
592.3000000000005,middle,middle
592.3250000000005,middle,middle
592.3500000000005,middle,middle
592.3750000000006,middle,middle
592.4000000000005,middle,middle
592.4250000000005,middle,middle
592.4500000000005,middle,middle
592.4750000000005,middle,middle
592.5000000000006,middle,middle
592.5250000000005,middle,middle
592.5500000000005,middle,middle
592.5750000000005,middle,near_wall
592.6000000000005,middle,middle
592.6250000000006,middle,middle
592.6500000000005,middle,middle
592.6750000000005,middle,middle
592.7000000000005,middle,middle
592.7250000000005,middle,middle
592.7500000000006,middle,middle
592.7750000000005,middle,middle
592.8000000000005,middle,middle
592.8250000000005,middle,middle
592.8500000000005,middle,middle
592.8750000000006,middle,middle
592.9000000000005,middle,middle
592.9250000000005,middle,middle
592.9500000000005,middle,middle
592.9750000000005,middle,middle
593.0000000000006,middle,middle
593.0250000000005,middle,middle
593.0500000000005,middle,middle
593.0750000000005,middle,middle
593.1000000000005,middle,middle
593.1250000000006,middle,middle
593.1500000000005,middle,middle
593.1750000000005,middle,middle
593.2000000000005,middle,middle
593.2250000000005,middle,middle
593.2500000000006,middle,middle
593.2750000000005,middle,middle
593.3000000000005,middle,middle
593.3250000000005,middle,middle
593.3500000000005,middle,middle
593.3750000000006,middle,middle
593.4000000000005,middle,middle
593.4250000000005,middle,middle
593.4500000000005,middle,middle
593.4750000000005,middle,middle
593.5000000000006,middle,middle
593.5250000000005,middle,middle
593.5500000000005,middle,middle
593.5750000000005,middle,middle
593.6000000000005,middle,middle
593.6250000000006,middle,middle
593.6500000000005,middle,middle
593.6750000000005,middle,middle
593.7000000000005,middle,middle
593.7250000000005,middle,middle
593.7500000000006,middle,middle
593.7750000000005,middle,middle
593.8000000000005,middle,middle
593.8250000000005,middle,middle
593.8500000000005,middle,middle
593.8750000000006,middle,middle
593.9000000000005,middle,middle
593.9250000000005,middle,middle
593.9500000000005,middle,middle
593.9750000000005,middle,middle
594.0000000000006,middle,middle
594.0250000000005,middle,middle
594.0500000000005,middle,middle
594.0750000000005,middle,middle
594.1000000000005,middle,middle
594.1250000000006,middle,middle
594.1500000000005,middle,middle
594.1750000000005,middle,middle
594.2000000000005,middle,middle
594.2250000000005,middle,middle
594.2500000000006,middle,middle
594.2750000000005,middle,middle
594.3000000000005,middle,middle
594.3250000000005,middle,middle
594.3500000000005,middle,middle
594.3750000000006,middle,middle
594.4000000000005,middle,middle
594.4250000000005,middle,middle
594.4500000000005,middle,middle
594.4750000000005,middle,middle
594.5000000000006,middle,middle
594.5250000000005,middle,middle
594.5500000000005,middle,middle
594.5750000000005,middle,middle
594.6000000000005,middle,middle
594.6250000000006,middle,middle
594.6500000000005,middle,middle
594.6750000000005,middle,middle
594.7000000000005,middle,middle
594.7250000000005,middle,middle
594.7500000000006,middle,middle
594.7750000000005,middle,middle
594.8000000000005,middle,middle
594.8250000000005,middle,middle
594.8500000000005,middle,middle
594.8750000000006,middle,middle
594.9000000000005,middle,middle
594.9250000000005,middle,middle
594.9500000000005,middle,middle
594.9750000000005,middle,middle
595.0000000000006,middle,middle
595.0250000000005,middle,middle
595.0500000000005,middle,middle
595.0750000000005,middle,middle
595.1000000000005,middle,middle
595.1250000000006,middle,middle
595.1500000000005,middle,middle
595.1750000000005,middle,middle
595.2000000000005,middle,middle
595.2250000000005,middle,middle
595.2500000000006,middle,middle
595.2750000000005,middle,middle
595.3000000000005,middle,middle
595.3250000000005,middle,middle
595.3500000000005,middle,middle
595.3750000000006,middle,middle
595.4000000000005,middle,middle
595.4250000000005,middle,middle
595.4500000000005,middle,middle
595.4750000000005,middle,middle
595.5000000000006,middle,middle
595.5250000000005,middle,middle
595.5500000000005,middle,middle
595.5750000000005,middle,middle
595.6000000000005,middle,middle
595.6250000000006,middle,middle
595.6500000000005,middle,middle
595.6750000000005,middle,middle
595.7000000000005,middle,middle
595.7250000000005,middle,middle
595.7500000000006,middle,middle
595.7750000000005,middle,middle
595.8000000000005,middle,middle
595.8250000000005,middle,middle
595.8500000000005,middle,middle
595.8750000000006,center,middle
595.9000000000005,center,middle
595.9250000000005,center,middle
595.9500000000005,center,middle
595.9750000000005,center,center
596.0000000000006,center,middle
596.0250000000005,center,center
596.0500000000005,center,center
596.0750000000005,center,center
596.1000000000005,center,center
596.1250000000006,center,center
596.1500000000005,center,center
596.1750000000005,center,center
596.2000000000005,center,center
596.2250000000005,center,middle
596.2500000000006,center,center
596.2750000000005,center,middle
596.3000000000005,center,middle
596.3250000000005,center,center
596.3500000000005,center,center
596.3750000000006,center,center
596.4000000000005,center,center
596.4250000000005,center,center
596.4500000000005,center,center
596.4750000000005,center,center
596.5000000000006,center,center
596.5250000000005,center,center
596.5500000000005,center,center
596.5750000000005,center,center
596.6000000000005,center,center
596.6250000000006,center,center
596.6500000000005,center,center
596.6750000000005,center,center
596.7000000000005,center,center
596.7250000000005,center,center
596.7500000000006,center,center
596.7750000000005,center,center
596.8000000000005,center,center
596.8250000000005,center,center
596.8500000000005,center,center
596.8750000000006,center,center
596.9000000000005,center,center
596.9250000000005,center,center
596.9500000000005,center,middle
596.9750000000005,center,middle
597.0000000000006,center,middle
597.0250000000005,center,middle
597.0500000000005,center,middle
597.0750000000005,center,middle
597.1000000000005,center,middle
597.1250000000006,center,middle
597.1500000000005,center,middle
597.1750000000005,center,middle
597.2000000000005,center,middle
597.2250000000005,center,middle
597.2500000000006,center,middle
597.2750000000005,center,middle
597.3000000000005,center,center
597.3250000000005,center,center
597.3500000000005,center,center
597.3750000000006,center,middle
597.4000000000005,center,center
597.4250000000005,center,center
597.4500000000005,center,center
597.4750000000005,center,middle
597.5000000000006,center,middle
597.5250000000005,center,middle
597.5500000000005,center,middle
597.5750000000005,center,middle
597.6000000000005,center,center
597.6250000000006,center,center
597.6500000000005,center,center
597.6750000000005,center,center
597.7000000000005,center,middle
597.7250000000005,center,middle
597.7500000000006,center,middle
597.7750000000005,center,middle
597.8000000000005,center,middle
597.8250000000005,center,middle
597.8500000000005,center,middle
597.8750000000006,center,middle
597.9000000000005,center,middle
597.9250000000005,center,middle
597.9500000000005,center,middle
597.9750000000005,center,middle
598.0000000000006,center,middle
598.0250000000005,middle,middle
598.0500000000005,middle,middle
598.0750000000005,middle,middle
598.1000000000005,middle,middle
598.1250000000006,middle,middle
598.1500000000005,middle,middle
598.1750000000005,middle,middle
598.2000000000005,middle,middle
598.2250000000005,middle,middle
598.2500000000006,middle,middle
598.2750000000005,middle,middle
598.3000000000005,middle,middle
598.3250000000005,middle,middle
598.3500000000005,middle,middle
598.3750000000006,middle,middle
598.4000000000005,middle,middle
598.4250000000005,middle,middle
598.4500000000005,middle,middle
598.4750000000005,middle,middle
598.5000000000006,middle,middle
598.5250000000005,middle,middle
598.5500000000005,middle,middle
598.5750000000005,middle,middle
598.6000000000005,middle,middle
598.6250000000006,middle,middle
598.6500000000005,middle,middle
598.6750000000005,middle,middle
598.7000000000005,middle,middle
598.7250000000005,middle,middle
598.7500000000006,middle,middle
598.7750000000005,middle,middle
598.8000000000005,middle,middle
598.8250000000005,middle,middle
598.8500000000005,middle,middle
598.8750000000006,middle,middle
598.9000000000005,middle,middle
598.9250000000005,middle,middle
598.9500000000005,middle,middle
598.9750000000005,middle,middle
599.0000000000006,middle,middle
599.0250000000005,middle,middle
599.0500000000005,middle,middle
599.0750000000005,middle,middle
599.1000000000005,middle,middle
599.1250000000006,middle,middle
599.1500000000005,middle,middle
599.1750000000005,middle,middle
599.2000000000005,middle,middle
599.2250000000005,middle,middle
599.2500000000006,middle,middle
599.2750000000005,middle,near_wall
599.3000000000005,middle,middle
599.3250000000005,middle,middle
599.3500000000005,middle,middle
599.3750000000006,middle,near_wall
599.4000000000005,middle,middle
599.4250000000005,middle,middle
599.4500000000005,middle,middle
599.4750000000005,middle,middle
599.5000000000006,middle,near_wall
599.5250000000005,middle,near_wall
599.5500000000005,middle,near_wall
599.5750000000005,middle,middle
599.6000000000005,middle,middle
599.6250000000006,middle,near_wall
599.6500000000005,middle,near_wall
599.6750000000005,middle,near_wall
599.7000000000005,middle,near_wall
599.7250000000005,middle,middle
599.7500000000006,middle,middle
599.7750000000005,middle,middle
599.8000000000005,middle,middle
599.8250000000005,near_wall,middle
599.8500000000005,near_wall,middle
599.8750000000006,near_wall,middle
599.9000000000005,near_wall,middle
599.9250000000005,near_wall,middle
599.9500000000005,near_wall,middle
599.9750000000005,near_wall,middle
600.0000000000006,near_wall,middle
