time,true,pred
420.1500000000004,5.562637541596899,4.8167493729205635
420.17500000000035,5.644015960386184,4.797857761083864
420.2000000000004,5.644015960386184,4.9085085843615435
420.22500000000036,5.707898521353755,4.88662744226599
420.2500000000004,5.707898521353755,4.7626563897492336
420.2750000000004,5.7490715989308825,5.582806242383311
420.30000000000035,5.7490715989308825,5.582806242383311
420.3250000000004,5.836840054505913,4.784537531844788
420.35000000000036,5.836840054505913,4.784537531844788
420.3750000000004,5.92009558697616,4.784537531844788
420.4000000000004,5.92009558697616,4.858797099335073
420.42500000000035,5.859725864595902,4.858797099335073
420.4500000000004,5.859725864595902,4.868136640787788
420.47500000000036,5.738588749019897,4.808869121056506
420.5000000000004,5.738588749019897,5.1665361912996
420.5250000000004,5.64085917564384,5.09653197814568
420.55000000000035,5.64085917564384,5.154069818486122
420.5750000000004,5.644181564438298,4.489535184287829
420.60000000000036,5.644181564438298,4.479762539195741
420.6250000000004,5.597026659316825,4.508933030238254
420.6500000000004,5.597026659316825,4.799556727394387
420.67500000000035,5.616836314596824,4.758433506977137
420.7000000000004,5.616836314596824,4.604248237828551
420.72500000000036,5.644856536773418,4.601719533432789
420.7500000000004,5.644856536773418,4.643611926512793
420.7750000000004,5.709021994417753,4.690489824246448
420.80000000000035,5.709021994417753,4.707203130501162
420.8250000000004,5.794439005885806,4.718463290219886
420.85000000000036,5.794439005885806,4.649887947405353
420.8750000000004,5.87502254519076,4.630841626263765
420.9000000000004,5.87502254519076,4.630841626263765
420.92500000000035,5.989758335134198,4.595332175132465
420.9500000000004,5.989758335134198,4.595332175132465
420.97500000000036,6.0925535953284395,4.614228895048762
421.0000000000004,6.0925535953284395,4.823112529492462
421.0250000000004,6.150039569652833,4.983974708787013
421.05000000000035,6.150039569652833,4.973323059389982
421.0750000000004,6.114683470832418,4.973323059389982
421.10000000000036,6.114683470832418,9.246715803539033
421.1250000000004,5.984707459167126,7.545083260100683
421.1500000000004,5.984707459167126,7.5075482874715895
421.17500000000035,5.805586777755366,7.489181182636555
421.2000000000004,5.805586777755366,7.677491997008143
421.22500000000036,5.606915207546322,4.991180255707819
421.2500000000004,5.606915207546322,4.969395793829865
421.2750000000004,5.46710664859836,4.982980070879775
421.30000000000035,5.46710664859836,4.675888155615773
421.3250000000004,5.282185280090502,4.549323239344828
421.35000000000036,5.282185280090502,4.549323239344828
421.3750000000004,5.198333424944963,4.481583902812208
421.4000000000004,5.198333424944963,4.060574666489845
421.42500000000035,5.119302667086856,4.0584062929743325
421.4500000000004,5.119302667086856,4.032099495672709
421.47500000000036,5.0949128079026025,4.04221112474531
421.5000000000004,5.0949128079026025,4.004194690108281
421.5250000000004,5.087921168098404,4.0671673076204335
421.55000000000035,5.087921168098404,4.0671673076204335
421.5750000000004,4.906622170899965,4.49266805579802
421.60000000000036,4.906622170899965,4.021957266019264
421.6250000000004,4.7928073576972,3.998178017977287
421.6500000000004,4.7928073576972,4.0518379548076515
421.67500000000035,4.570780084003715,4.043649481888096
421.7000000000004,4.570780084003715,4.0563504550819856
421.72500000000036,4.389134258167886,3.9666599061331937
421.7500000000004,4.389134258167886,5.223623644596877
421.7750000000004,4.252249039259922,10.86591690859705
421.80000000000035,4.252249039259922,5.602797775928234
421.8250000000004,4.197183132720355,8.568350898633287
421.85000000000036,4.197183132720355,8.543801037006975
421.8750000000004,4.2481869784462845,8.353572723380818
421.9000000000004,4.2481869784462845,8.495224807361106
421.92500000000035,4.258099682494816,8.36330753825631
421.9500000000004,4.258099682494816,8.46090159760273
421.97500000000036,4.270898031572784,9.143415496110347
422.0000000000004,4.270898031572784,8.771703222974175
422.0250000000004,4.297553508533113,9.283187668303947
422.05000000000035,4.297553508533113,9.150991673241238
422.0750000000004,4.457137771941305,9.347240617568835
422.10000000000036,4.457137771941305,8.660418184512867
422.1250000000004,4.6717336044394955,8.085215013889183
422.1500000000004,4.6717336044394955,8.195782724159608
422.17500000000035,4.919832422164035,4.57054281519324
422.2000000000004,4.919832422164035,4.2641137384973105
422.22500000000036,5.201563805591505,4.423576869503008
422.2500000000004,5.201563805591505,4.735998168794976
422.2750000000004,5.404821405169841,4.967239165133964
422.30000000000035,5.404821405169841,4.967239165133964
422.3250000000004,5.563039221872685,4.586025528274397
422.35000000000036,5.563039221872685,4.598163744751774
422.3750000000004,5.675039948231955,4.214756037634157
422.4000000000004,5.675039948231955,4.267231655038
422.42500000000035,5.774344278410055,4.249069419056791
422.4500000000004,5.774344278410055,4.255438771716753
422.47500000000036,5.846675140927545,4.274812314461748
422.5000000000004,5.846675140927545,3.931188050481307
422.5250000000004,5.871550717301474,4.106283160170426
422.55000000000035,5.871550717301474,4.348900136534156
422.5750000000004,5.842993686141142,4.661597693130323
422.60000000000036,5.842993686141142,5.076976941942703
422.6250000000004,5.81174821780688,5.059554702545461
422.6500000000004,5.81174821780688,4.873402548856189
422.67500000000035,5.863662250285017,4.772524623976768
422.7000000000004,5.863662250285017,4.770264054730102
422.72500000000036,5.862370636836715,4.85369097723293
422.7500000000004,5.862370636836715,4.7403505110529025
422.7750000000004,5.839595073488439,4.814353154757309
422.80000000000035,5.839595073488439,9.510044442780101
422.8250000000004,5.807989312742322,9.407246041951469
422.85000000000036,5.807989312742322,9.377573249660935
422.8750000000004,5.786427281822284,5.468989802001692
422.9000000000004,5.786427281822284,5.5619936083463974
422.92500000000035,5.833541591593942,6.126979524231248
422.9500000000004,5.833541591593942,6.138965789968958
422.97500000000036,5.869936216777205,4.386141442812256
423.0000000000004,5.869936216777205,4.172463644663732
423.0250000000004,5.957291329003141,4.22052205314744
423.05000000000035,5.957291329003141,4.150203161548962
423.0750000000004,6.091657562083157,4.150203161548962
423.10000000000036,6.091657562083157,4.22052205314744
423.1250000000004,6.2349483248079025,4.207397150603529
423.1500000000004,6.2349483248079025,4.3485112138907605
423.17500000000035,6.402908343417337,4.143941233948503
423.2000000000004,6.402908343417337,4.194187100323279
423.22500000000036,6.71037163505008,4.349520743492944
423.2500000000004,6.71037163505008,4.390465313243714
423.2750000000004,7.01966739625874,4.258346356534711
423.30000000000035,7.01966739625874,4.410591779697829
423.3250000000004,7.420891838550219,4.515706769107769
423.35000000000036,7.420891838550219,4.571151714217007
423.3750000000004,7.51997005303813,4.566128641653308
423.4000000000004,7.51997005303813,4.378163246420734
423.42500000000035,7.16451645839954,4.59638119756181
423.4500000000004,7.16451645839954,4.34717248047159
423.47500000000036,6.73092563756858,4.334931137421329
423.5000000000004,6.73092563756858,4.4976222944838256
423.5250000000004,6.46615473368875,4.011694297110875
423.55000000000035,6.46615473368875,4.068250001219432
423.5750000000004,6.023912246589185,3.9536494608986152
423.60000000000036,6.023912246589185,4.2794603770080935
423.6250000000004,5.847832265447562,3.7736831262796096
423.6500000000004,5.847832265447562,3.8753521539481754
423.67500000000035,5.704654160914096,3.761555426807831
423.7000000000004,5.704654160914096,4.545330683149169
423.72500000000036,5.634661175970771,4.557014027025233
423.7500000000004,5.634661175970771,4.524810426235317
423.7750000000004,5.703173641298132,3.808134099674204
423.80000000000035,5.703173641298132,3.767220232533049
423.8250000000004,5.801096442364092,4.045650325738851
423.85000000000036,5.801096442364092,3.9779566956266597
423.8750000000004,5.863713819215464,3.80275546429001
423.9000000000004,5.863713819215464,3.7450850122664847
423.92500000000035,5.940975369402782,3.8694542270119454
423.9500000000004,5.940975369402782,4.1825878731470985
423.97500000000036,5.9778273876243615,4.1825878731470985
424.0000000000004,5.9778273876243615,4.233080746490571
424.0250000000004,6.0207462528336455,4.363967690399847
424.05000000000035,6.0207462528336455,4.786719761499911
424.0750000000004,6.113115590952583,5.47862957176648
424.10000000000036,6.113115590952583,5.47196709816157
424.1250000000004,6.196203057531192,6.654192666577744
424.1500000000004,6.196203057531192,6.050399558776428
424.17500000000035,6.226471213778263,6.023174013646363
424.2000000000004,6.226471213778263,5.786703244384848
424.22500000000036,6.176645234172885,6.03918229745104
424.2500000000004,6.176645234172885,6.4280225467677665
424.2750000000004,6.038091679226859,6.390891410514332
424.30000000000035,6.038091679226859,7.059354589983713
424.3250000000004,5.9086875783280535,6.924270696477882
424.35000000000036,5.9086875783280535,7.112783600544023
424.3750000000004,5.615668949808961,6.076344946056983
424.4000000000004,5.615668949808961,5.31612545195238
424.42500000000035,5.367689259294998,5.094316583732926
424.4500000000004,5.367689259294998,9.920194706816142
424.47500000000036,5.241312449464672,9.924177465178936
424.5000000000004,5.241312449464672,9.823653665949152
424.5250000000004,5.120290441318168,9.876571510448763
424.55000000000035,5.120290441318168,9.951122576202284
424.5750000000004,5.150522877466075,10.320981973789086
424.60000000000036,5.150522877466075,10.109514438896953
424.6250000000004,5.219320479683659,10.336121918737081
424.6500000000004,5.219320479683659,4.815825564050148
424.67500000000035,5.348743164787047,4.894671029745018
424.7000000000004,5.348743164787047,4.848977441906859
424.72500000000036,5.430725173888422,4.930370591478148
424.7500000000004,5.430725173888422,5.057602824531922
424.7750000000004,5.494665207244067,5.845344008567304
424.80000000000035,5.494665207244067,5.059409830275779
424.8250000000004,5.485794430968888,4.770474271506659
424.85000000000036,5.485794430968888,5.156686177197406
424.8750000000004,5.47922043936103,6.037306285692274
424.9000000000004,5.47922043936103,5.933906887493801
424.92500000000035,5.484651603604361,5.915868458944661
424.9500000000004,5.484651603604361,6.073651646138767
424.97500000000036,5.570484227146917,6.411329491373581
425.0000000000004,5.570484227146917,6.0480083107138025
425.0250000000004,5.5580920186532055,6.013267716690242
425.05000000000035,5.5580920186532055,6.146414582018489
425.0750000000004,5.440941076802758,5.858640586875393
425.10000000000036,5.440941076802758,4.681836353101854
425.1250000000004,5.268574066811786,4.878736225669476
425.1500000000004,5.268574066811786,5.036793796220594
425.17500000000035,5.196985546201322,4.905396469683464
425.2000000000004,5.196985546201322,4.864710808446946
425.22500000000036,5.160753052966493,4.89635926192121
425.2500000000004,5.160753052966493,5.113973862989277
425.2750000000004,5.034483913769522,4.7156251836411505
425.30000000000035,5.034483913769522,4.844173012538303
425.3250000000004,4.973856572105248,4.680752837902184
425.35000000000036,4.973856572105248,4.79520671037791
425.3750000000004,4.927809586430193,5.104155744212091
425.4000000000004,4.927809586430193,4.472688262622423
425.42500000000035,4.901910442521754,4.939724452257062
425.4500000000004,4.901910442521754,4.969950682116005
425.47500000000036,4.830561509562363,4.466106330949707
425.5000000000004,4.830561509562363,4.731933159668224
425.5250000000004,4.892046789072567,4.68111616435556
425.55000000000035,4.892046789072567,4.2581164784739505
425.5750000000004,4.971454125929607,4.374113260884249
425.60000000000036,4.971454125929607,4.523840544533074
425.6250000000004,5.09585925276602,5.09720998859108
425.6500000000004,5.09585925276602,5.836127049625998
425.67500000000035,5.174370299329452,5.895415667516858
425.7000000000004,5.174370299329452,5.955409012696048
425.72500000000036,5.277373261349827,6.028728305864604
425.7500000000004,5.277373261349827,5.914233371227092
425.7750000000004,5.360667596588152,5.277669076242855
425.80000000000035,5.360667596588152,5.387571729375701
425.8250000000004,5.4102280917167365,5.10145011928419
425.85000000000036,5.4102280917167365,5.12617775425558
425.8750000000004,5.48832355292009,4.749061032494144
425.9000000000004,5.48832355292009,5.306480865951925
425.92500000000035,5.537933800855859,5.717182780842968
425.9500000000004,5.537933800855859,5.726875768465573
425.97500000000036,5.536924650695206,5.835465879725491
426.0000000000004,5.536924650695206,5.761623704821123
426.0250000000004,5.387843712637878,6.47485337822535
426.05000000000035,5.387843712637878,6.413315445791551
426.0750000000004,5.181036731139168,6.5380010958667185
426.10000000000036,5.181036731139168,6.6207704179633025
426.1250000000004,4.993193279819716,5.933626877442735
426.1500000000004,4.993193279819716,4.787658983190083
426.17500000000035,4.882924234044359,3.8540516406876963
426.2000000000004,4.882924234044359,3.8148129232924304
426.22500000000036,4.774662638034093,4.244763391250752
426.2500000000004,4.774662638034093,3.8209403493188576
426.2750000000004,4.525731788855623,4.2097158258621254
426.30000000000035,4.525731788855623,4.254657582898947
426.3250000000004,4.216614344686617,4.254657582898947
426.35000000000036,4.216614344686617,4.1495211374655385
426.3750000000004,4.02466634082337,6.3447763274091535
426.4000000000004,4.02466634082337,6.2513707426208
426.42500000000035,3.796230006699343,6.76050313061406
426.4500000000004,3.796230006699343,6.315217642009385
426.47500000000036,3.442332273783841,6.161335871123917
426.5000000000004,3.442332273783841,5.9821577307472635
426.5250000000004,3.18242665803948,5.995721588777708
426.55000000000035,3.18242665803948,5.968923701913477
426.5750000000004,3.1071651264524527,5.833566010819742
426.60000000000036,3.1071651264524527,5.5414176597281335
426.6250000000004,3.022903082909634,5.903045777135883
426.6500000000004,3.022903082909634,5.75377782946824
426.67500000000035,2.862966221267546,5.056035420293593
426.7000000000004,2.862966221267546,4.577366265141867
426.72500000000036,2.6006957187997783,4.336568590330573
426.7500000000004,2.6006957187997783,4.303035867014423
426.7750000000004,2.285913163608518,4.965215719026181
426.80000000000035,2.285913163608518,4.948646890207814
426.8250000000004,1.976439603047568,5.2115284882973745
426.85000000000036,1.976439603047568,5.037571170564706
426.8750000000004,1.7481541539856496,5.062618019587395
426.9000000000004,1.7481541539856496,5.300156459436953
426.92500000000035,1.542090228046244,5.082547235684917
426.9500000000004,1.542090228046244,4.959021788089409
426.97500000000036,1.495045210486504,3.8185434750573153
427.0000000000004,1.495045210486504,3.5656165143218046
427.0250000000004,1.5407689513623066,3.364893415240662
427.05000000000035,1.5407689513623066,3.502326985633087
427.0750000000004,1.7903059215707218,3.481941706644653
427.10000000000036,1.7903059215707218,3.4283142497678067
427.1250000000004,2.1248028294560872,3.517645598066506
427.1500000000004,2.1248028294560872,3.1768029023948454
427.17500000000035,2.1852747653829856,3.4877953851634995
427.2000000000004,2.1852747653829856,3.255875581949167
427.22500000000036,2.092893053829702,3.248843095091756
427.2500000000004,2.092893053829702,3.766102235636099
427.2750000000004,2.2040072485762194,4.121068936009704
427.30000000000035,2.2040072485762194,4.176823030711549
427.3250000000004,2.4713903350159083,3.199506301928376
427.35000000000036,2.4713903350159083,3.0550193456598524
427.3750000000004,2.7493141530962446,3.1886876782954983
427.4000000000004,2.7493141530962446,3.1252950647574935
427.42500000000035,2.890522971063518,3.1707386297754696
427.4500000000004,2.890522971063518,3.240188954541873
427.47500000000036,3.110100474154848,3.2301313805314593
427.5000000000004,3.110100474154848,3.233233025490868
427.5250000000004,3.1144527743139787,3.217670971586464
427.55000000000035,3.1144527743139787,3.728945892172707
427.5750000000004,2.9863274101747312,3.7127243828965213
427.60000000000036,2.9863274101747312,3.5712725346725396
427.6250000000004,2.934680784364985,3.5326856041719172
427.6500000000004,2.934680784364985,3.2076885209518524
427.67500000000035,2.762364294365553,3.214724816486394
427.7000000000004,2.762364294365553,3.0067627104586383
427.72500000000036,2.891652037270313,3.0067627104586383
427.7500000000004,2.891652037270313,2.956241478875932
427.7750000000004,2.841861449950871,5.069418091261861
427.80000000000035,2.841861449950871,5.096412572556679
427.8250000000004,2.9140426350474424,5.2973878942965635
427.85000000000036,2.9140426350474424,5.230004492292665
427.8750000000004,2.90819587824751,4.9974118428580105
427.9000000000004,2.90819587824751,5.043313806011935
427.92500000000035,2.9910140157502365,5.082076348266015
427.9500000000004,2.9910140157502365,4.601480315013907
427.97500000000036,2.9891414718945546,4.591774134309655
428.0000000000004,2.9891414718945546,5.449929449833189
428.0250000000004,3.101454540130368,5.206835593652171
428.05000000000035,3.101454540130368,4.400526105022414
428.0750000000004,3.2760304979453174,4.410732121312503
428.10000000000036,3.2760304979453174,4.932331039746695
428.1250000000004,3.515044075950507,9.891649071390995
428.1500000000004,3.515044075950507,9.736943639939692
428.17500000000035,3.6823929101928528,10.675612296888014
428.2000000000004,3.6823929101928528,11.047192945536029
428.22500000000036,3.806312424689404,10.975550735869106
428.2500000000004,3.806312424689404,9.872993661461841
428.2750000000004,3.8068030480164072,5.376041684812496
428.30000000000035,3.8068030480164072,5.455721319398407
428.3250000000004,3.7152803703656505,5.55950230329905
428.35000000000036,3.7152803703656505,5.4271957865664895
428.3750000000004,3.723461226246943,5.424700683071378
428.4000000000004,3.723461226246943,6.180360411088794
428.42500000000035,3.7908532932263976,5.807669061999008
428.4500000000004,3.7908532932263976,5.96238066775314
428.47500000000036,3.810643673330425,6.569699431741825
428.5000000000004,3.810643673330425,6.263425506987813
428.5250000000004,3.792441412844041,5.934910490488527
428.55000000000035,3.792441412844041,7.001012319477053
428.5750000000004,3.688969301164888,6.6970836514055225
428.60000000000036,3.688969301164888,6.774384265164725
428.6250000000004,3.412729282553647,6.499143465480004
428.6500000000004,3.412729282553647,5.583580705721495
428.67500000000035,3.320132038400656,5.4242880860298275
428.7000000000004,3.320132038400656,5.161170545599954
428.72500000000036,3.16307121349678,5.198600856605333
428.7500000000004,3.16307121349678,5.333474692456545
428.7750000000004,2.902800720890052,5.566489834853525
428.80000000000035,2.902800720890052,5.554984295510926
428.8250000000004,2.5202873631806697,5.746983616063406
428.85000000000036,2.5202873631806697,5.878746096549081
428.8750000000004,2.250713721781303,5.462471511233229
428.9000000000004,2.250713721781303,5.445183731383083
428.92500000000035,2.2303812623367985,5.390923092645328
428.9500000000004,2.2303812623367985,5.684647676369537
428.97500000000036,2.1240071024591995,5.667639343748805
429.0000000000004,2.1240071024591995,5.805587833618747
429.0250000000004,2.0864361050915465,6.1688537873917815
429.05000000000035,2.0864361050915465,6.0246281264571975
429.0750000000004,2.094528214819116,5.37960894209545
429.10000000000036,2.094528214819116,5.695019271605555
429.1250000000004,2.1636483742221446,5.885164675098446
429.1500000000004,2.1636483742221446,5.842433886237582
429.17500000000035,2.220495572169736,5.7478814306577934
429.2000000000004,2.220495572169736,5.730828329760473
429.22500000000036,2.288873060351692,4.887066588246487
429.2500000000004,2.288873060351692,3.6304142393754266
429.2750000000004,2.469634204261492,8.672120121947977
429.3000000000004,2.469634204261492,9.095033004449563
429.3250000000004,2.7122187270038607,3.171199177727597
429.35000000000036,2.7122187270038607,3.1535962950500784
429.3750000000004,2.927875117333746,3.1290167892377876
429.4000000000004,2.927875117333746,3.3569850066726645
429.4250000000004,2.916122616514628,3.4463250023608816
429.4500000000004,2.916122616514628,3.7798188034056586
429.47500000000036,2.961925743293237,3.675505510311848
429.5000000000004,2.961925743293237,3.5912853875101685
429.5250000000004,3.0040707614028843,3.726436443186015
429.5500000000004,3.0040707614028843,3.638129688740252
429.5750000000004,3.137598797330904,3.698969198738628
429.60000000000036,3.137598797330904,3.614749075936948
429.6250000000004,3.3595466474352347,4.670666131650142
429.6500000000004,3.3595466474352347,4.53326431953923
429.6750000000004,3.5848205954632166,4.021760092111837
429.7000000000004,3.5848205954632166,4.053432550241514
429.72500000000036,3.8238068828775287,4.284909170698724
429.7500000000004,3.8238068828775287,4.368096481219301
429.7750000000004,3.902835226546114,4.626797373065
429.8000000000004,3.902835226546114,4.572603981889588
429.8250000000004,3.8583284204959134,5.070166969413891
429.85000000000036,3.8583284204959134,4.9984444716704255
429.8750000000004,3.708753102563776,5.094337508296617
429.9000000000004,3.708753102563776,5.1217631941294055
429.9250000000004,3.6567899324280257,5.7533966783370865
429.9500000000004,3.6567899324280257,5.736918824620553
429.97500000000036,3.55026308320781,5.785893521879739
430.0000000000004,3.55026308320781,5.793038011527215
430.0250000000004,3.550863069973638,6.016572061863872
430.0500000000004,3.550863069973638,6.039746137833326
430.0750000000004,3.463382485091733,6.309499159209926
430.10000000000036,3.463382485091733,6.488530388997123
430.1250000000004,3.379409151711417,6.490713812451751
430.1500000000004,3.379409151711417,6.68795667935205
430.1750000000004,3.344230385197141,6.717321651518838
430.2000000000004,3.344230385197141,6.751903362911257
430.22500000000036,3.322488248953031,6.703575199873566
430.2500000000004,3.322488248953031,7.280392386392769
430.2750000000004,3.3550260525947,6.496060465831668
430.3000000000004,3.3550260525947,7.426421442243892
430.3250000000004,3.4268406354852203,7.235714286962912
430.35000000000036,3.4268406354852203,7.279675061295396
430.3750000000004,3.2927654880866823,6.209630772055065
430.4000000000004,3.2927654880866823,6.225660892679227
430.4250000000004,3.128330581358064,7.565872145308007
430.4500000000004,3.128330581358064,8.038635047315319
430.47500000000036,3.0747429309315324,8.309145385302452
430.5000000000004,3.0747429309315324,8.341386187827753
430.5250000000004,3.0785448334683814,8.293527253257254
430.5500000000004,3.0785448334683814,8.302562284672398
430.5750000000004,3.0253142457549997,8.171181313856577
430.60000000000036,3.0253142457549997,8.102650164431362
430.6250000000004,2.77954610828014,8.092746491618655
430.6500000000004,2.77954610828014,8.126807263510273
430.6750000000004,2.2529387782015133,7.373040088289421
430.7000000000004,2.2529387782015133,7.170416488362328
430.72500000000036,2.059661522437426,7.300735213318594
430.7500000000004,2.059661522437426,7.16236352296506
430.7750000000004,1.980167652247092,7.589421424135859
430.8000000000004,1.980167652247092,7.132266029855503
430.8250000000004,1.946077191645545,7.932053221323677
430.85000000000036,1.946077191645545,8.007542899077873
430.8750000000004,1.8698847199230897,7.244990555713429
430.9000000000004,1.8698847199230897,7.727511581726912
430.9250000000004,1.7873962328708477,7.929392700373154
430.9500000000004,1.7873962328708477,7.859570239356682
430.97500000000036,1.4876727165602368,7.218801165976479
431.0000000000004,1.4876727165602368,7.430718714609399
431.0250000000004,1.406376574789637,7.55774982637934
431.0500000000004,1.406376574789637,8.130621812207345
431.0750000000004,1.6594230006047077,8.239316389329327
431.10000000000036,1.6594230006047077,6.801173917529481
431.1250000000004,1.926988364330658,7.816545095173801
431.1500000000004,1.926988364330658,6.925651666763783
431.1750000000004,2.242172785790651,7.719748580432431
431.2000000000004,2.242172785790651,7.752412739741273
431.22500000000036,2.418171933466604,8.326978234516774
431.2500000000004,2.418171933466604,8.141785823287144
431.2750000000004,2.458547955442952,7.981573453947053
431.3000000000004,2.458547955442952,7.660204467437953
431.3250000000004,2.594519958867429,7.775175163324488
431.35000000000036,2.594519958867429,6.327007808898694
431.3750000000004,2.6800740807053534,7.536304522061427
431.4000000000004,2.6800740807053534,6.864234112199291
431.4250000000004,2.8837575206506387,5.751976308214567
431.4500000000004,2.8837575206506387,5.57192504742191
431.47500000000036,3.043647239038935,5.7484033095003095
431.5000000000004,3.043647239038935,5.697467097340977
431.5250000000004,3.129005123696514,7.770141866435283
431.5500000000004,3.129005123696514,7.854454072272888
431.5750000000004,3.1131100480495144,8.17550149494141
431.60000000000036,3.1131100480495144,7.596011296707546
431.6250000000004,3.2841409283908085,8.355764709516095
431.6500000000004,3.2841409283908085,8.464890090090144
431.6750000000004,3.333990968900644,8.398548707124824
431.7000000000004,3.333990968900644,8.18231544861014
431.72500000000036,3.332001979115852,7.3790570735699825
431.7500000000004,3.332001979115852,7.220744285555882
431.7750000000004,3.4367607009492174,6.720305469606773
431.8000000000004,3.4367607009492174,6.763961528450942
431.8250000000004,3.590583600137653,6.495125144991359
431.85000000000036,3.590583600137653,7.7518236755445376
431.8750000000004,3.699430603478298,4.618409140213135
431.9000000000004,3.699430603478298,3.8044724465937025
431.9250000000004,3.6112311420102814,3.912631498656061
431.9500000000004,3.6112311420102814,3.8156409721722935
431.97500000000036,3.302662070062357,4.410131773163663
432.0000000000004,3.302662070062357,4.390686253566176
432.0250000000004,3.166764963671391,4.919501606304036
432.0500000000004,3.166764963671391,4.924588929920851
432.0750000000004,2.9090439131765624,4.884164776630349
432.10000000000036,2.9090439131765624,4.884164776630349
432.1250000000004,2.60398683412575,4.874401299545968
432.1500000000004,2.60398683412575,4.893805307330779
432.1750000000004,2.570745851591887,4.9321017223897625
432.2000000000004,2.570745851591887,4.920070174232664
432.22500000000036,2.6012154717568863,4.9340302611687
432.2500000000004,2.6012154717568863,4.942101684483015
432.2750000000004,2.715330799181083,5.529874967708126
432.3000000000004,2.715330799181083,5.609981578661149
432.3250000000004,2.844915249360625,6.397487349036193
432.35000000000036,2.844915249360625,6.375870561391651
432.3750000000004,2.9652793549522336,5.756844367008297
432.4000000000004,2.9652793549522336,5.818703881503711
432.4250000000004,2.962922687906321,6.535859191930672
432.4500000000004,2.962922687906321,6.259685372121774
432.47500000000036,2.843013822694507,6.16013802368447
432.5000000000004,2.843013822694507,6.204606753447374
432.5250000000004,2.6861712942210616,5.384592411813877
432.5500000000004,2.6861712942210616,6.500759825363624
432.5750000000004,2.601628584554447,6.239657214324909
432.60000000000036,2.601628584554447,6.3308074078811645
432.6250000000004,2.600760114550383,4.773807842384562
432.6500000000004,2.600760114550383,4.983957845528547
432.6750000000004,2.570356907117183,5.066021744769635
432.7000000000004,2.570356907117183,5.029371925336726
432.72500000000036,2.743480823765157,10.474362594736519
432.7500000000004,2.743480823765157,10.47963515533061
432.7750000000004,2.8772505045161543,10.25026975002288
432.8000000000004,2.8772505045161543,10.722884011397994
432.8250000000004,3.0236114702147607,8.213228230633192
432.85000000000036,3.0236114702147607,8.395329355853288
432.8750000000004,2.9972933812089866,8.042715984934098
432.9000000000004,2.9972933812089866,8.014592264482143
432.9250000000004,2.8651672631562057,8.070301308120744
432.9500000000004,2.8651672631562057,7.121220910285049
432.97500000000036,2.543459111610669,7.450747363678491
433.0000000000004,2.543459111610669,6.678066836276166
433.0250000000004,2.091484755003266,6.299646182719443
433.0500000000004,2.091484755003266,5.6245210914142705
433.0750000000004,1.8285037439544256,5.171902569937654
433.10000000000036,1.8285037439544256,4.900014240350362
433.1250000000004,1.8104496195012283,4.4232091255155925
433.1500000000004,1.8104496195012283,5.466336392462848
433.1750000000004,1.8970560056897967,5.875538646229948
433.2000000000004,1.8970560056897967,5.547222279641628
433.22500000000036,2.0477902588285986,4.180384528574492
433.2500000000004,2.0477902588285986,4.1964157232927315
433.2750000000004,2.0600607914838664,4.5958489765367165
433.3000000000004,2.0600607914838664,4.540148123368023
433.3250000000004,2.182765502192832,4.669626402670051
433.35000000000036,2.182765502192832,4.71035068885178
433.3750000000004,2.2930812205039,4.561930097592003
433.4000000000004,2.2930812205039,4.495943192114012
433.4250000000004,2.4472934362133776,4.746030721321232
433.4500000000004,2.4472934362133776,4.757577018029848
433.47500000000036,2.371824380690628,3.4505534803685634
433.5000000000004,2.371824380690628,3.4582222890907177
433.5250000000004,2.195214321009714,3.4784208792520075
433.5500000000004,2.195214321009714,3.0688712847708732
433.5750000000004,2.271687798225401,3.080348332610849
433.60000000000036,2.271687798225401,3.331300139785168
433.6250000000004,2.3176395503148446,3.1339215269087743
433.6500000000004,2.3176395503148446,3.1448524420122506
433.6750000000004,2.258995811414476,3.2566145434597886
433.7000000000004,2.258995811414476,3.2490091653421813
433.72500000000036,2.432650886490587,3.2977304135354855
433.7500000000004,2.432650886490587,3.357460611524893
433.7750000000004,2.7005830510305704,3.3393333648582986
433.8000000000004,2.7005830510305704,3.1693617802415712
433.8250000000004,2.9455502773844584,2.954456567878324
433.85000000000036,2.9455502773844584,3.00438627393106
433.8750000000004,3.3282642781268,4.137778589695062
433.9000000000004,3.3282642781268,4.197014725091221
433.9250000000004,3.7348877622187615,3.285063822978263
433.9500000000004,3.7348877622187615,3.146803125153155
433.97500000000036,3.97279418790131,3.538518053613728
434.0000000000004,3.97279418790131,3.497361314139041
434.0250000000004,4.106069242827696,3.4276177478629366
434.0500000000004,4.106069242827696,3.895511290585542
434.0750000000004,4.140000207786687,4.1719887408380085
434.10000000000036,4.140000207786687,4.028484417489352
434.1250000000004,3.968717591611172,7.036679544405224
434.1500000000004,3.968717591611172,4.836733885006819
434.1750000000004,3.786627847948104,7.910644179791484
434.2000000000004,3.786627847948104,7.9017386312394455
434.22500000000036,3.637727715607338,7.352545922274958
434.2500000000004,3.637727715607338,7.663702241847741
434.2750000000004,3.680435981169318,6.71649279172637
434.3000000000004,3.680435981169318,7.507898640723493
434.3250000000004,3.76465904083942,7.624832422047839
434.35000000000036,3.76465904083942,7.817635541379459
434.3750000000004,3.852638230759012,7.712414182824415
434.4000000000004,3.852638230759012,7.721835739596774
434.4250000000004,3.820919000005276,9.432273005600806
434.4500000000004,3.820919000005276,9.36361555645444
434.47500000000036,3.781058967819139,7.127850336282794
434.5000000000004,3.781058967819139,6.430509242321442
434.5250000000004,3.8625139291518846,6.742570775742532
434.5500000000004,3.8625139291518846,6.2586803119132135
434.5750000000004,3.989345082818437,6.52995431889858
434.60000000000036,3.989345082818437,6.283615981737017
434.6250000000004,4.003546019702768,6.069386755369821
434.6500000000004,4.003546019702768,5.6345570065550055
434.6750000000004,4.237035274774531,5.674943526903646
434.7000000000004,4.237035274774531,5.693849088621746
434.72500000000036,4.429669041690431,5.666957405524027
434.7500000000004,4.429669041690431,5.723153513837499
434.7750000000004,4.575050666915666,5.758083703897382
434.8000000000004,4.575050666915666,5.991234508027844
434.8250000000004,4.705816737788578,6.138474737708477
434.85000000000036,4.705816737788578,4.780230015634967
434.8750000000004,4.805851591696508,6.024329195621471
434.9000000000004,4.805851591696508,6.023901885136195
434.9250000000004,4.874757947059276,5.63415645573891
434.9500000000004,4.874757947059276,5.615270065786246
434.97500000000036,4.9020121036772775,5.675078714988652
435.0000000000004,4.9020121036772775,5.584556949821544
435.0250000000004,4.929086515419115,5.615927082929525
435.0500000000004,4.929086515419115,5.529299933419591
435.0750000000004,4.935421783270784,5.614356720041595
435.10000000000036,4.935421783270784,5.587003644009388
435.1250000000004,4.973894424828719,5.587003644009388
435.1500000000004,4.973894424828719,5.578697118322649
435.1750000000004,4.834461352966912,5.148282634599636
435.2000000000004,4.834461352966912,5.148282634599636
435.22500000000036,4.808168009165059,5.147244506056041
435.2500000000004,4.808168009165059,5.147244506056041
435.2750000000004,4.8264990596161415,5.041638398483453
435.3000000000004,4.8264990596161415,5.038064909954551
435.3250000000004,4.905159642029014,4.9545041783457755
435.35000000000036,4.905159642029014,5.047179048187231
435.3750000000004,4.921685048199183,5.161502964544917
435.4000000000004,4.921685048199183,5.161502964544917
435.4250000000004,4.98740211321562,5.017485939659022
435.4500000000004,4.98740211321562,5.017485939659022
435.47500000000036,4.923735922183135,4.966668944346358
435.5000000000004,4.923735922183135,5.161695101922707
435.5250000000004,4.75123212911424,3.714307044116432
435.5500000000004,4.75123212911424,3.714307044116432
435.5750000000004,4.7376060789957,3.7823603734121445
435.60000000000036,4.7376060789957,3.7823603734121445
435.6250000000004,4.729528345474485,3.7977738473498612
435.6500000000004,4.729528345474485,3.794087897738669
435.6750000000004,4.762428631065965,4.779614928567178
435.7000000000004,4.762428631065965,5.5573787074657375
435.72500000000036,4.830821827281907,5.546438404238071
435.7500000000004,4.830821827281907,4.741220533539922
435.7750000000004,4.988285245882949,4.710337032513831
435.8000000000004,4.988285245882949,4.9640054480843725
435.8250000000004,5.145012536109592,5.593235751443148
435.85000000000036,5.145012536109592,5.639516979001095
435.8750000000004,5.25559448493162,5.864806579712518
435.9000000000004,5.25559448493162,5.864806579712518
435.9250000000004,5.38645894980656,6.798114373437963
435.9500000000004,5.38645894980656,6.79087249414777
435.97500000000036,5.547770147210704,6.553273355265539
436.0000000000004,5.547770147210704,6.940716534922953
436.0250000000004,5.73182246187875,6.781846992005037
436.0500000000004,5.73182246187875,6.855394313376316
436.0750000000004,5.927443717519131,6.8066703657136625
436.10000000000036,5.927443717519131,6.817029991563093
436.1250000000004,6.135860516580311,6.976581477516036
436.1500000000004,6.135860516580311,6.793872903874617
436.1750000000004,6.313613939562471,6.963208717704592
436.2000000000004,6.313613939562471,7.042003675570856
436.22500000000036,6.480488569971418,6.860179160920245
436.2500000000004,6.480488569971418,6.894821147030392
436.2750000000004,6.626843509861967,7.109747472795931
436.3000000000004,6.626843509861967,7.294130898039415
436.3250000000004,6.756540593946523,7.495823514161254
436.35000000000036,6.756540593946523,5.901937744686586
436.3750000000004,6.92974877482375,5.237890003051341
436.4000000000004,6.92974877482375,5.413529250232946
436.4250000000004,7.111861272640104,4.48373216139884
436.4500000000004,7.111861272640104,4.930326523879696
436.47500000000036,7.289807639586626,5.094409215051619
436.5000000000004,7.289807639586626,6.396399006997166
436.5250000000004,7.5149015728060835,7.636397685087505
436.5500000000004,7.5149015728060835,7.816171159406309
436.5750000000004,7.633331591635489,8.679675866490259
436.60000000000036,7.633331591635489,5.293539227120727
436.6250000000004,7.683358946799895,5.293539227120727
436.6500000000004,7.683358946799895,5.576438311565148
436.6750000000004,7.754903862721757,5.832198418986221
436.7000000000004,7.754903862721757,6.909923305502738
436.72500000000036,7.840355212714199,6.849663023025456
436.7500000000004,7.840355212714199,6.540176762862254
436.7750000000004,7.96493878748277,6.408400219128444
436.8000000000004,7.96493878748277,9.523720428314206
436.8250000000004,8.081195302886476,9.526724099931704
436.85000000000036,8.081195302886476,9.609453892088025
436.8750000000004,8.227738244402806,7.542317734452517
436.9000000000004,8.227738244402806,6.876588467342674
436.9250000000004,8.333099988313183,10.774548289133092
436.9500000000004,8.333099988313183,10.560036966365308
436.97500000000036,8.436324834365134,10.912352235560695
437.0000000000004,8.436324834365134,10.90154720902722
437.0250000000004,8.600291607671197,10.639110008569762
437.0500000000004,8.600291607671197,9.958070104671519
437.0750000000004,8.698221054699715,9.72886100893345
437.10000000000036,8.698221054699715,9.73274399867664
437.1250000000004,8.786780995492578,10.219914239603346
437.1500000000004,8.786780995492578,7.996829799122053
437.1750000000004,8.89511792691205,8.002234901912988
437.2000000000004,8.89511792691205,7.761985434084411
437.22500000000036,9.022634621898945,7.8141807428490235
437.2500000000004,9.022634621898945,7.7729276827293265
437.2750000000004,9.167089931135129,7.811285548711577
437.3000000000004,9.167089931135129,7.26618028505585
437.3250000000004,9.392982176435993,6.537921219123981
437.35000000000036,9.392982176435993,6.914026598166735
437.3750000000004,9.66313459632496,6.846810565775723
437.4000000000004,9.66313459632496,6.846810565775723
437.4250000000004,10.217908834167162,6.91438415866924
437.4500000000004,10.217908834167162,6.598794233993316
437.47500000000036,10.606215742795364,6.121070118655507
437.5000000000004,10.606215742795364,6.377522732425108
437.5250000000004,11.037455877544083,6.611990177459472
437.5500000000004,11.037455877544083,6.6021657181706885
437.5750000000004,11.44571008743278,6.536369963162748
437.60000000000036,11.44571008743278,7.2457375645143385
437.6250000000004,11.755199785730564,6.672962497029968
437.6500000000004,11.755199785730564,7.443077471571761
437.6750000000004,12.168509683093369,7.80337310433369
437.7000000000004,12.168509683093369,10.998905930766513
437.72500000000036,12.667956801909028,10.722658556214174
437.7500000000004,12.667956801909028,12.233747569438654
437.7750000000004,13.388696012938915,12.344170974645191
437.8000000000004,13.388696012938915,12.115205198573129
437.8250000000004,14.05486526361587,12.1904500090935
437.85000000000036,14.05486526361587,12.088724732289936
437.8750000000004,14.557711281545616,21.213671087203046
437.9000000000004,14.557711281545616,21.547607651930733
437.9250000000004,15.175219351491162,20.930996180400143
437.9500000000004,15.175219351491162,21.00092290480102
437.97500000000036,15.71810024780443,21.13014561671814
438.0000000000004,15.71810024780443,21.797561093063514
438.0250000000004,16.198467172805604,22.241992317965487
438.0500000000004,16.198467172805604,22.646058453341723
438.0750000000004,16.712810032511054,22.620362437304006
438.10000000000036,16.712810032511054,21.33147987649215
438.1250000000004,17.26611187670249,21.098982426387465
438.1500000000004,17.26611187670249,20.986675723937662
438.1750000000004,17.766175109856597,21.850762988834457
438.2000000000004,17.766175109856597,21.47616078080773
438.22500000000036,18.35522951269041,21.42340909014576
438.2500000000004,18.35522951269041,19.40465182307406
438.2750000000004,18.74168788527821,19.333268196477306
438.3000000000004,18.74168788527821,19.489231712365548
438.3250000000004,19.09547259374424,20.429075898346092
438.35000000000036,19.09547259374424,20.069520552762313
438.3750000000004,19.35634245678456,20.25575029849723
438.4000000000004,19.35634245678456,21.365920113802122
438.4250000000004,19.560337269573218,22.975201520511263
438.4500000000004,19.560337269573218,23.252085409256743
438.47500000000036,19.792714220085895,22.8150818557497
438.5000000000004,19.792714220085895,22.90959668325451
438.5250000000004,20.047446659053502,23.07330195728189
438.5500000000004,20.047446659053502,10.704642214280373
438.5750000000004,20.440176148703788,11.295386476411919
438.60000000000036,20.440176148703788,11.356449506454467
438.6250000000004,20.782521841641483,11.648466075170244
438.6500000000004,20.782521841641483,11.29288063861949
438.6750000000004,20.930600062524963,17.627696344131344
438.7000000000004,20.930600062524963,12.71165290046175
438.72500000000036,21.13960986915964,12.038272302551798
438.7500000000004,21.13960986915964,12.506818011762284
438.7750000000004,21.573677164996305,11.694103003073556
438.8000000000004,21.573677164996305,12.846083877015937
438.8250000000004,21.999620927201622,12.89732874502729
438.85000000000036,21.999620927201622,12.876849177344289
438.8750000000004,22.27298842473192,12.855358069227542
438.9000000000004,22.27298842473192,13.399063267328966
438.9250000000004,21.5608400219038,10.172815325937819
438.9500000000004,21.5608400219038,10.104803642980668
438.97500000000036,20.983530556750978,10.08138656127923
439.0000000000004,20.983530556750978,9.882172226136072
439.0250000000004,20.510479141967423,8.31284549128665
439.0500000000004,20.510479141967423,13.594210912784831
439.0750000000004,19.911481693021855,13.953384309518745
439.10000000000036,19.911481693021855,14.12126948908857
439.1250000000004,19.26122887386073,13.656326592114908
439.1500000000004,19.26122887386073,13.075195179626828
439.1750000000004,18.633293559376924,12.970707683686662
439.2000000000004,18.633293559376924,14.280019970948501
439.22500000000036,17.9853743314043,13.804775007310914
439.2500000000004,17.9853743314043,13.13667305992943
439.2750000000004,17.331021230526176,13.679362140726441
439.3000000000004,17.331021230526176,14.402760485302995
439.3250000000004,16.784898581556575,13.09102334025647
439.35000000000036,16.784898581556575,10.243166178742934
439.3750000000004,16.049509831686862,8.955223080136602
439.4000000000004,16.049509831686862,10.234743704638452
439.4250000000004,15.225796159868196,10.517649903154274
439.4500000000004,15.225796159868196,10.68189629496776
439.47500000000036,14.451272581109933,11.901551592850208
439.5000000000004,14.451272581109933,12.387115722954475
439.5250000000004,13.756737097867102,12.62418121842335
439.5500000000004,13.756737097867102,12.41412147101729
439.5750000000004,13.050746739478399,11.024934169675868
439.60000000000036,13.050746739478399,8.159705824247936
439.6250000000004,12.338854920530622,7.440512726684292
439.6500000000004,12.338854920530622,6.843254040541151
439.6750000000004,11.593951560473187,6.680435025480754
439.7000000000004,11.593951560473187,6.562453917810584
439.72500000000036,10.947718523401889,8.19165075893723
439.7500000000004,10.947718523401889,8.46355883425935
439.7750000000004,10.36353911726927,9.189159845279697
439.8000000000004,10.36353911726927,9.371134155802128
439.8250000000004,9.888957114118881,8.56863692137213
439.85000000000036,9.888957114118881,8.597916641445856
439.8750000000004,9.485720412205964,8.615870369693289
439.9000000000004,9.485720412205964,5.247405522064553
439.9250000000004,8.976663418858294,5.296831885443649
439.9500000000004,8.976663418858294,5.276602446178243
439.97500000000036,8.455544699471247,6.2634595841004
440.0000000000004,8.455544699471247,7.140239867695277
440.0250000000004,7.903328864093055,7.593074365220534
440.0500000000004,7.903328864093055,7.76158812609998
440.0750000000004,7.297713114820681,7.896622794021352
440.10000000000036,7.297713114820681,7.073172668493426
440.1250000000004,6.654224807856025,4.6924282516986695
440.1500000000004,6.654224807856025,4.001639810473791
440.1750000000004,6.079973797669638,4.022240657364559
440.2000000000004,6.079973797669638,3.8953477655915196
440.22500000000036,5.660286941700278,4.042119121045982
440.2500000000004,5.660286941700278,4.2173060455493525
440.2750000000004,5.319077326409285,4.078451270709165
440.3000000000004,5.319077326409285,4.978018945735864
440.3250000000004,5.028793572953077,5.392457220855242
440.35000000000036,5.028793572953077,5.6584468984851775
440.3750000000004,4.820557611780501,5.526911705400328
440.4000000000004,4.820557611780501,4.3870960338219325
440.4250000000004,4.549259816923765,4.379456264304003
440.4500000000004,4.549259816923765,4.270768805054526
440.47500000000036,4.217308553372646,4.270768805054526
440.5000000000004,4.217308553372646,4.200970864334009
440.5250000000004,3.8387160975107975,3.8254547482472447
440.5500000000004,3.8387160975107975,5.552766543779151
440.5750000000004,3.6764003503782448,5.183300459071285
440.60000000000036,3.6764003503782448,3.987662381349466
440.6250000000004,3.625228346129319,4.097589298224362
440.6500000000004,3.625228346129319,6.852081621668633
440.6750000000004,3.698801636511078,8.380709110829907
440.7000000000004,3.698801636511078,8.230985838641823
440.72500000000036,3.779419742798183,8.126338267932859
440.7500000000004,3.779419742798183,6.862298269483517
440.7750000000004,3.8623282584200354,8.172072553237834
440.8000000000004,3.8623282584200354,8.016764193602562
440.8250000000004,4.038333448136484,5.675762371513631
440.85000000000036,4.038333448136484,5.841137566906374
440.8750000000004,4.2648804294783815,4.274332019063289
440.9000000000004,4.2648804294783815,4.357534150721133
440.9250000000004,4.506824359986595,6.074137667802381
440.9500000000004,4.506824359986595,5.148601595042353
440.97500000000036,4.719138192125243,5.324981722271344
441.0000000000004,4.719138192125243,4.636930652154818
441.0250000000004,4.886643978580295,4.347011619736208
441.0500000000004,4.886643978580295,4.1475120529921705
441.0750000000004,5.0279313510703645,4.147868380836268
441.10000000000036,5.0279313510703645,4.307589236369534
441.1250000000004,5.198545714597159,4.938740548356614
441.1500000000004,5.198545714597159,5.031541816845198
441.1750000000004,5.339894589677954,5.101281565684621
441.2000000000004,5.339894589677954,4.8410608312657875
441.22500000000036,5.449491830836834,4.999708164456805
441.2500000000004,5.449491830836834,4.950313501120335
441.2750000000004,5.569633489130183,5.740195052607178
441.3000000000004,5.569633489130183,5.844728712835589
441.3250000000004,5.69261422687002,6.08753866750422
441.35000000000036,5.69261422687002,6.531908791119734
441.3750000000004,5.8241872092316385,6.285372522875086
441.4000000000004,5.8241872092316385,4.38456422838345
441.4250000000004,5.9452187041199664,5.096175853354387
441.4500000000004,5.9452187041199664,4.955006529649715
441.47500000000036,6.04668801718266,4.957949103485781
441.5000000000004,6.04668801718266,4.799625203591354
441.5250000000004,6.1255229798859006,5.1619137402470665
441.5500000000004,6.1255229798859006,4.935358121813216
441.5750000000004,6.17734412632754,4.709181726655037
441.60000000000036,6.17734412632754,5.171569403630905
441.6250000000004,6.165256786958963,5.009369785716695
441.6500000000004,6.165256786958963,5.007896649709797
441.6750000000004,6.167372802111686,4.906362865601065
441.7000000000004,6.167372802111686,4.701601414707686
441.72500000000036,6.240775767228797,4.734370444413096
441.7500000000004,6.240775767228797,4.690077468783287
441.7750000000004,6.357631154873005,4.667545459198449
441.8000000000004,6.357631154873005,4.810505161897996
441.8250000000004,6.530479485680161,4.978605754146306
441.85000000000036,6.530479485680161,4.525750054983999
441.8750000000004,6.672745987743923,4.301444061493203
441.9000000000004,6.672745987743923,4.309364239502395
441.9250000000004,6.832155460395839,4.282088951226445
441.9500000000004,6.832155460395839,4.169147671787795
441.97500000000036,6.972224247383323,4.238858751237074
442.0000000000004,6.972224247383323,4.3125407861165135
442.0250000000004,7.175503087095123,4.50674427542221
442.0500000000004,7.175503087095123,5.576427021781694
442.0750000000004,7.3535687496669055,5.473521964815609
442.10000000000036,7.3535687496669055,11.460596079459208
442.1250000000004,7.52836743350268,11.262616380957649
442.1500000000004,7.52836743350268,12.502160644913031
442.1750000000004,7.724095457507687,5.632619005355865
442.2000000000004,7.724095457507687,5.848716804820753
442.2250000000004,7.9464189395584555,5.84649892416628
442.2500000000004,7.9464189395584555,6.266471018734233
442.2750000000004,8.203987144459603,6.168804254545554
442.3000000000004,8.203987144459603,5.385390417365182
442.3250000000004,8.402448449938959,5.5142837798230095
442.3500000000004,8.402448449938959,5.499246695613793
442.3750000000004,8.587223861596144,5.122541877945521
442.4000000000004,8.587223861596144,5.525566235906862
442.4250000000004,8.807213931916081,6.043597784412641
442.4500000000004,8.807213931916081,5.102234045911576
442.4750000000004,8.98709912166116,5.169238131711996
442.5000000000004,8.98709912166116,4.9616081268676435
442.5250000000004,9.235902171265806,4.8304342214979545
442.5500000000004,9.235902171265806,5.69694517852919
442.5750000000004,9.453747121355178,6.077382112762432
442.6000000000004,9.453747121355178,5.600396496734061
442.6250000000004,9.444087861580178,5.576716056910377
442.6500000000004,9.444087861580178,5.721405231172406
442.6750000000004,9.06197637946154,6.451864160146191
442.7000000000004,9.06197637946154,5.97949787509955
442.7250000000004,8.683055845612946,5.465669936076409
442.7500000000004,8.683055845612946,6.685089231651902
442.7750000000004,8.385361054757364,6.553025146511967
442.8000000000004,8.385361054757364,6.148479212968051
442.8250000000004,7.997568529796741,6.533006003497884
442.8500000000004,7.997568529796741,5.259756083185618
442.8750000000004,7.645396983950752,6.706960504027341
442.9000000000004,7.645396983950752,5.415510562037112
442.9250000000004,7.203189982515782,5.267849942608157
442.9500000000004,7.203189982515782,5.154208001443915
442.9750000000004,6.840894162468188,5.049980307492038
443.0000000000004,6.840894162468188,5.039878645994213
443.0250000000004,6.55764943583966,4.535879452326241
443.0500000000004,6.55764943583966,5.340976204814131
443.0750000000004,6.266653995589399,5.138071166800371
443.1000000000004,6.266653995589399,4.753238381356955
443.1250000000004,5.971311731981015,4.473111448072101
443.1500000000004,5.971311731981015,4.281400584676901
443.1750000000004,5.619090970853423,4.247152343925865
443.2000000000004,5.619090970853423,6.873656399123792
443.2250000000004,5.261188506320731,8.68267141378516
443.2500000000004,5.261188506320731,4.852309465204783
443.2750000000004,5.006160330002516,5.359810979438772
443.3000000000004,5.006160330002516,5.39517281728156
443.3250000000004,4.918732773113142,5.429038913389254
443.3500000000004,4.918732773113142,5.073925935296243
443.3750000000004,4.90706163395925,5.35627049162918
443.4000000000004,4.90706163395925,5.134388426507249
443.4250000000004,4.854022401992787,5.662678596770543
443.4500000000004,4.854022401992787,5.806450349508549
443.4750000000004,4.781324028382423,6.6633107358560775
443.5000000000004,4.781324028382423,6.795842782930814
443.5250000000004,4.79029323873775,6.118180950487426
443.5500000000004,4.79029323873775,6.166199524417221
443.5750000000004,4.623533720240128,6.625467693024811
443.6000000000004,4.623533720240128,6.47948478821566
443.6250000000004,4.208480544512267,6.554265255817751
443.6500000000004,4.208480544512267,6.821343680187989
443.6750000000004,3.792554086403335,6.699173319798208
443.7000000000004,3.792554086403335,6.534984028927664
443.7250000000004,3.2710359616899214,6.040134599382893
443.7500000000004,3.2710359616899214,6.229271711179125
443.7750000000004,2.7692560886120474,6.23697459362138
443.8000000000004,2.7692560886120474,6.2966416229184645
443.8250000000004,2.277847214297245,6.169941871734023
443.8500000000004,2.277847214297245,5.875227620614721
443.8750000000004,2.2202101173355557,6.685575186964708
443.9000000000004,2.2202101173355557,8.849884488488579
443.9250000000004,2.365286676669379,8.918052933280308
443.9500000000004,2.365286676669379,8.794781213192975
443.9750000000004,2.4714188437029856,7.621353231572075
444.0000000000004,2.4714188437029856,7.312919237072436
444.0250000000004,2.385076221667627,7.358619818670076
444.0500000000004,2.385076221667627,7.19129167273294
444.0750000000004,2.3206845784647574,7.082807585182686
444.1000000000004,2.3206845784647574,6.940009935685725
444.1250000000004,2.1554007891038416,6.7560664135784805
444.1500000000004,2.1554007891038416,6.892480925098941
444.1750000000004,1.9673019084465413,7.458526961322421
444.2000000000004,1.9673019084465413,7.248889500497533
444.2250000000004,2.038864445313773,7.200753227036871
444.2500000000004,2.038864445313773,6.354810143454894
444.2750000000004,2.084029827323885,6.266829380748875
444.3000000000004,2.084029827323885,6.137761246781614
444.3250000000004,2.260222855556845,6.070072423676437
444.3500000000004,2.260222855556845,5.859220961464457
444.3750000000004,2.205775556483461,3.465812672698959
444.4000000000004,2.205775556483461,3.5015378757532125
444.4250000000004,2.1040499816806446,3.6177729888930217
444.4500000000004,2.1040499816806446,3.6952516010203174
444.4750000000004,2.178567473413382,3.626386288657975
444.5000000000004,2.178567473413382,3.9005865646876376
444.5250000000004,2.1351087904531485,3.8502629485608613
444.5500000000004,2.1351087904531485,3.8401185675001903
444.5750000000004,2.176953153567748,8.765367819004682
444.6000000000004,2.176953153567748,8.488896901663988
444.6250000000004,2.2796442671614625,3.582468874215172
444.6500000000004,2.2796442671614625,3.582468874215172
444.6750000000004,2.338012922020173,3.9058529206548602
444.7000000000004,2.338012922020173,3.840006569045157
444.7250000000004,2.535037587604165,3.8845881186312305
444.7500000000004,2.535037587604165,3.718501566696877
444.7750000000004,2.66480919281849,4.483783122918564
444.8000000000004,2.66480919281849,4.463331673889379
444.8250000000004,2.720930106126333,4.569582970642562
444.8500000000004,2.720930106126333,4.457529893690242
444.8750000000004,2.6331280242444066,5.313448088044514
444.9000000000004,2.6331280242444066,5.225364478770392
444.9250000000004,2.562409205894555,5.2046660393966455
444.9500000000004,2.562409205894555,5.214339249666427
444.9750000000004,2.5961086451239126,5.898402733154928
445.0000000000004,2.5961086451239126,6.251533875561944
445.0250000000004,2.645675561904969,5.484034466164661
445.0500000000004,2.645675561904969,5.354216214378467
445.0750000000004,2.583586271849022,6.066732518662479
445.1000000000004,2.583586271849022,6.115724829561657
445.1250000000004,2.8008271971715035,6.111812623645366
445.1500000000004,2.8008271971715035,6.186254071152209
445.1750000000004,3.0324621791039847,5.2934416534395465
445.2000000000004,3.0324621791039847,5.396684653788769
445.2250000000004,3.147595234564492,5.470702454026416
445.2500000000004,3.147595234564492,4.593766117963029
445.2750000000004,3.3086275859469763,4.971645467460678
445.3000000000004,3.3086275859469763,4.934497084743718
445.3250000000004,3.5091458304934453,5.391851137938192
445.3500000000004,3.5091458304934453,5.317502206760945
445.3750000000004,3.658108712974621,5.3245432113994084
445.4000000000004,3.658108712974621,5.2497408935070675
445.4250000000004,3.768886293060084,6.888140693038017
445.4500000000004,3.768886293060084,6.947661749269657
445.4750000000004,3.963531754124329,7.446505465508251
445.5000000000004,3.963531754124329,7.455145995787686
445.5250000000004,4.146069119094287,11.672555853121311
445.5500000000004,4.146069119094287,5.237900735957894
445.5750000000004,4.270189545083871,5.852128467521913
445.6000000000004,4.270189545083871,5.949443273373032
445.6250000000004,4.358439229940187,6.520707218160291
445.6500000000004,4.358439229940187,6.619091274644648
445.6750000000004,4.483693632679903,6.030180767942057
445.7000000000004,4.483693632679903,6.152119719788414
445.7250000000004,4.614737860678975,6.572001447462244
445.7500000000004,4.614737860678975,6.227751462370701
445.7750000000004,4.679402428389557,6.206365963717956
445.8000000000004,4.679402428389557,6.206365963717956
445.8250000000004,4.838114204032883,6.158881381520149
445.8500000000004,4.838114204032883,6.158881381520149
445.8750000000004,4.985084661359142,6.2444523857341645
445.9000000000004,4.985084661359142,6.193756555153783
445.9250000000004,5.150199310598668,6.06039530644369
445.9500000000004,5.150199310598668,6.09365519754052
445.9750000000004,5.238778991491786,6.08727739418211
446.0000000000004,5.238778991491786,6.065891895529365
446.0250000000004,5.335939902456141,5.9471118043222075
446.0500000000004,5.335939902456141,5.800990855141419
446.0750000000004,5.386076181334905,5.343246422689133
446.1000000000004,5.386076181334905,5.408368673414335
446.1250000000004,5.489544681253265,5.508902502442859
446.1500000000004,5.489544681253265,5.530288001095602
446.1750000000004,5.632548953569851,5.479547090266273
446.2000000000004,5.632548953569851,5.413970993495483
446.2250000000004,5.785926313853309,5.413970993495483
446.2500000000004,5.785926313853309,5.248391534794764
446.2750000000004,5.900467315368149,5.175640311550902
446.3000000000004,5.900467315368149,5.2529494300452875
446.3250000000004,5.983417593028496,5.5056089867161235
446.3500000000004,5.983417593028496,5.740096597792496
446.3750000000004,5.969907518570468,5.399156871836917
446.4000000000004,5.969907518570468,6.450569074270521
446.4250000000004,5.799229699876212,6.35986604942535
446.4500000000004,5.799229699876212,5.3392753904385915
446.4750000000004,5.432537673747155,5.388968207259719
446.5000000000004,5.432537673747155,6.344412960105691
446.5250000000004,5.315341140161248,6.174248841489703
446.5500000000004,5.315341140161248,5.912835164379459
446.5750000000004,5.343184724279565,11.234936854807804
446.6000000000004,5.343184724279565,11.168837196453582
446.6250000000004,5.334556801350149,11.314156946392066
446.6500000000004,5.334556801350149,11.28520236681565
446.6750000000004,5.327204922355398,11.113168481843207
446.7000000000004,5.327204922355398,11.30447185131181
446.7250000000004,5.227066257356043,11.477446547350233
446.7500000000004,5.227066257356043,11.525187231971852
446.7750000000004,5.145500621722107,9.930165483487832
446.8000000000004,5.145500621722107,9.925478955188927
446.8250000000004,5.022490482604403,9.3293848748584
446.8500000000004,5.022490482604403,9.616855741137002
446.8750000000004,5.077233717380695,9.8610724967216
446.9000000000004,5.077233717380695,9.397101631731863
446.9250000000004,5.244675599221118,9.373130889738302
446.9500000000004,5.244675599221118,9.588433970733997
446.9750000000004,5.371761857462124,9.657538649479207
447.0000000000004,5.371761857462124,9.69855876261941
447.0250000000004,5.350114698803683,9.684961375061599
447.0500000000004,5.350114698803683,9.341541368656362
447.0750000000004,5.220400355060281,7.837737051697767
447.1000000000004,5.220400355060281,5.319662475077894
447.1250000000004,4.989750786732647,3.3112200177282345
447.1500000000004,4.989750786732647,3.4033703059430165
447.1750000000004,4.830430716774072,3.1850923926580985
447.2000000000004,4.830430716774072,3.34044362848188
447.2250000000004,4.620690272791203,3.4883493299334885
447.2500000000004,4.620690272791203,3.324155778364106
447.2750000000004,4.517317851136933,3.324155778364106
447.3000000000004,4.517317851136933,3.3359910034411553
447.3250000000004,4.311101862317774,3.3443039631026483
447.3500000000004,4.311101862317774,3.1549298419735035
447.3750000000004,4.315044153693418,3.1997092557966256
447.4000000000004,4.315044153693418,3.178344206202595
447.4250000000004,4.366975607846343,3.256325883320806
447.4500000000004,4.366975607846343,3.544049154789745
447.4750000000004,4.29144665837255,3.544049154789745
447.5000000000004,4.29144665837255,3.5536003712680695
447.5250000000004,4.292698230082205,3.602974148581423
447.5500000000004,4.292698230082205,3.627135217758326
447.5750000000004,4.131096946266358,3.627135217758326
447.6000000000004,4.131096946266358,3.5987287679548428
447.6250000000004,4.019540952931987,3.560666703508137
447.6500000000004,4.019540952931987,3.530391067591077
447.6750000000004,3.842627798685763,7.932039088578873
447.7000000000004,3.842627798685763,7.8860442462795906
447.7250000000004,3.7246241181658064,8.47442531956792
447.7500000000004,3.7246241181658064,8.255449307359164
447.7750000000004,3.639835570553204,8.27207306707877
447.8000000000004,3.639835570553204,7.90308123815629
447.8250000000004,3.566616408594335,7.912465267126249
447.8500000000004,3.566616408594335,8.29336671761885
447.8750000000004,3.616391525646901,7.667533046144055
447.9000000000004,3.616391525646901,7.757205558952039
447.9250000000004,3.706226231286464,7.454097774005718
447.9500000000004,3.706226231286464,6.967745324127248
447.9750000000004,3.68087707285174,6.944111327794883
448.0000000000004,3.68087707285174,6.671092775244277
448.0250000000004,3.626499193837165,6.730202722937931
448.0500000000004,3.626499193837165,7.307196769498703
448.0750000000004,3.5894388399208053,7.257534764528573
448.1000000000004,3.5894388399208053,7.158480173083491
448.1250000000004,3.7405829803299513,5.473218724253204
448.1500000000004,3.7405829803299513,5.583884671209182
448.1750000000004,3.965545678135142,5.489607464953661
448.2000000000004,3.965545678135142,8.388935865437068
448.2250000000004,4.141859028316037,8.345950200356988
448.2500000000004,4.141859028316037,8.202568857562543
448.2750000000004,4.247413827585451,8.076855017057014
448.3000000000004,4.247413827585451,8.132458261712413
448.3250000000004,4.413981438437364,7.592245097296978
448.3500000000004,4.413981438437364,7.648230133666907
448.3750000000004,4.529227115140682,7.388877865850537
448.4000000000004,4.529227115140682,5.192005327205369
448.4250000000004,4.687793052028807,5.278273778535614
448.4500000000004,4.687793052028807,5.278273778535614
448.4750000000004,4.8652239737570095,4.617850145470963
448.5000000000004,4.8652239737570095,4.597648112434019
448.5250000000004,4.967483000647537,4.597648112434019
448.5500000000004,4.967483000647537,4.459189780119292
448.5750000000004,4.98805411383344,4.441860744202587
448.6000000000004,4.98805411383344,4.393134711139285
448.6250000000004,5.041125427086871,4.393134711139285
448.6500000000004,5.041125427086871,4.832675589994076
448.6750000000004,5.170864579005707,4.7722538134648635
448.7000000000004,5.170864579005707,6.181590362122903
448.7250000000004,5.2587109587647465,5.9989306143046806
448.7500000000004,5.2587109587647465,5.9409305998276105
448.7750000000004,5.368970739079678,5.984432783434761
448.8000000000004,5.368970739079678,6.055420727140059
448.8250000000004,5.383170597682019,6.230696322888981
448.8500000000004,5.383170597682019,6.424479695189842
448.8750000000004,5.396584144110836,6.676834247850245
448.9000000000004,5.396584144110836,6.304337367316881
448.9250000000004,5.352482596302637,6.175715587509644
448.9500000000004,5.352482596302637,6.751497732566062
448.9750000000004,5.310385879176928,7.061373363147015
449.0000000000004,5.310385879176928,6.621067580025913
449.0250000000004,5.323069966161338,6.7778235343008495
449.0500000000004,5.323069966161338,6.708412864063722
449.0750000000004,5.34575890509794,7.749167141117265
449.1000000000004,5.34575890509794,7.5378492170367135
449.1250000000004,5.38681270117036,7.539993175463626
449.1500000000004,5.38681270117036,7.324993024718382
449.1750000000004,5.456232448860013,7.3812591064311475
449.2000000000004,5.456232448860013,7.977111621567185
449.2250000000004,5.57033919176124,9.920466270553804
449.2500000000004,5.57033919176124,9.711912480253869
449.2750000000004,5.633298468703821,9.533562863896554
449.3000000000004,5.633298468703821,9.761192296077045
449.3250000000004,5.683861330933721,9.727108731755227
449.3500000000004,5.683861330933721,9.54874777958837
449.3750000000004,5.731052286312574,9.493149341617244
449.4000000000004,5.731052286312574,6.041444368506169
449.4250000000004,5.715411852684695,5.965189383218488
449.4500000000004,5.715411852684695,5.751513324974985
449.4750000000004,5.591447438296839,5.694220635431608
449.5000000000004,5.591447438296839,5.808077853826769
449.5250000000004,5.2890794871725415,6.355901671006697
449.5500000000004,5.2890794871725415,6.543316934309417
449.5750000000004,5.017380685980416,6.336383780544119
449.6000000000004,5.017380685980416,6.382337651284803
449.6250000000004,4.536329035833366,6.146373483530644
449.6500000000004,4.536329035833366,6.032479454781284
449.6750000000004,4.200455448773246,8.720915154118845
449.7000000000004,4.200455448773246,7.417087820974835
449.7250000000004,4.00829824152887,8.082373796005886
449.7500000000004,4.00829824152887,8.918706342302015
449.7750000000004,3.834836655846599,8.656880710715743
449.8000000000004,3.834836655846599,7.682451685208456
449.8250000000004,3.6749427313530862,7.63107138582042
449.8500000000004,3.6749427313530862,7.498718894564763
449.8750000000004,3.508425932695052,7.278837752491791
449.9000000000004,3.508425932695052,7.621365555678548
449.9250000000004,3.4359628703463576,7.225388870114306
449.9500000000004,3.4359628703463576,6.3294849403882445
449.9750000000004,3.459812063869961,6.172319876738575
450.0000000000004,3.459812063869961,5.693298886887712
450.0250000000004,3.4229248831260843,6.774079460901085
450.0500000000004,3.4229248831260843,7.433408528231987
450.0750000000004,3.4384267198526137,7.418006955536434
450.1000000000004,3.4384267198526137,5.880537963813946
450.1250000000004,3.487258766610994,5.348862663073148
450.1500000000004,3.487258766610994,6.0251597650021855
450.1750000000004,3.4978381712915847,6.098476709399095
450.2000000000004,3.4978381712915847,6.160489089448664
450.2250000000004,3.5779952917072557,6.043722399430969
450.2500000000004,3.5779952917072557,6.1251928435740215
450.2750000000004,3.6168669671332143,6.267448740856976
450.3000000000004,3.6168669671332143,7.488275473571499
450.3250000000004,3.616979165238989,7.434045167250782
450.3500000000004,3.616979165238989,6.598984968550944
450.3750000000004,3.6680096334294414,5.980122195450893
450.4000000000004,3.6680096334294414,5.7047941227538415
450.4250000000004,3.7796968563449456,7.716131792079345
450.4500000000004,3.7796968563449456,8.026314786047953
450.4750000000004,3.989524613349396,5.614629040270961
450.5000000000004,3.989524613349396,5.6032488313958355
450.5250000000004,4.253733493501499,5.607662651329673
450.5500000000004,4.253733493501499,5.664305998702074
450.5750000000004,4.524594060170254,5.698208249827351
450.6000000000004,4.524594060170254,5.877696671083733
450.6250000000004,4.747969247516126,5.90093275918371
450.6500000000004,4.747969247516126,5.968295252744024
450.6750000000004,4.9059805683017,5.698472562402393
450.7000000000004,4.9059805683017,5.192562748534585
450.7250000000004,4.878562221634656,5.442422035814973
450.7500000000004,4.878562221634656,5.523339036663077
450.7750000000004,4.920901701516723,5.567457321298528
450.8000000000004,4.920901701516723,5.525711327074365
450.8250000000004,5.020176059084934,5.244821084440941
450.8500000000004,5.020176059084934,5.2991606600074475
450.8750000000004,5.136624958951735,4.998309840235061
450.9000000000004,5.136624958951735,5.086031813699765
450.9250000000004,5.235936496857316,5.043523189645009
450.9500000000004,5.235936496857316,5.043523189645009
450.9750000000004,5.323325430069781,4.895481674059254
451.0000000000004,5.323325430069781,4.934737654370991
451.0250000000004,5.437008876190961,4.852321026488962
451.0500000000004,5.437008876190961,4.809439794186983
451.0750000000004,5.57803500211294,4.792405831827448
451.1000000000004,5.57803500211294,4.851911663722455
451.1250000000004,5.69302235452002,4.8133638187382894
451.1500000000004,5.69302235452002,4.846814162003081
451.1750000000004,5.822964079842519,4.846814162003081
451.2000000000004,5.822964079842519,4.898009454757115
451.2250000000004,5.953433688728235,5.061482551678066
451.2500000000004,5.953433688728235,5.158399051163148
451.2750000000004,6.069022710758959,9.080378931692525
451.3000000000004,6.069022710758959,11.61911736330616
451.3250000000004,6.180787298879133,11.522335166732944
451.3500000000004,6.180787298879133,8.979902420423581
451.3750000000004,6.287484573772362,9.117305343087443
451.4000000000004,6.287484573772362,9.18381068644351
451.4250000000004,6.3700021380925325,7.653358170145041
451.4500000000004,6.3700021380925325,7.763287120593849
451.4750000000004,6.449830152352452,8.806154706224547
451.5000000000004,6.449830152352452,8.645005290282565
451.5250000000004,6.538711583730788,8.831325129812177
451.5500000000004,6.538711583730788,8.49005061759117
451.5750000000004,6.616604444061708,8.403205594316617
451.6000000000004,6.616604444061708,8.655147290666013
451.6250000000004,6.660762471673497,8.551924998584354
451.6500000000004,6.660762471673497,9.167739462794295
451.6750000000004,6.69154723366893,9.587604172948385
451.7000000000004,6.69154723366893,9.727471811226941
451.7250000000004,6.678586593207016,8.061533660563162
451.7500000000004,6.678586593207016,8.335456376696282
451.7750000000004,6.663218177562297,5.4394846646696395
451.8000000000004,6.663218177562297,11.589031964073357
451.8250000000004,6.63898288300597,11.710189248391792
451.8500000000004,6.63898288300597,11.963512871894663
451.8750000000004,6.5922509018852535,11.640238625318158
451.9000000000004,6.5922509018852535,11.732006982174264
451.9250000000004,6.55966955289556,5.648975291115787
451.9500000000004,6.55966955289556,5.911211352709762
451.9750000000004,6.6148676876484345,5.682726700442526
452.0000000000004,6.6148676876484345,5.609697517766697
452.0250000000004,6.650610909945209,5.597248680079527
452.0500000000004,6.650610909945209,6.956492538533158
452.0750000000004,6.663199275826632,10.415517883733969
452.1000000000004,6.663199275826632,11.40968968836716
452.1250000000004,6.710440113836567,11.008964078202093
452.1500000000004,6.710440113836567,11.129188902870938
452.1750000000004,6.713896856084936,7.2750542335598745
452.2000000000004,6.713896856084936,7.065856415586078
452.2250000000004,6.709170418899157,7.065048889082954
452.2500000000004,6.709170418899157,10.6918649877706
452.2750000000004,6.706208679712895,11.063082004484498
452.3000000000004,6.706208679712895,6.429982519047839
452.3250000000004,6.661892946060625,6.543276255900942
452.3500000000004,6.661892946060625,6.213977734379913
452.3750000000004,6.5949557158994185,6.382615741140447
452.4000000000004,6.5949557158994185,6.361901399946846
452.4250000000004,6.506306954862212,6.172952563045053
452.4500000000004,6.506306954862212,6.166196401901958
452.4750000000004,6.381908374464701,5.992442405162509
452.5000000000004,6.381908374464701,5.297985522104844
452.5250000000004,6.221240840697666,5.306194237534982
452.5500000000004,6.221240840697666,6.885063110650633
452.5750000000004,6.118470429301203,7.067870592082908
452.6000000000004,6.118470429301203,5.166058263111686
452.6250000000004,6.048405781515949,7.677184288552674
452.6500000000004,6.048405781515949,7.622805823175229
452.6750000000004,6.005966935192751,7.390746513257796
452.7000000000004,6.005966935192751,7.027775546884198
452.7250000000004,5.925384190664517,6.93720294922542
452.7500000000004,5.925384190664517,6.926726898350177
452.7750000000004,5.840831746476431,6.886484276607741
452.8000000000004,5.840831746476431,7.330884988509695
452.8250000000004,5.788774307807545,7.448310907862164
452.8500000000004,5.788774307807545,6.559464750743656
452.8750000000004,5.699999884814023,6.659308966301066
452.9000000000004,5.699999884814023,6.546686822130974
452.9250000000004,5.50737402533812,5.959383817659732
452.9500000000004,5.50737402533812,5.8903116979680075
452.9750000000004,5.419654093539362,5.713285075165163
453.0000000000004,5.419654093539362,6.960675662132023
453.0250000000004,5.208218721745885,7.053811423249795
453.0500000000004,5.208218721745885,7.259974642004566
453.0750000000004,4.909682743610191,7.001270974111308
453.1000000000004,4.909682743610191,7.081808951134189
453.1250000000004,4.512110249609359,5.482493254424032
453.1500000000004,4.512110249609359,4.297128379535864
453.1750000000004,4.252476020414907,4.623072869539565
453.2000000000004,4.252476020414907,4.714963470235636
453.2250000000004,4.150446909733577,9.222199615835656
453.2500000000004,4.150446909733577,9.349880432555274
453.2750000000004,4.0877569751838205,9.44006515666917
453.3000000000004,4.0877569751838205,9.310661971881045
453.3250000000004,3.9621330846637215,9.283218811044243
453.3500000000004,3.9621330846637215,4.897212651602492
453.3750000000004,3.692172119814889,4.6613248083572305
453.4000000000004,3.692172119814889,4.67605357671903
453.4250000000004,3.43808704543827,4.754739275750715
453.4500000000004,3.43808704543827,3.651265298431927
453.4750000000004,3.272935766795246,4.723422142763896
453.5000000000004,3.272935766795246,5.177828532261783
453.5250000000004,3.0318691390786765,5.0188756457727175
453.5500000000004,3.0318691390786765,6.967251066902309
453.5750000000004,2.7914100196802902,6.774970143118749
453.6000000000004,2.7914100196802902,7.109574675814604
453.6250000000004,2.65521870188587,7.650054040267812
453.6500000000004,2.65521870188587,7.547913251993853
453.6750000000004,2.435561251981922,7.125140695199782
453.7000000000004,2.435561251981922,7.412861895854491
453.7250000000004,2.4481021386589004,7.156520691285566
453.7500000000004,2.4481021386589004,8.334384903112396
453.7750000000004,2.3454405562890885,7.881930424948882
453.8000000000004,2.3454405562890885,7.701217634676202
453.8250000000004,2.2832411584552315,7.32813080581218
453.8500000000004,2.2832411584552315,7.297563127247509
453.8750000000004,2.2533216551862534,7.12344064109117
453.9000000000004,2.2533216551862534,9.033494121117627
453.9250000000004,2.1616003877207817,9.09301538975502
453.9500000000004,2.1616003877207817,9.066602387802895
453.9750000000004,2.199055910190136,3.9380578777636623
454.0000000000004,2.199055910190136,4.100077861116346
454.0250000000004,2.2296077543966843,4.033624985272343
454.0500000000004,2.2296077543966843,2.981611198778838
454.0750000000004,2.204497462093276,3.161980526500409
454.1000000000004,2.204497462093276,3.154517434820035
454.1250000000004,2.2742605106723914,3.5503658606645536
454.1500000000004,2.2742605106723914,3.5503658606645536
454.1750000000004,2.4466055405360296,3.804962658465257
454.2000000000004,2.4466055405360296,3.8065987426978065
454.2250000000004,2.642751375901313,3.825511956214165
454.2500000000004,2.642751375901313,3.469099516375108
454.2750000000004,2.965179638196412,3.739170726435767
454.3000000000004,2.965179638196412,4.233200774944363
454.3250000000004,3.2764759210621697,4.299480142221062
454.3500000000004,3.2764759210621697,4.299480142221062
454.3750000000004,3.56763618788586,3.9870219004357192
454.4000000000004,3.56763618788586,4.015511752243885
454.4250000000004,3.8849294239804615,4.452079450638524
454.4500000000004,3.8849294239804615,7.865681020833697
454.4750000000004,4.13425436697216,8.264853761056607
454.5000000000004,4.13425436697216,5.069751288168481
454.5250000000004,4.3486489153025945,5.64114538561
454.5500000000004,4.3486489153025945,5.046770130817885
454.5750000000004,4.556679063199534,5.037528481378234
454.6000000000004,4.556679063199534,8.402125642921341
454.6250000000004,4.67923334703758,8.74179925902326
454.6500000000004,4.67923334703758,7.990481442471913
454.6750000000004,4.825830356436164,9.200010117125323
454.7000000000004,4.825830356436164,9.900563411623981
454.7250000000004,4.951568339552451,10.170437411820203
454.7500000000004,4.951568339552451,9.79576941923083
454.7750000000004,5.077386136527383,9.773749081173731
454.8000000000004,5.077386136527383,9.73813260340644
454.8250000000004,5.213054046649356,7.44506926323494
454.8500000000004,5.213054046649356,7.429870590292074
454.8750000000004,5.368150147179474,7.2677714773412525
454.90000000000043,5.368150147179474,7.202187204040345
454.9250000000004,5.505774380279261,5.460518435795408
454.9500000000004,5.505774380279261,5.204402491339494
454.9750000000004,5.636566850111194,5.26630708449014
455.0000000000004,5.636566850111194,5.26630708449014
455.02500000000043,5.719245977356828,5.215973707118856
455.0500000000004,5.719245977356828,9.489110812808455
455.0750000000004,5.795597099202557,9.324698011184202
455.1000000000004,5.795597099202557,8.689507468688037
455.1250000000004,5.857354395823903,8.878252683656614
455.15000000000043,5.857354395823903,8.605819524903358
455.1750000000004,5.894101471576089,4.368294935778243
455.2000000000004,5.894101471576089,4.105347680576061
455.2250000000004,5.915014256629808,4.337963015233792
455.2500000000004,5.915014256629808,4.264731668983001
455.27500000000043,5.899748361907948,4.264731668983001
455.3000000000004,5.899748361907948,4.205382494020594
455.3250000000004,5.950551263005946,4.189351299302354
455.3500000000004,5.950551263005946,4.058482408815663
455.3750000000004,6.055555955347708,3.9750662951467057
455.40000000000043,6.055555955347708,6.484209392977706
455.4250000000004,6.148652352416504,6.056947885009924
455.4500000000004,6.148652352416504,6.03591253146399
455.4750000000004,6.184695248540906,5.937942835679975
455.5000000000004,6.184695248540906,7.189425507385586
455.52500000000043,6.236183652385007,7.153537200717023
455.5500000000004,6.236183652385007,7.032999271804468
455.5750000000004,6.333457227149783,6.52021834293701
455.6000000000004,6.333457227149783,6.512152115638436
455.6250000000004,6.444629810620617,6.379454565804757
455.65000000000043,6.444629810620617,7.325128786618211
455.6750000000004,6.560011084024672,7.45655101042891
455.7000000000004,6.560011084024672,6.903620990404758
455.7250000000004,6.692323821904737,7.2398621259817455
455.7500000000004,6.692323821904737,7.2433299838661185
455.77500000000043,6.836720157051286,7.322851468300046
455.8000000000004,6.836720157051286,6.668218805686438
455.8250000000004,6.980374485406019,7.010700731265825
455.8500000000004,6.980374485406019,7.464349588461353
455.8750000000004,7.098037914905593,7.1471779468998875
455.90000000000043,7.098037914905593,7.294911195559582
455.9250000000004,7.184674127536934,7.252490863384313
455.9500000000004,7.184674127536934,8.629111360996573
455.9750000000004,7.270377768166596,6.066587601550395
456.0000000000004,7.270377768166596,8.079056367673061
456.02500000000043,7.37010405140518,7.987312425805767
456.0500000000004,7.37010405140518,7.747604421652739
456.0750000000004,7.462886890128724,8.783866519832968
456.1000000000004,7.462886890128724,7.712896776371314
456.1250000000004,7.554695038883488,7.790752706497322
456.15000000000043,7.554695038883488,8.941761164581303
456.1750000000004,7.615594651718724,9.495142481733474
456.2000000000004,7.615594651718724,9.78482412444563
456.2250000000004,7.670787231962155,9.59209808211814
456.2500000000004,7.670787231962155,9.63148321311321
456.27500000000043,7.718196587118135,9.471966748844599
456.3000000000004,7.718196587118135,10.608614763872403
456.3250000000004,7.7609608872231135,10.199739652450686
456.3500000000004,7.7609608872231135,9.767789987948992
456.3750000000004,7.805113381705316,9.737737895692213
456.40000000000043,7.805113381705316,9.7643330008115
456.4250000000004,7.8541003673597345,9.740655758472787
456.4500000000004,7.8541003673597345,9.739170371608628
456.4750000000004,7.911828884294442,9.983146278107094
456.5000000000004,7.911828884294442,8.90489188171304
456.52500000000043,7.9619097257619025,8.761789204550807
456.5500000000004,7.9619097257619025,8.796490607438734
456.5750000000004,8.0208292203167,9.306333615671583
456.6000000000004,8.0208292203167,9.579800399920005
456.6250000000004,8.133242740230024,9.90865335921066
456.65000000000043,8.133242740230024,7.905026249735815
456.6750000000004,8.227806581210686,6.771079603868722
456.7000000000004,8.227806581210686,6.905257824980308
456.7250000000004,8.32992959549975,6.956125559301507
456.7500000000004,8.32992959549975,9.203029505221272
456.77500000000043,8.431090423945301,9.456835053312311
456.8000000000004,8.431090423945301,10.299819979485239
456.8250000000004,8.558557568586604,10.472465616942582
456.8500000000004,8.558557568586604,9.008527212719086
456.8750000000004,8.733662556456938,8.697386603220778
456.90000000000043,8.733662556456938,8.996476795655408
456.9250000000004,8.916796292036176,9.081622277669654
456.9500000000004,8.916796292036176,8.960501334661652
456.9750000000004,9.046189097558662,8.646718362324036
457.0000000000004,9.046189097558662,9.941117347166623
457.02500000000043,9.112175830843997,10.081238658183695
457.0500000000004,9.112175830843997,9.352685769709412
457.0750000000004,9.208394313010054,9.184570986703916
457.1000000000004,9.208394313010054,9.404017613248424
457.1250000000004,9.298346442363425,8.96985888090831
457.15000000000043,9.298346442363425,8.744354550903692
457.1750000000004,9.49764924505564,8.803299162231589
457.2000000000004,9.49764924505564,8.72115466164118
457.2250000000004,9.610790287189037,8.775001447789782
457.2500000000004,9.610790287189037,8.864675089676355
457.27500000000043,9.719184214387798,9.047461643364937
457.3000000000004,9.719184214387798,8.960662113126737
457.3250000000004,9.837735660944585,8.755859453163678
457.3500000000004,9.837735660944585,8.706868561268072
457.3750000000004,9.928062758618488,9.103969261166865
457.40000000000043,9.928062758618488,9.05552983526492
457.4250000000004,10.033458178786091,9.32566957525261
457.4500000000004,10.033458178786091,9.368557566451067
457.4750000000004,10.104939780130426,8.643717694896129
457.5000000000004,10.104939780130426,9.721894349698776
457.52500000000043,10.183422456396569,10.340357973664513
457.5500000000004,10.183422456396569,10.526228979984326
457.5750000000004,10.29578539247859,11.168184524604767
457.6000000000004,10.29578539247859,10.76133269634465
457.6250000000004,10.387415377583125,11.109988522481588
457.65000000000043,10.387415377583125,11.750618042931357
457.6750000000004,10.527594503995749,12.210701988667468
457.7000000000004,10.527594503995749,9.289543572930034
457.7250000000004,10.77536471951933,8.753252388983675
457.7500000000004,10.77536471951933,8.803869808356813
457.77500000000043,11.14453499288253,9.278604476329598
457.8000000000004,11.14453499288253,9.843512871096232
457.8250000000004,11.471837332983716,9.660460505435452
457.8500000000004,11.471837332983716,9.474438053790422
457.8750000000004,11.732603126242948,10.124267680203646
457.90000000000043,11.732603126242948,10.16162067429474
457.9250000000004,11.962337057889885,9.947819370500502
457.9500000000004,11.962337057889885,11.84753160687655
457.9750000000004,12.212890448611676,11.902979176378631
458.0000000000004,12.212890448611676,10.964906538561827
458.02500000000043,12.548458379287776,12.109839842492542
458.0500000000004,12.548458379287776,12.315546797153402
458.0750000000004,12.965524474319508,12.838640070636105
458.1000000000004,12.965524474319508,12.891707936382193
458.1250000000004,13.283321545553262,12.47040938492632
458.15000000000043,13.283321545553262,13.260076528195572
458.1750000000004,13.52556872374834,13.188123415427933
458.2000000000004,13.52556872374834,15.009848322141488
458.2250000000004,13.726365749209604,14.240755927129317
458.2500000000004,13.726365749209604,14.115242585041512
458.27500000000043,13.916260241502282,20.790297419553657
458.3000000000004,13.916260241502282,19.96201833583974
458.3250000000004,14.084427615036562,19.34148297532166
458.3500000000004,14.084427615036562,19.306358421747873
458.3750000000004,14.201996977315313,18.373980892620512
458.40000000000043,14.201996977315313,19.7597670414765
458.4250000000004,14.390666889205288,21.006419756609297
458.4500000000004,14.390666889205288,20.435683369244547
458.4750000000004,14.56095015404344,20.663644381559166
458.5000000000004,14.56095015404344,20.50798351418981
458.52500000000043,14.791476127022475,20.54689598576694
458.5500000000004,14.791476127022475,20.488123894927448
458.5750000000004,15.057922623408784,19.92480844178622
458.6000000000004,15.057922623408784,20.448906889100087
458.6250000000004,15.206922926027918,20.50431067350363
458.65000000000043,15.206922926027918,20.760002785442435
458.6750000000004,15.402003122168594,20.734183079937615
458.7000000000004,15.402003122168594,18.927455071497043
458.7250000000004,15.56691575264052,19.02647773498349
458.7500000000004,15.56691575264052,17.55361986389241
458.77500000000043,15.691164995472189,18.522645897481667
458.8000000000004,15.691164995472189,18.01053919424373
458.8250000000004,15.807981819711795,17.820252912607174
458.8500000000004,15.807981819711795,17.225967987382564
458.8750000000004,16.004244622114115,17.424889384062148
458.90000000000043,16.004244622114115,16.73697337714243
458.9250000000004,16.154898243360144,16.730136863376163
458.9500000000004,16.154898243360144,16.63178944620421
458.9750000000004,16.38828909998135,14.77272449315921
459.0000000000004,16.38828909998135,14.555545381783075
459.02500000000043,16.629063748672092,14.579871142865697
459.0500000000004,16.629063748672092,14.658541813905464
459.0750000000004,16.836548484319984,15.6442510878961
459.1000000000004,16.836548484319984,15.630493989806805
459.1250000000004,17.002740456363057,15.832486660472657
459.15000000000043,17.002740456363057,15.753425264204445
459.1750000000004,17.136479237412832,15.578119262291398
459.2000000000004,17.136479237412832,15.699062449745618
459.2250000000004,17.31425008323496,14.493641460130537
459.2500000000004,17.31425008323496,15.314660026781553
459.27500000000043,17.625682980071964,13.483426441089922
459.3000000000004,17.625682980071964,13.039320630216205
459.3250000000004,17.995533912189078,14.791570797047696
459.3500000000004,17.995533912189078,14.654307165663411
459.3750000000004,18.42624271070831,13.250202342233205
459.40000000000043,18.42624271070831,13.095758647269795
459.4250000000004,18.476055226868937,12.639453787805657
459.4500000000004,18.476055226868937,13.208712901087617
459.4750000000004,17.945885935303536,13.408324837146768
459.5000000000004,17.945885935303536,14.982836918898222
459.52500000000043,17.459400262591885,14.546873289227676
459.5500000000004,17.459400262591885,14.094913978388012
459.5750000000004,17.171982437948714,13.273762616415874
459.6000000000004,17.171982437948714,12.395089865115319
459.6250000000004,16.958355839951693,12.282595285709304
459.65000000000043,16.958355839951693,17.77723119612525
459.6750000000004,16.721045312066565,17.635530939212554
459.7000000000004,16.721045312066565,17.79872959466495
459.7250000000004,16.402010645426174,18.0360253661079
459.7500000000004,16.402010645426174,17.514560307768622
459.77500000000043,16.131189489578944,16.961538197760426
459.8000000000004,16.131189489578944,17.465333992308604
459.8250000000004,15.78362877499724,17.65974009385872
459.8500000000004,15.78362877499724,17.56428342491432
459.8750000000004,15.195362060484428,11.242779192501333
459.90000000000043,15.195362060484428,11.845800870434394
459.9250000000004,14.48456349588237,11.223604700151638
459.9500000000004,14.48456349588237,11.421211219971203
459.9750000000004,13.65256969727723,11.982907808261945
460.0000000000004,13.65256969727723,11.824142663455138
460.02500000000043,12.72116043687808,11.120923676489618
460.0500000000004,12.72116043687808,10.900808606025302
460.0750000000004,11.718509739011267,10.85787555251093
460.1000000000004,11.718509739011267,10.909524683402847
460.1250000000004,10.602068039353412,11.783242842737975
460.15000000000043,10.602068039353412,11.649982710747892
460.1750000000004,9.603801234301557,17.361747192618786
460.2000000000004,9.603801234301557,9.345428543964726
460.2250000000004,8.537422910472742,9.850461947934132
460.2500000000004,8.537422910472742,9.759830396203665
460.27500000000043,7.667431314253406,9.681361219215102
460.3000000000004,7.667431314253406,9.851082625318385
460.3250000000004,6.862877178111674,9.418925623205718
460.3500000000004,6.862877178111674,9.751058432761669
460.3750000000004,5.996802330346597,9.66784903893079
460.40000000000043,5.996802330346597,9.172362323465995
460.4250000000004,5.225671958639566,6.813042384414373
460.4500000000004,5.225671958639566,3.3418370221199076
460.4750000000004,4.526814728011317,3.4132031904151585
460.5000000000004,4.526814728011317,3.3688472606283604
460.52500000000043,3.9647696189625634,3.9727927615598757
460.5500000000004,3.9647696189625634,2.557177842964318
460.5750000000004,3.5838226103809063,2.8377447625423584
460.6000000000004,3.5838226103809063,2.724666929135474
460.6250000000004,3.2290870182069824,2.650938314382895
460.65000000000043,3.2290870182069824,2.661843029103953
460.6750000000004,2.7398086484945168,2.617748950753194
460.7000000000004,2.7398086484945168,2.6947645239243707
460.7250000000004,2.3986753932831135,2.8009188775055036
460.7500000000004,2.3986753932831135,2.695203830110261
460.77500000000043,2.163338297172274,2.6969885273240974
460.8000000000004,2.163338297172274,2.4868520381917474
460.8250000000004,2.029765112888356,2.5332942583317504
460.8500000000004,2.029765112888356,2.4987505729439228
460.8750000000004,1.9269710555112596,2.2166179569261195
460.90000000000043,1.9269710555112596,3.143771363368712
460.9250000000004,1.7851857173246373,3.38278277570687
460.9500000000004,1.7851857173246373,3.328628796137814
460.9750000000004,1.5736697343026407,3.353768526957233
461.0000000000004,1.5736697343026407,3.1538893949189504
461.02500000000043,1.4330821206301607,3.1490488130393386
461.0500000000004,1.4330821206301607,3.1349832229807992
461.0750000000004,1.2765273734436846,3.237327288619285
461.1000000000004,1.2765273734436846,4.696508329980491
461.1250000000004,1.3189714245125543,4.696360493257358
461.15000000000043,1.3189714245125543,4.5630650631017495
461.1750000000004,1.147744834096656,4.277243440580146
461.2000000000004,1.147744834096656,3.9393166294468505
461.2250000000004,1.0868337376146826,3.95949904911928
461.2500000000004,1.0868337376146826,4.166854794730492
461.27500000000043,1.1523254577979003,4.51985454309437
461.3000000000004,1.1523254577979003,3.218045567860713
461.3250000000004,1.2664453520184367,3.291736526467757
461.3500000000004,1.2664453520184367,3.3616057274531523
461.3750000000004,1.3508486702278049,3.3091708757734613
461.40000000000043,1.3508486702278049,3.2519460737017236
461.4250000000004,1.2723201341248398,3.5278782602606817
461.4500000000004,1.2723201341248398,3.5295263867406397
461.4750000000004,1.4338353655904967,3.479872878393355
461.5000000000004,1.4338353655904967,3.2285159676913016
461.52500000000043,1.4486945908113995,3.151764735607919
461.5500000000004,1.4486945908113995,3.0999303593240652
461.5750000000004,1.5088213059113258,3.2156902885568486
461.6000000000004,1.5088213059113258,3.2460994290247687
461.6250000000004,1.6384648141659142,3.2460994290247687
461.65000000000043,1.6384648141659142,3.3900612298058395
461.6750000000004,1.7770544681577576,3.2107694160852316
461.7000000000004,1.7770544681577576,3.2046377606707765
461.7250000000004,2.017758104524475,3.194595630745246
461.7500000000004,2.017758104524475,3.235827348761614
461.77500000000043,2.261316679740176,3.182403071939694
461.8000000000004,2.261316679740176,3.403067505957833
461.8250000000004,2.579850363965278,3.39369252114484
461.8500000000004,2.579850363965278,3.5327031995811295
461.8750000000004,2.8531003750027537,2.9990762827215853
461.90000000000043,2.8531003750027537,3.054254351188366
461.9250000000004,3.0920520025937606,2.9615018636373973
461.9500000000004,3.0920520025937606,3.3113184363402954
461.9750000000004,3.426736208332983,3.430351045942674
462.0000000000004,3.426736208332983,3.605826158409379
462.02500000000043,3.763748357943527,3.5773379226084216
462.0500000000004,3.763748357943527,3.3822076240821746
462.0750000000004,4.00352440341932,3.5924731721681713
462.1000000000004,4.00352440341932,3.5803736064543488
462.1250000000004,4.212885680346005,3.6126121262416224
462.15000000000043,4.212885680346005,3.620931006240636
462.1750000000004,4.416279485315727,3.664795370945356
462.2000000000004,4.416279485315727,3.6574379263724888
462.2250000000004,4.519973459986005,3.6369983911115145
462.2500000000004,4.519973459986005,3.6465460236068648
462.27500000000043,4.410107475099039,3.6646054425662045
462.3000000000004,4.410107475099039,3.8323912810954353
462.3250000000004,4.230260726868423,3.8221563757331087
462.3500000000004,4.230260726868423,4.662911825805731
462.3750000000004,3.9453361497240422,3.9549440859514107
462.40000000000043,3.9453361497240422,3.946423578864121
462.4250000000004,3.7553061551773794,4.257384110518096
462.4500000000004,3.7553061551773794,4.960335224115374
462.4750000000004,3.6641320268289945,6.84615910419436
462.5000000000004,3.6641320268289945,6.727110314310951
462.52500000000043,3.5214898231168377,6.944203335787811
462.5500000000004,3.5214898231168377,7.153115216964053
462.5750000000004,3.3782336116773592,7.077633143306701
462.6000000000004,3.3782336116773592,6.841565188938551
462.6250000000004,3.4238624892916363,6.732327302320407
462.65000000000043,3.4238624892916363,6.535780783248864
462.6750000000004,3.514818036221513,6.359409514313535
462.7000000000004,3.514818036221513,5.259994413701352
462.7250000000004,3.532266800670726,5.442113666641815
462.7500000000004,3.532266800670726,5.484718692298359
462.77500000000043,3.6203625438524227,5.314730406008755
462.8000000000004,3.6203625438524227,5.123628580325084
462.8250000000004,3.690991380370164,4.885167179056339
462.8500000000004,3.690991380370164,4.732126133460884
462.8750000000004,3.6904242025446337,4.735265547872367
462.90000000000043,3.6904242025446337,5.061345250346698
462.9250000000004,3.7442806032245954,10.46987669175623
462.9500000000004,3.7442806032245954,3.81995908506873
462.9750000000004,3.677821633591364,3.878625476293018
463.0000000000004,3.677821633591364,3.777667679061313
463.02500000000043,3.4662822876269814,3.83560432159128
463.0500000000004,3.4662822876269814,4.626263617823321
463.0750000000004,3.3895750217528047,4.605249380511044
463.1000000000004,3.3895750217528047,4.6612393470071165
463.1250000000004,3.4772687734446066,4.335710443598456
463.15000000000043,3.4772687734446066,3.9804513494033493
463.1750000000004,3.563653961821217,4.133616458095609
463.2000000000004,3.563653961821217,4.110517158592677
463.2250000000004,3.6692110089865935,3.910558205114123
463.2500000000004,3.6692110089865935,3.7914216981793265
463.27500000000043,3.6969576598135063,3.7931152851007757
463.3000000000004,3.6969576598135063,3.8874862895662234
463.3250000000004,3.7171669119176443,3.7931152851007757
463.3500000000004,3.7171669119176443,3.808507006003035
463.3750000000004,3.6770160652289405,4.17573019081339
463.40000000000043,3.6770160652289405,4.105608059540469
463.4250000000004,3.664738091769621,4.1459159146470315
463.4500000000004,3.664738091769621,4.187034869137079
463.4750000000004,3.714593401427564,4.08412749654572
463.5000000000004,3.714593401427564,5.809559801598856
463.52500000000043,3.698921909491844,7.134962973178772
463.5500000000004,3.698921909491844,7.168283730864646
463.5750000000004,3.768837926932761,7.339149609828585
463.6000000000004,3.768837926932761,7.377212121239185
463.6250000000004,3.719044924802404,7.183900259928529
463.65000000000043,3.719044924802404,7.295285421114402
463.6750000000004,3.709988963170005,4.289210209125224
463.7000000000004,3.709988963170005,8.48207738031192
463.7250000000004,3.673220964951625,8.286534870719303
463.7500000000004,3.673220964951625,8.44738558164833
463.77500000000043,3.5069629418907198,8.805683361958982
463.8000000000004,3.5069629418907198,8.930963800918816
463.8250000000004,3.5114820750135607,5.48940045744406
463.8500000000004,3.5114820750135607,5.559267671921914
463.8750000000004,3.4078571023225237,5.518504526422573
463.90000000000043,3.4078571023225237,5.518504526422573
463.9250000000004,3.3288791314150217,4.990487551222064
463.9500000000004,3.3288791314150217,4.687561562402916
463.9750000000004,3.4450981039399267,5.178765626403507
464.0000000000004,3.4450981039399267,5.323301931099187
464.02500000000043,3.451778803414527,3.1916672618295565
464.0500000000004,3.451778803414527,3.6039033677472907
464.0750000000004,3.434798270279842,3.714143198686094
464.1000000000004,3.434798270279842,3.68093294006216
464.1250000000004,3.4270952855328005,3.68093294006216
464.15000000000043,3.4270952855328005,3.314866118454247
464.1750000000004,3.4306952743530417,3.314866118454247
464.2000000000004,3.4306952743530417,3.6723526620267783
464.2250000000004,3.5143477147616835,3.7461697159832283
464.2500000000004,3.5143477147616835,3.7516365721160763
464.27500000000043,3.4884883470405583,3.7516365721160763
464.3000000000004,3.4884883470405583,3.7516365721160763
464.3250000000004,3.284257687602178,4.36365559499875
464.3500000000004,3.284257687602178,4.176148174315706
464.3750000000004,3.0889918427087935,4.392628471458477
464.40000000000043,3.0889918427087935,4.196066875253099
464.4250000000004,3.083861073246638,3.999749903674858
464.4500000000004,3.083861073246638,4.388163288199484
464.4750000000004,2.959738513567274,4.5056048677707885
464.5000000000004,2.959738513567274,4.554614210148124
464.52500000000043,3.0021635692371405,5.039331026596249
464.5500000000004,3.0021635692371405,4.893975958173322
464.5750000000004,3.046860217931922,4.763643846661116
464.6000000000004,3.046860217931922,5.125059094487865
464.6250000000004,3.2177556111312384,4.924351921857979
464.65000000000043,3.2177556111312384,5.122025527794314
464.6750000000004,3.1888345342474196,5.24961123343722
464.7000000000004,3.1888345342474196,5.585025021182088
464.7250000000004,3.1788090187981197,5.753899550412849
464.7500000000004,3.1788090187981197,5.528869476291102
464.77500000000043,3.0536062434536433,5.358584729285163
464.8000000000004,3.0536062434536433,5.415274565288015
464.8250000000004,2.842128922135714,5.0962044966644955
464.8500000000004,2.842128922135714,5.0834195921888705
464.8750000000004,2.6496657493264735,4.9903037371295715
464.90000000000043,2.6496657493264735,4.259517955591623
464.9250000000004,2.655675319677016,4.274247619472279
464.9500000000004,2.655675319677016,4.252315466857788
464.9750000000004,2.6451073208289557,4.297493774878102
465.0000000000004,2.6451073208289557,4.133176802456868
465.02500000000043,2.707793283426682,5.187162246192729
465.0500000000004,2.707793283426682,5.235763696052032
465.0750000000004,2.688802355153257,7.369202659572997
465.1000000000004,2.688802355153257,7.891107655392606
465.1250000000004,2.9413195690311227,7.967908604578233
465.15000000000043,2.9413195690311227,9.189038829470089
465.1750000000004,3.1643328352830764,8.826015621056586
465.2000000000004,3.1643328352830764,8.856271281912012
465.2250000000004,3.178569324339122,8.905189683184457
465.2500000000004,3.178569324339122,8.775238080725133
465.27500000000043,3.3068918720889258,9.00524976234674
465.3000000000004,3.3068918720889258,9.325467049712303
465.3250000000004,3.409833440247965,8.541094807431602
465.3500000000004,3.409833440247965,8.695742582685297
465.3750000000004,3.5192245102785193,8.434969708958766
465.40000000000043,3.5192245102785193,8.467872241876979
465.4250000000004,3.6221178413792643,8.22535882769648
465.4500000000004,3.6221178413792643,7.799732161077847
465.4750000000004,3.695537016757598,7.776799860177548
465.5000000000004,3.695537016757598,7.5584886679729175
465.52500000000043,3.74736298363014,4.572068969968249
465.5500000000004,3.74736298363014,4.603970450765801
465.5750000000004,3.826598674495486,3.0327614092190327
465.6000000000004,3.826598674495486,3.249548124102501
465.6250000000004,3.8758988669297594,3.0970375028272277
465.65000000000043,3.8758988669297594,3.019514063806062
465.6750000000004,3.814446779181793,3.0332666674495874
465.7000000000004,3.814446779181793,2.9818109845011818
465.7250000000004,3.722778443008181,3.1830291793377405
465.7500000000004,3.722778443008181,3.2329893666623857
465.77500000000043,3.531839515639433,3.008788869794559
465.8000000000004,3.531839515639433,3.1411084048203004
465.8250000000004,3.4076826670662825,3.2425046675088054
465.8500000000004,3.4076826670662825,3.5173648922883944
465.8750000000004,3.1421009706034937,3.4438376950420193
465.90000000000043,3.1421009706034937,3.017466804003197
465.9250000000004,2.9735212387640217,3.1003166409654703
465.9500000000004,2.9735212387640217,3.3857196600863193
465.9750000000004,2.7128580075409587,3.6560949722351395
466.0000000000004,2.7128580075409587,2.725216161538955
466.02500000000043,2.478134118138208,2.66811719080665
466.0500000000004,2.478134118138208,2.584608394539881
466.0750000000004,2.252489287937349,2.779967383061927
466.1000000000004,2.252489287937349,2.5224412744571034
466.1250000000004,2.0719833138364203,2.625962781658712
466.15000000000043,2.0719833138364203,2.751963191424819
466.1750000000004,2.0689131303267176,2.644751139451941
466.2000000000004,2.0689131303267176,2.6269276894572817
466.2250000000004,2.0109772531373253,2.4049870226971386
466.2500000000004,2.0109772531373253,2.4219449455953175
466.27500000000043,1.993772606066159,2.4336331653250243
466.3000000000004,1.993772606066159,3.2922341575058067
466.3250000000004,2.0207522790274197,3.041547305908262
466.3500000000004,2.0207522790274197,5.44050051469972
466.3750000000004,1.8781468350669144,5.069594238898821
466.40000000000043,1.8781468350669144,5.105500961491847
466.4250000000004,1.635978370373138,4.920431329181099
466.4500000000004,1.635978370373138,5.046034275955685
466.4750000000004,1.4848942308454838,4.848059173846895
466.5000000000004,1.4848942308454838,4.5944419478825855
466.52500000000043,1.5634868289826755,6.125660063964521
466.5500000000004,1.5634868289826755,6.186397576949146
466.5750000000004,1.607498962685682,3.6043957356073673
466.6000000000004,1.607498962685682,3.3727448332305983
466.6250000000004,1.6403353679905592,3.49286717241017
466.65000000000043,1.6403353679905592,3.515400106264971
466.6750000000004,1.5868454584661151,3.515400106264971
466.7000000000004,1.5868454584661151,3.4884762041265964
466.7250000000004,1.5482604018883563,2.8768532779946865
466.7500000000004,1.5482604018883563,2.8768532779946865
466.77500000000043,1.620080893928474,2.909499908538697
466.8000000000004,1.620080893928474,3.2574501474987874
466.8250000000004,1.6458739328539167,3.3926270000641523
466.8500000000004,1.6458739328539167,2.694037967847334
466.8750000000004,1.789048025146954,2.748143912842352
466.90000000000043,1.789048025146954,2.6576425903320744
466.9250000000004,1.7683290472714646,2.380818687462683
466.9500000000004,1.7683290472714646,2.3599566126698015
466.9750000000004,1.800395575776193,2.381564106610726
467.0000000000004,1.800395575776193,2.4808723227911376
467.02500000000043,1.6457466554275442,2.4906042871053518
467.0500000000004,1.6457466554275442,2.7841354984560653
467.0750000000004,1.3658698546447567,2.861326414910826
467.1000000000004,1.3658698546447567,2.5219941157019137
467.1250000000004,1.0786273435659979,2.4509014566518794
467.15000000000043,1.0786273435659979,2.423989655569711
467.1750000000004,0.9576548478984392,2.4139220792232527
467.2000000000004,0.9576548478984392,2.306917636997564
467.2250000000004,1.0263292914085582,2.269826516048418
467.2500000000004,1.0263292914085582,2.254010819206039
467.27500000000043,1.205804901081578,2.2659441690157203
467.3000000000004,1.205804901081578,2.2492593053492365
467.3250000000004,1.4350282049809806,2.0690233644931664
467.3500000000004,1.4350282049809806,2.2601388876320936
467.3750000000004,1.6070552007209642,2.188988298023514
467.40000000000043,1.6070552007209642,2.4435573318415225
467.4250000000004,1.6959837074151238,3.3981684986718403
467.4500000000004,1.6959837074151238,3.3856162396934177
467.4750000000004,1.7673202968055364,3.2954924789071134
467.5000000000004,1.7673202968055364,3.531202662418389
467.52500000000043,1.9741726795869994,3.461887907128387
467.5500000000004,1.9741726795869994,3.259820840296041
467.5750000000004,2.2670010390779964,3.259820840296041
467.6000000000004,2.2670010390779964,3.278969395099142
467.6250000000004,2.466512287836835,3.4011993255040203
467.65000000000043,2.466512287836835,3.4165382825679154
467.6750000000004,2.571544949405407,3.2259018077670265
467.7000000000004,2.571544949405407,3.414994846184362
467.7250000000004,2.5850926618060868,3.680895046777323
467.7500000000004,2.5850926618060868,3.859317679300193
467.77500000000043,2.7236601375776246,3.8559779160517094
467.8000000000004,2.7236601375776246,4.080111968370963
467.82500000000044,2.752490815876797,4.204251232389538
467.8500000000004,2.752490815876797,4.128774182987437
467.8750000000004,2.8565718621584466,4.133288127560483
467.90000000000043,2.8565718621584466,4.102029263707882
467.9250000000004,2.913185120057335,4.149547052268696
467.95000000000044,2.913185120057335,4.149547052268696
467.9750000000004,2.971530918408675,4.182442682235815
468.0000000000004,2.971530918408675,4.196623603639704
468.02500000000043,2.9932536979814017,4.205963145092419
468.0500000000004,2.9932536979814017,4.240960823063703
468.07500000000044,2.9193223530151613,4.249585867462282
468.1000000000004,2.9193223530151613,4.242595575268694
468.1250000000004,2.7020932165578415,4.257712714807379
468.15000000000043,2.7020932165578415,4.283790853209542
468.1750000000004,2.355086880376035,4.221856990846189
468.20000000000044,2.355086880376035,4.536554428296628
468.2250000000004,2.1329567091684822,4.408595227908486
468.2500000000004,2.1329567091684822,4.454275498522936
468.27500000000043,2.009616778222963,3.7717184300822453
468.3000000000004,2.009616778222963,3.973724213137661
468.32500000000044,1.7959276191517262,3.846538653931184
468.3500000000004,1.7959276191517262,3.8977738850332644
468.3750000000004,1.5290317803621605,3.941027820224327
468.40000000000043,1.5290317803621605,3.9817807135191425
468.4250000000004,1.332429273688561,3.7514338648594965
468.45000000000044,1.332429273688561,3.633999101808523
468.4750000000004,1.1692030773876212,3.633999101808523
468.5000000000004,1.1692030773876212,3.6475486852545935
468.52500000000043,1.2197371211477162,3.9572735787421993
468.5500000000004,1.2197371211477162,4.021385700447779
468.57500000000044,1.3287613968298189,4.223932753205229
468.6000000000004,1.3287613968298189,4.117309819844513
468.6250000000004,1.4059390842703152,3.784224430618488
468.65000000000043,1.4059390842703152,3.765932586830033
468.6750000000004,1.5104294070683153,3.89498459834741
468.70000000000044,1.5104294070683153,3.89498459834741
468.7250000000004,1.6477520904676624,4.015210950502294
468.7500000000004,1.6477520904676624,3.597845038789592
468.77500000000043,1.6243166926409174,3.5783868847487095
468.8000000000004,1.6243166926409174,3.65049146749616
468.82500000000044,1.4407495837892839,3.604727291944154
468.8500000000004,1.4407495837892839,3.493539379067534
468.8750000000004,1.3220152239935032,3.0934632808108957
468.90000000000043,1.3220152239935032,3.0058626660393877
468.9250000000004,1.3429698090672417,11.453880215173465
468.95000000000044,1.3429698090672417,12.61927540754676
468.9750000000004,1.3714203444712467,12.402052882091464
469.0000000000004,1.3714203444712467,15.46818014855568
469.02500000000043,1.4008950543193635,15.308512208742291
469.0500000000004,1.4008950543193635,14.988744878561112
469.07500000000044,1.4358128435961248,15.051591442944972
469.1000000000004,1.4358128435961248,14.961493010122611
469.1250000000004,1.5209163993664845,14.705789234475837
469.15000000000043,1.5209163993664845,11.184611559130225
469.1750000000004,1.6543722187489607,9.698504852663662
469.20000000000044,1.6543722187489607,15.381299383839186
469.2250000000004,1.5896686360178336,12.351226383434394
469.2500000000004,1.5896686360178336,12.38875454785067
469.27500000000043,1.457728966902394,14.55286120201015
469.3000000000004,1.457728966902394,13.9996840741616
469.32500000000044,1.5618732390295378,3.500755340034991
469.3500000000004,1.5618732390295378,3.8415993158465516
469.3750000000004,1.6743364676016341,3.90013653043937
469.40000000000043,1.6743364676016341,3.786331652766603
469.4250000000004,1.7770378850528346,3.465020735471916
469.45000000000044,1.7770378850528346,3.5240937992797194
469.4750000000004,1.9916397236221002,3.514840100455066
469.5000000000004,1.9916397236221002,3.4594218639497303
469.52500000000043,2.2309078083844014,3.750634793855499
469.5500000000004,2.2309078083844014,3.751399316750989
469.57500000000044,2.437799076316125,3.7318838709839195
469.6000000000004,2.437799076316125,3.870122696132433
469.6250000000004,2.561095737032076,3.5067372536608756
469.65000000000043,2.561095737032076,3.5082353892201463
469.6750000000004,2.492465354406562,3.673698186370328
469.70000000000044,2.492465354406562,3.284600178551332
469.7250000000004,2.563124242569046,2.9159599202733917
469.7500000000004,2.563124242569046,2.8219258460384626
469.77500000000043,2.6799089930394757,2.8794676239464185
469.8000000000004,2.6799089930394757,2.906046368888308
469.82500000000044,2.8135532979644466,2.801336621215464
469.8500000000004,2.8135532979644466,2.7498316728252985
469.8750000000004,2.836214461005639,3.0840784197803064
469.90000000000043,2.836214461005639,3.3131403833943445
469.9250000000004,2.817109729543361,3.113548846049122
469.95000000000044,2.817109729543361,2.8099079847294717
469.9750000000004,2.7873362800198436,3.108187785194358
470.0000000000004,2.7873362800198436,3.3268713761620483
470.02500000000043,2.786071396566143,3.188848245647114
470.0500000000004,2.786071396566143,3.4046904011426036
470.07500000000044,2.7013749000974343,2.7793270741517273
470.1000000000004,2.7013749000974343,2.4373615272859195
470.1250000000004,2.5706984305575133,2.7114403253052086
470.15000000000043,2.5706984305575133,2.8423851688160817
470.1750000000004,2.3820678782574447,2.8067383165154722
470.20000000000044,2.3820678782574447,2.671471174136002
470.2250000000004,2.1966526266846813,2.702410322737357
470.2500000000004,2.1966526266846813,2.9021159777778096
470.27500000000043,2.2209523695401145,2.9560109596500683
470.3000000000004,2.2209523695401145,2.7906156345661133
470.32500000000044,2.383272531696207,2.8759899820740857
470.3500000000004,2.383272531696207,2.846104701224344
470.3750000000004,2.507275950596707,2.758378444404679
470.40000000000043,2.507275950596707,2.87499941891971
470.4250000000004,2.6682346713056972,3.0707419845534205
470.45000000000044,2.6682346713056972,3.1538173801024674
470.4750000000004,2.8254229614588837,3.2815408310841194
470.5000000000004,2.8254229614588837,3.6527953908923445
470.52500000000043,2.9393847058221354,3.4638469527116964
470.5500000000004,2.9393847058221354,3.328378871314571
470.57500000000044,3.0507763956589997,3.2100777070279363
470.6000000000004,3.0507763956589997,3.241599707042088
470.6250000000004,3.17991412860124,3.6176625822456856
470.65000000000043,3.17991412860124,6.4769273039080595
470.6750000000004,3.3688026745280553,6.582386825539032
470.70000000000044,3.3688026745280553,3.9908207710787518
470.7250000000004,3.62714611288348,3.9706804156704174
470.7500000000004,3.62714611288348,3.9203692918644175
470.77500000000043,3.883308824310177,3.923075784046254
470.8000000000004,3.883308824310177,6.659198828155195
470.82500000000044,4.051707914997337,4.082655682741468
470.8500000000004,4.051707914997337,4.0961484085771325
470.8750000000004,4.184251988290995,4.7429543384030195
470.90000000000043,4.184251988290995,8.538882306115202
470.9250000000004,4.186495504326302,8.77497350599734
470.95000000000044,4.186495504326302,4.896465055016101
470.9750000000004,4.193185826038274,4.865574255795383
471.0000000000004,4.193185826038274,4.913448814600306
471.02500000000043,4.196694660736,4.268530271693693
471.0500000000004,4.196694660736,4.391432005988103
471.07500000000044,4.152743240495354,4.450529253611923
471.1000000000004,4.152743240495354,4.213469418678331
471.1250000000004,4.003782893169202,4.170754793306644
471.15000000000043,4.003782893169202,3.8792456769896058
471.1750000000004,3.7981299292621173,4.163512303130326
471.20000000000044,3.7981299292621173,4.825261279890314
471.2250000000004,3.5001924644549547,4.686220738909069
471.2500000000004,3.5001924644549547,4.7377253476001195
471.27500000000043,3.327462644847742,4.810678541466647
471.3000000000004,3.327462644847742,4.000466550117108
471.32500000000044,3.0560203095517267,3.8351228877778123
471.3500000000004,3.0560203095517267,3.834880084329951
471.3750000000004,2.955308492599258,3.576933582529954
471.40000000000043,2.955308492599258,3.6814505607740617
471.4250000000004,2.867386516693884,3.7315407036765254
471.45000000000044,2.867386516693884,3.63325498659665
471.4750000000004,3.010430813822097,3.5122184899718203
471.5000000000004,3.010430813822097,3.4139654762197624
471.52500000000043,2.9403925480282425,3.8264999577411896
471.5500000000004,2.9403925480282425,3.8557542399345466
471.57500000000044,3.0557038763178355,3.854519361568185
471.6000000000004,3.0557038763178355,3.439821756753413
471.6250000000004,3.217700597502798,3.4046680406016754
471.65000000000043,3.217700597502798,3.4567450865540095
471.6750000000004,3.337933110064114,3.7845358241043887
471.70000000000044,3.337933110064114,3.7442568542076633
471.7250000000004,3.476068107722753,3.7226828434287205
471.7500000000004,3.476068107722753,3.251177214346706
471.77500000000043,3.622427142617539,3.2549407973527327
471.8000000000004,3.622427142617539,3.3487562745494897
471.82500000000044,3.7845289117016847,3.187371533747881
471.8500000000004,3.7845289117016847,4.86705300089599
471.8750000000004,3.8962335699659576,4.9361065941176
471.90000000000043,3.8962335699659576,4.382117219445193
471.9250000000004,3.8803989606132063,4.00988882698681
471.95000000000044,3.8803989606132063,3.8157955605134974
471.9750000000004,3.7965052362424956,3.2470341710126887
472.0000000000004,3.7965052362424956,3.428959582964791
472.02500000000043,3.6830834065175395,3.4062719996171076
472.0500000000004,3.6830834065175395,3.669171832634435
472.07500000000044,3.4192262574862156,3.524126733737709
472.1000000000004,3.4192262574862156,3.7131626928917023
472.1250000000004,3.3018322420803656,3.7605321445614366
472.15000000000043,3.3018322420803656,3.7891028704452983
472.1750000000004,3.219292380296082,3.771322529485948
472.20000000000044,3.219292380296082,3.716474306973191
472.2250000000004,3.2482245176901188,3.7272522840322426
472.2500000000004,3.2482245176901188,4.1670796961453815
472.27500000000043,3.203634189912023,4.197473928323643
472.3000000000004,3.203634189912023,4.235992468471656
472.32500000000044,3.0642398948880043,4.292396557689909
472.3500000000004,3.0642398948880043,4.262002325511648
472.3750000000004,2.6560267640897592,4.259473621115885
472.40000000000043,2.6560267640897592,4.223826620046514
472.4250000000004,2.1179684089596407,3.9828764662651164
472.45000000000044,2.1179684089596407,3.9828764662651164
472.4750000000004,1.7917381591399817,3.995790074974079
472.5000000000004,1.7917381591399817,4.0149298646661915
472.52500000000043,1.532688489725885,3.7672035705871507
472.5500000000004,1.532688489725885,3.7612455077566467
472.57500000000044,1.2285524191942443,3.4166523380604854
472.6000000000004,1.2285524191942443,3.2927313606671778
472.6250000000004,1.23426595051032,3.1956217120263837
472.65000000000043,1.23426595051032,2.9370549256580394
472.6750000000004,1.1143400117859414,2.751904048255962
472.70000000000044,1.1143400117859414,2.445898166209552
472.7250000000004,1.2824294227824993,2.782357479714683
472.7500000000004,1.2824294227824993,2.8927815777494454
472.77500000000043,1.637284664698086,2.8919920037098383
472.8000000000004,1.637284664698086,2.796405186476787
472.82500000000044,1.8592650643305006,2.3771697155863145
472.8500000000004,1.8592650643305006,2.3771697155863145
472.8750000000004,2.1766013195618825,3.0694214195454936
472.90000000000043,2.1766013195618825,3.037875953084209
472.9250000000004,2.371827687943238,2.8888130908673095
472.95000000000044,2.371827687943238,3.000332335358199
472.9750000000004,2.550552963728421,3.1877226438958495
473.0000000000004,2.550552963728421,2.8858874132204404
473.02500000000043,2.690976828829875,2.8994459130315406
473.0500000000004,2.690976828829875,2.8880694871007155
473.07500000000044,2.785595181223556,2.6893411518103596
473.1000000000004,2.785595181223556,2.927785029701164
473.1250000000004,2.9702066755412204,2.9710406481806615
473.15000000000043,2.9702066755412204,3.055770146735425
473.1750000000004,3.130493382911766,3.3686549526919563
473.20000000000044,3.130493382911766,3.7829089473496884
473.2250000000004,3.2702403431171803,3.629346491609462
473.2500000000004,3.2702403431171803,4.07989620031826
473.27500000000043,3.436035318385919,4.044522332387042
473.3000000000004,3.436035318385919,4.042480482893234
473.32500000000044,3.5209731671961038,4.269928724533988
473.3500000000004,3.5209731671961038,3.931527492939233
473.3750000000004,3.6351542655216065,3.9414232822879147
473.40000000000043,3.6351542655216065,4.285248660990153
473.4250000000004,3.6280462191291605,4.391463530853958
473.45000000000044,3.6280462191291605,4.369128090179865
473.4750000000004,3.6404951615607644,4.212230640399149
473.5000000000004,3.6404951615607644,4.190017538216791
473.52500000000043,3.847647206553475,4.262759810691718
473.5500000000004,3.847647206553475,4.359478151381335
473.57500000000044,4.033896637957895,4.27913867006113
473.6000000000004,4.033896637957895,4.6214705260858375
473.6250000000004,4.189244312856104,4.606709639092952
473.65000000000043,4.189244312856104,4.8617276823483
473.6750000000004,4.343891301109821,4.840981464074597
473.70000000000044,4.343891301109821,4.584260908382091
473.7250000000004,4.487325099199566,4.359835667874062
473.7500000000004,4.487325099199566,4.345615003355799
473.77500000000043,4.629111652063926,4.242884899644032
473.8000000000004,4.629111652063926,4.242884899644032
473.82500000000044,4.743378628167321,4.233858401760051
473.8500000000004,4.743378628167321,4.230118945526874
473.8750000000004,4.837394174113754,4.230118945526874
473.90000000000043,4.837394174113754,4.58721900281251
473.9250000000004,4.930470205854235,6.7669728656352035
473.95000000000044,4.930470205854235,6.832210848366893
473.9750000000004,5.06944608190328,7.762538075364225
474.0000000000004,5.06944608190328,7.783827707241895
474.02500000000043,5.145090070836943,9.1032718003506
474.0500000000004,5.145090070836943,9.062925237678234
474.07500000000044,5.157204436741566,9.030309730301637
474.1000000000004,5.157204436741566,4.820427071235985
474.1250000000004,5.151864223203404,9.129828915796864
474.15000000000043,5.151864223203404,8.424176074927237
474.1750000000004,5.1935344425577625,7.07394583534727
474.20000000000044,5.1935344425577625,8.267026972432834
474.2250000000004,5.244494306000007,8.311871717742779
474.2500000000004,5.244494306000007,5.073930184144231
474.27500000000043,5.297688403587159,5.112947988637143
474.3000000000004,5.297688403587159,5.111156141834422
474.32500000000044,5.3319243465768835,5.11090192175086
474.3500000000004,5.3319243465768835,5.17152022690912
474.3750000000004,5.367562695973476,5.140411635176957
474.40000000000043,5.367562695973476,4.963231132935516
474.4250000000004,5.413284572330241,5.458169811327026
474.45000000000044,5.413284572330241,4.486625962832933
474.4750000000004,5.455374566467441,6.843019620285453
474.5000000000004,5.455374566467441,7.34875226886109
474.52500000000043,5.503681934053034,4.73444015690968
474.5500000000004,5.503681934053034,4.689504668658903
474.57500000000044,5.5215251232665565,4.829502093539589
474.6000000000004,5.5215251232665565,5.369310205293785
474.6250000000004,5.588778666353207,5.158145281237864
474.65000000000043,5.588778666353207,5.56012328731724
474.6750000000004,5.623425520981101,5.74959405575365
474.70000000000044,5.623425520981101,5.842938433851948
474.7250000000004,5.578032421584396,5.748665008921022
474.7500000000004,5.578032421584396,5.763390989301199
474.77500000000043,5.532557134355358,5.784071199610863
474.8000000000004,5.532557134355358,5.8068929130821845
474.82500000000044,5.620440168666633,5.35151498621048
474.8500000000004,5.620440168666633,5.010694535620694
474.8750000000004,5.730005387936885,5.017811085204057
474.90000000000043,5.730005387936885,5.0636793814327845
474.9250000000004,5.838028360996844,7.877864016190281
474.95000000000044,5.838028360996844,8.067357764525628
474.9750000000004,5.942869969546678,9.976951933174245
475.0000000000004,5.942869969546678,5.650323129428565
475.02500000000043,6.044084265055886,5.138778401464724
475.0500000000004,6.044084265055886,5.601467022753889
475.07500000000044,6.133972986357037,5.640025050811804
475.1000000000004,6.133972986357037,5.455555333494517
475.1250000000004,6.225581573459365,8.537589476992228
475.15000000000043,6.225581573459365,8.43027171462489
475.1750000000004,6.28543811210848,5.553370537944302
475.20000000000044,6.28543811210848,5.506863953556669
475.2250000000004,6.355513583390362,5.552894898603799
475.2500000000004,6.355513583390362,5.7476722858752325
475.27500000000043,6.410880162361394,5.511606172956329
475.3000000000004,6.410880162361394,5.465643137515762
475.32500000000044,6.493073265578545,6.090427548959073
475.3500000000004,6.493073265578545,5.5328766748457126
475.3750000000004,6.578003508934117,5.5328766748457126
475.40000000000043,6.578003508934117,5.575349983461214
475.4250000000004,6.666168618881144,5.552945770488451
475.45000000000044,6.666168618881144,5.548388033486739
475.4750000000004,6.763704071163559,5.327573083663428
475.5000000000004,6.763704071163559,6.043565501984605
475.52500000000043,6.858862117061776,6.109339693421227
475.5500000000004,6.858862117061776,5.99275524092416
475.57500000000044,6.9517940659273165,5.906148807348415
475.6000000000004,6.9517940659273165,5.971616561567104
475.6250000000004,7.010603114227806,5.9313850815763365
475.65000000000043,7.010603114227806,6.039393140733589
475.6750000000004,7.0577117720877425,8.833037379615824
475.70000000000044,7.0577117720877425,7.93049613160185
475.7250000000004,7.095106775600684,5.553746831968384
475.7500000000004,7.095106775600684,5.558071994718166
475.77500000000043,7.127659341586195,5.834786220895319
475.8000000000004,7.127659341586195,5.794396395803126
475.82500000000044,7.188275378097941,5.283962827024625
475.8500000000004,7.188275378097941,5.103530596968893
475.8750000000004,7.265161797898074,5.05750791565131
475.90000000000043,7.265161797898074,5.246778035010403
475.9250000000004,7.340889807411486,4.813265845863917
475.95000000000044,7.340889807411486,4.770301854257045
475.9750000000004,7.407027294232719,4.770301854257045
476.0000000000004,7.407027294232719,4.611371944884897
476.02500000000043,7.452569497197501,4.608396871084674
476.0500000000004,7.452569497197501,4.608396871084674
476.07500000000044,7.4927291974833,4.625423498797815
476.1000000000004,7.4927291974833,4.674961801922546
476.1250000000004,7.518511207716045,4.69753057367748
476.15000000000043,7.518511207716045,4.665101188214926
476.1750000000004,7.549097095167383,4.551919487131057
476.20000000000044,7.549097095167383,4.67867004134875
476.2250000000004,7.573657470496158,5.240513130356792
476.2500000000004,7.573657470496158,5.229848961161363
476.27500000000043,7.608347251107261,8.139912936179822
476.3000000000004,7.608347251107261,8.301683436172308
476.32500000000044,7.638784600146764,5.6855508406558055
476.3500000000004,7.638784600146764,6.154604170438074
476.3750000000004,7.668801092604582,6.229644170934599
476.40000000000043,7.668801092604582,5.667211458680826
476.4250000000004,7.686642927419442,5.667211458680826
476.45000000000044,7.686642927419442,5.667211458680826
476.4750000000004,7.6891644098158025,5.613477434594131
476.5000000000004,7.6891644098158025,5.4845774096983435
476.52500000000043,7.654616496358798,5.972834920195507
476.5500000000004,7.654616496358798,6.367928428649905
476.57500000000044,7.650552888122434,6.061629055908805
476.6000000000004,7.650552888122434,9.631323623630287
476.6250000000004,7.595967688664118,7.438428090526735
476.65000000000043,7.595967688664118,7.285863199813772
476.6750000000004,7.423126151816277,7.197108754604027
476.70000000000044,7.423126151816277,7.064250130295239
476.7250000000004,7.222803762492674,6.8029981903845576
476.7500000000004,7.222803762492674,6.735020050874063
476.77500000000043,7.076625411920475,7.013395072630645
476.8000000000004,7.076625411920475,5.752188454677934
476.82500000000044,6.899852504026683,7.171762405288794
476.8500000000004,6.899852504026683,7.224817677832859
476.8750000000004,6.751366566334738,5.6551012650028865
476.90000000000043,6.751366566334738,7.103295485859511
476.9250000000004,6.6411644161075145,7.084413201155351
476.95000000000044,6.6411644161075145,6.30533335936728
476.9750000000004,6.47726572539716,6.079589262008381
477.0000000000004,6.47726572539716,5.77536130646977
477.02500000000043,6.41551384144644,5.238960952211617
477.0500000000004,6.41551384144644,4.574991297475079
477.07500000000044,6.339795383043338,4.608619373135583
477.1000000000004,6.339795383043338,4.631237895402035
477.1250000000004,6.173364578322634,4.411242728859129
477.15000000000043,6.173364578322634,4.109403030643944
477.1750000000004,5.801861624787762,11.67939367200932
477.20000000000044,5.801861624787762,11.942050481209321
477.2250000000004,5.244012669682903,11.808182149571953
477.2500000000004,5.244012669682903,11.707982505200984
477.27500000000043,4.75695406468904,11.600707103907599
477.3000000000004,4.75695406468904,11.497535429693862
477.32500000000044,4.303258951579764,11.469395014323409
477.3500000000004,4.303258951579764,11.291984331585795
477.3750000000004,3.868316439612798,11.436327460311055
477.40000000000043,3.868316439612798,9.924228509436569
477.4250000000004,3.56455733122732,3.8442765254353257
477.45000000000044,3.56455733122732,3.7231272541585723
477.4750000000004,3.3211667423495186,3.6725145953214104
477.5000000000004,3.3211667423495186,3.652550415013863
477.52500000000043,3.099741880538957,4.272466884325569
477.5500000000004,3.099741880538957,3.969685848008744
477.57500000000044,2.9128349076825657,3.9239302869545556
477.6000000000004,2.9128349076825657,3.1630066619926414
477.6250000000004,2.909269739639086,3.7872837239688533
477.65000000000043,2.909269739639086,3.8133286124135086
477.6750000000004,3.0028910342733184,3.7749938622436066
477.70000000000044,3.0028910342733184,3.9240566965097496
477.7250000000004,3.057146010682686,3.9266286328662017
477.7500000000004,3.057146010682686,3.9565609681199136
477.77500000000043,3.1345761101355265,3.9753348003168787
477.8000000000004,3.1345761101355265,3.980029220540355
477.82500000000044,3.1704676276969224,3.923693447143595
477.8500000000004,3.1704676276969224,3.3677615680316935
477.8750000000004,3.2057518465097985,3.3652066429084506
477.90000000000043,3.2057518465097985,3.3412809158057324
477.9250000000004,3.246558990106834,3.315490136602556
477.95000000000044,3.246558990106834,3.208353863676267
477.9750000000004,3.112404677468902,3.197051454669278
478.0000000000004,3.112404677468902,3.2543981199885685
478.02500000000043,3.164280053484404,3.259095584479793
478.0500000000004,3.164280053484404,3.479134422093102
478.07500000000044,3.142418861682657,3.6236915439699926
478.1000000000004,3.142418861682657,3.7853081788289535
478.1250000000004,3.170098411978657,3.7853081788289535
478.15000000000043,3.170098411978657,3.583911831164548
478.1750000000004,3.2166318857485265,3.730194555523898
478.20000000000044,3.2166318857485265,3.7509273612315566
478.2250000000004,3.2303935562256214,3.696065569830008
478.2500000000004,3.2303935562256214,3.685755964870066
478.27500000000043,3.3501703203580746,3.682270541050329
478.3000000000004,3.3501703203580746,3.756105157453829
478.32500000000044,3.506352425999367,4.0285898056652005
478.3500000000004,3.506352425999367,4.013733405640886
478.3750000000004,3.6775043903449642,3.9985981056392217
478.40000000000043,3.6775043903449642,3.9096551205489414
478.4250000000004,3.83484153032974,3.976993115855529
478.45000000000044,3.83484153032974,4.021280721695028
478.4750000000004,4.048545167188394,4.045163117711471
478.5000000000004,4.048545167188394,4.004704510631836
478.52500000000043,4.246140415503518,4.024505541086203
478.5500000000004,4.246140415503518,4.367510581349264
478.57500000000044,4.356178054489121,4.48708907549215
478.6000000000004,4.356178054489121,4.500023941038749
478.6250000000004,4.475760646880687,4.531030545777566
478.65000000000043,4.475760646880687,4.531030545777566
478.6750000000004,4.577385942637278,4.5329587246655345
478.70000000000044,4.577385942637278,4.537268784200253
478.7250000000004,4.629294818645803,4.5299982200772675
478.7500000000004,4.629294818645803,4.518474443897397
478.77500000000043,4.662407962242327,4.752576186076569
478.8000000000004,4.662407962242327,5.059872663399676
478.82500000000044,4.73804868511408,4.76057832904107
478.8500000000004,4.73804868511408,4.8909558236327895
478.8750000000004,4.73256346456084,7.626478247728303
478.90000000000043,4.73256346456084,7.592912346754631
478.9250000000004,4.522610108132639,7.507607974775262
478.95000000000044,4.522610108132639,7.617005713014904
478.9750000000004,4.2843181899371245,7.547962137676321
479.0000000000004,4.2843181899371245,7.737386387116843
479.02500000000043,4.103698376470263,7.764947980469929
479.0500000000004,4.103698376470263,7.7900620000165475
479.07500000000044,3.9076302973734016,7.760257473990005
479.1000000000004,3.9076302973734016,4.115969447919557
479.1250000000004,3.7938045578365944,4.087530666074642
479.15000000000043,3.7938045578365944,3.2856952314579297
479.1750000000004,3.790155361959961,3.267030294322587
479.20000000000044,3.790155361959961,3.2426018116349873
479.2250000000004,3.8090357226163576,3.0256468936708614
479.2500000000004,3.8090357226163576,3.0895834997873175
479.27500000000043,3.850182831905201,3.0261406666403246
479.3000000000004,3.850182831905201,2.9731982093685874
479.32500000000044,3.943447311463075,2.9731982093685874
479.3500000000004,3.943447311463075,3.1113690492417123
479.3750000000004,3.934338436595098,3.723958173409944
479.40000000000043,3.934338436595098,3.709770589452815
479.4250000000004,3.7154363909297956,3.8034355813486993
479.45000000000044,3.7154363909297956,3.167511845799436
479.4750000000004,3.3875228469938037,3.2221646205879235
479.5000000000004,3.3875228469938037,2.929378341074031
479.52500000000043,3.210060510944487,3.737251442628929
479.5500000000004,3.210060510944487,3.6830639702469323
479.57500000000044,2.9842716455231653,3.7319345997128432
479.6000000000004,2.9842716455231653,3.1512525109846505
479.6250000000004,2.7998976757104828,3.26539488384896
479.65000000000043,2.7998976757104828,3.3499107704196205
479.6750000000004,2.7866649460498962,3.2013009887139567
479.70000000000044,2.7866649460498962,3.1871562218263265
479.7250000000004,2.653039756579119,3.2841521988884264
479.7500000000004,2.653039756579119,3.221337931253663
479.77500000000043,2.6173994507739167,3.151710421527045
479.8000000000004,2.6173994507739167,3.1104906180274354
479.82500000000044,2.490894564408862,3.0045830784686967
479.8500000000004,2.490894564408862,3.057714212459948
479.8750000000004,2.428605851608239,3.1719055311247892
479.90000000000043,2.428605851608239,3.0503247924505694
479.9250000000004,2.565184420993404,2.8983909955527203
479.95000000000044,2.565184420993404,2.9396916698217797
479.9750000000004,2.6994389174719657,2.9977007497600208
480.0000000000004,2.6994389174719657,3.012323839113617
480.02500000000043,2.750969424640246,3.0767476454267855
480.0500000000004,2.750969424640246,3.154823205252798
480.07500000000044,2.692089817549885,2.9793337395760218
480.1000000000004,2.692089817549885,2.949826966730182
480.1250000000004,2.7913219229377972,2.8699896502861675
480.15000000000043,2.7913219229377972,2.9575813546590353
480.1750000000004,2.9134513101503643,2.778307334135894
480.20000000000044,2.9134513101503643,2.6761222221930128
480.2250000000004,3.0817042541223145,2.651405947688977
480.2500000000004,3.0817042541223145,2.7669854294726117
480.27500000000043,3.241272105267953,3.2869342157147217
480.3000000000004,3.241272105267953,3.413241655992029
480.32500000000044,3.3575607286831257,3.5201777856373213
480.3500000000004,3.3575607286831257,3.529517327090036
480.3750000000004,3.4859112433598796,3.6350093069907143
480.40000000000043,3.4859112433598796,3.6033393174421264
480.4250000000004,3.5618841093048417,3.5248458271184875
480.45000000000044,3.5618841093048417,3.5394689164720843
480.4750000000004,3.5903955370635146,3.622194974905779
480.50000000000045,3.5903955370635146,3.6455533564165465
480.52500000000043,3.692021522423474,3.715009858811089
480.5500000000004,3.692021522423474,3.703823594707558
480.57500000000044,3.8741737305772403,3.703823594707558
480.6000000000004,3.8741737305772403,3.717587633907959
480.62500000000045,4.0684237574761255,4.055006853578596
480.65000000000043,4.0684237574761255,4.05948755701645
480.6750000000004,4.241435183616645,4.092872446103446
480.70000000000044,4.241435183616645,4.196143257490437
480.7250000000004,4.33413183947124,4.228472047626608
480.75000000000045,4.33413183947124,4.236049445923815
480.77500000000043,4.314185241507033,4.304130772592179
480.8000000000004,4.314185241507033,4.297403374262704
480.82500000000044,4.359656864439685,4.214547757769491
480.8500000000004,4.359656864439685,4.215866481335793
480.87500000000045,4.334335794566485,4.197574637547337
480.90000000000043,4.334335794566485,4.2047773047788874
480.9250000000004,4.2397101382598805,4.48297633732531
480.95000000000044,4.2397101382598805,4.4747659730525235
480.9750000000004,4.251781934547495,4.486963237070764
481.00000000000045,4.251781934547495,4.480151229808743
481.02500000000043,4.12338476695912,4.480151229808743
481.0500000000004,4.12338476695912,4.254618957425128
481.07500000000044,4.080826500165401,4.155611257546642
481.1000000000004,4.080826500165401,4.142262364480921
481.12500000000045,3.8768919250405247,4.1757531113425435
481.15000000000043,3.8768919250405247,4.178524108468258
481.1750000000004,3.7884325611959184,4.195614390884565
481.20000000000044,3.7884325611959184,4.058017539853232
481.2250000000004,3.729608321408236,4.051549406774087
481.25000000000045,3.729608321408236,4.067532597307284
481.27500000000043,3.6619040569472787,4.1064430995974535
481.3000000000004,3.6619040569472787,4.078335875216307
481.32500000000044,3.6181598776800428,4.280137136376564
481.3500000000004,3.6181598776800428,4.022683664878261
481.37500000000045,3.730520146703384,4.044240126029087
481.40000000000043,3.730520146703384,4.044240126029087
481.4250000000004,3.7914433125458373,4.022683664878261
481.45000000000044,3.7914433125458373,3.97446705281168
481.4750000000004,3.764138940716606,4.141685099131947
481.50000000000045,3.764138940716606,6.108179754737596
481.52500000000043,3.8901990389834396,6.108372887300809
481.5500000000004,3.8901990389834396,7.073097625344476
481.57500000000044,4.026306526314315,6.714550607689509
481.6000000000004,4.026306526314315,6.660923189352684
481.62500000000045,4.207109981166084,6.62049424086503
481.65000000000043,4.207109981166084,5.224107636900819
481.6750000000004,4.355253752047446,5.250192219008493
481.70000000000044,4.355253752047446,5.184899939090038
481.7250000000004,4.448111833894416,4.774181180795795
481.75000000000045,4.448111833894416,5.103673603606587
481.77500000000043,4.513887594771873,5.187708811589265
481.8000000000004,4.513887594771873,5.207969659950643
481.82500000000044,4.584012555798225,5.116646054313341
481.8500000000004,4.584012555798225,4.990336220520288
481.87500000000045,4.6832251451454,3.5986401456327766
481.90000000000043,4.6832251451454,3.5986401456327766
481.9250000000004,4.818787381461959,3.8060687733104004
481.95000000000044,4.818787381461959,3.764074662058641
481.9750000000004,4.942653458569154,3.7253160818443543
482.00000000000045,4.942653458569154,3.961777434367514
482.02500000000043,5.0917178231219395,3.951079974910808
482.0500000000004,5.0917178231219395,3.9854790826146966
482.07500000000044,5.244883788863646,4.510208011922368
482.1000000000004,5.244883788863646,4.498670303424152
482.12500000000045,5.394029924419456,4.962875097121387
482.15000000000043,5.394029924419456,7.572148075937481
482.1750000000004,5.562401150943259,7.540302321691522
482.20000000000044,5.562401150943259,4.930468596456487
482.2250000000004,5.739975963220644,5.020731920539759
482.25000000000045,5.739975963220644,5.055630081239135
482.27500000000043,5.856528011902965,4.381716435596328
482.3000000000004,5.856528011902965,4.457458790344008
482.32500000000044,5.799085271137887,4.45889991677505
482.3500000000004,5.799085271137887,4.482746594027301
482.37500000000045,5.75177053575308,4.414963897757462
482.40000000000043,5.75177053575308,4.44192413928734
482.4250000000004,5.714844502340591,4.373408382524987
482.45000000000044,5.714844502340591,4.362566708468095
482.4750000000004,5.660009342949587,4.734456387043271
482.50000000000045,5.660009342949587,4.661302891274323
482.52500000000043,5.547630094184504,5.792436639086496
482.5500000000004,5.547630094184504,5.765002434253171
482.57500000000044,5.4356740229843385,5.180552470050428
482.6000000000004,5.4356740229843385,4.411648705344292
482.62500000000045,5.188405794516469,4.447069579815539
482.65000000000043,5.188405794516469,4.396426342904828
482.6750000000004,5.137054514597127,6.095349219863554
482.70000000000044,5.137054514597127,5.6489973003964815
482.7250000000004,5.13519316919097,4.920877986394529
482.75000000000045,5.13519316919097,4.5056506748935305
482.77500000000043,5.240935243739632,5.403292347696325
482.8000000000004,5.240935243739632,5.476370756033405
482.82500000000044,5.261546725859792,5.147631009482064
482.8500000000004,5.261546725859792,5.147631009482064
482.87500000000045,5.221203379161808,5.513804588576534
482.90000000000043,5.221203379161808,5.405503644978077
482.9250000000004,5.103830271773731,5.024793543830107
482.95000000000044,5.103830271773731,4.567285066872493
482.9750000000004,4.976718270033897,4.533555642374021
483.00000000000045,4.976718270033897,4.569263463287488
483.02500000000043,4.829271930813427,4.2740241835946975
483.0500000000004,4.829271930813427,4.272171417396861
483.07500000000044,4.65486758788744,4.2662479109113
483.1000000000004,4.65486758788744,4.489561733331323
483.12500000000045,4.437125299638708,4.5780222391451675
483.15000000000043,4.437125299638708,4.600048807427615
483.1750000000004,4.389707809483364,4.307768728490931
483.20000000000044,4.389707809483364,4.128391624677545
483.2250000000004,4.189702921790893,3.9198935017676764
483.25000000000045,4.189702921790893,3.9403549749198463
483.27500000000043,3.9984860829968176,3.9659588593302453
483.3000000000004,3.9984860829968176,4.1865332663413515
483.32500000000044,3.878149190591339,4.099751606426508
483.3500000000004,3.878149190591339,4.042373972695209
483.37500000000045,3.6872799920214265,4.051339870738853
483.40000000000043,3.6872799920214265,4.079957523567232
483.4250000000004,3.4549460349312127,4.2541522254100785
483.45000000000044,3.4549460349312127,4.234700507495557
483.4750000000004,3.086768843392974,4.256583670746307
483.50000000000045,3.086768843392974,3.869887618559222
483.52500000000043,2.575192398038305,3.637054976831252
483.5500000000004,2.575192398038305,3.7334278430547387
483.57500000000044,2.245151599016787,3.6006308304757595
483.6000000000004,2.245151599016787,3.6006308304757595
483.62500000000045,1.9186416514475944,3.8832170869315736
483.65000000000043,1.9186416514475944,3.5849088365446056
483.6750000000004,1.5710826964351874,3.623004256188876
483.70000000000044,1.5710826964351874,3.623004256188876
483.7250000000004,1.3399309278423148,3.3431695690438357
483.75000000000045,1.3399309278423148,3.4253051437673294
483.77500000000043,0.897298500544855,3.2939013840798466
483.8000000000004,0.897298500544855,3.299870723892758
483.82500000000044,0.5250818571804627,4.3186393593284045
483.8500000000004,0.5250818571804627,4.195992616801895
483.87500000000045,0.3769657110528009,4.11425931011771
483.90000000000043,0.3769657110528009,3.962849819202525
483.9250000000004,0.3231661817729665,3.943936605686167
483.95000000000044,0.3231661817729665,3.7281527578744416
483.9750000000004,0.4713864216362534,3.835138126648947
484.00000000000045,0.4713864216362534,3.8531939562730138
484.02500000000043,0.4813534683617544,3.9499096991179936
484.0500000000004,0.4813534683617544,3.943647760112618
484.07500000000044,0.4928657485518014,4.133101322192353
484.1000000000004,0.4928657485518014,4.138430914255137
484.12500000000045,0.4386403658332628,3.3983244768011143
484.15000000000043,0.4386403658332628,3.2203721996237413
484.1750000000004,0.3792277454819932,3.200281335444015
484.20000000000044,0.3792277454819932,3.180871726894279
484.2250000000004,0.486663568308567,3.424470120023642
484.25000000000045,0.486663568308567,3.2238718587232955
484.27500000000043,0.6702442153727272,3.1594794808578706
484.3000000000004,0.6702442153727272,3.1085549120671025
484.32500000000044,0.7943610121246338,3.1317107613729895
484.3500000000004,0.7943610121246338,3.4214414706949894
484.37500000000045,0.7666188703531039,3.0292496463963623
484.40000000000043,0.7666188703531039,3.48430980588431
484.4250000000004,0.6346488395232467,3.5178594626351183
484.45000000000044,0.6346488395232467,3.121444152754878
484.4750000000004,0.551844403217752,3.676351265092961
484.50000000000045,0.551844403217752,3.954364436489198
484.52500000000043,0.4067029131136457,4.158374862732601
484.5500000000004,0.4067029131136457,4.377936322816638
484.57500000000044,0.5690315251752646,3.702058282325707
484.6000000000004,0.5690315251752646,3.9013343031448127
484.62500000000045,1.0040264628297964,4.284068429943127
484.65000000000043,1.0040264628297964,3.8379345105919724
484.6750000000004,1.402631508247467,4.353682953508008
484.70000000000044,1.402631508247467,4.872903232058175
484.7250000000004,1.6943224399188035,4.968950995689749
484.75000000000045,1.6943224399188035,4.214640754227529
484.77500000000043,1.826267709363371,3.9650349525188076
484.8000000000004,1.826267709363371,5.181916690190963
484.82500000000044,1.947785785469552,5.585955213851723
484.8500000000004,1.947785785469552,5.593066870172513
484.87500000000045,1.825437068099222,6.026523403287919
484.90000000000043,1.825437068099222,6.245182239773941
484.9250000000004,1.908324963935061,5.753141599070879
484.95000000000044,1.908324963935061,5.85528850535746
484.9750000000004,1.9757605432849288,5.869279029445553
485.00000000000045,1.9757605432849288,5.857833165138183
485.02500000000043,2.1154733744880634,5.667204850795705
485.0500000000004,2.1154733744880634,5.647373804647059
485.07500000000044,2.264743033584247,6.514312761145667
485.1000000000004,2.264743033584247,6.527518002735779
485.12500000000045,2.3999295257725226,5.9113274537468365
485.15000000000043,2.3999295257725226,6.227049270043555
485.1750000000004,2.319064778120773,5.509058565843904
485.20000000000044,2.319064778120773,5.691766565166509
485.2250000000004,2.223247741301168,6.534025939846202
485.25000000000045,2.223247741301168,8.36837663062075
485.27500000000043,2.246740968284434,8.40184000247693
485.3000000000004,2.246740968284434,8.331858063424932
485.32500000000044,2.333772585403662,7.910535180913939
485.3500000000004,2.333772585403662,5.763306426462223
485.37500000000045,2.52283511963844,5.367292098363089
485.40000000000043,2.52283511963844,5.044134537388408
485.4250000000004,2.724681607059168,5.00749017964176
485.45000000000044,2.724681607059168,5.252938582112774
485.4750000000004,3.038538098924193,5.190875928714895
485.50000000000045,3.038538098924193,4.9363725663227145
485.52500000000043,3.336831917430124,4.432970969842507
485.5500000000004,3.336831917430124,4.430055057477887
485.57500000000044,3.626860415148921,4.222905492377741
485.6000000000004,3.626860415148921,4.436628455063404
485.62500000000045,3.838254440412817,4.467108108155192
485.65000000000043,3.838254440412817,5.10674148278864
485.6750000000004,4.0257070613037325,4.898507157965601
485.70000000000044,4.0257070613037325,4.922232404916904
485.7250000000004,4.157999180624548,4.789213190936579
485.75000000000045,4.157999180624548,4.986612513676341
485.77500000000043,4.263527549464799,5.541215182229223
485.8000000000004,4.263527549464799,5.119128868130446
485.82500000000044,4.343885944313712,5.162511860279351
485.8500000000004,4.343885944313712,5.364504033309846
485.87500000000045,4.421078410153708,5.396997990287779
485.90000000000043,4.421078410153708,5.3155121512655565
485.9250000000004,4.488715315233415,5.473965168879186
485.95000000000044,4.488715315233415,5.431896133061364
485.9750000000004,4.532125994886449,5.35994788339719
486.00000000000045,4.532125994886449,5.399336801647882
486.02500000000043,4.620540360450011,6.024095885411367
486.0500000000004,4.620540360450011,6.1140552804748305
486.07500000000044,4.718971343556684,5.869204720069312
486.1000000000004,4.718971343556684,5.913387457286055
486.12500000000045,4.8267790225614,6.641106367404063
486.15000000000043,4.8267790225614,6.417717946193359
486.1750000000004,4.897065365123226,6.505426842807057
486.20000000000044,4.897065365123226,6.49682261209063
486.2250000000004,4.9960965740614025,6.541890454010531
486.25000000000045,4.9960965740614025,6.911396792034443
486.27500000000043,4.968705639324151,6.947488913989075
486.3000000000004,4.968705639324151,7.125564668517947
486.32500000000044,4.84553790827663,6.801040110052744
486.3500000000004,4.84553790827663,6.220457362760011
486.37500000000045,4.685822058841183,6.30451163928454
486.40000000000043,4.685822058841183,6.601011325253295
486.4250000000004,4.530514731665523,6.362321743893554
486.45000000000044,4.530514731665523,6.197042025623191
486.4750000000004,4.404784231934877,10.901907898993857
486.50000000000045,4.404784231934877,10.825676868647758
486.52500000000043,4.187282589512882,10.8120918604407
486.5500000000004,4.187282589512882,11.151530976834634
486.57500000000044,3.977788933631543,9.694597978106607
486.6000000000004,3.977788933631543,9.197396851118588
486.62500000000045,3.668161051939414,9.221283141701328
486.65000000000043,3.668161051939414,5.42926374392875
486.6750000000004,3.379013103466811,5.772485748790859
486.70000000000044,3.379013103466811,5.549618739045789
486.7250000000004,3.3514116532206804,5.478545219538348
486.75000000000045,3.3514116532206804,5.495867951004832
486.77500000000043,3.1861556242739635,5.025171677294498
486.8000000000004,3.1861556242739635,4.91352614461126
486.82500000000044,2.839409146717967,4.781577996803185
486.8500000000004,2.839409146717967,4.796487065885964
486.87500000000045,2.8738221393731957,4.796587264139255
486.90000000000043,2.8738221393731957,3.9018469773408366
486.9250000000004,3.041550298326378,3.9471221939871532
486.95000000000044,3.041550298326378,3.9204741644709657
486.9750000000004,3.2753940036631977,4.0856084205997245
487.00000000000045,3.2753940036631977,4.099444032473537
487.02500000000043,3.5273683262610898,4.614561819984016
487.0500000000004,3.5273683262610898,5.20108088843605
487.07500000000044,3.6997425576873217,5.323864133867855
487.1000000000004,3.6997425576873217,5.5390130445476595
487.12500000000045,3.790307895048586,4.934906411788442
487.15000000000043,3.790307895048586,5.351788425727071
487.1750000000004,3.8859115406880576,5.826130411852193
487.20000000000044,3.8859115406880576,5.539974600427372
487.2250000000004,4.020859337007517,5.07662828325515
487.25000000000045,4.020859337007517,4.9880716948572825
487.27500000000043,4.138838830432007,5.973826840054269
487.3000000000004,4.138838830432007,5.590589510132297
487.32500000000044,4.235379002830612,5.288771302883574
487.3500000000004,4.235379002830612,5.195864878318706
487.37500000000045,4.36328792442977,6.078692526091151
487.40000000000043,4.36328792442977,6.518956957664643
487.4250000000004,4.4691308705923145,6.401860111912276
487.45000000000044,4.4691308705923145,6.416027165637566
487.4750000000004,4.543591080126971,6.302229951450295
487.50000000000045,4.543591080126971,6.120860262097792
487.52500000000043,4.652163499866808,5.629016379401939
487.5500000000004,4.652163499866808,5.324619250922146
487.57500000000044,4.722018947699824,5.498219645888047
487.6000000000004,4.722018947699824,5.112010503606282
487.62500000000045,4.763047310936742,5.303723304930661
487.65000000000043,4.763047310936742,5.321868440281706
487.6750000000004,4.7439504683097615,5.668905221920064
487.70000000000044,4.7439504683097615,4.579185021436292
487.7250000000004,4.703208366819863,4.233780098336528
487.75000000000045,4.703208366819863,4.242947341190336
487.77500000000043,4.689971519801869,4.25329796058719
487.8000000000004,4.689971519801869,4.464467314473455
487.82500000000044,4.609929426852271,4.591422727486093
487.8500000000004,4.609929426852271,4.232217134998704
487.87500000000045,4.3828446960435175,4.164178451082682
487.90000000000043,4.3828446960435175,4.275178793923171
487.9250000000004,4.375238815683334,4.3252100384842445
487.95000000000044,4.375238815683334,4.547539162078604
487.9750000000004,4.394703539939204,4.597771966411454
488.00000000000045,4.394703539939204,4.92531379089727
488.02500000000043,4.304033272795524,5.592788810246633
488.0500000000004,4.304033272795524,4.974079316890397
488.07500000000044,4.355081235252545,4.946015984058992
488.1000000000004,4.355081235252545,4.964772405467036
488.12500000000045,4.367403706346535,5.0305973624965095
488.15000000000043,4.367403706346535,4.369048017878838
488.1750000000004,4.446218746233417,4.426544507949563
488.20000000000044,4.446218746233417,4.540372074565607
488.2250000000004,4.4531054529481455,4.323899940273322
488.25000000000045,4.4531054529481455,4.502201529211699
488.27500000000043,4.550164224196489,4.43281127867915
488.3000000000004,4.550164224196489,4.433520371732715
488.32500000000044,4.652701284536206,5.5374459833673075
488.3500000000004,4.652701284536206,5.544743590726972
488.37500000000045,4.73722199007199,6.008914995922902
488.40000000000043,4.73722199007199,5.9307379828394415
488.4250000000004,4.8590644552571485,5.748029364597691
488.45000000000044,4.8590644552571485,5.958291470144202
488.4750000000004,4.865739639917381,6.15474186572432
488.50000000000045,4.865739639917381,6.160438574299608
488.52500000000043,4.895503581100061,6.415193802823609
488.5500000000004,4.895503581100061,6.226275189694182
488.57500000000044,5.004991838809924,6.127274751654597
488.6000000000004,5.004991838809924,6.046858155234494
488.62500000000045,5.08080696135784,6.011116924977521
488.65000000000043,5.08080696135784,6.216339850601125
488.6750000000004,5.226130472606396,6.244645434978997
488.70000000000044,5.226130472606396,6.211534009301213
488.7250000000004,5.374263483419252,6.855858859147596
488.75000000000045,5.374263483419252,6.8085016581613775
488.77500000000043,5.529296018938109,6.7447722946996995
488.8000000000004,5.529296018938109,6.609157571826838
488.82500000000044,5.731669548606103,6.28115294333793
488.8500000000004,5.731669548606103,5.105152800940112
488.87500000000045,5.944221160833568,5.185046329131635
488.90000000000043,5.944221160833568,5.130594588511391
488.9250000000004,6.135588065675002,4.76878100133095
488.95000000000044,6.135588065675002,4.33836890005349
488.9750000000004,6.298918894239828,4.308802780850571
489.00000000000045,6.298918894239828,4.3115536164400075
489.02500000000043,6.2585432592724,4.276150095065059
489.0500000000004,6.2585432592724,4.407050926542627
489.07500000000044,6.265235009440261,4.487647436332884
489.1000000000004,6.265235009440261,4.487647436332884
489.12500000000045,6.24989760114704,4.487647436332884
489.15000000000043,6.24989760114704,4.487647436332884
489.1750000000004,6.31100976016792,4.721994019887905
489.20000000000044,6.31100976016792,4.472342346536085
489.2250000000004,6.380705101928399,4.588156582780495
489.25000000000045,6.380705101928399,4.592789140625995
489.27500000000043,6.377443722632265,4.585043940181184
489.3000000000004,6.377443722632265,4.6172971966891065
489.32500000000044,6.356637857455482,4.594132909123023
489.3500000000004,6.356637857455482,4.828676522278912
489.37500000000045,6.245769266195126,6.952853925813137
489.40000000000043,6.245769266195126,7.100812332170224
489.4250000000004,6.097175659592864,7.117661833745358
489.45000000000044,6.097175659592864,7.757740312343582
489.4750000000004,5.990105446795198,7.094963910886853
489.50000000000045,5.990105446795198,7.584614058842651
489.52500000000043,5.931313699828834,7.030112268460519
489.5500000000004,5.931313699828834,5.025465628925969
489.57500000000044,5.918405958634921,5.122256360291062
489.6000000000004,5.918405958634921,4.7992539082919645
489.62500000000045,5.888327015821417,4.80859344974468
489.65000000000043,5.888327015821417,4.494695716976611
489.6750000000004,5.851041603476887,4.494695716976611
489.70000000000044,5.851041603476887,4.026264225537928
489.7250000000004,5.748781586773006,4.024258382993991
489.75000000000045,5.748781586773006,4.03410660687886
489.77500000000043,5.655464830375124,4.0386500848225255
489.8000000000004,5.655464830375124,4.0386500848225255
489.82500000000044,5.496697027892196,4.029623586938545
489.8500000000004,5.496697027892196,4.029623586938545
489.87500000000045,5.3665254399913636,4.021292474448739
489.90000000000043,5.3665254399913636,4.066578469288197
489.9250000000004,5.050914616724043,4.066578469288197
489.95000000000044,5.050914616724043,4.075724314418566
489.9750000000004,4.772787895641159,3.9549279611255628
490.00000000000045,4.772787895641159,4.362040061751427
490.02500000000043,4.6688905158328,4.577480789310814
490.0500000000004,4.6688905158328,4.572942382958664
490.07500000000044,4.475142091916183,4.572942382958664
490.1000000000004,4.475142091916183,4.5684028242804064
490.12500000000045,4.264595486505883,4.745744863705444
490.15000000000043,4.264595486505883,4.955642608472863
490.1750000000004,4.098046589897081,4.6272288289401216
490.20000000000044,4.098046589897081,4.982937582823207
490.2250000000004,3.899020670170401,5.029786342271771
490.25000000000045,3.899020670170401,4.777660848762231
490.27500000000043,3.805625186884839,4.797328994497507
490.3000000000004,3.805625186884839,4.604429612885847
490.32500000000044,3.7596323885897647,4.931340337684658
490.3500000000004,3.7596323885897647,4.216549977184417
490.37500000000045,3.680606242315477,4.369109179609468
490.40000000000043,3.680606242315477,4.332474375038774
490.4250000000004,3.608345185681202,4.332474375038774
490.45000000000044,3.608345185681202,4.269228822484497
490.4750000000004,3.600213703034001,4.658769336615654
490.50000000000045,3.600213703034001,4.645873687533182
490.52500000000043,3.7869612193178455,4.282228057951436
490.5500000000004,3.7869612193178455,4.306754090920994
490.57500000000044,3.9779856583670608,4.297414549468279
490.6000000000004,3.9779856583670608,4.301276472714249
490.62500000000045,4.105494714435196,4.301276472714249
490.65000000000043,4.105494714435196,4.301276472714249
490.6750000000004,4.256621589131839,4.301276472714249
490.70000000000044,4.256621589131839,4.267379339342192
490.7250000000004,4.441395361034694,4.210172436964221
490.75000000000045,4.441395361034694,4.223068086046693
490.77500000000043,4.5570103688513655,4.116436602749919
490.8000000000004,4.5570103688513655,4.103540953667447
490.82500000000044,4.580495768952034,4.110874655383571
490.8500000000004,4.580495768952034,4.119901153267552
490.87500000000045,4.658712664910354,3.702023880528712
490.90000000000043,4.658712664910354,3.80982398512916
490.9250000000004,4.756249360687178,3.8458205065787867
490.95000000000044,4.756249360687178,3.8993674801649747
490.9750000000004,4.885900080047023,3.9233119170637143
491.00000000000045,4.885900080047023,3.9449988567194043
491.02500000000043,5.0703291067026015,4.279037443647265
491.0500000000004,5.0703291067026015,4.306244316135513
491.07500000000044,5.273391031430364,4.306244316135513
491.1000000000004,5.273391031430364,4.306244316135513
491.12500000000045,5.456788070891136,4.744192445587256
491.15000000000043,5.456788070891136,4.754040669472124
491.1750000000004,5.643706729809779,4.761243336703674
491.20000000000044,5.643706729809779,4.766903354288904
491.2250000000004,5.8187236535724765,4.872674325264641
491.25000000000045,5.8187236535724765,4.9700502328989
491.27500000000043,5.975132718420241,5.391315215029274
491.3000000000004,5.975132718420241,5.415065660747722
491.32500000000044,6.1087951294024805,5.470268455382251
491.3500000000004,6.1087951294024805,5.6821390154923
491.37500000000045,6.2496495123022555,5.3687974826149665
491.40000000000043,6.2496495123022555,8.409613609138681
491.4250000000004,6.363599380605123,8.386976644618024
491.45000000000044,6.363599380605123,8.393266916913937
491.4750000000004,6.418906728832553,8.379074624074931
491.50000000000045,6.418906728832553,8.931608304590378
491.52500000000043,6.404834404647076,9.15136685129766
491.5500000000004,6.404834404647076,9.069555654132218
491.57500000000044,6.247999581828097,9.097866725734
491.6000000000004,6.247999581828097,9.201749098548015
491.62500000000045,6.011958963274324,9.473824855946168
491.65000000000043,6.011958963274324,9.572905115909753
491.6750000000004,5.615047274037963,9.39471313556052
491.70000000000044,5.615047274037963,9.502139069692985
491.7250000000004,5.223765968996034,9.256050383432923
491.75000000000045,5.223765968996034,9.062154863119867
491.77500000000043,4.990854237512764,8.3456741820677
491.8000000000004,4.990854237512764,5.99981829395302
491.82500000000044,4.911293959207157,6.209466338055581
491.8500000000004,4.911293959207157,6.205782852537348
491.87500000000045,4.895529672669596,6.202221446725638
491.90000000000043,4.895529672669596,6.086877500293079
491.9250000000004,4.850478986713483,6.085886683497213
491.95000000000044,4.850478986713483,4.626250845140518
491.9750000000004,4.73724680002708,4.565602987098263
492.00000000000045,4.73724680002708,4.422529108024308
492.02500000000043,4.62253541928726,4.45839376893606
492.0500000000004,4.62253541928726,4.689750199610642
492.07500000000044,4.463221798687002,4.578348353655824
492.1000000000004,4.463221798687002,4.428667955778354
492.12500000000045,4.23522391932984,4.517469891493157
492.15000000000043,4.23522391932984,4.287585337891133
492.1750000000004,3.9334399290659547,4.2290882100955045
492.20000000000044,3.9334399290659547,4.347496633517294
492.2250000000004,3.4901889244344773,4.129715569586246
492.25000000000045,3.4901889244344773,4.200698218246522
492.27500000000043,3.0741980546966943,4.02995823012383
492.3000000000004,3.0741980546966943,4.049358786463457
492.32500000000044,2.5890007012069844,3.782097373156781
492.3500000000004,2.5890007012069844,3.900532085336628
492.37500000000045,2.1392956262956773,3.5138557081712123
492.40000000000043,2.1392956262956773,3.5835740404048293
492.4250000000004,1.8273044895933168,3.6017369892494413
492.45000000000044,1.8273044895933168,3.693709245839796
492.4750000000004,1.6921686220808994,3.660241410324832
492.50000000000045,1.6921686220808994,3.4695282147515116
492.52500000000043,1.579460885384293,3.3247623301265388
492.5500000000004,1.579460885384293,3.3282791162735363
492.57500000000044,1.416253978342084,3.3282791162735363
492.6000000000004,1.416253978342084,2.5158376070209165
492.62500000000045,1.4597834210340466,2.549540324907044
492.65000000000043,1.4597834210340466,2.5793121658886404
492.6750000000004,1.7687005857781202,2.5878803011178597
492.70000000000044,1.7687005857781202,2.430255379753205
492.7250000000004,2.0999244770848406,2.443092280010838
492.75000000000045,2.0999244770848406,2.5098074403426374
492.77500000000043,2.429627269891739,2.64235322388134
492.8000000000004,2.429627269891739,2.6672076373398825
492.82500000000044,2.746747368443394,2.990111102584149
492.8500000000004,2.746747368443394,3.1528562333961276
492.87500000000045,3.071390690941442,3.4960565188206676
492.90000000000043,3.071390690941442,3.7283150588337053
492.9250000000004,3.2666880628167974,3.505518440405034
492.95000000000044,3.2666880628167974,2.682041962532381
492.9750000000004,3.513292341313999,2.9061779504358474
493.00000000000045,3.513292341313999,3.413803577558369
493.02500000000043,3.746952954918953,3.654773110982036
493.0500000000004,3.746952954918953,7.952824318307969
493.07500000000044,3.8116973146709228,3.1717750447103668
493.1000000000004,3.8116973146709228,3.1753291233808376
493.12500000000045,3.8080696602043957,3.1201008209186334
493.15000000000043,3.8080696602043957,3.142323111508822
493.1750000000004,3.8713218654317814,3.070717122759737
493.20000000000044,3.8713218654317814,3.302998986413192
493.2250000000004,3.806937240140897,3.321543136858024
493.25000000000045,3.806937240140897,3.321543136858024
493.27500000000043,3.7605826207085613,3.333080681959099
493.3000000000004,3.7605826207085613,3.385983319217487
493.32500000000044,3.6100552283168383,3.454819685792109
493.3500000000004,3.6100552283168383,3.454819685792109
493.37500000000045,3.4324714621544246,3.4775687220967306
493.40000000000043,3.4324714621544246,3.0221429864005565
493.42500000000047,3.2508812887162435,3.1451892498764313
493.45000000000044,3.2508812887162435,3.145464877153982
493.4750000000004,3.0403877098919168,3.236763028206931
493.50000000000045,3.0403877098919168,3.1777300274915854
493.52500000000043,3.0298555857769145,3.270623225762343
493.55000000000047,3.0298555857769145,3.2387248825127064
493.57500000000044,3.019833563038958,3.2119420806914416
493.6000000000004,3.019833563038958,3.284651099631139
493.62500000000045,3.062243296880794,3.514566285432159
493.65000000000043,3.062243296880794,3.4246778234988
493.67500000000047,3.1408124517549965,3.50410661031528
493.70000000000044,3.1408124517549965,3.63626147896895
493.7250000000004,3.2043011704121653,3.6607692752785943
493.75000000000045,3.2043011704121653,4.056410231416262
493.77500000000043,3.192512526264366,4.055555484306407
493.80000000000047,3.192512526264366,3.9664498445149485
493.82500000000044,3.023040113474565,3.595133017480571
493.8500000000004,3.023040113474565,3.5322935692731643
493.87500000000045,2.904606565055616,3.5367986269601066
493.90000000000043,2.904606565055616,3.6346866579119563
493.92500000000047,2.757326908084565,3.3301760578465394
493.95000000000044,2.757326908084565,3.5531032089917085
493.9750000000004,2.5780970547080955,3.7311344391437307
494.00000000000045,2.5780970547080955,3.6684880874735266
494.02500000000043,2.538858425875844,3.6647145001614683
494.05000000000047,2.538858425875844,3.5937689520964553
494.07500000000044,2.6700649992200027,3.9976696505415275
494.1000000000004,2.6700649992200027,3.625018263684762
494.12500000000045,2.6876728556489553,3.2847292495726195
494.15000000000043,2.6876728556489553,3.1019503615068067
494.17500000000047,2.717291257066478,3.0996868037887593
494.20000000000044,2.717291257066478,3.1158610688863866
494.2250000000004,2.826610256710424,3.097541769427514
494.25000000000045,2.826610256710424,3.1120914653135348
494.27500000000043,2.7445579250954637,3.160429546304772
494.30000000000047,2.7445579250954637,3.124516308976076
494.32500000000044,2.7361631201033845,3.2121236639394706
494.3500000000004,2.7361631201033845,3.1561388695859085
494.37500000000045,2.7150896119624406,3.320019780865989
494.40000000000043,2.7150896119624406,3.1845562228953486
494.42500000000047,2.7874365918384854,3.2672154020723614
494.45000000000044,2.7874365918384854,3.069614534415148
494.4750000000004,2.8534023950397795,3.083519932690734
494.50000000000045,2.8534023950397795,2.926616793919901
494.52500000000043,2.9108778516671947,2.969465382961383
494.55000000000047,2.9108778516671947,3.3252432424783613
494.57500000000044,2.9310110169838453,3.1400137748075827
494.6000000000004,2.9310110169838453,3.324176020226097
494.62500000000045,3.027943680636625,3.416334581557744
494.65000000000043,3.027943680636625,3.9212693379289747
494.67500000000047,3.186457774255558,3.9172794576213663
494.70000000000044,3.186457774255558,3.883141602676891
494.7250000000004,3.30367625836908,3.8560873665047564
494.75000000000045,3.30367625836908,3.9368481567683515
494.77500000000043,3.320277166677158,3.995437315676556
494.80000000000047,3.320277166677158,3.960830078301043
494.82500000000044,3.3368013536276067,3.824244836411794
494.8500000000004,3.3368013536276067,3.798744603510979
494.87500000000045,3.2452024908896817,3.7725939743396464
494.90000000000043,3.2452024908896817,3.572030261159964
494.92500000000047,3.1718589369255596,3.4916434109719625
494.95000000000044,3.1718589369255596,3.456715541011487
494.9750000000004,3.1723271743596797,3.5488128842115834
495.00000000000045,3.1723271743596797,3.483582133335779
495.02500000000043,3.1930098852890154,3.6729602475672816
495.05000000000047,3.1930098852890154,3.7462183148786297
495.07500000000044,3.236948046267898,3.772645068561297
495.1000000000004,3.236948046267898,3.7330485119779206
495.12500000000045,3.2411430862260744,3.770549633908617
495.15000000000043,3.2411430862260744,3.6708504605818604
495.17500000000047,3.3384827048970465,3.653149461347394
495.20000000000044,3.3384827048970465,3.7470635724190795
495.2250000000004,3.5191067342793616,3.426014880784153
495.25000000000045,3.5191067342793616,3.5123020177067876
495.27500000000043,3.6725692995676837,3.483881297282589
495.30000000000047,3.6725692995676837,3.3876189587319954
495.32500000000044,3.8754939121868404,3.297267577100927
495.3500000000004,3.8754939121868404,3.1241673532246415
495.37500000000045,4.056238130374837,3.014834281880512
495.40000000000043,4.056238130374837,3.159855787080806
495.42500000000047,4.105119722067585,3.3121004113627293
495.45000000000044,4.105119722067585,3.2970292311216465
495.4750000000004,4.048017074986447,3.337702649639904
495.50000000000045,4.048017074986447,4.641826461672191
495.52500000000043,3.903283297743357,4.590862841109763
495.55000000000047,3.903283297743357,4.483899766318553
495.57500000000044,3.7809212805208006,4.2929632281511765
495.6000000000004,3.7809212805208006,4.274183695309212
495.62500000000045,3.870872326529394,7.783449790384875
495.65000000000043,3.870872326529394,8.051881763730043
495.67500000000047,3.9639997206303974,8.144129433642448
495.70000000000044,3.9639997206303974,12.134128997742147
495.7250000000004,4.02940649143396,10.485179306418528
495.75000000000045,4.02940649143396,10.59481890351379
495.77500000000043,4.151081637019203,9.932591410978498
495.80000000000047,4.151081637019203,3.217265576808347
495.82500000000044,4.214233658658742,3.3612093862536403
495.8500000000004,4.214233658658742,3.3074011114260897
495.87500000000045,4.240754986002642,3.3440879127870984
495.90000000000043,4.240754986002642,3.331755827833399
495.92500000000047,4.19376289302086,3.328506853744615
495.95000000000044,4.19376289302086,3.80264322711923
495.9750000000004,4.194837977029081,3.9051885145788274
496.00000000000045,4.194837977029081,3.922322443733247
496.02500000000043,4.156250620057804,4.048476680664293
496.05000000000047,4.156250620057804,4.0878814725460835
496.07500000000044,3.9806348635066797,4.300698117518593
496.1000000000004,3.9806348635066797,4.404452062291789
496.12500000000045,4.029712490011718,4.338019205715428
496.15000000000043,4.029712490011718,3.797771391103175
496.17500000000047,4.1562078415778245,3.792855008741642
496.20000000000044,4.1562078415778245,3.8843837928634146
496.2250000000004,4.2935960750118625,3.8214523180758535
496.25000000000045,4.2935960750118625,3.489854918806314
496.27500000000043,4.427800486228406,3.4483528001216595
496.30000000000047,4.427800486228406,3.901692013089569
496.32500000000044,4.459608449667741,3.911548476000513
496.3500000000004,4.459608449667741,3.911548476000513
496.37500000000045,4.476270653431385,4.118076793756844
496.40000000000043,4.476270653431385,4.177534952441815
496.42500000000047,4.377812500076757,4.236197501379096
496.45000000000044,4.377812500076757,6.771197982062193
496.4750000000004,4.197932332450804,6.753981553361667
496.50000000000045,4.197932332450804,6.764969341549479
496.52500000000043,4.057103199104404,6.780534148373357
496.55000000000047,4.057103199104404,6.480273640263699
496.57500000000044,3.7849900641137424,6.698242743528823
496.6000000000004,3.7849900641137424,4.1456720453274745
496.62500000000045,3.4827528540283623,4.191531412833183
496.65000000000043,3.4827528540283623,4.328751372954042
496.67500000000047,3.272422760555898,3.6310800262918446
496.70000000000044,3.272422760555898,3.3358526960407797
496.7250000000004,3.005382580126522,3.5588040879743077
496.75000000000045,3.005382580126522,3.3393996172640485
496.77500000000043,2.6988823634044223,3.3026481808481303
496.80000000000047,2.6988823634044223,3.3478242031404517
496.82500000000044,2.313311977056685,3.379843220871821
496.8500000000004,2.313311977056685,3.3066259099738278
496.87500000000045,1.9567349900558781,3.3059598210824133
496.90000000000043,1.9567349900558781,2.935633628783134
496.92500000000047,1.960239158247461,5.842770663486229
496.95000000000044,1.960239158247461,3.1690439757552116
496.9750000000004,2.01552449157154,3.732266473690652
497.00000000000045,2.01552449157154,3.7307662080875117
497.02500000000043,2.099191339922797,3.716245857284846
497.05000000000047,2.099191339922797,3.464169169794967
497.07500000000044,2.2932232843993177,3.445977780641692
497.1000000000004,2.2932232843993177,3.5344460317085615
497.12500000000045,2.476036270720286,3.6296240336481294
497.15000000000043,2.476036270720286,3.563986603713884
497.17500000000047,2.7068229867937816,3.6830580984379067
497.20000000000044,2.7068229867937816,3.6721233322287317
497.2250000000004,3.0360935027537153,6.288521270242669
497.25000000000045,3.0360935027537153,6.26977816052903
497.27500000000043,3.3839272732302845,6.2166703732987125
497.30000000000047,3.3839272732302845,6.354742575888066
497.32500000000044,3.740115671834886,6.359991077926814
497.3500000000004,3.740115671834886,6.548080775823584
497.37500000000045,4.021761339007298,4.156478328067724
497.40000000000043,4.021761339007298,4.170180678413854
497.42500000000047,4.314415223243159,4.170180678413854
497.45000000000044,4.314415223243159,4.1850323750977365
497.4750000000004,4.562269269690233,4.169641424358053
497.50000000000045,4.562269269690233,4.169641424358053
497.52500000000043,4.798182915508505,4.07434569207296
497.55000000000047,4.798182915508505,4.07434569207296
497.57500000000044,5.012518721163758,4.267813781831746
497.6000000000004,5.012518721163758,4.269293452002583
497.62500000000045,5.207997468243207,4.639990378475712
497.65000000000043,5.207997468243207,4.639990378475712
497.67500000000047,5.395881889777755,5.180098102188109
497.70000000000044,5.395881889777755,5.160495807258619
497.7250000000004,5.574958229826706,5.160495807258619
497.75000000000045,5.574958229826706,5.1180500460311835
497.77500000000043,5.762666089279406,4.918558837296434
497.80000000000047,5.762666089279406,4.950818510881192
497.82500000000044,5.947353260535664,5.040405072897559
497.8500000000004,5.947353260535664,5.118723745821056
497.87500000000045,6.22120436783662,4.569160531822114
497.90000000000043,6.22120436783662,4.569160531822114
497.92500000000047,6.4776888732332765,4.850777519935579
497.95000000000044,6.4776888732332765,4.8102736625296805
497.9750000000004,6.743506879382238,5.62444737519372
498.00000000000045,6.743506879382238,5.48203464891141
498.02500000000043,6.961520368344694,5.471786141132271
498.05000000000047,6.961520368344694,5.523813345269751
498.07500000000044,7.128459938077739,5.523813345269751
498.1000000000004,7.128459938077739,5.569798094419747
498.12500000000045,7.299599138446737,5.654415918568865
498.15000000000043,7.299599138446737,5.5588015165301785
498.17500000000047,7.459898919851838,4.750592137357429
498.20000000000044,7.459898919851838,4.847832587907161
498.2250000000004,7.6190776779473595,4.858615385201314
498.25000000000045,7.6190776779473595,5.346646307957685
498.27500000000043,7.746871399632582,6.009347820754593
498.30000000000047,7.746871399632582,6.025351690908167
498.32500000000044,7.831523506476998,8.014236803866531
498.3500000000004,7.831523506476998,8.14908218146815
498.37500000000045,7.926167791412794,8.118477916502739
498.40000000000043,7.926167791412794,8.117976786988487
498.42500000000047,8.045215287146362,7.313769151528964
498.45000000000044,8.045215287146362,7.071018726892322
498.4750000000004,8.20860975669244,6.774908044012096
498.50000000000045,8.20860975669244,6.975093248768471
498.52500000000043,8.283424150739876,7.19160820848374
498.55000000000047,8.283424150739876,5.292497852325057
498.57500000000044,8.355283649847479,5.292497852325057
498.6000000000004,8.355283649847479,4.864294206567039
498.62500000000045,8.44917197762932,6.462946537036881
498.65000000000043,8.44917197762932,6.35346837529825
498.67500000000047,8.55317001768988,4.418127969447926
498.70000000000044,8.55317001768988,4.418127969447926
498.7250000000004,8.67855914274844,4.446351099136945
498.75000000000045,8.67855914274844,4.36235219975813
498.77500000000043,8.820515673149913,4.377487300170959
498.80000000000047,8.820515673149913,4.307011316812174
498.82500000000044,8.948723166845284,4.13089742798192
498.8500000000004,8.948723166845284,4.152469954504996
498.87500000000045,9.140728745600086,3.6456575002072906
498.90000000000043,9.140728745600086,3.5927895670472823
498.92500000000047,9.359706358640636,3.560088495937982
498.95000000000044,9.359706358640636,3.5616647273815523
498.9750000000004,9.518508831154222,3.772008644081116
499.00000000000045,9.518508831154222,4.3233375278155455
499.02500000000043,9.655861596476043,4.3425765281508015
499.05000000000047,9.655861596476043,4.3425765281508015
499.07500000000044,9.793362478263845,4.523665278239395
499.1000000000004,9.793362478263845,4.843606224732049
499.12500000000045,9.979799211183717,5.126136371894517
499.15000000000043,9.979799211183717,5.11053458692031
499.17500000000047,10.121462223143837,4.527242671388747
499.20000000000044,10.121462223143837,4.431349139843114
499.2250000000004,10.304871592476104,4.45444502507271
499.25000000000045,10.304871592476104,4.541307222817971
499.27500000000043,10.521334100796551,4.6831681296028265
499.30000000000047,10.521334100796551,4.884618960554642
499.32500000000044,10.729338905318798,4.888204249120653
499.3500000000004,10.729338905318798,4.788787097963282
499.37500000000045,11.051439154198107,4.727070076166623
499.40000000000043,11.051439154198107,4.694225172286708
499.42500000000047,11.525336375818753,4.7707881919224295
499.45000000000044,11.525336375818753,4.535573252558569
499.4750000000004,11.911534638726778,4.671229850813057
499.50000000000045,11.911534638726778,11.64919067854997
499.52500000000043,12.287502366412824,11.389287565179366
499.55000000000047,12.287502366412824,10.101059133945224
499.57500000000044,12.731884826777659,11.071497608152866
499.6000000000004,12.731884826777659,10.815366172294798
499.62500000000045,13.258455575049837,5.733816559828373
499.65000000000043,13.258455575049837,5.66845164198853
499.67500000000047,13.849848134793902,11.679154385328502
499.70000000000044,13.849848134793902,11.915813408873005
499.7250000000004,14.382525427549751,11.279655662033525
499.75000000000045,14.382525427549751,11.210236039061959
499.77500000000043,15.168145983293783,11.10097066401972
499.80000000000047,15.168145983293783,11.164464064948243
499.82500000000044,15.912842545262436,5.381389810144969
499.8500000000004,15.912842545262436,5.027154716605652
499.87500000000045,16.5757212569261,4.828476188064017
499.90000000000043,16.5757212569261,4.803470189200546
499.92500000000047,16.99955443828793,4.9115460098637485
499.95000000000044,16.99955443828793,8.856949833481343
499.9750000000004,17.649053771205985,8.6945380197137
500.00000000000045,17.649053771205985,8.488916285286047
500.02500000000043,18.28423598365363,9.066549205363554
500.05000000000047,18.28423598365363,6.1251928841416134
500.07500000000044,18.985995625454137,5.77563858874651
500.1000000000004,18.985995625454137,5.894446879751594
500.12500000000045,19.893317412619467,7.21974834645156
500.15000000000043,19.893317412619467,7.351640440085747
500.17500000000047,20.44964309761312,6.595200963371642
500.20000000000044,20.44964309761312,6.759359638601821
500.2250000000004,21.018838391340694,6.834885246469411
500.25000000000045,21.018838391340694,7.88805703406995
500.27500000000043,21.401714905401832,8.93460066571105
500.30000000000047,21.401714905401832,9.022981392919254
500.32500000000044,21.8406504295383,12.238137412216751
500.3500000000004,21.8406504295383,12.453251478145061
500.37500000000045,22.04976056997897,19.104059056700198
500.40000000000043,22.04976056997897,19.08946036348047
500.42500000000047,22.295456712777195,18.743958931563796
500.45000000000044,22.295456712777195,18.413246257147605
500.4750000000004,22.682220163772442,20.556560506675247
500.50000000000045,22.682220163772442,18.297944668967915
500.52500000000043,23.34470742594391,20.70731250332878
500.55000000000047,23.34470742594391,21.983898042636906
500.57500000000044,24.137337900534405,22.451756480691653
500.6000000000004,24.137337900534405,22.61885558435951
500.62500000000045,24.85607059591925,22.115050622309653
500.65000000000043,24.85607059591925,20.373497573532223
500.67500000000047,25.3990215779221,26.512302679944522
500.70000000000044,25.3990215779221,25.42487866445188
500.7250000000004,25.82309280707176,25.48638036128817
500.75000000000045,25.82309280707176,27.584934185864423
500.77500000000043,26.225176239719943,23.755921362273604
500.80000000000047,26.225176239719943,24.284132187467776
500.82500000000044,26.687190662011602,24.390980574207944
500.8500000000004,26.687190662011602,25.36421226084954
500.87500000000045,27.11761998011096,22.334795750669713
500.90000000000043,27.11761998011096,26.100853761078866
500.92500000000047,27.51936555899877,26.002933442504876
500.95000000000044,27.51936555899877,24.063072948457233
500.9750000000004,27.694829571108855,25.694456829875193
501.00000000000045,27.694829571108855,25.617549209639638
501.02500000000043,27.644123425840547,25.695609756180342
501.05000000000047,27.644123425840547,25.11615862109915
501.07500000000044,27.494094129662344,26.381236968370345
501.1000000000004,27.494094129662344,26.741496066640295
501.12500000000045,27.43093627228336,26.46132381677216
501.15000000000043,27.43093627228336,28.213735209348116
501.17500000000047,27.3881457857064,28.578179574334932
501.20000000000044,27.3881457857064,28.90043774207991
501.2250000000004,27.324857668627786,28.705598805507336
501.25000000000045,27.324857668627786,31.378874011329504
501.27500000000043,27.303987984989348,30.796384842906576
501.30000000000047,27.303987984989348,28.577536464532873
501.32500000000044,27.198430381762435,28.655810822761588
501.3500000000004,27.198430381762435,30.763241649200936
501.37500000000045,27.078483186467423,30.50377885156291
501.40000000000043,27.078483186467423,30.554819305521548
501.42500000000047,26.940538915824845,30.078667504964674
501.45000000000044,26.940538915824845,26.319644602457597
501.4750000000004,26.945688741191375,26.108418370010277
501.50000000000045,26.945688741191375,28.472103983341555
501.52500000000043,27.002278601863367,28.41780369192851
501.55000000000047,27.002278601863367,28.462342793508807
501.57500000000044,27.105152702877746,21.359382319584384
501.6000000000004,27.105152702877746,22.969735992095313
501.62500000000045,27.166305144514453,25.59469554611992
501.65000000000043,27.166305144514453,26.49044794642772
501.67500000000047,27.344679727385085,30.853296018822352
501.70000000000044,27.344679727385085,31.210992615288983
501.7250000000004,27.416280255983523,26.399362545103553
501.75000000000045,27.416280255983523,28.61552085442012
501.77500000000043,27.406824020631447,26.085488940367387
501.80000000000047,27.406824020631447,23.84075630176676
501.82500000000044,27.395597328852148,23.715212281077992
501.8500000000004,27.395597328852148,27.344020812710998
501.87500000000045,27.379952878353137,34.7348529701172
501.90000000000043,27.379952878353137,35.278033740859065
501.92500000000047,27.458706792774834,35.23114125193442
501.95000000000044,27.458706792774834,35.33560923354137
501.9750000000004,27.57315022694037,27.387336241934204
502.00000000000045,27.57315022694037,23.873784559380045
502.02500000000043,27.684968952247203,23.91080025606176
502.05000000000047,27.684968952247203,23.60832399331855
502.07500000000044,27.784031185988795,28.927151762378706
502.1000000000004,27.784031185988795,29.04378761311871
502.12500000000045,27.85484966423435,33.250769269751345
502.15000000000043,27.85484966423435,28.755346844034392
502.17500000000047,27.913549359340692,24.15348183090995
502.20000000000044,27.913549359340692,24.178033028203053
502.2250000000004,27.97277734705598,24.844177027366964
502.25000000000045,27.97277734705598,24.615149852904423
502.27500000000043,28.058763286160314,25.002602881350345
502.30000000000047,28.058763286160314,25.34021858367319
502.32500000000044,28.16095989500357,19.63899459162124
502.3500000000004,28.16095989500357,18.444469160821892
502.37500000000045,28.30158074173532,19.01397865468584
502.40000000000043,28.30158074173532,17.84464406743451
502.42500000000047,28.51732471976834,17.826401517017178
502.45000000000044,28.51732471976834,19.087459988113594
502.4750000000004,28.750880620718277,19.28265276912699
502.50000000000045,28.750880620718277,20.561212986141378
502.52500000000043,28.907481658949948,20.5073521369204
502.55000000000047,28.907481658949948,23.56365478843484
502.57500000000044,29.070774770846157,20.58036442406288
502.6000000000004,29.070774770846157,29.82036446237636
502.62500000000045,29.26630533046803,29.468135519583033
502.65000000000043,29.26630533046803,29.162570860351686
502.67500000000047,29.391405231151296,28.12134131391453
502.70000000000044,29.391405231151296,28.154940615812947
502.7250000000004,29.462110033558304,28.24507193733796
502.75000000000045,29.462110033558304,29.469984394664163
502.77500000000043,29.523650720260306,29.90234769570056
502.80000000000047,29.523650720260306,29.503409761260574
502.82500000000044,29.53785641984534,29.349298537976388
502.8500000000004,29.53785641984534,29.06025894374824
502.87500000000045,29.555983837968668,28.961769129370612
502.90000000000043,29.555983837968668,29.744145273526122
502.92500000000047,29.553166500104155,30.46763922472412
502.95000000000044,29.553166500104155,30.521089079178946
502.9750000000004,29.5470883608578,30.85134620659132
503.00000000000045,29.5470883608578,26.164217062311945
503.02500000000043,29.52998028222936,26.40023476283167
503.05000000000047,29.52998028222936,30.87301500721149
503.07500000000044,29.509625455931157,21.599246658092014
503.1000000000004,29.509625455931157,21.55133329355405
503.12500000000045,29.46122505748903,20.83071220236403
503.15000000000043,29.46122505748903,20.650799864937657
503.17500000000047,29.39494245089449,21.34416780180382
503.20000000000044,29.39494245089449,18.9278340452994
503.2250000000004,29.388868627269133,19.48113656694102
503.25000000000045,29.388868627269133,19.399083247122324
503.27500000000043,29.41620789674279,19.195964816968324
503.30000000000047,29.41620789674279,19.366131680729975
503.32500000000044,29.448721755327156,19.245306154727814
503.3500000000004,29.448721755327156,19.721315896698375
503.37500000000045,29.470377095076756,19.83933980787094
503.40000000000043,29.470377095076756,20.577052182421724
503.42500000000047,29.430904543576716,20.476369500116007
503.45000000000044,29.430904543576716,20.652155572357273
503.4750000000004,29.328837042312287,20.739372087793004
503.50000000000045,29.328837042312287,21.759019408485564
503.52500000000043,29.19687301378778,21.712111188525647
503.55000000000047,29.19687301378778,21.825228894531485
503.57500000000044,29.01425007920821,37.02781418766748
503.6000000000004,29.01425007920821,33.963689113229286
503.62500000000045,28.78866614733309,34.25133053005574
503.65000000000043,28.78866614733309,33.963516628916594
503.67500000000047,28.611652216034855,33.81396831627535
503.70000000000044,28.611652216034855,33.902659785592824
503.7250000000004,28.367116948343934,33.96341644058562
503.75000000000045,28.367116948343934,34.23336396530072
503.77500000000043,28.127215019377886,30.67957344720183
503.80000000000047,28.127215019377886,31.04176592088628
503.82500000000044,27.851763230476195,35.1942656505614
503.8500000000004,27.851763230476195,35.08218219071766
503.87500000000045,27.600180486186673,35.56576816137408
503.90000000000043,27.600180486186673,38.33088366560858
503.92500000000047,27.316926296633156,38.6016253472229
503.95000000000044,27.316926296633156,35.15507480808596
503.9750000000004,26.9990360625835,35.12332349670616
504.00000000000045,26.9990360625835,35.10231325126464
504.02500000000043,26.68805301268526,35.63384488771056
504.05000000000047,26.68805301268526,30.885883986878763
504.07500000000044,26.473320898296365,23.256222936861658
504.1000000000004,26.473320898296365,34.94375604913839
504.12500000000045,26.333969903713424,29.24647442201026
504.15000000000043,26.333969903713424,29.360739128913515
504.17500000000047,26.23863404566231,29.556510159403302
504.20000000000044,26.23863404566231,29.399241270977413
504.2250000000004,26.0888871199423,27.4019846584858
504.25000000000045,26.0888871199423,24.34262937904051
504.27500000000043,25.849161183990716,24.476003226193324
504.30000000000047,25.849161183990716,24.378254291359752
504.32500000000044,25.63629909380839,24.415319519291725
504.3500000000004,25.63629909380839,24.308915891645405
504.37500000000045,25.402591974955897,24.07999228684563
504.40000000000043,25.402591974955897,24.250968452791994
504.42500000000047,25.018717415854525,24.391335143286838
504.45000000000044,25.018717415854525,24.887340182380953
504.4750000000004,24.51939715671425,24.624357120306158
504.50000000000045,24.51939715671425,24.16889922772785
504.52500000000043,24.066134325311722,23.32667151724292
504.55000000000047,24.066134325311722,23.66921286328172
504.57500000000044,23.569598352528033,25.50202807031092
504.6000000000004,23.569598352528033,16.95728977438725
504.62500000000045,23.11035113622242,19.120420383431416
504.65000000000043,23.11035113622242,17.928687957396228
504.67500000000047,22.643497128274873,17.750057126568606
504.70000000000044,22.643497128274873,17.99302412404986
504.7250000000004,22.309698907010443,17.94764833619663
504.75000000000045,22.309698907010443,11.781169464121826
504.77500000000043,22.034571527475663,17.685624165708116
504.80000000000047,22.034571527475663,17.922443937736272
504.82500000000044,21.563094270011987,18.018499315384425
504.8500000000004,21.563094270011987,19.0232447506552
504.87500000000045,21.180437074013284,20.20733618939555
504.90000000000043,21.180437074013284,20.47218939651181
504.92500000000047,20.802700602944753,16.03090437268703
504.95000000000044,20.802700602944753,15.92785136359387
504.9750000000004,20.43697319157431,16.16640463619457
505.00000000000045,20.43697319157431,16.714257743267666
505.02500000000043,20.007048144212618,17.63136584230388
505.05000000000047,20.007048144212618,17.595742996392303
505.07500000000044,19.577505332700895,17.593663200771864
505.1000000000004,19.577505332700895,18.40704408204793
505.12500000000045,19.04943890087425,17.6767077039682
505.15000000000043,19.04943890087425,16.74699202655172
505.17500000000047,18.503826992689028,16.373806504557468
505.20000000000044,18.503826992689028,15.536007062320204
505.2250000000004,17.864821359388458,15.78632958839835
505.25000000000045,17.864821359388458,16.201510367714537
505.27500000000043,17.103643977557084,16.632919711557108
505.30000000000047,17.103643977557084,14.125691223504038
505.32500000000044,16.231293957524684,14.459490555340219
505.3500000000004,16.231293957524684,14.535664350299044
505.37500000000045,15.34527010177112,14.765528945017
505.40000000000043,15.34527010177112,14.173499270816748
505.42500000000047,14.617785460158359,13.43683776689283
505.45000000000044,14.617785460158359,13.805159928138078
505.4750000000004,14.175754468509638,13.091426497712833
505.50000000000045,14.175754468509638,11.932256135127632
505.52500000000043,13.88808252118504,11.501866076326603
505.55000000000047,13.88808252118504,11.583000505119712
505.57500000000044,13.74949499972493,11.483805109124953
505.6000000000004,13.74949499972493,11.464369394916668
505.62500000000045,13.728564236501313,10.99536295949865
505.65000000000043,13.728564236501313,11.260750012371272
505.67500000000047,13.77918748005861,6.921910816379355
505.70000000000044,13.77918748005861,6.9997953522811
505.7250000000004,13.853684909494703,6.339919940151108
505.75000000000045,13.853684909494703,6.760827312550424
505.77500000000043,13.891981220630782,6.1692347375458985
505.80000000000047,13.891981220630782,6.103115274090154
505.82500000000044,13.890952288019761,7.334089384369382
505.8500000000004,13.890952288019761,7.808677959651106
505.87500000000045,13.888072613159693,6.983343961797438
505.90000000000043,13.888072613159693,6.093478129398194
505.92500000000047,13.87725436463009,6.633876746609598
505.95000000000044,13.87725436463009,5.670410284046203
505.9750000000004,13.836605600249698,5.333165263142879
506.00000000000045,13.836605600249698,5.409738500389285
506.02500000000043,13.79334351408832,5.390752413950529
506.05000000000047,13.79334351408832,5.853215558431118
506.07500000000044,13.740999585757024,5.919031522106298
506.1000000000005,13.740999585757024,6.391568721274691
506.12500000000045,13.674802057362172,6.236202846996991
506.15000000000043,13.674802057362172,6.241494272587464
506.17500000000047,13.640716461988774,6.120132197730758
506.20000000000044,13.640716461988774,5.582776501451155
506.2250000000005,13.607295089300322,5.696629254128209
506.25000000000045,13.607295089300322,5.843330469846386
506.27500000000043,13.573273520248392,5.457249820418482
506.30000000000047,13.573273520248392,5.492498778106255
506.32500000000044,13.472697673270758,5.508778629651462
506.3500000000005,13.472697673270758,5.540513630596983
506.37500000000045,13.314410612468635,5.3765311958179645
506.40000000000043,13.314410612468635,5.5902917624668955
506.42500000000047,13.125527675567099,5.6067939126369195
506.45000000000044,13.125527675567099,7.190516678693914
506.4750000000005,12.927918877234177,7.166915288753135
506.50000000000045,12.927918877234177,7.187489975100073
506.52500000000043,12.615732280526032,7.1822874209116865
506.55000000000047,12.615732280526032,7.142160116967077
506.57500000000044,12.241474667638542,7.170354016126973
506.6000000000005,12.241474667638542,7.167666432175033
506.62500000000045,11.904745340713745,5.421840901716015
506.65000000000043,11.904745340713745,5.377542879039757
506.67500000000047,11.602578012544669,5.421857506330715
506.70000000000044,11.602578012544669,5.4068351934938725
506.7250000000005,11.347109463534423,5.09764869992741
506.75000000000045,11.347109463534423,5.138896729707146
506.77500000000043,11.084714200883965,5.823150096676293
506.80000000000047,11.084714200883965,6.509074243614593
506.82500000000044,10.666920293765202,11.418564129150932
506.8500000000005,10.666920293765202,11.582059092419357
506.87500000000045,10.086158794539458,11.863980413733842
506.90000000000043,10.086158794539458,11.991708761111745
506.92500000000047,9.288542666453878,12.11000441409727
506.95000000000044,9.288542666453878,12.403221334786867
506.9750000000005,8.490307316340761,11.526050811486698
507.00000000000045,8.490307316340761,11.70015284247695
507.02500000000043,7.713917148604494,6.989359511814533
507.05000000000047,7.713917148604494,4.134198598781169
507.07500000000044,6.962631366478718,4.121610369867969
507.1000000000005,6.962631366478718,5.926401874434645
507.12500000000045,6.212578823873287,4.691763152564162
507.15000000000043,6.212578823873287,4.690272453980058
507.17500000000047,5.404014204907995,4.657088637747851
507.20000000000044,5.404014204907995,4.638457231984293
507.2250000000005,4.937118076627883,4.5737594598880555
507.25000000000045,4.937118076627883,4.542439036365586
507.27500000000043,4.451136708115385,4.222313300094976
507.30000000000047,4.451136708115385,3.876905383089431
507.32500000000044,4.054189755361364,3.4334762011519633
507.3500000000005,4.054189755361364,3.2601367804049852
507.37500000000045,3.6392907298390043,3.2822959341776237
507.40000000000043,3.6392907298390043,3.2822959341776237
507.42500000000047,3.2383885827386933,2.943988808847304
507.45000000000044,3.2383885827386933,3.0304928751484157
507.4750000000005,3.125571733035102,3.0590421973674733
507.50000000000045,3.125571733035102,2.935786182458584
507.52500000000043,3.1233422243787032,2.996693220656025
507.55000000000047,3.1233422243787032,3.2344276732550217
507.57500000000044,3.208013631006139,2.9302999767637954
507.6000000000005,3.208013631006139,2.891374390402317
507.62500000000045,3.4357730187833795,3.011727455150141
507.65000000000043,3.4357730187833795,3.094590813717306
507.67500000000047,3.7153085094121536,3.1610979562174815
507.70000000000044,3.7153085094121536,3.1599551626468623
507.7250000000005,3.994425593043914,3.246823768807874
507.75000000000045,3.994425593043914,3.170673877646268
507.77500000000043,4.230160929821764,3.2207646453732894
507.80000000000047,4.230160929821764,3.3313761767520362
507.82500000000044,4.455580353706196,3.419612803634063
507.8500000000005,4.455580353706196,3.4215943285842045
507.87500000000045,4.730481272520862,3.4023550689784656
507.90000000000043,4.730481272520862,3.3994291432797907
507.92500000000047,4.6443981921331385,3.399703349558062
507.95000000000044,4.6443981921331385,3.39377102985313
507.9750000000005,4.526068623059757,3.6597034709060305
508.00000000000045,4.526068623059757,3.767652745226702
508.02500000000043,4.36050083914796,3.751305023281705
508.05000000000047,4.36050083914796,3.6608012100092417
508.07500000000044,4.119119842847766,3.8696835858168352
508.1000000000005,4.119119842847766,3.8696835858168352
508.12500000000045,3.9007265340536748,4.551354140400426
508.15000000000043,3.9007265340536748,4.267506401825583
508.17500000000047,3.7541173725359442,4.269520418704999
508.20000000000044,3.7541173725359442,4.461147705642254
508.2250000000005,3.7404090428143206,4.365481803031268
508.25000000000045,3.7404090428143206,4.568795990395899
508.27500000000043,3.8410789535590766,4.1834396384203
508.30000000000047,3.8410789535590766,4.188840098796741
508.32500000000044,3.947145114549542,4.217171999433123
508.3500000000005,3.947145114549542,4.097708529900058
508.37500000000045,4.060514064195559,3.8544128491620726
508.40000000000043,4.060514064195559,3.8184928797621165
508.42500000000047,4.143461421162513,3.161005609993792
508.45000000000044,4.143461421162513,3.1185280677345872
508.4750000000005,4.219485680245697,3.1598133596244082
508.50000000000045,4.219485680245697,3.243013395293212
508.52500000000043,4.190578444681407,3.7567240219230844
508.55000000000047,4.190578444681407,3.80213891953079
508.57500000000044,4.153300176224221,3.757670591623715
508.6000000000005,4.153300176224221,3.9621143482443237
508.62500000000045,4.0206457743331185,4.014821715602124
508.65000000000043,4.0206457743331185,4.026353435661543
508.67500000000047,3.8869614308305955,4.031604255547752
508.70000000000044,3.8869614308305955,4.014600589772206
508.7250000000005,3.770995221322096,4.164252146220632
508.75000000000045,3.770995221322096,4.279554026272138
508.77500000000043,3.595463686215524,4.105222467723632
508.80000000000047,3.595463686215524,4.082608104762251
508.82500000000044,3.4156886576473937,4.44129108784312
508.8500000000005,3.4156886576473937,4.448433888174977
508.87500000000045,3.2128504170152183,4.313443126433133
508.90000000000043,3.2128504170152183,4.518244101962413
508.92500000000047,3.140992187119565,4.5887827778761725
508.95000000000044,3.140992187119565,4.384392358643468
508.9750000000005,3.1580728683064194,4.368904118436289
509.00000000000045,3.1580728683064194,4.342526032025018
509.02500000000043,3.2490387292888414,4.236223113625874
509.05000000000047,3.2490387292888414,4.168169348762316
509.07500000000044,3.4693077355350823,4.181227050580782
509.1000000000005,3.4693077355350823,4.243477038149023
509.12500000000045,3.732610326057781,4.344872211124105
509.15000000000043,3.732610326057781,4.719481586880206
509.17500000000047,3.9472898467695643,3.9273763206675376
509.20000000000044,3.9472898467695643,3.906179577153957
509.2250000000005,4.124558343913961,4.440048074042312
509.25000000000045,4.124558343913961,4.6435315842828615
509.27500000000043,4.268589869638205,4.614745683861098
509.30000000000047,4.268589869638205,5.059586862885588
509.32500000000044,4.428174708063395,3.810813116007921
509.3500000000005,4.428174708063395,3.5599074359023373
509.37500000000045,4.566419709304114,4.778681911736001
509.40000000000043,4.566419709304114,4.6905085947137195
509.42500000000047,4.685198438669204,5.314851850786118
509.45000000000044,4.685198438669204,5.826113175948134
509.4750000000005,4.608122281643233,5.745279316325458
509.50000000000045,4.608122281643233,5.619914207269827
509.52500000000043,4.518115841396593,5.364841070699956
509.55000000000047,4.518115841396593,5.897427135420677
509.57500000000044,4.473596281894004,5.845515886221901
509.6000000000005,4.473596281894004,6.207729097362666
509.62500000000045,4.436152648112397,5.50874625255161
509.65000000000043,4.436152648112397,5.571903313252545
509.67500000000047,4.546123543260762,5.779047928628047
509.70000000000044,4.546123543260762,5.4156410324556195
509.7250000000005,4.727996616604642,5.916193442475244
509.75000000000045,4.727996616604642,5.624071718087906
509.77500000000043,4.951934738751646,5.097065400948823
509.80000000000047,4.951934738751646,5.163036172349564
509.82500000000044,5.168250545151196,5.413198062477378
509.8500000000005,5.168250545151196,4.792884132527444
509.87500000000045,5.358143284960377,4.598182226825175
509.90000000000043,5.358143284960377,4.367255134661423
509.92500000000047,5.516354219346127,4.538637108203434
509.95000000000044,5.516354219346127,4.396495535308912
509.9750000000005,5.683885021661041,4.230159416820587
510.00000000000045,5.683885021661041,4.241759338379216
510.02500000000043,5.840909979184474,4.334821427411336
510.05000000000047,5.840909979184474,4.310960416775646
510.07500000000044,5.99639751497368,4.4072283890484
510.1000000000005,5.99639751497368,4.422408440390022
510.12500000000045,6.169316003654842,4.537347346793094
510.15000000000043,6.169316003654842,5.301633275479231
510.17500000000047,6.3274076210178976,5.438739510734148
510.20000000000044,6.3274076210178976,5.720524200245122
510.2250000000005,6.440035624289038,5.566108112099329
510.25000000000045,6.440035624289038,5.52398467152292
510.27500000000043,6.511791733574995,5.681105897359041
510.30000000000047,6.511791733574995,5.561647329421001
510.32500000000044,6.546067189467365,5.360160813375798
510.3500000000005,6.546067189467365,5.51293494304485
510.37500000000045,6.471519978871683,5.794649647131552
510.40000000000043,6.471519978871683,5.811356304806505
510.42500000000047,6.383412439261463,5.491769351946367
510.45000000000044,6.383412439261463,5.530722051228716
510.4750000000005,6.3574542714103615,5.728415873772999
510.50000000000045,6.3574542714103615,5.594957667285797
510.52500000000043,6.309587544660957,5.529069795606192
510.55000000000047,6.309587544660957,5.547628036964904
510.57500000000044,6.17679944826844,5.447474863871039
510.6000000000005,6.17679944826844,5.446653597524062
510.62500000000045,6.015980166225006,5.373333174333458
510.65000000000043,6.015980166225006,5.318017571133156
510.67500000000047,5.898186281809345,5.196077678523626
510.70000000000044,5.898186281809345,5.18913935603797
510.7250000000005,5.832073225722965,5.71896235047746
510.75000000000045,5.832073225722965,5.569157775903626
510.77500000000043,5.8608146217949155,5.442981581393874
510.80000000000047,5.8608146217949155,5.278439860544827
510.82500000000044,5.947901538726697,5.428430327715035
510.8500000000005,5.947901538726697,5.035347991227976
510.87500000000045,6.05757660885196,5.144025813738285
510.90000000000043,6.05757660885196,5.0918042487232364
510.92500000000047,6.175721106451277,5.821846826303701
510.95000000000044,6.175721106451277,5.115530490105351
510.9750000000005,6.319493955474357,5.028980791524155
511.00000000000045,6.319493955474357,5.125404502719208
511.02500000000043,6.52605002628674,5.303472223463216
511.05000000000047,6.52605002628674,5.344910182280237
511.07500000000044,6.732012720447003,7.024397498939997
511.1000000000005,6.732012720447003,7.017078572406083
511.12500000000045,6.873106601022144,7.259271345109696
511.15000000000043,6.873106601022144,7.388922518598032
511.17500000000047,6.967778990751839,7.711605329764983
511.20000000000044,6.967778990751839,7.623568973897408
511.2250000000005,7.048833757464237,7.713196516836284
511.25000000000045,7.048833757464237,7.396080762913502
511.27500000000043,7.129565978377926,7.471409819807228
511.30000000000047,7.129565978377926,7.673663552895755
511.32500000000044,7.207302771258483,7.72678583703117
511.3500000000005,7.207302771258483,6.932376893388574
511.37500000000045,7.304386279989316,6.994574389815217
511.40000000000043,7.304386279989316,6.517657094450723
511.42500000000047,7.463442128806193,7.563801847575465
511.45000000000044,7.463442128806193,11.29170147995643
511.4750000000005,7.590724412594284,11.575971838085009
511.50000000000045,7.590724412594284,11.764773827910446
511.52500000000043,7.770602016362616,11.577868203370734
511.55000000000047,7.770602016362616,11.449353466678915
511.57500000000044,7.942826340195737,9.94628732292087
511.6000000000005,7.942826340195737,6.9035766147178625
511.62500000000045,8.1750133035532,6.804574137988801
511.65000000000043,8.1750133035532,7.796453116899082
511.67500000000047,8.447564066392161,8.013911995303058
511.70000000000044,8.447564066392161,7.78919940737692
511.7250000000005,8.874602061622738,8.080446324353316
511.75000000000045,8.874602061622738,7.969409258785679
511.77500000000043,9.311060080936926,8.764892400323054
511.80000000000047,9.311060080936926,7.460358090829012
511.82500000000044,9.580144112412682,7.445337326924495
511.8500000000005,9.580144112412682,8.181451059972355
511.87500000000045,9.896124281588726,8.166617237140542
511.90000000000043,9.896124281588726,8.248999949090166
511.92500000000047,10.176547572304457,8.372395755873825
511.95000000000044,10.176547572304457,8.342899735859547
511.9750000000005,10.462580042232076,8.138476158789619
512.0000000000005,10.462580042232076,8.197215125194818
512.0250000000004,10.895616306903364,8.349602581324378
512.0500000000004,10.895616306903364,8.325824879236103
512.0750000000005,11.634250624476195,8.156766886962664
512.1000000000005,11.634250624476195,7.775659406605136
512.1250000000005,12.378276309401244,8.037769807444658
512.1500000000004,12.378276309401244,8.280182705358477
512.1750000000004,13.091509695297574,8.420763479014774
512.2000000000005,13.091509695297574,8.388115447905646
512.2250000000005,13.77638871867461,8.272601569858063
512.2500000000005,13.77638871867461,8.313713418213286
512.2750000000004,14.303495137390172,8.437187533108343
512.3000000000004,14.303495137390172,11.73133054446197
512.3250000000005,14.766470604727772,11.778914285635704
512.3500000000005,14.766470604727772,11.28508471895748
512.3750000000005,15.294340760674643,10.603853087158235
512.4000000000004,15.294340760674643,10.663271980307897
512.4250000000004,15.998383724689845,10.881326986963211
512.4500000000005,15.998383724689845,10.867610665022719
512.4750000000005,16.66455685767319,11.322939037625538
512.5000000000005,16.66455685767319,11.140959956642373
512.5250000000004,17.136469039078264,10.992421983056762
512.5500000000004,17.136469039078264,11.253365722507738
512.5750000000005,17.507263579280192,9.151078353868868
512.6000000000005,17.507263579280192,9.108599057663602
512.6250000000005,17.804812520389646,8.86740222212581
512.6500000000004,17.804812520389646,13.056700436622272
512.6750000000004,18.1654766270658,11.3250303374087
512.7000000000005,18.1654766270658,11.445378549294853
512.7250000000005,18.523613655129793,13.864102526390925
512.7500000000005,18.523613655129793,13.350785034423193
512.7750000000004,19.003013297588723,10.063604372893051
512.8000000000004,19.003013297588723,10.375558269048673
512.8250000000005,19.428717983595618,11.591654551537626
512.8500000000005,19.428717983595618,13.726292630860742
512.8750000000005,19.785568135924848,13.563039367924944
512.9000000000004,19.785568135924848,18.45668237351593
512.9250000000004,20.068955526488253,19.062554211153383
512.9500000000005,20.068955526488253,11.500195247102402
512.9750000000005,20.379924193249806,12.632454002038482
513.0000000000005,20.379924193249806,17.10102153757556
513.0250000000004,20.754622526180185,13.736883876235561
513.0500000000004,20.754622526180185,13.769665568616466
513.0750000000005,21.330167460004233,13.677054888138366
513.1000000000005,21.330167460004233,12.450632151842708
513.1250000000005,21.73035704276481,17.765431661403507
513.1500000000004,21.73035704276481,14.318850482218004
513.1750000000004,22.100538400765032,17.52267748971964
513.2000000000005,22.100538400765032,16.9337828311308
513.2250000000005,22.325466476693435,15.06705033094736
513.2500000000005,22.325466476693435,15.340298186927983
513.2750000000004,22.483373617923718,15.775078252608207
513.3000000000004,22.483373617923718,15.635502724561402
513.3250000000005,22.70594281387558,16.134808544859958
513.3500000000005,22.70594281387558,18.48792898018879
513.3750000000005,22.880435791484544,18.670091112335346
513.4000000000004,22.880435791484544,21.243135074864334
513.4250000000004,23.05140417820057,21.822143425979892
513.4500000000005,23.05140417820057,20.77073902016341
513.4750000000005,23.314656148985875,16.33991372993017
513.5000000000005,23.314656148985875,17.166591525169796
513.5250000000004,23.589729724286755,19.127322900887524
513.5500000000004,23.589729724286755,18.99379537654456
513.5750000000005,23.876716129091164,19.1879747378537
513.6000000000005,23.876716129091164,25.707022920956142
513.6250000000005,24.046915944539478,24.358558647526866
513.6500000000004,24.046915944539478,24.21219135443606
513.6750000000004,24.145543321151038,24.29650619136892
513.7000000000005,24.145543321151038,24.437299086963332
513.7250000000005,24.205376291658737,22.827473949473685
513.7500000000005,24.205376291658737,21.679186872610124
513.7750000000004,24.29994460494953,22.480340204637145
513.8000000000004,24.29994460494953,22.533559643545665
513.8250000000005,24.465765862117053,21.265823859961788
513.8500000000005,24.465765862117053,21.64525677752777
513.8750000000005,24.606717756446912,21.679561529839713
513.9000000000004,24.606717756446912,21.471168827715665
513.9250000000004,24.7064970661108,20.636162280162893
513.9500000000005,24.7064970661108,21.360346319547244
513.9750000000005,24.855504585107013,11.236195731152014
514.0000000000005,24.855504585107013,13.58399638827951
514.0250000000004,24.962423699292046,12.71122308792783
514.0500000000004,24.962423699292046,12.310908953105917
514.0750000000005,25.05470629292347,11.871400306127539
514.1000000000005,25.05470629292347,9.869464777851407
514.1250000000005,25.178776921180386,9.820349046932273
514.1500000000004,25.178776921180386,9.033560175382508
514.1750000000004,25.38221148985076,12.371542606415856
514.2000000000005,25.38221148985076,12.744331117792454
514.2250000000005,25.494661421516867,8.655597466415498
514.2500000000005,25.494661421516867,8.459947828783221
514.2750000000004,25.519042477621767,8.570352891018581
514.3000000000004,25.519042477621767,8.53252540930206
514.3250000000005,25.49890834900681,8.688098088726335
514.3500000000005,25.49890834900681,8.860350054370866
514.3750000000005,25.465286803019296,18.016587066211866
514.4000000000004,25.465286803019296,18.943825017770667
514.4250000000004,25.433259939082603,20.012858431970297
514.4500000000005,25.433259939082603,22.514565122070103
514.4750000000005,25.35316908199181,28.223817463214374
514.5000000000005,25.35316908199181,28.225976611104485
514.5250000000004,25.277697704825954,29.9332340786654
514.5500000000004,25.277697704825954,29.324590424537508
514.5750000000005,25.18979682575113,28.95308386235536
514.6000000000005,25.18979682575113,27.278410190953394
514.6250000000005,25.105951280166877,27.322214235076352
514.6500000000004,25.105951280166877,30.467380057664705
514.6750000000004,25.017705948069235,35.03415403872002
514.7000000000005,25.017705948069235,35.33496375443256
514.7250000000005,24.95997769345496,35.276183556480916
514.7500000000005,24.95997769345496,35.266749212149186
514.7750000000004,24.88296086145118,32.814740033197566
514.8000000000004,24.88296086145118,32.08746336191015
514.8250000000005,24.86565275446587,31.832007623188446
514.8500000000005,24.86565275446587,32.0315693493299
514.8750000000005,24.8789812351109,33.132591185242966
514.9000000000004,24.8789812351109,32.92403351499615
514.9250000000004,24.9300630149568,32.4777932617628
514.9500000000005,24.9300630149568,24.92753678695681
514.9750000000005,24.95469402050037,25.19950120489868
515.0000000000005,24.95469402050037,23.5151903440373
515.0250000000004,24.96699153677997,23.439975795285264
515.0500000000004,24.96699153677997,22.747759463979595
515.0750000000005,24.967403409279015,25.901609961309404
515.1000000000005,24.967403409279015,27.058681207575837
515.1250000000005,24.967818692595174,26.35115781838424
515.1500000000004,24.967818692595174,22.127291463072424
515.1750000000004,24.964874240327134,23.883975017988618
515.2000000000005,24.964874240327134,23.12763182806368
515.2250000000005,24.964849037569977,23.5705834814528
515.2500000000005,24.964849037569977,23.917909281652996
515.2750000000004,24.964414249535878,9.148173263881509
515.3000000000004,24.964414249535878,9.122691081392354
515.3250000000005,24.96389137087735,8.825443763680708
515.3500000000005,24.96389137087735,8.954987087198068
515.3750000000005,24.959702082941277,24.31456584338538
515.4000000000004,24.959702082941277,24.501653184721057
515.4250000000004,24.956193840699143,24.65697161094163
515.4500000000005,24.956193840699143,24.10897049712271
515.4750000000005,24.96419130278767,24.03518732878328
515.5000000000005,24.96419130278767,24.681085706808098
515.5250000000004,24.94680662974038,24.87083095218916
515.5500000000004,24.94680662974038,18.858296843753706
515.5750000000005,24.852293951820585,18.394606072056842
515.6000000000005,24.852293951820585,20.167803164298054
515.6250000000005,24.7781300342901,20.167803164298054
515.6500000000004,24.7781300342901,21.119048399144226
515.6750000000004,24.66303273698182,21.17560401768107
515.7000000000005,24.66303273698182,20.261356391661362
515.7250000000005,24.551509435341927,20.319811711691482
515.7500000000005,24.551509435341927,20.356564978508608
515.7750000000004,24.360428627831112,20.851868301482412
515.8000000000004,24.360428627831112,20.834509972754653
515.8250000000005,24.208802245603778,20.5287796294143
515.8500000000005,24.208802245603778,21.106914137004033
515.8750000000005,24.0321531511549,19.63713614714839
515.9000000000004,24.0321531511549,19.991114939358862
515.9250000000004,23.795221989774646,19.11275732729306
515.9500000000005,23.795221989774646,20.676825026105593
515.9750000000005,23.683637882439513,23.604122424763492
516.0000000000005,23.683637882439513,21.120824393605872
516.0250000000004,23.511104877855743,22.00167310151462
516.0500000000004,23.511104877855743,25.181312662385537
516.0750000000005,23.259646797754783,22.424246370906406
516.1000000000005,23.259646797754783,22.489831243442524
516.1250000000005,22.911673603442793,22.275041454519823
516.1500000000004,22.911673603442793,21.903634551952145
516.1750000000004,22.6275217199927,22.298862738375018
516.2000000000005,22.6275217199927,22.354634324965556
516.2250000000005,22.215536388972225,22.456562892062394
516.2500000000005,22.215536388972225,22.335266576905966
516.2750000000004,21.845539325800473,21.522525833219962
516.3000000000004,21.845539325800473,21.8302151840065
516.3250000000005,21.54735427095595,23.11923040907514
516.3500000000005,21.54735427095595,21.65393790762476
516.3750000000005,21.16165059904951,20.702175078593594
516.4000000000004,21.16165059904951,20.735884318813422
516.4250000000004,20.7727673029015,20.25700765193939
516.4500000000005,20.7727673029015,20.327779314486744
516.4750000000005,20.425612584601552,8.761625890508487
516.5000000000005,20.425612584601552,8.784448762355357
516.5250000000004,20.093022857305726,8.887570454401338
516.5500000000004,20.093022857305726,9.378709544350476
516.5750000000005,19.784132218943867,9.961870977523061
516.6000000000005,19.784132218943867,9.470214193960123
516.6250000000005,19.46710511474133,9.54886724289393
516.6500000000004,19.46710511474133,9.264232791921136
516.6750000000004,19.192834774801497,8.023173115661388
516.7000000000005,19.192834774801497,7.964853301700298
516.7250000000005,18.7526815789481,8.203151121898996
516.7500000000005,18.7526815789481,8.378734896496818
516.7750000000004,18.403497226297503,8.409365772344962
516.8000000000004,18.403497226297503,19.785943293386463
516.8250000000005,18.05101635190502,16.598249348866787
516.8500000000005,18.05101635190502,16.70302931408461
516.8750000000005,17.811072647719172,25.818196265920804
516.9000000000004,17.811072647719172,25.327905983530663
516.9250000000004,17.57902249667103,25.764164209522097
516.9500000000005,17.57902249667103,25.539753232605612
516.9750000000005,17.34951447559007,25.653788393053727
517.0000000000005,17.34951447559007,24.93717394623096
517.0250000000004,17.182631732371718,24.97593523563704
517.0500000000004,17.182631732371718,23.725590202209084
517.0750000000005,16.98880349252147,23.725590202209084
517.1000000000005,16.98880349252147,24.120161509650842
517.1250000000005,16.850573731964346,23.834645768247928
517.1500000000004,16.850573731964346,26.361670964632946
517.1750000000004,16.715983817125263,23.43597378048256
517.2000000000005,16.715983817125263,23.764661818903264
517.2250000000005,16.57454700380373,23.91874142945639
517.2500000000005,16.57454700380373,23.86158602241474
517.2750000000004,16.433638012748062,23.68322010906275
517.3000000000004,16.433638012748062,23.685418582649618
517.3250000000005,16.21097681438539,24.138465890741205
517.3500000000005,16.21097681438539,23.544849270111094
517.3750000000005,15.92840982427252,11.197788044981916
517.4000000000004,15.92840982427252,17.202020033031168
517.4250000000004,15.579826856442835,15.969110025975029
517.4500000000005,15.579826856442835,16.401382265603427
517.4750000000005,15.313345720136283,6.480407680117113
517.5000000000005,15.313345720136283,6.910013453889132
517.5250000000004,15.089889517773258,6.763034483998291
517.5500000000004,15.089889517773258,11.391479774177373
517.5750000000005,14.781150357714225,11.388356806752851
517.6000000000005,14.781150357714225,12.04822876637182
517.6250000000005,14.480643258799603,23.721702965802816
517.6500000000004,14.480643258799603,23.732507054812356
517.6750000000004,14.271405174164997,23.172891110970323
517.7000000000005,14.271405174164997,22.53448256151787
517.7250000000005,14.081986895539671,22.548897989049706
517.7500000000005,14.081986895539671,22.74933183040049
517.7750000000004,13.77720925855931,22.20557544616462
517.8000000000004,13.77720925855931,19.910800591113873
517.8250000000005,13.384103867013849,19.553232193107473
517.8500000000005,13.384103867013849,19.709065363536325
517.8750000000005,12.898097821885301,19.21818241194771
517.9000000000004,12.898097821885301,14.81417505424856
517.9250000000004,12.496338047824892,15.00964251690133
517.9500000000005,12.496338047824892,12.376541052066793
517.9750000000005,12.019395097791403,12.769560150641908
518.0000000000005,12.019395097791403,13.34490480729829
518.0250000000004,11.447584690187838,13.630551742167391
518.0500000000004,11.447584690187838,13.828028921337646
518.0750000000005,10.648241698534221,13.709971054074208
518.1000000000005,10.648241698534221,13.64285869828012
518.1250000000005,9.791745423964898,12.679453518313927
518.1500000000004,9.791745423964898,12.921295833361528
518.1750000000004,8.956783437780544,12.57204335146752
518.2000000000005,8.956783437780544,16.071396359406535
518.2250000000005,7.919585256337314,16.093823015823446
518.2500000000005,7.919585256337314,15.451379866341721
518.2750000000004,6.837513293320043,15.273711243724978
518.3000000000004,6.837513293320043,15.706113036167931
518.3250000000005,5.725813233987637,15.942926191943148
518.3500000000005,5.725813233987637,15.338923936636856
518.3750000000005,4.812833591832685,14.435677264143147
518.4000000000004,4.812833591832685,19.463395147706393
518.4250000000004,4.313769168347363,13.313914779963033
518.4500000000005,4.313769168347363,21.549300475327286
518.4750000000005,3.9819395706422824,23.46855858145685
518.5000000000005,3.9819395706422824,23.472258427703256
518.5250000000004,3.9356114359744367,13.85460306294599
518.5500000000004,3.9356114359744367,13.634732565268083
518.5750000000005,3.8538461359316756,13.140446899431838
518.6000000000005,3.8538461359316756,12.271790483938291
518.6250000000005,3.764311877265385,12.179885618088397
518.6500000000004,3.764311877265385,11.99515907297075
518.6750000000004,3.6406277491959997,10.545131647067683
518.7000000000005,3.6406277491959997,10.737813113282598
518.7250000000005,3.434004189724021,9.476391184602267
518.7500000000005,3.434004189724021,6.696876398854846
518.7750000000004,3.2218977888871194,6.6534700654400005
518.8000000000004,3.2218977888871194,4.407604494531318
518.8250000000005,2.985447901510099,4.296015505130133
518.8500000000005,2.985447901510099,3.681197414233117
518.8750000000005,2.757476092259907,3.682577007942236
518.9000000000004,2.757476092259907,4.340237198462631
518.9250000000004,2.573837534395196,4.149790624083265
518.9500000000005,2.573837534395196,4.524335765125181
518.9750000000005,2.6138711469677958,4.266754949172582
519.0000000000005,2.6138711469677958,4.156307352561099
519.0250000000004,2.592361515686079,4.0818187303392355
519.0500000000004,2.592361515686079,4.0818187303392355
519.0750000000005,2.7169243455110035,3.9527131274986265
519.1000000000005,2.7169243455110035,3.8806689137986115
519.1250000000005,2.654842695679804,4.0604776622221115
519.1500000000004,2.654842695679804,4.168567161502547
519.1750000000004,2.5537108283435543,4.168567161502547
519.2000000000005,2.5537108283435543,4.032417430610496
519.2250000000005,2.4383202596440867,3.960057662192097
519.2500000000005,2.4383202596440867,3.4503877542343293
519.2750000000004,2.567767421917978,3.3741161801842003
519.3000000000004,2.567767421917978,3.3217341181986613
519.3250000000005,2.5968246098320833,3.146781797434388
519.3500000000005,2.5968246098320833,3.5808689287149407
519.3750000000005,2.7285742436906446,3.657374067409128
519.4000000000004,2.7285742436906446,3.662858841786495
519.4250000000004,3.008697895211057,3.83958687181047
519.4500000000005,3.008697895211057,3.873209914583799
519.4750000000005,3.190237899445094,4.370402879975391
519.5000000000005,3.190237899445094,4.187861290224495
519.5250000000004,3.3594657528703777,4.954272772678018
519.5500000000004,3.3594657528703777,4.6986288573202755
519.5750000000005,3.4086837486039627,4.819829672667932
519.6000000000005,3.4086837486039627,4.8274202306797696
519.6250000000005,3.418153774686246,4.799560247252557
519.6500000000004,3.418153774686246,4.821625024834823
519.6750000000004,3.421785205313597,26.1166777766307
519.7000000000005,3.421785205313597,27.085695393250095
519.7250000000005,3.4160746363914,26.3824812954985
519.7500000000005,3.4160746363914,26.38108099903188
519.7750000000004,3.366078985473237,26.080791644548814
519.8000000000004,3.366078985473237,26.07963955697018
519.8250000000005,3.3144037297106337,26.954584514733092
519.8500000000005,3.3144037297106337,26.63399803768908
519.8750000000005,3.068291668593403,4.664964275355502
519.9000000000004,3.068291668593403,4.369458455134394
519.9250000000004,2.814639152108313,4.316791994859955
519.9500000000005,2.814639152108313,4.3376150529804125
519.9750000000005,2.7436258675390377,4.337270008990001
520.0000000000005,2.7436258675390377,6.786883941245114
520.0250000000004,2.8365519103799244,6.563023816683259
520.0500000000004,2.8365519103799244,3.884781881927731
520.0750000000005,2.9219441976674005,6.22157041130027
520.1000000000005,2.9219441976674005,6.256918986254259
520.1250000000005,3.1062778053193654,6.2241306947545185
520.1500000000004,3.1062778053193654,6.482555940211585
520.1750000000004,3.1507695140113157,8.645752561689026
520.2000000000005,3.1507695140113157,8.722993818370172
520.2250000000005,3.2989204646671197,7.832764430404365
520.2500000000005,3.2989204646671197,7.970258784624994
520.2750000000004,3.370385412764847,7.921865112772947
520.3000000000004,3.370385412764847,5.247175369228767
520.3250000000005,3.2868049521290033,5.403149934647114
520.3500000000005,3.2868049521290033,5.094943516914076
520.3750000000005,3.0369786461002377,3.7715258332562986
520.4000000000004,3.0369786461002377,3.988624457117603
520.4250000000004,2.7318403903758366,5.01984553510131
520.4500000000005,2.7318403903758366,5.035230532782982
520.4750000000005,2.4431102405942795,5.286404171876606
520.5000000000005,2.4431102405942795,5.142958805749121
520.5250000000004,2.1792729739116226,5.142958805749121
520.5500000000004,2.1792729739116226,4.928450628186268
520.5750000000005,1.9637292663934574,5.238234976598612
520.6000000000005,1.9637292663934574,5.611664508416158
520.6250000000005,1.5963043186459203,4.072732018202884
520.6500000000004,1.5963043186459203,4.2616534464088005
520.6750000000004,1.4855360251819576,3.4993251591087384
520.7000000000005,1.4855360251819576,3.491880887746014
520.7250000000005,1.337788856945437,3.754247999982372
520.7500000000005,1.337788856945437,3.399517665620379
520.7750000000004,1.393233863102978,3.290241175019385
520.8000000000004,1.393233863102978,2.491714132776404
520.8250000000005,1.4863990186834855,2.4858129183544064
520.8500000000005,1.4863990186834855,3.21052560942612
520.8750000000005,1.5728736714750795,3.185092598430083
520.9000000000004,1.5728736714750795,3.1834122228109085
520.9250000000004,1.7448428792172734,3.172462949780503
520.9500000000005,1.7448428792172734,3.2241292070110052
520.9750000000005,1.8062469914346337,3.17958840359097
521.0000000000005,1.8062469914346337,3.165522813532431
521.0250000000004,1.7383991360611617,3.1696696570644316
521.0500000000004,1.7383991360611617,3.279672899279632
521.0750000000005,1.6237202722539195,3.033482971767078
521.1000000000005,1.6237202722539195,3.1786419363825225
521.1250000000005,1.5572080400955173,3.1502148877716767
521.1500000000004,1.5572080400955173,3.5154355859760638
521.1750000000004,1.5423798298272828,3.639714596048498
521.2000000000005,1.5423798298272828,3.4533492389725833
521.2250000000005,1.4210106750742426,3.504335410338096
521.2500000000005,1.4210106750742426,3.7555587708498503
521.2750000000004,1.2847204886983974,3.676684994729038
521.3000000000004,1.2847204886983974,3.5124313441623083
521.3250000000005,1.3863642209707194,3.1232054045569595
521.3500000000005,1.3863642209707194,2.9478213102901334
521.3750000000005,1.6103324340447216,2.9385067399917633
521.4000000000004,1.6103324340447216,3.2217826410833443
521.4250000000004,1.9296102574902818,3.1616111093584807
521.4500000000005,1.9296102574902818,3.1788618925390555
521.4750000000005,2.200827740711702,3.1606014274296204
521.5000000000005,2.200827740711702,3.171124512023319
521.5250000000004,2.4569823410914466,3.3754733022877215
521.5500000000004,2.4569823410914466,3.428671603025371
521.5750000000005,2.627133415743856,3.444062449917493
521.6000000000005,2.627133415743856,3.3459707017095
521.6250000000005,2.8233548823191654,3.3182157733716404
521.6500000000004,2.8233548823191654,27.8162261768282
521.6750000000004,2.9310951344182996,28.07447323894891
521.7000000000005,2.9310951344182996,27.708148715508255
521.7250000000005,3.016474480978559,27.6439977463805
521.7500000000005,3.016474480978559,27.729662462620748
521.7750000000004,3.0181297743199593,27.80068011068364
521.8000000000004,3.0181297743199593,27.77174514340044
521.8250000000005,3.1040669108070347,27.982962108766436
521.8500000000005,3.1040669108070347,28.039989301290465
521.8750000000005,3.140810027630593,25.133642475113287
521.9000000000004,3.140810027630593,25.024117933835104
521.9250000000004,2.9956802120423163,25.135726257533726
521.9500000000005,2.9956802120423163,26.01569423177247
521.9750000000005,2.930175125425464,4.275254829964161
522.0000000000005,2.930175125425464,4.275254829964161
522.0250000000004,3.004715841592045,3.650775323865483
522.0500000000004,3.004715841592045,26.189049836258068
522.0750000000005,2.944089000584796,25.64382023423384
522.1000000000005,2.944089000584796,25.634480172624563
522.1250000000005,2.7378117312297547,25.75744511910032
522.1500000000004,2.7378117312297547,3.491199801900268
522.1750000000004,2.5471501052964385,3.386334331815665
522.2000000000005,2.5471501052964385,3.3704584848860697
522.2250000000005,2.285749883082275,3.348799248135319
522.2500000000005,2.285749883082275,3.9422335506674506
522.2750000000004,1.973100006747714,3.6110390526380947
522.3000000000004,1.973100006747714,3.2696270284559636
522.3250000000005,1.8447439012653177,3.3268557477183447
522.3500000000005,1.8447439012653177,3.296844992435492
522.3750000000005,1.6835570362064232,3.2641213209192164
522.4000000000004,1.6835570362064232,3.157882684098734
522.4250000000004,1.7907404720602358,2.957508066756838
522.4500000000005,1.7907404720602358,2.852356871940032
522.4750000000005,1.8222471242346785,2.813140010403592
522.5000000000005,1.8222471242346785,2.691056362267331
522.5250000000004,1.9406969255231559,2.9739869261762464
522.5500000000004,1.9406969255231559,3.0730184751578458
522.5750000000005,1.931112077818554,3.165321083564693
522.6000000000005,1.931112077818554,3.12966007879528
522.6250000000005,1.8045143840129612,2.7765174281936753
522.6500000000004,1.8045143840129612,2.741307447565212
522.6750000000004,1.7728605948677796,2.642830158782861
522.7000000000005,1.7728605948677796,2.683999750518033
522.7250000000005,1.971756995144446,2.6725242126547473
522.7500000000005,1.971756995144446,2.685707328677324
522.7750000000004,2.2103014818493136,2.7950584693117286
522.8000000000004,2.2103014818493136,2.7950584693117286
522.8250000000005,2.449454307466098,2.950016360033993
522.8500000000005,2.449454307466098,2.6307985031663583
522.8750000000005,2.452870875137563,2.6834186151103463
522.9000000000004,2.452870875137563,2.5346705619792016
522.9250000000004,2.4078683192413024,2.766261166448862
522.9500000000005,2.4078683192413024,2.659396769725318
522.9750000000005,2.344438526471393,2.7473813808046885
523.0000000000005,2.344438526471393,2.7329025212524876
523.0250000000004,2.338340405024155,2.333747031963628
523.0500000000004,2.338340405024155,2.291580469050438
523.0750000000005,2.481084711287494,2.345537687434621
523.1000000000005,2.481084711287494,2.3647863798841247
523.1250000000005,2.6916635410986345,2.3808671549968663
523.1500000000004,2.6916635410986345,2.577704641245526
523.1750000000004,2.8958477144335575,2.556742433910912
523.2000000000005,2.8958477144335575,2.3442152327521804
523.2250000000005,3.121554526415764,2.5760450882427572
523.2500000000005,3.121554526415764,2.5385021206565836
523.2750000000004,3.228667750907263,2.71563416508808
523.3000000000004,3.228667750907263,2.7029907378033675
523.3250000000005,3.2392701841014,3.0736239918464876
523.3500000000005,3.2392701841014,3.1356626871139124
523.3750000000005,3.1627485788830967,2.8122498041443644
523.4000000000004,3.1627485788830967,2.8413794287831293
523.4250000000004,3.1133051245383996,2.62335193684311
523.4500000000005,3.1133051245383996,2.809720422901479
523.4750000000005,3.09583775691236,2.996321685179262
523.5000000000005,3.09583775691236,17.935379912299002
523.5250000000004,2.890170631676341,18.37275313603096
523.5500000000004,2.890170631676341,4.323746944264351
523.5750000000005,2.61506989919458,4.921375973808172
523.6000000000005,2.61506989919458,5.135079375376759
523.6250000000005,2.5392451831195615,5.143260600960916
523.6500000000004,2.5392451831195615,5.279029489209907
523.6750000000004,2.530478823389302,4.206448944789877
523.7000000000005,2.530478823389302,4.143209243510239
523.7250000000005,2.6246243238137197,4.143209243510239
523.7500000000005,2.6246243238137197,3.8919323306431566
523.7750000000004,2.602774245168362,3.6520889820187317
523.8000000000004,2.602774245168362,3.947957654864421
523.8250000000005,2.750959553699502,3.948935223633859
523.8500000000005,2.750959553699502,3.902904278586729
523.8750000000005,2.798711287732246,3.9141247774034786
523.9000000000004,2.798711287732246,20.816449675547975
523.9250000000004,2.7894254242383028,20.505728318459468
523.9500000000005,2.7894254242383028,20.46317564894328
523.9750000000005,2.846837816571096,28.881627809309975
524.0000000000005,2.846837816571096,3.5806137788791803
524.0250000000004,2.835188043589355,3.5806137788791803
524.0500000000004,2.835188043589355,3.5209748262254177
524.0750000000005,2.768119555359675,3.7153941561275
524.1000000000005,2.768119555359675,3.5786699697207727
524.1250000000005,2.7475199009028444,3.94861779791514
524.1500000000004,2.7475199009028444,3.895018158318403
524.1750000000004,2.620030147847075,3.8564993513629613
524.2000000000005,2.620030147847075,29.70674125799089
524.2250000000005,2.3530713944151955,28.856211824017777
524.2500000000005,2.3530713944151955,29.40964001167504
524.2750000000004,2.2155081449325422,29.99444960896298
524.3000000000004,2.2155081449325422,29.401613282261632
524.3250000000005,2.1793715013945985,29.372920293145043
524.3500000000005,2.1793715013945985,29.061808295932543
524.3750000000005,2.2949436268542343,27.922379838281167
524.4000000000004,2.2949436268542343,3.7218312551382633
524.4250000000004,2.28411290165252,3.699085616018833
524.4500000000005,2.28411290165252,3.5951181307571205
524.4750000000005,2.21348515255238,3.926383939149411
524.5000000000005,2.21348515255238,3.5747396247705283
524.5250000000004,2.348165238374307,3.622487737146764
524.5500000000004,2.348165238374307,4.058942852469438
524.5750000000005,2.3183619292320827,4.0692475058519
524.6000000000005,2.3183619292320827,4.495457759736085
524.6250000000005,2.17160571700542,4.619135359998595
524.6500000000004,2.17160571700542,4.425322602974962
524.6750000000004,2.0263086009142057,4.328996806669481
524.7000000000005,2.0263086009142057,3.8049728065178217
524.7250000000005,1.9465940174413419,3.7386289387706135
524.7500000000005,1.9465940174413419,3.74684866462316
524.7750000000004,1.856506809104303,3.6662397609547894
524.8000000000004,1.856506809104303,3.3965608289727833
524.8250000000005,1.6728507771703534,3.587274681937275
524.8500000000005,1.6728507771703534,3.506467257097778
524.8750000000005,1.4549668620599192,3.5577335641653405
524.9000000000004,1.4549668620599192,3.3772548448305697
524.9250000000004,1.1405007179061784,3.1685194073916416
524.9500000000005,1.1405007179061784,2.9651079793420094
524.9750000000005,1.1497231314036753,2.9359074970177037
525.0000000000005,1.1497231314036753,3.087213045367107
525.0250000000004,1.230514790833837,2.912766573112332
525.0500000000004,1.230514790833837,3.1630484039884705
525.0750000000005,1.5429782390139195,2.5461635588924425
525.1000000000005,1.5429782390139195,2.803680431858293
525.1250000000005,2.0001751744794802,2.745085652456029
525.1500000000004,2.0001751744794802,2.8887667668662105
525.1750000000004,2.54928135286778,2.8389233155431217
525.2000000000005,2.54928135286778,3.37848173933038
525.2250000000005,3.014188058856945,3.1625609793955567
525.2500000000005,3.014188058856945,3.21826926418513
525.2750000000004,3.3398470587439135,3.216809058311201
525.3000000000004,3.3398470587439135,3.334368394440358
525.3250000000005,3.611008259842606,3.3269645589160746
525.3500000000005,3.611008259842606,3.302053718209826
525.3750000000005,4.073816922176405,3.279364302774951
525.4000000000004,4.073816922176405,3.2602355579191307
525.4250000000005,4.551219355708923,3.2334957490664005
525.4500000000005,4.551219355708923,3.2296529944641934
525.4750000000005,4.9464071335032855,2.5401577864064824
525.5000000000005,4.9464071335032855,2.728112563841508
525.5250000000004,5.225578387329023,3.2168255200022884
525.5500000000005,5.225578387329023,3.317870651529353
525.5750000000005,5.583038072750526,3.246282213707917
525.6000000000005,5.583038072750526,3.233787532186532
525.6250000000005,5.845235354043837,2.943726044742277
525.6500000000004,5.845235354043837,2.9195704601334938
525.6750000000005,6.144105627871184,2.95934024650097
525.7000000000005,6.144105627871184,2.972181454705884
525.7250000000005,6.614649541151962,3.0785385881986542
525.7500000000005,6.614649541151962,3.2058382887647343
525.7750000000004,7.234226494123845,4.437154291515401
525.8000000000005,7.234226494123845,4.351130477621827
525.8250000000005,7.898379982257396,5.2211480283143805
525.8500000000005,7.898379982257396,5.208045669213225
525.8750000000005,8.596567462765819,5.220446583783567
525.9000000000004,8.596567462765819,4.261995891830241
525.9250000000005,9.1429890446271,5.704432798183843
525.9500000000005,9.1429890446271,5.635782065831712
525.9750000000005,9.810636517084006,5.219502671054269
526.0000000000005,9.810636517084006,4.933532646004976
526.0250000000004,10.54977954284432,4.868915842708589
526.0500000000005,10.54977954284432,4.8378940686078105
526.0750000000005,11.241486305721253,6.438382956030623
526.1000000000005,11.241486305721253,6.600010327985928
526.1250000000005,11.85389452348548,5.9975793278786425
526.1500000000004,11.85389452348548,5.972758377058232
526.1750000000005,12.382988527523807,5.559312811957715
526.2000000000005,12.382988527523807,5.860363085357691
526.2250000000005,13.104363457184405,5.961435949587521
526.2500000000005,13.104363457184405,6.702609603701364
526.2750000000004,13.804312473224414,7.270313990060332
526.3000000000005,13.804312473224414,15.969442989973015
526.3250000000005,14.451853755544349,15.833542718888737
526.3500000000005,14.451853755544349,12.643011394811447
526.3750000000005,15.091144016652365,12.691991559593092
526.4000000000004,15.091144016652365,7.238954477561361
526.4250000000005,15.684629498719076,7.2733165047962025
526.4500000000005,15.684629498719076,12.566517312880144
526.4750000000005,16.398420247483372,13.68576312245998
526.5000000000005,16.398420247483372,13.668108855265464
526.5250000000004,16.9956592481648,13.535716239967536
526.5500000000005,16.9956592481648,9.568985459994785
526.5750000000005,17.67642788847182,9.648362316940672
526.6000000000005,17.67642788847182,9.617606412565596
526.6250000000005,18.192657001670653,11.162197120618892
526.6500000000004,18.192657001670653,11.073270806508202
526.6750000000005,18.65939409266271,11.097703668937275
526.7000000000005,18.65939409266271,11.053064822043842
526.7250000000005,19.053754714225718,10.934035318489657
526.7500000000005,19.053754714225718,10.253448147450294
526.7750000000004,19.243821388788433,10.26039523854776
526.8000000000005,19.243821388788433,10.470034637652507
526.8250000000005,19.497741974558508,10.456134992839019
526.8500000000005,19.497741974558508,10.2794678896903
526.8750000000005,19.806285419703798,11.387444320464304
526.9000000000004,19.806285419703798,11.733377604730917
526.9250000000005,20.336102550679158,11.726144526871728
526.9500000000005,20.336102550679158,11.517556891480604
526.9750000000005,21.14425667121708,11.701054830957956
527.0000000000005,21.14425667121708,11.49142357174443
527.0250000000004,21.750536319236048,13.234856961575613
527.0500000000005,21.750536319236048,13.109810142892911
527.0750000000005,22.243879481260947,13.322574771365273
527.1000000000005,22.243879481260947,13.16980190371841
527.1250000000005,22.512413713672743,13.187437797873947
527.1500000000004,22.512413713672743,13.318949303572332
527.1750000000005,22.61054766127485,13.021735892852625
527.2000000000005,22.61054766127485,13.049838695572534
527.2250000000005,22.56502584587254,13.28472940651276
527.2500000000005,22.56502584587254,13.951781536936041
527.2750000000004,22.46058889311341,14.391356966507116
527.3000000000005,22.46058889311341,14.336352327152131
527.3250000000005,22.3696112698958,14.933134292935009
527.3500000000005,22.3696112698958,20.992392317033776
527.3750000000005,22.36447927302727,21.16670782596189
527.4000000000004,22.36447927302727,21.930346274424334
527.4250000000005,22.451945064885635,22.959903011782735
527.4500000000005,22.451945064885635,20.422959121703737
527.4750000000005,22.607481211829423,20.794081212422
527.5000000000005,22.607481211829423,20.364413356753058
527.5250000000004,22.761902085318084,23.75300449895452
527.5500000000005,22.761902085318084,23.333339830016904
527.5750000000005,22.980458486976246,20.27011137856606
527.6000000000005,22.980458486976246,20.394966819117062
527.6250000000005,23.144393384797112,21.769109805750844
527.6500000000004,23.144393384797112,20.38192786939741
527.6750000000005,23.450143276522056,20.96399268357899
527.7000000000005,23.450143276522056,25.10245446935708
527.7250000000005,23.76907658327484,25.452318303508378
527.7500000000005,23.76907658327484,20.438661075322187
527.7750000000004,24.029177088013597,21.07548252638752
527.8000000000005,24.029177088013597,21.254392695953708
527.8250000000005,24.28094404913557,20.490071915936
527.8500000000005,24.28094404913557,19.83382845752803
527.8750000000005,24.466989126169864,19.960364244506458
527.9000000000004,24.466989126169864,20.277022186014445
527.9250000000005,24.693905425186784,20.147701429104156
527.9500000000005,24.693905425186784,20.395357229361878
527.9750000000005,24.837211130592436,20.28923247816194
528.0000000000005,24.837211130592436,19.384339402068687
528.0250000000004,24.89433304600142,16.55684991859254
528.0500000000005,24.89433304600142,16.56763024268215
528.0750000000005,24.923972697057835,18.911598431062938
528.1000000000005,24.923972697057835,18.769393460276333
528.1250000000005,24.949937497316043,18.943894808655724
528.1500000000004,24.949937497316043,18.87233395316306
528.1750000000005,24.944885646527936,18.08152657172309
528.2000000000005,24.944885646527936,18.049670741726057
528.2250000000005,24.94177305772679,18.807776822162797
528.2500000000005,24.94177305772679,18.135798513390046
528.2750000000004,24.948524803533275,17.385558988777667
528.3000000000005,24.948524803533275,17.82956682160295
528.3250000000005,24.99650019917945,18.31923656927457
528.3500000000005,24.99650019917945,18.508763292646265
528.3750000000005,25.126397123423843,18.043152650690278
528.4000000000004,25.126397123423843,17.819434124510693
528.4250000000005,25.206018910026955,21.8129297433891
528.4500000000005,25.206018910026955,17.973343158442475
528.4750000000005,25.231857273930174,21.08865840534056
528.5000000000005,25.231857273930174,18.10860768770538
528.5250000000004,25.230931964332868,17.68739411859283
528.5500000000005,25.230931964332868,18.57932553087621
528.5750000000005,25.209568453626247,18.894364182753915
528.6000000000005,25.209568453626247,18.99889974864872
528.6250000000005,25.20728935562427,18.975391949325143
528.6500000000004,25.20728935562427,19.208157112479253
528.6750000000005,25.24473392626264,19.64743312807532
528.7000000000005,25.24473392626264,19.64743312807532
528.7250000000005,25.321776087823665,19.264619629704566
528.7500000000005,25.321776087823665,19.568897073227337
528.7750000000004,25.48253720803754,19.603481407377757
528.8000000000005,25.48253720803754,19.52885595251579
528.8250000000005,25.743587239405002,19.21115404873712
528.8500000000005,25.743587239405002,19.497856223224503
528.8750000000005,25.956593080888894,18.90706278388607
528.9000000000004,25.956593080888894,16.272630839219502
528.9250000000005,26.156030198893205,16.683315211956785
528.9500000000005,26.156030198893205,17.690195707869336
528.9750000000005,26.366924791043218,17.297199419880364
529.0000000000005,26.366924791043218,19.710748459334198
529.0250000000004,26.592605629612876,19.596783348786083
529.0500000000005,26.592605629612876,19.94454931114788
529.0750000000005,26.966237845877572,19.94454931114788
529.1000000000005,26.966237845877572,19.842394006376576
529.1250000000005,27.392087036654317,20.06416414963551
529.1500000000004,27.392087036654317,20.17780597516154
529.1750000000005,27.925278722570667,18.978826576236813
529.2000000000005,27.925278722570667,18.888510627905053
529.2250000000005,28.32955816877225,19.235417066674646
529.2500000000005,28.32955816877225,19.222169884986616
529.2750000000004,28.771996213793884,19.35579974592497
529.3000000000005,28.771996213793884,19.708748279669393
529.3250000000005,29.230796351893844,19.33540822320821
529.3500000000005,29.230796351893844,19.346706903748363
529.3750000000005,29.590116472659474,18.854780287934624
529.4000000000004,29.590116472659474,18.296457266019864
529.4250000000005,29.87214715164434,19.164443613102286
529.4500000000005,29.87214715164434,18.85049261827805
529.4750000000005,30.197935708482092,18.67117201259068
529.5000000000005,30.197935708482092,18.832815203226133
529.5250000000004,30.55968111543305,18.735390024115055
529.5500000000005,30.55968111543305,18.644917836011576
529.5750000000005,30.93379114247132,19.3546518156827
529.6000000000005,30.93379114247132,19.41825468475189
529.6250000000005,31.343414899718397,19.30786538132639
529.6500000000004,31.343414899718397,19.5120184332068
529.6750000000005,31.727012300960055,21.07389480658942
529.7000000000005,31.727012300960055,21.376811701253946
529.7250000000005,32.09641855379269,25.91750438801763
529.7500000000005,32.09641855379269,25.887345087114177
529.7750000000004,32.56227220823861,26.508467766097905
529.8000000000005,32.56227220823861,26.05229318254244
529.8250000000005,33.11488889943604,26.167919626975273
529.8500000000005,33.11488889943604,26.147590088298585
529.8750000000005,33.724020682280354,28.377820179181512
529.9000000000004,33.724020682280354,28.55119100472538
529.9250000000005,34.2425142160149,28.80504518199517
529.9500000000005,34.2425142160149,28.92667988995352
529.9750000000005,34.68369289929049,28.889691359413465
530.0000000000005,34.68369289929049,28.994894508449548
530.0250000000004,35.270344360761385,29.132670433233226
530.0500000000005,35.270344360761385,29.281602873788685
530.0750000000005,35.86946065042366,29.421542084407157
530.1000000000005,35.86946065042366,27.971945745209982
530.1250000000005,36.416455288709514,28.028140945528992
530.1500000000004,36.416455288709514,28.048424709099564
530.1750000000005,36.93417614685518,27.78382534985229
530.2000000000005,36.93417614685518,27.83824963643385
530.2250000000005,37.29048744629219,27.858294556957034
530.2500000000005,37.29048744629219,28.0159221948005
530.2750000000004,37.57270335989032,27.46679635133937
530.3000000000005,37.57270335989032,27.20766121278609
530.3250000000005,37.795554092844064,27.12744234875122
530.3500000000005,37.795554092844064,27.08474100549022
530.3750000000005,38.09118623719221,27.234520937932135
530.4000000000004,38.09118623719221,27.53671219352753
530.4250000000005,38.41430126384042,23.71594905317355
530.4500000000005,38.41430126384042,23.779156118364185
530.4750000000005,38.79795310231192,25.266236780362433
530.5000000000005,38.79795310231192,25.22030368938793
530.5250000000004,39.1632934741374,25.180678710500516
530.5500000000005,39.1632934741374,25.305821888504934
530.5750000000005,39.57053305217148,30.42037647787361
530.6000000000005,39.57053305217148,27.226355724957017
530.6250000000005,39.956638813506,27.257368535711873
530.6500000000004,39.956638813506,27.854036683796597
530.6750000000005,40.37776343346341,27.905143029025524
530.7000000000005,40.37776343346341,28.063634652474764
530.7250000000005,40.86141048106152,27.970412023491743
530.7500000000005,40.86141048106152,28.444095271189294
530.7750000000004,41.25242397334576,35.91356660646195
530.8000000000005,41.25242397334576,34.448244841747304
530.8250000000005,41.69244629928139,34.586391607517044
530.8500000000005,41.69244629928139,35.79909846556822
530.8750000000005,42.183584353846946,28.462418223618748
530.9000000000004,42.183584353846946,20.473082526942044
530.9250000000005,42.70733197363008,28.936650042041347
530.9500000000005,42.70733197363008,29.381761365570313
530.9750000000005,43.20551397206632,29.22248709384743
531.0000000000005,43.20551397206632,28.986876581048115
531.0250000000004,43.65274703676808,27.026490151429698
531.0500000000005,43.65274703676808,26.65904186354102
531.0750000000005,43.91043898587442,26.716370324858254
531.1000000000005,43.91043898587442,35.34860030057861
531.1250000000005,44.08133242842217,35.253117770769116
531.1500000000004,44.08133242842217,34.96724221124248
531.1750000000005,44.21715174620956,35.70089845249291
531.2000000000005,44.21715174620956,35.99109628594611
531.2250000000005,44.39914353380004,36.02112921430876
531.2500000000005,44.39914353380004,35.24079945338164
531.2750000000004,44.53493645709807,34.92332272783435
531.3000000000005,44.53493645709807,21.34023334961158
531.3250000000005,44.574601308196584,22.271186992371216
531.3500000000005,44.574601308196584,22.81496334952876
531.3750000000005,44.51116604163167,33.27772500460826
531.4000000000004,44.51116604163167,32.87626960113863
531.4250000000005,44.359875131261425,32.74175182868537
531.4500000000005,44.359875131261425,32.81775462329903
531.4750000000005,44.02806253888401,32.81819188177324
531.5000000000005,44.02806253888401,33.49849706351957
531.5250000000004,43.760875073730745,33.48720609603636
531.5500000000005,43.760875073730745,36.03198379589938
531.5750000000005,43.53794505466952,36.14636169097877
531.6000000000005,43.53794505466952,35.97970584036791
531.6250000000005,43.4968171698841,35.71790136630719
531.6500000000004,43.4968171698841,34.596418476956934
531.6750000000005,43.59762585078036,33.94759375958123
531.7000000000005,43.59762585078036,34.080578101043514
531.7250000000005,43.69512979851804,34.20280674497249
531.7500000000005,43.69512979851804,33.850801836457954
531.7750000000004,43.81218817347785,33.49451742388382
531.8000000000005,43.81218817347785,37.890986008015346
531.8250000000005,43.95649208080456,37.52815580864539
531.8500000000005,43.95649208080456,37.626341804436066
531.8750000000005,44.11183125994894,36.5137890612617
531.9000000000004,44.11183125994894,36.31854303959326
531.9250000000005,44.19895876934214,36.327500516308625
531.9500000000005,44.19895876934214,36.2403375591148
531.9750000000005,44.274032698644675,35.83809279492114
532.0000000000005,44.274032698644675,37.977346235609865
532.0250000000004,44.37648962776838,38.272695720847736
532.0500000000005,44.37648962776838,38.29547335014148
532.0750000000005,44.48814323508189,38.139882850928615
532.1000000000005,44.48814323508189,38.284099786087374
532.1250000000005,44.58727190608606,40.20568725291771
532.1500000000004,44.58727190608606,40.64249194510885
532.1750000000005,44.67341492121108,40.46416786038446
532.2000000000005,44.67341492121108,40.03760670889073
532.2250000000005,44.75899122162491,40.32501285254823
532.2500000000005,44.75899122162491,40.2825227638762
532.2750000000004,44.86941283476168,40.246414246232014
532.3000000000005,44.86941283476168,35.076907883185676
532.3250000000005,44.94158166494748,38.017728640423435
532.3500000000005,44.94158166494748,38.077794928271665
532.3750000000005,44.65918383230472,40.03806402651347
532.4000000000004,44.65918383230472,40.16883236264312
532.4250000000005,44.36706557690501,40.041677300350294
532.4500000000005,44.36706557690501,41.045936063905
532.4750000000005,44.212874646021405,41.069620689957425
532.5000000000005,44.212874646021405,42.02964078604226
532.5250000000004,44.13741419816783,41.95875543484747
532.5500000000005,44.13741419816783,41.77269406843138
532.5750000000005,44.07822694830249,41.19168125999552
532.6000000000005,44.07822694830249,41.294052322535414
532.6250000000005,44.01032834358456,41.63303328889987
532.6500000000004,44.01032834358456,41.520105955220814
532.6750000000005,43.95613168663506,41.604516935958316
532.7000000000005,43.95613168663506,42.33412387999069
532.7250000000005,43.8941890440702,42.04795772724511
532.7500000000005,43.8941890440702,41.78146715731804
532.7750000000004,43.84364190179031,41.66203374380516
532.8000000000005,43.84364190179031,43.03588637097733
532.8250000000005,43.80735031906154,43.17781340418697
532.8500000000005,43.80735031906154,43.15147858184374
532.8750000000005,43.761634450800976,43.10852031726073
532.9000000000004,43.761634450800976,42.93604123585058
532.9250000000005,43.72934141716123,42.93915410201876
532.9500000000005,43.72934141716123,42.58413184447134
532.9750000000005,43.73370301883213,42.66332818604007
533.0000000000005,43.73370301883213,42.646196517283485
533.0250000000004,43.74066866351835,42.76026429738365
533.0500000000005,43.74066866351835,43.09532199907434
533.0750000000005,43.73395649804691,42.855850124503064
533.1000000000005,43.73395649804691,42.785503325320576
533.1250000000005,43.72500903133847,42.695577720645915
533.1500000000004,43.72500903133847,42.66156028745646
533.1750000000005,43.7173022285357,42.5672867758721
533.2000000000005,43.7173022285357,42.696793471580634
533.2250000000005,43.768663978566266,32.02165090719236
533.2500000000005,43.768663978566266,41.726785196386984
533.2750000000004,43.89281299408759,40.81699624842658
533.3000000000005,43.89281299408759,40.273286319406175
533.3250000000005,43.98954018906954,40.28378202606852
533.3500000000005,43.98954018906954,40.307877421626046
533.3750000000005,44.13139162039205,40.191582593841865
533.4000000000004,44.13139162039205,39.941936586483045
533.4250000000005,44.22057835707939,39.982241646432946
533.4500000000005,44.22057835707939,40.115479801459585
533.4750000000005,44.292371331236346,39.977276921010834
533.5000000000005,44.292371331236346,39.38356825095526
533.5250000000004,44.46345314635393,39.24638067726413
533.5500000000005,44.46345314635393,39.168169573822404
533.5750000000005,44.653600433911386,39.0881739240197
533.6000000000005,44.653600433911386,39.306648723626594
533.6250000000005,44.75055204777838,39.22870812498452
533.6500000000004,44.75055204777838,38.88942443532011
533.6750000000005,44.09632215788264,38.07655063759141
533.7000000000005,44.09632215788264,38.04390877396682
533.7250000000005,43.64789925636842,37.80638884232466
533.7500000000005,43.64789925636842,40.7795291265735
533.7750000000004,42.98457744202706,40.84062946889201
533.8000000000005,42.98457744202706,40.548814990846395
533.8250000000005,42.33685144377738,40.698946606101316
533.8500000000005,42.33685144377738,40.94930213959633
533.8750000000005,41.7227039113904,38.950086828713154
533.9000000000004,41.7227039113904,38.598340393615004
533.9250000000005,41.08706832910979,38.64061039743424
533.9500000000005,41.08706832910979,38.891201009087794
533.9750000000005,40.24110007584172,40.55861371708741
534.0000000000005,40.24110007584172,42.175232918407616
534.0250000000004,39.45564952854029,42.12601373638041
534.0500000000005,39.45564952854029,42.022580158471065
534.0750000000005,38.64010028841923,41.630039041125144
534.1000000000005,38.64010028841923,41.601042159980636
534.1250000000005,37.81004759063832,38.83905735050238
534.1500000000004,37.81004759063832,39.298024646948235
534.1750000000005,36.9377524245322,40.47821563243073
534.2000000000005,36.9377524245322,35.93471767097017
534.2250000000005,35.94671801415954,36.330935442649746
534.2500000000005,35.94671801415954,36.661056632050055
534.2750000000004,34.93393701987684,38.46713907965972
534.3000000000005,34.93393701987684,39.32861977039862
534.3250000000005,34.16647057886144,39.24394554450509
534.3500000000005,34.16647057886144,39.3787047400164
534.3750000000005,33.51688397617999,39.35647174260756
534.4000000000004,33.51688397617999,39.09506873449793
534.4250000000005,33.03432662198511,39.29240856458547
534.4500000000005,33.03432662198511,34.12047646818661
534.4750000000005,32.679535515744426,33.715915099448296
534.5000000000005,32.679535515744426,31.82764446074906
534.5250000000004,32.32790331729343,31.223373466768436
534.5500000000005,32.32790331729343,31.45894380366039
534.5750000000005,32.05616412727651,29.177629465759573
534.6000000000005,32.05616412727651,29.349612753340633
534.6250000000005,31.773873380160836,28.988422873914942
534.6500000000004,31.773873380160836,29.107173114072904
534.6750000000005,31.41350354247357,29.321087453476427
534.7000000000005,31.41350354247357,29.5009771110292
534.7250000000005,31.048918203259667,30.508291442982248
534.7500000000005,31.048918203259667,30.29696189183095
534.7750000000004,30.667518296651156,29.654124992795964
534.8000000000005,30.667518296651156,29.53705270324719
534.8250000000005,30.222937392754613,29.507816800123557
534.8500000000005,30.222937392754613,29.674064864161338
534.8750000000005,29.83692858489232,29.72917619580754
534.9000000000004,29.83692858489232,20.812012255078194
534.9250000000005,29.43898930140239,20.8973225036947
534.9500000000005,29.43898930140239,20.795385764015556
534.9750000000005,29.11103947742969,20.853142836716923
535.0000000000005,29.11103947742969,20.605112444909995
535.0250000000004,28.71006540915399,20.515425301536826
535.0500000000005,28.71006540915399,20.637935955971212
535.0750000000005,28.23767450392593,20.929521191819834
535.1000000000005,28.23767450392593,19.084770019259484
535.1250000000005,27.96100627009302,18.85405205533526
535.1500000000004,27.96100627009302,30.82651765316631
535.1750000000005,27.76497578799839,30.866412323937933
535.2000000000005,27.76497578799839,28.609155096794655
535.2250000000005,27.81844618098556,31.34382059206897
535.2500000000005,27.81844618098556,31.4089220339006
535.2750000000004,27.86439817108192,31.02025891109617
535.3000000000005,27.86439817108192,31.002173160789685
535.3250000000005,27.932487734754645,30.964130244607347
535.3500000000005,27.932487734754645,28.363766504607543
535.3750000000005,27.9679100892686,29.13112589561037
535.4000000000004,27.9679100892686,29.638369823106924
535.4250000000005,27.9415528097916,28.694337605539996
535.4500000000005,27.9415528097916,30.86560200027189
535.4750000000005,27.82232062579976,33.7256897549162
535.5000000000005,27.82232062579976,21.8667241657801
535.5250000000004,27.682939675501338,21.693767901299093
535.5500000000005,27.682939675501338,21.97132439843749
535.5750000000005,27.516290397359768,23.003652172999512
535.6000000000005,27.516290397359768,22.762490730392436
535.6250000000005,27.306995242518077,24.29047673632532
535.6500000000004,27.306995242518077,25.13829179322009
535.6750000000005,26.927587857759196,23.852478232458676
535.7000000000005,26.927587857759196,24.07784760510015
535.7250000000005,26.44745234436346,23.58366052984028
535.7500000000005,26.44745234436346,21.879047183406975
535.7750000000004,25.899027417147675,22.17307760891734
535.8000000000005,25.899027417147675,24.211974953352573
535.8250000000005,25.464319123131,24.400571667291974
535.8500000000005,25.464319123131,21.688028900851126
535.8750000000005,24.930607624299693,21.69189247417986
535.9000000000004,24.930607624299693,21.496278214117734
535.9250000000005,24.346594300512475,20.227203917857654
535.9500000000005,24.346594300512475,20.495619879416466
535.9750000000005,23.87129380653064,20.415052268699327
536.0000000000005,23.87129380653064,20.655724572445433
536.0250000000004,23.51494860776456,20.888116090581256
536.0500000000005,23.51494860776456,17.665286883164214
536.0750000000005,23.217398308311243,17.469006316722524
536.1000000000005,23.217398308311243,19.089798425990125
536.1250000000005,22.950744011928283,20.889391519280043
536.1500000000004,22.950744011928283,18.686168773845896
536.1750000000005,22.770216936347783,18.634823518039404
536.2000000000005,22.770216936347783,18.350310423433488
536.2250000000005,22.68174577405311,18.234177874929923
536.2500000000005,22.68174577405311,18.416490716532667
536.2750000000004,22.620273671755395,18.316050927611908
536.3000000000005,22.620273671755395,17.99544180566899
536.3250000000005,22.555783445142232,17.996934002029732
536.3500000000005,22.555783445142232,17.856035336307762
536.3750000000005,22.49636284869323,17.780122187442483
536.4000000000004,22.49636284869323,17.778448926166874
536.4250000000005,22.707578855041167,17.60802144932698
536.4500000000005,22.707578855041167,32.66039578758691
536.4750000000005,23.05182622492035,20.9629672104655
536.5000000000005,23.05182622492035,21.882837853312203
536.5250000000004,22.54646540085342,19.168784711537825
536.5500000000005,22.54646540085342,19.402884579342462
536.5750000000005,21.909336894447918,20.21120151751372
536.6000000000005,21.909336894447918,20.51117203700627
536.6250000000005,21.244335782143395,20.45465137909681
536.6500000000004,21.244335782143395,19.230619592167148
536.6750000000005,20.60221101080809,15.94182502125269
536.7000000000005,20.60221101080809,15.73128800014995
536.7250000000005,20.051929864444034,15.352282029135813
536.7500000000005,20.051929864444034,15.361936414532602
536.7750000000004,19.420717712281515,15.079291385236033
536.8000000000005,19.420717712281515,14.959212904951325
536.8250000000005,18.86335120279618,14.84691651131717
536.8500000000005,18.86335120279618,14.840407423743791
536.8750000000005,18.437742418230172,19.382630488449127
536.9000000000004,18.437742418230172,18.343164970988145
536.9250000000005,17.86757836391753,18.72829977530653
536.9500000000005,17.86757836391753,19.403184277253352
536.9750000000005,17.374048141095486,12.022265815024163
537.0000000000005,17.374048141095486,11.36303235105185
537.0250000000004,17.07689376205495,10.627936512425501
537.0500000000005,17.07689376205495,10.62237609699313
537.0750000000005,16.753416510465556,10.920105678174936
537.1000000000005,16.753416510465556,10.63074818690764
537.1250000000005,16.36666281030533,10.036368209829673
537.1500000000004,16.36666281030533,20.69885527533898
537.1750000000005,15.88218974307732,8.963176869457536
537.2000000000005,15.88218974307732,21.307066531602697
537.2250000000005,15.505242770187039,20.894584865754542
537.2500000000005,15.505242770187039,20.204570859449312
537.2750000000004,15.268027862938467,20.462581420498214
537.3000000000005,15.268027862938467,20.555874564203734
537.3250000000005,14.989911137323617,20.711341975796802
537.3500000000005,14.989911137323617,20.69878986917446
537.3750000000005,14.716859246800468,20.804211346076226
537.4000000000004,14.716859246800468,20.637161071646204
537.4250000000005,14.36172094493287,21.00632000568486
537.4500000000005,14.36172094493287,21.408329593872413
537.4750000000005,14.000460925791685,21.821542080280935
537.5000000000005,14.000460925791685,21.161257676748214
537.5250000000004,13.53390887056463,20.957684374462524
537.5500000000005,13.53390887056463,20.83126183969694
537.5750000000005,13.220197838349662,21.049145680233142
537.6000000000005,13.220197838349662,6.510438145703598
537.6250000000005,12.890064625333224,7.115251820025511
537.6500000000004,12.890064625333224,7.229315649940439
537.6750000000005,12.659000124410852,7.9435250146181975
537.7000000000005,12.659000124410852,7.6132292634207515
537.7250000000005,12.348592675491076,7.572618733946493
537.7500000000005,12.348592675491076,8.26040140774374
537.7750000000004,12.009469228220766,6.8558159407666395
537.8000000000005,12.009469228220766,6.955634640280937
537.8250000000005,11.534816903266048,7.60750043126559
537.8500000000005,11.534816903266048,7.330075777571274
537.8750000000005,10.965551116901977,7.252263225830434
537.9000000000004,10.965551116901977,4.3768204139316875
537.9250000000005,10.364138173011156,4.269035219489279
537.9500000000005,10.364138173011156,4.189860905111772
537.9750000000005,9.886117365494655,4.2530860449564525
538.0000000000005,9.886117365494655,4.590975178074177
538.0250000000004,9.438328628089366,4.3583647418202185
538.0500000000005,9.438328628089366,4.840776548511277
538.0750000000005,8.952708728451725,4.844657884514155
538.1000000000005,8.952708728451725,4.835610345219171
538.1250000000005,8.51230133718704,4.894309736597083
538.1500000000004,8.51230133718704,4.892407429274539
538.1750000000005,8.020595687386162,4.865470750609318
538.2000000000005,8.020595687386162,4.510822162192504
538.2250000000005,7.486716848029033,4.408319899460171
538.2500000000005,7.486716848029033,4.240035245068534
538.2750000000004,7.06300904889504,5.181044215950728
538.3000000000005,7.06300904889504,4.989748714218474
538.3250000000005,6.748978697625233,4.93099850488478
538.3500000000005,6.748978697625233,5.160062620921301
538.3750000000005,6.567900075377494,5.310251350424539
538.4000000000004,6.567900075377494,5.339234048809675
538.4250000000005,6.194562305296444,5.46986145036671
538.4500000000005,6.194562305296444,5.682996684783077
538.4750000000005,5.796576634252062,5.785808288520543
538.5000000000005,5.796576634252062,6.318532533470502
538.5250000000004,5.50248555908594,6.543674305955936
538.5500000000005,5.50248555908594,8.136079770828111
538.5750000000005,5.1668200905346,8.036451592887932
538.6000000000005,5.1668200905346,7.252524138721254
538.6250000000005,4.807748305521713,7.169270274602406
538.6500000000004,4.807748305521713,6.818919253878011
538.6750000000005,4.55301117023248,7.105756885754553
538.7000000000005,4.55301117023248,7.452672370392815
538.7250000000005,4.363267800676766,7.414912948694301
538.7500000000005,4.363267800676766,7.3852375770610355
538.7750000000004,4.261142137495327,6.07809348734231
538.8000000000005,4.261142137495327,6.496327399940244
538.8250000000005,4.3052448621592845,5.5707693762410475
538.8500000000005,4.3052448621592845,5.257194449752514
538.8750000000005,4.391462985330719,4.9585580148898405
538.9000000000004,4.391462985330719,4.836804173309662
538.9250000000005,4.46354954464384,4.775585156096547
538.9500000000005,4.46354954464384,5.3154963208785855
538.9750000000005,4.5834792845376455,5.375719879321751
539.0000000000005,4.5834792845376455,5.0254627650388075
539.0250000000004,4.680109298143876,5.307891529938339
539.0500000000005,4.680109298143876,5.319791004482028
539.0750000000005,4.740777324519087,4.9924204672810655
539.1000000000005,4.740777324519087,5.329845963328275
539.1250000000005,4.729739671574563,5.355481627146335
539.1500000000004,4.729739671574563,5.307346403082977
539.1750000000005,4.701450392456223,5.385937507587922
539.2000000000005,4.701450392456223,5.385705740355669
539.2250000000005,4.7752906527469605,5.368198063525957
539.2500000000005,4.7752906527469605,5.271573452576663
539.2750000000004,4.852019329557706,5.3687965121081
539.3000000000005,4.852019329557706,5.453098404289761
539.3250000000005,4.8254653378346575,5.43663871026109
539.3500000000005,4.8254653378346575,5.662310558676125
539.3750000000005,4.8269726921487575,5.713366265371059
539.4000000000004,4.8269726921487575,5.270745824882499
539.4250000000005,4.8816891966303615,5.3754006574161135
539.4500000000005,4.8816891966303615,4.837939826208292
539.4750000000005,4.956083634812444,5.052665256102723
539.5000000000005,4.956083634812444,5.200541765770902
539.5250000000004,4.951607854869124,5.11364947199016
539.5500000000005,4.951607854869124,5.017967025747099
539.5750000000005,4.95403680092916,5.2367053312125655
539.6000000000005,4.95403680092916,5.086727448981722
539.6250000000005,4.989730547760757,5.6073520543710575
539.6500000000004,4.989730547760757,4.939591055897381
539.6750000000005,4.884067322570104,4.13158301445392
539.7000000000005,4.884067322570104,4.0421349871926004
539.7250000000005,4.842319787448275,3.8514249143919295
539.7500000000005,4.842319787448275,3.897681025818394
539.7750000000004,4.795357472619159,3.7972943697402717
539.8000000000005,4.795357472619159,5.609029784937482
539.8250000000005,4.8386844353935174,6.238008800269675
539.8500000000005,4.8386844353935174,5.604620514930961
539.8750000000005,4.844897528307797,3.4313759815913683
539.9000000000004,4.844897528307797,3.092181832759005
539.9250000000005,4.864865259253278,3.253035018090406
539.9500000000005,4.864865259253278,3.5138164854977045
539.9750000000005,4.925535741977924,4.060945476242432
540.0000000000005,4.925535741977924,3.9142130879487853
540.0250000000004,4.932284644823142,3.762433881189029
540.0500000000005,4.932284644823142,3.745664700191995
540.0750000000005,4.793165792814122,3.40335588648861
540.1000000000005,4.793165792814122,3.805847479074948
540.1250000000005,4.868385797036694,3.678367416693308
540.1500000000004,4.868385797036694,3.729499781339153
540.1750000000005,4.892949480974082,5.234223349922895
540.2000000000005,4.892949480974082,4.72036906495651
540.2250000000005,4.684848551645473,4.2102850708545905
540.2500000000005,4.684848551645473,4.268821247564453
540.2750000000004,4.544879998356706,4.265114675337244
540.3000000000005,4.544879998356706,4.387690743085691
540.3250000000005,4.3275198952984795,4.461945436372608
540.3500000000005,4.3275198952984795,4.293434368432866
540.3750000000005,4.098038584481401,4.50198204423125
540.4000000000004,4.098038584481401,4.145742732351184
540.4250000000005,3.658368573436263,5.839807862058523
540.4500000000005,3.658368573436263,5.545554014755214
540.4750000000005,3.3123025581509182,3.9986548343833705
540.5000000000005,3.3123025581509182,4.305666507868793
540.5250000000004,3.253025413352006,5.65559125721916
540.5500000000005,3.253025413352006,5.1870293695875
540.5750000000005,3.369978024849445,8.444355755653945
540.6000000000005,3.369978024849445,8.374380992880113
540.6250000000005,3.57376984179092,8.347310316034294
540.6500000000004,3.57376984179092,7.809309550484378
540.6750000000005,3.674140228601459,5.248427570490487
540.7000000000005,3.674140228601459,6.063045838581311
540.7250000000005,3.6270054960946623,5.851853075988845
540.7500000000005,3.6270054960946623,5.870345115729914
540.7750000000004,3.3247304649942016,5.975817553798792
540.8000000000005,3.3247304649942016,6.255621509127973
540.8250000000005,3.161302822476164,4.030252807066359
540.8500000000005,3.161302822476164,3.8429842632273647
540.8750000000005,2.8161614703777813,3.9446116383576024
540.9000000000004,2.8161614703777813,3.7139823801160414
540.9250000000005,2.590910326398545,3.4811922148203758
540.9500000000005,2.590910326398545,3.7324986161609157
540.9750000000005,2.576163210031463,3.7566540489314493
541.0000000000005,2.576163210031463,3.051377690576607
541.0250000000004,2.7005932029911057,3.1189541307282918
541.0500000000005,2.7005932029911057,3.080432014655542
541.0750000000005,2.766190963380598,3.2551194188810486
541.1000000000005,2.766190963380598,3.412427717224202
541.1250000000005,2.940805818256706,3.4332032308122518
541.1500000000004,2.940805818256706,3.6618920198374263
541.1750000000005,2.952197104264048,3.618712644695247
541.2000000000005,2.952197104264048,3.5544865234089356
541.2250000000005,2.905892619203473,3.5509794079708428
541.2500000000005,2.905892619203473,3.672015659168703
541.2750000000004,2.935441927791159,3.674376679300997
541.3000000000005,2.935441927791159,3.674376679300997
541.3250000000005,2.7613639532926766,3.743822259855055
541.3500000000005,2.7613639532926766,4.069580904719084
541.3750000000005,2.6029604166796028,4.157074893696631
541.4000000000004,2.6029604166796028,4.197994649025141
541.4250000000005,2.537010711083948,4.160573081542877
541.4500000000005,2.537010711083948,4.1233424494864535
541.4750000000005,2.505248249695188,4.01024603771158
541.5000000000005,2.505248249695188,4.895490242257221
541.5250000000004,2.4086510049590766,4.665294835121791
541.5500000000005,2.4086510049590766,4.558012651730347
541.5750000000005,2.346329598724035,4.449730247374394
541.6000000000005,2.346329598724035,4.883720918771997
541.6250000000005,2.450452731639775,4.578038234859767
541.6500000000004,2.450452731639775,4.834556658416343
541.6750000000005,2.39984474867291,4.847105200933908
541.7000000000005,2.39984474867291,4.865081064473653
541.7250000000005,2.250482013845032,4.384959826745665
541.7500000000005,2.250482013845032,4.377234461849807
541.7750000000004,2.03673969729347,4.276635422804055
541.8000000000005,2.03673969729347,4.327119152741685
541.8250000000005,1.906037410969368,4.277302323238615
541.8500000000005,1.906037410969368,4.177714398446779
541.8750000000005,1.6796285197887943,4.058466340338096
541.9000000000004,1.6796285197887943,4.259986710123631
541.9250000000005,1.6909816527904464,5.093633037226242
541.9500000000005,1.6909816527904464,4.17862300588217
541.9750000000005,1.876433959365574,4.386152260180264
542.0000000000005,1.876433959365574,4.748454670206348
542.0250000000004,2.0270715194558377,4.544845637497252
542.0500000000005,2.0270715194558377,4.192520793694249
542.0750000000005,2.240975776246682,4.314692026786593
542.1000000000005,2.240975776246682,4.342875386819842
542.1250000000005,2.307392096976133,4.358160605729384
542.1500000000004,2.307392096976133,4.59260763543217
542.1750000000005,2.254893615350656,4.7876227265689355
542.2000000000005,2.254893615350656,4.975013208318811
542.2250000000005,2.126614856740338,5.051448465927729
542.2500000000005,2.126614856740338,5.237774497012269
542.2750000000004,1.9823530613133733,4.445370529853411
542.3000000000005,1.9823530613133733,4.063455567292151
542.3250000000005,2.0360926991732167,3.820420486953052
542.3500000000005,2.0360926991732167,3.7224427637528925
542.3750000000005,2.264615718961319,4.072594282090989
542.4000000000004,2.264615718961319,4.1312599959165945
542.4250000000005,2.4595760272350224,4.2688708928850705
542.4500000000005,2.4595760272350224,4.258697518892342
542.4750000000005,2.60233106510777,4.619641116361023
542.5000000000005,2.60233106510777,4.5917033938167995
542.5250000000004,2.572264824163212,4.556514376114848
542.5500000000005,2.572264824163212,4.713925710407852
542.5750000000005,2.5692377840094505,4.671923023234597
542.6000000000005,2.5692377840094505,4.68286677841732
542.6250000000005,2.495909753656947,4.720852460248298
542.6500000000004,2.495909753656947,5.053994540776335
542.6750000000005,2.422555336003954,5.29688716209413
542.7000000000005,2.422555336003954,4.048868920273311
542.7250000000005,2.471403624540857,3.997868565974794
542.7500000000005,2.471403624540857,3.9443487880535795
542.7750000000004,2.4932628279065003,4.180417862744702
542.8000000000005,2.4932628279065003,4.132465768422929
542.8250000000005,2.349751643635046,3.979468451505267
542.8500000000005,2.349751643635046,3.954863085452094
542.8750000000005,2.3455902626300738,3.8388144569261176
542.9000000000004,2.3455902626300738,3.782936295237961
542.9250000000005,2.3017481694955437,3.8031101833976124
542.9500000000005,2.3017481694955437,3.7747454843187445
542.9750000000005,2.2437585359345653,4.914306767191181
543.0000000000005,2.2437585359345653,4.944589850758653
543.0250000000004,2.171125327559412,4.408117288586541
543.0500000000005,2.171125327559412,4.229168793946454
543.0750000000005,2.257473507348236,4.982945052876265
543.1000000000005,2.257473507348236,5.238643033462612
543.1250000000005,2.446184157792988,4.596336804506738
543.1500000000004,2.446184157792988,4.6745243362079565
543.1750000000005,2.5704828155451485,4.94786335115404
543.2000000000005,2.5704828155451485,5.284219117291657
543.2250000000005,2.6952202375416325,5.4639413057687
543.2500000000005,2.6952202375416325,5.442401116990206
543.2750000000004,2.667310756956046,5.644740739792096
543.3000000000005,2.667310756956046,5.4375406271378655
543.3250000000005,2.6482563906657157,5.309903614945373
543.3500000000005,2.6482563906657157,4.952051474858377
543.3750000000005,2.658112375313036,4.868208798620386
543.4000000000004,2.658112375313036,5.336639879592123
543.4250000000005,2.669885931768291,5.323830622646179
543.4500000000005,2.669885931768291,5.14444278547656
543.4750000000005,2.636830476918554,5.043258825632695
543.5000000000005,2.636830476918554,4.605394019672016
543.5250000000004,2.5183731257448114,4.9030594761957875
543.5500000000005,2.5183731257448114,4.742083346554996
543.5750000000005,2.546942212174488,4.941821141353302
543.6000000000005,2.546942212174488,4.808647933942945
543.6250000000005,2.673816789155286,4.70746950560273
543.6500000000004,2.673816789155286,4.587480577851531
543.6750000000005,2.781225444135968,4.856773986589874
543.7000000000005,2.781225444135968,4.817014618404095
543.7250000000005,2.982403485020034,4.5811131220536305
543.7500000000005,2.982403485020034,4.4235110221466805
543.7750000000004,3.1963183471853216,3.876148626387538
543.8000000000005,3.1963183471853216,4.347130417121699
543.8250000000005,3.450879589858808,4.3572377225689
543.8500000000005,3.450879589858808,4.383725734069238
543.8750000000005,3.7625762444601167,4.394460239717701
543.9000000000004,3.7625762444601167,4.376601236390188
543.9250000000005,4.018980081012213,4.692404403636681
543.9500000000005,4.018980081012213,4.764811975839429
543.9750000000005,4.243476508116414,4.794373556659899
544.0000000000005,4.243476508116414,4.398042313251293
544.0250000000004,4.3493098297650645,4.288776938209053
544.0500000000005,4.3493098297650645,3.4597998234466765
544.0750000000005,4.411222831603219,3.418720895120997
544.1000000000005,4.411222831603219,3.638368466285706
544.1250000000005,4.5557494675211,3.547157181557819
544.1500000000004,4.5557494675211,3.5646801297439556
544.1750000000005,4.630669542845543,3.5646801297439556
544.2000000000005,4.630669542845543,4.826322016876169
544.2250000000005,4.561898333810743,4.840012709958791
544.2500000000005,4.561898333810743,4.946574384954732
544.2750000000004,4.447176301241113,4.177098475853442
544.3000000000005,4.447176301241113,3.7281452838481983
544.3250000000005,4.454125129185183,3.7520035046773366
544.3500000000005,4.454125129185183,7.701112903792773
544.3750000000005,4.413246586255534,6.768476108991702
544.4000000000004,4.413246586255534,6.474081920223778
544.4250000000005,4.402957509535903,6.4767976853367175
544.4500000000005,4.402957509535903,7.497853227296093
544.4750000000005,4.472579723490632,7.654398954015303
544.5000000000005,4.472579723490632,8.011134855201295
544.5250000000004,4.437320205857147,4.022052658607154
544.5500000000005,4.437320205857147,4.022052658607154
544.5750000000005,4.288065774047415,3.992320769608602
544.6000000000005,4.288065774047415,4.431953873011601
544.6250000000005,4.074205727832663,4.481287460262145
544.6500000000004,4.074205727832663,4.043357064155464
544.6750000000005,3.9585247345021854,4.048098447041689
544.7000000000005,3.9585247345021854,4.048098447041689
544.7250000000005,3.942074402373045,3.738759684152457
544.7500000000005,3.942074402373045,3.738759684152457
544.7750000000004,3.770174710375932,3.7688647711324488
544.8000000000005,3.770174710375932,3.712101123715052
544.8250000000005,3.4551815476010663,3.688242902885914
544.8500000000005,3.4551815476010663,3.6114877868297133
544.8750000000005,3.346436724688393,3.4345701666090207
544.9000000000004,3.346436724688393,3.4345701666090207
544.9250000000005,3.2994261391639155,3.425242595245649
544.9500000000005,3.2994261391639155,3.461283644695164
544.9750000000005,3.3243047229797598,3.461283644695164
545.0000000000005,3.3243047229797598,3.488332338635308
545.0250000000004,3.375711700834181,3.3206467109624076
545.0500000000005,3.375711700834181,3.2881178404408287
545.0750000000005,3.3470572709402187,3.2881178404408287
545.1000000000005,3.3470572709402187,3.267897422849616
545.1250000000005,3.4976106175112576,3.2945268973880686
545.1500000000004,3.4976106175112576,5.030661631292354
545.1750000000005,3.542418295573328,4.719973089099828
545.2000000000005,3.542418295573328,4.355271660270627
545.2250000000005,3.630160366964952,4.3320824034295535
545.2500000000005,3.630160366964952,4.218698845365705
545.2750000000004,3.694306350048892,4.323561901211053
545.3000000000005,3.694306350048892,4.944499363025835
545.3250000000005,3.8839563577950806,5.354729515514922
545.3500000000005,3.8839563577950806,5.392779512214748
545.3750000000005,4.05695576407229,4.869932494431345
545.4000000000004,4.05695576407229,4.704750478321692
545.4250000000005,4.241798808945102,4.821733809051359
545.4500000000005,4.241798808945102,4.795955345141126
545.4750000000005,4.347038280011465,4.651488074430153
545.5000000000005,4.347038280011465,4.921501633341922
545.5250000000004,4.437346169040975,4.895906047140045
545.5500000000005,4.437346169040975,4.899182034769268
545.5750000000005,4.532746398703117,4.62296462365497
545.6000000000005,4.532746398703117,4.620397777710653
545.6250000000005,4.533880438772118,4.787503493736171
545.6500000000004,4.533880438772118,4.9537733007578035
545.6750000000005,4.516213594337659,5.189360086536649
545.7000000000005,4.516213594337659,5.2941411194028065
545.7250000000005,4.547583377373004,5.185133309511159
545.7500000000005,4.547583377373004,4.278978527927588
545.7750000000004,4.517263547327117,4.399451146429367
545.8000000000005,4.517263547327117,4.154801609460304
545.8250000000005,4.458792778213312,4.185733563764398
545.8500000000005,4.458792778213312,4.1784913355532005
545.8750000000005,4.411539914367313,4.138512552109055
545.9000000000004,4.411539914367313,4.3350080906158075
545.9250000000005,4.325180878870678,4.32554936682023
545.9500000000005,4.325180878870678,4.3367528613254605
545.9750000000005,4.349009538201102,4.309762330210495
546.0000000000005,4.349009538201102,4.236437631044072
546.0250000000004,4.256821320481016,4.7426990013526895
546.0500000000005,4.256821320481016,4.953948110665363
546.0750000000005,4.184226949373312,4.999083409236607
546.1000000000005,4.184226949373312,4.9500320410058265
546.1250000000005,3.9443504244002248,4.496187258574039
546.1500000000004,3.9443504244002248,6.129294998245281
546.1750000000005,3.703955341033645,6.334683182692078
546.2000000000005,3.703955341033645,6.303203900232359
546.2250000000005,3.4722899765778457,5.61115705119837
546.2500000000005,3.4722899765778457,5.539156542686333
546.2750000000004,3.602873409503251,5.704553400567664
546.3000000000005,3.602873409503251,5.538293965875635
546.3250000000005,3.666939998046638,5.538293965875635
546.3500000000005,3.666939998046638,5.547679205839461
546.3750000000005,3.656992373097069,5.473665235210725
546.4000000000004,3.656992373097069,5.473294079022782
546.4250000000005,3.5930933095972604,4.897858278022922
546.4500000000005,3.5930933095972604,4.967902734310042
546.4750000000005,3.5799995989125604,4.967902734310042
546.5000000000005,3.5799995989125604,4.978186990297039
546.5250000000004,3.49935631795604,4.859603225740417
546.5500000000005,3.49935631795604,4.417297883622883
546.5750000000005,3.44785754132986,4.37515385035283
546.6000000000005,3.44785754132986,4.0126473611928795
546.6250000000005,3.2189036520459284,4.027036173425631
546.6500000000004,3.2189036520459284,4.029753397268254
546.6750000000005,3.114518996607102,3.425007205706891
546.7000000000005,3.114518996607102,3.4742382761745545
546.7250000000005,3.056093489807295,4.1164468518372646
546.7500000000005,3.056093489807295,4.113201491076904
546.7750000000004,3.0373290096290217,4.1796501875882255
546.8000000000005,3.0373290096290217,3.8510162915819297
546.8250000000005,2.9162388533344163,3.842656800577852
546.8500000000005,2.9162388533344163,3.914511347896113
546.8750000000005,2.754441283976105,3.9577680821006203
546.9000000000004,2.754441283976105,3.992555513500986
546.9250000000005,2.8553410172942613,4.202462583179319
546.9500000000005,2.8553410172942613,4.336718934220345
546.9750000000005,2.9933878630442523,4.041054372705128
547.0000000000005,2.9933878630442523,3.598921878009574
547.0250000000004,3.108317720767057,3.9635183728553147
547.0500000000005,3.108317720767057,3.985066202285383
547.0750000000005,3.172103362736225,4.001454377844161
547.1000000000005,3.172103362736225,4.0091916830888215
547.1250000000005,3.0598215112544067,4.782948466738353
547.1500000000004,3.0598215112544067,5.1922081099308945
547.1750000000005,2.903768688052833,5.298982964820578
547.2000000000005,2.903768688052833,5.159646485060846
547.2250000000005,2.6286496170048137,5.3802929975375555
547.2500000000005,2.6286496170048137,5.146769413945595
547.2750000000004,2.5203873785709465,4.3533351132302585
547.3000000000005,2.5203873785709465,4.276177643689477
547.3250000000005,2.4168691371808206,4.019117750209607
547.3500000000005,2.4168691371808206,3.998191307254974
547.3750000000005,2.382246836867328,3.9071835029477064
547.4000000000004,2.382246836867328,3.7764710877019394
547.4250000000005,2.4208672137199,3.775133000349454
547.4500000000005,2.4208672137199,3.9629606805967024
547.4750000000005,2.3967256143504456,3.795304825774173
547.5000000000005,2.3967256143504456,4.094797868992155
547.5250000000004,2.4160424775927005,4.0176807515916115
547.5500000000005,2.4160424775927005,4.010979280137567
547.5750000000005,2.522330143015705,4.0608823428429845
547.6000000000005,2.522330143015705,4.220616466828971
547.6250000000005,2.596533525552875,4.185836626282509
547.6500000000004,2.596533525552875,3.755031205401761
547.6750000000005,2.735892405755235,3.8032169406443375
547.7000000000005,2.735892405755235,3.968703124883145
547.7250000000005,2.719344433201872,4.076344322453392
547.7500000000005,2.719344433201872,4.09113869869622
547.7750000000004,2.656449072423294,4.111864536834229
547.8000000000005,2.656449072423294,4.068885652902552
547.8250000000005,2.617087410566448,4.119652494734349
547.8500000000005,2.617087410566448,3.576420576461343
547.8750000000005,2.6017464679343747,3.465309364047952
547.9000000000004,2.6017464679343747,3.5101773252815476
547.9250000000005,2.582443058528057,3.180218795117872
547.9500000000005,2.582443058528057,3.6643183497071736
547.9750000000005,2.6773176766596416,3.308346817184581
548.0000000000005,2.6773176766596416,3.695532512161273
548.0250000000004,2.7602515544150648,3.6494207020170006
548.0500000000005,2.7602515544150648,3.6494207020170006
548.0750000000005,2.728752350802748,3.6561816824282407
548.1000000000005,2.728752350802748,4.495443637045215
548.1250000000005,2.6406064843084502,4.6201619774871885
548.1500000000004,2.6406064843084502,4.492528684316578
548.1750000000005,2.641141854563213,4.466384396185486
548.2000000000005,2.641141854563213,4.1216538963736005
548.2250000000005,2.63842181903086,3.925067451711526
548.2500000000005,2.63842181903086,3.9859955577317288
548.2750000000004,2.402497658584722,4.098881512551643
548.3000000000005,2.402497658584722,3.9288616558686953
548.3250000000005,2.382335797433125,3.7344602096631947
548.3500000000005,2.382335797433125,3.6243353807840815
548.3750000000005,2.355980265948931,3.8238921056742394
548.4000000000004,2.355980265948931,3.598984594658908
548.4250000000005,2.134775493670291,3.5391939247340645
548.4500000000005,2.134775493670291,3.6462636062390517
548.4750000000005,2.0005714850763123,3.5730353499263448
548.5000000000005,2.0005714850763123,3.723647057191476
548.5250000000004,2.0772379837392783,4.340219151766603
548.5500000000005,2.0772379837392783,5.107756387397256
548.5750000000005,2.3137453779614074,5.014180715972272
548.6000000000005,2.3137453779614074,4.7469494349262185
548.6250000000005,2.6825534955126127,4.6228585323630496
548.6500000000004,2.6825534955126127,4.387539320306661
548.6750000000005,2.958620669007185,3.8545709820215204
548.7000000000005,2.958620669007185,4.052912699887206
548.7250000000005,3.2497406522242955,3.8521844124242453
548.7500000000005,3.2497406522242955,3.801255422605601
548.7750000000004,3.436303757507228,4.033618211100103
548.8000000000005,3.436303757507228,3.9297241752925287
548.8250000000005,3.582733934808758,4.250534013586685
548.8500000000005,3.582733934808758,4.320848455689986
548.8750000000005,3.650871888146318,5.442255368681844
548.9000000000004,3.650871888146318,4.358220728088675
548.9250000000005,3.751750942452423,4.592219140225012
548.9500000000005,3.751750942452423,4.521484972251859
548.9750000000005,3.787113008327596,4.28621108361235
549.0000000000005,3.787113008327596,5.38898088493897
549.0250000000004,3.910322433033976,5.477795893246208
549.0500000000005,3.910322433033976,5.385926704163825
549.0750000000005,4.053813131168636,5.484249342621623
549.1000000000005,4.053813131168636,5.565216209283958
549.1250000000005,4.025614603416701,4.4926293770634755
549.1500000000004,4.025614603416701,4.757091628263954
549.1750000000005,4.061850005607895,4.748938752355815
549.2000000000005,4.061850005607895,5.040628716623949
549.2250000000005,4.0754874535954695,4.7041854183013365
549.2500000000005,4.0754874535954695,4.85259126127285
549.2750000000004,4.1240702652792605,4.85259126127285
549.3000000000005,4.1240702652792605,4.838002222857999
549.3250000000005,4.198740036979103,4.672150922190953
549.3500000000005,4.198740036979103,4.634009457798703
549.3750000000005,4.193303608228376,4.260014362485303
549.4000000000004,4.193303608228376,4.932994448192773
549.4250000000005,4.170052738332487,4.1900591704905485
549.4500000000005,4.170052738332487,4.365920591568356
549.4750000000005,4.183392551406797,4.4393632525151165
549.5000000000005,4.183392551406797,4.477504716907367
549.5250000000004,4.0987426909992735,4.336503479074432
549.5500000000005,4.0987426909992735,4.390975418226197
549.5750000000005,3.824419568960664,4.268774561198298
549.6000000000005,3.824419568960664,4.278870172376962
549.6250000000005,3.410609844437502,4.375769450407486
549.6500000000004,3.410609844437502,4.403315965851739
549.6750000000005,3.1057550501009246,3.8741756208715827
549.7000000000005,3.1057550501009246,3.8897257819455255
549.7250000000005,2.8926416613065555,3.909275930719502
549.7500000000005,2.8926416613065555,3.9505944693401682
549.7750000000004,2.9276726960741826,4.056438254989619
549.8000000000005,2.9276726960741826,3.9982329858043992
549.8250000000005,2.9824467576591616,3.9849499856928907
549.8500000000005,2.9824467576591616,4.046852093420531
549.8750000000005,3.05915958184292,3.9384866587189857
549.9000000000004,3.05915958184292,4.285792633433744
549.9250000000005,2.952142445961158,3.8095530717797907
549.9500000000005,2.952142445961158,4.066405293195235
549.9750000000005,2.8047288910324397,3.6800075717291527
550.0000000000005,2.8047288910324397,3.7478132135661717
550.0250000000004,2.773955545462755,4.412015379706088
550.0500000000005,2.773955545462755,4.271004529249813
550.0750000000005,2.6643711710974003,4.399987988781684
550.1000000000005,2.6643711710974003,3.839635991962759
550.1250000000005,2.5685347997973054,3.8630664961576757
550.1500000000004,2.5685347997973054,3.8735895807513736
550.1750000000005,2.2203814481045043,3.933114915864601
550.2000000000005,2.2203814481045043,3.5688435435788133
550.2250000000005,2.040722936322936,3.4657487074054107
550.2500000000005,2.040722936322936,3.696615371677633
550.2750000000004,1.8671321186784553,3.8474545622741054
550.3000000000005,1.8671321186784553,3.8684216615880187
550.3250000000005,1.924975228952846,3.772030781864521
550.3500000000005,1.924975228952846,4.2196564554048805
550.3750000000005,2.0675730443889933,4.167020290682354
550.4000000000004,2.0675730443889933,4.167020290682354
550.4250000000005,2.1127085258227254,3.9317650609410997
550.4500000000005,2.1127085258227254,3.841266906122781
550.4750000000005,2.146160439661898,3.449387639072546
550.5000000000005,2.146160439661898,3.4560663077479075
550.5250000000004,2.2247204675965264,3.315956418575512
550.5500000000005,2.2247204675965264,3.7601133123047403
550.5750000000005,2.2780016469945963,3.439611519133343
550.6000000000005,2.2780016469945963,3.7656783761212664
550.6250000000005,2.4239859315851646,3.786146058969635
550.6500000000004,2.4239859315851646,2.9399119830825238
550.6750000000005,2.5607808496968403,2.8710239119559784
550.7000000000005,2.5607808496968403,2.5132348055798017
550.7250000000005,2.7434041917527594,2.5732106541779847
550.7500000000005,2.7434041917527594,2.9102086816806034
550.7750000000004,2.807277762678538,2.9747715682070215
550.8000000000005,2.807277762678538,2.9842801330191615
550.8250000000005,2.9755620038719997,3.338132431459676
550.8500000000005,2.9755620038719997,3.472262394893612
550.8750000000005,2.983355153791635,3.789702868266614
550.9000000000005,2.983355153791635,4.389401466547408
550.9250000000005,2.9841804418582,4.576696387281201
550.9500000000005,2.9841804418582,4.653101108467099
550.9750000000005,2.8883699330963566,4.474092021039431
551.0000000000005,2.8883699330963566,4.039178706389094
551.0250000000005,2.7336842683009763,3.7404578395131374
551.0500000000005,2.7336842683009763,3.640198834630321
551.0750000000005,2.7078940015614847,3.741939037559729
551.1000000000005,2.7078940015614847,3.561744169310561
551.1250000000005,2.590986380717581,3.621946793044336
551.1500000000005,2.590986380717581,3.9126507184407924
551.1750000000005,2.5433196634143798,4.059431041474307
551.2000000000005,2.5433196634143798,3.658557371908353
551.2250000000005,2.4698902350664014,3.8436893124928755
551.2500000000005,2.4698902350664014,3.749671373410359
551.2750000000005,2.4502517413861256,3.634599990974446
551.3000000000005,2.4502517413861256,3.493302927639454
551.3250000000005,2.50829179288948,3.245721165701649
551.3500000000005,2.50829179288948,3.231065681651779
551.3750000000005,2.5960589267854033,3.2627709873662014
551.4000000000005,2.5960589267854033,3.3079951925985087
551.4250000000005,2.615507747078098,3.6025656035908007
551.4500000000005,2.615507747078098,4.145769962008029
551.4750000000005,2.7242285284523575,4.035554973528709
551.5000000000005,2.7242285284523575,3.950868087604976
551.5250000000005,2.8759874708959217,4.037263892129231
551.5500000000005,2.8759874708959217,4.000305672149433
551.5750000000005,2.8999389358420444,3.82144763457685
551.6000000000005,2.8999389358420444,3.9463404503820083
551.6250000000005,2.7659474505125985,3.627357116045784
551.6500000000005,2.7659474505125985,3.7727618463484247
551.6750000000005,2.622582521244766,3.6671296939700233
551.7000000000005,2.622582521244766,3.7533177193612794
551.7250000000005,2.650637879421737,3.643400907694606
551.7500000000005,2.650637879421737,3.62113850933356
551.7750000000005,2.6635403753150797,3.6337858578041478
551.8000000000005,2.6635403753150797,3.603746871956686
551.8250000000005,2.6105830757395267,3.64518069228197
551.8500000000005,2.6105830757395267,3.5650373707862038
551.8750000000005,2.5196502812189436,3.538547753293555
551.9000000000005,2.5196502812189436,3.791781412091433
551.9250000000005,2.3071813960335987,3.5517934287449355
551.9500000000005,2.3071813960335987,3.527868302349796
551.9750000000005,2.1110007158627155,3.442951528058397
552.0000000000005,2.1110007158627155,3.6989759941786313
552.0250000000005,2.0588576868119617,3.754744188727136
552.0500000000005,2.0588576868119617,3.8689240388398507
552.0750000000005,2.053354903518965,3.8446070472731715
552.1000000000005,2.053354903518965,4.261104343370161
552.1250000000005,2.1245015585056564,4.1903930166646965
552.1500000000005,2.1245015585056564,3.8087666077603677
552.1750000000005,2.2770914975891543,3.4396299103596992
552.2000000000005,2.2770914975891543,3.397346848162954
552.2250000000005,2.4289873828838466,3.4529439764883367
552.2500000000005,2.4289873828838466,3.456584392682913
552.2750000000005,2.5644952606343594,3.414536196986538
552.3000000000005,2.5644952606343594,3.432659342897816
552.3250000000005,2.6756230869238067,3.957944023171339
552.3500000000005,2.6756230869238067,3.411889674567062
552.3750000000005,2.8592151921069444,3.4301815183555173
552.4000000000005,2.8592151921069444,3.999990525535606
552.4250000000005,3.1662712271161553,3.3117969429471454
552.4500000000005,3.1662712271161553,3.282727552164114
552.4750000000005,3.469753785187322,3.3316648351738194
552.5000000000005,3.469753785187322,3.0726921578344464
552.5250000000005,3.7537641830192854,3.0804059619673607
552.5500000000005,3.7537641830192854,3.0693608595449664
552.5750000000005,4.032731372720463,3.0280127772740557
552.6000000000005,4.032731372720463,3.0231399638716754
552.6250000000005,4.1453891766617375,2.9284716795742383
552.6500000000005,4.1453891766617375,2.968097260531174
552.6750000000005,4.143234956391382,3.1782980059380894
552.7000000000005,4.143234956391382,3.0648979150322724
552.7250000000005,4.1450132984659405,2.9390180854826813
552.7500000000005,4.1450132984659405,3.6977897359013645
552.7750000000005,4.235310503588863,3.7582900108469848
552.8000000000005,4.235310503588863,3.7835669414158173
552.8250000000005,4.349250132878922,3.625503957626206
552.8500000000005,4.349250132878922,4.4389515882563275
552.8750000000005,4.4117481186487595,4.455141367194532
552.9000000000005,4.4117481186487595,5.111766775886788
552.9250000000005,4.395752385573303,5.2162874735951394
552.9500000000005,4.395752385573303,5.216561711961348
552.9750000000005,4.3483192158031585,5.255146342336498
553.0000000000005,4.3483192158031585,5.199242364411796
553.0250000000005,4.394772136345395,5.203622097905553
553.0500000000005,4.394772136345395,5.390234628069416
553.0750000000005,4.458900016101737,5.220340316583955
553.1000000000005,4.458900016101737,5.281172013299235
553.1250000000005,4.512492251729043,4.718243482442256
553.1500000000005,4.512492251729043,4.746807220900525
553.1750000000005,4.57336373806416,4.368083394782844
553.2000000000005,4.57336373806416,3.36455476146183
553.2250000000005,4.5776610661403225,3.2419660058984885
553.2500000000005,4.5776610661403225,3.1732427146990467
553.2750000000005,4.608001666812839,3.3222397927633533
553.3000000000005,4.608001666812839,3.336966140175708
553.3250000000005,4.662466324355506,3.317580227930988
553.3500000000005,4.662466324355506,3.3179683159574154
553.3750000000005,4.663419845316795,3.3739556953300975
553.4000000000005,4.663419845316795,3.1776565337237397
553.4250000000005,4.497018612447718,3.4199409407403696
553.4500000000005,4.497018612447718,3.30519828643424
553.4750000000005,4.153129983955765,2.8386332232463882
553.5000000000005,4.153129983955765,3.1702390332876185
553.5250000000005,3.850738001000863,3.14139579151497
553.5500000000005,3.850738001000863,3.1562019007867432
553.5750000000005,3.7247452213147625,3.1724658803653925
553.6000000000005,3.7247452213147625,3.0243531239760966
553.6250000000005,3.6654591614900625,3.3465023273464034
553.6500000000005,3.6654591614900625,3.0748180428852807
553.6750000000005,3.665889177942802,3.2220472642130407
553.7000000000005,3.665889177942802,3.0155587921951668
553.7250000000005,3.6579256741442805,2.949223412357721
553.7500000000005,3.6579256741442805,2.9971613609156993
553.7750000000005,3.6235036362532043,3.0211632792744187
553.8000000000005,3.6235036362532043,3.028505928635513
553.8250000000005,3.7331711656926814,3.315285083573298
553.8500000000005,3.7331711656926814,3.5549156042293113
553.8750000000005,3.9694180423917658,3.2955640593926434
553.9000000000005,3.9694180423917658,3.224213098774829
553.9250000000005,4.052303631995699,2.9997404698829944
553.9500000000005,4.052303631995699,2.947865291878656
553.9750000000005,4.21126071529072,3.79348287879676
554.0000000000005,4.21126071529072,4.881904358355976
554.0250000000005,4.434389649764725,4.94281218781175
554.0500000000005,4.434389649764725,3.356422735864698
554.0750000000005,4.674756855850902,3.2800957727159448
554.1000000000005,4.674756855850902,2.9804677227142578
554.1250000000005,4.764328369863165,2.6863350121190113
554.1500000000005,4.764328369863165,2.60703513985121
554.1750000000005,4.785844771838555,2.6449597971148586
554.2000000000005,4.785844771838555,2.8043613545380945
554.2250000000005,4.599451898897726,2.7619002365851424
554.2500000000005,4.599451898897726,3.1155570058677164
554.2750000000005,4.467058332507477,3.0935390137770096
554.3000000000005,4.467058332507477,3.113230386721089
554.3250000000005,4.416861829362276,3.0230354127057404
554.3500000000005,4.416861829362276,3.5077326070901647
554.3750000000005,4.4963891645356,3.5473754137770372
554.4000000000005,4.4963891645356,3.6568992411344987
554.4250000000005,4.656899229362722,3.591216127961272
554.4500000000005,4.656899229362722,3.5560248509805508
554.4750000000005,4.869211404325327,3.543836923630201
554.5000000000005,4.869211404325327,3.3762698787819216
554.5250000000005,5.012700884838523,3.596363515688793
554.5500000000005,5.012700884838523,3.8436073760650284
554.5750000000005,5.151523638065797,4.120460672909219
554.6000000000005,5.151523638065797,4.5948053126347315
554.6250000000005,5.126832493364745,4.571226422167158
554.6500000000005,5.126832493364745,4.037987414879935
554.6750000000005,5.005628585735678,3.8004336401524723
554.7000000000005,5.005628585735678,3.8971685430348852
554.7250000000005,4.7638182646440015,4.140584827479265
554.7500000000005,4.7638182646440015,4.323658486323541
554.7750000000005,4.535069953940621,3.989632270300118
554.8000000000005,4.535069953940621,3.654947346196434
554.8250000000005,4.442568328451841,3.769081742782418
554.8500000000005,4.442568328451841,3.574767197637834
554.8750000000005,4.406688374296806,3.647344382699668
554.9000000000005,4.406688374296806,3.5687842737971156
554.9250000000005,4.397200322867874,3.353258536397328
554.9500000000005,4.397200322867874,3.348880002897151
554.9750000000005,4.338540785304247,4.417911104616789
555.0000000000005,4.338540785304247,6.145902768981873
555.0250000000005,4.30416198572884,6.1758600531747945
555.0500000000005,4.30416198572884,3.112895057183527
555.0750000000005,4.435241114292765,2.9712707618365535
555.1000000000005,4.435241114292765,3.115733909654163
555.1250000000005,4.64725025356816,2.8636910970203378
555.1500000000005,4.64725025356816,2.8382267854252796
555.1750000000005,4.911214297262944,2.9092160534277167
555.2000000000005,4.911214297262944,2.8552273364690124
555.2250000000005,5.209872647103438,2.859340395010352
555.2500000000005,5.209872647103438,2.8916111628012975
555.2750000000005,5.511251062872759,2.963294247203356
555.3000000000005,5.511251062872759,2.963549048289644
555.3250000000005,5.84177459765904,3.015988905369702
555.3500000000005,5.84177459765904,3.0760454049227848
555.3750000000005,6.151693859911035,4.396000446632784
555.4000000000005,6.151693859911035,4.471516579446094
555.4250000000005,6.408783616567206,4.62320784073215
555.4500000000005,6.408783616567206,3.8371697429968146
555.4750000000005,6.629355058626075,3.3799852871542106
555.5000000000005,6.629355058626075,4.0048732046366045
555.5250000000005,6.8363611097082355,7.273206003926792
555.5500000000005,6.8363611097082355,7.0057180416459275
555.5750000000005,6.997501572330961,6.981811164372979
555.6000000000005,6.997501572330961,6.970514032372215
555.6250000000005,7.118903564400938,4.661552940064658
555.6500000000005,7.118903564400938,4.821025233611591
555.6750000000005,7.242878834067255,4.807833208397786
555.7000000000005,7.242878834067255,4.732504908080957
555.7250000000005,7.376582910292484,4.883757234917777
555.7500000000005,7.376582910292484,4.865282116108038
555.7750000000005,7.473377695083755,4.750801626978689
555.8000000000005,7.473377695083755,4.742973942719285
555.8250000000005,7.545943015668641,4.70056112214523
555.8500000000005,7.545943015668641,5.476639212482751
555.8750000000005,7.577828157549106,5.482954751389153
555.9000000000005,7.577828157549106,5.680700926710122
555.9250000000005,7.584558659768419,5.610861719161937
555.9500000000005,7.584558659768419,5.172666075541669
555.9750000000005,7.5958336860941955,5.063291202563921
556.0000000000005,7.5958336860941955,4.9520126614842095
556.0250000000005,7.618818553817107,5.1154406099431835
556.0500000000005,7.618818553817107,5.093441406336498
556.0750000000005,7.621973429288559,5.125655916831605
556.1000000000005,7.621973429288559,5.31488830721655
556.1250000000005,7.608121224643753,5.307469457766478
556.1500000000005,7.608121224643753,5.325433583588668
556.1750000000005,7.459514699552557,5.200081843745839
556.2000000000005,7.459514699552557,5.04435587581828
556.2250000000005,7.314803815545261,4.700327030958901
556.2500000000005,7.314803815545261,4.922750076193352
556.2750000000005,7.180541182494153,4.87186500557843
556.3000000000005,7.180541182494153,4.930564790513057
556.3250000000005,7.047284611803406,4.970463584682912
556.3500000000005,7.047284611803406,4.7603441976728575
556.3750000000005,6.976190432535887,4.825055053362999
556.4000000000005,6.976190432535887,4.825055053362999
556.4250000000005,6.930255488280565,4.820729890613218
556.4500000000005,6.930255488280565,4.838316677514799
556.4750000000005,6.83904027867024,4.8566698662180805
556.5000000000005,6.83904027867024,4.891432889978086
556.5250000000005,6.6856200643341595,4.743043961481044
556.5500000000005,6.6856200643341595,4.7249686376219096
556.5750000000005,6.42520929379188,6.203864489491322
556.6000000000005,6.42520929379188,6.577708640986714
556.6250000000005,6.206428031197504,6.151381864674866
556.6500000000005,6.206428031197504,5.394497225961328
556.6750000000005,5.86879356063254,5.589358905891356
556.7000000000005,5.86879356063254,5.963333229318786
556.7250000000005,5.379484352266445,7.532574086964214
556.7500000000005,5.379484352266445,7.439401389892132
556.7750000000005,4.806663021423319,6.856390458403547
556.8000000000005,4.806663021423319,6.886693799338724
556.8250000000005,4.521665035611861,6.66281918833021
556.8500000000005,4.521665035611861,6.799858720252543
556.8750000000005,4.2953028875840005,6.6838844431442315
556.9000000000005,4.2953028875840005,7.0680993617348955
556.9250000000005,4.084741934697064,7.15496790578494
556.9500000000005,4.084741934697064,7.092356324615198
556.9750000000005,3.7975459771580375,6.5995645311828355
557.0000000000005,3.7975459771580375,6.5419418011949855
557.0250000000005,3.398130156496407,6.231967998268832
557.0500000000005,3.398130156496407,5.587334182015427
557.0750000000005,3.011464236213243,6.175855759450031
557.1000000000005,3.011464236213243,6.307290059380949
557.1250000000005,2.827297235551555,6.012222695526942
557.1500000000005,2.827297235551555,5.967928171606479
557.1750000000005,2.719779161352207,5.916957276079209
557.2000000000005,2.719779161352207,6.268865276117091
557.2250000000005,2.765575917692658,6.559056327262737
557.2500000000005,2.765575917692658,6.80023726643465
557.2750000000005,2.784130800193367,5.906994402767147
557.3000000000005,2.784130800193367,4.701042804635529
557.3250000000005,2.8170068571370734,4.411062546768427
557.3500000000005,2.8170068571370734,4.408979086548736
557.3750000000005,2.760504173906398,4.1549132560082604
557.4000000000005,2.760504173906398,4.098271128462352
557.4250000000005,2.6720705118403174,4.276052622535225
557.4500000000005,2.6720705118403174,3.7844588931939893
557.4750000000005,2.6917231143329587,3.1327603001188846
557.5000000000005,2.6917231143329587,3.4933190697090777
557.5250000000005,2.735656401561755,3.5117617255264713
557.5500000000005,2.735656401561755,3.1874250784762217
557.5750000000005,2.784373284956743,3.4032809091262894
557.6000000000005,2.784373284956743,3.5285206709658996
557.6250000000005,2.7176515867653563,3.525431633114823
557.6500000000005,2.7176515867653563,3.40398866006685
557.6750000000005,2.5347136378159973,3.236352284725155
557.7000000000005,2.5347136378159973,3.5271462528619657
557.7250000000005,2.4326708089202356,3.1391031289845093
557.7500000000005,2.4326708089202356,3.208982534949127
557.7750000000005,2.4243113254263022,3.437464446967727
557.8000000000005,2.4243113254263022,3.701074735994418
557.8250000000005,2.2687491699081193,3.605868584437191
557.8500000000005,2.2687491699081193,3.605868584437191
557.8750000000005,2.108626084633002,3.949946393735449
557.9000000000005,2.108626084633002,3.619516484847226
557.9250000000005,1.6327462111111544,3.568214413604446
557.9500000000005,1.6327462111111544,3.568214413604446
557.9750000000005,1.5528461422102566,3.568214413604446
558.0000000000005,1.5528461422102566,3.3859672129657423
558.0250000000005,1.511370394594664,3.337751904224628
558.0500000000005,1.511370394594664,3.3470283657501003
558.0750000000005,1.4635077842016386,3.7466713655930795
558.1000000000005,1.4635077842016386,3.447712788640692
558.1250000000005,1.38463448965976,3.8224017732742532
558.1500000000005,1.38463448965976,3.814230792117349
558.1750000000005,1.369189448638636,3.8137132831545064
558.2000000000005,1.369189448638636,3.9031784772835674
558.2250000000005,1.4062870184170748,3.9095400446546154
558.2500000000005,1.4062870184170748,3.809795968430148
558.2750000000005,1.610682338146674,3.793504534780554
558.3000000000005,1.610682338146674,3.7652791245224666
558.3250000000005,1.8676947429150772,3.4882526696196035
558.3500000000005,1.8676947429150772,3.374208143952489
558.3750000000005,2.1890286467362614,3.1347339863839965
558.4000000000005,2.1890286467362614,3.086653996106388
558.4250000000005,2.549661675154155,3.191918337765523
558.4500000000005,2.549661675154155,3.191918337765523
558.4750000000005,2.781788321445518,3.2833300411777993
558.5000000000005,2.781788321445518,3.338133278215419
558.5250000000005,3.0529763259948766,3.631537158834714
558.5500000000005,3.0529763259948766,3.52490599384958
558.5750000000005,3.381177443241981,3.5738511154928996
558.6000000000005,3.381177443241981,3.605803537965256
558.6250000000005,3.6449724346762764,3.6114635555504866
558.6500000000005,3.6449724346762764,3.7584778757182398
558.6750000000005,3.7924272047179244,3.688940645114812
558.7000000000005,3.7924272047179244,3.7176885335357146
558.7250000000005,3.811944546036557,3.8377727321680135
558.7500000000005,3.811944546036557,3.757933652093389
558.7750000000005,3.7712412866149663,4.175519207836046
558.8000000000005,3.7712412866149663,3.989133582267042
558.8250000000005,3.806359154739127,4.0454650129951055
558.8500000000005,3.806359154739127,4.220244467263723
558.8750000000005,3.9134819635126377,4.19141895579113
558.9000000000005,3.9134819635126377,4.1981302137177785
558.9250000000005,4.000354555314416,4.047949712959612
558.9500000000005,4.000354555314416,3.9554106445570536
558.9750000000005,4.125562257662679,3.9554106445570536
559.0000000000005,4.125562257662679,3.853091475871019
559.0250000000005,4.306891208796841,3.948394216323785
559.0500000000005,4.306891208796841,3.935749495953252
559.0750000000005,4.513032375051097,3.9158384750085498
559.1000000000005,4.513032375051097,3.9158384750085498
559.1250000000005,4.748351633798521,3.865789997279244
559.1500000000005,4.748351633798521,3.8495016973039173
559.1750000000005,4.876484254395024,3.894194334422904
559.2000000000005,4.876484254395024,3.87857897552132
559.2250000000005,4.988836256782037,3.87857897552132
559.2500000000005,4.988836256782037,4.032143355359135
559.2750000000005,5.0521769026345,4.048596921505206
559.3000000000005,5.0521769026345,4.047983088916972
559.3250000000005,5.135527195735136,3.667798134033959
559.3500000000005,5.135527195735136,3.7150163345914713
559.3750000000005,5.101620747060366,3.856110909002782
559.4000000000005,5.101620747060366,3.868754336287495
559.4250000000005,5.117424867972616,3.862515165798718
559.4500000000005,5.117424867972616,3.6639103929658607
559.4750000000005,5.092270102365603,3.7139365041489465
559.5000000000005,5.092270102365603,3.740622945704581
559.5250000000005,4.890958858900646,3.7912972320045744
559.5500000000005,4.890958858900646,3.935491909136152
559.5750000000005,4.809609946048042,4.548091190715727
559.6000000000005,4.809609946048042,4.62499619900825
559.6250000000005,4.717345102075498,4.020215505764756
559.6500000000005,4.717345102075498,4.431405531636946
559.6750000000005,4.705653142356127,4.346432799404459
559.7000000000005,4.705653142356127,4.321676132750087
559.7250000000005,4.643084490288942,4.382784693344124
559.7500000000005,4.643084490288942,4.939885670086221
559.7750000000005,4.474963883915635,4.792417522205782
559.8000000000005,4.474963883915635,4.792417522205782
559.8250000000005,4.198125245211784,4.6182820060121115
559.8500000000005,4.198125245211784,4.5498225223351225
559.8750000000005,4.010921421823937,4.508765858547319
559.9000000000005,4.010921421823937,4.678368913612086
559.9250000000005,3.9629302948162746,4.780831842930104
559.9500000000005,3.9629302948162746,5.066463830739061
559.9750000000005,3.852501582547447,3.932012037100212
560.0000000000005,3.852501582547447,3.9770223816381
560.0250000000005,3.7020557520966406,3.8548601537599847
560.0500000000005,3.7020557520966406,3.777981751887785
560.0750000000005,3.559825364570486,3.7800034262115894
560.1000000000005,3.559825364570486,3.7042132017296323
560.1250000000005,3.3783551212248,3.7798369885730083
560.1500000000005,3.3783551212248,3.9207899883498767
560.1750000000005,3.3419333317254996,4.467147565916417
560.2000000000005,3.3419333317254996,3.932311274830566
560.2250000000005,3.3928043802852983,3.904399432380993
560.2500000000005,3.3928043802852983,3.990105209185067
560.2750000000005,3.4706412947979146,3.998412651474981
560.3000000000005,3.4706412947979146,4.124122398789383
560.3250000000005,3.5023057157073367,4.07001389995757
560.3500000000005,3.5023057157073367,3.712754344576486
560.3750000000005,3.572671673758336,3.6058177575256773
560.4000000000005,3.572671673758336,3.515099687737368
560.4250000000005,3.580813381471444,3.681700476121532
560.4500000000005,3.580813381471444,4.1257286683287955
560.4750000000005,3.57414579829468,3.9724261028182872
560.5000000000005,3.57414579829468,4.130074990565052
560.5250000000005,3.595425470888202,4.341402067536792
560.5500000000005,3.595425470888202,4.3351175004328875
560.5750000000005,3.6484522919975007,4.680681928665372
560.6000000000005,3.6484522919975007,4.912878719413449
560.6250000000005,3.673981003483405,4.683776337811626
560.6500000000005,3.673981003483405,4.572377852238869
560.6750000000005,3.7706995951143654,4.356274254159076
560.7000000000005,3.7706995951143654,4.586049197636583
560.7250000000005,3.8573773193073606,4.919466659921727
560.7500000000005,3.8573773193073606,4.827383271428174
560.7750000000005,3.9373582393562003,4.926680772807319
560.8000000000005,3.9373582393562003,4.957515812425656
560.8250000000005,4.057575850274802,4.953020660519651
560.8500000000005,4.057575850274802,5.069690637860282
560.8750000000005,4.19169753556956,5.4149001860935355
560.9000000000005,4.19169753556956,5.43932387224115
560.9250000000005,4.419399249497914,5.434857878591423
560.9500000000005,4.419399249497914,6.067978916137807
560.9750000000005,4.635125417830494,5.864842916300894
561.0000000000005,4.635125417830494,4.975129509773384
561.0250000000005,4.745885691602396,5.2540340737701525
561.0500000000005,4.745885691602396,5.280377746435029
561.0750000000005,4.872565214654685,5.166771118738812
561.1000000000005,4.872565214654685,6.189784111955367
561.1250000000005,4.976308814006941,6.425309698887327
561.1500000000005,4.976308814006941,6.0899995225879415
561.1750000000005,5.015082177315847,6.324047592594448
561.2000000000005,5.015082177315847,6.324047592594448
561.2250000000005,4.999527314369317,6.165672783746469
561.2500000000005,4.999527314369317,6.017783840499443
561.2750000000005,5.006231630453556,6.118086096582097
561.3000000000005,5.006231630453556,6.397058376490104
561.3250000000005,5.101599866485998,6.617295481251592
561.3500000000005,5.101599866485998,6.56922734043671
561.3750000000005,5.146137389156564,6.717547352095781
561.4000000000005,5.146137389156564,6.645493615754499
561.4250000000005,5.088396952105583,6.215862683753866
561.4500000000005,5.088396952105583,6.551971186921483
561.4750000000005,5.085250042854497,6.538346139970554
561.5000000000005,5.085250042854497,6.760430186581979
561.5250000000005,5.0680202321206025,13.621105825634078
561.5500000000005,5.0680202321206025,13.71886051343009
561.5750000000005,4.9603189369821195,13.990807206461616
561.6000000000005,4.9603189369821195,14.079636310132184
561.6250000000005,4.770892891400663,13.910288142582017
561.6500000000005,4.770892891400663,14.030021657538928
561.6750000000005,4.662428416817377,14.801840119078001
561.7000000000005,4.662428416817377,14.707147099070784
561.7250000000005,4.448326245750096,6.43309052502285
561.7500000000005,4.448326245750096,6.48822179304678
561.7750000000005,4.385562879636083,6.259954959807216
561.8000000000005,4.385562879636083,6.306549147242495
561.8250000000005,4.326052959185617,6.006643406587554
561.8500000000005,4.326052959185617,7.003797696052417
561.8750000000005,4.353248978677698,7.2055318614170725
561.9000000000005,4.353248978677698,6.927584109162512
561.9250000000005,4.284083846455715,6.995755313305833
561.9500000000005,4.284083846455715,7.002773526154146
561.9750000000005,4.210018283661597,11.712932860127571
562.0000000000005,4.210018283661597,10.909561541327598
562.0250000000005,4.12185846087236,10.62345100598853
562.0500000000005,4.12185846087236,10.244199321325663
562.0750000000005,4.228037067668339,9.846595492020306
562.1000000000005,4.228037067668339,9.82202580817118
562.1250000000005,4.372255104605685,10.174124412269261
562.1500000000005,4.372255104605685,10.13392930107389
562.1750000000005,4.395886145126767,9.922630458114496
562.2000000000005,4.395886145126767,9.822473754773036
562.2250000000005,4.224315714878159,9.88659418160894
562.2500000000005,4.224315714878159,10.307073925648814
562.2750000000005,4.098852304357294,10.198872511679694
562.3000000000005,4.098852304357294,10.835114813280246
562.3250000000005,3.8150804821320463,12.550897594911428
562.3500000000005,3.8150804821320463,12.88492902957724
562.3750000000005,3.597831899914965,16.99372523536053
562.4000000000005,3.597831899914965,18.147723699552376
562.4250000000005,3.3955823747216556,17.213011093522326
562.4500000000005,3.3955823747216556,8.963516589332023
562.4750000000005,3.171881718751834,8.71126430200937
562.5000000000005,3.171881718751834,5.2445334413589
562.5250000000005,2.9098281361315372,4.953411376486277
562.5500000000005,2.9098281361315372,4.852999625546156
562.5750000000005,3.0012584836480443,5.036289780726371
562.6000000000005,3.0012584836480443,5.0042896747750705
562.6250000000005,3.1494027352333944,5.25470201272703
562.6500000000005,3.1494027352333944,4.790082144706854
562.6750000000005,3.2408682339726766,4.632892731443307
562.7000000000005,3.2408682339726766,4.53940389792802
562.7250000000005,3.3477871152097265,3.4774299101675465
562.7500000000005,3.3477871152097265,3.8340442144884865
562.7750000000005,3.5463191224269224,3.766878164451473
562.8000000000005,3.5463191224269224,4.265662014234027
562.8250000000005,3.726644755853087,4.49162996476952
562.8500000000005,3.726644755853087,4.570447920468012
562.8750000000005,3.849108913195238,4.545771121867928
562.9000000000005,3.849108913195238,4.503587988863383
562.9250000000005,4.043248597903315,4.746885570720586
562.9500000000005,4.043248597903315,4.718963049976945
562.9750000000005,4.2165256073500785,4.756280753898728
563.0000000000005,4.2165256073500785,4.846597579209768
563.0250000000005,4.285037003105046,5.72845360749096
563.0500000000005,4.285037003105046,5.720137929059924
563.0750000000005,4.2961702715381165,5.944989916216284
563.1000000000005,4.2961702715381165,6.0040313404714905
563.1250000000005,4.316682230645526,6.036558582600882
563.1500000000005,4.316682230645526,6.02478070087037
563.1750000000005,4.146608648949567,5.993592594215358
563.2000000000005,4.146608648949567,5.948185001794124
563.2250000000005,3.9829539010241177,5.922776865464409
563.2500000000005,3.9829539010241177,5.9385410501010805
563.2750000000005,3.9305357562027012,5.9156450215466165
563.3000000000005,3.9305357562027012,5.894723833018904
563.3250000000005,3.944401063128879,5.87016288224016
563.3500000000005,3.944401063128879,5.8323537716337475
563.3750000000005,3.9156297691874045,5.804845374516661
563.4000000000005,3.9156297691874045,4.921244257615272
563.4250000000005,3.941196845670561,5.313812375228711
563.4500000000005,3.941196845670561,5.159190316586462
563.4750000000005,3.9875871619987606,5.000478215926706
563.5000000000005,3.9875871619987606,4.926042939639918
563.5250000000005,4.074309656433044,4.004191777497642
563.5500000000005,4.074309656433044,4.032034695621656
563.5750000000005,4.115338768973402,4.047106684095857
563.6000000000005,4.115338768973402,4.1791862320222375
563.6250000000005,4.2851275719361155,4.900616125212288
563.6500000000005,4.2851275719361155,5.211148353923558
563.6750000000005,4.5153092819749645,5.139779157162198
563.7000000000005,4.5153092819749645,4.877450112803738
563.7250000000005,4.6839138230091635,4.85401981064247
563.7500000000005,4.6839138230091635,4.827292903131388
563.7750000000005,4.870430083455744,5.086672864921965
563.8000000000005,4.870430083455744,5.265206534911514
563.8250000000005,5.049118654596967,5.5148038106619275
563.8500000000005,5.049118654596967,4.928679805365974
563.8750000000005,5.220755593509438,4.704415597762359
563.9000000000005,5.220755593509438,5.767118471665501
563.9250000000005,5.367024001512419,5.847200951731429
563.9500000000005,5.367024001512419,5.675424889008672
563.9750000000005,5.507780989229516,5.619259286760598
564.0000000000005,5.507780989229516,5.857385175932478
564.0250000000005,5.642012916198283,5.038273449878599
564.0500000000005,5.642012916198283,5.797580016893026
564.0750000000005,5.744214369163842,6.257762585401116
564.1000000000005,5.744214369163842,6.278848235954395
564.1250000000005,5.8586785983409015,6.343383275986845
564.1500000000005,5.8586785983409015,5.4275199019484
564.1750000000005,5.968895106078477,5.545851590159981
564.2000000000005,5.968895106078477,5.532715597382738
564.2250000000005,6.073998685453603,5.536653983537126
564.2500000000005,6.073998685453603,6.213092829842022
564.2750000000005,6.190926596302859,5.26775924698375
564.3000000000005,6.190926596302859,5.238514166219861
564.3250000000005,6.305092927045024,5.202560011207693
564.3500000000005,6.305092927045024,5.1885049762702895
564.3750000000005,6.406346251674904,6.1434088922940715
564.4000000000005,6.406346251674904,6.079746012269717
564.4250000000005,6.498675009594663,6.112905545923658
564.4500000000005,6.498675009594663,6.085933134400091
564.4750000000005,6.5909999767199,6.089018894652947
564.5000000000005,6.5909999767199,6.2228659286637935
564.5250000000005,6.696791392220476,6.304850391914264
564.5500000000005,6.696791392220476,6.032431356123839
564.5750000000005,6.789154442305076,6.02769002601231
564.6000000000005,6.789154442305076,5.116180170679776
564.6250000000005,6.844047063630583,5.085785896387674
564.6500000000005,6.844047063630583,4.8714702087710045
564.6750000000005,6.932024180912379,4.729324826611988
564.7000000000005,6.932024180912379,4.70545342501533
564.7250000000005,7.003198458910276,4.699019442721482
564.7500000000005,7.003198458910276,4.749987579646193
564.7750000000005,7.107530121114763,4.700273726671281
564.8000000000005,7.107530121114763,4.870475616775113
564.8250000000005,7.238501012570964,4.895262997821921
564.8500000000005,7.238501012570964,4.901699527471129
564.8750000000005,7.356286463508553,5.250770088434953
564.9000000000005,7.356286463508553,5.2651511971714475
564.9250000000005,7.490877654698167,5.251150912517772
564.9500000000005,7.490877654698167,5.276768696358547
564.9750000000005,7.673793134440075,5.446244257335515
565.0000000000005,7.673793134440075,5.590823399001834
565.0250000000005,7.855630167373278,5.612344045967146
565.0500000000005,7.855630167373278,5.814919024035576
565.0750000000005,7.99865814978412,5.753843883168986
565.1000000000005,7.99865814978412,5.591949383532888
565.1250000000005,8.200771537919806,5.856241213766494
565.1500000000005,8.200771537919806,5.850317259682985
565.1750000000005,8.604756325364036,5.829581242294843
565.2000000000005,8.604756325364036,5.711513895754527
565.2250000000005,8.9972168696858,5.536203286978273
565.2500000000005,8.9972168696858,5.462166202396262
565.2750000000005,9.398839054340513,5.602689678588032
565.3000000000005,9.398839054340513,5.602461618615231
565.3250000000005,9.654249500666978,8.221253273647577
565.3500000000005,9.654249500666978,8.530935142179112
565.3750000000005,9.94621913373122,8.56920619596758
565.4000000000005,9.94621913373122,8.806189495845238
565.4250000000005,10.303778492043449,9.051112429806937
565.4500000000005,10.303778492043449,8.686209108487672
565.4750000000005,10.559340846669556,7.134652324088496
565.5000000000005,10.559340846669556,6.450145603299799
565.5250000000005,10.734797632519559,7.7173942384311705
565.5500000000005,10.734797632519559,7.751610149201835
565.5750000000005,10.758007512583248,7.569912151329994
565.6000000000005,10.758007512583248,8.092079611871906
565.6250000000005,10.776990854857445,5.574538548820733
565.6500000000005,10.776990854857445,4.18617847176067
565.6750000000005,10.870386802097514,4.385926768610146
565.7000000000005,10.870386802097514,4.475760183036553
565.7250000000005,11.009139796298243,4.292399126435338
565.7500000000005,11.009139796298243,5.527665991453677
565.7750000000005,11.104309773577612,5.50837641811935
565.8000000000005,11.104309773577612,5.472084065654998
565.8250000000005,11.169740637725454,5.404564405631885
565.8500000000005,11.169740637725454,5.310900446061888
565.8750000000005,11.210363265118403,5.863249922056625
565.9000000000005,11.210363265118403,5.571759467359193
565.9250000000005,11.305989269072512,5.534735674415861
565.9500000000005,11.305989269072512,5.6163369269514165
565.9750000000005,11.424053309372411,6.022651532089108
566.0000000000005,11.424053309372411,6.219240231233114
566.0250000000005,11.590803919998123,6.142189032709198
566.0500000000005,11.590803919998123,6.134202728831061
566.0750000000005,11.815499426088266,6.220214536852686
566.1000000000005,11.815499426088266,6.5081744557297245
566.1250000000005,12.115425915275196,6.498950020570054
566.1500000000005,12.115425915275196,6.898981594534666
566.1750000000005,12.445781166822727,7.172829702634773
566.2000000000005,12.445781166822727,7.0960205955776985
566.2250000000005,12.885136547767928,6.998679248690967
566.2500000000005,12.885136547767928,7.52606340988402
566.2750000000005,13.390100729293593,7.382690267101829
566.3000000000005,13.390100729293593,7.758470419708704
566.3250000000005,13.717573962610501,7.420165901519451
566.3500000000005,13.717573962610501,7.403216119659631
566.3750000000005,13.990967671733173,6.954088510899588
566.4000000000005,13.990967671733173,7.255410603722627
566.4250000000005,14.333602448527898,6.765212670772391
566.4500000000005,14.333602448527898,6.735102344874959
566.4750000000005,14.666934198857376,6.29693635824713
566.5000000000005,14.666934198857376,6.686387397758175
566.5250000000005,14.961895422403188,6.38335203256485
566.5500000000005,14.961895422403188,6.392777628060229
566.5750000000005,15.236604057558083,6.146659269531969
566.6000000000005,15.236604057558083,5.7419016808760155
566.6250000000005,15.469265943993221,5.646554034872468
566.6500000000005,15.469265943993221,6.312354554830336
566.6750000000005,15.703373889175737,6.401066619508353
566.7000000000005,15.703373889175737,6.610984709205576
566.7250000000005,15.962600238668827,7.352238419329752
566.7500000000005,15.962600238668827,7.413848023608256
566.7750000000005,16.116845852565234,7.348511918013119
566.8000000000005,16.116845852565234,8.248039840136853
566.8250000000005,16.236938983234964,8.994201803044772
566.8500000000005,16.236938983234964,8.58092099608844
566.8750000000005,16.386548598127646,8.35578794008201
566.9000000000005,16.386548598127646,7.96508798703984
566.9250000000005,16.5711166064209,8.887150163062397
566.9500000000005,16.5711166064209,10.493516859090484
566.9750000000005,16.764464029341937,10.563493324665506
567.0000000000005,16.764464029341937,10.72387906175144
567.0250000000005,16.559260637985076,10.928079538566553
567.0500000000005,16.559260637985076,10.561720511743989
567.0750000000005,16.32861688037262,10.413979905334923
567.1000000000005,16.32861688037262,13.460301187303596
567.1250000000005,15.95735903951612,13.150842714446423
567.1500000000005,15.95735903951612,8.545050264420725
567.1750000000005,15.594836277108229,11.198634788684735
567.2000000000005,15.594836277108229,12.723236105850813
567.2250000000005,15.147558816808811,12.038889101489545
567.2500000000005,15.147558816808811,12.115325329376628
567.2750000000005,14.68811617757008,11.912766802927266
567.3000000000005,14.68811617757008,14.565301310708184
567.3250000000005,14.4747431520547,14.888401160834968
567.3500000000005,14.4747431520547,14.948189421507033
567.3750000000005,14.290812380364855,15.648143316887934
567.4000000000005,14.290812380364855,17.989538657932545
567.4250000000005,14.122472224543188,12.115653647479673
567.4500000000005,14.122472224543188,12.142952438088594
567.4750000000005,14.026883511045469,12.692458635511706
567.5000000000005,14.026883511045469,10.654304023056854
567.5250000000005,13.994118417269675,10.530500743093162
567.5500000000005,13.994118417269675,10.80389361099045
567.5750000000005,13.96562639858847,9.193338303710197
567.6000000000005,13.96562639858847,9.372719277618248
567.6250000000005,13.941919826135205,9.428577291478422
567.6500000000005,13.941919826135205,6.085517337470355
567.6750000000005,13.932696587871547,5.998783654009729
567.7000000000005,13.932696587871547,5.819233300310277
567.7250000000005,13.920957324940701,5.469553923376271
567.7500000000005,13.920957324940701,10.524523702060515
567.7750000000005,13.901055614933725,9.639655114711159
567.8000000000005,13.901055614933725,6.3503378321314985
567.8250000000005,13.873789397705679,5.587540658617148
567.8500000000005,13.873789397705679,6.797579150351355
567.8750000000005,13.846889345940923,5.7995456301406
567.9000000000005,13.846889345940923,6.0170897692861285
567.9250000000005,13.829918478153445,6.369919112161103
567.9500000000005,13.829918478153445,7.371236827888497
567.9750000000005,13.782466968424572,8.033754246927646
568.0000000000005,13.782466968424572,8.507121959189835
568.0250000000005,13.75631925192394,8.38370008252188
568.0500000000005,13.75631925192394,8.49296545756412
568.0750000000005,13.683126815366634,7.1556676938521715
568.1000000000005,13.683126815366634,6.936500359781414
568.1250000000005,13.632932206121367,6.839402297031845
568.1500000000005,13.632932206121367,5.488547516608004
568.1750000000005,13.587588242796429,5.741419984453228
568.2000000000005,13.587588242796429,6.044762617250939
568.2250000000005,13.550459873927906,5.588024464997877
568.2500000000005,13.550459873927906,5.837310071468466
568.2750000000005,13.498710526191658,6.1297903757699075
568.3000000000005,13.498710526191658,6.242290164229117
568.3250000000005,13.453776215254308,6.195404116808025
568.3500000000005,13.453776215254308,5.6011447669917525
568.3750000000005,13.390723544884978,5.99249800334337
568.4000000000005,13.390723544884978,10.102203276829858
568.4250000000005,13.292904733857696,10.664660261120249
568.4500000000005,13.292904733857696,6.9171106050293405
568.4750000000005,13.223694011434219,6.857200900201849
568.5000000000005,13.223694011434219,7.417066146699439
568.5250000000005,13.132036385405897,7.132950000826837
568.5500000000005,13.132036385405897,8.123885434704489
568.5750000000005,12.956000213986798,8.160263191943905
568.6000000000005,12.956000213986798,8.89027126552014
568.6250000000005,12.744941026247332,7.581519004045115
568.6500000000005,12.744941026247332,7.814994697950042
568.6750000000005,12.582134402762591,8.653678353308422
568.7000000000005,12.582134402762591,8.800210804305037
568.7250000000005,12.47565167853459,9.050805484662538
568.7500000000005,12.47565167853459,9.12599283838098
568.7750000000005,12.385505337062497,9.142742177528271
568.8000000000005,12.385505337062497,8.842360794597441
568.8250000000005,12.286631899275378,5.637373162732859
568.8500000000005,12.286631899275378,5.450765120238632
568.8750000000005,12.19358043092656,5.646363013116557
568.9000000000005,12.19358043092656,5.398694027300636
568.9250000000005,12.064210026135925,6.0033534114215295
568.9500000000005,12.064210026135925,5.97109459825704
568.9750000000005,11.98479506214737,6.062502197464754
569.0000000000005,11.98479506214737,6.06931669366835
569.0250000000005,11.89419021825124,6.06931669366835
569.0500000000005,11.89419021825124,6.426883745637083
569.0750000000005,11.848106051372511,6.3671228296857985
569.1000000000005,11.848106051372511,6.590789484954885
569.1250000000005,11.827672044549573,6.377930943621928
569.1500000000005,11.827672044549573,6.586498881201617
569.1750000000005,11.815183404342605,10.33839764209467
569.2000000000005,11.815183404342605,10.38848639414649
569.2250000000005,11.829926679456705,9.525498933170024
569.2500000000005,11.829926679456705,9.237773389944511
569.2750000000005,11.874008151512399,8.270287541008067
569.3000000000005,11.874008151512399,6.252619779360266
569.3250000000005,11.953346065362012,8.864501869672756
569.3500000000005,11.953346065362012,9.004754840186246
569.3750000000005,12.107164311802805,9.026993249789486
569.4000000000005,12.107164311802805,9.128030677311301
569.4250000000005,12.24185048193695,8.875453826397052
569.4500000000005,12.24185048193695,9.026252648483045
569.4750000000005,12.517312519780646,9.228737883102916
569.5000000000005,12.517312519780646,9.815281131307875
569.5250000000005,12.804854800211913,9.728337753354324
569.5500000000005,12.804854800211913,9.594135271279143
569.5750000000005,13.193190978013064,9.73834783380662
569.6000000000005,13.193190978013064,9.648707699329076
569.6250000000005,13.560953773330425,9.855233244552897
569.6500000000005,13.560953773330425,9.831362394575358
569.6750000000005,13.883336426184982,9.738790378173922
569.7000000000005,13.883336426184982,9.513275849225325
569.7250000000005,14.450427050745375,9.586186023917534
569.7500000000005,14.450427050745375,10.276789110709052
569.7750000000005,15.01955435410207,9.766781881439174
569.8000000000005,15.01955435410207,9.949854529069793
569.8250000000005,15.535500565847087,11.023751212055934
569.8500000000005,15.535500565847087,13.397863175275942
569.8750000000005,16.17199674374467,13.640263086625996
569.9000000000005,16.17199674374467,15.71505321915022
569.9250000000005,16.647789370181428,16.101471737453156
569.9500000000005,16.647789370181428,15.4654136203052
569.9750000000005,17.240251884112226,15.659849628285931
570.0000000000005,17.240251884112226,15.54622147113764
570.0250000000005,17.823065955709225,15.422875442095087
570.0500000000005,17.823065955709225,15.208077976518023
570.0750000000005,18.416881842026882,15.666240348294503
570.1000000000005,18.416881842026882,16.226694961263128
570.1250000000005,19.070700552781588,16.285099644868136
570.1500000000005,19.070700552781588,19.035269671223624
570.1750000000005,19.718501582326837,19.590539755228377
570.2000000000005,19.718501582326837,19.737108839915063
570.2250000000005,20.354567483657846,19.75722556348114
570.2500000000005,20.354567483657846,19.58177779515777
570.2750000000005,20.998662528695903,19.722822085899526
570.3000000000005,20.998662528695903,19.63590332498704
570.3250000000005,21.57274268077674,18.966649257442267
570.3500000000005,21.57274268077674,18.53689537597307
570.3750000000005,22.001269833948214,18.447506081259068
570.4000000000005,22.001269833948214,18.39328771970811
570.4250000000005,22.346232306120157,18.978274115023968
570.4500000000005,22.346232306120157,19.147857250327373
570.4750000000005,22.837794883692368,19.228146640254728
570.5000000000005,22.837794883692368,19.193771378428043
570.5250000000005,23.181392989874396,19.510395158188004
570.5500000000005,23.181392989874396,19.149223681907312
570.5750000000005,23.595467145002814,19.249865385008547
570.6000000000005,23.595467145002814,19.34130530924028
570.6250000000005,23.997334988603455,19.633209818263982
570.6500000000005,23.997334988603455,19.620977144700117
570.6750000000005,24.319571860375873,20.19032299401749
570.7000000000005,24.319571860375873,19.699416520561357
570.7250000000005,24.593750837089374,20.615442095640024
570.7500000000005,24.593750837089374,20.929348559286346
570.7750000000005,24.762482860985074,21.191758512434262
570.8000000000005,24.762482860985074,20.440873793310814
570.8250000000005,24.855839989642547,19.736968399060682
570.8500000000005,24.855839989642547,19.66501094125958
570.8750000000005,24.970506537826097,19.668626524253717
570.9000000000005,24.970506537826097,18.757717941752645
570.9250000000005,25.104977091010113,18.34344560577797
570.9500000000005,25.104977091010113,17.57389106132003
570.9750000000005,25.282267130653096,17.416191684559287
571.0000000000005,25.282267130653096,17.627431071652516
571.0250000000005,25.513307861525675,17.508581400020585
571.0500000000005,25.513307861525675,17.409848937044476
571.0750000000005,25.717845862927234,17.456977707310553
571.1000000000005,25.717845862927234,17.20201865339539
571.1250000000005,25.97618819567421,18.27019995035465
571.1500000000005,25.97618819567421,28.036203602556753
571.1750000000005,26.27354981348813,27.83211063577457
571.2000000000005,26.27354981348813,20.13763824594618
571.2250000000005,26.555155973248674,20.02034447497301
571.2500000000005,26.555155973248674,20.02034447497301
571.2750000000005,26.822645361468915,20.11666460479162
571.3000000000005,26.822645361468915,20.097253040592705
571.3250000000005,26.069416539369712,20.283550574983106
571.3500000000005,26.069416539369712,20.283550574983106
571.3750000000005,25.32136710801214,20.38324143597513
571.4000000000005,25.32136710801214,20.649925304307388
571.4250000000005,24.792594023235083,20.660563303170644
571.4500000000005,24.792594023235083,20.292148318847936
571.4750000000005,24.174074531480926,20.81350837103909
571.5000000000005,24.174074531480926,19.666162776105487
571.5250000000005,23.394581433610725,19.731547024317038
571.5500000000005,23.394581433610725,19.191144027878178
571.5750000000005,22.71769225466828,19.288769821660882
571.6000000000005,22.71769225466828,19.004403072438706
571.6250000000005,22.024676588352605,19.05579867582789
571.6500000000005,22.024676588352605,18.504730402697575
571.6750000000005,21.340192179594837,18.904685790545503
571.7000000000005,21.340192179594837,18.633459778686355
571.7250000000005,20.66383070876566,14.99876774802229
571.7500000000005,20.66383070876566,14.435782206043466
571.7750000000005,20.150172299276136,15.237841173901893
571.8000000000005,20.150172299276136,15.308836720525223
571.8250000000005,19.549597465952985,13.481683462184103
571.8500000000005,19.549597465952985,13.489396039618512
571.8750000000005,18.87894541492463,13.607757555248051
571.9000000000005,18.87894541492463,14.505267065497776
571.9250000000005,18.27593338413807,14.46881786897454
571.9500000000005,18.27593338413807,14.406594326582365
571.9750000000005,17.816050870790875,14.414914473917891
572.0000000000005,17.816050870790875,14.394361979809387
572.0250000000005,17.280482343339443,13.878015672448333
572.0500000000005,17.280482343339443,14.617060905322662
572.0750000000005,16.73277954828525,24.898194080837694
572.1000000000005,16.73277954828525,25.06406038193839
572.1250000000005,16.155480905278708,24.571217130191034
572.1500000000005,16.155480905278708,24.383816730838774
572.1750000000005,15.425335895345,23.411308808822252
572.2000000000005,15.425335895345,16.544538105063296
572.2250000000005,15.01685695292818,15.349251258041988
572.2500000000005,15.01685695292818,13.841017297184505
572.2750000000005,14.618737064190341,13.75844623613594
572.3000000000005,14.618737064190341,12.624513238982168
572.3250000000005,14.232924953797024,12.700341144608638
572.3500000000005,14.232924953797024,13.09218017534273
572.3750000000005,13.94932731669634,13.32958234752844
572.4000000000005,13.94932731669634,7.663274943143923
572.4250000000005,13.862075808324889,13.126867502459227
572.4500000000005,13.862075808324889,10.779693875662996
572.4750000000005,13.763227024991721,9.363947470824764
572.5000000000005,13.763227024991721,9.366356971176582
572.5250000000005,13.646791385363699,9.523909891388545
572.5500000000005,13.646791385363699,9.957258468328869
572.5750000000005,13.585520525559275,8.516637524729768
572.6000000000005,13.585520525559275,8.519583881839251
572.6250000000005,13.521277021225089,8.460852241674269
572.6500000000005,13.521277021225089,11.62519125783921
572.6750000000005,13.424393504804897,11.578191748060988
572.7000000000005,13.424393504804897,11.888100115073312
572.7250000000005,13.329342191217137,9.034019405576322
572.7500000000005,13.329342191217137,9.463159526899743
572.7750000000005,13.2506604237972,8.882286654624748
572.8000000000005,13.2506604237972,8.386479550924502
572.8250000000005,13.141853997260498,7.942698724297111
572.8500000000005,13.141853997260498,7.790756807911103
572.8750000000005,12.968599644049306,7.165874876418844
572.9000000000005,12.968599644049306,7.737159035313425
572.9250000000005,12.659043507887418,7.76668315122836
572.9500000000005,12.659043507887418,7.637713633145825
572.9750000000005,12.371120720646218,7.514259211667162
573.0000000000005,12.371120720646218,7.597117593081506
573.0250000000005,12.112108902179699,6.7338748788248335
573.0500000000005,12.112108902179699,7.251917141726543
573.0750000000005,11.914171967893779,6.6696922776033425
573.1000000000005,11.914171967893779,6.893850556298422
573.1250000000005,11.830226056030526,6.778395232850977
573.1500000000005,11.830226056030526,5.721539239515912
573.1750000000005,11.782812222269598,5.830581361345173
573.2000000000005,11.782812222269598,5.614542524175964
573.2250000000005,11.796201789711048,5.832904714073566
573.2500000000005,11.796201789711048,5.623537737619237
573.2750000000005,11.843219685508316,5.667802436060486
573.3000000000005,11.843219685508316,5.6287407953988255
573.3250000000005,11.842713735706397,5.9000687049735605
573.3500000000005,11.842713735706397,6.027281226045967
573.3750000000005,11.848376938114441,6.095194345737292
573.4000000000005,11.848376938114441,6.079014623041832
573.4250000000005,11.809651886687746,6.15116044290016
573.4500000000005,11.809651886687746,5.749049402737642
573.4750000000005,11.712183723197626,6.774510965016896
573.5000000000005,11.712183723197626,6.978151300566832
573.5250000000005,11.67432696227614,6.831324487386321
573.5500000000005,11.67432696227614,6.382201291715521
573.5750000000005,11.671659280713996,6.558107972403855
573.6000000000005,11.671659280713996,6.4278110263982775
573.6250000000005,11.716413907251493,6.633837786055312
573.6500000000005,11.716413907251493,7.085644148886393
573.6750000000005,11.829696102278504,7.081121593485632
573.7000000000005,11.829696102278504,7.007185418563914
573.7250000000005,11.914821878426608,7.020361344554076
573.7500000000005,11.914821878426608,7.847663087149137
573.7750000000005,12.02311247890438,9.101336536778522
573.8000000000005,12.02311247890438,9.36704287569848
573.8250000000005,12.074108757368961,9.62679173439106
573.8500000000005,12.074108757368961,9.84452341308947
573.8750000000005,12.040203986375857,12.443020951982678
573.9000000000005,12.040203986375857,12.120911751408398
573.9250000000005,11.97692637442988,12.038966558243178
573.9500000000005,11.97692637442988,12.137721627655083
573.9750000000005,11.873949909486697,12.295960700597893
574.0000000000005,11.873949909486697,14.040480560329398
574.0250000000005,11.72143337227969,15.10554970827592
574.0500000000005,11.72143337227969,10.630196235253688
574.0750000000005,11.49723984005216,10.31688093035116
574.1000000000005,11.49723984005216,13.936030206695369
574.1250000000005,11.253312425498422,15.933931141304535
574.1500000000005,11.253312425498422,7.542620598622729
574.1750000000005,11.11361773890755,8.994755586614094
574.2000000000005,11.11361773890755,9.121160954521919
574.2250000000005,11.016014689941088,9.631765625894719
574.2500000000005,11.016014689941088,9.682359361688903
574.2750000000005,10.894942613100383,8.198732548765273
574.3000000000005,10.894942613100383,8.131046749181165
574.3250000000005,10.8260683767992,7.011583763623039
574.3500000000005,10.8260683767992,6.749689263776584
574.3750000000005,10.774134098460479,6.978575182236238
574.4000000000005,10.774134098460479,7.92027781396741
574.4250000000005,10.717889130648956,8.039353618984943
574.4500000000005,10.717889130648956,8.771617736976122
574.4750000000005,10.667299083573894,8.066333491676195
574.5000000000005,10.667299083573894,8.190383977122401
574.5250000000005,10.626231680034664,8.29953596295215
574.5500000000005,10.626231680034664,8.961816615414014
574.5750000000005,10.544563190475486,9.564335802764992
574.6000000000005,10.544563190475486,9.534993311167602
574.6250000000005,10.517928554498312,8.579545255934855
574.6500000000005,10.517928554498312,8.775117788745654
574.6750000000005,10.508558266616063,8.363076535459449
574.7000000000005,10.508558266616063,8.26805081315898
574.7250000000005,10.52028935698695,8.52775067983624
574.7500000000005,10.52028935698695,8.142331772664575
574.7750000000005,10.59093061816995,8.51708993133115
574.8000000000005,10.59093061816995,8.001315850074072
574.8250000000005,10.770469204793002,13.955952518501736
574.8500000000005,10.770469204793002,13.920947316210215
574.8750000000005,11.029519164825913,8.955446646082295
574.9000000000005,11.029519164825913,8.697973484368783
574.9250000000005,11.326186048553893,7.373864481817562
574.9500000000005,11.326186048553893,7.608581598186083
574.9750000000005,11.636346633288397,8.011008425183062
575.0000000000005,11.636346633288397,9.67823782574164
575.0250000000005,11.882673950374851,9.484302888312296
575.0500000000005,11.882673950374851,9.498283280489007
575.0750000000005,12.176064504684845,10.14724074832101
575.1000000000005,12.176064504684845,13.339722688251948
575.1250000000005,12.444434846237272,14.110280712594689
575.1500000000005,12.444434846237272,14.091791346982204
575.1750000000005,12.743980677800735,14.829076670252762
575.2000000000005,12.743980677800735,15.13057690092275
575.2250000000005,13.086554025628033,15.21767638171168
575.2500000000005,13.086554025628033,15.208043339301003
575.2750000000005,13.434665404340095,16.14920921037827
575.3000000000005,13.434665404340095,15.205252767330407
575.3250000000005,13.783999640169071,9.370511651883454
575.3500000000005,13.783999640169071,8.294254693036653
575.3750000000005,14.07741081433278,8.27194840317803
575.4000000000005,14.07741081433278,8.232413417242846
575.4250000000005,14.383936283895267,8.130296219576001
575.4500000000005,14.383936283895267,7.816778259393575
575.4750000000005,14.686556384286817,7.69547173654293
575.5000000000005,14.686556384286817,7.66674943060663
575.5250000000005,15.116514434435885,5.558553234010675
575.5500000000005,15.116514434435885,5.594457524967543
575.5750000000005,15.385996371409817,6.095016465570884
575.6000000000005,15.385996371409817,6.094787324035589
575.6250000000005,15.562807698363827,10.237497229514414
575.6500000000005,15.562807698363827,6.397888463311602
575.6750000000005,15.716229718935637,6.436265917634426
575.7000000000005,15.716229718935637,6.086133661424809
575.7250000000005,15.936773404357169,6.142538962167709
575.7500000000005,15.936773404357169,14.495236448500838
575.7750000000005,16.245879787374648,14.339913265660634
575.8000000000005,16.245879787374648,14.613439591499912
575.8250000000005,16.501024380797887,13.862179282049224
575.8500000000005,16.501024380797887,13.904559598039523
575.8750000000005,16.82321337680017,15.785054043507166
575.9000000000005,16.82321337680017,16.48321834699651
575.9250000000005,17.05153985253901,15.850857715198345
575.9500000000005,17.05153985253901,16.23193157911905
575.9750000000005,17.3600763027071,16.387629127292943
576.0000000000005,17.3600763027071,16.456089251007345
576.0250000000005,17.78794311665095,16.273078532644533
576.0500000000005,17.78794311665095,15.8409934868527
576.0750000000005,18.160076983936406,18.85386769267534
576.1000000000005,18.160076983936406,18.88968973251531
576.1250000000005,18.467680096842173,18.683619128159826
576.1500000000005,18.467680096842173,18.30162669832636
576.1750000000005,18.71009432391726,18.243355676152834
576.2000000000005,18.71009432391726,18.13906592433469
576.2250000000005,18.966652188130823,17.05873667407096
576.2500000000005,18.966652188130823,16.52155287422659
576.2750000000005,19.310475277056398,16.33368183254269
576.3000000000005,19.310475277056398,16.848548719595797
576.3250000000005,19.681817662341103,16.77855335105821
576.3500000000005,19.681817662341103,16.872751015756815
576.3750000000005,20.145104405521124,17.63954580569389
576.4000000000005,20.145104405521124,14.741654986205463
576.4250000000005,20.796548790376505,14.396086394892345
576.4500000000005,20.796548790376505,14.454225515186755
576.4750000000005,21.43529167251333,14.511712312988152
576.5000000000005,21.43529167251333,14.733093957647379
576.5250000000005,22.156487756419423,15.949080891655145
576.5500000000005,22.156487756419423,15.804101326350644
576.5750000000005,23.048439894196775,15.691178740396978
576.6000000000005,23.048439894196775,16.10329139735886
576.6250000000006,24.098160682312454,15.839897136682948
576.6500000000005,24.098160682312454,16.14366084055319
576.6750000000005,25.214840031724165,15.47025811854704
576.7000000000005,25.214840031724165,15.382576435714418
576.7250000000005,26.304042648962252,18.75464278276718
576.7500000000006,26.304042648962252,18.58821588169998
576.7750000000005,27.511079154238743,18.696806346640592
576.8000000000005,27.511079154238743,19.228718465412562
576.8250000000005,28.57534925780861,19.451879982795425
576.8500000000005,28.57534925780861,19.807125523109068
576.8750000000006,29.68225002445523,18.9996892075658
576.9000000000005,29.68225002445523,19.16829016393953
576.9250000000005,30.761879068447257,19.308106640816494
576.9500000000005,30.761879068447257,19.68168373655236
576.9750000000005,31.835510532593602,19.409075706071743
577.0000000000006,31.835510532593602,19.619147274654242
577.0250000000005,32.86077710678255,26.46694991366801
577.0500000000005,32.86077710678255,26.47234830874407
577.0750000000005,33.82492038596551,26.55512669093597
577.1000000000005,33.82492038596551,24.692311054664625
577.1250000000006,34.705264072513884,24.446307643658105
577.1500000000005,34.705264072513884,24.116508607114415
577.1750000000005,35.574094597075174,24.32258814049859
577.2000000000005,35.574094597075174,27.624310807115524
577.2250000000005,36.30698887423188,28.644431364132274
577.2500000000006,36.30698887423188,25.70050706775102
577.2750000000005,37.06630543383432,25.851592301932197
577.3000000000005,37.06630543383432,26.08480135602029
577.3250000000005,37.68653134456661,26.768337922135192
577.3500000000005,37.68653134456661,27.249409220228905
577.3750000000006,38.33805786728601,27.32287520545198
577.4000000000005,38.33805786728601,26.68395804673993
577.4250000000005,38.84327633816268,25.69286310707758
577.4500000000005,38.84327633816268,25.57505054879742
577.4750000000005,39.37690399007588,25.956705491345065
577.5000000000006,39.37690399007588,26.119156386001013
577.5250000000005,40.11823326302495,22.35191395995115
577.5500000000005,40.11823326302495,27.407850043550926
577.5750000000005,40.788080330633136,29.26148371729063
577.6000000000005,40.788080330633136,32.11429122666832
577.6250000000006,40.77259285054727,32.08264456569268
577.6500000000005,40.77259285054727,31.473038571256176
577.6750000000005,40.4419200378853,30.509341934542544
577.7000000000005,40.4419200378853,38.67834878601534
577.7250000000005,40.03114497615057,38.94689903921258
577.7500000000006,40.03114497615057,33.04982473032848
577.7750000000005,39.45659510873012,32.56037402950271
577.8000000000005,39.45659510873012,31.628791139470458
577.8250000000005,38.98710137184816,31.994817601455058
577.8500000000005,38.98710137184816,32.17813865472473
577.8750000000006,38.43612531639016,32.51403540341278
577.9000000000005,38.43612531639016,35.77158492556671
577.9250000000005,38.015711180317886,35.68461446444556
577.9500000000005,38.015711180317886,35.62998297933353
577.9750000000005,37.51688194454365,35.765522459739444
578.0000000000006,37.51688194454365,34.41823849894418
578.0250000000005,36.93283423667543,34.70937803168633
578.0500000000005,36.93283423667543,34.784930253083004
578.0750000000005,36.428269602594334,35.1132362747934
578.1000000000005,36.428269602594334,35.39622682886603
578.1250000000006,35.7750228673527,35.29446016468221
578.1500000000005,35.7750228673527,34.6689532172949
578.1750000000005,35.15222683585629,35.70764396554108
578.2000000000005,35.15222683585629,35.09876536266691
578.2250000000005,34.952545206668155,35.7077470052629
578.2500000000006,34.952545206668155,39.060013955027124
578.2750000000005,34.86107459143592,39.060013955027124
578.3000000000005,34.86107459143592,38.913122698951355
578.3250000000005,34.87998746802851,38.73385480910012
578.3500000000005,34.87998746802851,38.919254641605555
578.3750000000006,35.07218090567855,36.60280163559034
578.4000000000005,35.07218090567855,35.39430022029795
578.4250000000005,35.33327928940411,34.64830025175095
578.4500000000005,35.33327928940411,34.54260227305851
578.4750000000005,35.704161389210974,33.54259995695253
578.5000000000006,35.704161389210974,28.325718366858528
578.5250000000005,36.158475096217394,28.67704879183971
578.5500000000005,36.158475096217394,28.521927476872904
578.5750000000005,36.37642709508013,28.490369569664185
578.6000000000005,36.37642709508013,27.804379743251896
578.6250000000006,36.79256431999388,27.72758481398573
578.6500000000005,36.79256431999388,27.374859076228052
578.6750000000005,36.414758396200654,28.848239613832167
578.7000000000005,36.414758396200654,29.017290107220887
578.7250000000005,35.586060559778446,31.136779506584404
578.7500000000006,35.586060559778446,30.685744309889365
578.7750000000005,34.848990321361,35.10303147453714
578.8000000000005,34.848990321361,31.041452950191818
578.8250000000005,34.21283182825134,30.09932757012611
578.8500000000005,34.21283182825134,30.28668159162282
578.8750000000006,33.391716216780566,30.262959949439324
578.9000000000005,33.391716216780566,29.69532395316542
578.9250000000005,32.39486966253549,29.740627382046018
578.9500000000005,32.39486966253549,30.45038650395168
578.9750000000005,31.615261797097283,30.35143138277964
579.0000000000006,31.615261797097283,30.77216930872834
579.0250000000005,30.890408224602066,28.399043479449187
579.0500000000005,30.890408224602066,28.283854457755066
579.0750000000005,30.12164800846447,28.278900734554735
579.1000000000005,30.12164800846447,28.081561990445053
579.1250000000006,29.47106259502811,28.03202903457925
579.1500000000005,29.47106259502811,28.004159452865906
579.1750000000005,28.89889255660118,28.10500518783895
579.2000000000005,28.89889255660118,28.097897620517156
579.2250000000005,28.38195771052708,27.94117443647786
579.2500000000006,28.38195771052708,28.24959245544751
579.2750000000005,27.68948965372577,27.06928673726437
579.3000000000005,27.68948965372577,27.144136924418493
579.3250000000005,27.09520213985452,26.899167472245658
579.3500000000005,27.09520213985452,27.287464315149855
579.3750000000006,26.55961127367344,26.904660879983442
579.4000000000005,26.55961127367344,28.042577889364182
579.4250000000005,26.26207401840823,28.118817377833967
579.4500000000005,26.26207401840823,26.555732252113952
579.4750000000005,26.060612897055456,26.58425986175845
579.5000000000006,26.060612897055456,29.1711560990406
579.5250000000005,25.938363044848785,28.962226751386783
579.5500000000005,25.938363044848785,29.161220652774805
579.5750000000005,25.852513325505765,28.816528625457444
579.6000000000005,25.852513325505765,28.795050006049774
579.6250000000006,25.711372058079156,30.932014780035697
579.6500000000005,25.711372058079156,30.837280454614096
579.6750000000005,25.51032240277757,31.23375395384544
579.7000000000005,25.51032240277757,30.978883758972486
579.7250000000005,25.348306513979978,31.416892386184035
579.7500000000006,25.348306513979978,31.34526954458628
579.7750000000005,25.189213230982546,32.12218980537818
579.8000000000005,25.189213230982546,32.188157991966584
579.8250000000005,24.99592035980565,31.63630959938944
579.8500000000005,24.99592035980565,26.227983905882976
579.8750000000006,24.803799727572933,26.651031963487966
579.9000000000005,24.803799727572933,25.597877504054637
579.9250000000005,24.613803869243757,22.644432582676142
579.9500000000005,24.613803869243757,25.971800989715987
579.9750000000005,24.145895558301355,25.348729714106657
580.0000000000006,24.145895558301355,25.450659950773197
580.0250000000005,23.58327003360828,25.831513040767856
580.0500000000005,23.58327003360828,25.65740230168469
580.0750000000005,22.85689925934372,25.55513806141882
580.1000000000005,22.85689925934372,27.430870662343445
580.1250000000006,22.059844192278785,27.43884582001307
580.1500000000005,22.059844192278785,27.711433033292092
580.1750000000005,21.38464732878522,27.858800006180235
580.2000000000005,21.38464732878522,25.89687484734221
580.2250000000005,20.786345954544725,25.67077413950978
580.2500000000006,20.786345954544725,26.23466256874469
580.2750000000005,19.968692838897308,24.7356070050661
580.3000000000005,19.968692838897308,24.223356968345698
580.3250000000005,19.10326439107969,23.70751369412737
580.3500000000005,19.10326439107969,23.25773768481081
580.3750000000006,18.170978255239326,22.616217613817113
580.4000000000005,18.170978255239326,21.83472718563651
580.4250000000005,17.382990647392294,25.133814255445216
580.4500000000005,17.382990647392294,17.807135683164393
580.4750000000005,16.622225419663355,17.544421214027015
580.5000000000006,16.622225419663355,17.705838540501855
580.5250000000005,15.837173030087191,17.214748538287736
580.5500000000005,15.837173030087191,17.0914055670681
580.5750000000005,15.133793035422594,17.21790141783474
580.6000000000005,15.133793035422594,19.440095080191583
580.6250000000006,14.466364344464788,19.686277663165228
580.6500000000005,14.466364344464788,19.54694341559459
580.6750000000005,13.921740482670478,19.626239506668675
580.7000000000005,13.921740482670478,19.583139668213008
580.7250000000005,13.592300659643566,9.726366337230095
580.7500000000006,13.592300659643566,11.448151570640794
580.7750000000005,13.184567743954092,11.449558431807985
580.8000000000005,13.184567743954092,10.864768126837454
580.8250000000005,12.68807251714413,10.549174634757073
580.8500000000005,12.68807251714413,10.001643094122592
580.8750000000006,12.122665170413908,10.273533039534833
580.9000000000005,12.122665170413908,10.301552447243386
580.9250000000005,11.698432134205998,10.002174965699764
580.9500000000005,11.698432134205998,8.822953957389284
580.9750000000005,11.215630637687106,8.280842809685161
581.0000000000006,11.215630637687106,8.127804096969989
581.0250000000005,10.71574055360168,8.435038768341629
581.0500000000005,10.71574055360168,7.734044742680169
581.0750000000005,10.373244715733268,4.472262841843841
581.1000000000005,10.373244715733268,8.115037017317471
581.1250000000006,9.910947400904904,8.960420162504567
581.1500000000005,9.910947400904904,8.745151245399255
581.1750000000005,9.353893217932177,8.897142738634116
581.2000000000005,9.353893217932177,8.538335092784884
581.2250000000005,8.861420876260636,4.017854270074302
581.2500000000006,8.861420876260636,4.065335952504965
581.2750000000005,8.265703757259056,3.9473979978360814
581.3000000000005,8.265703757259056,5.393197068111757
581.3250000000005,7.676293803798739,5.413709642214667
581.3500000000005,7.676293803798739,5.532375307276293
581.3750000000006,7.208414732107996,5.735258541705792
581.4000000000005,7.208414732107996,5.735258541705792
581.4250000000005,6.848233408907232,5.519694831124111
581.4500000000005,6.848233408907232,4.763912752303191
581.4750000000005,6.606859355591527,4.537050590060159
581.5000000000006,6.606859355591527,4.878831559074498
581.5250000000005,6.460364545436866,4.850778766452918
581.5500000000005,6.460364545436866,4.579074390396014
581.5750000000005,6.415030883967285,4.480856650720295
581.6000000000005,6.415030883967285,4.4683612261618375
581.6250000000006,6.430222938067997,4.532955128047826
581.6500000000005,6.430222938067997,5.578461401028148
581.6750000000005,6.4724252645235225,5.560166790459537
581.7000000000005,6.4724252645235225,5.273945493016531
581.7250000000005,6.538868660955346,5.607071552364963
581.7500000000006,6.538868660955346,5.635367969107161
581.7750000000005,6.597677840872906,5.64863334785435
581.8000000000005,6.597677840872906,8.444636312472708
581.8250000000005,6.604739342764189,7.873245980685674
581.8500000000005,6.604739342764189,8.015341291719892
581.8750000000006,6.648864943313421,4.633025508910091
581.9000000000005,6.648864943313421,4.570938127387691
581.9250000000005,6.672600842455669,4.583339702946474
581.9500000000005,6.672600842455669,4.595864331899235
581.9750000000005,6.72271167702686,4.611533707027408
582.0000000000006,6.72271167702686,4.569269142523512
582.0250000000005,6.75021984607786,4.569269142523512
582.0500000000005,6.75021984607786,4.463607233218077
582.0750000000005,6.796579856874546,4.463607233218077
582.1000000000005,6.796579856874546,4.463607233218077
582.1250000000006,6.847617676675724,4.463607233218077
582.1500000000005,6.847617676675724,4.44239404511663
582.1750000000005,6.880357871379244,4.456109889098653
582.2000000000005,6.880357871379244,5.104880116835902
582.2250000000005,6.885976675296171,5.126352803976648
582.2500000000006,6.885976675296171,5.126352803976648
582.2750000000005,6.7737732871176,5.110256298416084
582.3000000000005,6.7737732871176,5.110256298416084
582.3250000000005,6.681483423591928,5.057494533592892
582.3500000000005,6.681483423591928,4.4395529710702855
582.3750000000006,6.653991859679011,4.435419371055442
582.4000000000005,6.653991859679011,4.598396973663347
582.4250000000005,6.5531566860436445,4.598396973663347
582.4500000000005,6.5531566860436445,3.748729351944604
582.4750000000005,6.459037366616903,3.7351673074813982
582.5000000000006,6.459037366616903,3.7351673074813982
582.5250000000005,6.299102506359236,3.7351673074813982
582.5500000000005,6.299102506359236,3.7351673074813982
582.5750000000005,6.094464243193694,3.725403830397016
582.6000000000005,6.094464243193694,3.725403830397016
582.6250000000006,5.8304713473894845,3.725403830397016
582.6500000000005,5.8304713473894845,9.001621238505377
582.6750000000005,5.329086991983012,4.063854803077078
582.7000000000005,5.329086991983012,3.7431393877908956
582.7250000000005,4.95166573845599,3.7567014322541015
582.7500000000006,4.95166573845599,3.7567014322541015
582.7750000000005,4.708171937271318,3.772370807382274
582.8000000000005,4.708171937271318,9.556368605495253
582.8250000000005,4.563585178800176,3.777234711114845
582.8500000000005,4.563585178800176,3.7476646807902343
582.8750000000006,4.53927128072403,3.7838557638934587
582.9000000000005,4.53927128072403,3.764851756920427
582.9250000000005,4.613402320020255,3.764851756920427
582.9500000000005,4.613402320020255,3.764851756920427
582.9750000000005,4.655396617495584,3.764851756920427
583.0000000000006,4.655396617495584,3.723796770084631
583.0250000000005,4.722977185919685,3.723796770084631
583.0500000000005,4.722977185919685,3.723796770084631
583.0750000000005,4.79578098579792,3.723796770084631
583.1000000000005,4.79578098579792,3.698070574880095
583.1250000000006,4.74704932492749,3.698070574880095
583.1500000000005,4.74704932492749,3.698070574880095
583.1750000000005,4.75668338160548,3.783707111301965
583.2000000000005,4.75668338160548,3.780830463573977
583.2250000000005,4.695974539232823,3.6951939271521064
583.2500000000006,4.695974539232823,3.6951939271521064
583.2750000000005,4.641493526878036,3.682792351593323
583.3000000000005,4.641493526878036,3.7095811888411596
583.3250000000005,4.537326674863337,3.7248594121279313
583.3500000000005,4.537326674863337,3.7248594121279313
583.3750000000006,4.467636607417572,3.7112973676647254
583.4000000000005,4.467636607417572,3.728648930152025
583.4250000000005,4.3377234900558514,3.728648930152025
583.4500000000005,4.3377234900558514,3.7275862881087245
583.4750000000005,4.284285903572807,3.7275862881087245
583.5000000000006,4.284285903572807,3.7275862881087245
583.5250000000005,4.259180125829333,3.7275862881087245
583.5500000000005,4.259180125829333,6.597567111223121
583.5750000000005,4.2946737854987225,6.924476287760261
583.6000000000005,4.2946737854987225,7.40513609220313
583.6250000000006,4.144228993846644,7.127926246154133
583.6500000000005,4.144228993846644,4.383377213283108
583.6750000000005,4.148990409981017,7.551983958637664
583.7000000000005,4.148990409981017,8.18247520921653
583.7250000000005,4.080397661854872,8.109040883722102
583.7500000000006,4.080397661854872,4.24583258610332
583.7750000000005,4.111481678237792,4.770216005794123
583.8000000000005,4.111481678237792,4.2610789676535985
583.8250000000005,4.132071289110797,4.206367064142844
583.8500000000005,4.132071289110797,4.736434385807764
583.8750000000006,4.237718265636942,5.250043773136122
583.9000000000005,4.237718265636942,5.119824970427144
583.9250000000005,4.340869415775952,5.034824046258206
583.9500000000005,4.340869415775952,4.80741633890291
583.9750000000005,4.405174014997202,4.709677934569471
584.0000000000006,4.405174014997202,4.948790586490853
584.0250000000005,4.535904883302037,4.979727715032879
584.0500000000005,4.535904883302037,4.842913609119541
584.0750000000005,4.570925902770023,4.990243175301269
584.1000000000005,4.570925902770023,4.968626387656727
584.1250000000006,4.672890073021218,4.331147509133776
584.1500000000005,4.672890073021218,4.298961481584698
584.1750000000005,4.808421582586106,4.324438912793104
584.2000000000005,4.808421582586106,4.324438912793104
584.2250000000005,4.94206694934431,4.296589298329042
584.2500000000006,4.94206694934431,4.53033741890705
584.2750000000005,5.077827466004059,4.481073874633022
584.3000000000005,5.077827466004059,4.481073874633022
584.3250000000005,5.230943143614404,4.62092193481511
584.3500000000005,5.230943143614404,4.481073874633022
584.3750000000006,5.388120513363158,4.494349826549262
584.4000000000005,5.388120513363158,4.494349826549262
584.4250000000005,5.500715737753382,4.482353652073494
584.4500000000005,5.500715737753382,4.482353652073494
584.4750000000005,5.599574852346775,4.452993461305664
584.5000000000006,5.599574852346775,4.644069978322734
584.5250000000005,5.573093964721031,4.589636343272202
584.5500000000005,5.573093964721031,4.6098383763091455
584.5750000000005,5.499460199871792,4.548415350319631
584.6000000000005,5.499460199871792,4.548415350319631
584.6250000000006,5.541935340649319,5.106455534646172
584.6500000000005,5.541935340649319,5.093764255078044
584.6750000000005,5.557505801686505,5.093764255078044
584.7000000000005,5.557505801686505,5.022583613327641
584.7250000000005,5.580265066749429,4.957037729263644
584.7500000000006,5.580265066749429,4.957037729263644
584.7750000000005,5.610761917607066,4.995848289476907
584.8000000000005,5.610761917607066,4.995848289476907
584.8250000000005,5.621455126150979,5.04179407482169
584.8500000000005,5.621455126150979,4.99230293409321
584.8750000000006,5.544754907392476,4.9611713292784865
584.9000000000005,5.544754907392476,4.415822424520075
584.9250000000005,5.4904660512268375,4.840306095034276
584.9500000000005,5.4904660512268375,4.86784879658406
584.9750000000005,5.496046417492993,4.970155314874261
585.0000000000006,5.496046417492993,4.55936233744268
585.0250000000005,5.332945445071773,4.55936233744268
585.0500000000005,5.332945445071773,4.540437651325298
585.0750000000005,5.122550632104209,4.7699266376267095
585.1000000000005,5.122550632104209,4.7699266376267095
585.1250000000006,4.922337640242496,4.768793995908046
585.1500000000005,4.922337640242496,4.919131959043802
585.1750000000005,4.793400334149304,4.90921175440123
585.2000000000005,4.793400334149304,4.846948413444162
585.2250000000005,4.574681354238221,4.846948413444162
585.2500000000006,4.574681354238221,4.725350534991491
585.2750000000005,4.313331539825187,4.725350534991491
585.3000000000005,4.313331539825187,4.684955728638361
585.3250000000005,3.949432400577184,3.918719346739088
585.3500000000005,3.949432400577184,3.6615635974582177
585.3750000000006,3.6512580876618586,3.6615635974582177
585.4000000000005,3.6512580876618586,4.499547587791411
585.4250000000005,3.4172411068190174,4.5295097498268
585.4500000000005,3.4172411068190174,4.5295097498268
585.4750000000005,3.25837100859755,4.360392174734617
585.5000000000006,3.25837100859755,4.299883014310066
585.5250000000005,3.0465568966927896,4.216666230552477
585.5500000000005,3.0465568966927896,4.232932624425882
585.5750000000005,2.844857970586248,3.2635485948504357
585.6000000000005,2.844857970586248,3.4404662150711296
585.6250000000006,2.610711060792068,3.3234983493114125
585.6500000000005,2.610711060792068,3.156163532546624
585.6750000000005,2.411757137615562,3.113108301425382
585.7000000000005,2.411757137615562,3.095064166850243
585.7250000000005,2.2754000773772645,3.1328825220200964
585.7500000000006,2.2754000773772645,3.1328825220200964
585.7750000000005,2.2982162257211574,3.095064166850243
585.8000000000005,2.2982162257211574,3.1107721225932994
585.8250000000005,2.443989383904747,3.1199757383324247
585.8500000000005,2.443989383904747,3.1199757383324247
585.8750000000006,2.683337621395691,3.1199757383324247
585.9000000000005,2.683337621395691,3.0740446429442936
585.9250000000005,2.9513623992515305,3.0740446429442936
585.9500000000005,2.9513623992515305,7.773674716931158
585.9750000000005,3.1050161503775686,7.266405906794545
586.0000000000006,3.1050161503775686,7.456172546250287
586.0250000000005,3.158144867382886,7.439592402375633
586.0500000000005,3.158144867382886,7.687018890844159
586.0750000000005,3.1891440422806983,7.616144284347812
586.1000000000005,3.1891440422806983,8.129391305773414
586.1250000000006,3.318711104354838,8.217029742903744
586.1500000000005,3.318711104354838,7.795177841833169
586.1750000000005,3.3929454026891084,7.726472201220981
586.2000000000005,3.3929454026891084,7.287053392722799
586.2250000000005,3.385596422094083,3.302516577405354
586.2500000000006,3.385596422094083,3.302516577405354
586.2750000000005,3.449865226600078,4.299988856515467
586.3000000000005,3.449865226600078,4.328456610541591
586.3250000000005,3.519007999747728,4.448280839102194
586.3500000000005,3.519007999747728,4.4645472329756
586.3750000000006,3.5044754910630167,4.470056652614512
586.4000000000005,3.5044754910630167,4.553635255962167
586.4250000000005,3.6237665185398353,4.553635255962167
586.4500000000005,3.6237665185398353,4.636697014852733
586.4750000000005,3.608526876226069,3.7130202698612362
586.5000000000006,3.608526876226069,3.7130202698612362
586.5250000000005,3.656336181478427,3.7077886611366995
586.5500000000005,3.656336181478427,3.600839285670282
586.5750000000005,3.705236358923517,3.603811376257715
586.6000000000005,3.705236358923517,3.613322307236335
586.6250000000006,3.71979479586728,3.704189254961345
586.6500000000005,3.71979479586728,3.698543142297346
586.6750000000005,3.7097892621927366,3.6535364855746577
586.7000000000005,3.7097892621927366,5.52101467549963
586.7250000000005,3.7726011395015178,6.821318994999992
586.7500000000006,3.7726011395015178,6.753549203447408
586.7750000000005,3.8001633756934794,7.4061008844303595
586.8000000000005,3.8001633756934794,6.991108293777636
586.8250000000005,3.680058389416708,7.47681534375841
586.8500000000005,3.680058389416708,7.818577431518588
586.8750000000006,3.486212366784093,7.507969770683201
586.9000000000005,3.486212366784093,7.023965791071126
586.9250000000005,3.4375245032974746,6.967257131122954
586.9500000000005,3.4375245032974746,7.5747416226978075
586.9750000000005,3.3693284869892053,4.059573810352372
587.0000000000006,3.3693284869892053,4.043474500768255
587.0250000000005,3.309953106127565,4.089722614676452
587.0500000000005,3.309953106127565,4.119597947061447
587.0750000000005,3.1315449749415047,3.97537071876575
587.1000000000005,3.1315449749415047,3.9828631863040793
587.1250000000006,3.1074535290085548,4.016109558064734
587.1500000000005,3.1074535290085548,4.081744846956878
587.1750000000005,3.153024569021844,4.0149666796608106
587.2000000000005,3.153024569021844,4.0149666796608106
587.2250000000005,3.205050279207316,3.8727971107720207
587.2500000000006,3.205050279207316,3.793253888382439
587.2750000000005,3.356729577932284,3.436108963386936
587.3000000000005,3.356729577932284,3.464179914073892
587.3250000000005,3.5764908715685286,3.464179914073892
587.3500000000005,3.5764908715685286,3.464179914073892
587.3750000000006,3.744535172662281,3.7424579915586174
587.4000000000005,3.744535172662281,3.7424579915586174
587.4250000000005,3.8322786996848026,3.7905987414894877
587.4500000000005,3.8322786996848026,3.7905987414894877
587.4750000000005,3.978010991324848,3.8041607859526936
587.5000000000006,3.978010991324848,3.960593122729737
587.5250000000005,4.141210782314476,3.973873226123818
587.5500000000005,4.141210782314476,3.976531518367793
587.5750000000005,4.261271127702274,3.3641904005640106
587.6000000000005,4.261271127702274,3.3641904005640106
587.6250000000006,4.300957273426876,3.319448350369257
587.6500000000005,4.300957273426876,3.319448350369257
587.6750000000005,4.320450793095085,3.5158736027751547
587.7000000000005,4.320450793095085,3.5158736027751547
587.7250000000005,4.351172104972278,3.4985220402878543
587.7500000000006,4.351172104972278,3.4985220402878543
587.7750000000005,4.321583982899356,3.2810155821102014
587.8000000000005,4.321583982899356,3.363421753481116
587.8250000000005,4.310307309098895,3.363421753481116
587.8500000000005,4.310307309098895,3.3293133577830747
587.8750000000006,4.378087347188175,3.4925070166204786
587.9000000000005,4.378087347188175,3.4925070166204786
587.9250000000005,4.445011380767131,3.4780842920131145
587.9500000000005,4.445011380767131,4.528694351548528
587.9750000000005,4.370945222320851,4.441886090616532
588.0000000000006,4.370945222320851,4.470826959234358
588.0250000000005,4.277307615946261,4.473741446823965
588.0500000000005,4.277307615946261,4.933695289522315
588.0750000000005,4.254855430992039,5.312574643371782
588.1000000000005,4.254855430992039,4.919707924197473
588.1250000000006,4.234045435543312,4.904038549069301
588.1500000000005,4.234045435543312,4.945834236208712
588.1750000000005,4.312263257281343,5.4741846333672415
588.2000000000005,4.312263257281343,5.082346350749159
588.2250000000005,4.5020850698648855,5.074039825062419
588.2500000000006,4.5020850698648855,4.904046210863142
588.2750000000005,4.653136411270186,4.855800256746098
588.3000000000005,4.653136411270186,4.855800256746098
588.3250000000005,4.819041241264674,5.034588359353341
588.3500000000005,4.819041241264674,5.034588359353341
588.3750000000006,4.958990006941122,4.956630523487933
588.4000000000005,4.958990006941122,4.956630523487933
588.4250000000005,5.065667809606354,4.935891365670027
588.4500000000005,5.065667809606354,4.866210577524958
588.4750000000005,5.126128415741444,4.866210577524958
588.5000000000006,5.126128415741444,4.8869497353428635
588.5250000000005,5.049721099574379,4.859318242701375
588.5500000000005,5.049721099574379,4.859318242701375
588.5750000000005,4.800055987304104,4.895152746952266
588.6000000000005,4.800055987304104,4.959936434087344
588.6250000000006,4.583634594371519,4.959936434087344
588.6500000000005,4.583634594371519,4.968139445696746
588.6750000000005,4.338546005824815,4.919300813211498
588.7000000000005,4.338546005824815,4.8761025952445145
588.7250000000005,4.165031183402188,4.892552947412174
588.7500000000006,4.165031183402188,4.906889337854566
588.7750000000005,3.954903990299753,4.906889337854566
588.8000000000005,3.954903990299753,4.899751071917844
588.8250000000005,3.679271342124432,5.008625435222656
588.8500000000005,3.679271342124432,5.008625435222656
588.8750000000006,3.3471854802246117,5.062270309359319
588.9000000000005,3.3471854802246117,4.36058105962004
588.9250000000005,3.0854416744559554,4.347385623718177
588.9500000000005,3.0854416744559554,4.162520899497849
588.9750000000005,2.946058580131143,4.002681425730426
589.0000000000006,2.946058580131143,4.002681425730426
589.0250000000005,2.816522121357827,3.6793018245962115
589.0500000000005,2.816522121357827,3.6160578436273676
589.0750000000005,2.6268572046716945,3.5778952536335247
589.1000000000005,2.6268572046716945,4.039561514967123
589.1250000000006,2.647579409217621,4.160479153357556
589.1500000000005,2.647579409217621,9.800339578985254
589.1750000000005,2.5903407218801706,9.820944328471832
589.2000000000005,2.5903407218801706,9.151903444893149
589.2250000000005,2.5815833328018565,9.449167848751587
589.2500000000006,2.5815833328018565,9.709173035412627
589.2750000000005,2.5736121111681576,4.021034733107864
589.3000000000005,2.5736121111681576,3.9992343346989845
589.3250000000005,2.755808448696832,4.709787086908456
589.3500000000005,2.755808448696832,4.709787086908456
589.3750000000006,2.948966670688925,4.654171456347067
589.4000000000005,2.948966670688925,5.6110505155677615
589.4250000000005,3.1265840411876176,4.356292112673355
589.4500000000005,3.1265840411876176,4.214894362510888
589.4750000000005,3.2475962882577702,4.3121639642613685
589.5000000000006,3.2475962882577702,4.4119406839883935
589.5250000000005,3.384607601190221,4.310405354466698
589.5500000000005,3.384607601190221,4.63904341023458
589.5750000000005,3.651372339836747,4.587191935461128
589.6000000000005,3.651372339836747,4.355472751396983
589.6250000000006,3.9260858532410334,4.289033472175323
589.6500000000005,3.9260858532410334,4.38047709262691
589.6750000000005,4.114213604415761,4.109796228940538
589.7000000000005,4.114213604415761,4.106328597068588
589.7250000000005,4.204931383142283,3.952372272067718
589.7500000000006,4.204931383142283,3.8156745888215187
589.7750000000005,4.308712081631043,3.6778458581627795
589.8000000000005,4.308712081631043,3.7576099044453133
589.8250000000005,4.4328719155643945,3.7576099044453133
589.8500000000005,4.4328719155643945,3.7576099044453133
589.8750000000006,4.538657271358488,3.7576099044453133
589.9000000000005,4.538657271358488,3.7576099044453133
589.9250000000005,4.531392418316346,3.776746911445435
589.9500000000005,4.531392418316346,4.044333427393267
589.9750000000005,4.517240540120327,3.9826894319554076
590.0000000000006,4.517240540120327,3.9826894319554076
590.0250000000005,4.566412576663042,4.012554954244448
590.0500000000005,4.566412576663042,4.717867507402463
590.0750000000005,4.7044757698949935,4.729518269655948
590.1000000000005,4.7044757698949935,4.713848894527775
590.1250000000006,4.841679351198154,4.646301485898358
590.1500000000005,4.841679351198154,4.4330403865044286
590.1750000000005,4.9558879297374805,5.197986552597118
590.2000000000005,4.9558879297374805,5.134066976941007
590.2250000000005,5.125778897418424,5.093404869986475
590.2500000000006,5.125778897418424,4.9991508614925975
590.2750000000005,5.312345496370076,5.016124244351912
590.3000000000005,5.312345496370076,5.053392042182338
590.3250000000005,5.5707329611159135,5.292006498802155
590.3500000000005,5.5707329611159135,5.134097280533316
590.3750000000006,5.888838554388479,5.0354059495115555
590.4000000000005,5.888838554388479,5.4256903390803055
590.4250000000005,6.112642414454425,6.167947221481349
590.4500000000005,6.112642414454425,6.466314721449318
590.4750000000005,6.3171482161612005,10.09550755364101
590.5000000000006,6.3171482161612005,9.950904059226598
590.5250000000005,6.483183554753856,10.107580507774356
590.5500000000005,6.483183554753856,10.302890719673556
590.5750000000005,6.652153770242704,10.615454792912317
590.6000000000005,6.652153770242704,10.305000416997784
590.6250000000006,6.786149052174967,10.746874079126005
590.6500000000005,6.786149052174967,10.704201962302461
590.6750000000005,6.8808006700100135,10.45226123375663
590.7000000000005,6.8808006700100135,10.28350088657229
590.7250000000005,6.981854318657228,11.424111433993689
590.7500000000006,6.981854318657228,11.50593730094207
590.7750000000005,7.016824947283388,10.866684654988887
590.8000000000005,7.016824947283388,10.74285730087896
590.8250000000005,7.011248278090619,10.331835398565373
590.8500000000005,7.011248278090619,10.534436187216173
590.8750000000006,7.08231663774687,10.472167145764542
590.9000000000005,7.08231663774687,7.202549505999992
590.9250000000005,7.182043835949292,6.5477714286501865
590.9500000000005,7.182043835949292,6.302312853605644
590.9750000000005,7.272597495242919,6.1510086781656605
591.0000000000006,7.272597495242919,6.311538853510996
591.0250000000005,7.356266631837917,6.397454551901094
591.0500000000005,7.356266631837917,6.4300441161467425
591.0750000000005,7.452005136217567,6.4300441161467425
591.1000000000005,7.452005136217567,6.248267915620431
591.1250000000006,7.559443670651398,6.179251197863997
591.1500000000005,7.559443670651398,6.011108328097338
591.1750000000005,7.682153083506854,6.471116564566879
591.2000000000005,7.682153083506854,6.432654203702546
591.2250000000005,7.761107381944197,6.20424403981711
591.2500000000006,7.761107381944197,6.333156206889328
591.2750000000005,7.809901924550027,6.003519619305033
591.3000000000005,7.809901924550027,5.945479238228139
591.3250000000005,7.837172649752902,6.253435718944294
591.3500000000005,7.837172649752902,6.036086350782174
591.3750000000006,7.862183149434452,6.21219017527648
591.4000000000005,7.862183149434452,6.278384729045358
591.4250000000005,7.873659459524195,6.091766065417288
591.4500000000005,7.873659459524195,5.788485959588675
591.4750000000005,7.911856889170687,5.54512748147418
591.5000000000006,7.911856889170687,5.575007027307632
591.5250000000005,7.958226930103712,5.534652882731104
591.5500000000005,7.958226930103712,5.152009775358339
591.5750000000005,8.019647941740185,6.874914751862274
591.6000000000005,8.019647941740185,7.25166131472325
591.6250000000006,8.141048210526996,7.100296626243715
591.6500000000005,8.141048210526996,7.964823866748987
591.6750000000005,8.312141112336255,8.933354795293658
591.7000000000005,8.312141112336255,5.95724610376284
591.7250000000005,8.581526371375716,5.760350920090731
591.7500000000006,8.581526371375716,5.743745039369672
591.7750000000005,8.964925263377076,6.1253298333193165
591.8000000000005,8.964925263377076,6.165083461259208
591.8250000000005,9.330253742501442,6.722885804722025
591.8500000000005,9.330253742501442,6.7596463664109505
591.8750000000006,9.699112631069868,6.792847824042193
591.9000000000005,9.699112631069868,6.8499416526779
591.9250000000005,9.93858280310856,6.931156550264064
591.9500000000005,9.93858280310856,7.549182386195017
591.9750000000005,10.160216637517571,7.761498398977952
592.0000000000006,10.160216637517571,7.942229557658756
592.0250000000005,10.36757684599435,7.9064629730271045
592.0500000000005,10.36757684599435,7.541548853482157
592.0750000000005,10.62104071339234,6.789181597592606
592.1000000000005,10.62104071339234,13.958462261277067
592.1250000000006,10.778107070276366,14.028595548240569
592.1500000000005,10.778107070276366,14.026567291904282
592.1750000000005,10.845991325711015,14.076560389688225
592.2000000000005,10.845991325711015,14.096192657199547
592.2250000000005,10.858188282781606,14.092178351207702
592.2500000000006,10.858188282781606,14.819967259360913
592.2750000000005,10.883486304437668,14.51170426653391
592.3000000000005,10.883486304437668,14.333064396090101
592.3250000000005,10.949326907294688,14.486100150450989
592.3500000000005,10.949326907294688,15.047515905048757
592.3750000000006,11.066658165127505,15.008826277610636
592.4000000000005,11.066658165127505,14.569185786662986
592.4250000000005,11.299197548023184,17.4129081707199
592.4500000000005,11.299197548023184,17.244082321730165
592.4750000000005,11.625537931386209,17.8602265367297
592.5000000000006,11.625537931386209,18.17032966362072
592.5250000000005,11.890059445756089,11.726872915805341
592.5500000000005,11.890059445756089,11.822875394946792
592.5750000000005,12.206459075644586,11.59150414733552
592.6000000000005,12.206459075644586,11.586061293754765
592.6250000000006,12.533121497429695,11.350254399585376
592.6500000000005,12.533121497429695,11.327498384386052
592.6750000000005,12.744148821276536,11.232037471495657
592.7000000000005,12.744148821276536,11.38618200071981
592.7250000000005,13.015813692709438,11.137956115184881
592.7500000000006,13.015813692709438,10.513835887232394
592.7750000000005,13.31274443221045,10.580573081885552
592.8000000000005,13.31274443221045,10.744586177576185
592.8250000000005,13.790185044251416,10.67000078328863
592.8500000000005,13.790185044251416,10.727573524337675
592.8750000000006,14.499676127784008,10.99273188617737
592.9000000000005,14.499676127784008,10.861903503121162
592.9250000000005,15.108219367150555,11.189507867662222
592.9500000000005,15.108219367150555,11.48106967956636
592.9750000000005,15.625837568322408,18.152064624665286
593.0000000000006,15.625837568322408,15.218263485835351
593.0250000000005,16.01279336501959,15.694815712767584
593.0500000000005,16.01279336501959,15.376120062270536
593.0750000000005,16.665289239573884,15.401915762593644
593.1000000000005,16.665289239573884,18.263730833292104
593.1250000000006,17.251241796009538,18.31505119087546
593.1500000000005,17.251241796009538,14.664617960615754
593.1750000000005,17.686325899575188,15.423640670115494
593.2000000000005,17.686325899575188,15.597036401527667
593.2250000000005,18.031509642130544,15.777620163608665
593.2500000000006,18.031509642130544,14.911695874943934
593.2750000000005,18.42551705284852,15.048928843318933
593.3000000000005,18.42551705284852,14.934116035140034
593.3250000000005,18.8245883649205,15.030937462336597
593.3500000000005,18.8245883649205,15.432095377070256
593.3750000000006,19.19120109889486,15.534545927220833
593.4000000000005,19.19120109889486,15.599079808512736
593.4250000000005,19.667518181000982,15.576365271959993
593.4500000000005,19.667518181000982,10.51312536984698
593.4750000000005,20.205895738805676,15.563970875143633
593.5000000000006,20.205895738805676,17.813990507400213
593.5250000000005,20.588587475122317,18.309087906592175
593.5500000000005,20.588587475122317,19.254825891493553
593.5750000000005,20.821172476405764,19.08896730517809
593.6000000000005,20.821172476405764,18.486846653155112
593.6250000000006,21.11564164565915,18.43365170551738
593.6500000000005,21.11564164565915,18.743211004528774
593.6750000000005,21.337162515334786,18.572292053937034
593.7000000000005,21.337162515334786,19.051381251297965
593.7250000000005,21.5227937751434,19.01059338703922
593.7500000000006,21.5227937751434,19.158547500475642
593.7750000000005,21.760085027660043,19.07766602111032
593.8000000000005,21.760085027660043,19.010933087095104
593.8250000000005,21.95126198921417,19.17763514778757
593.8500000000005,21.95126198921417,19.447922329456375
593.8750000000006,22.066967548840665,19.49585172226603
593.9000000000005,22.066967548840665,19.434729966769858
593.9250000000005,22.123744792289543,19.496837667601902
593.9500000000005,22.123744792289543,19.397457540106878
593.9750000000005,22.19420563321005,18.84326236075425
594.0000000000006,22.19420563321005,18.947313951752136
594.0250000000005,22.314883270494168,19.74819665171613
594.0500000000005,22.314883270494168,19.55511102806962
594.0750000000005,22.427190008793424,19.332043584484083
594.1000000000005,22.427190008793424,19.340935286652865
594.1250000000006,22.61069644095611,19.34869295849017
594.1500000000005,22.61069644095611,20.285666713793816
594.1750000000005,22.75885276354588,19.912844352100482
594.2000000000005,22.75885276354588,19.98207547841467
594.2250000000005,22.900802855307308,19.857528341449587
594.2500000000006,22.900802855307308,19.664481403002526
594.2750000000005,23.1033440235666,19.371473498272877
594.3000000000005,23.1033440235666,19.3614158847594
594.3250000000005,23.31073626485222,19.173137125278203
594.3500000000005,23.31073626485222,18.572081607180575
594.3750000000006,23.483358342571144,18.85139485186549
594.4000000000005,23.483358342571144,18.437315167834228
594.4250000000005,23.62025440431333,18.416439162006437
594.4500000000005,23.62025440431333,18.343766947452
594.4750000000005,23.80967850165046,18.534419797882812
594.5000000000006,23.80967850165046,17.83598828337651
594.5250000000005,24.00950702652255,17.61712677802922
594.5500000000005,24.00950702652255,17.997791170546773
594.5750000000005,24.209823955458944,18.84191602760269
594.6000000000005,24.209823955458944,19.646599216457727
594.6250000000006,24.531006643129,20.90025899698294
594.6500000000005,24.531006643129,21.02427165835798
594.6750000000005,24.892599455345326,21.132443338113582
594.7000000000005,24.892599455345326,21.16279013442733
594.7250000000005,25.33855824829496,20.839216035742517
594.7500000000006,25.33855824829496,18.894857883502176
594.7750000000005,25.62748046865945,18.93415907040478
594.8000000000005,25.62748046865945,17.193650690262054
594.8250000000005,26.091649297623714,17.705300575003733
594.8500000000005,26.091649297623714,17.562361871858414
594.8750000000006,26.448697115174863,25.745382043516706
594.9000000000005,26.448697115174863,25.718063665694935
594.9250000000005,26.634708159357668,25.711744728670737
594.9500000000005,26.634708159357668,26.220554679795914
594.9750000000005,26.728245619402774,26.104220114719066
595.0000000000006,26.728245619402774,28.851139673166177
595.0250000000005,26.79543541560907,29.04238260568698
595.0500000000005,26.79543541560907,29.076182556535933
595.0750000000005,26.85013177340568,28.998520006654807
595.1000000000005,26.85013177340568,28.827451237470076
595.1250000000006,26.901576592450084,29.034726369087135
595.1500000000005,26.901576592450084,29.460085297275736
595.1750000000005,26.96240769842108,29.60506642445118
595.2000000000005,26.96240769842108,28.30844722989415
595.2250000000005,27.056643653981748,27.861580644433896
595.2500000000006,27.056643653981748,27.879549649807768
595.2750000000005,27.20172085961153,27.530453245802793
595.3000000000005,27.20172085961153,26.243071842470844
595.3250000000005,27.43286400095383,26.098601536262603
595.3500000000005,27.43286400095383,26.575589674750827
595.3750000000006,27.667098387882465,27.249218126375048
595.4000000000005,27.667098387882465,27.386190377778465
595.4250000000005,27.94106767730524,27.241780117979168
595.4500000000005,27.94106767730524,26.82649660749678
595.4750000000005,28.274320806002457,26.87160365730308
595.5000000000006,28.274320806002457,26.18376272892616
595.5250000000005,28.58070250144528,25.784909892631486
595.5500000000005,28.58070250144528,25.764629960919645
595.5750000000005,28.77618696105057,25.720061762958657
595.6000000000005,28.77618696105057,25.582786423078357
595.6250000000006,29.059180846275712,25.750349896729805
595.6500000000005,29.059180846275712,25.39915026738242
595.6750000000005,29.38802083702573,25.506298625745732
595.7000000000005,29.38802083702573,26.09779073877036
595.7250000000005,29.637787412067617,27.37345977575875
595.7500000000006,29.637787412067617,27.15652898119386
595.7750000000005,29.749308075184626,28.424508613927287
595.8000000000005,29.749308075184626,28.53101713088248
595.8250000000005,29.870141532693907,21.219308256495733
595.8500000000005,29.870141532693907,21.649397581706985
595.8750000000006,30.04131797949958,20.01150676771657
595.9000000000005,30.04131797949958,19.450712781301657
595.9250000000005,30.298845082698296,19.443775118227308
595.9500000000005,30.298845082698296,24.31020440439097
595.9750000000005,30.646024568918385,27.020881496564783
596.0000000000006,30.646024568918385,23.79403770086349
596.0250000000005,31.164816533791356,24.0666815598119
596.0500000000005,31.164816533791356,23.896092191666465
596.0750000000005,31.649792416131984,31.973523967288806
596.1000000000005,31.649792416131984,25.094512026140123
596.1250000000006,31.96253374410719,32.1532992157695
596.1500000000005,31.96253374410719,31.546247065632215
596.1750000000005,32.218157091990456,23.53339981725742
596.2000000000005,32.218157091990456,23.936041800592236
596.2250000000005,32.39449185928164,23.406896371008074
596.2500000000006,32.39449185928164,23.79519137814566
596.2750000000005,32.50114048675621,31.56545316977437
596.3000000000005,32.50114048675621,31.108402539525038
596.3250000000005,32.58625572601036,35.4303829853342
596.3500000000005,32.58625572601036,36.052661270387425
596.3750000000006,32.696586494576515,36.01218811073826
596.4000000000005,32.696586494576515,35.97951350579899
596.4250000000005,32.77449841564339,35.78348023683892
596.4500000000005,32.77449841564339,36.272173192476856
596.4750000000005,32.87860647964475,36.41805503378638
596.5000000000006,32.87860647964475,33.028753688672076
596.5250000000005,32.922015998060466,37.26781236967269
596.5500000000005,32.922015998060466,32.9394412818247
596.5750000000005,32.93967022983742,29.409919560867902
596.6000000000005,32.93967022983742,29.47448748352427
596.6250000000006,32.87831718708137,35.1973316117807
596.6500000000005,32.87831718708137,35.19501419839398
596.6750000000005,32.72993193453613,35.192866666514
596.7000000000005,32.72993193453613,37.55473738479401
596.7250000000005,32.63331245181786,37.23043353763446
596.7500000000006,32.63331245181786,36.95917748471924
596.7750000000005,32.59366966594462,28.09849452621479
596.8000000000005,32.59366966594462,28.072877635720683
596.8250000000005,32.569295976245805,26.42468116357354
596.8500000000005,32.569295976245805,26.524774274553174
596.8750000000006,32.52781989587944,26.613373892695463
596.9000000000005,32.52781989587944,26.97526742148304
596.9250000000005,32.54385887713842,27.524285816519818
596.9500000000005,32.54385887713842,27.46638568251696
596.9750000000005,32.38008279627622,27.39752851344872
597.0000000000006,32.38008279627622,27.383367984099227
597.0250000000005,32.41897785693757,27.754539482645274
597.0500000000005,32.41897785693757,27.830286636996174
597.0750000000005,32.50847643830608,27.776866948376714
597.1000000000005,32.50847643830608,28.153599429468454
597.1250000000006,32.61329462314185,27.918432391998245
597.1500000000005,32.61329462314185,28.279578025770366
597.1750000000005,32.69690682642473,28.15630932334507
597.2000000000005,32.69690682642473,30.658596784880093
597.2250000000005,32.75344296713687,32.45102806148886
597.2500000000006,32.75344296713687,32.44975369017308
597.2750000000005,32.706340485947216,31.613647993532314
597.3000000000005,32.706340485947216,32.19979425070363
597.3250000000005,32.70952655741334,32.05462334714789
597.3500000000005,32.70952655741334,31.987590106283452
597.3750000000006,32.78448558896027,24.02761933883551
597.4000000000005,32.78448558896027,25.1438570882037
597.4250000000005,32.85954612915947,24.930364489444706
597.4500000000005,32.85954612915947,24.464225239456866
597.4750000000005,33.00054246821944,24.518832473271864
597.5000000000006,33.00054246821944,24.278741409825287
597.5250000000005,33.11346767777619,24.578709348303555
597.5500000000005,33.11346767777619,24.577941044704648
597.5750000000005,33.25115623537844,24.782894612849585
597.6000000000005,33.25115623537844,24.833181358662664
597.6250000000006,33.41473976764245,25.05345867780953
597.6500000000005,33.41473976764245,31.56815620973797
597.6750000000005,33.56518777636005,31.796498309462358
597.7000000000005,33.56518777636005,25.565872828087663
597.7250000000005,33.06073499628474,26.490733008752745
597.7500000000006,33.06073499628474,26.716219560358567
597.7750000000005,32.42359831830062,26.845630590310115
597.8000000000005,32.42359831830062,26.80439291302512
597.8250000000005,31.993138426381705,26.797641686216224
597.8500000000005,31.993138426381705,26.566039615376436
597.8750000000006,31.373282704750167,27.089753078480094
597.9000000000005,31.373282704750167,26.879361811556322
597.9250000000005,30.740903436168225,27.15451624175948
597.9500000000005,30.740903436168225,26.71070725297864
597.9750000000005,30.13875892935428,26.2706470919349
598.0000000000006,30.13875892935428,26.09367446788921
598.0250000000005,29.67533887369521,26.11103105485298
598.0500000000005,29.67533887369521,26.047970886397994
598.0750000000005,29.117344533852375,27.75141827554143
598.1000000000005,29.117344533852375,27.67269041575735
598.1250000000006,28.688054804126395,27.762792789071103
598.1500000000005,28.688054804126395,18.194693404942146
598.1750000000005,28.31346936669661,18.1625303782799
598.2000000000005,28.31346936669661,18.017457235040723
598.2250000000005,27.851793074217824,17.901475427085618
598.2500000000006,27.851793074217824,18.003262886781364
598.2750000000005,27.38411893653489,18.207890649470507
598.3000000000005,27.38411893653489,18.61706046651062
598.3250000000005,26.873074496684552,19.462282417119283
598.3500000000005,26.873074496684552,19.31568816920188
598.3750000000006,26.233640454264545,19.081490905909295
598.4000000000005,26.233640454264545,19.259650999776596
598.4250000000005,25.733234425037537,19.173539789121087
598.4500000000005,25.733234425037537,19.59186937507798
598.4750000000005,25.260040761391437,20.124620056111336
598.5000000000006,25.260040761391437,19.917639144371766
598.5250000000005,24.77541396134923,19.785505568167913
598.5500000000005,24.77541396134923,25.66511175742674
598.5750000000005,24.10606466657437,22.713290701387137
598.6000000000005,24.10606466657437,21.623096209235555
598.6250000000006,23.436610577981583,21.787566670154398
598.6500000000005,23.436610577981583,21.84098683554319
598.6750000000005,22.77883948518773,22.09497588324916
598.7000000000005,22.77883948518773,23.567861750556247
598.7250000000005,22.08006883856099,31.945156976529464
598.7500000000006,22.08006883856099,23.51027598334255
598.7750000000005,21.217367147515603,23.742122439593
598.8000000000005,21.217367147515603,23.1417306357698
598.8250000000005,20.294230232309815,21.402555057676
598.8500000000005,20.294230232309815,21.036213382407688
598.8750000000006,19.49797661807328,20.92790759061836
598.9000000000005,19.49797661807328,21.021284501230877
598.9250000000005,18.904160462709584,20.725318536284586
598.9500000000005,18.904160462709584,21.31871248564398
598.9750000000005,18.421306649399185,20.68157027641629
599.0000000000006,18.421306649399185,20.101280807089687
599.0250000000005,18.067194211117325,20.359981678193513
599.0500000000005,18.067194211117325,20.621511438626744
599.0750000000005,17.769912385402293,20.16660022083879
599.1000000000005,17.769912385402293,19.320359850207154
599.1250000000006,17.587101599422496,15.555731129053958
599.1500000000005,17.587101599422496,15.140646668286438
599.1750000000005,17.10077294301513,15.1146134800183
599.2000000000005,17.10077294301513,15.352940673911919
599.2250000000005,16.616548052009634,15.437731711888494
599.2500000000006,16.616548052009634,16.7388037719052
599.2750000000005,16.01109631246902,15.57384586445238
599.3000000000005,16.01109631246902,15.341526338876786
599.3250000000005,15.409559297572045,16.10009930893366
599.3500000000005,15.409559297572045,15.80564046689824
599.3750000000006,14.775729460781704,15.469732360655362
599.4000000000005,14.775729460781704,15.377238871463192
599.4250000000005,14.274301739283217,14.995889709675893
599.4500000000005,14.274301739283217,5.1248798725935
599.4750000000005,13.653062653049247,14.748940773254494
599.5000000000006,13.653062653049247,5.231064073085118
599.5250000000005,13.084106166919767,5.28251078495613
599.5500000000005,13.084106166919767,5.633646052193928
599.5750000000005,12.484346459758072,15.23093439832864
599.6000000000005,12.484346459758072,14.623488432266607
599.6250000000006,11.95496553086464,6.811284701446229
599.6500000000005,11.95496553086464,14.930214165056011
599.6750000000005,11.397007224748918,15.190094137640632
599.7000000000005,11.397007224748918,15.171990585434953
599.7250000000005,10.77828398718357,15.33697751952646
599.7500000000006,10.77828398718357,20.91517427047127
599.7750000000005,10.353485612378194,20.922365700677986
599.8000000000005,10.353485612378194,20.6366309404964
599.8250000000005,9.863767006108276,20.781524413745892
599.8500000000005,9.863767006108276,16.07420330878518
599.8750000000006,9.35951347918882,16.548470416391325
599.9000000000005,9.35951347918882,16.380547424481357
599.9250000000005,8.785516314625625,15.710486473258047
599.9500000000005,8.785516314625625,15.803158868785758
599.9750000000005,8.785516314625625,16.33390280311629
600.0000000000006,8.785516314625625,17.034859261717923
