time,true,pred
420.0,-99.8817121678614,-7.196349587585525
420.05,29.809273804522583,-0.23089431958607315
420.1,3.269786421937016,3.363771384355979
420.15,1.6279207403536828,-1.3185689208823166
420.2000000000001,-65.36533180231307,-3.525104050749091
420.25,31.794219279351694,1.1245652133928803
420.3,-39.428507768804536,3.6329966300161978
420.35,-23.561220909947156,4.614764721727361
420.4,16.700532539932098,6.565018864853287
420.4500000000001,60.12373228348547,5.529831399813747
420.5,46.307000147454545,-0.17377377690776996
420.55,-21.863249353366893,-3.5997188129017843
420.6,-33.32934574150639,-5.40413774894498
420.65,2.34120241911121,-2.574610621366579
420.7000000000001,30.28446074804128,4.718751461293923
420.75,-83.10782322841463,3.216901935406553
420.8,24.71018681263686,2.812775241032822
420.85,-6.790017734549389,1.5483763644959396
420.9,-55.54173752644977,0.5649912883831115
420.9500000000001,-12.372049969601342,3.8954124187422177
421.0,14.275447853948453,7.836061625823295
421.05,-2.4356847442108767,10.139593068689763
421.1,12.647048385215617,8.775201697084926
421.15,-4.377386334075705,8.778620139942493
421.2000000000001,13.44834128744365,9.553637488790589
421.25,67.68898152504379,6.619023406284851
421.3,30.126459216569444,4.506612562777201
421.35,-51.46287584936245,2.4392950412696184
421.4,85.51606612411949,1.0156130175830993
421.4500000000001,-50.71642954695351,-1.4621960692563951
421.5,-18.74374140024305,-2.3912005539249677
421.55,52.17385550740444,0.8078146732270187
421.6,65.01599243060411,-0.5512850866846452
421.65,30.39137648690069,-4.280579302859037
421.7000000000001,52.73341349272082,-7.822091844609983
421.75,20.723419646943515,-17.295415440452793
421.8,-27.231295739025956,-15.789944713696048
421.85,-65.7853195210798,-7.020749466925562
421.9,-57.52609816057325,-4.518232970751066
421.9500000000001,-30.02453722756749,3.6368680664580286
422.0,-27.19375391045167,2.6314846387768482
422.05,-8.577920375449398,-0.7083386877237957
422.1,16.2587504537408,1.2404497165742336
422.15,-4.083185494605407,1.5328037291302676
422.2000000000001,9.56716899853136,-0.5606938464343292
422.25,-2.018147534649275,0.6478057062266539
422.3,61.21759978648847,2.8279882999194865
422.35,36.75402831627074,2.2809574746598775
422.4,5.324332794792756,2.869576963923131
422.4500000000001,-82.36756480685249,0.017962767767007164
422.5,-3.2536006181595813,3.2571985393650067
422.55,22.415257340275456,5.209714858402215
422.6,-12.916718937900965,0.25738902310680767
422.65,-74.45392447656788,1.1659315505841512
422.7000000000001,97.59042570036311,3.5231272952873436
422.75,33.822474639960454,1.6302812421666748
422.8,-22.528112246697518,0.7939364853649751
422.85,-59.34578879294702,1.9635633662173588
422.9,20.150710456425532,2.672967161795786
422.9500000000001,-3.0100752214027113,5.167817172591878
423.0,90.69201556568359,5.422020349797952
423.05,-35.67665206770867,-0.2904708933541464
423.1,-97.48996941084876,-3.517418344650407
423.15,-15.204078515665394,-0.8523057600762811
423.2000000000001,-26.835804488431478,3.4825558579610423
423.25,-16.415168609537023,5.750832303162773
423.3,-14.21745964034928,5.492882710724381
423.35,-26.768074217317817,6.167235475423623
423.4,-4.106606881924297,8.495060866387128
423.4500000000001,-2.1637307239787136,10.218465540693195
423.5,22.469134946460603,9.674056328960763
423.55,-12.989892603452539,9.8088668566539
423.6,-1.6411064754032267,8.54747805555642
423.65,-6.333588366733306,9.058879522167313
423.7000000000001,31.749393699858185,9.648079507080249
423.75,10.127905863693977,8.975980572548819
423.8,-20.46057437434013,8.726494576822393
423.85,-4.714456984321134,7.296469644156197
423.9,16.251590912998655,7.204984014422165
423.9500000000001,30.876920685868836,7.30294491196593
424.0,-33.24179564876114,4.347322295500899
424.05,16.727963742604143,2.511520274660574
424.1,59.40666719164049,1.8593996830082742
424.15,46.449764488156,1.0187090599658377
424.2000000000001,-10.815090649852749,-1.0383999844992964
424.25,-32.53198358821858,1.121434437889707
424.3,-15.622774994672337,6.0959436952686605
424.35,74.61447926574745,5.811548605628289
424.4,39.39570421629357,0.9580128570817146
424.4500000000001,-59.17843005547762,-4.240303914792386
424.5,35.168319081222656,-1.0054391690076114
424.55,-11.632599858450467,1.014955214566459
424.6,28.91999422481962,-4.3924357397415905
424.65,64.41902439109867,-4.328079596305765
424.7000000000001,-73.54944801622423,-3.785783723737923
424.75,-3.847327293358184,-3.0486788375715466
424.8,50.390128625540264,-0.00863042670192924
424.85,46.5381818433448,-4.393593408132509
424.9,-26.375003526855146,-11.234104192266205
424.9500000000001,-48.35257871944904,-10.304871867508158
425.0,8.160755153291925,-4.91951480623341
425.05,-46.2436796678605,1.7630753503384193
425.1,-36.14828371467548,3.1583365674221895
425.15,67.8979901975156,1.3687117663889503
425.2000000000001,14.865352131414813,0.6012175782591067
425.25,-13.145865954294152,0.057212319108264624
425.3,-68.94966749130658,-3.1292050593242533
425.35,30.53716350148671,-4.865011812031959
425.4,60.20222627045208,-2.075351239557804
425.4500000000001,-38.50084388898852,-5.579456144544883
425.5,-25.14711226043998,-7.121966225481081
425.55,14.081526768083808,-4.35576725462631
425.6,-22.860939331366897,2.3940147160661773
425.65,-3.4463421352340697,3.464085366943773
425.7000000000001,-11.046757716806479,1.5118313826117602
425.75,-0.6428320767681949,2.263374757370772
425.8,20.586967215439643,2.5865723777803287
425.85,-29.018295347469564,0.9319316967972573
425.9,43.94924866531206,-1.3426110438922316
425.9500000000001,52.96904997477881,1.496735785630073
426.0,-40.24767783664228,0.7831272983268561
426.05,32.38853556210869,-0.36815958221900497
426.1,51.45012424290566,-4.692870550171104
426.15,13.843779187594066,-8.731492184557357
426.2000000000001,-22.68399909250512,-11.562133458347876
426.25,-3.9574349844699324,-10.30324627230794
426.3,57.65453112550549,-5.965415742397261
426.35,-92.49510835356031,-13.391521933496241
426.4,24.177703502135262,-17.164568174748705
426.4500000000001,-18.222476659003885,-13.151360612050814
426.5,19.108320407346916,-5.972460194509393
426.55,-47.80433175992595,-0.008237221180946393
426.6,2.1459888327947945,-1.8496887311117303
426.65,4.645364282605972,-7.219184828838452
426.7000000000001,3.832052210741538,-5.890870368575128
426.75,-40.14857362488167,-2.945681278726963
426.8,-50.711351792550815,-6.128862837118263
426.85,17.178547819455407,-5.040915527456478
426.9,-8.851420197056136,-4.922491581241496
426.9500000000001,78.6265414768833,-3.6558082150831166
427.0,28.755094204626,0.7040964197581009
427.05,-0.7427081639695831,-1.1446724660712797
427.1,-62.06803347350561,-8.31813036770367
427.15,27.425724162584157,-8.450553347972184
427.2000000000001,131.44091971184844,-1.5038150115962976
427.25,8.030803416541536,-6.352369204098729
427.3,35.51474618286515,-10.630614740221931
427.35,-92.52703364927342,-9.457638467317386
427.4,32.761052167950616,-8.613141169252483
427.4500000000001,11.051698628416984,-9.623957668967192
427.5,-38.412329542766294,-10.535546496688227
427.55,-18.125087212036917,-6.306517465281718
427.6,-4.302668014562005,-3.591799907882576
427.65,-29.144778046740004,-6.704394210038154
427.7000000000001,22.632294662182478,-5.786619101855458
427.75,-4.316969124763924,-9.038950684201893
427.8,-61.03073315978685,-13.41400378703441
427.85,41.708051254058205,-5.402318821073144
427.9,57.884841629266674,-5.267254713013036
427.9500000000001,-20.157467237210543,-10.438666406386723
428.0,23.118262116350564,-17.026305983321027
428.05,-5.315005825385483,-15.652382009026372
428.1,100.66499989427902,-4.0471349353154675
428.15,2.3493153298209584,-12.218277954208318
428.2000000000001,-12.79741071401322,-16.788609418491294
428.25,-75.88581993419606,-9.812173725402708
428.3,9.061226002039504,-13.802008570950623
428.35,-38.05732383501373,-16.762283623784224
428.4,-69.24903352208743,-15.748624277672954
428.4500000000001,1.7735696139778108,-12.17021880708458
428.5,-21.875767562291344,-6.120572175232663
428.55,6.602450010996739,-1.1690306182889798
428.6,40.50927248016577,-0.2536360675851219
428.65,45.38464240189469,-7.094978876299795
428.7000000000001,26.503573140505598,-14.180251717875427
428.75,-110.04161828206439,-14.214005785522081
428.8,-13.822968843493,-7.618826985028418
428.85,-80.26585848293712,-2.3110869516267285
428.9,-16.949588235360903,1.135322118898646
428.9500000000001,-54.281805566671046,4.82175428698215
429.0,11.933813586356404,4.765803547475862
429.05,-45.51832305128163,3.9494698515848112
429.1,-12.571456236477163,5.74999130889325
429.15,22.374375805179085,9.0356259630892
429.2000000000001,-3.8802581928535878,8.822313046216287
429.25,43.634525754171726,7.760687815539916
429.3,-15.735365085483732,6.077897529883913
429.35,-6.600414596563908,7.059807793620863
429.4,6.228253035591472,8.374363436769537
429.4500000000001,-16.285140520107344,8.186318524384236
429.5,63.2713330106438,8.551561181008557
429.55,22.977642311139356,6.5482240177981
429.6,16.04252991537128,5.761144040805072
429.65,-34.88283763645725,1.5162474051451034
429.7000000000001,33.31827443078557,-2.0000084507394145
429.75,26.563323588999417,0.4580165969180431
429.8,16.650297040299918,-0.4954366029628664
429.85,15.663562010771335,-1.4218727197890684
429.9,-8.660315624167925,-0.42875973275931534
429.9500000000001,37.33644341331426,1.9735735461626
430.0,6.580386423648471,4.127586236063753
430.05,-29.193060921818635,3.884869617527631
430.1,-6.112549595503611,-0.2634730785480047
430.15,25.503823371310578,-7.239789708367828
430.2000000000001,-13.412144448958998,-5.2031025044867585
430.25,-20.843242921204407,-2.449304121302518
430.3,25.908334914109055,0.7101773008101847
430.35,76.12694111942136,3.4997520859602345
430.4,26.70250393721956,-2.9523691455386762
430.4500000000001,-47.768683810676755,-4.691766192484569
430.5,-47.65371512112114,-2.330224220395297
430.55,-23.773100815210203,0.183199045636658
430.6,28.994199478323225,4.585544649508848
430.65,-25.04932404501145,2.1491754269977292
430.7000000000001,-96.34886901919236,-5.234148771528066
430.75,5.2378685255581985,-3.243293473369587
430.8,-26.696127805607354,2.7065696580621657
430.85,-15.798780013049495,5.4858818969918435
430.9,2.05561395136304,4.971589171587613
430.9500000000001,51.989237579466376,4.175333031367597
431.0,2.2930081309872845,6.229020735010137
431.05,-34.17084776612533,5.01284430158099
431.1,-17.801539444313462,3.8847980592576055
431.15,-26.63114106524242,4.326918688177097
431.2000000000001,7.321327681450847,5.213545224576102
431.25,-33.50638285543615,4.630194082175254
431.3,-7.71890266383552,6.128812209083122
431.35,-3.9831103200626488,9.454966662035059
431.4,25.508805925249362,10.535034814324623
431.4500000000001,47.58235172061475,9.808309072666484
431.5,-26.60335149162705,6.024680251759617
431.55,28.148204909909907,5.5844359985524115
431.6,6.899940944810167,3.7849449315278045
431.65,26.620577507832355,1.159491379462608
431.7000000000001,32.65061001344495,3.6289398132898243
431.75,98.09221876927414,-0.7531506585228148
431.8,7.594743870478787,-3.9326553074073582
431.85,-9.12149236127425,-4.646285162061022
431.9,-15.050471356696182,-3.8587457560891143
431.9500000000001,-33.61357523264955,-0.48321075945385583
432.0,1.1303759274441245,-3.8602057006527475
432.05,9.161752885874547,-10.023525978940219
432.1,-43.54348318725536,-10.612882795463987
432.15,64.90199005952589,-0.8804900298297801
432.2000000000001,110.97413669667078,1.0390651871142746
432.25,-4.405930978264215,-6.079061439470349
432.3,-30.060105080456538,-8.908687755860939
432.35,13.843348299095176,-11.97907537483347
432.4,59.23989083321958,-12.9446841028044
432.4500000000001,-96.37742692993822,-11.621519918033403
432.5,-29.103830603472588,-10.077457483911093
432.55,81.32614259440997,-4.574234611167298
432.6,-24.281165977775196,-5.854553881737844
432.65,-30.703445542414443,-11.94176927728915
432.7000000000001,-1.828159900436372,-7.051022215510055
432.75,71.43801009433908,-1.7963028337644547
432.8,112.6287442107611,-4.808440428405156
432.85,-58.67739333682211,-14.47807718950446
432.9,18.597206971326376,-16.7067906471083
432.9500000000001,-85.09197318251593,-14.933880562312106
433.0,-52.67944332436377,-12.793734767488935
433.05,-18.203563983284266,-8.374488172495159
433.1,32.89994015787359,-5.902347157789044
433.15,10.124226425344432,-1.7170769649279065
433.2000000000001,-13.457743794953975,-5.5543115199704785
433.25,-23.058214882046933,-6.358683000593323
433.3,-41.22562978036467,-5.4313896002578685
433.35,-46.30176258840459,-4.241792329109613
433.4,20.39556072121265,0.263197080308991
433.4500000000001,61.450187906120455,0.8038846813659787
433.5,32.55694246198467,-5.138125092267074
433.55,-47.54567496376363,-9.686588359985924
433.6,49.91845137960786,-5.640184423515907
433.65,-9.583905703662529,-8.12444732737002
433.7000000000001,3.147638817561159,-5.677963013010291
433.75,49.33717592345466,-3.401934336561563
433.8,-17.262274443196244,-8.061800175754334
433.85,-28.598896661567785,-8.859822592121894
433.9,-45.01826543961291,-7.928985920655342
433.9500000000001,16.47109528016633,-3.9921524246577134
434.0,59.00686343280408,-5.704239512266759
434.05,93.01268310855963,-11.136267552045496
434.1,9.405826917872055,-14.982288915961727
434.15,-60.60176105189134,-20.544069381034078
434.2000000000001,-57.2355676362019,-18.905036745875687
434.25,-12.757813718241197,-15.950491277093795
434.3,59.05975835971212,-13.803761317998813
434.35,-35.34511623579973,-10.610319662762269
434.4,-72.46744448889626,-10.807799463111756
434.4500000000001,10.676832461872094,-2.973533810158816
434.5,11.508766227594865,-1.2263679328306119
434.55,0.9568887019277694,-12.66571580249972
434.6,-37.46802382362003,-9.959039372718351
434.65,-93.88404519638732,-1.0019291063591327
434.7000000000001,-54.1764818007419,-3.248489005173585
434.75,29.309259583657006,2.447500079016957
434.8,-4.831895394619823,6.964107561068315
434.85,13.932726751984385,1.2968270153893071
434.9,3.697446116315822,-2.879914383058768
434.9500000000001,-24.947163532995276,-0.4133836378103442
435.0,5.924021945447934,2.869466732762588
435.05,-39.97103749562922,2.9918734863524783
435.1,23.512888021167928,5.972476348947113
435.15,-37.153944276130105,5.7979200381514815
435.2000000000001,-30.642859294868348,4.81582934525599
435.25,-0.4083385170002625,8.276499988564533
435.3,63.114453450769595,8.27369441206239
435.35,-21.373128634815586,7.683223388697047
435.4,22.78797724065361,9.62213259525479
435.4500000000001,-3.5962115234396324,7.3215932642177926
435.5,32.31351853695947,4.481291727323423
435.55,43.6306304056215,4.253966356270475
435.6,58.29143195178624,2.3078188414247665
435.65,-26.855009856954712,-3.588658829822814
435.7000000000001,37.06146126933333,-4.559989851561184
435.75,-54.1228576061952,-3.915802790316063
435.8,44.92481358161244,-3.19759841637193
435.85,-21.569615650649254,1.048542773318204
435.9,4.996826057518679,-1.0233982282454774
435.9500000000001,29.350554297468133,-3.4114150944394983
436.0,-10.45702807742651,-2.843685742442476
436.05,10.459165356356872,-5.381369499845788
436.1,0.8337388771494739,-6.978085694749957
436.15,-6.6351486106391935,-1.6296425205374305
436.2000000000001,42.501326099751964,-0.44781632178655517
436.25,18.526994307500047,-7.121682375371018
436.3,-71.99004716772295,-10.355665595151601
436.35,59.20117460613299,-6.3344681785755945
436.4,9.235504821231737,-3.2538130133056806
436.4500000000001,-35.51609653216213,-5.58551583181096
436.5,-28.210693940095123,-7.543571877004598
436.55,26.86533101753213,-3.3005391485303397
436.6,-6.643202674890051,-1.676853287739589
436.65,-105.27256381257246,-3.3013700106051838
436.7000000000001,13.103870526511852,2.044157257110912
436.75,-5.00793366969164,5.174824080913409
436.8,3.129543626448771,4.9643610075002975
436.85,44.99564547522365,2.2487763495326667
436.9,-60.45209444386272,-0.06360580309622954
436.9500000000001,-25.767978027749457,2.3158663622288174
437.0,26.524135816892144,3.2931431544563474
437.05,70.31247990897225,5.6903286615654105
437.1,-53.73281254939372,6.50306677800609
437.15,-47.11780128820167,1.6044418708040042
437.2000000000001,57.822201160131335,3.161580286027146
437.25,-26.142179277187793,7.538423951050355
437.3,55.51116028321764,5.1245435990751504
437.35,-86.09973475330371,-1.8458131920546648
437.4,-34.259720449519655,0.5326945842289059
437.4500000000001,-14.01384965204231,3.4779730689757415
437.5,35.76317566066608,4.231293153176048
437.55,42.671541122105744,7.7870603375157845
437.6,-1.264710532215002,7.381491758524477
437.65,1.3743703403142569,4.473006779335396
437.7000000000001,33.018772023088886,1.9432389370176812
437.75,-24.497129847527184,2.2975778337106014
437.8,-5.424190971018358,4.444404498719778
437.85,2.728574511462211,6.612817718625339
437.9,61.71492072967926,6.288332521416907
437.9500000000001,-46.765063131530475,0.07020553454654144
438.0,52.1285474748,-2.280118531301489
438.05,-40.850173071477926,-0.619774291295889
438.1,26.075080472719602,-1.5648372982720098
438.15,-41.415071195742115,-2.115156555980464
438.2000000000001,-12.095811847478346,-3.0866142741501426
438.25,-49.989447952427334,0.6085239865733063
438.3,54.446757485437715,4.658582394017198
438.35,-19.395481978612935,3.746365937829921
438.4,-0.36594013109696877,-0.04087437600133976
438.4500000000001,2.269790080821633,3.4894309353939783
438.5,-3.621065649098674,5.66967937377106
438.55,-53.40136153774172,3.429335124336395
438.6,-21.374422730695784,2.307358054268192
438.65,-9.725686424271007,6.2653926698677065
438.7000000000001,-8.976608409264275,9.568517106130551
438.75,-31.348005705055677,8.866514946590303
438.8,48.76387503083615,10.779880932040905
438.85,59.850372586944694,8.341659151349957
438.9,25.992107162197527,6.7908652313819475
438.9500000000001,-24.168795960407756,4.351779619916601
439.0,0.6729828233044359,3.5998963157376958
439.05,-11.551725581039102,4.727619778390163
439.1,17.190849938644135,3.1459590984446346
439.15,6.372565085025746,2.2795903034145604
439.2000000000001,38.713462269881695,5.5167961653827575
439.25,19.332103915946863,5.343838356705891
439.3,72.86921199841109,1.2056096647310783
439.35,-76.05665708388068,2.9828335940818107
439.4,-7.709354776219554,5.128104204958402
439.4500000000001,-33.89889791187914,5.836191766130093
439.5,15.858959385528006,6.998385576756718
439.55,-38.822901596246474,6.426529652121091
439.6,-23.014001685528196,5.341966692730819
439.65,69.41457825388885,4.50047966071288
439.7000000000001,-41.95655173210093,3.051660159976427
439.75,5.8910784875270865,3.9609699281117794
439.8,-2.9111322092515435,2.7071289520744384
439.85,37.56603634948437,-1.5987523993550679
439.9,37.546164083783935,-0.3562057133999293
439.9500000000001,-18.92093966103836,1.0007353229661804
440.0,-5.818998158751618,-1.4593496476594257
440.05,11.198464814010526,-0.522832481971499
440.1,-39.59412114414688,0.49133987259683065
440.15,-30.145518941890373,-1.154632285435885
440.2000000000001,-6.7020928022773125,2.0647915190787436
440.25,-6.173772573589197,5.879063326578502
440.3,-15.059641949723432,5.726874465743266
440.35,-1.0804232188564487,7.5588467435796405
440.4,29.004194033296287,5.289039791391743
440.4500000000001,-15.42456759801642,1.1836310574249356
440.5,-7.655455191043304,2.8665789882145516
440.55,-43.34544543417972,6.212219533840014
440.6,-12.841394610353422,7.215112212929959
440.65,14.2229136981611,8.5786878523223
440.7000000000001,14.810253921936582,8.69100768716059
440.75,16.209687950513672,3.1533509377189537
440.8,-27.88531449368944,0.20009221826278456
440.85,-11.1820156982899,3.941303516597447
440.9,-10.319668654871846,7.747439659013462
440.9500000000001,-32.81418094808577,9.480737530458041
441.0,-11.632112613117506,9.797477372244188
441.05,-4.903827967024754,10.353761336943112
441.1,-1.582297745039637,9.393922700718003
441.15,9.165066765503248,8.654234769597
441.2000000000001,7.838815345529431,10.18691671467503
441.25,16.88910354884723,11.293977942937303
441.3,35.390370982576115,10.188585650198911
441.35,55.65265299386182,9.96511239323053
441.4,19.693159670839528,7.642345939353704
441.4500000000001,57.490865375007964,2.649536179177598
441.5,59.33465902392664,2.091439011530605
441.55,-58.25165269510845,0.7679137901474424
441.6,86.21179573813487,-1.6382573486437477
441.65,5.614243678890344,-0.6467477178090844
441.7000000000001,-42.99426112169844,-3.5729180457116665
441.75,101.15950666354414,-8.982954947963135
441.8,32.67071713585462,-14.493692056076375
441.85,-23.656256931410574,-13.455474176345492
441.9,51.03999113717466,-9.619682946585064
441.9500000000001,4.942178790205747,-5.369821041024978
442.0,54.9791250976494,-8.540320956840196
442.05,-26.43665909674442,-18.10953871312292
442.1,160.6593310229374,-19.029503952321758
442.15,-71.04522449804828,-22.63095229659014
442.2000000000001,50.98148240609344,-25.04620753164139
442.25,-69.03095864105971,-24.600397267943976
442.3,56.58228456062012,-24.529190518848434
442.35,-43.058465320457145,-15.870247818832253
442.4,29.591490511255838,-15.529141496097484
442.4500000000001,37.08821313073802,-22.73722646242319
442.5,-524.9874263848852,-23.272360914568264
442.55,-40.89459124445852,-7.5270355734886385
442.6,14.890032146589725,9.860644855126903
442.65,-8.63096530584145,10.533097734167864
442.7000000000001,15.01957572413588,9.7395715713137
442.75,-21.5623789152137,5.759486644394865
442.8,-3.6206938627634004,5.26061005898226
442.85,13.702183499776044,8.117885688125412
442.9,-10.161874890245342,7.134106702606918
442.9500000000001,21.67020394031062,8.63044283977535
443.0,-26.590668031553484,9.431671900588762
443.05,-1.577787550034727,9.220686512805571
443.1,-20.425092605047325,10.127656331099459
443.15,-2.2092661250852417,10.073156710591604
443.2000000000001,-1.3257790134060534,10.292908430534885
443.25,9.234409720028449,9.84210661021007
443.3,2.6222857532086383,9.627456965444834
443.35,21.031121080287527,10.53364998243746
443.4,-14.509165018859688,9.528303928815065
443.4500000000001,27.76394899070403,8.800203842027642
443.5,-22.30541842641851,9.093446212453259
443.55,5.745465286447499,9.538893766477175
443.6,17.060434820980404,10.658553005858842
443.65,30.381365013086867,11.082382723919153
443.7000000000001,-2.7034909125757762,10.916060794173944
443.75,37.591494002006336,7.845976877157394
443.8,11.4160863616215,3.612825422818414
443.85,-0.7359650422945233,4.470813258692597
443.9,-7.202196254921822,8.010455617001169
443.9500000000001,-7.558661358882666,7.256848774226815
444.0,2.338023506446702,7.456984746099043
444.05,4.969563279568064,5.527257058903002
444.1,62.87348911695704,1.318260001008027
444.15,-35.883333048876395,1.9075930734330369
444.2000000000001,15.311309707582343,4.282666195172643
444.25,22.558059857285865,3.964207052701097
444.3,15.84241295093927,4.119390837486059
444.35,-12.406148743618942,3.47234662160036
444.4,-38.14180979911382,0.7839016728946364
444.4500000000001,-16.5848782842972,2.384012613796634
444.5,13.882690764381179,7.448258473802569
444.55,-9.059484395383404,4.625337447250669
444.6,-30.437441872863225,1.2645558858311547
444.65,-43.631090746005576,6.1391199077859175
444.7000000000001,58.81170203046306,9.578957434749336
444.75,2.0828687671991544,5.514011897868753
444.8,-31.134273581645367,-1.5047492776734053
444.85,17.607951245389597,1.2858014019904398
444.9,15.884515235718647,3.457286211443127
444.9500000000001,-3.0066679212886465,3.115806248616676
445.0,2.8359716487816424,5.4841208238595005
445.05,-24.53299804747182,5.8249692843481276
445.1,42.134352238687086,4.457100961990184
445.15,-23.01504474727932,3.5485155510290536
445.2000000000001,-21.137436589861608,3.1316155247795265
445.25,59.894422139315786,4.64550001579278
445.3,62.22313820821575,2.9526682104853297
445.35,-52.165603373547754,-0.9371699163069424
445.4,-3.45012528276514,0.5694852941098499
445.4500000000001,-45.629527552572696,2.505371003835667
445.5,38.76799878922007,1.242483687146481
445.55,41.63132569424102,3.6432315468315015
445.6,-12.186735845071297,6.190933930069195
445.65,39.53942788890541,2.9080508372838674
445.7000000000001,52.03879624424017,-1.43773923187704
445.75,-32.83007202780382,-5.899457324582851
445.8,-0.07576135240155378,-13.667582015368057
445.85,3.6326085591347645,-13.086947004012115
445.9,6.401376185246579,-8.659625417161164
445.9500000000001,-35.09199221723089,-10.057314935491068
446.0,-28.191356896416615,-2.127127832014386
446.05,-13.673207537759584,2.7162578138127933
446.1,36.21618329968062,2.7635857962369763
446.15,10.301793009903149,4.879401831673194
446.2000000000001,50.55598971841479,1.5679999331746552
446.25,2.9246387109653136,0.3633983542355002
446.3,-95.63161300714832,0.6064754532110981
446.35,-31.70032318794084,-5.049796571824822
446.4,22.133567024180504,-3.6076981891361233
446.4500000000001,-25.951526973497163,0.2759858389526358
446.5,22.944046839835938,-1.659780369252803
446.55,-15.188228911104773,2.209573014001793
446.6,-15.754577972616493,4.873496423260266
446.65,-28.26904766174805,1.9738174872497833
446.7000000000001,-3.806710150141051,5.214154487381216
446.75,-22.969093885534093,7.617857396270138
446.8,10.344270941326716,2.242265745722345
446.85,43.37227012529501,4.3416771695982845
446.9,24.861640415174833,8.835754145714649
446.9500000000001,-104.88056187019136,5.860133814819823
447.0,-4.399553858576019,4.1208823313494625
447.05,-29.27018413019333,6.256520099925036
447.1,-7.189427072551493,9.542466289124109
447.15,-15.073398903764215,9.774416092898637
447.2000000000001,-4.519485405233712,8.500527365006027
447.25,3.7443269909495425,8.653468500716938
447.3,11.470754840750423,9.443479617596838
447.35,3.984352415307131,10.960709926528212
447.4,-0.26663166358366563,10.298199371004744
447.4500000000001,12.740993887662194,10.127373920526603
447.5,10.57171120540935,10.803146532599294
447.55,-9.621279620377901,6.170929137207726
447.6,13.213660795563394,5.7370913407894175
447.65,26.027233904744325,8.002474855967105
447.7000000000001,31.73738358144538,7.648026642325586
447.75,-27.97406573879024,7.615095214555565
447.8,-24.396552375199597,6.2608220510130685
447.85,31.21877194051899,7.307983789738398
447.9,81.3616955140843,6.955954447844348
447.9500000000001,-18.944652081515596,4.610500487695302
448.0,45.94524353671497,2.28473107161648
448.05,3.235839435935698,-2.2431505735399955
448.1,-1.1731031155446734,-1.8357937746110506
448.15,-39.01688489325326,-0.5314567228097629
448.2000000000001,-4.9537691591503386,1.2316052980519863
448.25,-53.17724019942498,3.154354178555516
448.3,13.963413003489796,4.940800544007233
448.35,9.835366598710033,5.025385651159844
448.4,-16.404687484376534,4.236501456903071
448.4500000000001,23.296097204899837,4.455224351060202
448.5,47.245485901813296,5.093316007631541
448.55,-69.5458747783998,2.8123188183603314
448.6,49.28633770079198,1.2680379910314465
448.65,21.974008461980734,3.8367391372657527
448.7000000000001,70.83396581429697,3.8593470456676098
448.75,-28.75009038715227,2.4145021965524522
448.8,97.84882891162658,-0.35919281694695054
448.85,62.68887793260542,-7.181368545888377
448.9,-22.491728740354795,-11.528391788822152
448.9500000000001,-52.66822285758423,-7.804389240399269
449.0,-38.97100148718379,-4.938264825699426
449.05,-22.712751183035692,-5.049465829729267
449.1,11.718081188850427,-3.096420947761874
449.15,-58.57288100198994,0.865648317446751
449.2000000000001,-1.041920167618878,0.15498300172007917
449.25,10.881105014759553,-0.6928536090361508
449.3,-35.43369735439321,-1.5502350868633177
449.35,50.08021650409299,1.394344467345941
449.4,-14.28527603556989,-0.0674760016187903
449.4500000000001,39.69598348867789,-2.2684235477700474
449.5,-4.775499051364885,-0.008062134514847337
449.55,-80.26373891134598,-9.165992015932376
449.6,5.749337671053965,-6.818245076728689
449.65,14.686799348411057,-2.27982188825515
449.7000000000001,10.696233524506553,-2.45653075128896
449.75,-13.68305175365539,1.3761065101400232
449.8,-31.582123451835585,3.9764673756519087
449.85,-44.17011866242777,6.606743172506485
449.9,50.07498589509106,3.9688468855658936
449.9500000000001,-66.54785434299176,0.2038354897740764
450.0,33.70455040805193,1.54699302521646
450.05,36.263774976372375,1.9820456274805833
450.1,-47.05765169495119,-3.1301229076543393
450.15,20.718597754269577,1.4432427115169826
450.2000000000001,-35.397834428424396,4.49733614079623
450.25,111.14714972582009,5.39058236601624
450.3,-62.30900467301857,5.688917362326783
450.35,-65.59535678445859,-0.5373540563649493
450.4,-26.939165529056105,1.4726060837391257
450.4500000000001,15.191152546405233,7.043775291060967
450.5,20.100227251967908,6.135594637865336
450.55,27.591064250577407,5.0171706790400314
450.6,37.39057403932356,6.913607267668206
450.65,20.20848300394838,7.306719718804536
450.7000000000001,25.96701130039143,5.409235224177602
450.75,43.22823939126156,0.8323908196132276
450.8,42.16627489418017,-1.0912947336268979
450.85,48.84884807646658,-5.2442975518421395
450.9,0.42689626009074744,-3.9740376036944576
450.9500000000001,12.03337703106459,-3.2062010827330774
451.0,18.466903025541217,-8.354937221879474
451.05,9.212811232145592,-3.9346062219643656
451.1,-41.715222074205194,-8.460785737445145
451.15,-62.359414523187,-9.091344015442251
451.2000000000001,75.75486680047827,-8.913391374711015
451.25,-0.9914696417201835,-11.548331037200933
451.3,55.20300410262091,-5.633765754982272
451.35,-30.34206907010421,-9.366815159553642
451.4,-72.95387819794864,-9.90645816666802
451.4500000000001,-13.12996718262268,-7.115598486866626
451.5,-20.76121766612974,-2.390395960390768
451.55,4.635189646057623,-3.1114363622436967
451.6,-43.90034704585805,-7.300008902522013
451.65,-15.37916471225201,-0.5098177707158928
451.7000000000001,3.624195813901738,-1.2824260980503723
451.75,-15.382924086162896,-1.0089625322539595
451.8,-47.58505645412411,3.5091165823816857
451.85,-23.98100545827095,4.770996316481342
451.9,-14.195854626680845,5.877967995967212
451.9500000000001,34.72255561285703,2.8230422596611784
452.0,-3.328276933751962,2.7773102953490625
452.05,18.220470579922715,2.095185398622366
452.1,43.866219202140336,2.8162826365865503
452.15,25.490932885496015,2.199351518723274
452.2000000000001,30.552033549341186,-4.59807042655815
452.25,18.969895403251574,-5.816199062745505
452.3,-22.851394944203342,-5.206163121712514
452.35,-34.2945213162909,-1.9318550225786222
452.4,64.90901876628644,-6.721904659152494
452.4500000000001,20.055526083991747,-5.8947805769274275
452.5,22.215035549032528,-5.240165316012851
452.55,-148.17070616397947,-4.835536525264694
452.6,8.486776352303796,1.5552012835654514
452.65,29.23282676362065,-1.955172042095785
452.7000000000001,15.321531162803245,-2.8714465224471675
452.75,-82.65928588808886,-2.49943408205471
452.8,-8.328568331907896,0.7112064190306834
452.85,-28.18828707810566,3.563474215655295
452.9,-15.32144429096797,2.2848815482473155
452.9500000000001,29.982804768335825,5.370015767692831
453.0,-43.63895297619001,7.3802469730722144
453.05,-35.52727047275826,7.06987475762095
453.1,27.785137173561203,8.718689776294916
453.15,-12.258448731613749,7.847119063039161
453.2000000000001,-32.15600720517862,9.16642995513449
453.25,-0.13285195537475855,10.731530762168271
453.3,13.67392255218116,9.469080230812107
453.35,20.54048704352078,8.74317622345939
453.4,17.10095745756882,7.191488245258677
453.4500000000001,9.47685598974798,7.03466063863358
453.5,0.6620538913521882,7.6604131541503
453.55,7.282500405999222,5.995196528001885
453.6,5.2287824625470245,4.015789161951241
453.65,-25.75157465726108,5.156865638760263
453.7000000000001,-3.29942866897042,7.790432616878693
453.75,-6.184764346178007,6.523095702024388
453.8,-9.515252976170808,7.162649288235642
453.85,43.59246060784421,10.310835890451532
453.9,79.03189681137272,6.477521932227099
453.9500000000001,28.094329937488077,-0.1362901255194678
454.0,15.197839813634758,-4.208460664050755
454.05,17.17106726811821,-1.9440298800879063
454.1,29.392438319731436,-3.4074633990331784
454.15,-9.760163109790016,-5.944535895851345
454.2000000000001,-32.74489135289179,-5.013730364767955
454.25,-61.69736023138625,-5.242352764516123
454.3,-52.7965222274994,-2.147548834027623
454.35,27.333849392637152,0.8103426821695484
454.4,54.34276279880253,1.0800089064425502
454.4500000000001,-55.891603199678876,0.023212905960794165
454.5,-22.202572539427173,0.6511248316249056
454.55,-1.8691678889943488,1.6558786911407
454.6,-12.946300494786152,3.8642645975474523
454.65,-71.68210779696861,5.715451667242016
454.7000000000001,-0.7627052439445523,7.557817993913654
454.75,40.42074304482504,10.049671944361092
454.8,-0.01071216657353636,9.675625861272433
454.85,12.432147547721353,7.838724778986227
454.9,4.720728813900953,8.30840591400278
454.9500000000001,-47.96956810651229,8.931716858479398
455.0,7.75120898115114,9.38194334625731
455.05,-42.71892782044714,9.696185025993865
455.1,7.673321520708046,10.54302631625555
455.15,18.286024954054383,11.727882523305224
455.2000000000001,7.274739469489692,11.347069015689026
455.25,29.14027247631557,11.08241252769176
455.3,5.322777691549871,8.797906700109408
455.35,11.432321612496542,8.957529397808967
455.4,88.18903200991745,8.846172222323535
455.4500000000001,-16.27972224515293,2.0780864026281756
455.5,55.92160074525932,-0.9351614154327768
455.55,-63.383785391628706,0.7205791058216588
455.6,31.23482527706964,2.9153164469823913
455.65,-6.885757893752969,1.6078678686937722
455.7000000000001,2.2361655554547815,-3.8387880247244754
455.75,37.01394812330072,-5.487399935179686
455.8,-52.74142432911981,-3.020334873349051
455.85,74.44484090099925,2.1957367320018264
455.9,2.9366266342466636,-0.3400710812079973
455.9500000000001,22.315456241489606,-4.831018345656471
456.0,-99.17048119656714,-6.1285706910305136
456.05,47.750209926787385,-5.626439957141801
456.1,-13.974931823007621,-0.8226211924297212
456.15,-46.79441279233726,-3.673690511462129
456.2000000000001,-7.926005307152302,-3.9399852139512244
456.25,-9.664979755311343,4.038921814224282
456.3,5.89913128116339,7.271000733403078
456.35,14.979231811955374,5.014755172256142
456.4,29.71957787239279,4.075453324692363
456.4500000000001,-23.361161851290092,1.6246264433012212
456.5,-58.54794317369524,-2.6024736286932253
456.55,62.658259296955464,1.3049630485121928
456.6,8.448138532315886,1.1277088184378565
456.65,11.803602826048452,-3.240978601701236
456.7000000000001,-4.975138085299333,2.4930242952440596
456.75,107.25829493107736,4.097010429581827
456.8,-32.08807945982669,-4.2493212756530445
456.85,-64.92044016316724,-8.21597987263865
456.9,9.600748764598237,-3.813633318377087
456.9500000000001,0.6563381440348264,-0.6839998583327019
457.0,17.451890456549933,-0.5020717594207809
457.05,-42.160042844372015,-2.5160153245293286
457.1,37.569534454075665,-2.255607063717075
457.15,7.903391681609347,-0.8630699197897659
457.2000000000001,-47.14870980228471,-0.6013997691029824
457.25,-53.647616444870614,1.7115205318897513
457.3,9.656046518068376,2.6986811541649574
457.35,0.6639706365132181,2.311651944706048
457.4,-8.069235634172289,3.640332253945859
457.4500000000001,7.370547877949627,6.344918368152464
457.5,-70.5709047562593,7.063608515944199
457.55,10.227871633706915,7.341039715659962
457.6,-1.9099484684220434,7.058514828809018
457.65,15.215066425368668,4.818485835249952
457.7000000000001,-16.710073792960664,3.166861812684005
457.75,-26.098364585260185,6.045932734671463
457.8,2.329222379358112,10.280553192283987
457.85,20.250836566179874,10.591562130190054
457.9,-7.251840095287104,10.419926399118976
457.9500000000001,-9.07479086923106,6.124144437195231
458.0,9.812707586006074,6.100397701993978
458.05,3.4028788113737187,9.45937228449165
458.1,11.501157581205833,7.7360980076905
458.15,0.5672719720410954,5.629373647693656
458.2000000000001,33.50346761836747,5.900874970909768
458.25,19.144416187242637,5.98392642536237
458.3,-13.716742634376835,3.2523084240844615
458.35,23.090027019751236,5.615936820059365
458.4,-1.3350133048373953,5.207482099387571
458.4500000000001,-6.2972283645652345,1.6443153347629815
458.5,-8.552369318935401,2.0293617759578355
458.55,-16.292577703401896,1.9786601288792793
458.6,36.26660610247018,3.1277628740690977
458.65,16.88033856857237,4.09460221362073
458.7000000000001,20.21261963020356,3.7331230648258202
458.75,31.880489376950553,5.283415237530511
458.8,-46.76134577613454,2.4939160744525126
458.85,-56.04301121690641,3.7910860253727297
458.9,-11.859639600788302,8.047317401724458
458.9500000000001,-24.795612533416914,8.324058714316152
459.0,-25.114494991317468,8.677365736975881
459.05,32.53939123889507,8.055928797836648
459.1,7.944298107681705,8.977867640712056
459.15,-10.829886254603087,10.016438622895988
459.2000000000001,68.81402750783357,9.267491682070732
459.25,50.70009412490135,8.525321780553458
459.3,17.947609092202587,6.960997161986024
459.35,-24.331883680984536,2.9731779012926554
459.4,-14.268017067796963,2.790599668311589
459.4500000000001,-54.47686360864782,7.348511887150162
459.5,1.57386523612019,8.642363253690009
459.55,3.07870150577018,2.962380663358927
459.6,-27.094096613579847,2.0439847966961957
459.65,9.256257067057676,2.5520228554522157
459.7000000000001,-7.441008237571372,0.9252531415193046
459.75,3.099104284462762,5.164088018270732
459.8,-14.596436984687106,7.394493358536643
459.85,1.6710867735201094,7.133357532348944
459.9,-8.352222226766408,5.78332810533336
459.9500000000001,6.306735263041645,6.474241745176817
460.0,-8.14360622868887,7.899726348274868
460.05,17.71396631811603,5.8258971287520325
460.1,19.338351486644026,4.441478392835587
460.15,-1.2863927586196209,4.126521358867712
460.2000000000001,20.735825736298786,5.480004945932379
460.25,-60.40473102230229,7.009828638177588
460.3,18.419546401696397,9.569786385399484
460.35,-2.5821165081514854,10.720031342092616
460.4,-22.855400608029203,7.366971329083042
460.4500000000001,-6.938605091631117,5.137325024202939
460.5,-18.06346590594658,7.488117761756538
460.55,8.659727145278197,10.345555442945761
460.6,15.377645949774074,10.649430553723574
460.65,-36.62962910702525,9.264047437047584
460.7000000000001,21.146154361838644,8.694286328127209
460.75,4.9618546587260965,9.283694759005824
460.8,21.229937651141665,8.667966601928583
460.85,-20.111670035934168,7.775769934067792
460.9,18.0315367279189,7.151807422661514
460.9500000000001,-3.731334749567481,8.034025081570636
461.0,-4.990895847637881,8.280979076443057
461.05,-14.609970724171859,7.418430102678089
461.1,4.036583937480695,9.053963923932534
461.15,21.91827309122184,10.49954172006808
461.2000000000001,61.95694846940715,7.875128784634199
461.25,20.014858418523215,3.587295285026925
461.3,36.91507160361094,5.334305329075544
461.35,41.49845602761379,6.30638182627918
461.4,-23.285063447300235,3.128731559537841
461.4500000000001,32.84983359460939,2.901520847399965
461.5,37.65784220659491,1.6361577863122867
461.55,15.040428375867974,-5.901299468841527
461.6,1.8458786857569076,-8.63854604107647
461.65,-38.016550591545666,-3.966829712204542
461.7000000000001,37.74704590923891,-0.55772140627873
461.75,-97.60517103818775,-2.784403198287503
461.8,-17.459702813551853,-1.8037729837328602
461.85,38.63441298435013,0.0766530164460344
461.9,-56.59202637130444,-1.7010019682418944
461.9500000000001,-4.15729059860394,1.8295442254830325
462.0,-48.18315787116349,4.101237164282913
462.05,14.190019794743794,4.095162689006034
462.1,12.606478912900442,4.554289808890178
462.15,-15.751491244598865,5.0499503915414925
462.2000000000001,16.004793885555745,4.338904636867149
462.25,8.10584015502467,4.485672272115471
462.3,-39.99283177572682,0.9491322915507879
462.35,59.05629070387052,0.9927985586812413
462.4,77.41718604017372,3.519762984419098
462.4500000000001,63.659373494979704,0.8823395485185803
462.5,-8.699743027157755,-3.5481928957425772
462.55,7.550360789306569,-10.927734650336266
462.6,93.37080578765915,-13.39718091856371
462.65,7.876698284693747,-6.939467524165396
462.7000000000001,-20.13214322768756,-6.742820309430338
462.75,-63.25192204003135,-11.246455323111388
462.8,52.72905337276614,-7.158989850234697
462.85,3.966749966119018,-8.308846207495753
462.9,-45.69118630749925,-10.089702356505596
462.9500000000001,27.793928628403368,-5.648712426661484
463.0,9.059532459544139,-7.11742146242527
463.05,-46.0091802797963,-10.618699104044422
463.1,-26.577347648963535,-4.5100594619707906
463.15,-10.608944133404478,-0.17571760230585004
463.2000000000001,-101.20815380966249,-0.2005026362931816
463.25,-3.0611381696585243,-1.5693976847646842
463.3,29.079217256856925,-4.534004061777533
463.35,-53.51048702146335,-2.7773308391493137
463.4,-16.301861115333615,-1.9857876553849816
463.4500000000001,-12.998004843113884,0.22742002288070123
463.5,-56.70727560824772,3.971876415868474
463.55,-24.92111858879598,5.164503491897431
463.6,-7.338247697866623,7.20081222506079
463.65,26.870673814075857,9.536859100838429
463.7000000000001,-23.69648082194785,8.267491340123252
463.75,-26.17767003243553,8.713821225554444
463.8,5.773081970842948,10.545176742422464
463.85,12.44437615605018,10.733148993575098
463.9,10.338226999927894,10.397278892422806
463.9500000000001,19.63099611842086,9.578380214596061
464.0,-8.829202696038687,7.063509739209691
464.05,26.884076150044905,6.8481732313420824
464.1,9.036051713549456,7.889926194927354
464.15,5.955305845561901,7.88519202238773
464.2000000000001,3.3600210649645295,7.257092635086852
464.25,-42.34812758254937,5.417081684192945
464.3,-28.336444186084293,7.0307858717378
464.35,-7.958830445981587,9.655554355314484
464.4,5.3070113454123815,10.07208354205393
464.4500000000001,-10.674978700970769,8.328875239729438
464.5,-7.415228131558327,8.498191514785775
464.55,-2.084475005965595,10.4099545457132
464.6,-2.8005025390921707,9.24784691326852
464.65,4.855993171553225,8.020773808130484
464.7000000000001,40.31753126319161,10.088843290931177
464.75,21.95842110708168,10.662049716606452
464.8,23.166915918767213,7.029426687059233
464.85,50.358100450173254,4.666739034583397
464.9,100.37863393862693,5.028768706392785
464.9500000000001,3.3421327758155326,0.10516835545014747
465.0,-6.240241995372083,-0.8881597930779739
465.05,-7.766821659447462,2.37930635244954
465.1,-26.876535694131967,-1.1407660084574756
465.15,-49.38078677763781,-2.5848655114313406
465.2000000000001,61.73770013222877,3.046797310717681
465.25,-46.67363059116352,4.600705215097111
465.3,33.20086657060701,0.7576705709191285
465.35,-31.89092115942525,-0.2522862094064965
465.4,35.00672710021782,1.092719977704601
465.4500000000001,27.259933929652323,-0.37484977769851485
465.5,5.744012592265472,2.104198000876105
465.55,-65.81992212325387,-2.415980428891754
465.6,-5.629128081027232,-5.445328359823382
465.65,49.22144100364655,-0.2909875117009466
465.7000000000001,9.939030035629425,0.18018660737198267
465.75,3.3659291477012543,1.510542589632089
465.8,12.824545332405034,-1.63075184798979
465.85,-0.8598542570362787,-4.087811071723932
465.9,5.560797894026285,-1.1382319518022816
465.9500000000001,-24.388615231786197,-0.954399443333262
466.0,6.116506937243155,-3.0452459441081685
466.05,-31.015386405481298,-2.6057503126264194
466.1,61.32405651766691,-1.8511347529728044
466.15,1.573279454334556,-2.839434730314066
466.2000000000001,13.548647178092466,-5.861448618859815
466.25,-7.812276553810626,-4.28301963804026
466.3,-34.25202946842826,-0.5263151746078601
466.35,99.25096856161242,-1.5981175539835681
466.4,-21.97701155742275,-4.903923748136719
466.4500000000001,-39.81750895682228,-9.380584365456814
466.5,14.603377776375558,-6.907412694018597
466.55,68.14271787027482,-1.2903271614067302
466.6,-43.57359259403588,-6.289158422582387
466.65,-26.760098130988833,-8.393336525114844
466.7000000000001,16.50639603673905,-5.382530734862808
466.75,-18.503354098939468,-4.630890997715334
466.8,-4.067973577853258,-5.146548034062019
466.85,-9.396435996601648,-6.5059784046764975
466.9,27.550723744666794,-6.769940692338107
466.9500000000001,-69.53742616558861,-5.285902750143548
467.0,49.67106996879412,-1.8513268375658043
467.05,-3.7149960428687914,-5.641243467753703
467.1,-86.22794609324583,-7.440939900114207
467.15,-52.44477081263869,-1.3342861986913457
467.2000000000001,-7.253388405818052,3.607813310137593
467.25,9.010248775261402,5.968433618338355
467.3,34.68933351706104,5.760045514533616
467.35,43.445445552965474,2.3776181206671025
467.4,-28.92359167622446,-1.2727885407736943
467.4500000000001,49.45450395092999,1.0827039924484014
467.5,-18.73978006367915,2.330843659153299
467.55,95.61784052875083,0.39736370143122113
467.6,4.806008437031055,-3.6883908962225638
467.65,-52.7492561401622,-5.272113418226167
467.7000000000001,39.924744428569284,-1.466575018813024
467.75,-80.85963721588035,-5.380031516072125
467.8,-58.95321125873237,-10.068557480027248
467.85,-40.951846407717106,-1.504861550245744
467.9,12.703121396662265,3.6854502210374944
467.9500000000001,22.565103924653847,2.4049537258572524
468.0,64.62168839482896,1.714125312144808
468.05,18.74741783698223,-0.41798010601215635
468.1,22.163437648588207,0.7289920772884311
468.15,-66.02265120646734,-1.1118150715026986
468.2000000000001,-8.855512709238146,-0.4451812340507454
468.25,-90.47101162563479,2.7245546252492883
468.3,48.42127335021858,4.768650009550177
468.35,-19.750030968299285,7.130674039826924
468.4,51.80146311694778,5.626613253422898
468.4500000000001,18.299863793564615,5.307002151698373
468.5,1.2060546718329401,3.3834657747274663
468.55,38.60376114583019,2.415685130636599
468.6,-29.29236232159143,-0.5278984989129294
468.65,-5.383199031181462,-2.1038217057321127
468.7000000000001,-24.017743818102105,0.30735436047136
468.75,-67.64025846901245,-3.2455865406348643
468.8,-4.003339379162862,0.5460566283232077
468.85,-10.995961415199536,7.364738652315329
468.9,135.24206827750123,6.358865972466052
468.9500000000001,49.63983105794019,-1.6612777094551476
469.0,-55.972081237064266,-5.441818684709215
469.05,-52.40815734987214,0.4181460135108258
469.1,14.211029939022739,1.5986662923020434
469.15,-4.538570453779058,2.0977112842834167
469.2000000000001,25.033574144392595,0.9724553028695391
469.25,29.094477667068823,-2.7077121406774993
469.3,-90.27678096751215,-2.7202797312591525
469.35,-10.620410462772496,-0.6453469723620991
469.4,-7.001275508639847,-0.9445939019619676
469.4500000000001,-2.7957206559033554,4.22960333889981
469.5,36.73069727360583,8.84068066183664
469.55,-25.697349071580806,4.999135095195278
469.6,-10.165232881124558,2.06824503905451
469.65,27.99831211140439,4.549828582014915
469.7000000000001,3.805248915896659,5.991869336867881
469.75,44.950246415514286,2.6823396370599957
469.8,-52.04452020074276,-1.4794271442733786
469.85,24.98132939198483,0.054367844186479546
469.9,-16.404803427928485,4.235658391384344
469.9500000000001,-14.280223770072618,2.339560750110551
470.0,65.4376148503695,4.66483591001349
470.05,-43.306770411265056,5.813915466286668
470.1,-54.671013402390656,0.6963034596221954
470.15,-9.493827322345007,4.268493714679012
470.2000000000001,-9.83334179084518,7.817578658592592
470.25,61.04410072533658,5.534675359880688
470.3,32.282964019545425,1.374042659187651
470.35,17.12229087745891,-1.6540926834421508
470.4,-28.207964682179497,0.48761354667793394
470.4500000000001,24.824252035908053,1.5595349975859762
470.5,-32.55214834478238,3.0323591047297995
470.55,-57.00333536151485,0.7714230007300572
470.6,16.83149198826068,1.822509011659777
470.65,-11.652004852784785,6.949911016549747
470.7000000000001,2.1603653695569283,2.987347511018124
470.75,-4.15115968526408,0.6391751845190776
470.8,77.49503848955023,2.9676231923630394
470.85,1.1641814277395053,1.4986933756074776
470.9,-17.63163640775486,-0.020198563804330376
470.9500000000001,-59.68208086642624,-2.3220825735777595
471.0,23.616904820985305,1.623492868352266
471.05,5.368865019882586,7.666549319473976
471.1,3.1883075617259706,8.155466277280679
471.15,8.466520944923532,6.4867539643188215
471.2000000000001,-22.8120005676851,4.894484904070853
471.25,-15.481728970819164,2.220002738490285
471.3,63.162711526719335,-0.5466908866825267
471.35,47.79837244121744,0.30135335623147963
471.4,-22.85525578163924,0.5339701577038725
471.4500000000001,-36.62391403244945,-0.5859480947146164
471.5,21.02452018826,-3.940092626543821
471.55,-33.9433363832845,-0.8812524053053905
471.6,-2.4314875721525886,6.641825090428943
471.65,18.41919408121587,7.191420577360511
471.7000000000001,-4.320568209778515,4.201487498336879
471.75,-69.78887214551573,0.33750827402013894
471.8,26.275686667128124,0.3674685338920435
471.85,19.16304574170867,3.6232858186529175
471.9,63.24614591709756,3.9008796792788334
471.9500000000001,71.26156974946821,3.6782223110372168
472.0,34.41359173601477,2.690661015220548
472.05,32.399802970456356,-3.0987722876627997
472.1,37.72663401148764,-5.659922233690586
472.15,-59.80524764010145,-1.7541712079086211
472.2000000000001,-51.6690242958766,-2.0350741819181093
472.25,54.27494767347313,-3.6032103789763266
472.3,-1.4499834068170514,-9.321915836859823
472.35,12.176470862918409,-12.79539185160549
472.4,-50.51442704578165,-8.762074474807376
472.4500000000001,49.433049852987914,-3.2245758383563157
472.5,94.78460228427173,-2.558328223253257
472.55,69.5602666883106,-11.22488683475848
472.6,-55.47618562751669,-16.141123339298804
472.65,-97.17948096962131,-15.299678006182784
472.7000000000001,27.035160097247182,-12.16795730246792
472.75,-110.84576662823191,-11.582619363694851
472.8,1.4899866437584373,-8.63334209378115
472.85,4.310907879762716,-0.4904748231903493
472.9,-28.73590548537115,0.03225316916086927
472.9500000000001,-77.37593799280722,-2.48614168250001
473.0,43.55614829673839,0.9155675875739067
473.05,27.076995237563988,3.0558642997845546
473.1,-32.28655329049248,2.1764517984411946
473.15,11.970987769700743,3.352039356311806
473.2000000000001,-41.778676868147066,5.218839546426712
473.25,57.48404593479485,4.481877000484332
473.3,45.25234988264147,-0.8358291151050221
473.35,-4.8434140288964045,1.0875474552949433
473.4,33.1440852112644,2.6963776587207238
473.4500000000001,-21.09255800707061,-2.7418377392910016
473.5,110.14317855666516,-4.3722175101761085
473.55,-89.5876982260239,-7.098199668186734
473.6,55.02851226317371,-6.044671145949948
473.65,-129.59703874739623,-5.449632992327816
473.7000000000001,7.627097534552442,-9.333185745338293
473.75,-47.85565909731149,-6.695314655776115
473.8,-52.0059262723299,-1.8749761626552492
473.85,49.114333164385066,3.1491956771090512
473.9,2.685674054828402,3.7454728374427346
473.9500000000001,38.89508224142797,0.5392270847642187
474.0,-24.495091131778143,-0.6114177382534964
474.05,-22.69647737190321,-4.450844929154493
474.1,11.764175860976199,-5.846989263252081
474.15,-24.2855305880986,-3.6668674683126947
474.2000000000001,-7.237849924037734,-1.2258015465707168
474.25,-13.011503103525255,0.25114512994979166
474.3,61.272916623053725,-1.6014338943540136
474.35,40.36609792489847,1.9343744372318508
474.4,-21.67441964921316,0.23707496949120432
474.4500000000001,-37.119096461094394,-4.580178435481524
474.5,45.77229989683397,1.5974756609031773
474.55,7.781301481836039,4.620611313887491
474.6,-2.1889979432190994,4.601113479969722
474.65,3.2112260030849247,4.191932158611384
474.7000000000001,-11.485033298221497,-2.0453306536486395
474.75,-75.264139129544,-4.43492292821907
474.8,-28.6275836760339,-2.083370714645318
474.85,-3.435080543558318,1.0633022519240458
474.9,-22.232598056023683,2.4733556622858037
474.9500000000001,61.18754983148242,3.2801789246316733
475.0,17.225695844863125,3.8283682145985978
475.05,16.90484743736078,1.3068373152781154
475.1,13.567383957294195,1.0893509483217003
475.15,69.08793748033132,-0.14478193119956184
475.2000000000001,35.22438964733607,0.20781915500085835
475.25,-23.97773537624904,-2.3068768944081994
475.3,-32.83102577439514,-2.7477327346408913
475.35,-10.958202098853812,-0.565440336556337
475.4,2.7709659611983617,-0.6543898381552478
475.4500000000001,-22.2567071155655,-2.4948443342338242
475.5,-98.77457101561677,-5.037686799167567
475.55,-9.63197936729649,0.7495351673389741
475.6,30.375420786443485,5.115624293700625
475.65,51.45799558139318,4.676036168281553
475.7000000000001,109.29981292887108,5.596662787602011
475.75,-19.52240582241723,0.7797576909905946
475.8,-22.35077336909022,-7.774158257179121
475.85,-7.843789843268205,-5.809580563089623
475.9,-42.0731489135839,0.8590400307950132
475.9500000000001,-9.891620231984769,-0.212361562351856
476.0,-24.915832092845214,-1.21767736330243
476.05,14.50153985662795,-1.3176079329079986
476.1,-68.41845362067997,-1.9266521544646715
476.15,49.03116725334489,-1.8067856893992122
476.2000000000001,77.93127921090462,0.2782189676761571
476.25,75.6670093884233,0.605022533389753
476.3,-75.91498152666628,-6.5882950150950865
476.35,-70.78042538445989,-8.146827164516397
476.4,7.480415647157823,-2.547329374450397
476.4500000000001,-19.076337975885416,4.655373343539078
476.5,-34.90113443571756,3.1030763341123295
476.55,42.02027495212878,0.4390212467023316
476.6,77.3606484785116,-2.7070561075923996
476.65,-6.593592960584537,-7.503707241758932
476.7000000000001,-39.79870831743427,-2.3626400052937457
476.75,24.63733761684598,4.05900646335813
476.8,-1.555770133979985,-1.0609817079449781
476.85,32.103461504919316,-3.3110583570791428
476.9,87.30424721915419,0.06527487267532456
476.9500000000001,-21.069824875338863,-12.227626355594936
477.0,0.18201669107748175,-10.778130643301983
477.05,5.78690908088351,-3.7154723856941265
477.1,-35.3990069921876,-10.475302873628054
477.15,-25.177453394493394,-10.885840125013297
477.2000000000001,37.105984807036265,-6.058206184839337
477.25,-29.19494515397004,-10.190099400348132
477.3,-97.98753005104786,-9.187743973984134
477.35,-2.823885675168751,-5.711414347531583
477.4,39.7659778816935,-5.580358008086848
477.4500000000001,52.341009941282024,2.228928479614771
477.5,-20.92546128067327,3.6663245302170244
477.55,-70.76597046973963,-7.749737359492238
477.6,-24.554088899722505,-5.795250621733493
477.65,-46.46186833565279,6.051051832113849
477.7000000000001,23.87447650167977,4.365098185217696
477.75,16.552912288302682,3.72690031257433
477.8,-85.90493224680125,1.4156156145715177
477.85,36.83022959613551,3.21045411651267
477.9,-5.0681394953381,6.765057983361765
477.9500000000001,-16.667018044021415,6.6822026644842625
478.0,-21.85113312120752,6.833276654465165
478.05,50.25113108072899,7.157226755592169
478.1,48.075658432957425,8.462950238343147
478.15,-72.45879857943451,4.632049073774516
478.2000000000001,5.1147563789428725,0.00025648814977707185
478.25,-13.905585851599012,0.25226590546156324
478.3,27.196629822722414,5.467236676083153
478.35,19.830826191101444,7.8628598633293985
478.4,3.750281917798564,8.312239522779173
478.4500000000001,14.935120526817355,7.59711612106175
478.5,67.23652331899325,5.0907988544451985
478.55,1.197580213110617,1.8700526774689492
478.6,-26.887653735804054,-4.319490936881249
478.65,-33.73021423862264,-7.789684438568699
478.7000000000001,93.74854281514229,-6.083393548080909
478.75,54.59283171371043,-4.418737526963153
478.8,43.36506158340524,-7.063278667895324
478.85,-112.70444960384121,-9.96679778259269
478.9,-58.659247807268414,-5.725572465784689
478.9500000000001,16.773450625898615,0.7491439887982987
479.0,42.50719600539122,0.442355984429359
479.05,-31.161936306083987,-2.3612940228483996
479.1,-20.900881078432157,-1.9467099459719595
479.15,40.72570661128952,-0.7447096282795693
479.2000000000001,11.774533155236606,0.10335598591445228
479.25,-8.96855270815275,0.6333765833843408
479.3,-10.327389129804555,-5.6921715264747945
479.35,-26.823642791154835,-10.129426236115522
479.4,-0.5385000991600742,-6.582674277366966
479.4500000000001,-73.20627949793763,0.4636951694222614
479.5,24.93115648890548,2.47559794756748
479.55,-34.48679943679203,1.57994267970505
479.6,93.8443506159012,4.732136857656739
479.65,-24.309641626317966,3.851196187142484
479.7000000000001,29.069618779499375,-0.26050098788896603
479.75,23.946846124768275,1.4263152620098258
479.8,-66.42660463865805,0.008133494122304234
479.85,1.7336057226872692,-3.3654710713468603
479.9,62.38603701733741,-0.8586475680300174
479.9500000000001,55.408109928603835,-2.519420073526638
480.0,39.1837516173862,-5.300007161189673
480.05,-63.58031222214823,-6.562743143482911
480.1,-64.30505421781517,-4.956837366227157
480.15,17.17084952711629,-2.7036613091155695
480.2000000000001,16.397335465675788,-1.7594432043254513
480.25,-67.96171498192281,-1.566952863171947
480.3,1.490984751551759,-1.3105750481645857
480.35,-12.624382262707641,0.8131070274642835
480.4,-25.663436859038757,2.3493674916644265
480.4500000000001,-1.1171917540068623,6.993322483865683
480.5,32.776408215949054,6.393837689630686
480.55,20.23757403408915,2.922102650553244
480.6,-58.72747428970194,4.415841854282129
480.65,15.039096921354869,6.183460073280423
480.7000000000001,2.637921540094218,7.475476990112574
480.75,48.475735866736535,3.3507109994253836
480.8,37.33811945702399,-0.36885636301724223
480.85,-12.951684682545167,-0.7007852319884829
480.9,-33.07474096340559,0.6073616713436345
480.9500000000001,50.11647175445105,0.9888571393916123
481.0,54.39721336060441,-0.828258721379558
481.05,16.437174526532516,-4.954505666083399
481.1,82.35458542145753,-7.5000752642310635
481.15,29.627187785650424,-9.652050635480114
481.2000000000001,-71.1325152085069,-10.22277528857917
481.25,39.459753961991765,-12.752918790318711
481.3,69.94103858746955,-13.051381752363907
481.35,-50.13660683528788,-10.244389174659162
481.4,48.636642492865256,-23.09041247268326
481.4500000000001,24.159685303866752,-25.780443266883896
481.5,1.2946513577338186,-12.647614515000047
481.55,26.4254247450361,-13.494168750769239
481.6,-33.74388142584081,-13.002012387752353
481.65,-81.65961065715068,-9.533710662782253
481.7000000000001,-39.41977946571458,-8.177493253599733
481.75,35.36185207116179,-3.866221795912395
481.8,-90.35329555996756,-9.082127667362222
481.85,17.725198362752778,-9.698472342813227
481.9,59.78632614524758,-3.0946893058981826
481.9500000000001,-73.97038693022795,-7.5708266906295485
482.0,15.63818464551857,-8.12070627892694
482.05,32.03593170276079,-6.829897207009977
482.1,-29.0968354569124,-4.852252977325736
482.15,-16.99684604076428,-3.821234987343811
482.2000000000001,-44.22456563031075,-10.870707314149945
482.25,-44.513113749368536,-6.78450694778554
482.3,-36.59177775929826,1.3762024182213142
482.35,111.52402586145965,4.345941638899888
482.4,-84.15036993075799,0.5902862499249545
482.4500000000001,-75.08097690987972,-0.39833306894951326
482.5,79.11563736656136,0.26983685258780077
482.55,83.9792685388077,-1.918343564319484
482.6,-20.630762685157258,-3.6434337947561732
482.65,-13.00836088272142,-5.302460881423438
482.7000000000001,19.47723341615027,-5.469090522789698
482.75,24.617487679794934,-6.982457491001088
482.8,-21.037107735358035,-3.337170177205183
482.85,-23.203843683344996,3.6600295041431603
482.9,3.1204782842839367,0.19105287650272362
482.9500000000001,8.29380962459361,-0.8123306406867594
483.0,15.897029433532369,2.5844075746580826
483.05,-5.475415880997863,-5.066192381999945
483.1,-19.91530650870013,-7.614969108699988
483.15,-18.75226615947135,1.2745613610654187
483.2000000000001,4.954181071589589,4.9431083491044765
483.25,-97.47754041344065,5.15694807575959
483.3,-21.46017015949197,3.5853827690848483
483.35,7.826973716735118,3.8782033665706983
483.4,32.28936003939973,6.055462990173234
483.4500000000001,4.101929217626638,4.854867097592955
483.5,-48.06572139811083,4.646260618263758
483.55,25.223687252096706,5.302336021114594
483.6,35.06163311729719,1.4171012591101966
483.65,-26.647604642815608,-1.683675667206765
483.7000000000001,87.35175069169172,-1.7187025568480527
483.75,51.68550664201586,-0.22661351373201838
483.8,0.17316074328526168,-6.015062382461751
483.85,-26.980897286928542,-7.495337740021664
483.9,-48.69756914186804,-0.5087177726725572
483.9500000000001,-6.5315764501098235,0.01290528155493164
484.0,12.78610384861155,2.381800586141179
484.05,83.08499874212715,3.0807803377488208
484.1,-59.04241011173991,-0.1736449412685797
484.15,-67.78591665924382,-0.4276872885198704
484.2000000000001,64.25704199576936,1.1274514707249372
484.25,-44.83275332586517,-6.410015953596717
484.3,-18.39422497605761,-4.965093299457973
484.35,27.81801205758601,1.8662108126132906
484.4,-56.50457013268581,2.44750270515709
484.4500000000001,96.01520619955201,4.207828692343775
484.5,31.48190635453348,0.1290003068960468
484.55,1.9941201877854993,-3.906380601970655
484.6,12.576234644515676,-4.076845975105136
484.65,-74.56980111369073,-2.6004597916699557
484.7000000000001,-20.006678193887044,-2.810998209344303
484.75,50.05129136761596,0.7696619708111859
484.8,-15.852322880471325,6.020540717756748
484.85,55.10271919519615,2.257550083396231
484.9,13.197895279092181,-1.6165672167244574
484.9500000000001,-47.76251757612025,-4.428989911929588
485.0,-10.697065028415379,-2.008945748488634
485.05,11.673977909276775,-0.512990078796765
485.1,-9.385774933073774,-1.1361632211488584
485.15,17.655122316098506,0.6161990702084446
485.2000000000001,-33.33948403758267,0.2280436448471748
485.25,-17.301502865526345,2.6954109480972837
485.3,51.38448303959568,4.779584941198511
485.35,15.202773783492301,2.24147447296297
485.4,42.02320305919208,-1.7941346153055777
485.4500000000001,27.583493740604265,-9.959502713898397
485.5,-18.964020725228973,-9.815752335557042
485.55,-0.42813802680247404,-6.9887009505333735
485.6,-11.784525689897038,-8.800239171778449
485.65,47.898963504276225,-3.977701097923043
485.7000000000001,28.612236091997747,-6.8365053400244795
485.75,30.92596043065716,-7.134834771504723
485.8,44.25063845142975,-9.90275213594058
485.85,4.876960117527985,-15.671100025335107
485.9,19.356579597381636,-20.37722723298703
485.9500000000001,28.636117853959888,-16.483036254004112
486.0,12.973036827837676,-7.3893900820701255
486.05,-5.643392000381122,-19.767885772340076
486.1,9.951731361536257,-27.011543504878176
486.15,14.8932150067444,-18.13212086331109
486.2000000000001,-58.18578482721001,-16.829767293569528
486.25,8.22169284250853,-16.697929277293042
486.3,-116.29411278660554,-18.147049093657106
486.35,11.364931613711393,-15.45788957631631
486.4,-19.934752799150044,-10.576084699280141
486.4500000000001,33.1238161631677,-7.947413380539535
486.5,-39.24951701701356,-5.156679345274943
486.55,-55.7423177561066,-12.234217483827068
486.6,-67.14607686756531,-14.199534394601827
486.65,-17.75086776189061,-7.290591005046547
486.7000000000001,-69.69972883345092,-4.9921867539743365
486.75,-49.90616258647427,-5.58964963791882
486.8,-8.746766864934887,0.8795626164720278
486.85,2.1477009335318,7.172217400168524
486.9,1.5820766904551853,6.286266386856391
486.9500000000001,11.97813637051735,5.239072608219815
487.0,-37.10889952479822,5.638926875947988
487.05,-0.038372195959084525,6.456548444518659
487.1,2.37102681647323,7.981052345733328
487.15,7.111822887761881,6.44586471741265
487.2000000000001,20.989903317588016,7.632245356680233
487.25,-15.104927133096064,8.188304526227157
487.3,11.421827188600094,6.823367408738105
487.35,78.73320404693955,6.615546575492421
487.4,-62.70966255355146,1.1364450223977716
487.4500000000001,-64.57481609086683,2.59708147579514
487.5,8.35330775597051,8.94971130461397
487.55,36.20058796051982,9.292101986164662
487.6,-48.05071689112652,7.401386233216891
487.65,2.4585240972820954,8.392832806836317
487.7000000000001,2.8178645521792545,10.19326000783285
487.75,11.1986388354336,9.947334430916651
487.8,-27.055689560294375,10.330869821748454
487.85,12.04112425144248,8.953991553066137
487.9,43.68014922613506,9.623471807579016
487.9500000000001,27.441729848139843,9.965391908859344
488.0,-15.761573517999542,6.631597748784089
488.05,11.799361212570734,5.1331299617541974
488.1,52.01367107420229,7.999799486598168
488.15,36.71607137223415,5.888087606270145
488.2000000000001,54.06793713844318,1.7109508466509886
488.25,-70.63436395364556,-1.4766757964379953
488.3,9.980271733919365,-6.826550625999273
488.35,-0.3302687258370755,-4.137496986150095
488.4,-38.49782814275289,-0.00044614831721962595
488.4500000000001,-6.078429155035095,-2.476591398888866
488.5,75.0655257632121,-1.5036117067831198
488.55,56.99727140461182,-2.7299376993973046
488.6,27.668849539062737,-3.5030257624276406
488.65,7.564734622754395,-4.586491779399109
488.7000000000001,-39.32937420090465,-7.418281363873841
488.75,50.0463899628887,-6.802000253456226
488.8,-77.16228630774204,-10.507791372262464
488.85,44.35248911338093,-8.966107056212666
488.9,-18.021802070023703,-3.867425999193676
488.9500000000001,-37.02333649343844,-10.410158579235627
489.0,28.905860370627288,-9.133095519145526
489.05,-1.3278691457224845,-8.677013413588842
489.1,19.19388641154456,-12.767063558361581
489.15,-24.191871767284365,-3.1578013460272305
489.2000000000001,-63.70743921124497,-3.4027617118371247
489.25,-10.531486446749291,-4.758569460936857
489.3,9.34209189988384,0.9972764636982698
489.35,109.63822254487889,-0.25310399522332094
489.4,0.003299517517059928,-5.098592327821426
489.4500000000001,32.93563157084188,-6.998953828376113
489.5,-136.0936194012473,-8.686570635398825
489.55,-40.89933708412066,-10.591841529321453
489.6,15.372333667414772,-5.9213754793385895
489.65,-1.7407926760676973,1.7936077240885688
489.7000000000001,66.30407070900937,2.7803435718298646
489.75,58.5312945319553,-1.359835492472526
489.8,2.6711001883802474,-4.131392622983268
489.85,118.16004833873652,-4.31107701663193
489.9,5.471684403005173,-12.617300244129519
489.9500000000001,-64.95988318237283,-19.10817218006844
490.0,9.120693433939996,-13.107558969920298
490.05,-26.728072205817416,-10.055263704033067
490.1,-12.576718970156673,-8.294636467240672
490.15,-8.127428925288529,-7.6088387893423945
490.2000000000001,-10.039904446223645,-7.538865603754443
490.25,-11.530712974828893,-3.853586569755969
490.3,-27.513626523312627,-3.8431367379438393
490.35,-12.42519393281599,-4.204822335401204
490.4,30.288987088101372,0.49071680328461575
490.4500000000001,69.28911491102657,-0.44996110716618454
490.5,-23.67704485521869,-6.690235232286417
490.55,-1.6695997205197455,-11.714491643367145
490.6,-0.6536614510257911,-16.971308065782534
490.65,-13.944928219326975,-11.412517610460387
490.7000000000001,11.263221954263651,-3.051080731354319
490.75,-92.77346061185884,-6.599199955703614
490.8,-20.183610721794764,-11.528811366407721
490.85,17.35843945572554,-9.911532553266253
490.9,53.42706145923628,-2.11684975422258
490.9500000000001,-16.905840457014023,0.4400476961115314
491.0,-42.60494289157293,-0.10245244848616097
491.05,35.6237469628611,-2.4286286967666864
491.1,-4.633166876298892,-5.045117100567066
491.15,-11.665084750412428,-3.3231813116902726
491.2000000000001,-4.538651956719252,-4.416023345855914
491.25,57.671196553072896,-5.158737524503848
491.3,-79.705668659542,-4.578517675165252
491.35,34.926857555361984,-0.7850498033105757
491.4,30.546057899717702,-3.6189711158493374
491.4500000000001,-65.86553278482289,-6.833578284839378
491.5,54.38370691362236,-5.610565491908075
491.55,-11.11563105761561,-9.050158886503748
491.6,16.176338038533675,-8.597505238331502
491.65,10.271396284203147,-6.660563570412577
491.7000000000001,-10.298182100716033,-2.2043840362754303
491.75,-67.30340135721075,0.21177484652659576
491.8,2.7070042685398006,0.7376955989896194
491.85,36.2140788809974,1.7585192319571108
491.9,88.02880216576716,-0.36007984159373746
491.9500000000001,3.2756767884351983,-5.712236745159134
492.0,3.3825993915376116,-12.825939321623522
492.05,-45.26936977544122,-11.799219821773722
492.1,-19.295224801187008,-7.339911636978154
492.15,-40.848936588509936,-8.473163577021966
492.2000000000001,49.286729726825634,-7.836120930642934
492.25,-35.016698407923705,-3.455601711863623
492.3,11.7784447574155,0.11874764154393988
492.35,48.91581261535979,-4.062440158848269
492.4,-35.82861076770897,-9.798576750019503
492.4500000000001,-8.935319912703042,-7.740436351110331
492.5,-1.9647987503561088,-3.1621143094126087
492.55,9.961689131893516,-8.25771690795812
492.6,-11.914619090268905,-10.963292516557658
492.65,-29.889463856184236,-8.686049842518555
492.7000000000001,-49.72521080134333,-4.945129971516521
492.75,29.095657035167402,1.0994417367486289
492.8,35.866701104086985,0.7181047257284137
492.85,0.12976030177036682,-2.306090708676614
492.9,59.996094446126946,-5.349663135959485
492.9500000000001,-0.2281649601484026,-8.204603685423667
493.0,46.50369554650825,-10.933213605813815
493.05,-32.81380936068793,-9.406014824617623
493.1,28.051776846802543,-15.252541738982064
493.15,-52.9122849251972,-12.801907780685319
493.2000000000001,-66.09263240264359,-8.309050183390578
493.25,-95.63976134883356,-6.802347388150852
493.3,-27.824276627578183,2.1628529519851427
493.35,-9.169969924641023,7.311909520669551
493.4,46.726523751778515,7.329390984697076
493.4500000000001,17.416011605155642,5.964646052300661
493.5,-25.684385142523972,1.0263632671930183
493.55,91.93528510869014,-4.36445103690361
493.6,0.5903534534591949,-4.181693353450413
493.65,48.60301330366163,-6.97506177781071
493.7000000000001,19.517598706075816,-2.341018536712753
493.75,-42.020412084213326,-1.0166264671518284
493.8,45.05809200374222,-8.201643643724822
493.85,-18.391435675664287,-6.218429850328634
493.9,-19.639779401079338,-2.9341911792261355
493.9500000000001,15.736242789097941,-2.747560287171128
494.0,-23.519106504097625,-3.1709456748063958
494.05,-44.64920167488338,-6.229658120339515
494.1,-1.1026720213191845,-3.7208714061942842
494.15,5.9626920852007945,-3.0181841900814135
494.2000000000001,-32.636601004404056,-3.5202494733937444
494.25,10.642554909295008,-1.8335869461679812
494.3,26.298582667289512,-1.2079572410950579
494.35,40.747979943835915,-0.8204716037323924
494.4,22.063599981673924,-10.182218206133305
494.4500000000001,-75.20009930765073,-12.294078823019284
494.5,33.059085982767165,-5.095871334248579
494.55,-59.5860648112245,-6.822057216695377
494.6,-33.98833323305778,-7.558610909513965
494.65,6.397421432434874,-0.11716952928733759
494.7000000000001,5.672981453492043,3.2097289310261568
494.75,-23.158812242182837,1.7052880222233453
494.8,4.9654232741694395,2.514674638980596
494.85,-8.095158948684105,2.777808099845351
494.9,27.753781197900942,2.8455928605429532
494.9500000000001,-3.4060801123565274,2.1979412484564573
495.0,63.162893438789965,-0.25427248347571674
495.05,-0.8441366813867858,-11.509881249894018
495.1,72.06239884641882,-10.96375399221437
495.15,-126.41229683948694,-6.42143495498985
495.2000000000001,48.60910280251481,-6.432384300603869
495.25,-12.857426809490228,-0.5872469453685587
495.3,-27.7342102276973,0.06514318529877072
495.35,3.5683280395536046,-0.11696102811699866
495.4,-25.768747186658477,-2.958865977733227
495.4500000000001,17.658720613193914,-1.1626325302678455
495.5,24.98584231854484,1.0741134459863138
495.55,52.83881596423217,0.7445916878974079
495.6,14.792736613481145,1.5673527851209141
495.65,-84.3077997413591,-1.8913466974255446
495.7000000000001,96.87192533933907,-1.093756220609912
495.75,29.61107938476053,2.5872459396940313
495.8,-4.712688953105259,2.1519140932107224
495.85,-58.56881883517272,-6.981263260511934
495.9,-59.483495839677005,-6.92456528649518
495.9500000000001,50.82796530218434,0.856664470433518
496.0,-41.73217996259761,-6.274748564755554
496.05,-20.358603039955828,-6.420383255216369
496.1,22.18646191197184,2.0501776047442055
496.15,-21.449374931475663,-1.921691465921774
496.2000000000001,3.8269709213125074,-5.411252033086282
496.25,3.2876914040504834,-3.213824779546159
496.3,-4.932959028827335,0.7180911907964649
496.35,34.7215822681268,4.8957999106750805
496.4,21.538234802397987,1.9072422956667707
496.4500000000001,-67.76117195197425,-3.014597573703199
496.5,18.369732804556595,-4.687187783713505
496.55,-12.200891718807153,1.961268997472588
496.6,52.79162733753396,1.2183446837081595
496.65,-16.228833854977243,-2.9648509891760915
496.7000000000001,-22.598208534124286,-5.656419802645686
496.75,-27.86102098012367,-7.29516291247687
496.8,10.706393704614197,-0.2596060754852496
496.85,-10.617591590966386,4.034580169974645
496.9,1.2120512210104917,4.482677976257485
496.9500000000001,3.0000514395734896,2.5344486805645996
497.0,-81.83302887580653,-0.02154515838333499
497.05,-36.35088004553277,2.571465263557777
497.1,7.116661559551874,5.85272704124537
497.15,-15.688613293049261,6.9277903983813625
497.2000000000001,16.158160010426677,7.792318346953213
497.25,-24.624242751521415,6.632087943360297
497.3,24.170884937180837,6.825664083281071
497.35,11.85386580196299,8.19466074486903
497.4,-4.90189633994536,9.47057390626856
497.4500000000001,15.142113855088608,9.357168621933102
497.5,-55.11750107302039,7.43787166231227
497.55,1.730501775069901,7.83491307840439
497.6,-9.684141242946493,8.454164339006761
497.65,-6.08604214375328,8.5354269540652
497.7000000000001,9.243879253039506,9.461808866647159
497.75,-13.88837025039384,10.06331151934328
497.8,8.775626046990173,8.424664357604163
497.85,8.11730632608446,7.562392274071325
497.9,-8.675849603458694,9.22402503072607
497.9500000000001,21.163040628024238,9.781541414443229
498.0,0.4017785223685217,9.155898396480826
498.05,8.98100886089396,8.716870974065406
498.1,11.451148805357699,8.874549736761184
498.15,-21.061654973896065,7.177953486853108
498.2000000000001,5.003579231663178,7.978099677876224
498.25,-4.721551784553657,8.947442267293523
498.3,42.034280051561126,8.302477707121879
498.35,-22.638140331703994,9.9304058081682
498.4,11.342681445200936,9.016745290242605
498.4500000000001,38.00670454235078,8.540997408105241
498.5,-85.31652938459833,5.985853776330328
498.55,-7.615796320957758,6.693872856212819
498.6,-8.397605088643648,9.952621871343908
498.65,-2.7484194563515034,9.199309748224534
498.7000000000001,12.477831137821187,10.053144614438446
498.75,-4.451655345789078,8.947932658054722
498.8,16.406845092764275,8.411258486309919
498.85,-7.730213922308163,9.209352390532484
498.9,14.363824704804905,8.818230025692078
498.9500000000001,-14.337502108984843,8.652633236385986
499.0,14.492389466925678,9.757678150633076
499.05,-15.576192001927833,9.639768329851831
499.1,17.87782093257363,8.742294581107245
499.15,-16.446523379830623,10.569180124035134
499.2000000000001,-2.6021431440038856,9.547986062263046
499.25,28.54366052386727,8.932932984656144
499.3,-11.78364987086915,10.325912181098523
499.35,-10.546513433883424,10.269654444334789
499.4,-13.603773090888792,9.867567625806483
499.4500000000001,33.37959691870157,9.494745886240024
499.5,-7.10654325936208,10.634667230533035
499.55,44.72434536671717,10.86303442208617
499.6,12.290870790878254,8.623574664980596
499.65,-16.597619339375033,7.262698093411897
499.7000000000001,11.456426738291643,8.42911280692172
499.75,21.487549805454947,8.153996771293519
499.8,-31.933901753530417,6.562079128709466
499.85,25.945822813560625,6.519987448448265
499.9,-26.66830186278493,8.470560992021358
499.9500000000001,-0.1978410212674956,8.526965619540972
500.0,8.033310514336723,6.268373055147896
500.05,-16.391644656422834,5.644343431539836
500.1,4.652263415563577,7.0663454978301825
500.15,-14.41775777014055,8.034662130644403
500.2000000000001,11.10229817117285,8.360040688231205
500.25,30.421203306006774,8.853605662089967
500.3,39.25683421822259,7.610221037155889
500.35,64.36395984672833,4.661672927729662
500.4,125.04965518391889,4.650572318500081
500.4500000000001,46.631605209941085,2.027234927284302
500.5,-57.62939984331259,-4.533851658449804
500.55,-7.6831854870066545,-7.70788029293406
500.6,27.054827472330444,-7.251971847194871
500.65,74.7224615161242,-9.046402195207225
500.7000000000001,12.244113990524497,-7.005835390138589
500.75,-44.45242799573515,-3.7637205888471454
500.8,-3.8934911130819603,-7.926073374130313
500.85,-39.305758634921105,-9.605971663985105
500.9,-18.08131875124541,-8.09359485799402
500.9500000000001,-24.059540321415803,-4.547519717489331
501.0,-9.178305778780805,-3.467258385453615
501.05,4.458158586413336,-0.8419871624834518
501.1,-35.325975715929765,0.5126015561456785
501.15,-74.29499202912055,-2.2462103509913844
501.2000000000001,18.556444328843348,2.6832813434314424
501.25,-82.7065370571081,3.7094870512534914
501.3,-46.10165157476336,2.876010565127082
501.35,-9.88676695276787,7.032498146464878
501.4,21.034514255597745,8.970698123804471
501.4500000000001,34.730349652728,6.430796887299079
501.5,28.901528713422298,3.9536675563348886
501.55,31.259748541304223,3.991914043944443
501.6,8.698711675920142,3.8845471570035626
501.65,22.249944477540232,1.135491304085947
501.7000000000001,11.367764034296133,-2.8406688267992695
501.75,-43.42661112309324,-1.3144571272723582
501.8,40.46125832888908,-1.710551150567455
501.85,17.927303985926788,-2.1961890451087944
501.9,-1.1387502147292548,-3.9332583964835024
501.9500000000001,-13.400348703814004,-6.530687561132563
502.0,-23.688562068661998,0.5357501542245651
502.05,17.58703058322174,3.372310180036161
502.1,-20.582981102563355,0.20011313106300982
502.15,-22.6820948643262,0.3954786164344683
502.2000000000001,-27.442000246498623,2.589365545394013
502.25,80.64190120162417,6.152409979322541
502.3,61.87667001792999,3.5842191989698504
502.35,-50.90748973120555,-1.2218129713035277
502.4,-81.18201203383047,0.8907956714632667
502.4500000000001,-33.7976117446392,5.23440645330932
502.5,23.57136505869806,6.674726526178069
502.55,32.998812879185834,6.498004721846219
502.6,89.82938732292482,4.60443973780292
502.65,5.339914827769785,0.8718091744213442
502.7000000000001,64.06570508120221,-4.1730989384165555
502.75,-40.29420085411637,-4.51260057469384
502.8,-62.55239768177694,-3.4053625947299593
502.85,-64.54736671039501,-4.556738529073482
502.9,14.91976972926057,-1.203195468688894
502.9500000000001,-35.39290416766558,0.8928475616082365
503.0,26.30705652751533,-0.47023076290105237
503.05,-53.412488384181465,1.1674454128421332
503.1,-31.2004681298322,5.694000705020837
503.15,-12.958123011659817,6.099222828112087
503.2000000000001,3.2585949925010063,6.587236434610691
503.25,40.82540618810974,9.006194403364857
503.3,-18.104617991045128,5.374361866065644
503.35,-22.69144345444679,3.9774308392728885
503.4,11.914569370953085,7.098684670292445
503.4500000000001,2.8586347015843305,5.790180786976711
503.5,-55.74704392486559,4.956571107717205
503.55,6.7328885578706075,7.5947312035408965
503.6,-9.818611345168888,9.097771855085263
503.65,2.351809537371182,9.168070838656309
503.7000000000001,21.580683585934477,10.486488235192438
503.75,14.378695857891566,10.566552801094385
503.8,-14.105557004658243,8.738741358990524
503.85,5.454089042868068,9.860478810671015
503.9,-25.72867527873901,9.402151381578713
503.9500000000001,0.2643263777565214,7.726573555891246
504.0,-17.684560728354317,8.854729251501956
504.05,36.261605297986726,10.296378337416867
504.1,7.821392468132025,8.989656316819834
504.15,71.7052785083161,7.1020112591969955
504.2000000000001,-27.938167678769464,6.938815846942144
504.25,-0.4898065716386921,7.124643791453758
504.3,-46.512441301754976,6.476627813617822
504.35,-8.269704599613299,6.929385814827575
504.4,-18.356555358438932,8.55316072820036
504.4500000000001,-8.609560048661322,9.112694763056098
504.5,18.217429044165538,10.349582596710864
504.55,9.57021459076512,11.664133605068725
504.6,-20.91800336891968,11.441234481837427
504.65,7.818021356630368,10.368066706982823
504.7000000000001,3.109684695379509,10.070997666516062
504.75,22.63219980533876,8.41359503632168
504.8,16.49968105435217,9.036662403597248
504.85,2.3650464214098705,9.60721977485237
504.9,0.737766828595166,8.890702438345622
504.9500000000001,-44.4939099476222,10.496662799290219
505.0,25.358656300700424,9.726116420037664
505.05,38.75280655154104,6.760747844404955
505.1,1.9979762861963022,1.4302264428812521
505.15,-14.794912948263237,0.7275534940623581
505.2000000000001,38.30837244647535,6.367533789434692
505.25,10.881106653171555,4.605920006528083
505.3,16.320665217894827,2.9385271545332836
505.35,3.506300951918766,6.943045879551777
505.4,50.69476245780517,7.740079347503784
505.4500000000001,31.42100056434856,3.626430715452582
505.5,31.261566183226915,-3.872379648715923
505.55,-46.56630720637995,-5.414652992105243
505.6,37.44165787623645,0.844330124200361
505.65,21.08513583973781,1.0103888820669098
505.7000000000001,2.9654903025284876,-0.8626633061895619
505.75,-21.788416324064066,0.1105085823853913
505.8,-67.58767109877601,-5.983684235647552
505.85,-2.437989123759202,-8.983810936759909
505.9,-26.92129680126066,0.15690690581887345
505.9500000000001,5.845690158807687,7.206377357257515
506.0,-44.11679893621273,5.18830492449074
506.05,4.035677740460215,6.262197141913558
506.1,-17.975221988858898,8.346803030378565
506.15,-40.19381759859511,6.2583526745882025
506.2000000000001,-3.5840222123456633,6.9598338089699565
506.25,-5.423545969895121,6.861131128156644
506.3,-2.243872545616053,5.0235571988219565
506.35,35.41539231745338,6.803440383066485
506.4,21.221375872899248,7.696057768982261
506.4500000000001,-22.430997090377943,6.081603994227795
506.5,15.456718517788534,5.02460116350154
506.55,-10.206624577300907,3.0136288317434223
506.6,-10.072396480689962,1.2125588600446287
506.65,3.652478074128158,4.68591052818843
506.7000000000001,23.714348875297873,5.542506281339937
506.75,58.01613804752564,2.201112852686616
506.8,-16.355784451722368,0.6506776264528091
506.85,6.65683818743792,2.182621451770954
506.9,-46.029090229500575,5.229566371106944
506.9500000000001,-48.51976274278189,4.87517401407366
507.0,29.856576380610214,5.134225902937878
507.05,69.90669955017542,6.644945530840637
507.1,5.036224484213455,1.849595572279365
507.15,-5.504649550303424,-1.4634177253773826
507.2000000000001,-36.15426199397759,2.9088867470773097
507.25,62.387256286314056,5.661299714463628
507.3,-118.58022715196611,4.858744279077997
507.35,-33.30658006431146,3.358636312427776
507.4,2.36867805997457,6.806948698941915
507.4500000000001,15.361597422366346,8.468538563330235
507.5,33.32447208037979,7.765612368862772
507.55,2.0602095558873867,8.259148008388285
507.6,-16.881562274888235,7.030838831404645
507.65,-8.73869802546518,6.181115292779578
507.7000000000001,-21.28131752231358,5.054495603135337
507.75,-12.65138260757764,6.394348646464539
507.8,33.53043676591012,8.363752850585897
507.85,-4.698923542613042,8.440960124809495
507.9,29.553970318983986,7.4696334256421375
507.9500000000001,20.53200506862357,5.315166095328247
508.0,32.19074061773402,6.554230226571527
508.05,65.75425874596114,7.164720797328254
508.1,42.96743467936295,6.338918881991979
508.15,197.60148170804922,-1.7493974579128357
508.2000000000001,-27.550437482083808,-12.391284477455693
508.25,74.7885978088916,-9.384709289428733
508.3,24.990069709411106,-12.367287449612991
508.35,-18.636223836365556,-22.44398008807584
508.4,-93.91112300144322,-27.007778920713765
508.4500000000001,-7.964158695395985,-20.55341615230946
508.5,-30.884130104373458,-11.986876307782888
508.55,-51.19497284634244,-10.705557983160709
508.6,-5.744017141812323,-8.748939575234274
508.65,22.69050521293568,-7.26140347285382
508.7000000000001,-3.377837468165204,-5.360500681738994
508.75,-43.45920292705366,-6.838319392760208
508.8,17.64969097696934,-8.269078580110063
508.85,-51.61277629417564,-9.913270775381786
508.9,-42.523221620254525,-7.308842069495979
508.9500000000001,6.393047084642906,1.5752975565527154
509.0,48.62210301961094,3.3201609698342613
509.05,32.32034216839609,-1.0159651576912387
509.1,-4.2317425581324,-2.791507058734326
509.15,-30.269031411866433,1.7640189320735553
509.2000000000001,13.972588591979308,-1.7596368716476622
509.25,36.20210348931466,-5.295051824884182
509.3,34.256553996190775,-2.377016889448498
509.35,-17.92441340580884,-6.019674527117683
509.4,-56.931792497575,-8.18168440452728
509.4500000000001,-38.37681081644775,-8.247329027408442
509.5,-56.82579124725767,-1.717703995833032
509.55,-16.649363143524894,-0.2812543181439535
509.6,-2.240123191953588,-6.962016424750986
509.65,-48.920513945036525,-5.339924773550435
509.7000000000001,-52.020604353218054,1.218996849709755
509.75,-1.3112096407211036,7.189251545686757
509.8,54.85827577136842,9.353749726650085
509.85,5.17159187517462,7.86560706001031
509.9,25.353147077476486,7.715341410028609
509.9500000000001,-17.889690843578897,6.338530407853681
510.0,27.505602727015177,2.733962616390064
510.05,21.03301843802283,4.470076425131484
510.1,68.20440146533281,4.65817169072742
510.15,-0.9617075039974174,-0.9882707644410542
510.2000000000001,-126.91291440669211,-0.9258353610991791
510.25,-16.997227081051403,2.2242652763374915
510.3,17.764419346235105,0.020826168570488628
510.35,10.627514748309181,1.1735317917526977
510.4,51.25537521730227,3.600287313045735
510.4500000000001,-26.486179839383524,4.71283369946919
510.5,-53.4516084211347,2.6515740541737984
510.55,103.5614989909387,1.6453975767877274
510.6,21.27084306452971,-1.8802916354171728
510.65,41.27862496885924,-5.209018913538025
510.7000000000001,-35.35946674479329,-11.868134596280509
510.75,43.076567384448666,-14.554831689456895
510.8,7.746009060024705,-9.695633059886923
510.85,-48.836457495183524,-11.603749959340126
510.9,42.63643474560693,-5.5994729978485
510.9500000000001,21.370751288807615,-2.2961924258027593
511.0,-39.96563735643786,-4.9647932281400635
511.05,-46.09920872578858,-4.359941860519995
511.1,-32.236841161848936,-6.2479014153900865
511.15,-49.282129404495215,-2.7262399599733818
511.2000000000001,38.748849740683475,4.732980471464529
511.25,26.136948221065506,4.424079189573896
511.3,9.719089684716693,-0.3034543422927862
511.35,-38.66665960356505,0.7547850369986302
511.4,7.716928604097168,2.79004156703487
511.4500000000001,30.228061243363765,-0.18540776577726326
511.5,39.397386650388285,-0.6720878033511245
511.55,94.29624315826528,-1.887743808698638
511.6,-2.2848440701972583,-5.820482796714659
511.65,-1.2378100786994284,-7.636872510250673
511.7000000000001,-97.69163414162486,-6.831576237619431
511.75,-52.85629968535583,-2.1889157000995634
511.8,6.988259954993988,-0.5611124656076496
511.85,16.383655273628758,-3.5560711248284225
511.9,27.47277492699966,-2.351055431072863
511.9500000000001,-10.102246321713785,1.479149361401025
512.0,34.32189255482303,0.2908658945603632
512.0500000000001,-95.055176375885,-4.271039746223201
512.1,110.35925919051358,-1.6841918841382826
512.15,120.44900425835857,-1.446179456068977
512.2,-26.208700874400947,-5.502348860838081
512.25,-67.75394163564145,-6.02664825107638
512.3000000000001,103.95032501363326,-6.886100907984904
512.35,51.62395797400818,-16.23819981668005
512.4,-3.3040201113132137,-16.898026656675864
512.45,-57.70602396463829,-15.473378183428832
512.5,-90.07393389463867,-21.278616733322863
512.5500000000001,32.825681634924436,-15.764201458424331
512.6,33.34610088784102,-7.303960507062753
512.65,-9.628205109360852,-6.257029364912421
512.7,-2.976550154651097,-10.688695968325922
512.75,30.963729858468792,-8.05679177906313
512.8000000000001,6.791186943316391,-11.370094423750103
512.85,-7.045925692325539,-13.02822825390526
512.9,-16.903544648146347,-15.965224219480483
512.95,-7.916628018717944,-21.161361326289235
513.0,18.759832311977515,-14.164239398722444
513.0500000000001,-15.429133539098228,-10.3075789759279
513.1,-12.743669503838513,-12.210186491066821
513.15,-3.769917875820657,-5.403765941940323
513.2,-95.18236965909651,-3.8439135857203746
513.25,5.6564967298232744,-6.916475785117735
513.3000000000001,-37.20304379960749,-1.087628662723878
513.35,-9.667817608887201,-0.4800793418995646
513.4,-27.598531045836214,0.5335235947578132
513.45,-40.157007496089605,-2.09879822733188
513.5,-9.28001782362122,-1.4699481716240492
513.5500000000001,61.7095489854381,-0.858787009845619
513.6,3.917013147425666,-0.5242040539062035
513.65,51.02967048292745,1.887559065511219
513.7,-1.9433995274844795,1.4298590641018913
513.75,-35.44103620987184,-0.9258259235422388
513.8000000000001,24.27260172330637,0.24460167000891647
513.85,71.6895042864335,5.315032015469874
513.9,16.38361749971677,1.8993038028794225
513.95,91.88974721430198,-4.531938225390792
514.0,24.554675302012704,-5.046998004568504
514.0500000000001,11.961303274894018,-13.533236202946721
514.1,-29.742977170177674,-22.7724746423606
514.15,-16.502320247434756,-20.068199431837545
514.2,-11.415556488171449,-14.448412073018378
514.25,-11.261063986835122,-11.906571737653616
514.3000000000001,151.59520509147885,-10.872037813773929
514.35,-11.891434856339714,-13.272739075363026
514.4,-0.66513058211907,-14.435627311743675
514.45,-85.85952463412421,-9.89569359406156
514.5,6.869833549744508,-13.214111389929336
514.5500000000001,-31.912844648648377,-16.413797397547427
514.6,-40.000156612265556,-11.257382743496567
514.65,53.18388958561597,-10.180873951921138
514.7,-74.50902085619641,-12.070301538476539
514.75,-13.876397528920963,-9.065531506625804
514.8000000000001,-39.709707731002844,-4.532153468816035
514.85,2.3682262025334078,-4.534587854300675
514.9,15.362510066935446,-9.236284159317519
514.95,20.938705177684156,-5.474323828586794
515.0,-70.23800756524832,-2.7136384841600005
515.0500000000001,-32.75802129089094,-3.702308745054223
515.1,28.812749880569747,-0.21865767615252585
515.15,-2.197713153149517,-1.358346786815301
515.2,16.093155767813982,-2.9300220349788235
515.25,-43.40040183703078,-6.53414409342052
515.3000000000001,11.511464560265521,-5.423282548172192
515.35,-20.89279723330623,-2.405000773373285
515.4,0.7845505506285763,-0.5355240674459752
515.45,4.3071124130086815,-4.805955651084345
515.5,35.93873793819043,-6.902962321903927
515.5500000000001,-66.39826594192692,-0.3613666851687682
515.6,22.48600158466717,-3.7200407609937023
515.65,49.587091037936034,-5.177081621468612
515.7,-63.656462791868144,-2.515898101936206
515.75,13.55400023960236,0.9738831471856881
515.8000000000001,-97.27751071571811,-1.7945300406694895
515.85,6.767857026223174,0.28704489170485226
515.9,38.138013967470236,5.782031801833914
515.95,37.36548390801315,3.196683863438211
516.0,46.916604177207226,0.18874438528435633
516.0500000000001,27.475496305470482,-4.054785810303938
516.1,-23.27206209908538,-8.08340049886523
516.15,-16.992221452745753,-5.249485424369383
516.2,20.448768945247153,-2.5188740065383137
516.25,-67.95797956085518,-7.6239471796623155
516.3000000000001,24.901213067084946,-8.39493775546198
516.35,1.076258618704406,-5.18607058105755
516.4,37.03969593978457,-1.4396695082959186
516.45,58.19643330344353,-0.6780103068112315
516.5,1.78520389421222,-4.728324691657018
516.5500000000001,-30.17437002189479,-7.771566663613655
516.6,-33.10893166674868,-6.782680684326816
516.65,-43.78045250709373,-2.0849426250479666
516.7,-16.827222529069125,-0.46327874258896273
516.75,70.9845385529949,-2.5660818861596817
516.8000000000001,54.46224326007199,-6.032915249619163
516.85,14.503464469373004,-6.668417671714566
516.9,-101.09475345219185,-5.933281948096967
516.95,-6.285802628842085,-7.423167783622804
517.0,-6.5588658098043915,-7.640400021251328
517.0500000000001,-4.054882225906493,-3.0894435155233815
517.1,41.99869475267758,-0.4015689548181004
517.15,17.78953591216341,-5.249596508819265
517.2,48.655426104937675,-8.595991594141344
517.25,9.506798150590376,-8.205997481550158
517.3000000000001,46.126899462762864,-7.804966172037971
517.35,63.10829847458335,-4.830623200722099
517.4,57.65676882437418,-7.4933932273364166
517.45,48.75745384782092,-7.143815962291006
517.5,37.30190664569964,-9.91433063261601
517.5500000000001,-85.94700807349425,-16.257892074489956
517.6,-75.37855939937585,-17.503031246798447
517.65,5.083490229873822,-16.998719742958478
517.7,-30.04206806277368,-13.922453944419981
517.75,-41.73297198637479,-15.847571096149041
517.8000000000001,-0.30330359748093205,-16.226166636129083
517.85,-4.250430223328749,-15.731103263119817
517.9,-30.6695696092422,-9.144172927735717
517.95,-46.57296055060114,-6.976271115056174
518.0,-36.217017562618146,-9.141452061778805
518.0500000000001,-61.701236854390785,-7.255651167288414
518.1,-47.6249616403694,0.03850158215414492
518.15,-15.56569372808914,8.59014193806799
518.2,12.743578459774453,7.251656423468417
518.25,-41.1183904783016,2.7203417881670884
518.3000000000001,17.100967543620584,4.248325624625634
518.35,-10.805179736468137,5.69283292497249
518.4,9.40131178796762,6.751279616587159
518.45,-40.90715039338241,10.728732429691807
518.5,-24.2175220962953,10.762890686779366
518.5500000000001,4.240218109346851,10.330552720953841
518.6,6.669289337079619,9.695547926163718
518.65,11.942768933621899,7.111009506620338
518.7,34.444582855374215,8.031372121325298
518.75,2.427358951312564,10.000413638295347
518.8000000000001,6.347492618678556,6.079164078653129
518.85,-21.583938141926033,3.9135747472641986
518.9,19.277154163641868,3.79657809148342
518.95,-54.885290648804954,6.200183416585815
519.0,-9.152271740006698,7.783525405024599
519.0500000000001,38.51609532077696,6.8770397951447295
519.1,-2.143804270511303,6.388614063262845
519.15,32.02325685858363,6.182321921942315
519.2,46.95372312522682,6.463552556283565
519.25,8.620229683040844,2.8754936758791407
519.3000000000001,-12.387321129443704,-4.119270786939365
519.35,92.63490988138693,-3.4387475721469807
519.4,-17.803122843210694,-2.567188998714592
519.45,35.129384550501186,-2.274861386167106
519.5,2.7364997095406824,1.4129280562400002
519.5500000000001,66.67367190201477,-0.9587866812410882
519.6,118.699386392468,-0.4123737270461718
519.65,-66.81599325778139,-8.961917902473687
519.7,73.7030930676918,-13.1934373928301
519.75,70.55050134619961,-11.502892075889342
519.8000000000001,15.560902211492136,-17.724492869791973
519.85,51.89014310230179,-19.392730855330427
519.9,-108.32844921072618,-31.174783875438557
519.95,-4.148075611116039,-26.075556368576056
520.0,36.72239125704188,-11.748657002958115
520.0500000000001,-79.684773714337,-18.436697516035352
520.1,76.38534281430863,-15.032530419193249
520.15,-26.313225532056407,-11.70081318303314
520.2,25.19104971553129,-17.177695693349992
520.25,-84.25625650286175,-17.021852207091225
520.3000000000001,1.8956502007717975,-13.824432176809205
520.35,-51.74824848256786,-10.242526186427376
520.4,-30.698762391002173,-9.63352451353231
520.45,98.51112899117173,-12.677735808828835
520.5,-65.23072565701789,-13.787915230018
520.5500000000001,-49.93182911243006,-9.930913326846513
520.6,-11.137010303462386,-6.094130995474461
520.65,124.5733859057096,-5.274859955992137
520.7,-9.523724066146652,-11.67086591422817
520.75,12.256778199614393,-9.728536218942944
520.8000000000001,12.331830194938378,-7.101878371932698
520.85,-89.8844334311897,-15.032897490835797
520.9,-26.579916883976807,-15.491828951641216
520.95,-41.36915909685454,-14.339599390722848
521.0,1.0153244258824754,-10.216907789547294
521.0500000000001,-32.05314702544542,-6.1904696581970216
521.1,29.814947607126722,-7.30353182249516
521.15,8.457893366307143,-5.351214193598347
521.2,-21.089339380631003,-5.9230774695968815
521.25,45.30001232781809,-9.565050681719894
521.3000000000001,-5.4160568861235,-16.65263941153444
521.35,-53.59588729029127,-14.834817462222196
521.4,-11.534572154644184,-9.49425038879046
521.45,20.495914365124364,-7.014744130886147
521.5,19.12752019261588,-0.4292049483893943
521.5500000000001,-54.09697340074948,0.3059565899333847
521.6,-16.284582094459022,-0.2323835599812698
521.65,55.07537008577806,-3.6536536466159366
521.7,-26.278863296814446,-6.6505154593245965
521.75,-57.58245995701512,-5.855908955362004
521.8000000000001,33.63433857142693,-3.375393371854162
521.85,8.710552691877638,-0.6460861519848161
521.9,-45.281157859459505,-0.9010773420595779
521.95,-25.106258671403157,1.1183925506248455
522.0,15.86812210185358,4.147787038390453
522.0500000000001,76.52460605968885,3.517069455999277
522.1,-91.25825915132774,-1.6023087999570984
522.15,-30.093822950462382,-2.150636762753556
522.2,53.752434020850686,3.3358456140512156
522.25,3.3741598272897866,1.9423921268790205
522.3000000000001,-58.72169720433762,-0.4302967019289181
522.35,58.6294161653368,3.1177157508396585
522.4,-80.0819747536592,3.8803857106755064
522.45,32.31988338410586,6.855930821150506
522.5,39.80220801475479,8.55199079241647
522.5500000000001,11.629422470753655,3.1555231908379087
522.6,-0.5367638128525251,-2.5907601573203114
522.65,77.7244616111356,-0.07676823093573154
522.7,27.70367437444137,-2.8928920405876575
522.75,0.4411164201095123,-7.190843675049971
522.8000000000001,34.28613994678981,-7.619846900594206
522.85,-82.9461330834131,-5.428760748383389
522.9,-11.56135791124562,1.0764246183225856
522.95,-56.9397958016352,-2.5559154652923173
523.0,35.627058405230905,-4.715928986675257
523.0500000000001,39.86229271521101,-5.630219307928835
523.1,8.819383264124731,-9.341228182733238
523.15,59.69907257716021,-8.797151054818777
523.2,24.0515290845901,-7.177217144514953
523.25,-36.461066374359326,-13.11702209206262
523.3000000000001,-13.320019961671452,-7.5959606029494875
523.35,43.11107232526771,-2.0804451348049278
523.4,-108.92900584349347,-7.455347412888057
523.45,2.488251353724687,-6.1561211687974
523.5,-54.756137938001565,-5.048882268942915
523.5500000000001,-44.08455162789001,-2.107072017477327
523.6,47.836880792814384,-4.1081167338932
523.65,100.97606665511942,-3.2690470099511812
523.7,-11.042680025172869,-1.6339648392839003
523.75,12.46368289160671,-2.2501115630054076
523.8000000000001,106.90459863974286,0.3024121430267608
523.85,-0.8292300459305305,-5.603620747875327
523.9,-20.857756951738082,-6.445744343073193
523.95,-74.23877907563683,-6.5836890506694274
524.0,-19.205057077576505,-7.176934507779702
524.0500000000001,117.92110657405078,-2.6102034589009273
524.1,-105.80919086219541,-13.608608434735231
524.15,13.79659841314269,-21.20900068308682
524.2,-104.60325059738271,-10.951160385305476
524.25,2.1014766645398737,-3.1100244359701588
524.3000000000001,-33.84929799165918,-1.7540878058794152
524.35,38.35834789444231,-0.9641543494113768
524.4,-13.447000785213996,-2.064810497462002
524.45,-2.338917996009442,-4.239841092491141
524.5,-22.412548965427412,0.25655653228908565
524.5500000000001,27.48756773111479,3.232508262460991
524.6,24.85075051508837,-3.1733334540393674
524.65,-5.514555825102973,-2.4358855091829033
524.7,-22.668115386776027,1.3964657392436748
524.75,-37.82629285915453,-2.254936800863052
524.8000000000001,-15.887866354583334,-2.53303015728539
524.85,-17.54587707245984,-1.1093894203145847
524.9,-38.56518906095876,3.389494601345031
524.95,7.378479237774715,6.969246492079719
525.0,-35.770380197101474,6.125116757418449
525.0500000000001,51.15638251341213,7.252123180423388
525.1,-14.197885807560462,6.710696847977148
525.15,13.32655572721882,6.97831302606207
525.2,-40.87988067118089,9.618096804852332
525.25,-19.38416593138428,10.95150278290372
525.3000000000001,-1.0929024191202974,11.104417238643471
525.35,39.434120790007356,10.091306825577034
525.4,-3.8345227441467302,9.252177981989343
525.45,-4.1458613740605195,6.629845836884729
525.5,11.37414354668693,3.6091998489500288
525.5500000000001,-4.268968404006375,3.854193005095705
525.6,67.45443641755304,4.861960333781322
525.65,-20.03160036072031,3.546238478515111
525.7,102.65087728987265,3.570835868762344
525.75,-46.51550818754703,1.2184971895193033
525.8000000000001,56.93145490036208,-2.410598955228081
525.85,-28.284964915183902,-1.15404567829705
525.9,-23.961512403969834,1.3821119522219525
525.95,-28.338915238579744,-0.3629859551428199
526.0,-25.690749121738346,-4.311909812755364
526.0500000000001,30.078656507450994,-0.8532075124717415
526.1,-9.535566280945854,2.0510317502038076
526.15,-23.506130678408745,-0.5980946940125529
526.2,-9.64314544431965,0.40746308133493814
526.25,18.80303658241743,4.856862719186339
526.3000000000001,60.0046853184456,5.142433673711284
526.35,-37.137091961387824,0.7394444954487186
526.4,48.87055720289894,0.3973711610250024
526.45,22.64298740306005,-3.4791328324105275
526.5,9.096306497990087,-3.8212050691634754
526.5500000000001,55.19334768172632,-0.2440465405783379
526.6,-16.64525159279528,-5.790621144327441
526.65,30.76677821753043,-12.822475696467578
526.7,70.55090470617859,-14.02892078388402
526.75,13.856353766196985,-12.743253509074801
526.8000000000001,-84.73461379503917,-12.57215130574626
526.85,-76.25005277422052,-6.7746705659086945
526.9,-42.9107764982121,-5.69838726231448
526.95,-5.690589422377367,-5.505818703808569
527.0,-18.79890515940127,-3.030372757562099
527.0500000000001,3.0486299788507387,-1.8226586016196578
527.1,-63.31066648873201,0.8179453067883417
527.15,20.275532809993123,1.5892391380113697
527.2,25.990853446805673,4.854228761735436
527.25,-4.211313792278865,3.7332964561844157
527.3000000000001,7.806312984842743,0.6291546080007412
527.35,-6.877415604661296,-1.9392707502666249
527.4,28.457476527509034,-0.29769696344491997
527.45,24.969984991759134,2.8018323818573987
527.5,23.636524365638078,1.8557551359842397
527.5500000000001,91.6678560344279,1.9612169642976958
527.6,-4.749858157766255,-2.9764780206748425
527.65,-39.10675834646317,-5.715753185371841
527.7,-2.6441080400945602,-5.021435793361635
527.75,-31.165640988943714,-4.033265376419892
527.8000000000001,-25.248352380575962,1.4314730632293855
527.85,-67.91036883823936,4.849155565690328
527.9,-26.854019479225162,3.997529611673473
527.95,63.97407846180067,5.350685240084816
528.0,-35.798155015803076,2.7161482728931476
528.0500000000001,9.838776541388945,0.5273225860930885
528.1,-27.450731691007125,-0.40425337858866184
528.15,-29.026212216462785,0.8114905382438753
528.2,67.62667026860957,3.122899891047197
528.25,45.3689914089748,-0.06844007130895655
528.3000000000001,45.86809403785106,2.3743015408545944
528.35,24.461523844216167,3.579326568991879
528.4,-2.073475235238578,-6.2201595103680685
528.45,4.852663006701713,-9.331675675310175
528.5,-29.855428506725172,-1.9260256151493775
528.5500000000001,-99.22208151177354,-5.141656282931889
528.6,44.79447781722146,-6.05027300755825
528.65,79.43045781036693,-1.7279320721168454
528.7,110.04574827115324,-3.5220490697247437
528.75,-77.11977676481028,-14.123566901938394
528.8000000000001,-48.30289492609165,-20.040116644603387
528.85,-31.08906812825438,-13.582096922947612
528.9,94.92870673910005,-6.738562770072117
528.95,30.10998730734591,-5.141462167846014
529.0,36.12249415199844,-11.42035434256357
529.0500000000001,-16.065317310411768,-11.032378152124345
529.1,-3.92233808349603,-10.251810326103952
529.15,-70.80887527463754,-11.008423755457146
529.2,-29.39374641232264,-6.034520987017917
529.25,-23.410690094401662,-5.567008382852951
529.3000000000001,-13.060108623422853,-8.047685417134058
529.35,-24.945256272740103,-7.6587951463101
529.4,-21.44167161769715,-4.480837751514144
529.45,-47.22944358997727,-2.57195590586931
529.5,-55.57652159358127,1.9880449153461275
529.5500000000001,25.68663549502896,6.80141873867588
529.6,43.09473749449929,2.8783496865366685
529.65,53.57303677784491,-1.6537333679251924
529.7,43.521507720534906,-3.1335848559852937
529.75,-47.38629185779775,-12.085550504433298
529.8000000000001,-39.05314513392019,-13.850231427080141
529.85,15.327200307008063,-1.3924929211143768
529.9,-51.61937126970057,1.550627298258865
529.95,-6.810567774790338,-4.605327601330248
530.0,36.73896655773812,-2.8021651498621334
530.0500000000001,-12.954728912183546,1.7250146494448662
530.1,21.370849240728095,3.101028212894787
530.15,-38.26684859487257,-0.4547470070293984
530.2,12.622459009523343,-4.148775425761015
530.25,59.40691875336916,-2.6950348890342557
530.3000000000001,13.538329316476952,-3.2923488077755856
530.35,-67.2227838623894,-6.062222425908935
530.4,-36.68155974281705,-2.5039980539582727
530.45,-20.803315355572927,4.398004083550272
530.5,-50.315272620055914,4.486684678678785
530.5500000000001,-9.753289047758312,4.361286333688406
530.6,7.5818989890073265,5.954379749366396
530.65,-25.269492171003996,6.300123556662115
530.7,7.9281732459364225,8.032156833183441
530.75,55.78451257571816,8.948137162815245
530.8000000000001,12.495349248735142,4.776648873094395
530.85,9.82949830366215,2.3231346024150956
530.9,-11.065682143742432,2.823953470668096
530.95,29.871179082042417,4.563002247985173
531.0,-10.306712016382539,2.0352935899964693
531.0500000000001,-31.251333484507008,-0.08780619231472708
531.1,-60.54478631221709,4.958636770900487
531.15,14.302166233982746,8.905438640162213
531.2,-7.3123515260185705,9.38958638949347
531.25,78.9422455695211,7.5704365969463385
531.3000000000001,39.488709153096025,2.8223272787989275
531.35,-19.16526864981931,-0.06217606378303043
531.4,25.871122548378597,3.3105128972664346
531.45,23.57968453915907,6.090081972651592
531.5,-25.470439163027834,2.3463564386955746
531.5500000000001,0.6827317531025935,0.8302086215697161
531.6,-0.9061061032317567,3.4620288448527345
531.65,3.894347538202421,3.512826224966796
531.7,30.473029928615347,0.4095901630825781
531.75,43.91309488193369,-1.4547442506682355
531.8000000000001,29.293193897442688,-3.72447368686347
531.85,6.693643791531278,-3.484992768679013
531.9,40.731017928832955,-2.6403265072830036
531.95,-107.1153496955733,-3.9765378258723927
532.0,-7.988039119558952,-0.1655016864228292
532.0500000000001,31.859551262219433,0.4952700220948768
532.1,35.82406313852566,-0.8820930579167925
532.15,-5.159902810981979,-2.327207617496637
532.2,20.11152213836534,-7.615644978505048
532.25,28.939078219082674,-10.118909736228552
532.3000000000001,13.261657179297854,-11.460230416734772
532.35,-37.65571308245445,-9.022560223659909
532.4,-55.038751792632965,-3.756283424730473
532.45,-47.89066036409604,-2.045226160848369
532.5,-5.893191013400876,-1.4048555974392063
532.5500000000001,30.50442427777915,-0.039292356816898306
532.6,42.80296171147874,0.0861364159925517
532.65,125.43596261547596,-0.892426958301841
532.7,-80.53909870316649,-7.599628254188776
532.75,7.826630262283002,-9.04844748812752
532.8000000000001,2.6952360671880804,-5.367348442987223
532.85,24.38156109317007,-10.706490638566855
532.9,-61.86363087613219,-9.043560549802903
532.95,23.611536637239123,-1.6941844366669851
533.0,6.994510424852971,-1.7041749164558044
533.0500000000001,46.68174410080494,-7.454760565364695
533.1,-91.75715931016963,-11.766821640230237
533.15,-44.18635328084396,-8.54429306363801
533.2,-57.117523916108034,-4.123439412230246
533.25,19.35577167083954,-0.021494037451461064
533.3000000000001,-20.572657694981977,2.0564093043889775
533.35,-10.151050591445982,0.6690746711200283
533.4,30.92280073935966,-0.04774710779172162
533.45,80.63986239964761,0.9366039629649991
533.5,-26.130424010680212,-1.0230890315627796
533.5500000000001,41.945256349526026,-4.663795959793495
533.6,-57.614053851099136,-3.9147726554008795
533.65,-52.04292535642904,-10.043044503390387
533.7,13.357781421947161,-11.312338535105495
533.75,-47.30049879134934,-3.1559965732939874
533.8000000000001,-43.14893381170883,-0.6324438467545594
533.85,31.719954521657243,0.656810121989628
533.9,-17.99415507698966,2.9430452888484138
533.95,-4.66236553925066,4.351300147090029
534.0,6.931696859995105,3.0619222757606495
534.0500000000001,44.24434266876599,2.714409097088057
534.1,20.31994833553061,3.834113554111563
534.15,-13.472281058293657,2.3975038055059206
534.2,-46.21894068618524,2.4516138345951437
534.25,-35.91900025631754,3.943304374747879
534.3000000000001,41.92253621902293,4.841616687527622
534.35,62.1996165129641,5.470689538304925
534.4,-50.57800176715042,0.5847474765223325
534.45,-52.32859942894832,-1.24020073091862
534.5,8.791445896744642,4.944889136651715
534.5500000000001,-7.094921456592813,6.187187706089269
534.6,-16.446960787179226,5.716964007674081
534.65,72.67742119357656,3.1000286178482
534.7,-28.236033608640632,-0.84368517540848
534.75,21.217270780335234,1.8256962836903512
534.8000000000001,-4.873564085646146,5.606392026321891
534.85,-16.424821741694107,5.506910565026414
534.9,16.489896586488534,5.8250353549963805
534.95,1.1977654214896918,6.240756874045662
535.0,-68.9050575215726,4.822079924609194
535.0500000000001,33.05411857458103,5.099126436407548
535.1,-17.89010361347481,3.5530294591765355
535.15,7.093574708812088,5.539055138097031
535.2,-22.805445508452415,6.748747869227033
535.25,-14.973051377601713,5.391141095878029
535.3000000000001,7.3440166505003734,7.896071519869631
535.35,13.535299048331364,9.358994771132775
535.4,17.770077686586266,8.602975137923915
535.45,-17.05492750443738,7.557313900605276
535.5,-23.44571624631407,8.05005163899274
535.5500000000001,8.557487292525435,8.105893374503344
535.6,21.274789891647362,7.39216198742607
535.65,-36.5741353225968,5.6365535327564835
535.7,11.719857989153784,7.684646068813645
535.75,10.629400975645126,9.662131315296568
535.8000000000001,3.507038059271477,8.178516392893897
535.85,-3.0898675028340463,6.639875818507713
535.9,38.1765513918534,5.9002392155124195
535.95,43.642584066356655,2.390142032406949
536.0,-50.4849520131917,-0.6344449704290507
536.0500000000001,17.920186657684308,1.6727640531037087
536.1,-8.781537749817183,3.6819060446496055
536.15,-29.45006181484954,3.9963278666917166
536.2,8.462106056470786,3.486752807332219
536.25,-0.5197959850793519,6.376942512743122
536.3000000000001,-29.907629623288017,10.06028307729693
536.35,46.020118714434645,10.004974202061996
536.4,10.851349412431947,8.663106361134924
536.45,-21.620992921703365,6.323646817441629
536.5,14.308034150833848,6.636437255010186
536.5500000000001,-26.93167925146683,7.4680343798064985
536.6,25.473976771497306,6.984928927585153
536.65,-10.667052212008542,7.117064396850128
536.7,-31.361311131348184,7.035900453480541
536.75,22.116918433208202,6.493571698964659
536.8000000000001,-15.92085401228943,6.94626756645691
536.85,10.776075255011731,5.253145709385964
536.9,-15.759437568050545,1.5714546095448296
536.95,1.2303474269874395,5.9093241445129925
537.0,27.821140103678204,9.891680725770142
537.0500000000001,56.59153265000052,4.341099199771665
537.1,0.14485250556312965,1.958806264813853
537.15,37.63709775430988,0.7330324653798512
537.2,34.48049951792498,-1.2808217179751225
537.25,36.24301809495488,-3.260484080633834
537.3000000000001,64.11084673245132,-7.21699049649901
537.35,13.497728923570078,-6.312330455262523
537.4,-51.681024193467664,-8.625060004736632
537.45,-18.035207072415226,-8.382908919364166
537.5,72.06033412824345,-5.093095624768082
537.5500000000001,-150.84035424778642,-4.562042314507646
537.6,49.229655811974034,0.6373960842822992
537.65,1.7517731782028123,2.5157649675057465
537.7,81.71015464812957,2.91035707298686
537.75,-66.35129597356696,-1.723773159191989
537.8000000000001,-80.55311059338598,-8.853058192779802
537.85,56.92157471583052,-3.594009772518282
537.9,-10.568954722994006,0.244127797984991
537.95,-52.933763041263525,2.868135055465723
538.0,17.252278040806377,2.8490000818358636
538.0500000000001,-6.678989442432429,-0.9221389385614773
538.1,-39.62400523127,0.1293629061792929
538.15,30.623361670217655,3.6695109915459794
538.2,-3.3308135232822558,5.010237947229534
538.25,-7.9641301300558665,3.1594663781649084
538.3000000000001,26.024907014359528,0.8434046227605432
538.35,-36.004341057462284,-0.047537697585426704
538.4,14.349520692001358,3.1754573816777323
538.45,-19.299135941697006,4.751105143531092
538.5,1.7843076109244713,1.7527061291984594
538.5500000000001,76.74552642760672,0.3033498230747335
538.6,-0.46932025645716685,1.5666218148570428
538.65,-32.868471595548755,-3.9385256173253387
538.7,-44.12940324514503,-4.370277248708718
538.75,-0.34375557847872784,1.9895606780359563
538.8000000000001,67.61939639555271,1.9942022643467427
538.85,82.99747269140592,0.6522613262316559
538.9,-16.92300074758841,-4.660313472482339
538.95,-31.91542361393887,-8.438909433307497
539.0,-31.057119095155347,-5.233607571825206
539.0500000000001,-9.143460394771022,-1.279204491332319
539.1,-8.393406890620158,-1.0578202955478315
539.15,-17.492576332541773,-3.238376890189422
539.2,-33.81114529064613,-4.11208756933526
539.25,-29.919535691445716,-3.8219418237242815
539.3000000000001,-2.2112908725856104,1.3567714443983707
539.35,-10.885676005276649,4.299124328544367
539.4,-20.048362255953094,3.516499290305718
539.45,53.1709504698101,6.449029829864181
539.5,74.641334100077,7.260208418539138
539.5500000000001,11.842674862711116,3.9154985628621466
539.6,-48.613959494587164,-0.28728678227827625
539.65,10.307289434149135,-4.261180850639622
539.7,32.09739148763178,-1.4894297000811747
539.75,55.44907729412921,-3.4984780421499537
539.8000000000001,-0.5560681967084821,-1.3946947547911386
539.85,-10.637123180555161,0.7482948276545343
539.9,-22.1328186468306,-5.544369306677465
539.95,-110.86436606804074,-7.575721797636509
540.0,46.5154859880484,-0.6714841583600765
540.0500000000001,-6.781443957058023,3.582809735686692
540.1,32.145857993164526,0.08109491527072657
540.15,44.9105694000141,-0.16184236708121544
540.2,57.31084525030835,-2.360547862261705
540.25,-59.44567094449851,-5.72079879156288
540.3000000000001,23.35346493946006,-6.376384483017147
540.35,-27.0698761747299,-6.787150024962052
540.4,-15.389484976792074,-3.360423591867277
540.45,24.2410972840278,-0.7857711349545973
540.5,-28.940066522428932,-4.816201246298816
540.5500000000001,37.5039160515169,-2.5810032433388086
540.6,-18.536915569846304,-2.6311497584894443
540.65,-24.406546653202483,-7.747505854156316
540.7,4.531259999134676,-3.4258361036196816
540.75,-52.4494201730771,-1.7823961547972065
540.8000000000001,86.71473893503251,-8.736308600906675
540.85,6.78886753102762,-6.1357030306105385
540.9,-14.204094966425899,-0.12157739858814676
540.95,5.83013110514305,-1.2751801216677658
541.0,-60.72181820787159,-2.5120106476469704
541.0500000000001,63.319887956281974,1.487012944523382
541.1,-20.755039141059843,2.0275143419787813
541.15,-38.54939196458591,-4.187658795965356
541.2,22.682275374546776,-3.6785986085354803
541.25,-34.011431871001804,-1.9037257010946824
541.3000000000001,-43.84939098984818,1.775386064661077
541.35,-34.49577815712502,4.881942002487245
541.4,-42.6660874747684,2.7497500460970214
541.45,-9.833734181489323,7.928457549469608
541.5,-27.59861405086987,10.68421295672623
541.5500000000001,16.68116032779477,10.79522664017094
541.6,6.655028669882177,11.879232880635326
541.65,5.32904316606009,10.15496066480074
541.7,5.190618779416851,10.162207614101254
541.75,-4.668645185567462,8.374477431845795
541.8000000000001,-10.799039085835169,6.589544766067631
541.85,0.8999193335944891,9.101329286587168
541.9,-3.288801434443831,8.948557330845158
541.95,1.17439270464471,7.263951152427134
542.0,-20.12648127681002,8.436708540204728
542.0500000000001,-14.454397166952287,10.215130625797903
542.1,5.275852151641688,10.417638129547077
542.15,9.704110694299526,11.137566727332327
542.2,17.27822458669825,10.91829446271418
542.25,-4.039080981301307,9.193954636646094
542.3000000000001,35.48270253078682,9.028514928346194
542.35,-12.846555587764094,7.73459949763862
542.4,-16.554290135604184,7.619413407571991
542.45,-4.271409792725608,9.303612237531853
542.5,22.597450036388636,10.866698629181254
542.5500000000001,13.385295258770027,10.951162796589623
542.6,-27.53635021703,8.746297150905798
542.65,-19.07457646214136,9.00449692238752
542.7,13.108705366258993,9.441235755509627
542.75,-22.140206671645704,8.697725386058123
542.8000000000001,-1.382824933673473,8.516450819674947
542.85,12.10037583346083,9.138190969706878
542.9,10.59596012751622,9.006955230653162
542.95,-14.963705700593213,9.28033147982467
543.0,-0.9079613844340215,9.551895622695548
543.0500000000001,12.076416580926601,8.198968488071428
543.1,71.16488536797472,8.841127525553416
543.15,10.555478704699446,8.824871832543403
543.2,-58.44437532317218,7.15579680575345
543.25,1.8437636436369136,7.061675664405536
543.3000000000001,28.15220660472378,5.3673557089455874
543.35,14.079254981069498,4.123042545570121
543.4,-11.807065267891046,5.114771319209453
543.45,2.32751548527228,5.368421653524908
543.5,27.27057222191338,5.048591744287526
543.5500000000001,17.488944330488284,3.555390079934639
543.6,-3.4207170565277627,2.6329433590539346
543.65,62.64979194438808,1.298829771277588
543.7,-62.78377299528968,2.6227728692106247
543.75,9.983511237583315,4.177381591657956
543.8000000000001,-15.142015229355545,5.14223307739329
543.85,-2.0181371217847635,6.490658830467138
543.9,39.27421163357385,4.426453464612563
543.95,42.78454820304088,2.782767540420259
544.0,56.00422832985454,0.627875494925983
544.0500000000001,-15.159926234140352,-4.4133644779835475
544.1,-94.67600934824273,-4.172242309135892
544.15,4.917318608345211,2.6744198858712447
544.2,-2.0539035926239935,0.27876020770977183
544.25,-40.66549231958085,-5.272986355577424
544.3000000000001,63.32300843396327,-0.6060400034881285
544.35,75.07490401727952,3.72788832868209
544.4,-8.200781861063751,-0.9187770024308948
544.45,-95.11685417708617,-7.38513994304823
544.5,42.692260248972765,-2.171373074765289
544.5500000000001,-12.062641786936254,2.9344941637631488
544.6,-20.856655978288035,1.5301983259551215
544.65,-8.231784127039932,0.7310241137479885
544.7,25.72531973846376,2.1267851346390128
544.75,54.33304358371629,3.4225289585264735
544.8000000000001,16.457364522716027,2.5287721677876434
544.85,26.82595016802639,2.2247768184083885
544.9,-28.991028288461507,-1.111432527819895
544.95,-23.15708675933606,-5.371430941598949
545.0,1.8720344606040102,-4.845419036866155
545.0500000000001,12.660891352409209,-1.6188518877117783
545.1,-27.30885018609158,-3.890635297098104
545.15,-89.74086300656825,-7.580433923300738
545.2,-21.06318779196228,-4.332703614718011
545.25,4.931120614335311,3.411829268371427
545.3000000000001,52.92277878691263,4.973642415940595
545.35,38.78544429164201,1.4123508002734388
545.4,-13.937231405477696,0.7617085131036996
545.45,9.914082144444773,1.3382704248164095
545.5,6.438800926404505,3.0911145013976515
545.5500000000001,52.74689373387942,4.1870397736243055
545.6,-26.64789633498711,1.3823685830767014
545.65,-14.405548788909279,0.7972984984927896
545.7,18.163374620825703,-1.814383764450356
545.75,22.469869227672497,-6.411501276510085
545.8000000000001,35.97048666836236,-4.641992936320705
545.85,-91.0335527958796,-0.23834752717847324
545.9,-60.940048228638126,1.9216711390104537
545.95,89.43808038368863,3.038031368698582
546.0,-12.152604616788704,1.9268557251463263
546.0500000000001,-26.21297659572098,2.3868806424791287
546.1,66.97091631031965,2.372330762865155
546.15,-10.500784618029002,-0.15119026703005745
546.2,-76.26216154587466,1.6732380562119495
546.25,45.782391184965334,3.9113590121702817
546.3000000000001,-57.47710771949758,1.5750292570209352
546.35,-12.85691611276381,2.069485474383381
546.4,-26.138247397902127,3.8588921828100093
546.45,6.0708455346832535,5.579364740221899
546.5,52.68993422002074,5.906356283810143
546.5500000000001,9.100452211234915,-3.818727954312158
546.6,14.97285967995354,-2.7824027255904054
546.65,58.40367337793016,-0.7438875495287482
546.7,42.56255909425276,-5.303211357217443
546.75,6.138732978997728,-4.195901951419672
546.8000000000001,37.03467621290563,-1.9381011402450032
546.85,-46.5008772534925,1.9538108060953405
546.9,-35.400432887359415,0.25910336366585773
546.95,5.849297850635309,-2.789476831818368
547.0,35.07025828770238,-2.102107800404649
547.0500000000001,-13.736808292021738,-0.13318387481181487
547.1,-104.80291181531445,0.14719828100956212
547.15,29.55440184981063,0.636262925890028
547.2,23.825880272952066,-0.9817427181042897
547.25,12.116707878506013,-3.344807042700077
547.3000000000001,-65.75810412168927,-4.453402914831937
547.35,33.2857550197743,0.0886327426690639
547.4,48.30003286859989,-0.6788407087325617
547.45,-0.5242601388531252,-6.250170015868739
547.5,72.68288560068241,-4.954391259890858
547.5500000000001,27.878593404856797,-1.9405725271508036
547.6,28.37615344200381,-7.647518532905162
547.65,59.78948946509748,-9.708780759811683
547.7,-60.110312144630235,-7.0187015471644685
547.75,41.851645057768444,-12.424214978690031
547.8000000000001,23.116166667138895,-11.739378967333105
547.85,-13.381477361696616,-9.558792038256067
547.9,91.29422706422095,-10.939602428207566
547.95,-8.080215458639078,-28.718559525152557
548.0,-156.04985858039785,-30.551149322233073
548.0500000000001,-8.404488108865324,-12.297261460326368
548.1,49.61369967533167,-10.563799521524412
548.15,-29.870339368701718,-14.724784955250703
548.2,-28.785717488648096,-9.963171185141103
548.25,-33.468082510252046,-2.4726143322507887
548.3000000000001,-35.985482129244495,-1.538433584284436
548.35,-74.17567423571853,-1.6488361853262994
548.4,24.52937021824951,0.9181632823684811
548.45,-15.485302557871469,2.5696057659271494
548.5,8.628337317388773,-4.436252984764503
548.5500000000001,-20.624717621506754,-2.54066063958585
548.6,11.75874358527242,3.0565277448403374
548.65,-53.49337436015085,-3.3562785626202074
548.7,-37.64784165236028,-4.222361933093297
548.75,42.53214290589788,-1.9497814679484393
548.8000000000001,24.13521505860207,0.46770850216581594
548.85,68.17706998435054,1.7319314307985847
548.9,-14.287476617053754,-0.029824322297109858
548.95,-3.81362855225172,-1.7208877979613717
549.0,-22.815119221240895,2.4543626764538566
549.0500000000001,120.46625674742121,0.3846676714593498
549.1,16.322919522204412,-8.57730258056349
549.15,-49.19390994044482,-5.063385185951003
549.2,-81.616443070852,-2.253021703116605
549.25,-0.3102484332668333,-7.369511842430633
549.3000000000001,-2.333957767048793,-7.563270537489434
549.35,-40.57932051552878,-0.3889132855871559
549.4,-30.051850444050523,5.004355529659596
549.45,14.986726223669322,2.903587493950966
549.5,1.6289378706646112,0.3927365808321583
549.5500000000001,-32.73269790022413,3.2833501608762483
549.6,23.419019068409774,0.2095464374139559
549.65,-42.52809709964857,-0.20120507556537703
549.7,-62.70603457197761,4.409513782100438
549.75,1.3911668463210742,6.177875649515776
549.8000000000001,11.12942918858019,8.035072509919335
549.85,36.69600177187846,7.739514299897957
549.9,50.136364195152545,7.929728224748032
549.95,-20.627486691560076,5.203705781731615
550.0,23.02148546737502,1.8519225833469415
550.0500000000001,34.99095876787562,4.998107091041249
550.1,5.0197573852465815,3.929080124796877
550.15,14.50049414535276,0.3629709908759813
550.2,14.148916602621878,0.9570915083940716
550.25,-88.2737048187292,-0.7846046455208702
550.3000000000001,-7.948647937195449,1.368324488320255
550.35,49.21333912613121,7.399388096138315
550.4,-24.121710032181554,3.4646010068131936
550.45,-29.980025462990387,0.04846842492529856
550.5,19.37623161969574,4.622948530682167
550.5500000000001,19.990478206260494,5.1045066706760185
550.6,-19.060297027721727,5.037302135971791
550.65,66.26677848291641,4.56632173851562
550.7,57.21036982290166,-1.8989439361486538
550.75,-73.06713120272596,-4.225825049140164
550.8000000000001,-2.7666073086209324,-0.7939144547089771
550.85,22.832277223970205,1.7386149900682462
550.9,16.286701284876056,1.1160920918658137
550.95,30.333500957579716,-1.4309395566288037
551.0,44.89030346381136,-2.4856520496563603
551.0500000000001,23.968188960707394,-3.2743583312016886
551.1,25.954090519667844,-8.801740336547422
551.15,-3.034007464066863,-11.466374622326542
551.2,88.68734297135676,-12.507954390357579
551.25,41.284205605378006,-13.180199633072906
551.3000000000001,-25.930629314776265,-14.351928503420238
551.35,-70.22871298195305,-15.46150762925584
551.4,74.20228558271346,-6.993649057722051
551.45,-0.40436533538086195,-9.631052323976732
551.5,20.335579370735054,-15.906005200039685
551.5500000000001,-90.06590950043785,-11.486642310584626
551.6,41.943169477286865,-12.663215127647156
551.65,-50.57645273000186,-12.4929027317992
551.7,-30.581585440506903,-4.758677085796549
551.75,-99.70993022580012,-2.3977938318645933
551.8000000000001,-55.6170946467037,-2.8073610601522705
551.85,-11.909556798123933,-3.87001846856082
551.9,-34.78442692755962,-3.059101426947947
551.95,70.96818737758903,1.683491169944508
552.0,17.509101860736862,0.39344233607629525
552.0500000000001,47.21981976723078,-1.4346286673744966
552.1,17.026708048037303,-0.3769353084347969
552.15,-6.114730728956258,-0.22299454632183086
552.2,32.97656001022467,-5.870518727429928
552.25,-101.75974766134239,-12.866258397199255
552.3000000000001,35.295552035063466,-13.656469711436628
552.35,-29.087459574098048,-8.223767313639472
552.4,-1.39033074008163,-2.614223289139196
552.45,-28.858783020960203,-2.1882944098896626
552.5,-97.68950310271802,1.618765530709819
552.5500000000001,-10.122440399288639,6.928228653829698
552.6,59.504559025435306,6.374107287102205
552.65,68.05037211809254,4.645237236361911
552.7,-0.37591558307261025,1.076179575237564
552.75,79.75479066318228,-2.0956116781515464
552.8000000000001,-42.976210777453645,-3.211202789262692
552.85,-6.488858466347449,-3.6254205494719636
552.9,-27.01602087436465,-6.084552722080481
552.95,33.17791890485413,-4.15605232367853
553.0,55.166279099572975,-5.575434819375756
553.0500000000001,-51.95627754542886,-11.40381783593572
553.1,-41.241276662064685,-6.632066272756847
553.15,58.16803364455368,-4.465992816563462
553.2,9.291315959873081,-1.585428689314108
553.25,11.371980278513231,-5.246621869214972
553.3000000000001,66.71415855228095,-6.708745812606727
553.35,-15.371402568882981,-2.1232815381009638
553.4,32.37327837237724,-9.985882927118686
553.45,0.32354931639096574,-12.268057771309325
553.5,45.78306734751749,-4.405820357531354
553.5500000000001,-10.89695493633718,-3.5260591839248567
553.6,-130.179334247485,-9.600933057222733
553.65,-7.250388488597451,-6.724258742779772
553.7,-38.46242719138193,-3.1446132587631817
553.75,7.734572203532188,-2.292074433890426
553.8000000000001,49.65505235704538,2.7690959760114437
553.85,-14.519999301892941,-2.0268801480679217
553.9,-18.205848882019037,-5.741223395295621
553.95,-24.32117322715815,-2.73997449001601
554.0,-54.539924538584515,-4.838981164536379
554.0500000000001,75.85692321154163,-13.632838407415258
554.1,-27.844531777751406,-11.627304164824842
554.15,-39.03879207989705,-1.8011561502552338
554.2,-14.073934760893591,-4.975862193605215
554.25,-0.8559938849471007,-7.208043256067549
554.3000000000001,15.383508144294824,-2.449754986979223
554.35,28.27582410399781,0.17640107073317005
554.4,83.74091040513667,-0.6693654882822615
554.45,27.571074670161845,-6.363849072812947
554.5,43.691795309713605,-8.462468970504947
554.5500000000001,-108.53044110147502,-9.317519981267973
554.6,-24.932618041534457,-10.67224311118887
554.65,-45.27585703995708,-5.24119931002514
554.7,-22.43157358553953,0.04714129536782032
554.75,-20.70568937902142,6.037011748191459
554.8000000000001,7.411901232145666,3.341062744702773
554.85,-49.42132759055757,2.049336942123995
554.9,56.60565400019764,6.133423080989385
554.95,85.12082088037283,-3.473452715817885
555.0,-46.93067005288865,-8.496998014189822
555.0500000000001,-1.8243621049623095,-3.219929586503949
555.1,22.142174861640235,-1.1680918147191541
555.15,-8.738460346423114,2.656777992490796
555.2,118.90263737473778,-1.1250357255715553
555.25,34.83792595923304,-5.114013961357875
555.3000000000001,-13.784482148479949,-6.449943441606244
555.35,-50.14774737417365,-7.639614777658512
555.4,31.92384704651901,-1.5655321199882462
555.45,43.18788362713724,-5.489001624819353
555.5,18.414393905332723,-9.240385606931744
555.5500000000001,67.62825324978654,-12.00125244988293
555.6,-38.24280061953477,-16.478132331680655
555.65,-63.407096612474206,-18.536345295868653
555.7,-18.49840150663481,-15.87065625569424
555.75,-56.31709897238014,-12.31590603076224
555.8000000000001,2.9339317752861525,-5.055589362696773
555.85,134.5172227818714,2.640738189495846
555.9,69.97593871067086,-3.4926311073154443
555.95,-64.31365537952112,-15.08518471555372
556.0,83.3144028670696,-15.627620454949529
556.0500000000001,16.128056479895417,-15.142109024574214
556.1,-2.090403474946481,-25.07775499398654
556.15,-40.93510657041968,-25.83458984822115
556.2,-115.19215829865661,-20.378886861343513
556.25,-61.87467511036871,-14.434934371864992
556.3000000000001,-4.935568168667092,-9.308050614032217
556.35,26.256008699867984,-6.261891718504948
556.4,-127.14120930460513,-10.04664396670494
556.45,-9.93255299166885,-5.768417671210024
556.5,7.571369363416481,6.014478094049575
556.5500000000001,-48.775064525736305,4.496209162781087
556.6,-3.706643342688128,3.781736188047056
556.65,-64.1229373356431,5.644426346440374
556.7,69.55905561713936,6.335716010427984
556.75,31.47780446217147,5.003510552394114
556.8000000000001,15.288984633643633,2.684422965058677
556.85,-39.48674415178835,4.3967792793428755
556.9,-53.920051538537194,0.7721771306501137
556.95,16.298293992951013,0.7021279353683754
557.0,34.30023779920747,2.148058612306835
557.0500000000001,49.36140978781657,2.76865978336269
557.1,55.4471473420177,3.696514869498146
557.15,-58.364340782921936,-2.3477914578363586
557.2,-16.172401004090347,-5.173115388963419
557.25,62.271537850031756,-2.397877209959616
557.3000000000001,-50.23077274171922,-0.4088404500799703
557.35,58.29774130082027,3.1081894692893934
557.4,-31.21848292660563,0.4739746802748962
557.45,-25.755457223500215,-2.673461937945354
557.5,5.825868849698642,-0.07804774855383315
557.5500000000001,33.25477991007119,-0.893206426806242
557.6,-25.463043967586994,0.9852096237424357
557.65,-16.369726171541185,0.5304823021267919
557.7,75.46690047485644,-6.616280727530665
557.75,60.76132811552851,-6.143614664493844
557.8000000000001,-86.33392568013771,-4.357205857335439
557.85,-46.733317781934375,-7.747756539159238
557.9,0.3581893711906819,-3.8080494472307183
557.95,13.469588924235962,2.997670496779248
558.0,12.973168609908864,2.845288952146867
558.0500000000001,30.41028868595849,1.8213380046069096
558.1,-6.97064573816826,0.8798398059796626
558.15,-8.661604810333996,-6.762314153892376
558.2,-25.639463104308874,-9.797948285890135
558.25,24.421503466946255,-4.806376127488884
558.3000000000001,-68.83773100429059,-1.846812615516365
558.35,0.38123626980378444,-1.469344503288092
558.4,-37.28109996185745,2.1553094976882203
558.45,-13.801231295591007,5.6821067121441295
558.5,17.935910943900584,4.88329715133381
558.5500000000001,17.3794854480048,6.1099844760736906
558.6,38.06848769372403,6.114774292611535
558.65,-39.774640091998855,0.7140812819985138
558.7,-25.52280314128504,-2.9864751176397104
558.75,-12.908806618379634,1.6377109152839653
558.8000000000001,49.824381062629996,6.542619304399483
558.85,33.577465820399176,2.8521190115940187
558.9,2.549063879851987,-2.908796736079898
558.95,7.310454475233011,-1.8438036405323244
559.0,45.54784480069884,0.6655016332673191
559.0500000000001,29.939600485003492,-2.5506632972474934
559.1,13.264393682785018,-0.18738655357212805
559.15,-36.04666497947256,-0.5594498044256419
559.2,27.67377901441802,-0.982018995958355
559.25,-79.65616749648188,-1.2468085251721668
559.3000000000001,-60.66633802138229,-3.355367361394775
559.35,-9.768092119818592,2.5431952190125093
559.4,79.65729200705586,4.609348572855766
559.45,25.610474167405556,0.6823575916847107
559.5,70.35667299287041,1.953647731357006
559.5500000000001,-12.562015916361759,1.6244410108456417
559.6,-84.59135334082559,-7.704401281555151
559.65,36.4115880766579,-4.3273854127149844
559.7,49.979909931870054,-3.92843686782886
559.75,-37.63479762173455,-10.450110206183705
559.8000000000001,16.573771904147975,-4.378808210844815
559.85,-53.95454452141661,-3.7321988878559753
559.9,40.05682136970341,-1.9037912361303533
559.95,-4.315081318717137,1.2915139541573495
560.0,-32.53722249669991,-0.8268583152632167
560.0500000000001,13.664954088674621,0.4767648726936069
560.1,-66.36398868523766,-0.2664108433647136
560.15,-32.38258182368732,-4.493327091579219
560.2,-9.364967465287851,-3.630569125580228
560.25,-44.608633412935994,2.7387906790964065
560.3000000000001,-49.88010741606923,7.461123756898152
560.35,-35.760755747388735,8.798448881279914
560.4,12.939653375823777,8.45843599562986
560.45,12.754525381259745,10.530412132633739
560.5,15.682507140728273,9.561281371618078
560.5500000000001,23.844149503746944,6.0713276534144685
560.6,1.291103438423848,6.836334161051303
560.65,61.52642844848819,5.860851288000985
560.7,-25.52161172738426,4.87164032910091
560.75,23.95569081947815,2.0479905253336264
560.8000000000001,30.466357503095484,0.38620370175036495
560.85,-60.125211577653765,1.7301004536984734
560.9,93.63337164887143,2.7555348206018815
560.95,27.755374599549583,3.581815739598425
561.0,-42.16029331918244,1.8052339494188816
561.0500000000001,0.9235313596304997,-2.4211234059720774
561.1,-73.5962965947816,-7.001843154932652
561.15,4.161496593342325,-0.07817122196579973
561.2,10.29105076342611,4.685287537877581
561.25,2.4797102606813572,0.21754933451130584
561.3000000000001,-19.623924832284395,2.995863066904376
561.35,-33.681528803319544,7.3334686551334185
561.4,17.19746769719204,8.112834699538892
561.45,18.715537690581574,6.362280407285356
561.5,-8.400308174329522,2.6303386351268414
561.5500000000001,-45.42557906119482,4.1418888440860835
561.6,37.54479239455722,5.710213518473465
561.65,-12.376439805037117,5.0236046977988735
561.7,-8.168599456782117,5.716702539842019
561.75,32.12957131672493,6.567301373418736
561.8000000000001,-31.802964937668634,7.049683398637524
561.85,-2.569563553345314,5.986806900603954
561.9,39.75096737360359,5.206056800744136
561.95,33.653826436105966,7.860004780296477
562.0,-15.052469579748221,4.389592906113324
562.0500000000001,28.38767571279172,-1.8031296369116196
562.1,-19.1409906572739,-0.5820633535918185
562.15,-26.171295725311143,1.6281506371436176
562.2,-31.990610999643895,2.2026820488914205
562.25,12.3933275436855,5.6638523916713
562.3000000000001,-13.682162699741397,7.8437160043587415
562.35,-33.32695638546431,6.681162986985677
562.4,-8.44382811821229,7.498382981915942
562.45,-22.577311237808743,6.823128111081814
562.5,0.7943494904652567,7.897245758989528
562.5500000000001,43.57988245470146,10.47586867078045
562.6,79.28172640164618,8.650869717057422
562.65,-22.671532137839808,3.5626058541201804
562.7,92.0042488556866,4.050269316661832
562.75,-49.67798034487877,4.634263993976249
562.8000000000001,-12.22866563826711,1.1813220536801148
562.85,77.92695193408996,0.02617542089815155
562.9,-27.748326872023284,-2.76720115455996
562.95,65.07785128385525,-3.816290871896809
563.0,16.08652237118178,-2.0449053115136033
563.0500000000001,71.65943223417071,-3.312883779249971
563.1,-16.839721862530762,-6.017022927800577
563.15,-46.158028905661354,-6.2614736912890585
563.2,3.5967488936859087,-5.256861331101747
563.25,-4.340549762082522,-12.10860035113573
563.3000000000001,-36.58745037367183,-11.063017314008073
563.35,53.346087922012146,-1.8491670816110823
563.4,-46.778359874364085,-5.77845596907513
563.45,10.973001002691221,-7.842347304731474
563.5,-47.921838247529635,-2.9065073403479826
563.5500000000001,77.83131039713042,-1.7890067048332503
563.6,-104.26710271672808,-2.5996485941935137
563.65,-5.337532167770918,-4.4854458671465895
563.7,44.148520584330434,-5.801527073760274
563.75,-54.303214748800855,-5.098377954374194
563.8000000000001,-35.192481390231784,-1.783027123777887
563.85,-2.225492428496433,0.5002304439036813
563.9,-12.276801516026847,-5.06108963499423
563.95,92.1568668707816,-0.7139968425508075
564.0,27.191335220079583,-4.917201777596369
564.0500000000001,68.67149042295705,-8.815758585050505
564.1,29.335437393201325,-4.586192293729223
564.15,-71.73515201031931,-9.179779551716715
564.2,-25.587932659553708,-9.069657763670627
564.25,-1.736999053599052,-9.99573470885061
564.3000000000001,130.20479181378758,-5.256155222105701
564.35,-58.59186157012651,-8.866685659219238
564.4,-12.062071244992964,-12.7368645404655
564.45,-82.1218539363901,-6.132149589713635
564.5,10.404983474354998,-4.320269104569787
564.5500000000001,60.81889263751498,-2.670748321437243
564.6,49.04520279601494,-1.6307241045050418
564.65,-26.927189971506184,-4.756169384579261
564.7,-7.938555119156275,-11.971994918680103
564.75,-10.439757690746214,-9.266422855233325
564.8000000000001,41.73570649930399,-5.5373642260836595
564.85,-71.90936658065556,-9.261246009550849
564.9,-23.446761449871623,-11.151681847341079
564.95,21.865155307392833,-8.009399543568565
565.0,-25.291292208731964,-1.9928412325792917
565.0500000000001,10.625698397372856,-1.0135590913978036
565.1,-22.10241290928294,-2.6744174666346234
565.15,-24.89125719526222,-1.3697284104853615
565.2,4.830826366183754,-1.3245953814899551
565.25,-39.17035497070493,-1.2716124544448628
565.3000000000001,-21.162868260040046,2.916875865480606
565.35,10.689241526194118,4.284126044006748
565.4,20.30739369777265,1.0409594338730819
565.45,22.055475838567883,2.3815449361370815
565.5,-79.12659555932687,2.6028338268341997
565.5500000000001,14.108207807908455,-0.5797459197972167
565.6,-5.807946271013235,0.6129296946932447
565.65,72.81492457167954,1.7078504560677614
565.7,2.9032898002015455,0.7789963506242985
565.75,-3.5552605386320484,-5.671485184437674
565.8000000000001,45.62296979804806,-9.724035089860443
565.85,-25.88730440067585,-5.7189597579858145
565.9,5.381185354877962,-1.0727622642007792
565.95,52.650029627969744,-6.379794103311349
566.0,-27.034110618670656,-11.391121055299312
566.0500000000001,-10.553950686343532,-9.694546328296205
566.1,-39.38292575244131,-7.059035124472996
566.15,14.168823084772402,-3.697827655815314
566.2,-128.93927888621934,-0.1290829321916826
566.25,-7.448031283276488,5.702528153432552
566.3000000000001,51.01388742757731,5.8893570704089555
566.35,73.59696627697808,4.6067992290422595
566.4,-61.44302211890352,4.306196706239742
566.45,14.783766255579327,0.8532276516667618
566.5,21.12420721085104,2.001097946135709
566.5500000000001,-66.17294697504187,2.4860409699804014
566.6,77.59913386299691,3.230681183586789
566.65,-26.056410845534757,5.18238083746839
566.7,47.03868339095304,2.388899756113812
566.75,-24.84190029942507,-0.5692327165782344
566.8000000000001,4.018507607017934,-2.9026810134070953
566.85,-39.84451096624898,-0.3264825039029283
566.9,41.23687638457474,1.3559718169326527
566.95,-62.443543500818265,-1.5411775373439456
567.0,55.78847249463868,-1.3505476853245355
567.0500000000001,-36.26718880273225,0.9259683753358596
567.1,28.912655787955764,-1.0316073163884796
567.15,-2.54382255782144,0.2194343673674431
567.2,46.305117562277786,4.444589498559665
567.25,-6.576815787979391,3.0223847191447004
567.3000000000001,-37.024429925134264,0.7502394295848571
567.35,12.244389318768592,0.5044808394223086
567.4,11.078904864538387,0.9327345185769811
567.45,-22.770654915722574,0.8831268961197873
567.5,-38.09289788316001,3.4021730204904976
567.5500000000001,18.95537866235895,6.2727419433272615
567.6,21.338339780403263,3.6514249142274613
567.65,69.32517570377902,0.5379821486442367
567.7,2.8366806524767822,-4.094016732320728
567.75,-1.034544736546205,-9.779479797436633
567.8000000000001,15.099683396539204,-8.092134724899388
567.85,-89.05566062207821,-7.443518898961677
567.9,-19.31986363995796,-4.388750873202621
567.95,-7.587641496896489,-0.6086158919585223
568.0,45.40746205762209,-0.24347593543524926
568.0500000000001,0.6789983696579656,0.7395832266176787
568.1,-32.06322854715153,3.9181201041526434
568.15,-4.7479743215019905,3.2322518745949558
568.2,-70.00614710691667,-1.374301294953928
568.25,43.76627906025181,1.9090475462685486
568.3000000000001,0.22854921547112012,6.364968771471111
568.35,40.1936246294508,5.702903369546733
568.4,34.72096985359104,2.3975363754048997
568.45,-9.984337073003559,1.9015532795448333
568.5,15.80833914527761,-5.745622247661516
568.5500000000001,-22.347695495666954,-10.425526758058757
568.6,6.143305785465404,-6.23004402661833
568.65,-60.221746100274224,-4.5420444967978835
568.7,78.10592446401755,1.812953076440592
568.75,18.316571621738934,1.5922585902981108
568.8000000000001,-25.077237299990642,-3.7227182276741226
568.85,-13.391558879280787,-0.8424858777569081
568.9,0.4477128936291827,2.420081962925586
568.95,41.553275987196706,1.064548950558413
569.0,-46.49896445877692,-0.18132476642643813
569.0500000000001,-45.6425625474524,3.7618024904987535
569.1,21.83823711288085,4.496192292855932
569.15,-35.79692639360008,3.8680062593238786
569.2,-1.0037053023344262,4.457268252910317
569.25,14.954051771254637,4.1568705627516245
569.3000000000001,43.89570748084887,3.140868131106602
569.35,-4.4300691090193,-4.628667033706221
569.4,-39.416056318219965,-7.217314334232921
569.45,1.2935608572636896,-1.9408486038635944
569.5,10.524765292992393,0.10898986452259518
569.5500000000001,-7.245163549814314,2.2626657562706196
569.6,51.50848662002881,5.73181758014292
569.65,-41.737754909318326,3.551950734900014
569.7,-36.32280994591329,0.6226363225035052
569.75,36.80342502532222,1.0577759367815804
569.8000000000001,-18.968119951298398,1.9644385288486563
569.85,-7.719292414281846,-0.042867961736599465
569.9,51.95408772034078,0.4444987541268601
569.95,28.24513915069557,1.7152098596599252
570.0,15.511269628498749,-2.8691650613592516
570.0500000000001,-43.748903890177004,-2.9088235304465764
570.1,10.002339596457228,-1.2938178236826952
570.15,48.68012307927249,-1.335397871986501
570.2,42.93891352238067,-1.6324242717639037
570.25,-13.231936738679897,-4.783742961061794
570.3000000000001,-3.640259197576342,-4.634028455504578
570.35,-48.220438669925564,-2.2341750085478695
570.4,-52.42141243073956,0.5932687870844344
570.45,-13.526471968431565,2.2317104990254157
570.5,7.1326668311233234,2.2642956799835554
570.5500000000001,-53.551505203077014,0.314816617818261
570.6,-49.38073041560769,1.9452412595237727
570.65,-18.902318399226022,8.366715173805575
570.7,57.211495799089626,10.280468621164065
570.75,59.225523715625535,7.411651552468455
570.8000000000001,-26.20235143602904,3.118832446471301
570.85,-34.04560008591839,0.47924823421311025
570.9,65.7585673524183,3.962800750329752
570.95,-5.3935146978298185,5.413784935904515
571.0,-69.06918243041328,2.136878084875482
571.0500000000001,-40.01406429059127,3.0061723186401226
571.1,-38.20085911807463,5.22520853483768
571.15,-1.2510481469424715,9.046645163835585
571.2,17.751931042921047,11.591146344957787
571.25,23.31115933491949,10.839143911087124
571.3000000000001,-12.377282000989405,8.669134368603704
571.35,-7.8647044110028235,8.173507388856349
571.4,10.166311185188812,10.60678048518758
571.45,7.788273314813147,10.321354653031111
571.5,-0.0781516013899797,7.580834768418195
571.5500000000001,64.46357493858655,8.367757104779189
571.6,-24.95765959669807,7.573563019713404
571.65,-30.800439577762766,5.485950912231311
571.7,-19.04485286290704,8.000744315927044
571.75,26.467377848732333,10.60492721085293
571.8000000000001,5.688627980531573,9.847750745491703
571.85,16.482477625620913,9.692841681171455
571.9,20.16741642028582,8.621510461796253
571.95,-33.243716533091714,7.772174693110239
572.0,-22.82027396966686,7.629035995327565
572.0500000000001,42.52053533344249,7.091507810604787
572.1,69.62198870524279,7.043782876847966
572.15,-37.862618394110264,0.3013752702558645
572.2,30.621767273775017,0.20334288809571066
572.25,59.96943848935193,2.767444978731833
572.3000000000001,-55.06860190396041,-3.004293242345405
572.35,-37.80562374777526,2.0918233799763493
572.4,29.76559980030382,7.749877703077452
572.45,-79.03212687138063,2.856595728891408
572.5,-13.890167858045203,3.647306051563436
572.5500000000001,6.2727895633606545,6.280018039081104
572.6,-45.06770404779637,5.305104874444318
572.65,14.711908711798149,8.690426666596352
572.7,15.346682800731884,12.063428583604317
572.75,-10.87852627870217,9.478821558298804
572.8000000000001,5.390601609496377,6.183418917376245
572.85,21.37067701865557,7.251679273697266
572.9,76.47852474467942,9.839131782246588
572.95,31.65672029923021,2.1755202950538597
573.0,73.38720493948612,-2.0065560674038863
573.0500000000001,-21.575164177104806,-3.0547508908832803
573.1,30.326891204634997,-8.845212200724472
573.15,39.92427163433522,-6.356579114930451
573.2,-37.39883448338357,-3.9267581042409416
573.25,-97.27745803176462,-2.6000931872902875
573.3000000000001,23.358192912198383,0.6685211026598479
573.35,-37.05093133765479,3.646854272455509
573.4,-44.76246116478352,5.744387877165657
573.45,-42.11232263467323,3.710050694070086
573.5,44.54074258524702,5.512728552870987
573.5500000000001,26.388447370249615,8.75172170725639
573.6,68.33714397967415,4.329187997061032
573.65,-49.084158108853394,0.455395909221629
573.7,-46.05598460658374,-1.1631230975477607
573.75,-55.35392601444931,-0.4775918811470804
573.8000000000001,-37.0474373189887,5.454563982032193
573.85,2.032126019352681,9.690482806462601
573.9,21.90030435831483,9.86988649875487
573.95,-8.495068158914851,10.178675557159059
574.0,-9.108727999435391,10.074668256933073
574.0500000000001,20.27978895588097,9.638360503033656
574.1,45.33221950391918,9.469020368846008
574.15,32.04631243689144,7.415730684202301
574.2,-27.76418845237998,3.695606588859092
574.25,15.67047552478679,5.214509151448916
574.3000000000001,42.386299701752456,6.591183707792304
574.35,2.2864704732889343,0.3550995146308166
574.4,37.0038683303417,-2.3059562240736673
574.45,-63.6948080543675,0.6470449947213882
574.5,1.572025689965537,0.48795811668109523
574.5500000000001,-11.63579708569874,3.637099697713333
574.6,-12.410251873758405,6.869772812371658
574.65,80.0554479737748,4.3286114922162575
574.7,-73.70626537695883,0.9402042589407669
574.75,58.41521148274642,2.5859875836119572
574.8000000000001,-29.492345050463395,5.137006043843756
574.85,-27.545877877143024,6.433467160665325
574.9,37.259576147215526,8.043019497249873
574.95,-1.0580901133592977,4.705801782017801
575.0,-1.718050776585968,1.9563991311328965
575.0500000000001,-28.78697278746108,2.7555984331184744
575.1,62.81232651156014,2.016228774789067
575.15,6.230933942893255,0.3956950588509215
575.2,-27.478386444866054,2.6866132020106455
575.25,17.27652850232276,5.530121336412943
575.3000000000001,-42.61450167808429,5.286644303117648
575.35,-11.332996773671983,4.674464095198885
575.4,-11.954265008333833,4.603357738294203
575.45,22.217268907517425,2.4490585042457864
575.5,3.0743056876578017,3.24752700093028
575.5500000000001,172.85595507739367,2.147326453567257
575.6,-101.07899922903022,-10.180826021501932
575.65,33.79517757529478,-8.684896697838495
575.7,9.07301699778563,-6.671411553802794
575.75,81.3129832471991,-7.307201886109691
575.8000000000001,59.35381526347075,-3.588276156710935
575.85,0.40090585089878994,-9.575263493814173
575.9,53.84694400187948,-4.978602616333583
575.95,-38.269051809300635,-7.508028149462995
576.0,-10.419088975443271,-16.60876310631229
576.0500000000001,9.654128676132647,-13.230945201226652
576.1,-12.092041683084089,-11.414558401344548
576.15,-95.37517025182316,-6.768283681210775
576.2,-21.5724812299675,-8.611501125946056
576.25,58.73192518116144,-11.659212244627275
576.3000000000001,23.336888934413192,-10.008162878754703
576.35,59.60740793551942,-14.698988180059679
576.4,-9.021721312056135,-12.429830953629367
576.45,51.634709477869876,-9.903941867831218
576.5,-72.82069443403203,-6.990311002746817
576.5500000000001,-7.644117790791699,-8.059200661127377
576.6,56.70964718092463,-14.593613648079229
576.65,-43.79981833682497,-14.459353889827833
576.7,81.11935950190177,-10.653657744734703
576.75,-50.95219251169256,-17.970398945633423
576.8000000000001,-6.664373711035413,-23.25888895079505
576.85,-98.90048000310294,-16.078672174304995
576.9,-23.201418784415075,-9.133602861780563
576.95,9.450590913731677,-3.6905111470440937
577.0,39.492843694855004,-5.780641644274339
577.0500000000001,0.33083524277967397,-8.786773341609981
577.1,-52.7557651172914,-13.552076598632517
577.15,112.94446371668458,-18.63567880576664
577.2,-38.76647529849746,-12.880783125683928
577.25,45.6830008469427,-6.5690953157702525
577.3000000000001,28.699785861261585,-12.48721456868123
577.35,-59.98878797309913,-19.69666372734562
577.4,69.06974955312613,-9.766703703106584
577.45,-60.76314713639059,-9.31384274180616
577.5,-72.14525941876157,-18.765652037643335
577.5500000000001,-30.67511100993187,-12.985049835858884
577.6,-7.685985079532136,-6.450485755850887
577.65,-16.341506197691775,-9.744983835250371
577.7,93.37586777148525,-7.516828288960425
577.75,11.782364041296832,-4.859062523568334
577.8000000000001,-56.3888414239967,-12.012619251895908
577.85,-63.59355089891935,-14.152152569899965
577.9,-24.09244622173236,-4.496659035204592
577.95,19.201308421945267,2.425460392252275
578.0,-108.80175301415967,-4.898427344555484
578.0500000000001,105.5112790055432,-2.441591894409716
578.1,-10.949079139173225,2.2779307197595746
578.15,-21.570139022351007,-0.9069887780165131
578.2,107.8500208673706,-0.03567555679126159
578.25,21.19675386435761,-1.2032850397992152
578.3000000000001,-29.669845393664882,-3.580393243346747
578.35,70.23340222759913,-6.9065041825398215
578.4,48.383127459698464,-9.01414706743454
578.45,-25.76385079452879,-11.730617664767088
578.5,-68.66111349564952,-9.427061508527599
578.5500000000001,-26.157394070594847,-7.547989140751874
578.6,-15.640821394935337,-11.190579655211955
578.65,-5.2308810365618506,-5.280211505262925
578.7,-12.006727526068877,-2.5718076598468325
578.75,-29.995129811062316,-2.0885375555423082
578.8000000000001,3.6640378272039094,0.9903940820447026
578.85,7.528870187799432,3.281003588425415
578.9,-54.413944138296415,-0.05808403034507471
578.95,-12.7842512033039,-2.760942600575758
579.0,38.846173696574034,1.856984653991758
579.0500000000001,-45.69065066425517,-0.7764846304298113
579.1,30.202510463430528,0.11263977509894355
579.15,-68.95699468350249,-0.0914773495618485
579.2,-34.68280223775491,-0.14388183407283564
579.25,3.8711764427642095,5.256887247871304
579.3000000000001,86.29824600135036,4.7611873145962
579.35,-32.29695951937038,1.3367758787506023
579.4,-8.061010546158597,0.041805344622991035
579.45,32.2072365775512,3.3481627414516972
579.5,-14.150070481171264,4.902422429495891
579.5500000000001,0.845179858492086,2.335636924197145
579.6,94.26082830955093,2.596624012267542
579.65,-37.537717624207225,2.1277692028522828
579.7,30.725427563051827,-3.1845934622071352
579.75,-0.10703313618729525,-4.4365558918975
579.8000000000001,23.074196736074946,-2.26111965721917
579.85,-19.153347390617814,-3.146080566637906
579.9,0.11116884865507778,-5.865729539045517
579.95,-60.46584912709556,-7.3752910461554535
580.0,5.607325067084458,-1.363017657643826
580.0500000000001,-22.280718037108308,0.5313720001215928
580.1,56.07375570810786,-0.5023273899759919
580.15,-3.673218199494778,-3.2714230372640705
580.2,31.509870767328145,-7.969224450934828
580.25,40.96609674124113,-8.114021306746391
580.3000000000001,51.37149700719126,-14.381391631495749
580.35,50.969688756662734,-12.13271964774326
580.4,-77.66693319237918,-12.115754376711394
580.45,-37.22509029415529,-15.961898282207008
580.5,74.08858417695501,-11.833711152333445
580.5500000000001,-51.93088489922004,-9.196516686231618
580.6,18.604991323433577,-7.063131856672609
580.65,18.290285236106747,-8.895953125544962
580.7,37.63246785670983,-8.986273952723838
580.75,10.586551194873373,-8.50504653627703
580.8000000000001,-65.54495297822176,-15.888048286407141
580.85,56.360606651858404,-13.162435344500745
580.9,-99.59448432554676,-13.586023992190404
580.95,-33.2104710034131,-15.060448411784144
581.0,-50.65120092612789,-6.596125020505987
581.0500000000001,-3.2373132980098407,0.1376793068830767
581.1,41.353426189560686,3.174861095722652
581.15,2.4225268733480836,-2.342413953001592
581.2,-28.57367587995934,-3.729114638053058
581.25,67.93993618652246,-3.3892966058479046
581.3000000000001,-1.2643526505013174,-3.8795723531458797
581.35,-23.896060695349338,-4.794410567391839
581.4,-7.626730334963385,-4.858936982275862
581.45,-28.574723991742335,-2.412742394211084
581.5,-30.257118952359562,-6.790323869735222
581.5500000000001,-24.978011415970826,-4.139646937464668
581.6,-39.907217568432934,2.7882662154745494
581.65,-55.798182041465104,1.9580467779264714
581.7,-5.15841043595447,4.231085627124757
581.75,-45.992053890031016,7.422418497824452
581.8000000000001,-12.50259167987506,8.98348678735463
581.85,2.5522383806466418,10.928314081847729
581.9,-2.646519433226997,11.596349095295476
581.95,-5.960552465250943,9.528733490366381
582.0,15.841225082975404,8.625724807105904
582.0500000000001,16.9303889383851,9.47231078146009
582.1,-49.14521362418133,10.357315462034084
582.15,6.782618542535508,11.301083679933907
582.2,1.4701446320102656,11.464191722114396
582.25,3.955600178289647,11.046878027444224
582.3000000000001,8.14811823818423,10.11619739141451
582.35,-1.3120414126146849,10.532413637302438
582.4,2.794711685260631,9.955127913075472
582.45,-4.388960158154459,9.936082718949747
582.5,-9.92333287984622,11.22507353038571
582.5500000000001,14.363622014289222,10.623002927383736
582.6,0.7456058708837596,10.554844912642729
582.65,12.480161341430636,9.936519617373285
582.7,14.893217256255026,10.228196453747117
582.75,22.2117661159132,9.651360950024246
582.8000000000001,-2.7183362565105402,7.3179888560225725
582.85,20.978080630698592,8.00118358339258
582.9,3.187575835163038,8.159966284441298
582.95,-14.182574723425866,6.735270999834919
583.0,17.726755235006372,6.298286124245138
583.0500000000001,20.617406737672283,4.886199794330795
583.1,2.4104316463226536,1.981964388087962
583.15,-3.676865757041381,2.6934215201189393
583.2,-6.979757776806731,1.365362036204659
583.25,-27.56378631497697,0.03386506123101909
583.3000000000001,-12.239968261775331,4.018113133095796
583.35,66.69604145602543,4.987768261974016
583.4,1.122684731554999,4.554817823879292
583.45,17.187554200295292,6.634176171266216
583.5,-20.50044471234032,7.362131733975695
583.5500000000001,-15.742731112469333,5.218154542328553
583.6,22.293475689266547,6.4261885148280555
583.65,2.7301508499519715,6.445693317176117
583.7,44.441799116086536,3.7411370117975165
583.75,27.45265324063783,1.7086914268777276
583.8000000000001,20.733938031958587,0.6996070850210868
583.85,15.240343953428349,-0.010942090858027283
583.9,14.005174610420978,-4.4815792991038395
583.95,-45.60751960971454,-6.4519034867019815
584.0,-43.53484044588713,-3.341634293123047
584.0500000000001,10.836761249825914,1.7202164152104618
584.1,76.11899475219711,4.57833898328224
584.15,38.19879939314784,-2.286232046149843
584.2,-52.05769001524153,-3.839126894165882
584.25,-38.51687241154831,0.10435445394821302
584.3000000000001,6.324172358711989,-0.9197791569183943
584.35,-16.73100920553183,-0.6822280114581855
584.4,-13.39995858540931,2.402791697846355
584.45,41.07595626654009,3.664225875271101
584.5,22.906374854745778,-0.4253005098235434
584.5500000000001,19.83302580238243,-5.432695362513577
584.6,36.51551734833251,-6.222258558145483
584.65,69.93795944825118,-15.81514612175482
584.7,34.20458183410803,-14.230081697466332
584.75,-64.78708307197402,-5.804878091848245
584.8000000000001,-65.07507524243138,-9.290304369926504
584.85,33.189518490732105,-9.072029427265154
584.9,-48.74286638263185,-10.65333288674033
584.95,49.608884535945315,-5.899325327369728
585.0,26.608498155865774,-1.6444960612480886
585.0500000000001,-84.8089991795347,-4.429542116755443
585.1,-13.112909319968072,-3.87233781246409
585.15,-61.7389074108103,-5.547570947149288
585.2,-14.006807181131796,-3.9568020829412407
585.25,50.353319714418205,4.081171226026092
585.3000000000001,-33.10769670629862,4.749895527222095
585.35,17.401978909106735,1.890181216202759
585.4,-82.73447953318359,3.0183280383302056
585.45,-10.525528532382033,6.700872655597449
585.5,45.8819351318153,2.6403758012157423
585.5500000000001,14.671570663566719,-0.23946641667806484
585.6,47.64716791404406,-0.7483887412896995
585.65,-25.505196453780275,-2.8242297758714088
585.7,-77.01621087130745,-0.7487259088629508
585.75,-16.1653274753595,1.1322394454293965
585.8000000000001,-15.193017996892792,2.4402692795967686
585.85,-39.88481032684769,4.16734141524507
585.9,3.8872301951871084,8.750931045509626
585.95,8.834191150849202,6.57780897934718
586.0,-6.405178355671114,3.772393782286368
586.0500000000001,-19.121238311007687,8.621189610553156
586.1,-15.552321535257759,11.113339260355868
586.15,4.970300714883202,10.758959933244457
586.2,13.408522193216479,10.82056355943592
586.25,17.88068618822546,11.979331573046862
586.3000000000001,-33.80535911094102,10.565382035077088
586.35,-1.7684563342777135,9.774291422204127
586.4,10.79322975997356,11.632478489460963
586.45,25.353945176750308,10.407795422024373
586.5,77.30797619816451,8.651140374014755
586.5500000000001,-13.486040860887472,7.06981899371044
586.6,-6.628161030405983,6.28639598147681
586.65,11.005861250480136,5.154274792426442
586.7,9.399567663334453,3.4441513923298883
586.75,-46.23766396048558,2.7549629279037458
586.8000000000001,31.158767707663024,5.521707217847881
586.85,44.78429768911583,5.879143988153512
586.9,8.302217057565164,0.8681634826727961
586.95,-36.64303347041571,0.38049425864740327
587.0,-58.06092946417672,2.8469872589034537
587.0500000000001,-44.40098216040837,4.475611277866535
587.1,19.690034662747834,7.992753803142387
587.15,82.7337206128827,10.511737673372911
587.2,-2.680772976721466,7.866355369751235
587.25,8.352012432075615,4.762320558098645
587.3000000000001,-50.871499641785185,4.122396890539133
587.35,-47.41484063614042,7.217843648448163
587.4,-4.314257447278623,10.974758992804222
587.45,3.702730108219525,9.29299733540231
587.5,-1.7264465582947324,5.857199114300752
587.5500000000001,2.6819160387317624,7.891064020715954
587.6,-28.812637879364317,9.973974423959385
587.65,1.6641982250140945,9.90467454137534
587.7,-15.618006068044542,10.403381717814321
587.75,5.00313893004123,9.108319109656618
587.8000000000001,11.124869750270383,8.310210850370868
587.85,-0.3132964441523452,7.687552989313018
587.9,54.67891460428584,7.76914257939337
587.95,6.496509329864609,10.405954491778726
588.0,20.930380728441566,9.076684744644764
588.0500000000001,6.040551403976552,6.776364283288672
588.1,-27.985147196656982,8.641770801627013
588.15,24.578143869298604,9.42716596143125
588.2,-14.042393732182434,8.50300208814557
588.25,-17.136714318624822,8.316395497422217
588.3000000000001,-24.81627360674204,9.593080765274687
588.35,19.80641974427847,9.986130623023538
588.4,43.52187164794241,8.716870027423711
588.45,53.08613717146553,5.056968637176321
588.5,-73.65545844441257,2.730575581390963
588.5500000000001,-13.226283076939541,5.635279741783819
588.6,-26.632840746170107,6.697643140791117
588.65,18.40462178276337,6.574718711286711
588.7,1.6290190554219188,7.070552247291964
588.75,19.37371163627234,8.30615856411685
588.8000000000001,-10.284681425312511,9.301599295693538
588.85,37.8492207939429,8.58970997825766
588.9,3.364976915875855,5.083972199110546
588.95,13.221863764159647,1.7714096275576612
589.0,35.02290068410615,0.3020724661778645
589.0500000000001,-43.617491981922285,0.05497388642030387
589.1,54.60938444213699,1.4929267037594776
589.15,2.4018809127366754,-0.6180021635283146
589.2,-7.299422198484276,2.2742278088175745
589.25,24.39346584391272,1.2035741890235463
589.3000000000001,1.6444543107064948,-1.009284872270026
589.35,-55.00311243084763,2.1661795561814188
589.4,33.36685623696032,0.6372851466866902
589.45,-2.490112479653681,0.9355206677192542
589.5,26.11965092822575,-0.4084964940869529
589.5500000000001,16.797360862916655,0.11748700748857299
589.6,-1.7627848170404592,1.7803894827079354
589.65,-31.445134830202797,-1.6270904322943793
589.7,23.032549289928554,-1.5002083198793155
589.75,-60.908521282498775,0.668379434149954
589.8000000000001,50.0588918193045,2.95529860226105
589.85,-7.162637925388409,2.290754072907187
589.9,46.06606571336123,3.138730976717981
589.95,37.570350749224744,-0.39884969200848897
590.0,-43.48565553827023,-2.2788907018223856
590.0500000000001,-21.260213143438435,1.1025621966012928
590.1,1.6188750791349606,-1.720031974647409
590.15,59.040406072372186,-1.1836817023579953
590.2,51.48989498629983,-0.08920763986701663
590.25,69.10093698133916,0.4171021410322991
590.3000000000001,48.651662211776376,-6.30028784808485
590.35,-20.017477316071407,-15.442351500822864
590.4,-61.45174593736816,-13.451907938773038
590.45,-63.13476802502516,-9.413227364486948
590.5,-41.31042376929772,-5.813543717906494
590.5500000000001,31.73863352939869,-0.13091869957842467
590.6,9.38771075114642,3.1264273036161407
590.65,55.91215790872871,1.2973434756978017
590.7,-27.506496943172813,-3.5160014372733843
590.75,43.950744033139955,-3.8828175352905046
590.8000000000001,55.89985581242066,-7.274125595877387
590.85,18.982531827274656,-9.627222174080904
590.9,26.510829813092894,-15.397579575108772
590.95,10.28359657673239,-19.030179434929448
591.0,-28.68176671029276,-14.912632564471332
591.0500000000001,-85.11795036754427,-15.033583670890064
591.1,-15.886946369184994,-13.415764616239853
591.15,-24.762340104978403,-9.249105354954393
591.2,34.649684497729375,-8.009608129782679
591.25,19.036836132504835,-10.043050275612439
591.3000000000001,1.3944074349071818,-11.207260566559405
591.35,-77.21393604133073,-11.776649845631079
591.4,-84.24131768122082,-7.575799144942588
591.45,76.52956458082146,-3.8874026689688823
591.5,54.4154144621411,-5.257548406274211
591.5500000000001,-52.164686583955515,-7.478465110484527
591.6,-85.0563333548927,-3.1084879139331387
591.65,9.245481442563442,2.39094921245795
591.7,-3.2264043872920247,-0.13803447755658227
591.75,17.329954215503157,0.10153105301035234
591.8000000000001,2.2449520412889896,-1.1834911867244227
591.85,-75.84631406743084,-0.7323254750959889
591.9,-51.57199718517219,2.573585520506457
591.95,31.39703130542246,4.778951939154742
592.0,21.16129162429673,5.175242486174438
592.0500000000001,-16.15662085595242,1.570191282201588
592.1,-24.982162882912267,2.118886947515903
592.15,36.225673389728655,3.3511665901332472
592.2,-38.02164825373838,-0.9208303157400942
592.25,25.93029077759602,-1.896058775238138
592.3000000000001,27.237439660800277,3.7697123992756927
592.35,6.889202243752499,2.9305408415602283
592.4,19.67568320513968,-1.4629114056408268
592.45,-27.97079184492677,1.781399670923395
592.5,-17.483230636632662,3.8953841563594205
592.5500000000001,28.03149213109608,3.7307327621425834
592.6,2.5222813656037806,0.3327687852174027
592.65,37.74303819328058,-5.149406297878891
592.7,40.07539945865244,-3.63030355644535
592.75,-54.92305895076747,-0.7917210244999825
592.8000000000001,-12.320945136070517,-2.470704394815163
592.85,-6.001165363590268,-3.707728339027592
592.9,65.50804933687864,5.053002452202998
592.95,-97.30715688374255,1.2495499978105158
593.0,15.884335851583794,-5.065925083859548
593.0500000000001,-26.235487790228248,-1.1978511038379887
593.1,-7.522862033706075,2.355827584503487
593.15,-4.812006590037654,7.3538315699776176
593.2,-37.03030203719397,8.671976675564297
593.25,15.814459289054698,7.341098127208893
593.3000000000001,6.740693539547943,6.5942319757277925
593.35,39.28957178366387,6.045131788368385
593.4,-52.238581891014626,4.261139956374948
593.45,-8.286270310041825,4.413541403883757
593.5,-55.87827991919922,7.818515765868426
593.5500000000001,1.5424542307175055,10.054082619574045
593.6,37.66766347139543,6.696846529313283
593.65,-3.615625050044271,6.751140010711978
593.7,-11.538051869735682,10.859569323136714
593.75,35.79136588857178,12.33229107645141
593.8000000000001,40.96340814680863,7.598590555149182
593.85,-14.747784615330525,0.8523469550258178
593.9,6.390622870444837,2.4600382052588556
593.95,-55.83279696763315,6.304350698187791
594.0,-14.680478734903756,7.3993053080349185
594.0500000000001,18.554225158916797,9.295409867625878
594.1,30.327417354030764,7.847779406695276
594.15,3.832162058657808,5.136791284686054
594.2,18.732424494116138,5.701248265714861
594.25,-32.103067512039864,1.7176492673730293
594.3000000000001,1.502051055751317,2.00923671114417
594.35,44.03212970499113,8.501494046790176
594.4,-12.066122958909716,6.435280099331576
594.45,-14.470696857857805,1.1406248996730546
594.5,-6.25655338119883,1.9788470592983844
594.5500000000001,74.4565836314999,5.774765501612107
594.6,-1.6152635534847573,3.5833589533614765
594.65,106.55935053770477,-0.7912666600928813
594.7,-51.74164457742866,-6.031384493646793
594.75,3.6024220451091518,-4.730736831745777
594.8000000000001,-23.280208357564298,-1.3158325682595309
594.85,10.33014427739724,-5.6432176737241235
594.9,0.11685590606756305,-7.450153349525556
594.95,1.2254505747554825,-4.556003456807255
595.0,31.510364505167548,-3.273474077265255
595.0500000000001,-3.365783599081764,-1.4597881790374574
595.1,35.84430661023385,-4.51284977883036
595.15,-4.0089274695215105,-4.923746278227897
595.2,5.819945962305316,-5.9384083350106405
595.25,0.7557818940486295,-11.556683226128106
595.3000000000001,-23.84013538929226,-9.243605260050547
595.35,-24.326338445707975,-7.861349745594781
595.4,-1.8434020165196754,-4.363527506395023
595.45,100.81032712208898,0.55253307874923
595.5,-39.978007704840174,-1.1980165492511061
595.5500000000001,-59.365940721645366,-6.530972788737712
595.6,18.941598340710573,-6.067318845012199
595.65,113.9524066140789,-7.9422100641465665
595.7,-87.13489113969577,-16.850166249641585
595.75,-41.74003484252614,-13.22830140589755
595.8000000000001,23.03248770986246,-7.186541406427184
595.85,24.117358520365514,-9.583599576670744
595.9,-21.262011211447255,-4.7400364446897125
595.95,26.35034543697515,-3.637552007105693
596.0,17.048140221642086,-8.37131108288423
596.0500000000001,-3.5583676065835363,-8.33379441238526
596.1,43.95760390438139,-6.968127490914978
596.15,18.153257119365687,-3.8248828601046
596.2,31.770166246853364,-0.9337159078371489
596.25,15.966244584695657,-8.744234970188709
596.3000000000001,-27.872285144678546,-19.139662019183376
596.35,-56.37337005208306,-16.905882561079082
596.4,-36.01900484334337,-12.214722373965447
596.45,15.96752717050275,-10.719784479273283
596.5,-8.100342510712343,-11.09709842927051
596.5500000000001,-32.981164206931396,-13.792721487708725
596.6,74.12014148746933,-12.704309960762531
596.65,-39.92386591720752,-9.23782153739373
596.7,-42.35340095324217,-5.655879409764813
596.75,13.135062815513061,-2.418963266868904
596.8000000000001,73.62858393920948,-1.2575669531525149
596.85,31.486275636662526,-2.1050782958792347
596.9,-41.35934286464429,-8.278673923466574
596.95,-59.95516108029519,-12.683006836255462
597.0,18.17613131151629,-3.947574107885068
597.0500000000001,41.60129335062346,-0.4382098891503705
597.1,-9.57212606213144,-6.908224783844337
597.15,5.9242881469187,-13.305210173427282
597.2,-38.62322028551655,-12.552694645295084
597.25,-33.69124203970555,-6.307748977976923
597.3000000000001,25.043317261779993,-4.76655022689672
597.35,-34.77976249276322,-7.820392958721642
597.4,-55.3383836983336,-10.92200269370528
597.45,17.159388852275125,-2.8341514743883067
597.5,-11.085340609327467,-0.5487160332293797
597.5500000000001,12.160875393150441,-1.175376977454022
597.6,-0.10579474206717195,1.4978145293429663
597.65,1.4536250398977377,-0.16449199848018448
597.7,-17.91332550345111,-0.25168856815580554
597.75,-33.603195982697905,1.3092902154662078
597.8000000000001,78.13831783343416,1.0278890213045566
597.85,-26.732906236565462,0.6605360793805091
597.9,22.75694458254032,0.4443292432759102
597.95,-38.55785176755686,-2.6953843674283435
598.0,25.360092008400883,-1.5505240099869702
598.0500000000001,-34.40751961417138,0.32523851434076245
598.1,5.808124163958961,0.8791970991391025
598.15,80.39036115697463,-0.3823836222544079
598.2,-37.87663287394091,-0.8065577613981563
598.25,73.16974968708436,-0.7547207792442885
598.3000000000001,9.914898077965804,0.35394627792397004
598.35,-21.402438734120036,-0.70804313701761
598.4,-38.32406050624794,-8.229258849705653
598.45,27.227876223739123,-9.008135347267265
598.5,-53.60491815612257,-4.956457192117421
598.5500000000001,-16.623355609506117,-2.8002298834143544
598.6,-13.314254765689556,-0.36329682066475655
598.65,5.43218778740265,-0.04942017918007347
598.7,-100.39892804649986,3.7565440337280576
598.75,8.329288692886907,7.828140340427725
598.8000000000001,67.63830250014485,5.470893208405507
598.85,21.16925146712933,3.8688290178533955
598.9,-20.694678769205616,1.1991028145143494
598.95,-26.291014192863337,2.048057001206745
599.0,-32.40386566756824,3.4379027550621064
599.0500000000001,-22.587895443234526,2.8880954294762082
599.1,16.64088159798011,3.181847710317279
599.15,21.43162963652904,1.721271713205207
599.2,-66.87978590422574,2.1623014679000816
599.25,-10.490039091894962,6.209957137504572
599.3000000000001,45.57386181438137,8.307871242138637
599.35,-43.22735431610977,6.261661132697295
599.4,-40.568672781712415,7.575305646018463
599.45,15.106850854447448,10.255150579569952
599.5,4.881959458098021,11.18729776835354
599.5500000000001,-2.3060907329271423,10.774139188131995
599.6,35.06361287272425,8.978433210959281
599.65,17.950927783222497,8.614295993388701
599.7,31.23041018484984,9.32880065137272
599.75,-41.7955798008751,4.209277106842444
599.8000000000001,-11.869858394240083,0.6143789110792488
599.85,18.263318348795714,5.7780203399870915
599.9,-28.271259526164883,6.297486721531404
599.95,21.437834237086133,1.5639453485187924
