time,true,pred
420.1500000000004,2.702935365109056,2.854334110059278
420.17500000000035,2.896169395706437,2.960149470118641
420.2000000000004,2.896169395706437,2.996034403723487
420.22500000000036,2.988504474612924,3.0857359519168392
420.2500000000004,2.988504474612924,3.55291320726048
420.2750000000004,3.1601965161012373,3.6065883481377132
420.30000000000035,3.1601965161012373,3.119922837458578
420.3250000000004,3.364613384642496,3.1372156559693156
420.35000000000036,3.364613384642496,3.150791129214029
420.3750000000004,3.49156730635994,3.1987983371463695
420.4000000000004,3.49156730635994,3.2167302922577408
420.42500000000035,3.4463338883252845,3.379489604024585
420.4500000000004,3.4463338883252845,3.348523001211447
420.47500000000036,3.292243140866887,3.344370457016914
420.5000000000004,3.292243140866887,3.888969509794017
420.5250000000004,3.2139462099495972,3.9454572741374268
420.55000000000035,3.2139462099495972,3.80158831664479
420.5750000000004,3.2363462995176633,3.7518145307395208
420.60000000000036,3.2363462995176633,3.818648526567654
420.6250000000004,3.2464761144518235,3.676391660273333
420.6500000000004,3.2464761144518235,3.76065419566975
420.67500000000035,3.175680777521322,3.7524153547659904
420.7000000000004,3.175680777521322,3.9336737249460483
420.72500000000036,3.3237192806825533,3.5165007997480022
420.7500000000004,3.3237192806825533,3.5126528511321538
420.7750000000004,3.391647916845457,3.5485588913786295
420.80000000000035,3.391647916845457,3.5842022528323083
420.8250000000004,3.4641300389674825,3.7034381287282088
420.85000000000036,3.4641300389674825,3.879875863147739
420.8750000000004,3.6679003480492014,4.2884612013213275
420.9000000000004,3.6679003480492014,3.6728815198833136
420.92500000000035,3.876914697427395,3.680443107373884
420.9500000000004,3.876914697427395,3.9413872245016335
420.97500000000036,4.021784482696916,4.191974526701601
421.0000000000004,4.021784482696916,4.399522935239424
421.0250000000004,4.155187923635722,4.561179728964704
421.05000000000035,4.155187923635722,4.5426367535321255
421.0750000000004,4.241904167001493,4.693449908164225
421.10000000000036,4.241904167001493,4.582058674956112
421.1250000000004,4.330551662293118,4.464748246526838
421.1500000000004,4.330551662293118,4.514486599940711
421.17500000000035,4.377190001831579,4.514486599940711
421.2000000000004,4.377190001831579,4.511785010766904
421.22500000000036,4.252738422569621,4.6815927488428
421.2500000000004,4.252738422569621,5.3413069225219045
421.2750000000004,4.0684498250063825,5.249999458170684
421.30000000000035,4.0684498250063825,5.277291150565987
421.3250000000004,4.029427346493961,5.366892838374533
421.35000000000036,4.029427346493961,5.449841883289907
421.3750000000004,3.82548543237516,5.527980279708549
421.4000000000004,3.82548543237516,5.464273107082143
421.42500000000035,3.7736361403546823,5.437978002578774
421.4500000000004,3.7736361403546823,4.887773753905178
421.47500000000036,3.744952244845777,4.86163322197362
421.5000000000004,3.744952244845777,4.665901555823686
421.5250000000004,3.57954351709796,4.702017478981284
421.55000000000035,3.57954351709796,5.555209684665352
421.5750000000004,3.2645838945959014,5.600313829480599
421.60000000000036,3.2645838945959014,7.298819256684859
421.6250000000004,2.9158451057074757,5.2306308091839595
421.6500000000004,2.9158451057074757,5.103163551795175
421.67500000000035,2.5022661769130394,5.192482930871063
421.7000000000004,2.5022661769130394,5.982349555544392
421.72500000000036,2.099078178305433,5.843949538162512
421.7500000000004,2.099078178305433,5.555656873785262
421.7750000000004,1.8287707046234942,5.771693173932412
421.80000000000035,1.8287707046234942,6.454944497532443
421.8250000000004,1.7851246003034618,6.3786989540190895
421.85000000000036,1.7851246003034618,2.693102770879892
421.8750000000004,1.898678289044696,2.854500879665376
421.9000000000004,1.898678289044696,2.8432193047384544
421.92500000000035,2.0605675305356357,3.483840542025052
421.9500000000004,2.0605675305356357,3.379433879282841
421.97500000000036,2.248928535357436,3.3727138297081067
422.0000000000004,2.248928535357436,3.2763785731218076
422.0250000000004,2.4217310705072776,3.2506257398847174
422.05000000000035,2.4217310705072776,3.275926874151661
422.0750000000004,2.535713466608442,3.259264967599021
422.10000000000036,2.535713466608442,3.3072566634262226
422.1250000000004,2.6446092400557006,3.2620899515662725
422.1500000000004,2.6446092400557006,2.6881906890158893
422.17500000000035,2.7254759212879947,2.5836099476901695
422.2000000000004,2.7254759212879947,2.591551232915313
422.22500000000036,2.798283565300281,3.4874394296398266
422.2500000000004,2.798283565300281,3.7012411916241272
422.2750000000004,2.7622241325820767,3.7190780762095392
422.30000000000035,2.7622241325820767,3.952966084717859
422.3250000000004,2.7264097279566784,4.089172724509084
422.35000000000036,2.7264097279566784,3.789127659256305
422.3750000000004,2.745078040496125,3.7439161531694407
422.4000000000004,2.745078040496125,3.672164411031834
422.42500000000035,2.858845334850301,3.672164411031834
422.4500000000004,2.858845334850301,3.557447864281499
422.47500000000036,3.0004103502228645,3.5940382134133997
422.5000000000004,3.0004103502228645,3.7013932988538807
422.5250000000004,3.1081611849179183,3.74172132772062
422.55000000000035,3.1081611849179183,3.836726612201848
422.5750000000004,3.2154813775919564,3.777065413829876
422.60000000000036,3.2154813775919564,3.740558013791085
422.6250000000004,3.3762475545325543,3.6439552320659176
422.6500000000004,3.3762475545325543,3.9506644875174124
422.67500000000035,3.256546015079479,4.105553651850375
422.7000000000004,3.256546015079479,4.510256021970766
422.72500000000036,3.0611605923260754,3.9937468909653524
422.7500000000004,3.0611605923260754,4.0245265080930634
422.7750000000004,2.915009891817107,4.108229829076986
422.80000000000035,2.915009891817107,4.260970779104191
422.8250000000004,2.9258798503648364,4.3117981737149
422.85000000000036,2.9258798503648364,4.259460579682412
422.8750000000004,2.877453267972058,4.524161578827501
422.9000000000004,2.877453267972058,4.696381416682226
422.92500000000035,2.861275162307038,4.587054074611147
422.9500000000004,2.861275162307038,4.854247287850505
422.97500000000036,2.6139805120675987,4.8193192767401944
423.0000000000004,2.6139805120675987,4.98716488351295
423.0250000000004,2.506250821173623,5.083224430459074
423.05000000000035,2.506250821173623,4.82099299331214
423.0750000000004,2.646483749864686,4.869581247561838
423.10000000000036,2.646483749864686,4.619351898483606
423.1250000000004,2.7972587582717665,4.339270283783662
423.1500000000004,2.7972587582717665,4.361590489612533
423.17500000000035,2.988026446127833,4.382420761915781
423.2000000000004,2.988026446127833,4.233878151202172
423.22500000000036,3.190030620850763,4.2316020941082115
423.2500000000004,3.190030620850763,4.244010605561108
423.2750000000004,3.3979147184570735,4.190729095094327
423.30000000000035,3.3979147184570735,4.155870691505575
423.3250000000004,3.6475816125382465,4.236383218969355
423.35000000000036,3.6475816125382465,4.272142454267019
423.3750000000004,3.875243528463116,4.6985609168374145
423.4000000000004,3.875243528463116,4.638711672734119
423.42500000000035,4.083685848558645,4.387931679947626
423.4500000000004,4.083685848558645,4.718941261026301
423.47500000000036,4.213699701748126,5.390350598141267
423.5000000000004,4.213699701748126,5.490793697649471
423.5250000000004,4.363345178218523,5.622326853970763
423.55000000000035,4.363345178218523,5.553557308833811
423.5750000000004,4.5160490929574735,5.529660740646741
423.60000000000036,4.5160490929574735,5.774620757230233
423.6250000000004,4.676038945446095,5.932031108494861
423.6500000000004,4.676038945446095,5.921714361527855
423.67500000000035,4.753922527549236,5.948770623250913
423.7000000000004,4.753922527549236,5.930372480762028
423.72500000000036,4.813681333365281,5.973431766381821
423.7500000000004,4.813681333365281,5.923510091157644
423.7750000000004,4.904533013384764,5.963375664921451
423.80000000000035,4.904533013384764,5.930653320747078
423.8250000000004,5.008340397064643,5.94957836326503
423.85000000000036,5.008340397064643,5.789570129122384
423.8750000000004,5.137849199635113,5.7565550376488295
423.9000000000004,5.137849199635113,5.638344682773144
423.92500000000035,5.25175313996364,5.53619867871186
423.9500000000004,5.25175313996364,5.642197740527967
423.97500000000036,5.378222467726204,5.556611322023979
424.0000000000004,5.378222467726204,5.318075149156758
424.0250000000004,5.458356178026605,5.175561016207296
424.05000000000035,5.458356178026605,5.090672875419824
424.0750000000004,5.460542769697113,5.192468296035063
424.10000000000036,5.460542769697113,5.124195835605651
424.1250000000004,5.3769751524974225,4.790700591930016
424.1500000000004,5.3769751524974225,4.919326245931738
424.17500000000035,5.264355340997554,4.891478431844199
424.2000000000004,5.264355340997554,4.792239383590617
424.22500000000036,5.146402633761795,4.956813393545451
424.2500000000004,5.146402633761795,4.7581771726500985
424.2750000000004,5.045031132136259,4.554270833296102
424.30000000000035,5.045031132136259,4.628309956600579
424.3250000000004,4.827497428727838,4.574647836925084
424.35000000000036,4.827497428727838,4.36689121082927
424.3750000000004,4.562399645780161,4.208754805600226
424.4000000000004,4.562399645780161,4.111178266921002
424.42500000000035,4.421762324386805,3.9562266084595374
424.4500000000004,4.421762324386805,3.4811896605222308
424.47500000000036,4.278219806221898,3.456646880026605
424.5000000000004,4.278219806221898,3.6560549455701823
424.5250000000004,4.209162614489202,3.613365840354896
424.55000000000035,4.209162614489202,3.606033993638424
424.5750000000004,4.164436445310258,3.410818952916461
424.60000000000036,4.164436445310258,3.615253589823533
424.6250000000004,3.974350178960435,4.6122140235517834
424.6500000000004,3.974350178960435,8.210776737179566
424.67500000000035,3.882786533650517,7.717220336004955
424.7000000000004,3.882786533650517,7.814770378808318
424.72500000000036,3.824983539020522,7.763795974833868
424.7500000000004,3.824983539020522,7.674229776269134
424.7750000000004,3.727568426760243,7.233942588755742
424.80000000000035,3.727568426760243,6.902171896683188
424.8250000000004,3.6232746064818,7.1507704181094605
424.85000000000036,3.6232746064818,6.943147167959951
424.8750000000004,3.7124068044657577,7.266933437668603
424.9000000000004,3.7124068044657577,8.073735624076726
424.92500000000035,3.877476510751194,7.676839028955538
424.9500000000004,3.877476510751194,7.266827739456674
424.97500000000036,4.046780116069016,7.059170757246436
425.0000000000004,4.046780116069016,6.988376144063973
425.0250000000004,4.2220406132518775,4.408211809206331
425.05000000000035,4.2220406132518775,4.381286811442901
425.0750000000004,4.393295405250953,4.296606821592657
425.10000000000036,4.393295405250953,4.409487861966839
425.1250000000004,4.4055646203116225,4.118133494748898
425.1500000000004,4.4055646203116225,4.048148320941889
425.17500000000035,4.285850544919882,4.161519661960036
425.2000000000004,4.285850544919882,4.148305339644566
425.22500000000036,4.029335934409005,4.382702426083724
425.2500000000004,4.029335934409005,4.501915141516833
425.2750000000004,3.929735817201305,4.119916336449439
425.30000000000035,3.929735817201305,4.131559245752093
425.3250000000004,3.798307499610047,4.040845754177336
425.35000000000036,3.798307499610047,3.924679928592104
425.3750000000004,3.5815225921860048,4.038130167003979
425.4000000000004,3.5815225921860048,4.1220604306885615
425.42500000000035,3.409820364669315,4.096984046151379
425.4500000000004,3.409820364669315,3.791746311061061
425.47500000000036,3.3362376192626044,3.7525980984768093
425.5000000000004,3.3362376192626044,4.005928409436493
425.5250000000004,3.289083487260058,3.733183046106283
425.55000000000035,3.289083487260058,3.6754010325805924
425.5750000000004,3.3045705375438956,3.9168995520170644
425.60000000000036,3.3045705375438956,4.002888687259216
425.6250000000004,3.339710173772943,3.8623025397206576
425.6500000000004,3.339710173772943,4.546192894972114
425.67500000000035,3.373083528947177,4.3207633410499175
425.7000000000004,3.373083528947177,4.2221510172396854
425.72500000000036,3.4718461539825967,4.27954030187757
425.7500000000004,3.4718461539825967,4.243360694064288
425.7750000000004,3.556433414971238,4.529003795158694
425.80000000000035,3.556433414971238,4.543201790067998
425.8250000000004,3.7150344275462004,5.466258364211011
425.85000000000036,3.7150344275462004,4.394762242057496
425.8750000000004,3.8853088223696375,4.242589244876334
425.9000000000004,3.8853088223696375,4.604973849142211
425.92500000000035,3.958448374158678,4.125182482759206
425.9500000000004,3.958448374158678,3.863135562527228
425.97500000000036,4.076103637198642,4.008425507190193
426.0000000000004,4.076103637198642,4.0446463214122605
426.0250000000004,4.261391293092444,4.093210988352865
426.05000000000035,4.261391293092444,4.065568708875259
426.0750000000004,3.7491990800844905,3.9880883909081746
426.10000000000036,3.7491990800844905,3.9577647475369355
426.1250000000004,3.267994016159201,3.9341783296033475
426.1500000000004,3.267994016159201,3.965762636030984
426.17500000000035,2.8852188605078,3.848494865772599
426.2000000000004,2.8852188605078,3.169630485668207
426.22500000000036,2.568362034570765,2.939237628645984
426.2500000000004,2.568362034570765,2.9808705084803035
426.2750000000004,2.1646621004597537,2.946514503562169
426.30000000000035,2.1646621004597537,2.9331534613728096
426.3250000000004,2.059890294213261,2.915986130332942
426.35000000000036,2.059890294213261,2.683848799665757
426.3750000000004,1.921210169904199,2.696803107996702
426.4000000000004,1.921210169904199,2.7753744628249053
426.42500000000035,1.8830733940417703,2.7331194655050566
426.4500000000004,1.8830733940417703,2.53453049791536
426.47500000000036,1.826118132249672,2.4953994414446017
426.5000000000004,1.826118132249672,2.2763208049665185
426.5250000000004,1.865104042849997,2.2792235929503155
426.55000000000035,1.865104042849997,2.497391709451471
426.5750000000004,1.8775534899329127,2.56241938036468
426.60000000000036,1.8775534899329127,2.6673006487549227
426.6250000000004,1.8762944749667343,2.7313623312978064
426.6500000000004,1.8762944749667343,2.588676445890863
426.67500000000035,1.8607951171740689,2.6621015912214068
426.7000000000004,1.8607951171740689,2.772327464494433
426.72500000000036,1.9491837510062595,2.883150753206897
426.7500000000004,1.9491837510062595,2.8460693659965153
426.7750000000004,2.14609569036124,2.7328359724524796
426.80000000000035,2.14609569036124,2.7129481533382656
426.8250000000004,2.262826357009744,2.7588001386722656
426.85000000000036,2.262826357009744,2.919140122988469
426.8750000000004,2.382485467414296,2.9339402225409446
426.9000000000004,2.382485467414296,3.143533970341934
426.92500000000035,2.2773231903324564,3.1780253744038927
426.9500000000004,2.2773231903324564,3.018156276742325
426.97500000000036,2.133751484106248,3.1255447864244674
427.0000000000004,2.133751484106248,3.2353357333951345
427.0250000000004,2.059081546262442,3.198301975149073
427.05000000000035,2.059081546262442,3.1657891776335396
427.0750000000004,2.1864754872913186,3.256502954904585
427.10000000000036,2.1864754872913186,3.2067438612424737
427.1250000000004,2.249992609385661,3.2834828921341823
427.1500000000004,2.249992609385661,3.258202232033637
427.17500000000035,2.1752462563867647,3.244951545187009
427.2000000000004,2.1752462563867647,3.161512916708854
427.22500000000036,2.0128501188509897,3.2879379712716634
427.2500000000004,2.0128501188509897,3.2374406570587215
427.2750000000004,1.7836271506115984,3.305470058120922
427.30000000000035,1.7836271506115984,3.3845377855045253
427.3250000000004,1.863596084301924,3.3738345165159602
427.35000000000036,1.863596084301924,3.5016476420095017
427.3750000000004,1.930471070489044,3.539750790274981
427.4000000000004,1.930471070489044,3.0788842782683137
427.42500000000035,1.8830255731894272,3.4460464348486846
427.4500000000004,1.8830255731894272,3.4460464348486846
427.47500000000036,1.8779684885541372,3.3492663245140655
427.5000000000004,1.8779684885541372,3.20011659393015
427.5250000000004,1.8371362018148565,3.210547978300902
427.55000000000035,1.8371362018148565,3.2366466819968536
427.5750000000004,1.7198782427865478,3.2366466819968536
427.60000000000036,1.7198782427865478,3.227717515245024
427.6250000000004,1.7065980978402135,3.210553580045505
427.6500000000004,1.7065980978402135,3.0915459120845283
427.67500000000035,1.695437742979451,3.0781611842411496
427.7000000000004,1.695437742979451,3.097053556040871
427.72500000000036,1.736584987961071,3.1179706054360112
427.7500000000004,1.736584987961071,3.2877307212416396
427.7750000000004,2.011064742540256,3.2598942409133618
427.80000000000035,2.011064742540256,3.3487800573235678
427.8250000000004,2.2488468192149726,3.335605644691449
427.85000000000036,2.2488468192149726,3.332612158263117
427.8750000000004,2.4636709660996825,3.293957890561732
427.9000000000004,2.4636709660996825,3.6674100034323236
427.92500000000035,2.733479082753957,3.8807774036867038
427.9500000000004,2.733479082753957,3.8436400540527518
427.97500000000036,2.8874227814362308,3.82226348164856
428.0000000000004,2.8874227814362308,3.813853699746385
428.0250000000004,3.0402859828521303,3.841338608125613
428.05000000000035,3.0402859828521303,3.841338608125613
428.0750000000004,2.9527248983084333,3.8644030961616602
428.10000000000036,2.9527248983084333,3.8875964025394687
428.1250000000004,2.7146967910705464,3.454887970350407
428.1500000000004,2.7146967910705464,3.6403581211128553
428.17500000000035,2.4842983296561294,3.662266762300524
428.2000000000004,2.4842983296561294,3.8316243308982805
428.22500000000036,2.454358702927708,3.775882427734159
428.2500000000004,2.454358702927708,3.7537898515791426
428.2750000000004,2.4980997940133696,3.7756905350917718
428.30000000000035,2.4980997940133696,3.888221458872905
428.3250000000004,2.458206006306898,3.8047279299408583
428.35000000000036,2.458206006306898,3.8511109590391954
428.3750000000004,2.5299309754752053,3.8899275895043726
428.4000000000004,2.5299309754752053,4.174158726515826
428.42500000000035,2.5276027224004216,3.888657236106452
428.4500000000004,2.5276027224004216,3.7162912441690876
428.47500000000036,2.4969062545513823,3.7347753162591744
428.5000000000004,2.4969062545513823,3.8058855506304674
428.5250000000004,2.4487946887095857,3.766926762817956
428.55000000000035,2.4487946887095857,3.6505779252163326
428.5750000000004,2.3607654362489217,3.6428650453227585
428.60000000000036,2.3607654362489217,3.6428650453227585
428.6250000000004,2.117682363490932,3.6809787008395602
428.6500000000004,2.117682363490932,3.6485078172663554
428.67500000000035,1.8221074805620556,3.6166595698554302
428.7000000000004,1.8221074805620556,3.4752830101786185
428.72500000000036,1.8550199462547097,3.48536192567268
428.7500000000004,1.8550199462547097,3.422800972106722
428.7750000000004,1.9225959651674376,3.413943134681273
428.80000000000035,1.9225959651674376,3.2368767393788267
428.8250000000004,2.172659653898644,3.4174795502061586
428.85000000000036,2.172659653898644,3.3073907861477583
428.8750000000004,2.412786790954049,3.263138525905867
428.9000000000004,2.412786790954049,3.311412314356539
428.92500000000035,2.745853276303989,3.918654640377664
428.9500000000004,2.745853276303989,4.1287791953874775
428.97500000000036,2.989258285770702,4.062600866589453
429.0000000000004,2.989258285770702,3.9049658925660036
429.0250000000004,3.3127939175251164,3.8731796222293964
429.05000000000035,3.3127939175251164,3.9689014911559473
429.0750000000004,3.634782998134831,4.054153607935491
429.10000000000036,3.634782998134831,4.045290878670021
429.1250000000004,3.878687243848965,4.10378110639486
429.1500000000004,3.878687243848965,4.70173418196566
429.17500000000035,4.102785825445474,4.947495903872003
429.2000000000004,4.102785825445474,4.9843003874981076
429.22500000000036,4.213623853026374,5.01407400722367
429.2500000000004,4.213623853026374,5.056872796555196
429.2750000000004,4.333545043674894,5.016233420361392
429.3000000000004,4.333545043674894,5.082252127147057
429.3250000000004,4.457035122060792,5.057506247762549
429.35000000000036,4.457035122060792,5.073769214919307
429.3750000000004,4.561077636255711,5.120722099079801
429.4000000000004,4.561077636255711,5.1524425309883775
429.4250000000004,4.691597845484281,5.168192268319185
429.4500000000004,4.691597845484281,5.136986588494107
429.47500000000036,4.720103140578649,5.136986588494107
429.5000000000004,4.720103140578649,5.154375206346203
429.5250000000004,4.739846867638132,5.210335636731869
429.5500000000004,4.739846867638132,5.219157468563477
429.5750000000004,4.796439140026358,5.219157468563477
429.60000000000036,4.796439140026358,5.226827725546111
429.6250000000004,4.830133602029847,5.237244517689788
429.6500000000004,4.830133602029847,4.7720403174321095
429.6750000000004,4.7620176920386585,4.77256917167024
429.7000000000004,4.7620176920386585,4.774690997267847
429.72500000000036,4.664618229927906,4.765276901838875
429.7500000000004,4.664618229927906,4.80301932118088
429.7750000000004,4.603283092051655,4.817872683762682
429.8000000000004,4.603283092051655,4.801905722337483
429.8250000000004,4.453837292439486,4.802282238709227
429.85000000000036,4.453837292439486,4.875302709127274
429.8750000000004,4.443430409854352,4.8453917128882775
429.9000000000004,4.443430409854352,4.8453917128882775
429.9250000000004,4.341446272896194,4.845750687221345
429.9500000000004,4.341446272896194,4.712301943307179
429.97500000000036,4.251003957684693,4.689027949342939
430.0000000000004,4.251003957684693,4.598319021722229
430.0250000000004,4.1256597144805855,4.6586342888080585
430.0500000000004,4.1256597144805855,4.626172085122107
430.0750000000004,3.999051843132014,4.613158722479192
430.10000000000036,3.999051843132014,4.642627457190354
430.1250000000004,3.810965100512202,4.607912444238036
430.1500000000004,3.810965100512202,4.42716742820472
430.1750000000004,3.659575059318538,4.388611617978625
430.2000000000004,3.659575059318538,4.29501898489928
430.22500000000036,3.5347252438723644,4.29501898489928
430.2500000000004,3.5347252438723644,4.2215855020247774
430.2750000000004,3.3343168604423323,4.221881469727678
430.3000000000004,3.3343168604423323,4.189400155692477
430.3250000000004,2.928467469077203,4.349363274610505
430.35000000000036,2.928467469077203,4.428664858751234
430.3750000000004,2.5266603881360234,4.377354522742545
430.4000000000004,2.5266603881360234,4.377354522742545
430.4250000000004,2.298774959317344,4.565453181294114
430.4500000000004,2.298774959317344,4.402552889370235
430.47500000000036,2.2307119520937992,4.381108498409123
430.5000000000004,2.2307119520937992,6.936928666185938
430.5250000000004,2.237139630972328,6.825309401476611
430.5500000000004,2.237139630972328,6.891399625083775
430.5750000000004,2.1679325333722463,6.657557261350758
430.60000000000036,2.1679325333722463,6.6634698792081055
430.6250000000004,2.1732893266618927,6.830995304862416
430.6500000000004,2.1732893266618927,6.644673079622567
430.6750000000004,2.4197821227072134,7.9704776011418845
430.7000000000004,2.4197821227072134,4.81421144270031
430.72500000000036,2.60639454320631,4.897459304486563
430.7500000000004,2.60639454320631,4.8592808645809695
430.7750000000004,2.8277817960531397,4.934493772978515
430.8000000000004,2.8277817960531397,4.991074074456121
430.8250000000004,3.054229081002249,4.96925836655723
430.85000000000036,3.054229081002249,4.919094306003218
430.8750000000004,3.2394202335597715,4.582200374407041
430.9000000000004,3.2394202335597715,4.4094957335139515
430.9250000000004,3.267104047647916,4.515726366315902
430.9500000000004,3.267104047647916,4.515726366315902
430.97500000000036,3.2849927411686237,4.522190115831325
431.0000000000004,3.2849927411686237,4.5915024478821245
431.0250000000004,3.3905619227477035,4.589847760850127
431.0500000000004,3.3905619227477035,4.493681820019093
431.0750000000004,3.532872855582399,4.509158689293694
431.10000000000036,3.532872855582399,4.502294158232639
431.1250000000004,3.746364470534525,4.496271768161651
431.1500000000004,3.746364470534525,4.515724161488302
431.1750000000004,3.9470109483863527,4.5860171817989945
431.2000000000004,3.9470109483863527,4.593114683547212
431.22500000000036,4.1995373852957565,4.438531320212835
431.2500000000004,4.1995373852957565,4.592719528340006
431.2750000000004,4.449438269913094,4.592719528340006
431.3000000000004,4.449438269913094,4.570561124785337
431.3250000000004,4.674544720147232,4.585878418227439
431.35000000000036,4.674544720147232,4.570561124785337
431.3750000000004,4.826866408265169,4.970829223273187
431.4000000000004,4.826866408265169,5.1008741643330895
431.4250000000004,4.873586770977991,5.1008741643330895
431.4500000000004,4.873586770977991,5.1008741643330895
431.47500000000036,4.925658150706817,5.088182209058363
431.5000000000004,4.925658150706817,5.088182209058363
431.5250000000004,4.919840203361506,5.086509198184821
431.5500000000004,4.919840203361506,5.086509198184821
431.5750000000004,4.891932598718447,4.98168798521904
431.60000000000036,4.891932598718447,4.893881900117853
431.6250000000004,4.801790482090754,4.880952136420966
431.6500000000004,4.801790482090754,4.880952136420966
431.6750000000004,4.643016137103239,4.949568837962205
431.7000000000004,4.643016137103239,4.9424772652953735
431.72500000000036,4.261902797739498,4.927538806192058
431.7500000000004,4.261902797739498,4.454647194436513
431.7750000000004,3.9549483686335054,4.273978174079162
431.8000000000004,3.9549483686335054,4.22231862214321
431.8250000000004,3.815760673410407,4.195685640264986
431.85000000000036,3.815760673410407,4.074300244689261
431.8750000000004,3.7839100285591982,4.074300244689261
431.9000000000004,3.7839100285591982,4.085076830063111
431.9250000000004,3.8171099830365423,3.7198949032838406
431.9500000000004,3.8171099830365423,3.6962449083361584
431.97500000000036,3.8498646746031207,3.6962449083361584
432.0000000000004,3.8498646746031207,3.8031431926253068
432.0250000000004,3.880785270132587,3.783473060745144
432.0500000000004,3.880785270132587,3.7316437286185
432.0750000000004,3.999803246145047,3.9616689120997775
432.10000000000036,3.999803246145047,3.970820642893963
432.1250000000004,4.123012489248611,3.776829173371801
432.1500000000004,4.123012489248611,3.8312475357382203
432.1750000000004,4.129608217838771,3.6969931713437028
432.2000000000004,4.129608217838771,3.6969931713437028
432.22500000000036,4.293715460133933,3.3160241637391423
432.2500000000004,4.293715460133933,3.4322272331788124
432.2750000000004,4.43310591380635,3.4721888559546956
432.3000000000004,4.43310591380635,3.4766896574477117
432.3250000000004,4.462218366318122,3.417105265261522
432.35000000000036,4.462218366318122,3.22232387207091
432.3750000000004,4.4058086863301815,3.2505219976084407
432.4000000000004,4.4058086863301815,3.310494051006194
432.4250000000004,4.521518387187473,3.2728111205351986
432.4500000000004,4.521518387187473,3.2595377088457247
432.47500000000036,4.736070472931982,3.317020356047521
432.5000000000004,4.736070472931982,3.3510207021894356
432.5250000000004,4.911724972056003,3.3551678725990457
432.5500000000004,4.911724972056003,3.5879118241593573
432.5750000000004,4.887098326105132,3.57924717695009
432.60000000000036,4.887098326105132,3.788090880469873
432.6250000000004,4.920846590344407,3.4193654098774493
432.6500000000004,4.920846590344407,3.470679855861727
432.6750000000004,4.873558158858889,3.740075254105061
432.7000000000004,4.873558158858889,3.7889895600687633
432.72500000000036,4.824827058723454,3.861892873514299
432.7500000000004,4.824827058723454,3.8596458726389615
432.7750000000004,4.852566224158063,3.8826567179618685
432.8000000000004,4.852566224158063,3.8449659040456488
432.8250000000004,5.213326468533244,3.7311029043092145
432.85000000000036,5.213326468533244,3.7382606874686517
432.8750000000004,5.459452422102375,4.059258577858707
432.9000000000004,5.459452422102375,4.726667737121867
432.9250000000004,5.588408622414434,4.215763838937443
432.9500000000004,5.588408622414434,3.893429795388942
432.97500000000036,5.7585157721960645,3.8812166175429574
433.0000000000004,5.7585157721960645,3.8812166175429574
433.0250000000004,5.862628473779816,3.8217456156597645
433.0500000000004,5.862628473779816,3.802810042757672
433.0750000000004,5.843426312059888,4.2322616098466606
433.10000000000036,5.843426312059888,3.8368940178979374
433.1250000000004,5.857918745706477,3.916537393501208
433.1500000000004,5.857918745706477,3.6833063669279853
433.1750000000004,5.901319349624949,3.954527954086405
433.2000000000004,5.901319349624949,4.12796408146284
433.22500000000036,5.968403076209489,4.078217162042299
433.2500000000004,5.968403076209489,4.127525945247769
433.2750000000004,6.112287079536681,4.171407822730973
433.3000000000004,6.112287079536681,4.450978385096276
433.3250000000004,6.286756599683349,4.47476349740475
433.35000000000036,6.286756599683349,4.447728807398779
433.3750000000004,6.522442004743175,10.562790892120859
433.4000000000004,6.522442004743175,10.808365450569521
433.4250000000004,6.890077715044464,10.862350619361989
433.4500000000004,6.890077715044464,10.874052769008875
433.47500000000036,7.286738979420813,10.850456992025297
433.5000000000004,7.286738979420813,11.43478587436725
433.5250000000004,7.585495836346902,11.509405759030734
433.5500000000004,7.585495836346902,7.93248308714821
433.5750000000004,8.042119001782035,6.997210938438627
433.60000000000036,8.042119001782035,6.981000686430556
433.6250000000004,8.54611937833952,6.997581007722061
433.6500000000004,8.54611937833952,6.953649101938987
433.6750000000004,8.986327387138118,6.077007336610128
433.7000000000004,8.986327387138118,6.236849910899872
433.72500000000036,9.328457620400412,6.95046837044114
433.7500000000004,9.328457620400412,7.051309105396989
433.7750000000004,9.481208769502729,6.900484420287326
433.8000000000004,9.481208769502729,6.897555743616483
433.8250000000004,9.592841613283904,6.936695795127833
433.85000000000036,9.592841613283904,6.925508378263714
433.8750000000004,9.765642078909378,7.052893235102897
433.9000000000004,9.765642078909378,7.04682775919715
433.9250000000004,10.09855581957604,7.117368474898731
433.9500000000004,10.09855581957604,8.072767818995802
433.97500000000036,10.561958234462612,10.135278509207328
434.0000000000004,10.561958234462612,8.356301618741469
434.0250000000004,11.029736646682666,8.328049443060626
434.0500000000004,11.029736646682666,8.289926393470756
434.0750000000004,11.49979724227374,8.329417290483375
434.10000000000036,11.49979724227374,9.258063156926356
434.1250000000004,12.004661174418011,9.13934200961836
434.1500000000004,12.004661174418011,9.186654717100573
434.1750000000004,12.308022963679512,8.791870723327603
434.2000000000004,12.308022963679512,9.49282659859606
434.22500000000036,12.42569652070236,9.100149513093447
434.2500000000004,12.42569652070236,9.353900174522947
434.2750000000004,12.626249914553847,9.788790568920064
434.3000000000004,12.626249914553847,9.913745200228924
434.3250000000004,12.936574966485695,9.80566542444258
434.35000000000036,12.936574966485695,9.760440793017858
434.3750000000004,13.127437139182256,9.897925462077914
434.4000000000004,13.127437139182256,9.963295161015965
434.4250000000004,13.143350648766097,9.845879930089955
434.4500000000004,13.143350648766097,10.640987209638572
434.47500000000036,13.074628338621109,10.620427115321379
434.5000000000004,13.074628338621109,10.722161356381672
434.5250000000004,12.882183463923823,14.994880442071059
434.5500000000004,12.882183463923823,14.351922645113719
434.5750000000004,12.637595687945067,10.801174516577234
434.60000000000036,12.637595687945067,10.754100199395145
434.6250000000004,12.44218678151042,10.177424556716568
434.6500000000004,12.44218678151042,9.871041186222511
434.6750000000004,12.313326053566657,8.364072401772361
434.7000000000004,12.313326053566657,9.039890008412984
434.72500000000036,12.189216217809744,10.300524116526722
434.7500000000004,12.189216217809744,10.315916786824367
434.7750000000004,12.061602270033813,10.337106137971473
434.8000000000004,12.061602270033813,9.978796198041925
434.8250000000004,11.975737477001012,9.739866501032388
434.85000000000036,11.975737477001012,9.81636070415294
434.8750000000004,11.992739315843352,9.487492119758118
434.9000000000004,11.992739315843352,10.020897532907917
434.9250000000004,11.974583071000456,9.694617191708355
434.9500000000004,11.974583071000456,9.48593275247706
434.97500000000036,11.964900742098031,10.053045398504857
435.0000000000004,11.964900742098031,9.88208141102104
435.0250000000004,11.978681638238688,10.017549371823598
435.0500000000004,11.978681638238688,10.405922893093352
435.0750000000004,11.995422176088065,10.92830860413671
435.10000000000036,11.995422176088065,9.937711580812762
435.1250000000004,11.9998567039451,10.004301888477617
435.1500000000004,11.9998567039451,10.410757584899045
435.1750000000004,11.989122317150803,11.402910374012942
435.2000000000004,11.989122317150803,11.986822682179179
435.22500000000036,11.965102320108436,11.407161517102487
435.2500000000004,11.965102320108436,9.193389875485883
435.2750000000004,11.971528896671764,8.775545496245732
435.3000000000004,11.971528896671764,8.82167340139669
435.3250000000004,11.99072347871175,8.779055089646576
435.35000000000036,11.99072347871175,7.8861345345515215
435.3750000000004,12.016970752231702,7.900282797947275
435.4000000000004,12.016970752231702,7.597206444743573
435.4250000000004,11.987266420855608,7.442913458946533
435.4500000000004,11.987266420855608,10.442802755490437
435.47500000000036,11.868161097954602,10.067889884998179
435.5000000000004,11.868161097954602,9.328687449734863
435.5250000000004,11.716866157825596,9.583759664628353
435.5500000000004,11.716866157825596,9.67022861810589
435.5750000000004,11.529481163297426,7.5456969155141085
435.60000000000036,11.529481163297426,7.5032281803073495
435.6250000000004,11.323575084665418,7.534780146032357
435.6500000000004,11.323575084665418,6.005961820605929
435.6750000000004,11.082508753445076,6.403135162923512
435.7000000000004,11.082508753445076,6.392197718415807
435.72500000000036,10.928932228601193,6.487473422211609
435.7500000000004,10.928932228601193,8.632156226257727
435.7750000000004,10.835575321588331,8.689956522080843
435.8000000000004,10.835575321588331,6.700358439203633
435.8250000000004,10.740295159901954,6.745767790118999
435.85000000000036,10.740295159901954,6.730776519183358
435.8750000000004,10.629860310732129,9.284645071015388
435.9000000000004,10.629860310732129,9.580613066866519
435.9250000000004,10.690991888799116,8.91008662674326
435.9500000000004,10.690991888799116,9.242187628176632
435.97500000000036,10.9429740496587,8.909627428567644
436.0000000000004,10.9429740496587,9.786375725395802
436.0250000000004,11.217917039493392,9.774205675376418
436.0500000000004,11.217917039493392,9.295891000077475
436.0750000000004,10.574003099149602,9.099484035353704
436.10000000000036,10.574003099149602,11.769595112311077
436.1250000000004,9.97425060161447,10.724225167113874
436.1500000000004,9.97425060161447,10.737005189918321
436.1750000000004,9.304327491223182,10.287695483158796
436.2000000000004,9.304327491223182,11.030635903906985
436.22500000000036,8.628258249020286,7.581649900328362
436.2500000000004,8.628258249020286,7.654982768293123
436.2750000000004,8.125116222855858,7.672570994868761
436.3000000000004,8.125116222855858,6.983901291256664
436.3250000000004,7.57110144414051,7.0923145593763435
436.35000000000036,7.57110144414051,6.734660636548649
436.3750000000004,7.013834571485809,5.239820291621978
436.4000000000004,7.013834571485809,5.2286626407124075
436.4250000000004,6.487424879563809,4.878691681800239
436.4500000000004,6.487424879563809,5.394625138882908
436.47500000000036,6.011037719938598,5.252051741330398
436.5000000000004,6.011037719938598,6.594568058287348
436.5250000000004,5.542890372062232,6.491232934524071
436.5500000000004,5.542890372062232,5.964317657074713
436.5750000000004,5.214573510073574,6.128360295256827
436.60000000000036,5.214573510073574,5.620670453347057
436.6250000000004,5.157212971527719,5.51945269286283
436.6500000000004,5.157212971527719,5.1696965230160705
436.6750000000004,5.055389432209344,7.646717009571081
436.7000000000004,5.055389432209344,7.484153120687487
436.72500000000036,4.953559228561837,7.453719340559152
436.7500000000004,4.953559228561837,7.532907551239121
436.7750000000004,4.840468124438132,7.83002425197428
436.8000000000004,4.840468124438132,6.819480071359375
436.8250000000004,4.669455925511894,6.10926620695166
436.85000000000036,4.669455925511894,6.379146522631012
436.8750000000004,4.588339128292691,6.571813831935081
436.9000000000004,4.588339128292691,7.05061710905466
436.9250000000004,4.548434057634741,6.697732297619119
436.9500000000004,4.548434057634741,6.882650484092203
436.97500000000036,4.424982511533299,5.596415725431703
437.0000000000004,4.424982511533299,5.9538661013287335
437.0250000000004,4.168473186617367,6.687984236147547
437.0500000000004,4.168473186617367,6.581322931332884
437.0750000000004,4.048535031837471,6.308041218093393
437.10000000000036,4.048535031837471,6.410960633326207
437.1250000000004,4.069329247597612,6.461120412580409
437.1500000000004,4.069329247597612,6.432999551817464
437.1750000000004,3.9471823250282743,6.212521115150395
437.2000000000004,3.9471823250282743,6.228402971700562
437.22500000000036,3.8818980352518233,6.164841835609641
437.2500000000004,3.8818980352518233,6.01634212858221
437.2750000000004,3.723871328564881,5.993318199813957
437.3000000000004,3.723871328564881,5.990666991058121
437.3250000000004,3.780017910638146,6.08120885275354
437.35000000000036,3.780017910638146,5.698537067327781
437.3750000000004,3.908749551249589,5.71685310857319
437.4000000000004,3.908749551249589,4.403299385512453
437.4250000000004,4.043780467335059,4.43923659052529
437.4500000000004,4.043780467335059,4.467298779848303
437.47500000000036,4.0637707515003045,4.703509930076419
437.5000000000004,4.0637707515003045,4.542596424527674
437.5250000000004,3.971599835581839,4.535989051556503
437.5500000000004,3.971599835581839,4.985494618523803
437.5750000000004,3.889366893427075,4.967319553629822
437.60000000000036,3.889366893427075,4.931849180842309
437.6250000000004,3.822072898540321,4.81160524322948
437.6500000000004,3.822072898540321,4.696452224198524
437.6750000000004,3.703228010368647,4.721823409880509
437.7000000000004,3.703228010368647,4.7548661327548345
437.72500000000036,3.6623507263966735,5.0827488867117765
437.7500000000004,3.6623507263966735,5.058048144225811
437.7750000000004,3.6292060406431377,5.143084093769983
437.8000000000004,3.6292060406431377,5.258143735865161
437.8250000000004,3.583602540351017,5.240820240145423
437.85000000000036,3.583602540351017,5.322727733276067
437.8750000000004,3.360767371193437,5.234572774036099
437.9000000000004,3.360767371193437,5.213631890069649
437.9250000000004,3.284448314988712,5.2773665707331165
437.9500000000004,3.284448314988712,5.4607801299141885
437.97500000000036,3.094678366300728,5.394190792005216
438.0000000000004,3.094678366300728,5.390795318742323
438.0250000000004,3.0542166888670264,5.2447440855818215
438.0500000000004,3.0542166888670264,4.156218335104081
438.0750000000004,2.975492185536868,4.2173771709759516
438.10000000000036,2.975492185536868,4.198012862490548
438.1250000000004,3.0102934345830628,4.200846698947753
438.1500000000004,3.0102934345830628,4.065261323827833
438.1750000000004,3.0658917119195843,4.041479028685634
438.2000000000004,3.0658917119195843,7.231189950934395
438.22500000000036,3.2573613127771504,7.071376941095731
438.2500000000004,3.2573613127771504,7.891517939522544
438.2750000000004,3.4151235709737957,3.7448440246649097
438.3000000000004,3.4151235709737957,3.656836882423919
438.3250000000004,3.582393722140299,4.064098855720517
438.35000000000036,3.582393722140299,3.968902436051423
438.3750000000004,3.716412365597139,3.7434503800816485
438.4000000000004,3.716412365597139,3.7507377404260933
438.4250000000004,3.819614713046717,3.973556310451833
438.4500000000004,3.819614713046717,4.02772501092954
438.47500000000036,3.9505453737891534,4.059612695641332
438.5000000000004,3.9505453737891534,4.008214793430145
438.5250000000004,4.146800217698173,4.103939603282822
438.5500000000004,4.146800217698173,4.21893866616708
438.5750000000004,4.320195792816928,4.322967717254199
438.60000000000036,4.320195792816928,4.356015761432918
438.6250000000004,4.4674157762966455,4.510138667900426
438.6500000000004,4.4674157762966455,4.445337113480755
438.6750000000004,4.616091381948105,4.322350340569698
438.7000000000004,4.616091381948105,4.45718075562475
438.72500000000036,4.8019533701484365,4.416597495641594
438.7500000000004,4.8019533701484365,4.286253794132076
438.7750000000004,4.868173765426895,7.232852226326475
438.8000000000004,4.868173765426895,7.265794013102716
438.8250000000004,4.7793896829455695,7.122870898994276
438.85000000000036,4.7793896829455695,6.816679347234835
438.8750000000004,4.625910090817306,7.396586065373751
438.9000000000004,4.625910090817306,8.605947828959271
438.9250000000004,4.548854128064408,8.740011597000345
438.9500000000004,4.548854128064408,6.407571933011135
438.97500000000036,4.474422810790992,6.339109254670762
439.0000000000004,4.474422810790992,6.698603825143628
439.0250000000004,4.425235427856603,6.5085094244012724
439.0500000000004,4.425235427856603,6.201167703402018
439.0750000000004,4.326688286367942,6.149640715955071
439.10000000000036,4.326688286367942,6.3904752592586185
439.1250000000004,4.219622965797512,5.154812282046168
439.1500000000004,4.219622965797512,4.878101525432283
439.1750000000004,4.027345486475044,4.932994084977459
439.2000000000004,4.027345486475044,4.929280122682145
439.22500000000036,3.810418759436676,4.98668851771552
439.2500000000004,3.810418759436676,4.981598776240006
439.2750000000004,3.4354309634412994,4.915121538892011
439.3000000000004,3.4354309634412994,4.904214529549973
439.3250000000004,3.2976802924635207,4.958196957548818
439.35000000000036,3.2976802924635207,4.6323939898542354
439.3750000000004,3.1976037964003856,4.622004664054376
439.4000000000004,3.1976037964003856,4.448028549447024
439.4250000000004,3.196691319493402,4.615031633478067
439.4500000000004,3.196691319493402,4.503580166030749
439.47500000000036,3.1596189158402863,4.562310533135484
439.5000000000004,3.1596189158402863,4.786746000907491
439.5250000000004,3.2212570202135877,4.921612899483002
439.5500000000004,3.2212570202135877,4.793629227336778
439.5750000000004,3.33295209840644,4.829660938665232
439.60000000000036,3.33295209840644,4.731092217444743
439.6250000000004,3.2569579338926173,4.88395676541394
439.6500000000004,3.2569579338926173,4.836053834074302
439.6750000000004,3.321895892120868,4.674702394783642
439.7000000000004,3.321895892120868,4.699574735141353
439.72500000000036,3.431952668055024,4.530839478684433
439.7500000000004,3.431952668055024,4.459168341659012
439.7750000000004,3.5944024309374614,4.367974473781066
439.8000000000004,3.5944024309374614,4.423821466093379
439.8250000000004,3.8192847183916494,4.330923378910445
439.85000000000036,3.8192847183916494,4.367253235296597
439.8750000000004,3.985194521309861,4.367253235296597
439.9000000000004,3.985194521309861,4.286532120309899
439.9250000000004,4.148897730019672,5.153015250320484
439.9500000000004,4.148897730019672,5.137650888314665
439.97500000000036,4.251441225511075,4.934120828134665
440.0000000000004,4.251441225511075,4.970123147873856
440.0250000000004,4.3256683453016,4.886008517883672
440.0500000000004,4.3256683453016,4.902556324353581
440.0750000000004,4.420546864328352,5.115544225461676
440.10000000000036,4.420546864328352,3.850400763565346
440.1250000000004,4.5289332327748575,3.834126656829322
440.1500000000004,4.5289332327748575,3.9724592145369018
440.1750000000004,4.585778815421769,4.0205216432311595
440.2000000000004,4.585778815421769,4.091460040074481
440.22500000000036,4.662006349335276,3.9654705021461605
440.2500000000004,4.662006349335276,4.021093698626914
440.2750000000004,4.759200262102879,4.367945473425458
440.3000000000004,4.759200262102879,4.434319554215715
440.3250000000004,4.869369651988635,4.843311652265591
440.35000000000036,4.869369651988635,4.567378882967093
440.3750000000004,4.960359067377851,4.595817826534879
440.4000000000004,4.960359067377851,4.6728160113337305
440.4250000000004,5.040478700314115,4.647705636509053
440.4500000000004,5.040478700314115,4.616821943142794
440.47500000000036,5.140315077241264,4.035355075371821
440.5000000000004,5.140315077241264,3.787630517994953
440.5250000000004,5.322341138497212,4.116914746564381
440.5500000000004,5.322341138497212,4.495707233771185
440.5750000000004,5.500011303261112,4.48727538793619
440.60000000000036,5.500011303261112,5.744500443196944
440.6250000000004,5.66450235714227,5.4374209588674045
440.6500000000004,5.66450235714227,5.772535723142968
440.6750000000004,5.8075714039293045,7.147862473556433
440.7000000000004,5.8075714039293045,7.514575177152079
440.72500000000036,5.969454684606461,7.490246631351856
440.7500000000004,5.969454684606461,8.31083814961684
440.7750000000004,6.090663664193396,7.83912627082406
440.8000000000004,6.090663664193396,8.142508904515038
440.8250000000004,6.18613321610433,7.7695056884059435
440.85000000000036,6.18613321610433,7.687245159395889
440.8750000000004,6.26120357650867,8.629598563824985
440.9000000000004,6.26120357650867,8.942748357497416
440.9250000000004,6.349848780682028,9.047201336883958
440.9500000000004,6.349848780682028,8.653001887814819
440.97500000000036,6.445321284830201,7.817743213381098
441.0000000000004,6.445321284830201,7.5848787692981405
441.0250000000004,6.54052696482002,7.836908553992524
441.0500000000004,6.54052696482002,8.703773107616268
441.0750000000004,6.631912218218367,8.793477084784286
441.10000000000036,6.631912218218367,6.043928712886544
441.1250000000004,6.718564766498597,6.0933271434290335
441.1500000000004,6.718564766498597,7.804930272676554
441.1750000000004,6.808355739140147,7.650363334233204
441.2000000000004,6.808355739140147,7.585484567648874
441.22500000000036,6.895282277873728,7.710784621843022
441.2500000000004,6.895282277873728,8.253557334461686
441.2750000000004,7.017421641904218,8.52225427289685
441.3000000000004,7.017421641904218,7.168243578789106
441.3250000000004,7.252849389033705,7.372610126181144
441.35000000000036,7.252849389033705,7.174118678549371
441.3750000000004,7.516774484038019,6.94221691540743
441.4000000000004,7.516774484038019,6.530669275393012
441.4250000000004,7.777150716367435,7.050094126456916
441.4500000000004,7.777150716367435,6.787360072783416
441.47500000000036,8.141324337285399,8.630535442247975
441.5000000000004,8.141324337285399,8.463495975612094
441.5250000000004,8.303922689140725,8.43641194479948
441.5500000000004,8.303922689140725,12.277374610784557
441.5750000000004,8.437656955982304,12.333316053598155
441.60000000000036,8.437656955982304,12.59965233080327
441.6250000000004,8.524431132891461,12.82116533792775
441.6500000000004,8.524431132891461,13.007708651476337
441.6750000000004,8.460255208373313,13.119549277908213
441.7000000000004,8.460255208373313,13.181786360019585
441.72500000000036,8.409732811927654,12.923190389668571
441.7500000000004,8.409732811927654,12.631697244909672
441.7750000000004,8.436814717089684,12.400148596381873
441.8000000000004,8.436814717089684,12.580837218689553
441.8250000000004,8.412108988197922,7.480142777826203
441.85000000000036,8.412108988197922,8.524561392813109
441.8750000000004,8.38772869523973,8.069864166280734
441.9000000000004,8.38772869523973,8.073454383172392
441.9250000000004,7.812901730409931,8.30950715893702
441.9500000000004,7.812901730409931,12.754582774269846
441.97500000000036,6.65390243721362,9.27692156860855
442.0000000000004,6.65390243721362,8.75725491914506
442.0250000000004,5.636130905416667,7.91547890668988
442.0500000000004,5.636130905416667,8.947509830676404
442.0750000000004,4.371199341479868,8.968335510435077
442.10000000000036,4.371199341479868,6.333448089835745
442.1250000000004,3.521467050805542,6.317259222738779
442.1500000000004,3.521467050805542,5.697694759576073
442.1750000000004,2.6644731349024218,3.772390738611888
442.2000000000004,2.6644731349024218,3.9859969023015287
442.2250000000004,2.094638177844561,3.927651799345725
442.2500000000004,2.094638177844561,3.9426429544437926
442.2750000000004,1.3935361185082211,3.9030577679815286
442.3000000000004,1.3935361185082211,4.028084240886532
442.3250000000004,0.8706608021466593,4.036796566958181
442.3500000000004,0.8706608021466593,3.954052223628185
442.3750000000004,0.3828106307916242,3.898453963428365
442.4000000000004,0.3828106307916242,3.7654895249258713
442.4250000000004,0.0077033054792965,3.8415440291621636
442.4500000000004,0.0077033054792965,3.818173918932148
442.4750000000004,0.2058587880363276,3.7065488120527914
442.5000000000004,0.2058587880363276,3.607245974889129
442.5250000000004,1.5232129551241962,3.5029658958419763
442.5500000000004,1.5232129551241962,3.354133458316062
442.5750000000004,2.359459223326057,3.4061060005436934
442.6000000000004,2.359459223326057,3.2623845388576633
442.6250000000004,2.9940635222784624,3.2363760475972474
442.6500000000004,2.9940635222784624,3.239877810882673
442.6750000000004,3.5523093732281645,3.382284676007957
442.7000000000004,3.5523093732281645,3.558544113809128
442.7250000000004,4.002309822401448,3.309619443762653
442.7500000000004,4.002309822401448,3.4988238508479856
442.7750000000004,4.395983151395813,3.2560811772009335
442.8000000000004,4.395983151395813,3.3716445251541733
442.8250000000004,4.781983654414006,3.524135417251173
442.8500000000004,4.781983654414006,3.7695358413031412
442.8750000000004,5.102763356997299,4.119891651603177
442.9000000000004,5.102763356997299,4.301248161480562
442.9250000000004,5.446565116712216,4.65353071516246
442.9500000000004,5.446565116712216,4.706354458567311
442.9750000000004,5.694731907774261,5.04897395557912
443.0000000000004,5.694731907774261,5.565902506291464
443.0250000000004,5.921961327369107,5.573614789048841
443.0500000000004,5.921961327369107,5.498785840243637
443.0750000000004,6.083677255453476,5.427714487770139
443.1000000000004,6.083677255453476,5.471901213292094
443.1250000000004,6.229678921941292,5.433058384361807
443.1500000000004,6.229678921941292,5.4484594313152
443.1750000000004,6.361590086747761,5.4484594313152
443.2000000000004,6.361590086747761,5.435071408584574
443.2250000000004,6.500176264806397,5.495154932606092
443.2500000000004,6.500176264806397,5.487314466132979
443.2750000000004,6.598548462108524,7.025140953348145
443.3000000000004,6.598548462108524,7.196009697475649
443.3250000000004,6.615561709078823,7.220090709059034
443.3500000000004,6.615561709078823,5.717453992032918
443.3750000000004,6.653255487142628,5.650829833209573
443.4000000000004,6.653255487142628,5.565128458664081
443.4250000000004,6.640233606216979,5.5539331466723425
443.4500000000004,6.640233606216979,5.695219457933753
443.4750000000004,6.672994491661442,5.7300836137476026
443.5000000000004,6.672994491661442,5.748816816938054
443.5250000000004,6.69957167875951,5.748816816938054
443.5500000000004,6.69957167875951,5.552630527120437
443.5750000000004,6.700587245135073,5.582242507930147
443.6000000000004,6.700587245135073,5.610531531687408
443.6250000000004,6.652546754523564,5.798744132699537
443.6500000000004,6.652546754523564,5.808028030083957
443.6750000000004,6.615430005147749,5.8703574286672495
443.7000000000004,6.615430005147749,5.898999137357652
443.7250000000004,6.487943977686693,5.940492738422395
443.7500000000004,6.487943977686693,5.9059767699544325
443.7750000000004,6.360069338657119,5.734664289837066
443.8000000000004,6.360069338657119,5.4924221723339315
443.8250000000004,6.247735957286783,6.010129025802683
443.8500000000004,6.247735957286783,6.044497978085904
443.8750000000004,6.211005928209333,5.555977937861179
443.9000000000004,6.211005928209333,6.19562408033571
443.9250000000004,6.308267612767613,6.177163990809694
443.9500000000004,6.308267612767613,6.07244711651321
443.9750000000004,6.456115533518117,6.020585694083974
444.0000000000004,6.456115533518117,6.138437096055769
444.0250000000004,6.594965759703199,5.563860209934797
444.0500000000004,6.594965759703199,5.409495674215269
444.0750000000004,6.746033975622535,5.510633897067064
444.1000000000004,6.746033975622535,5.657600313889064
444.1250000000004,6.885020170586385,5.697944559930659
444.1500000000004,6.885020170586385,5.814083320663539
444.1750000000004,7.076392854583856,5.686769794623047
444.2000000000004,7.076392854583856,5.786389539791272
444.2250000000004,7.334149457966902,5.857614334030745
444.2500000000004,7.334149457966902,5.6967145758097955
444.2750000000004,7.684579518500834,6.018133167576013
444.3000000000004,7.684579518500834,6.243442238476508
444.3250000000004,8.044978817005896,6.281948048776675
444.3500000000004,8.044978817005896,6.068010058265089
444.3750000000004,8.357587375681122,7.727872186725149
444.4000000000004,8.357587375681122,9.081872910269244
444.4250000000004,8.599278141907583,9.171811648281805
444.4500000000004,8.599278141907583,6.270158064530914
444.4750000000004,8.888264985539788,6.2688568570024445
444.5000000000004,8.888264985539788,6.266328646056044
444.5250000000004,9.20193548398562,6.369960135164057
444.5500000000004,9.20193548398562,7.711396478885581
444.5750000000004,9.45484265408126,7.454872757800023
444.6000000000004,9.45484265408126,7.363961705093789
444.6250000000004,9.598836825432778,9.359405079144919
444.6500000000004,9.598836825432778,9.24848998835896
444.6750000000004,9.855185884014071,7.978985863225566
444.7000000000004,9.855185884014071,7.7900572736118106
444.7250000000004,10.10892911792212,7.583346682880703
444.7500000000004,10.10892911792212,9.357378606137987
444.7750000000004,10.284575554132052,9.41794711005989
444.8000000000004,10.284575554132052,9.612231774241248
444.8250000000004,10.454367135502084,7.940728950770543
444.8500000000004,10.454367135502084,7.5520957564318145
444.8750000000004,10.627905609184904,7.5393789437604255
444.9000000000004,10.627905609184904,9.694169535489166
444.9250000000004,10.767388321512406,9.655201407445043
444.9500000000004,10.767388321512406,9.200915620206999
444.9750000000004,10.89656986262582,8.90106492021137
445.0000000000004,10.89656986262582,9.08716812228927
445.0250000000004,11.018771413620566,8.784847885817761
445.0500000000004,11.018771413620566,9.269466429616282
445.0750000000004,11.173441576764445,9.57689299776589
445.1000000000004,11.173441576764445,9.719050534563065
445.1250000000004,11.291701415200375,8.474904692965973
445.1500000000004,11.291701415200375,8.812843627182822
445.1750000000004,11.409933405339864,8.658082997971489
445.2000000000004,11.409933405339864,9.947165341265363
445.2250000000004,11.67886127368788,9.142353864984372
445.2500000000004,11.67886127368788,9.892962671746142
445.2750000000004,12.053448792544378,11.111862094768332
445.3000000000004,12.053448792544378,10.944669951639325
445.3250000000004,12.383385047034322,9.710646080046276
445.3500000000004,12.383385047034322,9.541877956725655
445.3750000000004,12.742902669113892,9.569100062455643
445.4000000000004,12.742902669113892,9.221298789190781
445.4250000000004,12.9932647656903,9.692425605614845
445.4500000000004,12.9932647656903,9.369580237405415
445.4750000000004,13.313418137147298,9.398353867699642
445.5000000000004,13.313418137147298,9.887638793431028
445.5250000000004,13.73062366955155,10.121350685960358
445.5500000000004,13.73062366955155,10.35086985043594
445.5750000000004,14.158440275000364,10.716597868067653
445.6000000000004,14.158440275000364,10.597338853644864
445.6250000000004,14.61270362045884,10.663968662768514
445.6500000000004,14.61270362045884,10.668991680116589
445.6750000000004,15.126551754862492,10.988456641320282
445.7000000000004,15.126551754862492,10.162945315768718
445.7250000000004,15.544391977722391,10.232105229306331
445.7500000000004,15.544391977722391,10.157934931795403
445.7750000000004,15.909558602391536,10.556508980387676
445.8000000000004,15.909558602391536,10.688615663206376
445.8250000000004,16.259300961899942,10.22605401253805
445.8500000000004,16.259300961899942,9.877634579890215
445.8750000000004,16.64250484335691,11.060559559986016
445.9000000000004,16.64250484335691,11.069593958882283
445.9250000000004,16.89965139768468,11.323726860447788
445.9500000000004,16.89965139768468,14.144922041982511
445.9750000000004,17.024446132270658,14.275048158236235
446.0000000000004,17.024446132270658,11.257384649547376
446.0250000000004,17.23439417582097,11.155280941485387
446.0500000000004,17.23439417582097,11.246006956256684
446.0750000000004,17.569573316712667,15.115268219551105
446.1000000000004,17.569573316712667,15.13755892117178
446.1250000000004,18.010413807297095,14.793266449691071
446.1500000000004,18.010413807297095,15.05769639096187
446.1750000000004,18.511277825322267,12.582504231223947
446.2000000000004,18.511277825322267,15.217487709104049
446.2250000000004,19.01449134626975,15.104619932537972
446.2500000000004,19.01449134626975,15.032425578340472
446.2750000000004,19.2804220445713,15.593915069728414
446.3000000000004,19.2804220445713,15.238270070619299
446.3250000000004,19.53492757781388,15.410395641113428
446.3500000000004,19.53492757781388,15.177953318119478
446.3750000000004,19.866756172261628,15.282377209846619
446.4000000000004,19.866756172261628,14.877152492636695
446.4250000000004,20.210803282487294,15.398240993020295
446.4500000000004,20.210803282487294,15.583910927952752
446.4750000000004,20.619708345211794,16.3558646693253
446.5000000000004,20.619708345211794,16.442342505712325
446.5250000000004,21.00095602500901,16.624673453291052
446.5500000000004,21.00095602500901,16.567531998896015
446.5750000000004,21.35981695847301,16.56637607401645
446.6000000000004,21.35981695847301,16.383866551734343
446.6250000000004,21.65277132351393,16.52319495687281
446.6500000000004,21.65277132351393,16.426090855009257
446.6750000000004,21.935940452185974,16.434109988514432
446.7000000000004,21.935940452185974,17.128372169515384
446.7250000000004,22.16320783211868,17.075198648873723
446.7500000000004,22.16320783211868,17.08910036420866
446.7750000000004,22.41622401582095,16.83663494006679
446.8000000000004,22.41622401582095,16.668526082927173
446.8250000000004,22.77662235164494,16.47431406022064
446.8500000000004,22.77662235164494,16.86293098234804
446.8750000000004,23.191834999744604,20.19411515366028
446.9000000000004,23.191834999744604,20.534550773556465
446.9250000000004,23.34273334643742,20.555648963037132
446.9500000000004,23.34273334643742,20.160180294325855
446.9750000000004,23.477319182795075,21.52293148654043
447.0000000000004,23.477319182795075,20.759290105518193
447.0250000000004,23.547762633438463,20.677202968880675
447.0500000000004,23.547762633438463,21.381577516366182
447.0750000000004,23.60113684049878,21.327765723054796
447.1000000000004,23.60113684049878,21.230237680800613
447.1250000000004,23.61995907050759,21.173925287718767
447.1500000000004,23.61995907050759,21.14491260216721
447.1750000000004,23.629405025740898,20.603443897981286
447.2000000000004,23.629405025740898,19.936856395932082
447.2250000000004,23.64684274584256,19.820268056247173
447.2500000000004,23.64684274584256,20.109245010735634
447.2750000000004,23.68520896158597,20.033081326722435
447.3000000000004,23.68520896158597,20.11976566476522
447.3250000000004,23.732470105316978,20.426685183120856
447.3500000000004,23.732470105316978,20.525966832460732
447.3750000000004,23.78188054632423,20.59218050751008
447.4000000000004,23.78188054632423,20.61100377963373
447.4250000000004,23.85368799068424,15.976565513886124
447.4500000000004,23.85368799068424,15.666030349272905
447.4750000000004,23.919181022969475,15.553557985073082
447.5000000000004,23.919181022969475,15.511439488129101
447.5250000000004,23.95775443715155,15.964280875362956
447.5500000000004,23.95775443715155,16.020502188956957
447.5750000000004,23.97856852481754,15.767012410387329
447.6000000000004,23.97856852481754,15.18783494881465
447.6250000000004,23.959151344842955,15.680387778271138
447.6500000000004,23.959151344842955,15.692235660475244
447.6750000000004,23.885294235921293,17.280004688910875
447.7000000000004,23.885294235921293,17.244692687781438
447.7250000000004,23.88304024296099,17.117195628606545
447.7500000000004,23.88304024296099,21.063239031812895
447.7750000000004,23.91585188243525,18.042070246424572
447.8000000000004,23.91585188243525,23.51977329366035
447.8250000000004,24.015638075035294,23.753562876639776
447.8500000000004,24.015638075035294,23.94767403701983
447.8750000000004,24.0187187691677,24.088916271420327
447.9000000000004,24.0187187691677,23.14422867871786
447.9250000000004,23.67239012085364,22.677763037534707
447.9500000000004,23.67239012085364,20.294424289329204
447.9750000000004,23.19317679251584,20.16404446120898
448.0000000000004,23.19317679251584,20.12606851598232
448.0250000000004,22.718411683426854,19.856900676069312
448.0500000000004,22.718411683426854,20.38424282407575
448.0750000000004,22.252440063446286,20.44093908891153
448.1000000000004,22.252440063446286,20.357117569803123
448.1250000000004,21.891874682759045,19.8997351107492
448.1500000000004,21.891874682759045,19.882632800887723
448.1750000000004,21.54440405180667,19.995507600651948
448.2000000000004,21.54440405180667,19.925036853760233
448.2250000000004,21.327039926357656,20.008215599122508
448.2500000000004,21.327039926357656,19.94990461109887
448.2750000000004,21.09655555626929,20.065713668916953
448.3000000000004,21.09655555626929,17.254090845240395
448.3250000000004,20.86984246258844,17.82175566985685
448.3500000000004,20.86984246258844,18.087393065173586
448.3750000000004,20.68365199027778,18.018407145945165
448.4000000000004,20.68365199027778,20.13282117684846
448.4250000000004,20.43392951056385,19.38233376707269
448.4500000000004,20.43392951056385,19.751420083533237
448.4750000000004,20.07641174364794,19.52628953558984
448.5000000000004,20.07641174364794,17.13911401622119
448.5250000000004,19.878487269085426,17.26694097254824
448.5500000000004,19.878487269085426,17.14911144860131
448.5750000000004,19.62890332521138,17.121093759943232
448.6000000000004,19.62890332521138,17.723180399107026
448.6250000000004,19.304653862221265,17.670455637628088
448.6500000000004,19.304653862221265,17.60432714799156
448.6750000000004,18.86958762646447,16.626280664545657
448.7000000000004,18.86958762646447,17.293243028516084
448.7250000000004,18.44214857699541,18.212468894676295
448.7500000000004,18.44214857699541,19.44872600018683
448.7750000000004,17.72290595980401,19.06385220407332
448.8000000000004,17.72290595980401,19.725538432750277
448.8250000000004,16.78868276453679,19.464629941779183
448.8500000000004,16.78868276453679,18.953015693531434
448.8750000000004,15.902791263939353,17.83801834494598
448.9000000000004,15.902791263939353,15.58741865905217
448.9250000000004,15.13537359391955,15.839212823763921
448.9500000000004,15.13537359391955,15.538967193257896
448.9750000000004,14.465297791011473,14.784946494326702
449.0000000000004,14.465297791011473,14.785223232903334
449.0250000000004,13.852620190112152,15.3614827161903
449.0500000000004,13.852620190112152,15.519177343012592
449.0750000000004,13.210215849574425,15.815461209175146
449.1000000000004,13.210215849574425,14.783179319709971
449.1250000000004,12.714494680112626,14.73686333650877
449.1500000000004,12.714494680112626,14.784773765704308
449.1750000000004,12.221003556206886,12.851725151247882
449.2000000000004,12.221003556206886,12.88993457298559
449.2250000000004,11.700448997373725,12.822472379029048
449.2500000000004,11.700448997373725,13.044974663525302
449.2750000000004,11.268948566371058,6.271470905963976
449.3000000000004,11.268948566371058,8.385221412463236
449.3250000000004,10.714821521009496,7.250342457689602
449.3500000000004,10.714821521009496,7.437682208949402
449.3750000000004,10.228971665997204,8.087319987662624
449.4000000000004,10.228971665997204,9.72901972151166
449.4250000000004,9.681253169114273,9.415882621723629
449.4500000000004,9.681253169114273,9.563149038879542
449.4750000000004,9.152713559239752,10.42063251496598
449.5000000000004,9.152713559239752,10.077725330112163
449.5250000000004,8.78757797631924,9.573727491096584
449.5500000000004,8.78757797631924,9.405076813421518
449.5750000000004,8.417900518306332,9.173326926252933
449.6000000000004,8.417900518306332,8.813613848258997
449.6250000000004,8.03102614541461,9.015806099544896
449.6500000000004,8.03102614541461,8.850395611938518
449.6750000000004,7.646493397044865,8.576450280962327
449.7000000000004,7.646493397044865,8.532977708051336
449.7250000000004,7.323320065689046,6.10675168670242
449.7500000000004,7.323320065689046,8.519747658563904
449.7750000000004,7.078583815416689,7.159539917376231
449.8000000000004,7.078583815416689,7.113885899450215
449.8250000000004,6.930761053101432,7.117971296108797
449.8500000000004,6.930761053101432,7.154234727176354
449.8750000000004,6.713214102559426,9.18169206272819
449.9000000000004,6.713214102559426,7.971893920192657
449.9250000000004,6.616749600020571,5.447518892229255
449.9500000000004,6.616749600020571,4.991637459558428
449.9750000000004,6.495054742016178,4.8980859803115075
450.0000000000004,6.495054742016178,4.898998462462748
450.0250000000004,6.334964262153932,5.00309034764856
450.0500000000004,6.334964262153932,4.939071207743215
450.0750000000004,6.289941400164036,10.373406536316239
450.1000000000004,6.289941400164036,10.058801379891566
450.1250000000004,6.237381583974866,10.283539579325433
450.1500000000004,6.237381583974866,10.41607355966383
450.1750000000004,6.233032127495858,8.349462995038571
450.2000000000004,6.233032127495858,6.86452368563746
450.2250000000004,6.12008410676906,6.957619990810559
450.2500000000004,6.12008410676906,7.544590078848341
450.2750000000004,6.070384410667669,7.482999202541572
450.3000000000004,6.070384410667669,7.467498689965001
450.3250000000004,6.113030978821991,7.407252378662759
450.3500000000004,6.113030978821991,7.612471841687111
450.3750000000004,6.20492623037571,6.748349213264928
450.4000000000004,6.20492623037571,6.662865952811845
450.4250000000004,6.327093567703606,6.732139391140225
450.4500000000004,6.327093567703606,6.60070114324554
450.4750000000004,6.450374045044106,6.592969093304597
450.5000000000004,6.450374045044106,6.817155583776582
450.5250000000004,6.559098830600635,6.724469929278692
450.5500000000004,6.559098830600635,6.593632841306694
450.5750000000004,6.680439672689426,6.5755491639654045
450.6000000000004,6.680439672689426,6.51877823398958
450.6250000000004,6.859130606911087,6.273432388506158
450.6500000000004,6.859130606911087,6.334785984341156
450.6750000000004,7.05068478776173,5.884065195961584
450.7000000000004,7.05068478776173,5.746916567292543
450.7250000000004,7.289473674975763,6.018963711382502
450.7500000000004,7.289473674975763,5.993681738163726
450.7750000000004,7.591192090606559,6.68187409224117
450.8000000000004,7.591192090606559,7.279066284601287
450.8250000000004,7.821078815773477,7.45992828260276
450.8500000000004,7.821078815773477,7.724948540135971
450.8750000000004,7.932837662837105,8.442976553883744
450.9000000000004,7.932837662837105,8.330148385274018
450.9250000000004,8.192119396389273,8.304871311283227
450.9500000000004,8.192119396389273,8.685432501174278
450.9750000000004,8.647124717164594,8.757157796193383
451.0000000000004,8.647124717164594,8.720570631186877
451.0250000000004,9.299414067924909,8.590424662365496
451.0500000000004,9.299414067924909,9.758409049090114
451.0750000000004,9.91386666774727,9.599273330180914
451.1000000000004,9.91386666774727,10.363119683752528
451.1250000000004,10.305059664450228,8.933020297884513
451.1500000000004,10.305059664450228,8.988541376628184
451.1750000000004,10.732937325473678,8.668787137990787
451.2000000000004,10.732937325473678,9.646902028503252
451.2250000000004,11.08692971846936,10.31652126913193
451.2500000000004,11.08692971846936,10.578755862365671
451.2750000000004,11.459812401619352,10.249065998075105
451.3000000000004,11.459812401619352,10.346215881743401
451.3250000000004,11.810749556372372,9.796299441127307
451.3500000000004,11.810749556372372,10.02136465284234
451.3750000000004,11.170549526029813,9.689414376818021
451.4000000000004,11.170549526029813,9.551130259064578
451.4250000000004,10.61951070778285,10.71422193613747
451.4500000000004,10.61951070778285,11.034979477953339
451.4750000000004,10.067559167668165,11.085812533361157
451.5000000000004,10.067559167668165,10.909798748172987
451.5250000000004,9.480129487604511,10.717947214928714
451.5500000000004,9.480129487604511,10.326349439640888
451.5750000000004,9.050384203038911,10.534496624649728
451.6000000000004,9.050384203038911,8.436005064765688
451.6250000000004,8.67367525026095,9.920406784395112
451.6500000000004,8.67367525026095,9.648276086252674
451.6750000000004,8.306512587331822,9.04448437303529
451.7000000000004,8.306512587331822,7.913529526107094
451.7250000000004,8.027956995894613,6.575883728721557
451.7500000000004,8.027956995894613,6.7318070447912115
451.7750000000004,7.86586362123788,6.561569640602082
451.8000000000004,7.86586362123788,6.494691173592271
451.8250000000004,7.750353671469753,6.735933432039956
451.8500000000004,7.750353671469753,5.670751914497417
451.8750000000004,7.672557336378312,6.352316522146213
451.9000000000004,7.672557336378312,6.362080935360207
451.9250000000004,7.547281797301409,6.13390308409818
451.9500000000004,7.547281797301409,6.329366370030187
451.9750000000004,7.472919757775809,6.212964786623226
452.0000000000004,7.472919757775809,6.238701738937734
452.0250000000004,7.322460523184154,6.859568769777495
452.0500000000004,7.322460523184154,7.090357941733843
452.0750000000004,7.061617103908055,7.185862500708001
452.1000000000004,7.061617103908055,6.602940386616317
452.1250000000004,6.789334452579437,7.272408846352593
452.1500000000004,6.789334452579437,7.127666918489823
452.1750000000004,6.455233327455382,8.055056853071994
452.2000000000004,6.455233327455382,8.217613639400778
452.2250000000004,6.062887322640758,8.779424201316608
452.2500000000004,6.062887322640758,8.901657232207178
452.2750000000004,5.705700064825521,8.702799901625738
452.3000000000004,5.705700064825521,8.573765036947584
452.3250000000004,5.431465044893314,7.414530888485055
452.3500000000004,5.431465044893314,8.924454716632528
452.3750000000004,5.053375091461641,9.2900534963692
452.4000000000004,5.053375091461641,9.564374571552282
452.4250000000004,4.618041245479197,9.40494258515871
452.4500000000004,4.618041245479197,9.345563818219372
452.4750000000004,4.16343327716474,9.434137437365635
452.5000000000004,4.16343327716474,9.367308402936937
452.5250000000004,4.066704550526973,9.022479561132947
452.5500000000004,4.066704550526973,8.98292293490846
452.5750000000004,3.954333040188192,8.551915382938297
452.6000000000004,3.954333040188192,5.429765376532838
452.6250000000004,3.787194687232916,5.177319923337954
452.6500000000004,3.787194687232916,5.43661567630765
452.6750000000004,3.5471351264187394,5.594755319309403
452.7000000000004,3.5471351264187394,4.827251372269506
452.7250000000004,3.540375261862777,6.60379996113828
452.7500000000004,3.540375261862777,5.784084715135773
452.7750000000004,3.5502870888914453,4.540439672731
452.8000000000004,3.5502870888914453,4.4039167549141895
452.8250000000004,3.637313707729673,4.224354845724829
452.8500000000004,3.637313707729673,4.313453928623783
452.8750000000004,3.752773636869572,4.516377221466555
452.9000000000004,3.752773636869572,4.87811283363356
452.9250000000004,3.7843832757083695,4.895055709519039
452.9500000000004,3.7843832757083695,5.014636193745775
452.9750000000004,3.9078612430997146,4.860099543940623
453.0000000000004,3.9078612430997146,4.965233641504467
453.0250000000004,4.104077419430316,5.114800273243808
453.0500000000004,4.104077419430316,4.526162516400708
453.0750000000004,4.209454303834643,4.92888133566774
453.1000000000004,4.209454303834643,5.026800943847326
453.1250000000004,4.338341523770076,4.8850437094956645
453.1500000000004,4.338341523770076,4.863918455291029
453.1750000000004,4.540023922100152,5.045151470470819
453.2000000000004,4.540023922100152,5.233796304562413
453.2250000000004,4.727579763388409,5.357620562812607
453.2500000000004,4.727579763388409,5.2713233931447325
453.2750000000004,4.859412855575951,5.08182869753168
453.3000000000004,4.859412855575951,4.88242911063336
453.3250000000004,4.924648699814726,5.343895955442009
453.3500000000004,4.924648699814726,6.548187388556712
453.3750000000004,4.944183328593457,6.4633093755985795
453.4000000000004,4.944183328593457,6.429835842897888
453.4250000000004,4.950724398575081,6.542394397007815
453.4500000000004,4.950724398575081,7.491463873270003
453.4750000000004,4.953021970652821,7.403226578586108
453.5000000000004,4.953021970652821,7.38156530262296
453.5250000000004,4.927046589721982,7.45949812304149
453.5500000000004,4.927046589721982,7.360984109173586
453.5750000000004,4.87475131047138,7.375345003695942
453.6000000000004,4.87475131047138,7.2825977578253935
453.6250000000004,4.888136926878685,7.071011644221
453.6500000000004,4.888136926878685,6.89451423686808
453.6750000000004,4.908201797176102,7.132448575036478
453.7000000000004,4.908201797176102,7.283486741280139
453.7250000000004,4.942309876164671,9.111785828838162
453.7500000000004,4.942309876164671,8.949166579056948
453.7750000000004,5.004542079813995,9.049908999513152
453.8000000000004,5.004542079813995,9.782468636728561
453.8250000000004,4.969889034179554,10.405149425537818
453.8500000000004,4.969889034179554,10.355809571340117
453.8750000000004,4.7567548030989455,9.396277892597922
453.9000000000004,4.7567548030989455,9.206234560043272
453.9250000000004,4.535999637685051,9.27921423188182
453.9500000000004,4.535999637685051,9.48758838221853
453.9750000000004,4.323515467873319,9.492515586379579
454.0000000000004,4.323515467873319,9.581822660326445
454.0250000000004,4.105286862399405,9.557648325653107
454.0500000000004,4.105286862399405,9.84521655997614
454.0750000000004,3.869590402593576,10.637148481962857
454.1000000000004,3.869590402593576,11.358695664027199
454.1250000000004,3.6915338211092297,10.557918938850717
454.1500000000004,3.6915338211092297,4.794695356062309
454.1750000000004,3.5667967157371736,4.9813833179041245
454.2000000000004,3.5667967157371736,4.967249462449133
454.2250000000004,3.568877669844936,4.617768913231473
454.2500000000004,3.568877669844936,5.033292972096976
454.2750000000004,3.686809030004487,4.83357515037664
454.3000000000004,3.686809030004487,3.934589074413812
454.3250000000004,3.7180800937989753,3.868304409801108
454.3500000000004,3.7180800937989753,3.9682984717436143
454.3750000000004,3.6056014457253514,3.907139944284321
454.4000000000004,3.6056014457253514,3.9241915709514195
454.4250000000004,3.632244095564876,4.059928787730627
454.4500000000004,3.632244095564876,5.165311294386097
454.4750000000004,3.7064531005704566,5.087831450408531
454.5000000000004,3.7064531005704566,5.1217111137521805
454.5250000000004,3.781077762415524,5.119778360779495
454.5500000000004,3.781077762415524,5.1073817643114445
454.5750000000004,3.8775272647073913,5.624287672804953
454.6000000000004,3.8775272647073913,5.838769539726005
454.6250000000004,4.133271634205137,6.195531192398506
454.6500000000004,4.133271634205137,6.067658528941211
454.6750000000004,4.360396063963503,5.229818765864577
454.7000000000004,4.360396063963503,6.083751229241471
454.7250000000004,4.485413739198233,6.089697151840211
454.7500000000004,4.485413739198233,6.881825019465158
454.7750000000004,4.588244660383836,6.905494133756949
454.8000000000004,4.588244660383836,7.175449544789524
454.8250000000004,4.639704116079178,6.959997821213596
454.8500000000004,4.639704116079178,6.975604556694826
454.8750000000004,4.657172743466282,5.988638025802021
454.90000000000043,4.657172743466282,5.581467922184638
454.9250000000004,4.784737480746388,5.714259388407291
454.9500000000004,4.784737480746388,5.946473421631822
454.9750000000004,4.885924470724519,6.111673202796227
455.0000000000004,4.885924470724519,6.877925958246465
455.02500000000043,5.081499417001681,7.104215896133037
455.0500000000004,5.081499417001681,7.154153353865894
455.0750000000004,5.238894345038922,7.366109048338764
455.1000000000004,5.238894345038922,6.620316585654709
455.1250000000004,5.336992520187373,6.590199615758179
455.15000000000043,5.336992520187373,6.097944428959498
455.1750000000004,5.408512315015165,6.313541618582541
455.2000000000004,5.408512315015165,5.917639513035066
455.2250000000004,5.403275719749915,6.486133382024596
455.2500000000004,5.403275719749915,6.117611960151228
455.27500000000043,5.394200115930251,6.265568640969543
455.3000000000004,5.394200115930251,6.2096960833438235
455.3250000000004,5.392615138503085,6.190918836970185
455.3500000000004,5.392615138503085,6.187884063936102
455.3750000000004,5.247628583985692,6.036334598788091
455.40000000000043,5.247628583985692,5.939161463428744
455.4250000000004,5.190749720620525,5.942214554401148
455.4500000000004,5.190749720620525,6.068116701412598
455.4750000000004,5.065826411772558,6.771215222253699
455.5000000000004,5.065826411772558,6.426366859365695
455.52500000000043,5.051608530779532,6.204360978684531
455.5500000000004,5.051608530779532,6.170698583436405
455.5750000000004,4.992199476436227,6.120977162602256
455.6000000000004,4.992199476436227,6.1589333642611095
455.6250000000004,4.922206951431179,6.250423483971417
455.65000000000043,4.922206951431179,6.388451314965677
455.6750000000004,4.866969692951902,6.385538398272848
455.7000000000004,4.866969692951902,6.380629834708561
455.7250000000004,4.7931695248255535,5.42391267301278
455.7500000000004,4.7931695248255535,5.356669169504827
455.77500000000043,4.780722435987485,4.96267398593989
455.8000000000004,4.780722435987485,5.097748082844763
455.8250000000004,4.643966173146312,5.255083989667473
455.8500000000004,4.643966173146312,5.062348273588444
455.8750000000004,4.410075779504036,4.8507595252750555
455.90000000000043,4.410075779504036,4.79770507410578
455.9250000000004,4.157880222918782,5.009003700354261
455.9500000000004,4.157880222918782,4.93566957503656
455.9750000000004,4.1219400437531,4.945493899576847
456.0000000000004,4.1219400437531,5.088061655203742
456.02500000000043,3.9997516721645954,4.968588324623578
456.0500000000004,3.9997516721645954,4.966689620355872
456.0750000000004,3.980540260613593,4.83279712351138
456.1000000000004,3.980540260613593,4.839339066846873
456.1250000000004,4.042786310030788,4.415112689979371
456.15000000000043,4.042786310030788,4.365524420282846
456.1750000000004,4.134951549139846,4.204665272818491
456.2000000000004,4.134951549139846,4.2504643602066405
456.2250000000004,4.248243853309265,4.3967387367932425
456.2500000000004,4.248243853309265,4.407777098160696
456.27500000000043,4.334605396454887,4.114234460006633
456.3000000000004,4.334605396454887,3.944967889901174
456.3250000000004,4.332888739268348,3.8422890297856975
456.3500000000004,4.332888739268348,4.025987356927375
456.3750000000004,4.291397594135845,4.123403068256573
456.40000000000043,4.291397594135845,4.434166104271068
456.4250000000004,4.386781898164734,4.453353865529513
456.4500000000004,4.386781898164734,4.531713438956149
456.4750000000004,4.577673180421379,4.3762143135589335
456.5000000000004,4.577673180421379,4.656692240050789
456.52500000000043,4.749854845299264,4.702583792295275
456.5500000000004,4.749854845299264,4.729494582088996
456.5750000000004,4.965709769184441,4.702378177772993
456.6000000000004,4.965709769184441,5.4821565729719905
456.6250000000004,5.245139820806932,5.576511406409594
456.65000000000043,5.245139820806932,7.363917604722761
456.6750000000004,5.518463914451929,7.365764953128291
456.7000000000004,5.518463914451929,7.213764563833019
456.7250000000004,5.890409720186367,7.266800203872118
456.7500000000004,5.890409720186367,7.139521470938786
456.77500000000043,6.179940094985998,7.108585502704763
456.8000000000004,6.179940094985998,6.422185585248382
456.8250000000004,6.412007809372441,4.950937814011473
456.8500000000004,6.412007809372441,4.7774836671772345
456.8750000000004,6.592479587911735,4.785815543133169
456.90000000000043,6.592479587911735,4.671119879188616
456.9250000000004,6.24737378216976,5.502326092488947
456.9500000000004,6.24737378216976,5.5335386255692205
456.9750000000004,5.943664369942404,4.427216852285329
457.0000000000004,5.943664369942404,3.9219470466901565
457.02500000000043,5.739924837771339,4.002882827018186
457.0500000000004,5.739924837771339,3.724013472474882
457.0750000000004,5.433147484615387,3.7998991136033298
457.1000000000004,5.433147484615387,4.923117916031244
457.1250000000004,5.077665014938609,4.652878689347036
457.15000000000043,5.077665014938609,4.590038454551856
457.1750000000004,4.8475020843007925,5.2981880633115255
457.2000000000004,4.8475020843007925,5.7916982556356436
457.2250000000004,4.765856958005301,5.649573319709419
457.2500000000004,4.765856958005301,5.6448412011433255
457.27500000000043,4.683801770074116,5.982630916298865
457.3000000000004,4.683801770074116,5.672805758709561
457.3250000000004,4.60252435067888,5.725928925634115
457.3500000000004,4.60252435067888,5.950796220501547
457.3750000000004,4.55191749273951,6.037916792647134
457.40000000000043,4.55191749273951,5.04147568828618
457.4250000000004,4.493858302020783,5.123095568878281
457.4500000000004,4.493858302020783,5.075658862714338
457.4750000000004,4.610277983306647,4.961108379682949
457.5000000000004,4.610277983306647,4.961108379682949
457.52500000000043,4.692402250528077,4.978435610165551
457.5500000000004,4.692402250528077,5.100644541643336
457.5750000000004,4.766515888688668,5.100521519848243
457.6000000000004,4.766515888688668,5.088996282940996
457.6250000000004,4.797077510951153,5.175243748622008
457.65000000000043,4.797077510951153,5.161210837347294
457.6750000000004,4.865917307110719,5.164853725071382
457.7000000000004,4.865917307110719,5.13567937004426
457.7250000000004,4.991900043896466,5.158872676422067
457.7500000000004,4.991900043896466,5.0053818672651325
457.77500000000043,5.100795332257945,5.3087740351288915
457.8000000000004,5.100795332257945,5.202954752614584
457.8250000000004,5.143864039071366,5.251437384814856
457.8500000000004,5.143864039071366,5.251437384814856
457.8750000000004,5.198425464735667,5.258528242403493
457.90000000000043,5.198425464735667,5.258528242403493
457.9250000000004,5.270847149921369,5.063965864581432
457.9500000000004,5.270847149921369,5.153371752473294
457.9750000000004,5.313209494317172,5.142933177087557
458.0000000000004,5.313209494317172,5.228623459378351
458.02500000000043,5.343194652625689,5.2357143169669875
458.0500000000004,5.343194652625689,5.262475457099698
458.0750000000004,5.342968830288639,5.2584064915282624
458.1000000000004,5.342968830288639,5.355488147534288
458.1250000000004,5.340903857720665,5.2976067428263915
458.15000000000043,5.340903857720665,5.256270854057302
458.1750000000004,5.269629704301423,5.280572967269754
458.2000000000004,5.269629704301423,5.676847486727041
458.2250000000004,5.151880641323918,5.676847486727041
458.2500000000004,5.151880641323918,5.759843377873034
458.27500000000043,5.075832859574393,5.707428175486854
458.3000000000004,5.075832859574393,5.427452677477497
458.3250000000004,4.945117653228483,5.427452677477497
458.3500000000004,4.945117653228483,5.672536300114807
458.3750000000004,4.824732052544032,5.611635526868048
458.40000000000043,4.824732052544032,5.541950761573754
458.4250000000004,4.731384330476798,5.452771307390241
458.4500000000004,4.731384330476798,5.4182197613163074
458.4750000000004,4.682360375698041,5.456171331823353
458.5000000000004,4.682360375698041,5.279214341024174
458.52500000000043,4.683651501607685,5.293860375727842
458.5500000000004,4.683651501607685,5.241302113112609
458.5750000000004,4.599629450088576,5.325328344485769
458.6000000000004,4.599629450088576,5.2842644833113335
458.6250000000004,4.49178343204238,5.294365229153235
458.65000000000043,4.49178343204238,5.449066434601032
458.6750000000004,4.370744557655492,5.337964080593875
458.7000000000004,4.370744557655492,5.347901322966333
458.7250000000004,4.198000241159088,5.37771110820322
458.7500000000004,4.198000241159088,5.483063085523973
458.77500000000043,4.136676937857499,5.3973177022936625
458.8000000000004,4.136676937857499,5.453168987721596
458.8250000000004,4.190475864263661,5.560579226178028
458.8500000000004,4.190475864263661,5.536268600555209
458.8750000000004,4.278611250092037,5.583147824129371
458.90000000000043,4.278611250092037,5.570034247511737
458.9250000000004,4.4090807433078725,5.025554580535063
458.9500000000004,4.4090807433078725,5.108594492083997
458.9750000000004,4.578549829089885,5.020654079236639
459.0000000000004,4.578549829089885,5.08240306413023
459.02500000000043,4.6482736122954,5.138538766000584
459.0500000000004,4.6482736122954,5.214280622569553
459.0750000000004,4.700495949179982,5.382404905809502
459.1000000000004,4.700495949179982,5.444486563461448
459.1250000000004,4.789490612739416,5.377980966689652
459.15000000000043,4.789490612739416,5.436739258480134
459.1750000000004,4.785136803958262,5.514424708902356
459.2000000000004,4.785136803958262,5.483216952261753
459.2250000000004,4.74444759889668,5.636095165876141
459.2500000000004,4.74444759889668,5.722303492307881
459.27500000000043,4.683008833773108,5.687444646053908
459.3000000000004,4.683008833773108,5.608519579042794
459.3250000000004,4.644071777793344,5.555072655140597
459.3500000000004,4.644071777793344,5.211673757835944
459.3750000000004,4.579134036952318,5.139997959417086
459.40000000000043,4.579134036952318,5.131756384481141
459.4250000000004,4.5983276346374256,5.001531243910911
459.4500000000004,4.5983276346374256,5.001531243910911
459.4750000000004,4.618039684207476,4.988280014744239
459.5000000000004,4.618039684207476,4.801165403723826
459.52500000000043,4.645910216156569,5.125924644795133
459.5500000000004,4.645910216156569,8.602414581282405
459.5750000000004,4.727323891425743,8.468522027850597
459.6000000000004,4.727323891425743,8.6401403874641
459.6250000000004,4.809336961865986,8.614042771299248
459.65000000000043,4.809336961865986,8.811103843097483
459.6750000000004,4.928687127281465,6.82045398541438
459.7000000000004,4.928687127281465,6.846553170929832
459.7250000000004,5.104706829543157,7.0430658986236025
459.7500000000004,5.104706829543157,6.771675816458993
459.77500000000043,5.312604821615786,6.823595008236315
459.8000000000004,5.312604821615786,6.919419344899784
459.8250000000004,5.515416821362723,6.889680093312842
459.8500000000004,5.515416821362723,5.394930792027244
459.8750000000004,5.74130682040457,5.557866124488097
459.90000000000043,5.74130682040457,5.65002823997493
459.9250000000004,5.985350896771351,5.602197094334389
459.9500000000004,5.985350896771351,5.637711498544944
459.9750000000004,6.218231402730992,8.029695549910194
460.0000000000004,6.218231402730992,8.032298072208974
460.02500000000043,6.506290563999316,8.143680133660574
460.0500000000004,6.506290563999316,7.265968283131809
460.0750000000004,6.814342222266732,7.229536483049274
460.1000000000004,6.814342222266732,7.207392645778465
460.1250000000004,7.112019540635663,7.187960382994793
460.15000000000043,7.112019540635663,7.303239217361785
460.1750000000004,7.404934976010827,7.827470525230299
460.2000000000004,7.404934976010827,8.472666776676242
460.2250000000004,7.564174874014477,8.282898948085236
460.2500000000004,7.564174874014477,8.22939048860402
460.27500000000043,7.729573670153762,8.408116490982291
460.3000000000004,7.729573670153762,7.829862227154665
460.3250000000004,7.880517435123615,8.226900224779968
460.3500000000004,7.880517435123615,8.217112266046843
460.3750000000004,8.014327230752045,8.019302827674704
460.40000000000043,8.014327230752045,8.358384715453735
460.4250000000004,8.147896908820822,8.321341811136167
460.4500000000004,8.147896908820822,8.638187666286916
460.4750000000004,8.257575881216276,8.790640375885525
460.5000000000004,8.257575881216276,9.04311448964765
460.52500000000043,8.388430786041095,9.323066721692777
460.5500000000004,8.388430786041095,9.299346992666816
460.5750000000004,8.547599617674814,9.294325460991624
460.6000000000004,8.547599617674814,8.57647758931134
460.6250000000004,8.621155112902336,8.468068483391134
460.65000000000043,8.621155112902336,8.669504551342975
460.6750000000004,8.736392058585967,8.783236822129524
460.7000000000004,8.736392058585967,8.621740317594128
460.7250000000004,8.864242738925258,8.62633119530764
460.7500000000004,8.864242738925258,8.71361416839824
460.77500000000043,9.038641028470485,9.143610538867529
460.8000000000004,9.038641028470485,8.839568786295413
460.8250000000004,9.17233145406552,9.168249066228338
460.8500000000004,9.17233145406552,9.136585952929297
460.8750000000004,9.345495195278415,9.392225336723829
460.90000000000043,9.345495195278415,9.482206129138442
460.9250000000004,9.499333483245294,9.480662356697655
460.9500000000004,9.499333483245294,9.132353349688831
460.9750000000004,9.652680703907247,9.189173848839669
461.0000000000004,9.652680703907247,9.111771733791004
461.02500000000043,9.77055577705095,9.852114567139001
461.0500000000004,9.77055577705095,10.164769103402255
461.0750000000004,9.902139583441556,10.422787395661526
461.1000000000004,9.902139583441556,8.85328586946054
461.1250000000004,10.08871044735492,8.968852470869397
461.15000000000043,10.08871044735492,7.47916344190959
461.1750000000004,10.4274591069375,7.140272431870716
461.2000000000004,10.4274591069375,6.854597753136802
461.2250000000004,10.819143349278946,6.7710622642706575
461.2500000000004,10.819143349278946,7.21937630742432
461.27500000000043,11.29553099713612,7.161892448138186
461.3000000000004,11.29553099713612,7.341299453035361
461.3250000000004,11.850271396449916,9.318810634644809
461.3500000000004,11.850271396449916,10.697485379847992
461.3750000000004,12.363757341858104,10.657058089565833
461.40000000000043,12.363757341858104,10.503844572916098
461.4250000000004,12.967514786379237,9.253611042210235
461.4500000000004,12.967514786379237,11.06217084300936
461.4750000000004,13.66292430576506,10.960279653758386
461.5000000000004,13.66292430576506,10.837423989497728
461.52500000000043,14.391444780012185,9.819124326143092
461.5500000000004,14.391444780012185,10.988003084111124
461.5750000000004,15.08139611933328,11.4418019998163
461.6000000000004,15.08139611933328,11.330240430451708
461.6250000000004,15.646898990495686,10.911743127282033
461.65000000000043,15.646898990495686,10.899159009850822
461.6750000000004,16.265845906598614,11.414017858628204
461.7000000000004,16.265845906598614,11.849778176861173
461.7250000000004,16.685654309718853,10.935584739805115
461.7500000000004,16.685654309718853,10.703702729496033
461.77500000000043,17.084024480205702,13.685675717931442
461.8000000000004,17.084024480205702,13.842269495011058
461.8250000000004,17.54212509020402,9.74842132030093
461.8500000000004,17.54212509020402,12.366234485104183
461.8750000000004,17.8985959659952,12.937761115426563
461.90000000000043,17.8985959659952,12.291170034301258
461.9250000000004,18.25427023995428,12.478943055715963
461.9500000000004,18.25427023995428,11.875843846513646
461.9750000000004,18.501353897746565,11.921718000032088
462.0000000000004,18.501353897746565,11.593472124062973
462.02500000000043,18.791327506777066,12.279683906391606
462.0500000000004,18.791327506777066,12.529708467289844
462.0750000000004,19.11895787209829,12.768431380888948
462.1000000000004,19.11895787209829,10.376748127663305
462.1250000000004,19.405173257735388,10.792801283492274
462.15000000000043,19.405173257735388,10.664522614092961
462.1750000000004,19.694374363962265,18.12252593111482
462.2000000000004,19.694374363962265,17.17632688989446
462.2250000000004,20.009433229367147,16.94730948609236
462.2500000000004,20.009433229367147,16.957629144290028
462.27500000000043,20.235901949671955,17.723891890622326
462.3000000000004,20.235901949671955,17.601835391768688
462.3250000000004,20.58979009845413,17.186512211245663
462.3500000000004,20.58979009845413,17.416461899773363
462.3750000000004,21.06821680957749,17.39460561857364
462.40000000000043,21.06821680957749,17.608822548945874
462.4250000000004,21.599405594963464,17.79868170904608
462.4500000000004,21.599405594963464,18.185359080501012
462.4750000000004,22.04942688458483,17.84381755165335
462.5000000000004,22.04942688458483,17.43592506189955
462.52500000000043,22.46493298787909,17.342096164150497
462.5500000000004,22.46493298787909,17.276391990719244
462.5750000000004,22.86181860779112,8.30112990498709
462.6000000000004,22.86181860779112,10.382386694608126
462.6250000000004,23.198024926965186,11.294308059452998
462.65000000000043,23.198024926965186,11.987280534384087
462.6750000000004,23.52060452463533,11.356640199503168
462.7000000000004,23.52060452463533,17.216476266234675
462.7250000000004,23.71163352789764,17.71772119926349
462.7500000000004,23.71163352789764,17.792055058608383
462.77500000000043,23.88084445195017,17.767177312018593
462.8000000000004,23.88084445195017,17.761194371445445
462.8250000000004,24.13566360392021,17.712689054820288
462.8500000000004,24.13566360392021,18.764032422100303
462.8750000000004,24.49199611728588,19.35172910009894
462.90000000000043,24.49199611728588,19.04608225784525
462.9250000000004,24.979404736198337,18.742186248776004
462.9500000000004,24.979404736198337,18.908914139505722
462.9750000000004,25.43646527027826,19.413197879538874
463.0000000000004,25.43646527027826,19.507346678037432
463.02500000000043,25.834893847393875,20.361140475356635
463.0500000000004,25.834893847393875,19.39092466333298
463.0750000000004,26.313423184431056,19.562331463699355
463.1000000000004,26.313423184431056,21.56028374955621
463.1250000000004,26.836639679528705,21.60655862806678
463.15000000000043,26.836639679528705,20.307364938544662
463.1750000000004,27.12324536330654,20.239707977047303
463.2000000000004,27.12324536330654,20.627630965816724
463.2250000000004,27.35839574605609,20.86609398178837
463.2500000000004,27.35839574605609,21.849581618768042
463.27500000000043,27.42614842732606,24.442648373432984
463.3000000000004,27.42614842732606,25.182034516380533
463.3250000000004,27.30825030828109,25.210121763099394
463.3500000000004,27.30825030828109,24.67485226165028
463.3750000000004,27.15063942767062,24.93872103962593
463.40000000000043,27.15063942767062,23.785390339951164
463.4250000000004,26.953122034734307,23.842375853574243
463.4500000000004,26.953122034734307,23.851374094882594
463.4750000000004,26.823832948412583,25.28057300765554
463.5000000000004,26.823832948412583,25.3430037407591
463.52500000000043,26.72554107574752,24.60546988402647
463.5500000000004,26.72554107574752,24.189449819323496
463.5750000000004,26.643962104927404,25.48555171500017
463.6000000000004,26.643962104927404,25.704738117761963
463.6250000000004,26.50107947834442,25.161581080877244
463.65000000000043,26.50107947834442,25.1725993867879
463.6750000000004,26.418049498775453,25.465727757234816
463.7000000000004,26.418049498775453,25.494539101825403
463.7250000000004,26.38159929733845,25.415418114504003
463.7500000000004,26.38159929733845,25.568496334850597
463.77500000000043,26.33586545543346,25.59811964237721
463.8000000000004,26.33586545543346,30.512548679944135
463.8250000000004,26.27460604844245,30.66951539761647
463.8500000000004,26.27460604844245,30.407536943616616
463.8750000000004,26.19556670150404,30.4961301480379
463.90000000000043,26.19556670150404,30.394932918182587
463.9250000000004,26.06545767195445,29.847005539621303
463.9500000000004,26.06545767195445,29.882702276872937
463.9750000000004,25.952813286399508,29.503659316559943
464.0000000000004,25.952813286399508,29.385280036367963
464.02500000000043,25.784902767350854,29.370012702900386
464.0500000000004,25.784902767350854,29.66235939719529
464.0750000000004,25.59483652863129,28.091921444417785
464.1000000000004,25.59483652863129,26.31900138421002
464.1250000000004,25.38378842379666,24.778696180178358
464.15000000000043,25.38378842379666,25.418486029760277
464.1750000000004,25.180923673311344,26.74265852321347
464.2000000000004,25.180923673311344,26.644375478808506
464.2250000000004,25.07509006337221,26.8790919587242
464.2500000000004,25.07509006337221,27.84705573307534
464.27500000000043,25.02274923583192,27.595140575155867
464.3000000000004,25.02274923583192,24.57126941715584
464.3250000000004,24.984019319482893,24.477606728474772
464.3500000000004,24.984019319482893,24.621163564347803
464.3750000000004,24.937668522568146,24.58330013073312
464.40000000000043,24.937668522568146,24.398647469027832
464.4250000000004,24.915398998947676,24.795596679223937
464.4500000000004,24.915398998947676,18.244725785594206
464.4750000000004,24.90482710878276,17.945334389689165
464.5000000000004,24.90482710878276,17.998753938412857
464.52500000000043,24.897837485117183,17.487552919982804
464.5500000000004,24.897837485117183,17.42371136247332
464.5750000000004,24.89391920045051,25.16011243398238
464.6000000000004,24.89391920045051,25.161383380316046
464.6250000000004,24.8902872168182,24.622738345326315
464.65000000000043,24.8902872168182,24.86454398670534
464.6750000000004,24.88920638716045,24.705081811665
464.7000000000004,24.88920638716045,24.760897410421652
464.7250000000004,24.8846117766496,13.466392988851453
464.7500000000004,24.8846117766496,22.74560355988607
464.77500000000043,24.88787384662588,24.663582429918883
464.8000000000004,24.88787384662588,24.666226585520917
464.8250000000004,24.897237290418783,24.65873799869699
464.8500000000004,24.897237290418783,24.140201552351154
464.8750000000004,24.975238462752603,24.384772820609218
464.90000000000043,24.975238462752603,24.565122385342896
464.9250000000004,25.03415115751037,25.36117327261375
464.9500000000004,25.03415115751037,25.299546328843935
464.9750000000004,25.0894139065509,25.505898968191914
465.0000000000004,25.0894139065509,24.98429962065812
465.02500000000043,24.96328042272244,25.28886649729143
465.0500000000004,24.96328042272244,24.19339172567679
465.0750000000004,24.757866533748167,25.168652959247847
465.1000000000004,24.757866533748167,25.560855478051252
465.1250000000004,24.5241407007812,25.55856963682874
465.15000000000043,24.5241407007812,26.142331091497663
465.1750000000004,24.14170836086667,25.913758444683094
465.2000000000004,24.14170836086667,25.916694829311318
465.2250000000004,23.827629230724327,26.138488172136896
465.2500000000004,23.827629230724327,25.75086812769757
465.27500000000043,23.3717627335564,25.700291948479254
465.3000000000004,23.3717627335564,24.253531989106506
465.3250000000004,22.979869490215428,20.900357301399534
465.3500000000004,22.979869490215428,21.06424470162152
465.3750000000004,22.500973305042024,19.832711348050896
465.40000000000043,22.500973305042024,23.848689414638184
465.4250000000004,22.01946312997994,24.24146354490876
465.4500000000004,22.01946312997994,24.600771186706293
465.4750000000004,21.55431497584616,24.586363869425906
465.5000000000004,21.55431497584616,24.12028362865884
465.52500000000043,21.253818946974228,24.040452230696978
465.5500000000004,21.253818946974228,24.418351364628393
465.5750000000004,21.046262885121124,24.432544864773373
465.6000000000004,21.046262885121124,24.711808054698718
465.6250000000004,20.77111900031933,23.382724621120268
465.65000000000043,20.77111900031933,23.500602669294352
465.6750000000004,20.456098254472423,24.731730497911016
465.7000000000004,20.456098254472423,24.599317080150946
465.7250000000004,20.154718294477085,24.091960710747554
465.7500000000004,20.154718294477085,23.915617179192722
465.77500000000043,19.899600087165147,29.590236937289546
465.8000000000004,19.899600087165147,28.35735922071173
465.8250000000004,19.594376089608183,28.45409508651103
465.8500000000004,19.594376089608183,28.513220002008996
465.8750000000004,19.348448055835416,28.339332503685878
465.90000000000043,19.348448055835416,28.40338796104213
465.9250000000004,19.076110720144555,28.71937865330482
465.9500000000004,19.076110720144555,28.442970101873872
465.9750000000004,18.7342761903679,28.44920266430185
466.0000000000004,18.7342761903679,28.279034150349563
466.02500000000043,18.46481190008012,21.793648347158584
466.0500000000004,18.46481190008012,21.587545648489947
466.0750000000004,18.244307087840784,20.43673177216536
466.1000000000004,18.244307087840784,20.29058893905788
466.1250000000004,18.051743125628363,20.322015682730353
466.15000000000043,18.051743125628363,20.669045891301295
466.1750000000004,17.87183707389319,22.183087955285163
466.2000000000004,17.87183707389319,22.093661985160708
466.2250000000004,17.613389336451192,22.085791363324557
466.2500000000004,17.613389336451192,21.84656330249226
466.27500000000043,17.316797871272207,13.460138246033553
466.3000000000004,17.316797871272207,13.783865329037901
466.3250000000004,16.665445453922274,12.076354386605342
466.3500000000004,16.665445453922274,21.4540029924539
466.3750000000004,15.91732508724036,14.111768954271913
466.40000000000043,15.91732508724036,12.076610328896292
466.4250000000004,15.229911041922117,12.898184876034149
466.4500000000004,15.229911041922117,13.029176612539457
466.4750000000004,14.501405541022333,21.586227444320265
466.5000000000004,14.501405541022333,19.476660056677495
466.52500000000043,13.61284433999854,12.141091777952383
466.5500000000004,13.61284433999854,12.64454963088373
466.5750000000004,12.859314270331836,12.387230231555439
466.6000000000004,12.859314270331836,12.490255011865761
466.6250000000004,12.181619737248973,11.427022053258089
466.65000000000043,12.181619737248973,12.779267924244568
466.6750000000004,11.473033034623697,11.391455959720204
466.7000000000004,11.473033034623697,11.523235541392614
466.7250000000004,10.78578631565981,10.35131882740873
466.7500000000004,10.78578631565981,7.056770363037853
466.77500000000043,10.181175722067968,6.948202569602162
466.8000000000004,10.181175722067968,6.414822549033211
466.8250000000004,9.698304439641936,10.544060897539177
466.8500000000004,9.698304439641936,10.564552546715527
466.8750000000004,9.177196541200376,16.992540709374452
466.90000000000043,9.177196541200376,17.498083357216554
466.9250000000004,8.753295361853283,17.19415143685592
466.9500000000004,8.753295361853283,17.65914901135953
466.9750000000004,8.251410372287143,15.572263795375413
467.0000000000004,8.251410372287143,15.580084336532474
467.02500000000043,7.701829528912624,15.988514068643246
467.0500000000004,7.701829528912624,15.89407348101368
467.0750000000004,7.321679709938063,16.52941112536297
467.1000000000004,7.321679709938063,16.6231924476287
467.1250000000004,7.063643657780245,16.118997254007336
467.15000000000043,7.063643657780245,8.858437442297305
467.1750000000004,6.864859500139824,9.457828338896647
467.2000000000004,6.864859500139824,8.507177920687884
467.2250000000004,6.680253955857538,8.593606188405555
467.2500000000004,6.680253955857538,7.485505272165954
467.27500000000043,6.55800883953763,7.1886863817540965
467.3000000000004,6.55800883953763,7.8051763864425086
467.3250000000004,6.510435588482707,7.102602739083138
467.3500000000004,6.510435588482707,7.187316309811718
467.3750000000004,6.5431719846588186,5.988628610097205
467.40000000000043,6.5431719846588186,5.977426038222239
467.4250000000004,6.587478530713326,5.7945510494839425
467.4500000000004,6.587478530713326,5.8131278033327645
467.4750000000004,6.641067529628366,5.767228197442122
467.5000000000004,6.641067529628366,6.051188901269158
467.52500000000043,6.48765072809159,5.816164835102573
467.5500000000004,6.48765072809159,5.912905399660928
467.5750000000004,6.2133922646946464,5.177094930711978
467.6000000000004,6.2133922646946464,5.158515241952107
467.6250000000004,5.874809190157192,5.290904166958475
467.65000000000043,5.874809190157192,5.347931331816977
467.6750000000004,5.39026662399684,5.417603751362864
467.7000000000004,5.39026662399684,5.565876695145895
467.7250000000004,5.042097222276606,5.672028930925977
467.7500000000004,5.042097222276606,4.508145311679308
467.77500000000043,4.8267693917238175,4.764339436208527
467.8000000000004,4.8267693917238175,4.80293879209752
467.82500000000044,4.726354590045146,4.669270565622892
467.8500000000004,4.726354590045146,4.928827416694716
467.8750000000004,4.607981620811115,5.066463030098257
467.90000000000043,4.607981620811115,4.911957675114612
467.9250000000004,4.442430954233385,5.322212930196181
467.95000000000044,4.442430954233385,4.861438116991085
467.9750000000004,4.150316076599668,5.396074526292559
468.0000000000004,4.150316076599668,6.444617274511659
468.02500000000043,3.882515695216528,12.073531808307377
468.0500000000004,3.882515695216528,11.833597220393482
468.07500000000044,3.633629291819028,4.769786595166452
468.1000000000004,3.633629291819028,4.080466794092004
468.1250000000004,3.5562839807347366,4.111644541039814
468.15000000000043,3.5562839807347366,4.171726330542384
468.1750000000004,3.4664542620509167,4.175151003135166
468.20000000000044,3.4664542620509167,7.2797131069301875
468.2250000000004,3.598837931575103,7.595051499683552
468.2500000000004,3.598837931575103,7.568006583016548
468.27500000000043,3.5926718135375943,7.500215469295967
468.3000000000004,3.5926718135375943,7.494022842246668
468.32500000000044,3.6170006639926697,12.45825117111885
468.3500000000004,3.6170006639926697,12.879044703396149
468.3750000000004,3.5082482443897804,11.942845292119916
468.40000000000043,3.5082482443897804,11.876627441712921
468.4250000000004,3.367831369073939,11.833109430592863
468.45000000000044,3.367831369073939,12.471122334605145
468.4750000000004,3.2443986923261003,12.566443383431592
468.5000000000004,3.2443986923261003,4.220903720616929
468.52500000000043,3.0471005955982315,4.610061281586615
468.5500000000004,3.0471005955982315,4.662891389234395
468.57500000000044,2.967178464886783,5.01696714207902
468.6000000000004,2.967178464886783,5.003586950583832
468.6250000000004,2.949416836638647,4.963141708429518
468.65000000000043,2.949416836638647,4.98067632043527
468.6750000000004,2.998407380852236,4.92944111986334
468.70000000000044,2.998407380852236,4.840534308915404
468.7250000000004,3.177820532116057,4.83885609405761
468.7500000000004,3.177820532116057,4.734205992445283
468.77500000000043,3.3355697064833363,5.037088454154534
468.8000000000004,3.3355697064833363,5.013870597826205
468.82500000000044,3.503585631513956,4.902632468924834
468.8500000000004,3.503585631513956,4.727330624991727
468.8750000000004,3.3996522054031564,4.806256718294635
468.90000000000043,3.3996522054031564,4.806256718294635
468.9250000000004,3.225829625855672,4.75915044080935
468.95000000000044,3.225829625855672,4.9361668356424175
468.9750000000004,3.179644279378371,5.057752624710458
469.0000000000004,3.179644279378371,4.842569117200107
469.02500000000043,3.2335366716602185,4.36221389091329
469.0500000000004,3.2335366716602185,4.622539802844925
469.07500000000044,3.228475077775461,5.9078011573189535
469.1000000000004,3.228475077775461,6.2244132189887225
469.1250000000004,3.204672486523501,6.04396217011641
469.15000000000043,3.204672486523501,4.816470099743153
469.1750000000004,3.123780311872704,5.226495430182537
469.20000000000044,3.123780311872704,5.036040147541479
469.2250000000004,2.9836378743431555,10.873886079554525
469.2500000000004,2.9836378743431555,9.309959045521623
469.27500000000043,3.063513677705184,9.66203440873648
469.3000000000004,3.063513677705184,9.44762512135824
469.32500000000044,3.1491234762327536,9.932718766324378
469.3500000000004,3.1491234762327536,9.974609961229262
469.3750000000004,3.236709280181133,6.066875368514864
469.40000000000043,3.236709280181133,5.9820515874442695
469.4250000000004,3.313490637868058,5.999560132034418
469.45000000000044,3.313490637868058,6.2128920156495795
469.4750000000004,3.2960106114288346,5.983901107724729
469.5000000000004,3.2960106114288346,4.63041332952751
469.52500000000043,3.342085240827026,4.574667178743976
469.5500000000004,3.342085240827026,4.573719385486455
469.57500000000044,3.412597483660387,4.483541782535072
469.6000000000004,3.412597483660387,4.387558377368439
469.6250000000004,3.400024638057828,4.402732906996488
469.65000000000043,3.400024638057828,4.104670145002017
469.6750000000004,3.3725500540091145,4.1964440319856795
469.70000000000044,3.3725500540091145,4.370787288865231
469.7250000000004,3.241367927290479,3.621268774694839
469.7500000000004,3.241367927290479,3.6041018279731674
469.77500000000043,3.273114578674669,3.5624608071722887
469.8000000000004,3.273114578674669,3.7190289951379465
469.82500000000044,3.2357390047312,3.735624166896133
469.8500000000004,3.2357390047312,4.206836929483396
469.8750000000004,3.2611093951019408,4.282044959137021
469.90000000000043,3.2611093951019408,4.272751946356301
469.9250000000004,3.3158346534552225,4.358462289836236
469.95000000000044,3.3158346534552225,4.010965235786631
469.9750000000004,3.208012672843577,4.013702724380078
470.0000000000004,3.208012672843577,3.9066374067199177
470.02500000000043,3.2264140243029065,3.883259143302576
470.0500000000004,3.2264140243029065,3.885435374599689
470.07500000000044,3.3997165620894165,3.7670459624193984
470.1000000000004,3.3997165620894165,3.92621969213149
470.1250000000004,3.58956033441278,3.9422729452188334
470.15000000000043,3.58956033441278,4.233731103916694
470.1750000000004,3.781570917709357,4.3271268291153255
470.20000000000044,3.781570917709357,4.330225653959239
470.2250000000004,3.848042367305281,4.436065994550659
470.2500000000004,3.848042367305281,4.44517167699717
470.27500000000043,3.811953907168808,4.448226009599311
470.3000000000004,3.811953907168808,4.425740421161934
470.32500000000044,3.6696690643401015,4.508963491569345
470.3500000000004,3.6696690643401015,4.466429136049305
470.3750000000004,3.5925232337015096,4.368842160534941
470.40000000000043,3.5925232337015096,4.121888688751365
470.4250000000004,3.455702618428937,4.1201281664305895
470.45000000000044,3.455702618428937,4.07925925562828
470.4750000000004,3.4148898383764283,6.788273004654996
470.5000000000004,3.4148898383764283,5.605983523672659
470.52500000000043,3.5145073379996514,5.735551872753134
470.5500000000004,3.5145073379996514,5.835038029926051
470.57500000000044,3.549632714800445,5.67762417536109
470.6000000000004,3.549632714800445,5.740107798448833
470.6250000000004,3.6075427626137393,5.971910592913084
470.65000000000043,3.6075427626137393,4.458940695866623
470.6750000000004,3.652291264668106,4.499086636094176
470.70000000000044,3.652291264668106,4.368538471561056
470.7250000000004,3.7070656769914967,4.364562705469125
470.7500000000004,3.7070656769914967,4.338153828680879
470.77500000000043,3.5592053295803616,4.9496636044825975
470.8000000000004,3.5592053295803616,5.132132718146417
470.82500000000044,3.427781673032744,5.1605897459743035
470.8500000000004,3.427781673032744,4.706866910874737
470.8750000000004,3.354189264698749,4.498252350386646
470.90000000000043,3.354189264698749,4.072177044580875
470.9250000000004,3.443768565351884,3.969710041508425
470.95000000000044,3.443768565351884,3.865311809046338
470.9750000000004,3.4651467098729487,3.8713118185341187
471.0000000000004,3.4651467098729487,3.9073700489131435
471.02500000000043,3.4738583076217333,4.11579028342204
471.0500000000004,3.4738583076217333,4.224369671101516
471.07500000000044,3.4655826877605738,4.262067204399752
471.1000000000004,3.4655826877605738,4.2062185866323505
471.1250000000004,3.433938395534585,4.224176285993574
471.15000000000043,3.433938395534585,4.33780319151816
471.1750000000004,3.466664463456258,4.544509782748529
471.20000000000044,3.466664463456258,4.5209774603173445
471.2250000000004,3.5392317791007177,4.595899728367397
471.2500000000004,3.5392317791007177,4.972501108308667
471.27500000000043,3.435850575139447,4.9530060090363115
471.3000000000004,3.435850575139447,4.744701112638103
471.32500000000044,3.2265133748907973,4.703458957948234
471.3500000000004,3.2265133748907973,4.660793887639772
471.3750000000004,3.118880700605936,4.820718567426301
471.40000000000043,3.118880700605936,4.697267308662797
471.4250000000004,3.136834122392354,4.409926113891466
471.45000000000044,3.136834122392354,4.339063081317295
471.4750000000004,3.113949834400432,4.700251052915822
471.5000000000004,3.113949834400432,4.63323488089342
471.52500000000043,3.1818917499590547,4.663194896725554
471.5500000000004,3.1818917499590547,4.547393008201834
471.57500000000044,3.228202900264145,5.424820610582137
471.6000000000004,3.228202900264145,5.310245061680051
471.6250000000004,3.2583893484920536,5.486718589053384
471.65000000000043,3.2583893484920536,5.4391006970185485
471.6750000000004,3.31561852192045,5.112838328938766
471.70000000000044,3.31561852192045,5.24606286001684
471.7250000000004,3.5374663422985906,13.594573568654491
471.7500000000004,3.5374663422985906,12.759516592510899
471.77500000000043,3.6845290141450473,15.84430721815313
471.8000000000004,3.6845290141450473,4.619701441257058
471.82500000000044,3.849138516615111,4.57144973092756
471.8500000000004,3.849138516615111,4.509412965613855
471.8750000000004,3.9826399355863815,4.452051670701145
471.90000000000043,3.9826399355863815,4.445801457932484
471.9250000000004,4.021553443551718,4.532904563143117
471.95000000000044,4.021553443551718,4.419118359988631
471.9750000000004,4.148373344799667,4.22066453744944
472.0000000000004,4.148373344799667,4.2853944005031845
472.02500000000043,4.255237567483953,4.134518565508076
472.0500000000004,4.255237567483953,4.122568003331649
472.07500000000044,4.51063276882028,4.048144465208475
472.1000000000004,4.51063276882028,3.550191540098252
472.1250000000004,4.769845888959956,3.754139229649161
472.15000000000043,4.769845888959956,3.802200042527053
472.1750000000004,4.931780526413527,3.577150041968654
472.20000000000044,4.931780526413527,5.198505212840931
472.2250000000004,5.104806353036437,5.492452190673159
472.2500000000004,5.104806353036437,5.801483144814274
472.27500000000043,5.328962834141273,5.901838079274825
472.3000000000004,5.328962834141273,5.7015795815094155
472.32500000000044,5.528805387201636,5.74270202517177
472.3500000000004,5.528805387201636,5.7736933544098665
472.3750000000004,5.710867123304164,5.716765131605399
472.40000000000043,5.710867123304164,5.708337239395628
472.4250000000004,5.867632260695813,5.6411815759511
472.45000000000044,5.867632260695813,6.1649691251697
472.4750000000004,6.025943425931435,5.967269512171087
472.5000000000004,6.025943425931435,6.1596212894253
472.52500000000043,6.064568589486782,6.542463236176924
472.5500000000004,6.064568589486782,6.545526567518671
472.57500000000044,6.278579617313168,6.189314805147665
472.6000000000004,6.278579617313168,3.580064996410844
472.6250000000004,6.35874226816169,4.646202581830949
472.65000000000043,6.35874226816169,5.399198161951084
472.6750000000004,6.215741980473965,4.041976668855059
472.70000000000044,6.215741980473965,4.559479148322851
472.7250000000004,6.059350850223901,6.855039244226972
472.7500000000004,6.059350850223901,12.086404620760112
472.77500000000043,5.838752756250866,11.837291495839978
472.8000000000004,5.838752756250866,6.834610348303216
472.82500000000044,5.588718757343882,9.807237359601833
472.8500000000004,5.588718757343882,9.807515582082912
472.8750000000004,5.445844555120437,10.256691577685638
472.90000000000043,5.445844555120437,10.52219882946924
472.9250000000004,5.364665716785029,10.134368604675064
472.95000000000044,5.364665716785029,9.800154569338373
472.9750000000004,5.155046010435407,9.691044885971031
473.0000000000004,5.155046010435407,9.655955001108428
473.02500000000043,4.8642650045016085,9.695009726369735
473.0500000000004,4.8642650045016085,10.040745800396413
473.07500000000044,4.665233034262722,10.736821073977639
473.1000000000004,4.665233034262722,10.708765237166807
473.1250000000004,4.478197350240749,10.550020358293581
473.15000000000043,4.478197350240749,6.6391894243434955
473.1750000000004,4.379741341691848,6.268748613082046
473.20000000000044,4.379741341691848,5.770449487031492
473.2250000000004,4.140857800352483,4.1270215374938735
473.2500000000004,4.140857800352483,4.4142318949847645
473.27500000000043,3.8170759240370793,4.340259147875398
473.3000000000004,3.8170759240370793,4.3711056993204505
473.32500000000044,3.547847373571934,4.435126134424238
473.3500000000004,3.547847373571934,4.504461852702956
473.3750000000004,3.204790089780957,4.271123959786521
473.40000000000043,3.204790089780957,4.229239722878789
473.4250000000004,2.9406386256840515,4.264540108444498
473.45000000000044,2.9406386256840515,4.275465661474124
473.4750000000004,2.4624419742961154,4.343557164718322
473.5000000000004,2.4624419742961154,4.1727222877646035
473.52500000000043,2.227208002664902,4.3836460212553945
473.5500000000004,2.227208002664902,4.386894812915644
473.57500000000044,1.8899089321344615,4.329257186826684
473.6000000000004,1.8899089321344615,3.8169199200870088
473.6250000000004,1.988453360181755,3.8981073522757033
473.65000000000043,1.988453360181755,3.747674604608163
473.6750000000004,2.1438587797565143,3.7617622375206015
473.70000000000044,2.1438587797565143,3.570505426982411
473.7250000000004,2.3770617227099105,3.7048462570965235
473.7500000000004,2.3770617227099105,3.3966340196556852
473.77500000000043,2.631495154412688,3.263458760573826
473.8000000000004,2.631495154412688,3.7524725201140945
473.82500000000044,2.785542269818039,3.7102267109218157
473.8500000000004,2.785542269818039,3.558743356348222
473.8750000000004,2.950909977141884,3.6950533384403514
473.90000000000043,2.950909977141884,3.7564503531079043
473.9250000000004,2.9183544219816024,3.7202166859974724
473.95000000000044,2.9183544219816024,3.812567000348703
473.9750000000004,2.9360739749455944,4.134278116461398
474.0000000000004,2.9360739749455944,3.8122644621735544
474.02500000000043,3.0072078822605057,4.0297078511196345
474.0500000000004,3.0072078822605057,4.019663468992794
474.07500000000044,3.056089773564976,3.920042654473728
474.1000000000004,3.056089773564976,3.8135822801785793
474.1250000000004,3.133298513128699,4.070037610757228
474.15000000000043,3.133298513128699,3.815121702836312
474.1750000000004,3.178468049986824,4.184988662407331
474.20000000000044,3.178468049986824,4.329987417750111
474.2250000000004,3.237739184949431,4.024103604688667
474.2500000000004,3.237739184949431,4.200476671909398
474.27500000000043,3.137181369950784,3.976113731824542
474.3000000000004,3.137181369950784,4.095085587770604
474.32500000000044,2.9682138959904467,4.106063163101289
474.3500000000004,2.9682138959904467,3.851553870348255
474.3750000000004,2.8989860172361754,3.8487461366952296
474.40000000000043,2.8989860172361754,4.193898679748694
474.4250000000004,2.982162029426185,4.016420016911784
474.45000000000044,2.982162029426185,3.9786708961612924
474.4750000000004,2.9843930975144244,3.9537835087071174
474.5000000000004,2.9843930975144244,3.8461409874626984
474.52500000000043,2.9799646802208173,3.572104787593361
474.5500000000004,2.9799646802208173,3.3716784741968566
474.57500000000044,3.0363474559807893,3.3779427364997066
474.6000000000004,3.0363474559807893,3.336203184198394
474.6250000000004,3.079426975243055,6.753400002647843
474.65000000000043,3.079426975243055,6.995281096812663
474.6750000000004,3.230501253700174,6.072513892657574
474.70000000000044,3.230501253700174,5.805284750054086
474.7250000000004,3.500762238534522,5.505463457255346
474.7500000000004,3.500762238534522,5.885961768863943
474.77500000000043,3.747092068039299,5.904629950268961
474.8000000000004,3.747092068039299,6.058144892104253
474.82500000000044,3.990764711824714,6.580133100518996
474.8500000000004,3.990764711824714,6.382336095410519
474.8750000000004,4.217066141645307,6.08590080476353
474.90000000000043,4.217066141645307,6.08697674291553
474.9250000000004,4.470040364670312,6.003726795118046
474.95000000000044,4.470040364670312,5.819739550805058
474.9750000000004,4.724046509510735,13.787248960522422
475.0000000000004,4.724046509510735,13.733458753005138
475.02500000000043,4.925687095331219,14.055414270518165
475.0500000000004,4.925687095331219,12.414327088137675
475.07500000000044,5.184020234539545,12.027180675980896
475.1000000000004,5.184020234539545,12.145996283849612
475.1250000000004,5.526304210497951,3.869446071250085
475.15000000000043,5.526304210497951,3.909751499543514
475.1750000000004,5.987671299616217,4.532575561927319
475.20000000000044,5.987671299616217,4.5079672393569545
475.2250000000004,6.290420421731853,4.508824597240163
475.2500000000004,6.290420421731853,4.5248072920275195
475.27500000000043,6.635747963871669,4.568014029306357
475.3000000000004,6.635747963871669,4.9189476959097655
475.32500000000044,6.884710977317625,4.770266825704132
475.3500000000004,6.884710977317625,4.577640317987862
475.3750000000004,7.129771753022568,4.453331286559277
475.40000000000043,7.129771753022568,4.583850146169889
475.4250000000004,7.222031618123026,4.549303865957819
475.45000000000044,7.222031618123026,4.563730554742607
475.4750000000004,7.336190838319759,4.552349219165095
475.5000000000004,7.336190838319759,4.549753985746764
475.52500000000043,7.483948645694719,4.741566635074604
475.5500000000004,7.483948645694719,4.62411826821074
475.57500000000044,7.681181216472171,4.523682776164356
475.6000000000004,7.681181216472171,4.523682776164356
475.6250000000004,7.910897274971332,4.647407617472712
475.65000000000043,7.910897274971332,4.655595263683555
475.6750000000004,8.143444010893829,4.583359973183283
475.70000000000044,8.143444010893829,5.010999390003196
475.7250000000004,8.327818416827602,5.012599405943288
475.7500000000004,8.327818416827602,5.009284184945802
475.77500000000043,8.48404049881375,5.065722595025726
475.8000000000004,8.48404049881375,5.131758941959424
475.82500000000044,8.571813354463057,4.542943874372622
475.8500000000004,8.571813354463057,5.393214826680216
475.8750000000004,8.658943794365543,6.821365110292154
475.90000000000043,8.658943794365543,8.447668955159347
475.9250000000004,8.599236490045094,8.465013419282037
475.95000000000044,8.599236490045094,8.412285164484706
475.9750000000004,8.461867999313293,8.363181505336073
476.0000000000004,8.461867999313293,8.87153101343413
476.02500000000043,8.344661947784585,9.018004560204844
476.0500000000004,8.344661947784585,8.94354664904835
476.07500000000044,8.283630503016006,11.516557981313097
476.1000000000004,8.283630503016006,11.637128840025232
476.1250000000004,8.260119071089164,12.86384759495795
476.15000000000043,8.260119071089164,12.247989496754316
476.1750000000004,8.336317821096982,11.4658599633693
476.20000000000044,8.336317821096982,11.290923155331633
476.2250000000004,8.388480355817192,11.201025623237499
476.2500000000004,8.388480355817192,11.252227911380565
476.27500000000043,8.515993198736245,11.890018054728
476.3000000000004,8.515993198736245,11.646571031257146
476.32500000000044,8.626852544349678,11.916852284479912
476.3500000000004,8.626852544349678,11.678161770988062
476.3750000000004,8.720946169042902,11.684254886685862
476.40000000000043,8.720946169042902,11.708726378172207
476.4250000000004,8.745091974935374,11.241326588489757
476.45000000000044,8.745091974935374,9.413831100692182
476.4750000000004,8.698392228064469,11.994174157211269
476.5000000000004,8.698392228064469,11.987994551643878
476.52500000000043,8.530962289052878,11.628644859943842
476.5500000000004,8.530962289052878,11.744843664642927
476.57500000000044,8.228375363186354,7.190456750525517
476.6000000000004,8.228375363186354,7.353569863185005
476.6250000000004,7.96503807014832,7.073854646430338
476.65000000000043,7.96503807014832,6.592467311539956
476.6750000000004,7.8215458228824,6.275308813336181
476.70000000000044,7.8215458228824,5.357176616697368
476.7250000000004,7.692788964106369,5.4905137360241705
476.7500000000004,7.692788964106369,5.885087466041348
476.77500000000043,7.609149579368078,6.593515619436329
476.8000000000004,7.609149579368078,12.335327539704576
476.82500000000044,7.586882441884573,12.383921638213288
476.8500000000004,7.586882441884573,12.38711630240434
476.8750000000004,7.541667091465462,12.302693312849899
476.90000000000043,7.541667091465462,12.23491505391322
476.9250000000004,7.613662742030029,11.762717533586585
476.95000000000044,7.613662742030029,11.670132160171152
476.9750000000004,7.826134509432114,11.691490826480704
477.0000000000004,7.826134509432114,11.80818449961569
477.02500000000043,8.153557364471162,11.638241340999164
477.0500000000004,8.153557364471162,11.431289067905869
477.07500000000044,8.58932032515413,11.920311074981441
477.1000000000004,8.58932032515413,12.127501763794362
477.1250000000004,8.936566740914053,6.802596800925735
477.15000000000043,8.936566740914053,12.017022380897883
477.1750000000004,9.437028098979576,12.370432360412313
477.20000000000044,9.437028098979576,11.963319671772306
477.2250000000004,9.928571299007311,12.086670786347309
477.2500000000004,9.928571299007311,11.798813234927236
477.27500000000043,10.189171760243894,6.645224568083505
477.3000000000004,10.189171760243894,8.548831355498818
477.32500000000044,10.400681226578987,8.775923886560404
477.3500000000004,10.400681226578987,8.778929567779976
477.3750000000004,10.608713727777946,9.66693365932087
477.40000000000043,10.608713727777946,9.405811867040432
477.4250000000004,10.92179698679568,9.963088472402646
477.45000000000044,10.92179698679568,9.9206894784658
477.4750000000004,11.179786737925106,10.050794974152826
477.5000000000004,11.179786737925106,9.917899545462864
477.52500000000043,11.387884882187766,10.016126245444976
477.5500000000004,11.387884882187766,9.856778689579171
477.57500000000044,11.5894829486831,9.79131247811181
477.6000000000004,11.5894829486831,13.116994577427745
477.6250000000004,11.7416196905752,9.959969155523615
477.65000000000043,11.7416196905752,9.97475846362548
477.6750000000004,11.930192633461456,9.986282326430393
477.70000000000044,11.930192633461456,9.856687612781085
477.7250000000004,12.160004108193124,10.82081589516604
477.7500000000004,12.160004108193124,11.34099051342047
477.77500000000043,12.253176460256215,11.496840687117006
477.8000000000004,12.253176460256215,11.071628918618567
477.82500000000044,12.321515272949584,10.919691871533269
477.8500000000004,12.321515272949584,10.968259935926401
477.8750000000004,12.346711489317904,10.979257263815553
477.90000000000043,12.346711489317904,11.09713437575492
477.9250000000004,12.382432542262524,6.168129159698574
477.95000000000044,12.382432542262524,6.218753957721841
477.9750000000004,12.397470269171698,6.2259623051718185
478.0000000000004,12.397470269171698,6.174187980741191
478.02500000000043,12.41410128737285,6.396167753396096
478.0500000000004,12.41410128737285,6.747228991387726
478.07500000000044,12.393452134929484,7.174629087227327
478.1000000000004,12.393452134929484,7.123529587278478
478.1250000000004,12.363900668077417,7.081660086526553
478.15000000000043,12.363900668077417,6.425643583539459
478.1750000000004,12.335170421731444,6.808555487730076
478.20000000000044,12.335170421731444,6.749665175673715
478.2250000000004,12.285601903079296,6.30486034378433
478.2500000000004,12.285601903079296,5.9302675808930925
478.27500000000043,12.211420691222742,6.08922735378526
478.3000000000004,12.211420691222742,6.103709422639139
478.32500000000044,12.18947939643724,5.903511035090267
478.3500000000004,12.18947939643724,5.757356223068274
478.3750000000004,12.208223519689382,6.46345904821774
478.40000000000043,12.208223519689382,5.809657867256045
478.4250000000004,12.336331982919948,9.234605550974413
478.45000000000044,12.336331982919948,9.059836323743083
478.4750000000004,12.566403738860432,10.577550534555341
478.5000000000004,12.566403738860432,11.900279960572691
478.52500000000043,12.8417681610841,12.573946399291424
478.5500000000004,12.8417681610841,10.474474746453092
478.57500000000044,12.921592577364857,10.89101169977198
478.6000000000004,12.921592577364857,11.360352161049155
478.6250000000004,12.933549073452363,11.710471933925612
478.65000000000043,12.933549073452363,11.399964032666494
478.6750000000004,12.89508367429621,14.36713924020567
478.70000000000044,12.89508367429621,13.087150676899348
478.7250000000004,12.70894172680523,13.121403033141306
478.7500000000004,12.70894172680523,13.171063086628614
478.77500000000043,12.394683754882973,12.737813472080756
478.8000000000004,12.394683754882973,12.744912784220457
478.82500000000044,12.107415254246517,13.505821987839997
478.8500000000004,12.107415254246517,13.701413025499052
478.8750000000004,11.88459813786868,13.120851864685001
478.90000000000043,11.88459813786868,12.725489452446302
478.9250000000004,11.646141713252344,9.91988438334117
478.95000000000044,11.646141713252344,12.397132038062482
478.9750000000004,11.353893417514689,9.322377721716636
479.0000000000004,11.353893417514689,12.538810908795517
479.02500000000043,11.140632234662135,12.495826470351522
479.0500000000004,11.140632234662135,12.188434467031632
479.07500000000044,10.905506295846726,11.906974761590408
479.1000000000004,10.905506295846726,10.10280548109547
479.1250000000004,10.59365045967831,9.568159788070894
479.15000000000043,10.59365045967831,9.64641057039655
479.1750000000004,10.190252115508008,11.188141163592434
479.20000000000044,10.190252115508008,12.087894540453933
479.2250000000004,9.762190772926038,12.18276288064678
479.2500000000004,9.762190772926038,11.59403157568116
479.27500000000043,9.347862240845984,12.18204240157394
479.3000000000004,9.347862240845984,12.27090282036515
479.32500000000044,8.982810486115934,10.947443101585188
479.3500000000004,8.982810486115934,11.763463334299106
479.3750000000004,8.64596107096141,11.109716187275726
479.40000000000043,8.64596107096141,11.152253216651552
479.4250000000004,8.452124646246936,11.1836898656118
479.45000000000044,8.452124646246936,7.983247148982748
479.4750000000004,8.163117051876064,7.60471779924236
479.5000000000004,8.163117051876064,7.702175369016632
479.52500000000043,7.958036261083615,7.725775293671022
479.5500000000004,7.958036261083615,5.683514321673057
479.57500000000044,7.579324653693519,5.99473320290735
479.6000000000004,7.579324653693519,6.2723312609590725
479.6250000000004,7.28903884260344,6.525814758033854
479.65000000000043,7.28903884260344,6.1368575498510385
479.6750000000004,6.924502241965613,6.021328984579285
479.70000000000044,6.924502241965613,5.721693902127705
479.7250000000004,6.525419723074815,5.78913866987669
479.7500000000004,6.525419723074815,5.415260552186286
479.77500000000043,6.309055817816418,5.2954964825985495
479.8000000000004,6.309055817816418,5.731590465546198
479.82500000000044,6.051341343821519,5.921874961933632
479.8500000000004,6.051341343821519,5.48995957495021
479.8750000000004,5.675377967822824,5.6223047320546105
479.90000000000043,5.675377967822824,5.374401726015935
479.9250000000004,5.259018400755341,5.544677771263179
479.95000000000044,5.259018400755341,5.512010697729165
479.9750000000004,4.838886960803397,5.472440638967098
480.0000000000004,4.838886960803397,5.455034526750314
480.02500000000043,4.574351174021429,5.034220839542539
480.0500000000004,4.574351174021429,4.306810420377689
480.07500000000044,4.396484748865849,4.198163625838378
480.1000000000004,4.396484748865849,4.141328930954379
480.1250000000004,4.171891949048873,4.016236019686146
480.15000000000043,4.171891949048873,3.966115273398762
480.1750000000004,3.948210577948109,3.8956011152086454
480.20000000000044,3.948210577948109,3.8044828577852576
480.2250000000004,3.911406436866885,3.6855493819349965
480.2500000000004,3.911406436866885,3.6113986443085095
480.27500000000043,3.872469334844291,3.6288923694154294
480.3000000000004,3.872469334844291,3.7454122227337217
480.32500000000044,3.84000291438468,3.739191641583293
480.3500000000004,3.84000291438468,4.519649736701797
480.3750000000004,3.856532778698498,4.019480291994241
480.40000000000043,3.856532778698498,4.26444739626393
480.4250000000004,3.8683790417878976,4.332894902857363
480.45000000000044,3.8683790417878976,4.464216507006018
480.4750000000004,3.801054683412379,4.411694519598365
480.50000000000045,3.801054683412379,4.6802820914239165
480.52500000000043,3.688027431517682,4.635386793990955
480.5500000000004,3.688027431517682,4.7288883151348
480.57500000000044,3.747893189490116,4.716653713663948
480.6000000000004,3.747893189490116,5.387359467064885
480.62500000000045,3.790086538671796,5.532049283608352
480.65000000000043,3.790086538671796,5.572167065312523
480.6750000000004,3.809263018235995,5.435449524166607
480.70000000000044,3.809263018235995,5.8476720843855015
480.7250000000004,3.746714545782254,5.75992265344273
480.75000000000045,3.746714545782254,5.52639403873159
480.77500000000043,3.662828231271705,5.685445978907598
480.8000000000004,3.662828231271705,5.599975289026235
480.82500000000044,3.5763802370099658,5.380909811814745
480.8500000000004,3.5763802370099658,5.203549795932388
480.87500000000045,3.5354225034783493,5.203549795932388
480.90000000000043,3.5354225034783493,5.279277780677139
480.9250000000004,3.38748141748834,5.214648679110459
480.95000000000044,3.38748141748834,5.238547445951001
480.9750000000004,3.142208188892228,5.263597683085976
481.00000000000045,3.142208188892228,5.0030900179455
481.02500000000043,2.8719641055052025,4.607257551629303
481.0500000000004,2.8719641055052025,4.691266722770135
481.07500000000044,2.389263103974611,4.4084587997821645
481.1000000000004,2.389263103974611,4.338318986298255
481.12500000000045,1.9041829574892908,4.155654058254452
481.15000000000043,1.9041829574892908,3.6959353209022394
481.1750000000004,1.6930384219110826,3.6959353209022394
481.20000000000044,1.6930384219110826,3.839718011201473
481.2250000000004,1.4395571073894062,3.8392565709445305
481.25000000000045,1.4395571073894062,3.880556551460971
481.27500000000043,1.075897789861047,3.6480448880944194
481.3000000000004,1.075897789861047,3.805007684172212
481.32500000000044,0.9792756360025748,3.927372170114508
481.3500000000004,0.9792756360025748,3.880214327317907
481.37500000000045,0.823613319012719,3.627281641635551
481.40000000000043,0.823613319012719,3.8054384319534607
481.4250000000004,0.7863781019077754,3.988039862813671
481.45000000000044,0.7863781019077754,4.043701228284734
481.4750000000004,0.7402365950559674,4.139071795185481
481.50000000000045,0.7402365950559674,4.802593758269986
481.52500000000043,0.641470538207047,3.376198945138272
481.5500000000004,0.641470538207047,2.369420006501833
481.57500000000044,0.6233631692718952,2.4305120405745555
481.6000000000004,0.6233631692718952,2.414940923369898
481.62500000000045,0.8001493302224837,2.3791905595833267
481.65000000000043,0.8001493302224837,2.7185273356068933
481.6750000000004,1.012701992383692,2.8028846021187075
481.70000000000044,1.012701992383692,2.9413564496275364
481.7250000000004,1.026051686632799,2.8731509980791983
481.75000000000045,1.026051686632799,2.886124276502215
481.77500000000043,1.2444810153835824,2.7757802939149174
481.8000000000004,1.2444810153835824,2.6114247800480257
481.82500000000044,1.4346019864171566,2.5550729249758004
481.8500000000004,1.4346019864171566,2.4947041712962816
481.87500000000045,1.422381983280328,2.6505112808005395
481.90000000000043,1.422381983280328,2.638174125144372
481.9250000000004,1.6789304518203116,2.8953613892454317
481.95000000000044,1.6789304518203116,2.8327564906323204
481.9750000000004,1.7844787151551127,2.8396791002136768
482.00000000000045,1.7844787151551127,2.8498113436619543
482.02500000000043,1.7678971797048162,3.6615008929344244
482.0500000000004,1.7678971797048162,3.7708757733199763
482.07500000000044,1.865086726539257,6.474941393671654
482.1000000000004,1.865086726539257,6.613078261872315
482.12500000000045,2.0160045901293886,6.508857744036927
482.15000000000043,2.0160045901293886,5.998646185033491
482.1750000000004,2.2480820690411645,2.7334765583107052
482.20000000000044,2.2480820690411645,2.771591394675344
482.2250000000004,2.555047967550329,2.718599038156955
482.25000000000045,2.555047967550329,2.7453708610207355
482.27500000000043,2.8653649115625868,2.908740679016772
482.3000000000004,2.8653649115625868,3.2606365256791077
482.32500000000044,3.0535253798844217,3.481696652204713
482.3500000000004,3.0535253798844217,3.2928655454727185
482.37500000000045,3.255846809827957,3.411594968958332
482.40000000000043,3.255846809827957,3.3258571781883344
482.4250000000004,3.5267687096445397,3.3815117155586085
482.45000000000044,3.5267687096445397,3.450508243089148
482.4750000000004,3.608914998342137,3.7732207397281896
482.50000000000045,3.608914998342137,3.657044821243842
482.52500000000043,3.4965869760706614,3.7448284903903737
482.5500000000004,3.4965869760706614,3.8228126850053443
482.57500000000044,3.3924187679226074,3.5740987011284098
482.6000000000004,3.3924187679226074,3.5690847811307522
482.62500000000045,3.274280938517113,3.5297763397809887
482.65000000000043,3.274280938517113,3.6107991677247604
482.6750000000004,3.1285527882140687,3.6868728216838336
482.70000000000044,3.1285527882140687,3.8409654186141005
482.7250000000004,2.9469492635058865,3.944926840987709
482.75000000000045,2.9469492635058865,4.025774163161518
482.77500000000043,2.8084592545371567,3.9245547175362727
482.8000000000004,2.8084592545371567,4.015034268772612
482.82500000000044,2.7140050853726625,3.470078773888416
482.8500000000004,2.7140050853726625,3.7336698985511747
482.87500000000045,2.648373323094573,3.3425891350539416
482.90000000000043,2.648373323094573,3.358483046196585
482.9250000000004,2.5738132523745865,3.4347156079663757
482.95000000000044,2.5738132523745865,3.5650564297903293
482.9750000000004,2.5088994273899115,3.4559698768835405
483.00000000000045,2.5088994273899115,3.4625527799835005
483.02500000000043,2.4348214117229565,3.464369421942399
483.0500000000004,2.4348214117229565,3.3978157496878896
483.07500000000044,2.427468375835139,3.945849950924329
483.1000000000004,2.427468375835139,3.989788401753359
483.12500000000045,2.530040747375379,3.8236226712230463
483.15000000000043,2.530040747375379,3.924183628531762
483.1750000000004,2.675264273762153,3.4367859513980648
483.20000000000044,2.675264273762153,4.050159930755258
483.2250000000004,2.964247507407213,3.9941519705470654
483.25000000000045,2.964247507407213,3.876538819640469
483.27500000000043,3.2358066299317394,3.721777370922361
483.3000000000004,3.2358066299317394,3.7143203226947064
483.32500000000044,3.4592836326994987,4.070045938950706
483.3500000000004,3.4592836326994987,4.053033426412336
483.37500000000045,3.602503272957637,4.139001461754715
483.40000000000043,3.602503272957637,4.163255469780237
483.4250000000004,3.741397425827267,4.127896183657302
483.45000000000044,3.741397425827267,4.174862677344345
483.4750000000004,3.9399139641805374,4.177757822454453
483.50000000000045,3.9399139641805374,4.193024906900525
483.52500000000043,4.048640879816051,4.024578966370003
483.5500000000004,4.048640879816051,4.239289726586292
483.57500000000044,4.144523414837279,4.425022013744338
483.6000000000004,4.144523414837279,4.425930981476381
483.62500000000045,4.344520066537467,4.368101318605457
483.65000000000043,4.344520066537467,4.56157045968688
483.6750000000004,4.526117593634058,4.300316438059643
483.70000000000044,4.526117593634058,3.584527703436349
483.7250000000004,4.6326103114882855,3.5910382045086573
483.75000000000045,4.6326103114882855,3.826612554490631
483.77500000000043,4.718738396291147,3.8747167452623326
483.8000000000004,4.718738396291147,3.6885450755580416
483.82500000000044,4.76702515882512,3.6281520034466017
483.8500000000004,4.76702515882512,3.585460925977289
483.87500000000045,4.834169639658945,3.781707152875951
483.90000000000043,4.834169639658945,3.883803108440615
483.9250000000004,4.896722254047536,3.8184290611680916
483.95000000000044,4.896722254047536,3.6980670647757132
483.9750000000004,4.820067020302657,3.776731911483318
484.00000000000045,4.820067020302657,3.8243115642751997
484.02500000000043,4.657125167705687,3.7660528679173257
484.0500000000004,4.657125167705687,5.226061320798246
484.07500000000044,4.567654768469713,5.237690943882992
484.1000000000004,4.567654768469713,5.049174057824612
484.12500000000045,4.554280462152051,4.91962170331856
484.15000000000043,4.554280462152051,5.464667246207321
484.1750000000004,4.518481670048868,5.126789985817964
484.20000000000044,4.518481670048868,5.379843011965449
484.2250000000004,4.562930772338978,5.349737830456526
484.25000000000045,4.562930772338978,4.847407821255005
484.27500000000043,4.647855481049589,4.869765233970507
484.3000000000004,4.647855481049589,4.659931566727313
484.32500000000044,4.710156182162716,4.412520526066523
484.3500000000004,4.710156182162716,4.4778227681673615
484.37500000000045,4.80544131931978,4.254384150069843
484.40000000000043,4.80544131931978,4.252926314539389
484.4250000000004,4.875531187580752,3.9906997243222992
484.45000000000044,4.875531187580752,6.8812841892281975
484.4750000000004,4.990131257361279,6.185685608836536
484.50000000000045,4.990131257361279,6.112382500402139
484.52500000000043,5.003266700704546,4.6245366348662476
484.5500000000004,5.003266700704546,6.795619514106827
484.57500000000044,4.927106843774993,6.7823183396838
484.6000000000004,4.927106843774993,7.099249426851617
484.62500000000045,4.900471788833958,6.198116998399071
484.65000000000043,4.900471788833958,6.179926346534926
484.6750000000004,4.8449927172992,4.388144068706902
484.70000000000044,4.8449927172992,4.88449403914154
484.7250000000004,4.680264536942036,12.459183663246561
484.75000000000045,4.680264536942036,13.699061135083275
484.77500000000043,4.536255820129188,12.063233430353657
484.8000000000004,4.536255820129188,14.00723577117649
484.82500000000044,4.330121528002636,13.505512433376452
484.8500000000004,4.330121528002636,13.587457673700468
484.87500000000045,4.135510628881932,13.657436025967714
484.90000000000043,4.135510628881932,13.82449406258843
484.9250000000004,4.046884522164133,6.432645307759639
484.95000000000044,4.046884522164133,6.365651240836516
484.9750000000004,3.977077914973465,5.831296345468262
485.00000000000045,3.977077914973465,6.314954602158915
485.02500000000043,3.948894205578447,6.296005024104658
485.0500000000004,3.948894205578447,6.305349328612641
485.07500000000044,4.016440561795948,6.1559464457135675
485.1000000000004,4.016440561795948,4.780242469002547
485.12500000000045,3.9671467688531994,4.489345834473309
485.15000000000043,3.9671467688531994,3.9190005427197834
485.1750000000004,3.9832599548789567,4.045028339591636
485.20000000000044,3.9832599548789567,4.8539717219902165
485.2250000000004,3.9797618626710816,5.053878648604961
485.25000000000045,3.9797618626710816,4.705084323911922
485.27500000000043,3.867720485902599,4.640623468191938
485.3000000000004,3.867720485902599,4.934536853610616
485.32500000000044,3.752167675798772,5.214101701236541
485.3500000000004,3.752167675798772,5.0063010811889885
485.37500000000045,3.62620998658084,5.838530522627639
485.40000000000043,3.62620998658084,5.7862398972789775
485.4250000000004,3.634883410357258,5.021633440177921
485.45000000000044,3.634883410357258,5.004540427057365
485.4750000000004,3.696836459850803,5.129803596189292
485.50000000000045,3.696836459850803,5.070167053239864
485.52500000000043,3.670490689317844,4.528697703647948
485.5500000000004,3.670490689317844,4.275648206952125
485.57500000000044,3.528188714448366,4.423503079136796
485.6000000000004,3.528188714448366,4.424401201192335
485.62500000000045,3.236545402490898,4.38576438587547
485.65000000000043,3.236545402490898,4.549323804860915
485.6750000000004,2.781735543898571,4.433315059836378
485.70000000000044,2.781735543898571,4.421021129292733
485.7250000000004,2.3074182669251626,4.406099210011209
485.75000000000045,2.3074182669251626,4.3595159842589215
485.77500000000043,1.8182129511542608,4.447841435465651
485.8000000000004,1.8182129511542608,3.457988590338439
485.82500000000044,1.4475181505908556,3.764057575918299
485.8500000000004,1.4475181505908556,3.8199784836491415
485.87500000000045,1.1265214458059143,3.8164912670738045
485.90000000000043,1.1265214458059143,3.7674057142561894
485.9250000000004,0.7838509456758809,5.915048970044893
485.95000000000044,0.7838509456758809,5.6748418865891646
485.9750000000004,0.6087629250358969,5.625170122754026
486.00000000000045,0.6087629250358969,5.594677971359444
486.02500000000043,0.5418521667219789,2.977031300983437
486.0500000000004,0.5418521667219789,2.9908789145991928
486.07500000000044,0.4872125209700104,2.9145735856577684
486.1000000000004,0.4872125209700104,2.6887033735675776
486.12500000000045,0.5545969292744838,2.5564277655285124
486.15000000000043,0.5545969292744838,2.566539628283694
486.1750000000004,0.4964626719533594,2.601189928970834
486.20000000000044,0.4964626719533594,2.5017895203246523
486.2250000000004,0.3984012328359244,2.5308413600970674
486.25000000000045,0.3984012328359244,2.4878640798840865
486.27500000000043,0.6364174532886417,2.583686709841984
486.3000000000004,0.6364174532886417,2.469023364231164
486.32500000000044,0.693101483679313,2.4399201080405217
486.3500000000004,0.693101483679313,2.538909128537939
486.37500000000045,0.7714376112895379,2.483931070142204
486.40000000000043,0.7714376112895379,2.466457617396534
486.4250000000004,0.7267830808723461,2.466457617396534
486.45000000000044,0.7267830808723461,2.1821084649547533
486.4750000000004,0.7644891253085574,2.2254144480260334
486.50000000000045,0.7644891253085574,2.0280051714448075
486.52500000000043,0.9277487287060262,2.1777551126989514
486.5500000000004,0.9277487287060262,2.117494070267649
486.57500000000044,1.2020090668288423,2.078370853142518
486.6000000000004,1.2020090668288423,2.1035169845907564
486.62500000000045,1.4436469188467536,2.1559392399259094
486.65000000000043,1.4436469188467536,2.0959679856820337
486.6750000000004,1.801344835149587,2.0552506009566414
486.70000000000044,1.801344835149587,2.265903096573567
486.7250000000004,2.1877305002471523,2.4150262852334685
486.75000000000045,2.1877305002471523,2.402986415982874
486.77500000000043,2.51785790603092,2.4283566030686505
486.8000000000004,2.51785790603092,2.5444382023018677
486.82500000000044,2.7991738033401226,2.6085069525326743
486.8500000000004,2.7991738033401226,2.620132190839829
486.87500000000045,3.037372045644735,2.822432379021328
486.90000000000043,3.037372045644735,3.0478915587014717
486.9250000000004,3.203208253962991,3.084244163273559
486.95000000000044,3.203208253962991,3.161152926423461
486.9750000000004,3.4380901449504147,3.3482898810494106
487.00000000000045,3.4380901449504147,3.230940175423967
487.02500000000043,3.650107767774248,4.4392602967142825
487.0500000000004,3.650107767774248,4.614451265624554
487.07500000000044,3.8361855129084814,4.904513793335301
487.1000000000004,3.8361855129084814,4.917907797484137
487.12500000000045,3.9652080648692816,4.676014641125667
487.15000000000043,3.9652080648692816,4.679955027876854
487.1750000000004,4.00911727459694,4.808691266053435
487.20000000000044,4.00911727459694,5.021484072351647
487.2250000000004,4.079648824703434,4.969008330191354
487.25000000000045,4.079648824703434,4.99220401832306
487.27500000000043,4.11905417850175,4.979461669820756
487.3000000000004,4.11905417850175,4.950610809178702
487.32500000000044,3.960165908248333,4.950610809178702
487.3500000000004,3.960165908248333,5.123052690894528
487.37500000000045,3.976007735099189,5.615276325500055
487.40000000000043,3.976007735099189,5.555239819375413
487.4250000000004,4.147890435917474,4.715813655296002
487.45000000000044,4.147890435917474,4.615737493412913
487.4750000000004,4.281652770512978,4.613960519003092
487.50000000000045,4.281652770512978,4.631862596936848
487.52500000000043,4.335788876232137,4.620129141538415
487.5500000000004,4.335788876232137,4.6515975384313775
487.57500000000044,4.497093442391539,4.684941538402674
487.6000000000004,4.497093442391539,4.7761215477144034
487.62500000000045,4.641370690609257,4.879159697732669
487.65000000000043,4.641370690609257,5.020920295445924
487.6750000000004,4.776982676533733,5.059841998389955
487.70000000000044,4.776982676533733,5.04867780898795
487.7250000000004,4.877537702319713,5.413441826995513
487.75000000000045,4.877537702319713,5.424133674545231
487.77500000000043,5.008260006148914,5.573213239576316
487.8000000000004,5.008260006148914,5.193413647456941
487.82500000000044,5.102684942671712,5.226329424596953
487.8500000000004,5.102684942671712,5.4473367183821235
487.87500000000045,5.110499323129757,5.220251880854602
487.90000000000043,5.110499323129757,5.5051789211575235
487.9250000000004,5.050646298680326,5.330204730865825
487.95000000000044,5.050646298680326,5.103958910348287
487.9750000000004,5.015268825786901,5.09620273116464
488.00000000000045,5.015268825786901,5.062404217517542
488.02500000000043,4.972701861551259,5.084103429323595
488.0500000000004,4.972701861551259,5.0928667592998815
488.07500000000044,4.842480789819207,4.695112460164117
488.1000000000004,4.842480789819207,4.6725414383640675
488.12500000000045,4.783675767626256,4.640988128501911
488.15000000000043,4.783675767626256,4.640988128501911
488.1750000000004,4.607046150013743,4.6808224028584595
488.20000000000044,4.607046150013743,4.674748854824867
488.2250000000004,4.48083070056329,4.619637802389852
488.25000000000045,4.48083070056329,4.412684399444052
488.27500000000043,4.389151832291078,4.337306170533003
488.3000000000004,4.389151832291078,4.291457626822174
488.32500000000044,4.32118617629988,4.239940039252266
488.3500000000004,4.32118617629988,4.535441786291304
488.37500000000045,4.250688840287601,4.527886868757928
488.40000000000043,4.250688840287601,4.459649120166859
488.4250000000004,4.14232261691477,4.401994720481071
488.45000000000044,4.14232261691477,4.367392255589625
488.4750000000004,3.848151967405875,4.39838822161742
488.50000000000045,3.848151967405875,4.418850255320238
488.52500000000043,3.4459402959025165,4.229406370860367
488.5500000000004,3.4459402959025165,4.15020455566654
488.57500000000044,3.045052386192811,3.4062103290527843
488.6000000000004,3.045052386192811,3.3078838126884302
488.62500000000045,2.77152030419897,3.217624749973413
488.65000000000043,2.77152030419897,3.0297785906254844
488.6750000000004,2.702632649078305,3.684589780385817
488.70000000000044,2.702632649078305,3.6976362326650087
488.7250000000004,2.613343877333735,3.8154534844539314
488.75000000000045,2.613343877333735,3.7575168361695592
488.77500000000043,2.6476904226005216,3.9508123222699756
488.8000000000004,2.6476904226005216,3.9077298560218425
488.82500000000044,2.494403352324341,3.883529921320544
488.8500000000004,2.494403352324341,4.3555523295319
488.87500000000045,2.456930370977646,4.357630488990617
488.90000000000043,2.456930370977646,3.168098856123915
488.9250000000004,2.6377965195348247,2.865006807957097
488.95000000000044,2.6377965195348247,2.656773346253079
488.9750000000004,2.869293986529541,2.4842358914898846
489.00000000000045,2.869293986529541,2.4842358914898846
489.02500000000043,2.979580425394152,2.499505990401679
489.0500000000004,2.979580425394152,2.43618177228872
489.07500000000044,2.994439675720804,2.4617801932171277
489.1000000000004,2.994439675720804,2.3629435312048996
489.12500000000045,2.958892162741918,2.343450148248982
489.15000000000043,2.958892162741918,2.6550961002485765
489.1750000000004,3.0500729089867984,2.6306566059885443
489.20000000000044,3.0500729089867984,2.5935947945438316
489.2250000000004,3.1448792361773843,2.51194762954466
489.25000000000045,3.1448792361773843,2.54040882990223
489.27500000000043,3.2260395729432205,2.8053004854246337
489.3000000000004,3.2260395729432205,2.915110103298417
489.32500000000044,3.1382950593309253,2.9436898714763853
489.3500000000004,3.1382950593309253,2.6995467417793044
489.37500000000045,3.2296411207096662,2.836314909037252
489.40000000000043,3.2296411207096662,3.0976609174975165
489.4250000000004,3.42570553310202,3.468602605626158
489.45000000000044,3.42570553310202,3.271742617092442
489.4750000000004,3.7438329662775978,2.9817492778588264
489.50000000000045,3.7438329662775978,2.956624548839727
489.52500000000043,4.0290689178027375,3.942662435291674
489.5500000000004,4.0290689178027375,3.6681161374302196
489.57500000000044,4.245741212201053,3.6484485067954724
489.6000000000004,4.245741212201053,2.812568060697647
489.62500000000045,4.462418934955887,2.991468154208212
489.65000000000043,4.462418934955887,3.2789861928796507
489.6750000000004,4.614358786759886,3.0961539060043552
489.70000000000044,4.614358786759886,3.2769209121026113
489.7250000000004,4.729945075443992,4.353713825486098
489.75000000000045,4.729945075443992,3.7793731171104397
489.77500000000043,4.770444340274902,3.8360975329635494
489.8000000000004,4.770444340274902,4.384446596791233
489.82500000000044,4.8564704893029536,4.503233685557476
489.8500000000004,4.8564704893029536,6.264713366862775
489.87500000000045,5.051591356928677,7.273244050951069
489.90000000000043,5.051591356928677,7.053633680441895
489.9250000000004,5.259522993924597,6.538458153500159
489.95000000000044,5.259522993924597,6.493739103696701
489.9750000000004,5.494355835617225,6.251539323762204
490.00000000000045,5.494355835617225,3.890337697625266
490.02500000000043,5.77694026615215,4.020343777680982
490.0500000000004,5.77694026615215,4.026068845135619
490.07500000000044,5.934079841482642,4.047644862909072
490.1000000000004,5.934079841482642,7.23065448861116
490.12500000000045,6.17984972225853,8.409281535220227
490.15000000000043,6.17984972225853,8.474101184132206
490.1750000000004,6.486352851233026,8.280473360050742
490.20000000000044,6.486352851233026,8.732284464415482
490.2250000000004,6.785614782074857,8.388539542555868
490.25000000000045,6.785614782074857,7.921409916992933
490.27500000000043,6.994512204181944,8.151312149491691
490.3000000000004,6.994512204181944,8.25095469251775
490.32500000000044,7.1233178418329794,8.255494174318349
490.3500000000004,7.1233178418329794,4.720276685285837
490.37500000000045,7.2197440285682815,4.392119663715971
490.40000000000043,7.2197440285682815,8.272531774780587
490.4250000000004,7.205155650371588,8.52471581927248
490.45000000000044,7.205155650371588,8.75325908786521
490.4750000000004,7.36835481227926,8.896982562818962
490.50000000000045,7.36835481227926,8.987086119119347
490.52500000000043,7.649706185348799,8.74045738309047
490.5500000000004,7.649706185348799,8.30273655082288
490.57500000000044,7.960145775242339,11.760714511935667
490.6000000000004,7.960145775242339,12.082801473100215
490.62500000000045,8.315453755193966,11.506460467784786
490.65000000000043,8.315453755193966,11.602727685479183
490.6750000000004,8.546748154534617,11.415981093621951
490.70000000000044,8.546748154534617,11.224533195812203
490.7250000000004,8.719484868362095,11.784418297678851
490.75000000000045,8.719484868362095,11.624808413335682
490.77500000000043,8.836401488480496,10.431794548997214
490.8000000000004,8.836401488480496,11.325345823928378
490.82500000000044,8.908092429759035,10.758306445488723
490.8500000000004,8.908092429759035,7.366089592758408
490.87500000000045,8.991844261667255,7.3324648804303285
490.90000000000043,8.991844261667255,7.114761309414948
490.9250000000004,9.273224765716472,7.34581727205708
490.95000000000044,9.273224765716472,7.48305020661335
490.9750000000004,9.685319927552383,7.492738182215927
491.00000000000045,9.685319927552383,8.817023336328575
491.02500000000043,10.21319969800148,7.4475381652487025
491.0500000000004,10.21319969800148,7.495914946310956
491.07500000000044,10.80494415435324,8.545362977532552
491.1000000000004,10.80494415435324,9.035696563780023
491.12500000000045,11.412207220715862,9.330177747305008
491.15000000000043,11.412207220715862,10.364105894946686
491.1750000000004,12.007178938089154,10.350387728906604
491.20000000000044,12.007178938089154,11.351431616450839
491.2250000000004,12.74786488756645,11.074489716039182
491.25000000000045,12.74786488756645,12.046410508365728
491.27500000000043,13.293510584894031,12.037038887815127
491.3000000000004,13.293510584894031,11.842772980028696
491.32500000000044,13.921232349081745,11.66209033480108
491.3500000000004,13.921232349081745,10.436863397935824
491.37500000000045,14.587459222397896,10.282404203177371
491.40000000000043,14.587459222397896,11.053893135364383
491.4250000000004,15.065048983782187,11.03969192264891
491.45000000000044,15.065048983782187,12.331345328158841
491.4750000000004,15.649904810871307,13.003714748528298
491.50000000000045,15.649904810871307,13.045239698487153
491.52500000000043,16.214000856490134,13.692787438048695
491.5500000000004,16.214000856490134,13.529975372813087
491.57500000000044,16.828315091841247,13.618443747935787
491.6000000000004,16.828315091841247,13.359245941803724
491.62500000000045,17.51089195964315,13.401251546116386
491.65000000000043,17.51089195964315,13.284294791012794
491.6750000000004,18.19418910830184,13.451125191696372
491.70000000000044,18.19418910830184,13.738312197476441
491.7250000000004,18.73125579334473,12.78427426350327
491.75000000000045,18.73125579334473,13.107139396559447
491.77500000000043,19.258546760655424,13.365211655146634
491.8000000000004,19.258546760655424,13.227425671913808
491.82500000000044,19.89910235319205,15.776263141335644
491.8500000000004,19.89910235319205,17.231136529138993
491.87500000000045,20.7735789438424,18.21536227262695
491.90000000000043,20.7735789438424,18.625140727443437
491.9250000000004,21.657502539778,18.519863603479823
491.95000000000044,21.657502539778,19.16774300204318
491.9750000000004,22.54671874610127,12.867505226275227
492.00000000000045,22.54671874610127,13.227403453042179
492.02500000000043,23.32741667165382,19.348360211768778
492.0500000000004,23.32741667165382,20.150015262283024
492.07500000000044,23.49790406638273,18.978920761427123
492.1000000000004,23.49790406638273,18.480207859152355
492.12500000000045,23.5070965915699,19.288311898907374
492.15000000000043,23.5070965915699,19.27377319526731
492.1750000000004,23.53191818394361,19.587117599352514
492.20000000000044,23.53191818394361,19.423596313310092
492.2250000000004,23.507838817846466,18.667091728558454
492.25000000000045,23.507838817846466,19.024905040091618
492.27500000000043,23.59349786418285,19.05753203572648
492.3000000000004,23.59349786418285,19.112110820586874
492.32500000000044,23.643654385406997,18.79420612666103
492.3500000000004,23.643654385406997,19.062460379322825
492.37500000000045,23.624960361110592,19.0524056799718
492.40000000000043,23.624960361110592,19.77764273729794
492.4250000000004,23.49290395855636,19.126437118219805
492.45000000000044,23.49290395855636,18.810008304780904
492.4750000000004,23.347108074856944,19.117456074710198
492.50000000000045,23.347108074856944,18.693014307901866
492.52500000000043,23.123270914475647,19.077833342033024
492.5500000000004,23.123270914475647,19.319269467999455
492.57500000000044,22.89396847264588,19.20491014169653
492.6000000000004,22.89396847264588,19.485296021208377
492.62500000000045,22.5508694461722,19.737610870220877
492.65000000000043,22.5508694461722,19.77751872697999
492.6750000000004,22.245296485797606,19.946258288319793
492.70000000000044,22.245296485797606,20.037373800250695
492.7250000000004,21.82916495768715,18.34037808520718
492.75000000000045,21.82916495768715,18.36220632835948
492.77500000000043,21.3463459843208,18.46786485360943
492.8000000000004,21.3463459843208,18.46112024599751
492.82500000000044,20.840268058747498,18.810705048832325
492.8500000000004,20.840268058747498,19.17654950418266
492.87500000000045,20.20586813591118,19.26433505199816
492.90000000000043,20.20586813591118,18.78324414206357
492.9250000000004,19.61131004501584,18.763556825243747
492.95000000000044,19.61131004501584,18.779373100353144
492.9750000000004,18.951067634395127,19.64968242185444
493.00000000000045,18.951067634395127,19.781161350627073
493.02500000000043,18.360864360133203,19.60120114919233
493.0500000000004,18.360864360133203,19.777185595716723
493.07500000000044,17.840483145818133,20.035370532052706
493.1000000000004,17.840483145818133,19.793006427736103
493.12500000000045,17.317878515138368,19.996289144962834
493.15000000000043,17.317878515138368,18.114483726001698
493.1750000000004,16.89479546501384,18.133700646521767
493.20000000000044,16.89479546501384,18.279198875048266
493.2250000000004,16.63679024089056,18.227295481599548
493.25000000000045,16.63679024089056,18.24190847376713
493.27500000000043,16.40225275551785,18.246632679531942
493.3000000000004,16.40225275551785,18.028838503549437
493.32500000000044,16.16542390811322,17.967418699287208
493.3500000000004,16.16542390811322,17.88428708617491
493.37500000000045,15.79791573201751,18.287224653262605
493.40000000000043,15.79791573201751,17.761168236950333
493.42500000000047,15.392570354069107,17.74249278327969
493.45000000000044,15.392570354069107,17.896554498047855
493.4750000000004,15.026885880397128,18.181570047948735
493.50000000000045,15.026885880397128,16.52767996163246
493.52500000000043,14.439874832876573,12.85863122398936
493.55000000000047,14.439874832876573,11.517451944825487
493.57500000000044,13.855952578644324,11.520187731113287
493.6000000000004,13.855952578644324,11.94703168617646
493.62500000000045,13.203662496199414,11.98493417952481
493.65000000000043,13.203662496199414,11.82985546364888
493.67500000000047,12.482152172805025,11.438386243422144
493.70000000000044,12.482152172805025,11.477618132436518
493.7250000000004,11.880391172673768,11.896461352935077
493.75000000000045,11.880391172673768,11.733802310451066
493.77500000000043,11.17085419629814,11.710109276848895
493.80000000000047,11.17085419629814,11.784218977611758
493.82500000000044,10.500057306732003,11.504566476567202
493.8500000000004,10.500057306732003,11.572631218387176
493.87500000000045,9.894928752269596,11.199689558780848
493.90000000000043,9.894928752269596,11.459078429265947
493.92500000000047,9.209715961172712,11.344937807192759
493.95000000000044,9.209715961172712,10.975992815323234
493.9750000000004,8.577633199820092,10.703611678387063
494.00000000000045,8.577633199820092,9.806725453705539
494.02500000000043,8.038947830300005,9.044714809085287
494.05000000000047,8.038947830300005,9.479123500983754
494.07500000000044,7.512467546618618,9.226378237673226
494.1000000000004,7.512467546618618,9.055686515113639
494.12500000000045,6.989864421373723,8.422501156643273
494.15000000000043,6.989864421373723,8.069285483179705
494.17500000000047,6.562553421382952,7.037197758621749
494.20000000000044,6.562553421382952,4.638293350463839
494.2250000000004,6.128453252644459,5.11391308451503
494.25000000000045,6.128453252644459,5.134146766225366
494.27500000000043,5.658027380223828,4.684409784713254
494.30000000000047,5.658027380223828,4.842821205651369
494.32500000000044,5.136325240490413,4.859330159712164
494.3500000000004,5.136325240490413,4.87132706380874
494.37500000000045,4.620940558358518,4.807555063507478
494.40000000000043,4.620940558358518,4.722359830592564
494.42500000000047,4.366862389841038,4.170323964310988
494.45000000000044,4.366862389841038,4.149440644436488
494.4750000000004,4.074959412990541,3.9733501318088
494.50000000000045,4.074959412990541,3.88639428061193
494.52500000000043,4.010879710331247,3.6887711339261036
494.55000000000047,4.010879710331247,3.927205764866505
494.57500000000044,4.010753733756829,3.9044083679075943
494.6000000000004,4.010753733756829,3.865808429638384
494.62500000000045,4.003405182252205,3.8288651981772777
494.65000000000043,4.003405182252205,3.8288651981772777
494.67500000000047,3.9687310591376663,3.8288651981772777
494.70000000000044,3.9687310591376663,5.137432335599219
494.7250000000004,3.98573752650052,4.97500848019929
494.75000000000045,3.98573752650052,4.7763130203395425
494.77500000000043,3.9794438470360847,4.452603723737897
494.80000000000047,3.9794438470360847,4.941240369702445
494.82500000000044,3.999244712620524,4.977332155111343
494.8500000000004,3.999244712620524,4.953832571482308
494.87500000000045,3.95168902476416,5.0170103651959606
494.90000000000043,3.95168902476416,5.028478535646306
494.92500000000047,3.937700041162216,5.031192201302556
494.95000000000044,3.937700041162216,4.970757245633244
494.9750000000004,3.801053955581496,4.572506646396864
495.00000000000045,3.801053955581496,4.275550179617352
495.02500000000043,3.659739437154978,4.647782427543969
495.05000000000047,3.659739437154978,4.676585693351543
495.07500000000044,3.3312453810623603,4.608283743375488
495.1000000000004,3.3312453810623603,4.68015843406775
495.12500000000045,3.2976411393039804,4.548635050857024
495.15000000000043,3.2976411393039804,4.422153095952046
495.17500000000047,3.1540213741119607,4.376423306132391
495.20000000000044,3.1540213741119607,4.424515333856501
495.2250000000004,3.0361355112879225,4.364371377991318
495.25000000000045,3.0361355112879225,4.436312726555238
495.27500000000043,3.0278830713099905,4.4905606237025495
495.30000000000047,3.0278830713099905,4.4905606237025495
495.32500000000044,3.032915912639192,4.486000246965963
495.3500000000004,3.032915912639192,4.526609207798019
495.37500000000045,3.103041272881108,4.490865791733956
495.40000000000043,3.103041272881108,4.452611244208751
495.42500000000047,3.125216307642219,4.403331763729845
495.45000000000044,3.125216307642219,4.501668749595708
495.4750000000004,3.061271886774608,4.1615355028393655
495.50000000000045,3.061271886774608,4.1615355028393655
495.52500000000043,2.902717929778344,4.69813286087037
495.55000000000047,2.902717929778344,5.104571569301102
495.57500000000044,2.7594315180029447,5.104571569301102
495.6000000000004,2.7594315180029447,4.625554250678467
495.62500000000045,2.8225225865014743,5.174221094186545
495.65000000000043,2.8225225865014743,4.717106090253535
495.67500000000047,2.643508728392711,4.806052787219417
495.70000000000044,2.643508728392711,4.675541840766277
495.7250000000004,2.390937706685488,4.665835515666676
495.75000000000045,2.390937706685488,4.691243025590113
495.77500000000043,2.168598683070019,4.692549076913334
495.80000000000047,2.168598683070019,4.767428106075937
495.82500000000044,2.105935950208951,4.868894980925711
495.8500000000004,2.105935950208951,4.210927039916286
495.87500000000045,2.20369080491474,4.235454420203667
495.90000000000043,2.20369080491474,4.4976202643709975
495.92500000000047,2.1553777369923104,4.860180114503211
495.95000000000044,2.1553777369923104,4.52353307470735
495.9750000000004,2.221169203997008,4.2629095931423375
496.00000000000045,2.221169203997008,4.143158601409954
496.02500000000043,2.32478748749245,4.018763888127239
496.05000000000047,2.32478748749245,3.97093502826135
496.07500000000044,2.3542057081112064,4.180282431533404
496.1000000000004,2.3542057081112064,4.107881291279298
496.12500000000045,2.454602072843852,4.226697831143999
496.15000000000043,2.454602072843852,4.347293020890319
496.17500000000047,2.564621402711099,4.285733618283058
496.20000000000044,2.564621402711099,4.505818212448279
496.2250000000004,2.705946295506339,4.410065788284473
496.25000000000045,2.705946295506339,4.058204691557096
496.27500000000043,2.834897243761289,3.878380410932159
496.30000000000047,2.834897243761289,3.878380410932159
496.32500000000044,2.8458355959815,3.8170661916599817
496.3500000000004,2.8458355959815,3.777727749928366
496.37500000000045,2.836989631260678,3.7902223800847743
496.40000000000043,2.836989631260678,3.8288452574084952
496.42500000000047,2.9743488471613806,3.7479080786421917
496.45000000000044,2.9743488471613806,3.7195298195319113
496.4750000000004,3.1404378763379635,3.4953023781792836
496.50000000000045,3.1404378763379635,3.6206902278317443
496.52500000000043,3.260108836221113,3.6381348494627277
496.55000000000047,3.260108836221113,3.6450152212124736
496.57500000000044,3.209094948714503,4.148105848548981
496.6000000000004,3.209094948714503,3.729301432864025
496.62500000000045,3.1913377713676296,3.6858098507438717
496.65000000000043,3.1913377713676296,3.7152895575562996
496.67500000000047,3.216211884289968,3.749346694065673
496.70000000000044,3.216211884289968,3.501892677177562
496.7250000000004,3.2616550405504383,3.4692501036829264
496.75000000000045,3.2616550405504383,3.7346424848908466
496.77500000000043,3.3108381106626434,3.748451077340787
496.80000000000047,3.3108381106626434,3.693421663337651
496.82500000000044,3.3993697829231144,3.8071408913170126
496.8500000000004,3.3993697829231144,3.9995593154506865
496.87500000000045,3.436290770726976,3.977097433319482
496.90000000000043,3.436290770726976,4.189465301267628
496.92500000000047,3.4805053008348144,4.255294623411908
496.95000000000044,3.4805053008348144,4.340648182377482
496.9750000000004,3.657777587390376,4.609662086687435
497.00000000000045,3.657777587390376,4.699787615524179
497.02500000000043,3.880841782650786,6.3202048822101595
497.05000000000047,3.880841782650786,6.32371800147701
497.07500000000044,4.050819418023837,6.6954903877192145
497.1000000000004,4.050819418023837,4.803323976710603
497.12500000000045,4.232313855357607,4.812773172729657
497.15000000000043,4.232313855357607,5.5541228926840835
497.17500000000047,4.353161421411405,4.783419485720355
497.20000000000044,4.353161421411405,4.823990691659921
497.2250000000004,4.523000135443999,9.496249010410812
497.25000000000045,4.523000135443999,9.627543065441625
497.27500000000043,4.616853339932163,9.688822549279843
497.30000000000047,4.616853339932163,9.61109111266901
497.32500000000044,4.691604398906884,9.437799188836168
497.3500000000004,4.691604398906884,9.376290948392706
497.37500000000045,4.76915570454633,10.040879241149456
497.40000000000043,4.76915570454633,9.877463857402544
497.42500000000047,4.809737953637667,7.232417655128354
497.45000000000044,4.809737953637667,9.510811803837491
497.4750000000004,4.9626002430255625,5.399493676146625
497.50000000000045,4.9626002430255625,5.324628054714543
497.52500000000043,5.097075612969585,9.599495001142753
497.55000000000047,5.097075612969585,9.836252311155231
497.57500000000044,5.242755364066455,9.931404570144643
497.6000000000004,5.242755364066455,10.950734629881374
497.62500000000045,5.389026843744719,10.52666725578749
497.65000000000043,5.389026843744719,10.603375073609543
497.67500000000047,5.503714888003854,7.344657446754297
497.70000000000044,5.503714888003854,6.134650642806758
497.7250000000004,5.642111171816326,6.078346027612721
497.75000000000045,5.642111171816326,6.203083477374767
497.77500000000043,5.753085583046726,5.688267872132273
497.80000000000047,5.753085583046726,5.325980028171116
497.82500000000044,5.845952557922829,5.712615669291011
497.8500000000004,5.845952557922829,5.699642359744681
497.87500000000045,5.948954981130199,5.737706693622625
497.90000000000043,5.948954981130199,5.715885974619011
497.92500000000047,6.007798372574342,5.8172117736194755
497.95000000000044,6.007798372574342,4.901531418288541
497.9750000000004,6.046298774056259,5.033761190928907
498.00000000000045,6.046298774056259,5.016756722257762
498.02500000000043,6.058745174966945,5.157781840911238
498.05000000000047,6.058745174966945,5.04218140671551
498.07500000000044,6.04338031574961,7.66726985120757
498.1000000000004,6.04338031574961,7.483133580448308
498.12500000000045,6.0767644189840615,7.586951936335579
498.15000000000043,6.0767644189840615,7.5236996819646205
498.17500000000047,6.103872961461863,7.444222350706812
498.20000000000044,6.103872961461863,7.002365895989127
498.2250000000004,6.139702870887106,7.427121270712173
498.25000000000045,6.139702870887106,7.43074354221272
498.27500000000043,6.113468169200587,6.642946404334573
498.30000000000047,6.113468169200587,6.169143419613342
498.32500000000044,6.132295472288924,6.60522570536903
498.3500000000004,6.132295472288924,6.288354750424894
498.37500000000045,6.1457754106794695,6.297503044654297
498.40000000000043,6.1457754106794695,7.376282284943159
498.42500000000047,6.103944867233897,7.371869827044055
498.45000000000044,6.103944867233897,7.56496047489283
498.4750000000004,6.190772529827527,5.266247062085555
498.50000000000045,6.190772529827527,6.553522602665389
498.52500000000043,6.27964562917676,6.362370349223188
498.55000000000047,6.27964562917676,6.265649249610166
498.57500000000044,6.376445343290992,6.284372397106909
498.6000000000004,6.376445343290992,6.314638112815637
498.62500000000045,6.474824634729684,6.378230692766854
498.65000000000043,6.474824634729684,6.416220875346084
498.67500000000047,6.559028821212419,6.492215555768568
498.70000000000044,6.559028821212419,6.377513720116863
498.7250000000004,6.640630366649115,6.040575601335695
498.75000000000045,6.640630366649115,6.289911704244706
498.77500000000043,6.699430090657518,6.01730350905635
498.80000000000047,6.699430090657518,6.225839272484126
498.82500000000044,6.759395249836775,6.175846393019517
498.8500000000004,6.759395249836775,6.147920158866148
498.87500000000045,6.798362044494853,6.2859689145040605
498.90000000000043,6.798362044494853,6.2032954907765
498.92500000000047,6.849623877549807,5.913387236180102
498.95000000000044,6.849623877549807,5.566930450856116
498.9750000000004,6.881581183814824,5.54257308699948
499.00000000000045,6.881581183814824,5.917217154308518
499.02500000000043,6.929764670393245,5.981197819214162
499.05000000000047,6.929764670393245,6.0409944658633075
499.07500000000044,6.972650288059204,6.575085567186133
499.1000000000004,6.972650288059204,6.370190424260054
499.12500000000045,7.025177031737541,6.511933950145505
499.15000000000043,7.025177031737541,6.511933950145505
499.17500000000047,7.075199705138702,6.821480221639398
499.20000000000044,7.075199705138702,6.4071860521231665
499.2250000000004,7.091435397051738,6.482740206236661
499.25000000000045,7.091435397051738,6.728315362831938
499.27500000000043,7.110941912185051,6.348256724168498
499.30000000000047,7.110941912185051,6.464032091610344
499.32500000000044,7.159121136371089,6.523982088866762
499.3500000000004,7.159121136371089,7.248712437752861
499.37500000000045,7.218157893418786,7.011852776148472
499.40000000000043,7.218157893418786,9.69472969720025
499.42500000000047,7.273243718767628,9.815604490916664
499.45000000000044,7.273243718767628,5.731495941960537
499.4750000000004,7.350147766195766,5.3771637941212225
499.50000000000045,7.350147766195766,5.403225253796013
499.52500000000043,7.432169553094388,5.403225253796013
499.55000000000047,7.432169553094388,5.395554996813379
499.57500000000044,7.499758473686903,5.314428163149152
499.6000000000004,7.499758473686903,5.435750512648313
499.62500000000045,7.56177891249765,5.44973538335959
499.65000000000043,7.56177891249765,5.454635884658014
499.67500000000047,7.619344494530862,5.370788178813954
499.70000000000044,7.619344494530862,5.236019157671884
499.7250000000004,7.654299568322041,5.243256948809272
499.75000000000045,7.654299568322041,5.243256948809272
499.77500000000043,7.703288699629023,7.8040728717228385
499.80000000000047,7.703288699629023,6.687248160935763
499.82500000000044,7.714682087442229,6.624980077996278
499.8500000000004,7.714682087442229,22.633302384036668
499.87500000000045,7.7239884520728355,6.641428970761807
499.90000000000043,7.7239884520728355,7.054504536491156
499.92500000000047,7.7677385444733185,7.0104963971139
499.95000000000044,7.7677385444733185,7.446457406972041
499.9750000000004,7.831732416558203,7.3195535365258095
500.00000000000045,7.831732416558203,7.482801520427191
500.02500000000043,7.871546291836393,7.506462460251174
500.05000000000047,7.871546291836393,7.551085723464355
500.07500000000044,7.906357021729621,7.486386077084421
500.1000000000004,7.906357021729621,7.401185076400176
500.12500000000045,7.9257078559671745,7.302944161646024
500.15000000000043,7.9257078559671745,7.328473404187914
500.17500000000047,7.935905055614849,8.086989378321622
500.20000000000044,7.935905055614849,7.9708963617928426
500.2250000000004,7.943553897482191,8.114929367671703
500.25000000000045,7.943553897482191,7.91175110455133
500.27500000000043,7.972921305703501,8.122637504232495
500.30000000000047,7.972921305703501,8.276229329899294
500.32500000000044,8.11135163189491,8.107404192969927
500.3500000000004,8.11135163189491,7.4757721075772805
500.37500000000045,8.335191171590429,7.489174870623898
500.40000000000043,8.335191171590429,8.45904714467075
500.42500000000047,8.514467360682266,8.769538252922809
500.45000000000044,8.514467360682266,8.819443170012857
500.4750000000004,8.59612549243766,9.960855882975707
500.50000000000045,8.59612549243766,10.46540546988707
500.52500000000043,8.594197932897695,8.582830263061096
500.55000000000047,8.594197932897695,8.53330272604772
500.57500000000044,8.458102344917206,8.624229709556868
500.6000000000004,8.458102344917206,8.694341950226333
500.62500000000045,8.151381983968363,8.519551414389934
500.65000000000043,8.151381983968363,8.807220038309381
500.67500000000047,7.96891680470446,9.882394166507863
500.70000000000044,7.96891680470446,9.536465848963028
500.7250000000004,7.8467583920017,9.322436152512372
500.75000000000045,7.8467583920017,6.1207939792953985
500.77500000000043,7.713649210394608,6.280776398584418
500.80000000000047,7.713649210394608,4.8541436904565805
500.82500000000044,7.613433565340618,5.817366313580175
500.8500000000004,7.613433565340618,5.642826793912223
500.87500000000045,7.551811577650182,5.620641687438191
500.90000000000043,7.551811577650182,5.748363660590571
500.92500000000047,7.327874784567531,5.113009293850414
500.95000000000044,7.327874784567531,5.6762800483333695
500.9750000000004,7.077286779621559,5.515017226508921
501.00000000000045,7.077286779621559,5.436782924076707
501.02500000000043,6.844891269671427,5.040526091663406
501.05000000000047,6.844891269671427,5.313098353529646
501.07500000000044,6.623740471918131,5.296573523208924
501.1000000000004,6.623740471918131,5.432321751838206
501.12500000000045,6.536246390494885,4.881026678870304
501.15000000000043,6.536246390494885,4.580683471816348
501.17500000000047,6.440304289088564,4.540893578557669
501.20000000000044,6.440304289088564,4.759441931918427
501.2250000000004,6.451789135938728,4.696406384281297
501.25000000000045,6.451789135938728,4.789697537710161
501.27500000000043,6.5277659661299365,5.30800096146546
501.30000000000047,6.5277659661299365,4.838963190998393
501.32500000000044,6.597365985135799,6.039820647625885
501.3500000000004,6.597365985135799,6.242489223764133
501.37500000000045,6.651886818758196,6.106455870611509
501.40000000000043,6.651886818758196,6.5227977417487715
501.42500000000047,6.780643578368843,6.473489239220083
501.45000000000044,6.780643578368843,6.702925549170098
501.4750000000004,6.958963536396537,6.850424621179723
501.50000000000045,6.958963536396537,7.11341236091976
501.52500000000043,6.799117133734517,6.9603060992123735
501.55000000000047,6.799117133734517,6.76461193515407
501.57500000000044,6.421293936560615,6.78928227645406
501.6000000000004,6.421293936560615,6.768076715751016
501.62500000000045,6.02496940512277,6.793643273178503
501.65000000000043,6.02496940512277,4.935602297867838
501.67500000000047,5.627743425125709,6.694857563014167
501.70000000000044,5.627743425125709,6.585337841362592
501.7250000000004,5.380581160970039,7.121189245861778
501.75000000000045,5.380581160970039,7.118619137060509
501.77500000000043,5.12637462664019,7.100904230606027
501.80000000000047,5.12637462664019,7.210859914148937
501.82500000000044,4.8906626666187,6.522628496326316
501.8500000000004,4.8906626666187,6.315892404266919
501.87500000000045,4.561104801751011,6.60237082992656
501.90000000000043,4.561104801751011,6.678891917613671
501.92500000000047,4.2680274785022005,7.071058131294299
501.95000000000044,4.2680274785022005,7.008832827310851
501.9750000000004,4.055007048974102,7.031869181693642
502.00000000000045,4.055007048974102,6.629834992264482
502.02500000000043,3.826971511148384,4.844456262280208
502.05000000000047,3.826971511148384,4.892429312728007
502.07500000000044,3.708027468369913,4.427988483252104
502.1000000000004,3.708027468369913,4.059551885294956
502.12500000000045,3.690337593999341,4.31141766791084
502.15000000000043,3.690337593999341,4.390028021546201
502.17500000000047,3.7827373525683634,4.405307331469936
502.20000000000044,3.7827373525683634,4.468996873812607
502.2250000000004,3.756380671746377,4.5178261560867545
502.25000000000045,3.756380671746377,4.450835974813699
502.27500000000043,3.5988555814038348,4.664098139907441
502.30000000000047,3.5988555814038348,4.6093887162315665
502.32500000000044,3.5894845795763097,4.6093887162315665
502.3500000000004,3.5894845795763097,4.0633698521578125
502.37500000000045,3.68838387445381,3.8980901260389085
502.40000000000043,3.68838387445381,3.828105541446311
502.42500000000047,3.845928517214924,3.9729655520732705
502.45000000000044,3.845928517214924,4.021059905610714
502.4750000000004,3.996893108633078,4.112160953804762
502.50000000000045,3.996893108633078,4.0623457538529975
502.52500000000043,4.22538412153839,4.151550418575453
502.55000000000047,4.22538412153839,4.1976515231506735
502.57500000000044,4.412557837454576,3.730202742859163
502.6000000000004,4.412557837454576,4.2993788788084775
502.62500000000045,4.549970813592683,4.450952105746073
502.65000000000043,4.549970813592683,4.549018741858691
502.67500000000047,4.624861403072975,4.815501753625519
502.70000000000044,4.624861403072975,4.541325653055512
502.7250000000004,4.85415960686795,4.349102986260363
502.75000000000045,4.85415960686795,4.313383153742223
502.77500000000043,5.107494460267924,4.4010332117049975
502.80000000000047,5.107494460267924,4.433196849919963
502.82500000000044,5.262330751124797,4.273832139198868
502.8500000000004,5.262330751124797,4.198337474909604
502.87500000000045,5.378589073012397,7.023882868076146
502.90000000000043,5.378589073012397,6.400340716487405
502.92500000000047,5.43447673975869,6.345499104220352
502.95000000000044,5.43447673975869,6.175594497598658
502.9750000000004,5.410502807855245,6.175679839745917
503.00000000000045,5.410502807855245,6.592406278075804
503.02500000000043,5.435838278187241,6.642068603920986
503.05000000000047,5.435838278187241,7.085604830852243
503.07500000000044,5.516663378287091,6.545634220619206
503.1000000000004,5.516663378287091,7.718605405860813
503.12500000000045,5.591343618340858,8.19788211900243
503.15000000000043,5.591343618340858,8.097473805808626
503.17500000000047,5.687822211540587,8.156357685023211
503.20000000000044,5.687822211540587,7.550057470456076
503.2250000000004,5.794780017514127,7.251438257817828
503.25000000000045,5.794780017514127,7.5568855462054705
503.27500000000043,5.961345871315546,4.52160903853234
503.30000000000047,5.961345871315546,4.435019293273869
503.32500000000044,6.124109948966866,6.915730587991343
503.3500000000004,6.124109948966866,5.8847760098197295
503.37500000000045,6.240100573152558,5.783066353837048
503.40000000000043,6.240100573152558,5.5885732059644475
503.42500000000047,6.316691233183554,5.720999530410567
503.45000000000044,6.316691233183554,5.806809976117994
503.4750000000004,6.4040464821594005,5.783669480715836
503.50000000000045,6.4040464821594005,5.8645211532589805
503.52500000000043,6.48755854785615,5.870543691813321
503.55000000000047,6.48755854785615,7.985889931747226
503.57500000000044,6.5618164198206665,7.634986736224144
503.6000000000004,6.5618164198206665,7.705400593289706
503.62500000000045,6.637505797475854,7.746134573991584
503.65000000000043,6.637505797475854,7.220655512010115
503.67500000000047,6.723316220474716,7.010053530125405
503.70000000000044,6.723316220474716,7.004847229974116
503.7250000000004,6.844706578741841,6.935053280000058
503.75000000000045,6.844706578741841,6.634328464646553
503.77500000000043,6.978293697310428,5.649187943705061
503.80000000000047,6.978293697310428,5.725782023450742
503.82500000000044,7.147471823268862,5.659021949866684
503.8500000000004,7.147471823268862,5.661364470427269
503.87500000000045,7.260308868654056,5.641871843901583
503.90000000000043,7.260308868654056,5.6207210210753615
503.92500000000047,7.3479194320189425,5.526317446092566
503.95000000000044,7.3479194320189425,5.840264099994074
503.9750000000004,7.409680067033999,5.966168735250635
504.00000000000045,7.409680067033999,5.924634870075915
504.02500000000043,7.460125654348165,5.961404030492855
504.05000000000047,7.460125654348165,6.079846013305356
504.07500000000044,7.507660636722517,6.000951431368228
504.1000000000004,7.507660636722517,6.072421310837907
504.12500000000045,7.623702238620206,6.126140222264085
504.15000000000043,7.623702238620206,6.117634458537323
504.17500000000047,7.75730751228698,5.972744310244609
504.20000000000044,7.75730751228698,5.908265138189433
504.2250000000004,7.906962295850523,5.796248746151154
504.25000000000045,7.906962295850523,5.738730274587063
504.27500000000043,7.990718730177643,8.743234285842417
504.30000000000047,7.990718730177643,8.859236501757584
504.32500000000044,8.076629622857636,8.771915647360645
504.3500000000004,8.076629622857636,9.084056138245664
504.37500000000045,8.140028141068623,8.978341262454054
504.40000000000043,8.140028141068623,8.908359815217446
504.42500000000047,8.201114967849938,9.06729564312486
504.45000000000044,8.201114967849938,9.321805352381693
504.4750000000004,8.271937597298269,9.183095965021552
504.50000000000045,8.271937597298269,8.930228746935747
504.52500000000043,8.340573499499483,9.611417351472797
504.55000000000047,8.340573499499483,9.730175364203776
504.57500000000044,8.377582081707859,9.822402912590027
504.6000000000004,8.377582081707859,10.030432315882823
504.62500000000045,8.415397808261076,9.669067595927128
504.65000000000043,8.415397808261076,9.766978081810308
504.67500000000047,8.433124822843524,9.769098726467144
504.70000000000044,8.433124822843524,9.841432042873835
504.7250000000004,8.433826847664957,9.658777152300893
504.75000000000045,8.433826847664957,9.743463168200844
504.77500000000043,8.417577045956321,9.741883896272046
504.80000000000047,8.417577045956321,9.630483596436605
504.82500000000044,8.436162098379421,9.68355829229293
504.8500000000004,8.436162098379421,9.503477125012639
504.87500000000045,8.42648965506898,10.610008286236663
504.90000000000043,8.42648965506898,10.683544640862676
504.92500000000047,8.421173898218106,10.71019929047485
504.95000000000044,8.421173898218106,10.25988904671166
504.9750000000004,8.374596347999722,10.532531885360418
505.00000000000045,8.374596347999722,10.651771718953022
505.02500000000043,8.284911790631762,10.440685576133893
505.05000000000047,8.284911790631762,10.317758288059688
505.07500000000044,8.210629018588646,10.337451776839634
505.1000000000004,8.210629018588646,9.438607156477042
505.12500000000045,8.154193270895759,9.395107097948364
505.15000000000043,8.154193270895759,9.270291318686855
505.17500000000047,8.038362870252037,9.27394172240563
505.20000000000044,8.038362870252037,9.447344391222646
505.2250000000004,7.915302983313624,9.778075096767546
505.25000000000045,7.915302983313624,9.980938201381935
505.27500000000043,7.715953316523662,10.674587005065469
505.30000000000047,7.715953316523662,10.307611326583885
505.32500000000044,7.470118732720968,10.32313406708389
505.3500000000004,7.470118732720968,10.185678945471714
505.37500000000045,7.114168756965526,9.904472390718746
505.40000000000043,7.114168756965526,9.72715414605631
505.42500000000047,6.695315361245396,9.34722671879605
505.45000000000044,6.695315361245396,9.47678488814512
505.4750000000004,6.174046325258337,9.300582154892782
505.50000000000045,6.174046325258337,9.18437170687218
505.52500000000043,5.754446785967652,9.238009827817967
505.55000000000047,5.754446785967652,10.72045631620565
505.57500000000044,5.308224707453152,10.653525502370972
505.6000000000004,5.308224707453152,6.511674115471997
505.62500000000045,4.877163005444972,6.545730332216023
505.65000000000043,4.877163005444972,5.773217182735363
505.67500000000047,4.4699493494216345,5.695529188703517
505.70000000000044,4.4699493494216345,5.632763842417907
505.7250000000004,4.173246080191677,6.072746881107042
505.75000000000045,4.173246080191677,6.0476695610004985
505.77500000000043,4.000437421334695,6.052039203670463
505.80000000000047,4.000437421334695,5.626513405570068
505.82500000000044,3.814219915338347,5.195819558975034
505.8500000000004,3.814219915338347,5.159318159634689
505.87500000000045,3.7058042951126047,5.192594401267459
505.90000000000043,3.7058042951126047,5.105152671172751
505.92500000000047,3.603063428142234,5.111899711914484
505.95000000000044,3.603063428142234,4.767949864633267
505.9750000000004,3.61657611027804,4.819549183740724
506.00000000000045,3.61657611027804,4.602930324824992
506.02500000000043,3.6179530361036703,5.076139140508149
506.05000000000047,3.6179530361036703,5.390808663346764
506.07500000000044,3.6649505587087496,5.4922292486203705
506.1000000000005,3.6649505587087496,6.380379010233904
506.12500000000045,3.814126129975477,6.228088758936231
506.15000000000043,3.814126129975477,5.746698197976052
506.17500000000047,3.975459145828255,5.4978691502214705
506.20000000000044,3.975459145828255,5.268658466152601
506.2250000000005,4.15653039319864,4.916420398789388
506.25000000000045,4.15653039319864,5.114154407793684
506.27500000000043,4.339063600249414,7.128417705440163
506.30000000000047,4.339063600249414,6.954242594561678
506.32500000000044,4.453073010516124,6.397265076431242
506.3500000000005,4.453073010516124,6.184163169589238
506.37500000000045,4.557609329142951,6.1309033806729785
506.40000000000043,4.557609329142951,6.099522287174457
506.42500000000047,4.668737532669182,6.313932785660609
506.45000000000044,4.668737532669182,6.31778207509046
506.4750000000005,4.742987346977673,6.46259913275164
506.50000000000045,4.742987346977673,6.610872428253182
506.52500000000043,4.819217223859185,6.481449152618183
506.55000000000047,4.819217223859185,4.853434217703896
506.57500000000044,4.918331690382712,4.77680869387107
506.6000000000005,4.918331690382712,4.7535368901859565
506.62500000000045,5.01484177670316,5.259049246607188
506.65000000000043,5.01484177670316,5.243678436751639
506.67500000000047,5.059851256670031,5.246554070566735
506.70000000000044,5.059851256670031,5.396336272316507
506.7250000000005,5.088319170726996,5.004988767901534
506.75000000000045,5.088319170726996,5.942549783204516
506.77500000000043,5.175003858948261,6.303298288210945
506.80000000000047,5.175003858948261,6.486078551756436
506.82500000000044,5.281832832530404,6.530880533089938
506.8500000000005,5.281832832530404,6.505759115467954
506.87500000000045,5.3522093242480535,6.839260726016187
506.90000000000043,5.3522093242480535,6.323830048900089
506.92500000000047,5.409660170620167,6.026807986601908
506.95000000000044,5.409660170620167,6.020668642349501
506.9750000000005,5.377044876572201,6.517729938286317
507.00000000000045,5.377044876572201,6.502612555915903
507.02500000000043,5.267232193557465,6.701501576234093
507.05000000000047,5.267232193557465,6.758893184802593
507.07500000000044,5.178212797267875,6.6092894720295305
507.1000000000005,5.178212797267875,13.130655020098722
507.12500000000045,5.065065063654271,12.893531384713743
507.15000000000043,5.065065063654271,12.935054479832566
507.17500000000047,5.024705962170829,12.827996901486285
507.20000000000044,5.024705962170829,6.9916008259468745
507.2250000000005,4.911668590929367,7.474774075119109
507.25000000000045,4.911668590929367,6.140298748821191
507.27500000000043,4.995486814048087,6.146993763544849
507.30000000000047,4.995486814048087,6.293554703886178
507.32500000000044,5.128924809526325,8.265358031018977
507.3500000000005,5.128924809526325,8.216942797052624
507.37500000000045,5.229191627795495,8.217152214114247
507.40000000000043,5.229191627795495,8.792216543625646
507.42500000000047,5.2963588402237205,12.29351400562849
507.45000000000044,5.2963588402237205,8.841947226834971
507.4750000000005,5.317771876216516,8.759609358654268
507.50000000000045,5.317771876216516,8.399282963604454
507.52500000000043,5.369272616736926,5.370466651966089
507.55000000000047,5.369272616736926,5.183517442998447
507.57500000000044,5.446478918913926,5.090175911384962
507.6000000000005,5.446478918913926,4.92374115392339
507.62500000000045,5.526843934918882,5.3647040461879465
507.65000000000043,5.526843934918882,5.318471864478952
507.67500000000047,5.600803341619553,5.226336154202796
507.70000000000044,5.600803341619553,5.172856827133626
507.7250000000005,5.679074899839855,5.018111287694738
507.75000000000045,5.679074899839855,4.868601959310546
507.77500000000043,5.70587175919097,5.0980372323432395
507.80000000000047,5.70587175919097,5.560981345438162
507.82500000000044,5.767240348523243,5.607265247786064
507.8500000000005,5.767240348523243,5.502506974272037
507.87500000000045,5.772123431394581,5.450425504099776
507.90000000000043,5.772123431394581,6.045242137080356
507.92500000000047,5.7435271550912965,5.929887145304732
507.95000000000044,5.7435271550912965,5.858585339704751
507.9750000000005,5.676378791670005,5.67453487040581
508.00000000000045,5.676378791670005,5.693879958149061
508.02500000000043,5.516573610827661,5.614677529087823
508.05000000000047,5.516573610827661,6.959084884249921
508.07500000000044,5.350864378326055,7.268097736200259
508.1000000000005,5.350864378326055,6.930653210638286
508.12500000000045,4.829818881877464,6.372914021058799
508.15000000000043,4.829818881877464,6.133143881223907
508.17500000000047,4.399655333250181,5.940667506372609
508.20000000000044,4.399655333250181,6.055560445678425
508.2250000000005,3.910585990526215,6.066819714835683
508.25000000000045,3.910585990526215,5.999939727002178
508.27500000000043,3.4070552619877543,6.675425606499553
508.30000000000047,3.4070552619877543,5.994844323401761
508.32500000000044,3.0733028341203776,6.048824687612613
508.3500000000005,3.0733028341203776,6.070580567862428
508.37500000000045,2.9871548144147844,5.890610861416119
508.40000000000043,2.9871548144147844,5.838369588966206
508.42500000000047,2.895918363700214,5.818520176798289
508.45000000000044,2.895918363700214,5.673590679939695
508.4750000000005,2.734079618734548,4.425885513687231
508.50000000000045,2.734079618734548,3.494230324867804
508.52500000000043,2.672573114759602,3.438717978350583
508.55000000000047,2.672573114759602,4.173400754596073
508.57500000000044,2.6179176509148974,3.4051574899442296
508.6000000000005,2.6179176509148974,3.832968630268383
508.62500000000045,2.5906751617929604,3.8630665840831875
508.65000000000043,2.5906751617929604,3.769375873574366
508.67500000000047,2.6942060481061625,3.7478855074750403
508.70000000000044,2.6942060481061625,3.6667383386756667
508.7250000000005,2.66403770014272,3.866487083213725
508.75000000000045,2.66403770014272,3.8898702005388635
508.77500000000043,2.472404177587102,3.748357499990144
508.80000000000047,2.472404177587102,3.792673777527716
508.82500000000044,2.359659160145572,3.6010012295141216
508.8500000000005,2.359659160145572,3.600495833447996
508.87500000000045,2.377404990296894,3.6428733201945467
508.90000000000043,2.377404990296894,3.622467155592401
508.92500000000047,2.4089327176135966,3.637718763824771
508.95000000000044,2.4089327176135966,4.04103932113116
508.9750000000005,2.352539934225191,4.667752646192039
509.00000000000045,2.352539934225191,3.4105682016216967
509.02500000000043,2.4060242367470246,3.425313756785462
509.05000000000047,2.4060242367470246,3.3919226715511224
509.07500000000044,2.407633336143798,3.4575406682782615
509.1000000000005,2.407633336143798,3.613023688476395
509.12500000000045,2.3577588850250177,3.6433908941599715
509.15000000000043,2.3577588850250177,3.6059534692792163
509.17500000000047,2.197283010477049,3.6512329981504625
509.20000000000044,2.197283010477049,3.1337439312836852
509.2250000000005,1.9455897667139423,3.396464307871097
509.25000000000045,1.9455897667139423,3.7278261364386633
509.27500000000043,1.6542608974805508,3.6909215102603072
509.30000000000047,1.6542608974805508,3.193814745924036
509.32500000000044,1.470906818801516,3.0264682381480514
509.3500000000005,1.470906818801516,3.1791098540337157
509.37500000000045,1.4758910824467408,3.2294957965756317
509.40000000000043,1.4758910824467408,3.2873846864398377
509.42500000000047,1.59191146897217,3.3834355122146316
509.45000000000044,1.59191146897217,3.3813861824075584
509.4750000000005,1.841135085034609,3.3796856952367467
509.50000000000045,1.841135085034609,3.183231331869077
509.52500000000043,2.091228139400207,3.450208559585958
509.55000000000047,2.091228139400207,3.011374945959649
509.57500000000044,2.299723178320876,3.1026006723505937
509.6000000000005,2.299723178320876,3.1492877989281847
509.62500000000045,2.5912066629308383,3.097169845596395
509.65000000000043,2.5912066629308383,2.7208348167892704
509.67500000000047,2.953730166203392,2.5546232306520595
509.70000000000044,2.953730166203392,2.583868017438363
509.7250000000005,3.261275832754796,2.675398600174544
509.75000000000045,3.261275832754796,2.675933463608869
509.77500000000043,3.4428315584297224,3.0327248686038484
509.80000000000047,3.4428315584297224,3.186166086486855
509.82500000000044,3.5664668682953224,3.306725335441133
509.8500000000005,3.5664668682953224,4.013510970569293
509.87500000000045,3.5993736934141505,4.300530938984682
509.90000000000043,3.5993736934141505,4.225816638360771
509.92500000000047,3.650898211745907,4.305155611461743
509.95000000000044,3.650898211745907,4.373102249497433
509.9750000000005,3.6515957341474032,4.39164453807595
510.00000000000045,3.6515957341474032,4.538063716871331
510.02500000000043,3.6042024138423936,4.843442586360361
510.05000000000047,3.6042024138423936,4.755755943148631
510.07500000000044,3.410434271819235,4.866334302773655
510.1000000000005,3.410434271819235,5.039575331798307
510.12500000000045,3.238223385462607,4.924671284130949
510.15000000000043,3.238223385462607,5.405702088078466
510.17500000000047,3.366673619158149,5.456724690170741
510.20000000000044,3.366673619158149,5.30536336989751
510.2250000000005,3.523714047796474,5.345639171307758
510.25000000000045,3.523714047796474,5.4272845521400495
510.27500000000043,3.5995837399703063,4.9254456795928965
510.30000000000047,3.5995837399703063,4.641962615091253
510.32500000000044,3.6372525265774778,4.820201943534041
510.3500000000005,3.6372525265774778,4.739930990085886
510.37500000000045,3.5813187170586334,4.742178683231031
510.40000000000043,3.5813187170586334,4.052927057453875
510.42500000000047,3.613115844133063,3.949038059512398
510.45000000000044,3.613115844133063,4.496634777008015
510.4750000000005,3.772971163175012,4.478302226007463
510.50000000000045,3.772971163175012,4.268150124122082
510.52500000000043,3.691691118957968,4.211611722603639
510.55000000000047,3.691691118957968,4.2737592945908265
510.57500000000044,3.603209679328947,4.3293481795505055
510.6000000000005,3.603209679328947,4.278367354462242
510.62500000000045,3.5264779314900365,4.263709444357051
510.65000000000043,3.5264779314900365,4.343777962284966
510.67500000000047,3.536255072163402,4.0576012402030015
510.70000000000044,3.536255072163402,4.043218218645359
510.7250000000005,3.5797251303963264,4.235716155831348
510.75000000000045,3.5797251303963264,4.217047952183511
510.77500000000043,3.6110810214375193,4.1788586172430255
510.80000000000047,3.6110810214375193,4.862492714877272
510.82500000000044,3.697388347806428,4.265245174778163
510.8500000000005,3.697388347806428,4.277413334125279
510.87500000000045,3.68620931818659,4.764705513380464
510.90000000000043,3.68620931818659,4.694768361775982
510.92500000000047,3.7146193611508704,3.9516281665477093
510.95000000000044,3.7146193611508704,4.03185113157347
510.9750000000005,3.704074791797604,3.913956485698422
511.00000000000045,3.704074791797604,3.843883768108703
511.02500000000043,3.760735854950904,3.6929823426728188
511.05000000000047,3.760735854950904,3.720143101489867
511.07500000000044,3.8236112708827936,3.866880120644215
511.1000000000005,3.8236112708827936,3.4026018125450967
511.12500000000045,3.9288718304818007,3.446436763256212
511.15000000000043,3.9288718304818007,3.1567404662101795
511.17500000000047,3.9465884635108335,3.467114774208475
511.20000000000044,3.9465884635108335,3.6172492478612472
511.2250000000005,3.891343369136139,4.254120787330137
511.25000000000045,3.891343369136139,4.298803932476888
511.27500000000043,3.7480278119849983,4.673566900089531
511.30000000000047,3.7480278119849983,4.371066036084418
511.32500000000044,3.63804470246638,4.907497560746268
511.3500000000005,3.63804470246638,4.817172566500352
511.37500000000045,3.5197045807371965,4.772907990384197
511.40000000000043,3.5197045807371965,4.453495940818345
511.42500000000047,3.344919646203315,6.872576009071305
511.45000000000044,3.344919646203315,6.918889492561392
511.4750000000005,3.110888092653625,5.189270639584779
511.50000000000045,3.110888092653625,5.587261876581214
511.52500000000043,2.696104703077188,5.694481792037671
511.55000000000047,2.696104703077188,5.292930403694881
511.57500000000044,2.353952426937832,4.505270907700516
511.6000000000005,2.353952426937832,4.9337834016131765
511.62500000000045,2.089041307395184,4.658158037501183
511.65000000000043,2.089041307395184,4.614637671320914
511.67500000000047,2.112344263628109,4.618836226150556
511.70000000000044,2.112344263628109,3.427268976449607
511.7250000000005,2.26763943797802,3.4628296597098034
511.75000000000045,2.26763943797802,3.2497467572803216
511.77500000000043,2.3819002937950997,3.6368152768813875
511.80000000000047,2.3819002937950997,3.325079694234883
511.82500000000044,2.457583298913754,3.0935350106531496
511.8500000000005,2.457583298913754,3.080283217477754
511.87500000000045,2.4783641028620664,3.1353899518811534
511.90000000000043,2.4783641028620664,3.114355858648915
511.92500000000047,2.483617534407854,3.285382233563762
511.95000000000044,2.483617534407854,3.360594631183979
511.9750000000005,2.436680021597672,3.414478538435336
512.0000000000005,2.436680021597672,3.3858136882029446
512.0250000000004,2.582007101084762,3.3509990836648846
512.0500000000004,2.582007101084762,3.3151465614558595
512.0750000000005,2.448177420121125,3.3308633074861316
512.1000000000005,2.448177420121125,3.3756882528281023
512.1250000000005,2.06850118699098,3.33644464582018
512.1500000000004,2.06850118699098,3.4126877180555426
512.1750000000004,1.7986804557783629,3.2706157150216506
512.2000000000005,1.7986804557783629,3.1045534080252266
512.2250000000005,1.7406651158140134,3.066493486676935
512.2500000000005,1.7406651158140134,3.0953539252155973
512.2750000000004,1.500397036809727,2.8736635548502183
512.3000000000004,1.500397036809727,2.8556089947371586
512.3250000000005,1.2070339859354744,3.428889313716811
512.3500000000005,1.2070339859354744,3.398442207796732
512.3750000000005,0.9776721308827544,3.2860665291180435
512.4000000000004,0.9776721308827544,3.292263716801871
512.4250000000004,0.8906262494319422,2.4465009417643016
512.4500000000005,0.8906262494319422,2.2411601750386385
512.4750000000005,1.050979762462759,2.226472638630238
512.5000000000005,1.050979762462759,2.260174088056478
512.5250000000004,1.1262020723321793,2.341777321286362
512.5500000000004,1.1262020723321793,2.4595489725665085
512.5750000000005,1.0921028041431975,2.472465626431598
512.6000000000005,1.0921028041431975,2.4951717319686266
512.6250000000005,1.04451159737671,2.469875365996955
512.6500000000004,1.04451159737671,2.4505166750914187
512.6750000000004,0.9997650025768204,2.4179847517140076
512.7000000000005,0.9997650025768204,2.3996874838123143
512.7250000000005,0.8765627172670981,2.369279531476826
512.7500000000005,0.8765627172670981,2.3668596379569355
512.7750000000004,0.7879415162326936,2.4381360230155975
512.8000000000004,0.7879415162326936,2.356111250509424
512.8250000000005,0.8236861685640738,2.374338822498162
512.8500000000005,0.8236861685640738,2.2121086548787323
512.8750000000005,0.9795700363424888,2.382538441322882
512.9000000000004,0.9795700363424888,2.2540957754475004
512.9250000000004,1.1417063551734834,2.260039834934811
512.9500000000005,1.1417063551734834,2.242599889477244
512.9750000000005,1.1286321090171014,2.1679208636230674
513.0000000000005,1.1286321090171014,2.1679208636230674
513.0250000000004,1.1573871301171998,2.2101888559727967
513.0500000000004,1.1573871301171998,2.2496788804940397
513.0750000000005,1.303338937406251,2.1684286717008474
513.1000000000005,1.303338937406251,2.2119194278042382
513.1250000000005,1.4331404503118248,2.141371916964027
513.1500000000004,1.4331404503118248,2.1633914844609627
513.1750000000004,1.8122106683370212,2.210708877601746
513.2000000000005,1.8122106683370212,2.231357551180243
513.2250000000005,2.1432820913998425,2.2809105722782097
513.2500000000005,2.1432820913998425,2.5222051686145055
513.2750000000004,2.545373404576595,2.4991803671676944
513.3000000000004,2.545373404576595,2.6675987860455526
513.3250000000005,2.7585325093680155,2.917047981296528
513.3500000000005,2.7585325093680155,2.9734241237843264
513.3750000000005,3.058492202866082,3.050668419344097
513.4000000000004,3.058492202866082,3.206584100888035
513.4250000000004,3.4227959461667066,2.9684902836901728
513.4500000000005,3.4227959461667066,2.8961952734716534
513.4750000000005,3.6892310983158345,2.907954951076003
513.5000000000005,3.6892310983158345,3.4009569962986563
513.5250000000004,3.8866569281855208,3.4206678501718772
513.5500000000004,3.8866569281855208,3.6375112076091356
513.5750000000005,4.048623500454817,3.594998609182161
513.6000000000005,4.048623500454817,3.5871267762896117
513.6250000000005,4.0607289090494,3.9315598743032236
513.6500000000004,4.0607289090494,4.062493690803062
513.6750000000004,4.024712880347031,3.9990284952191386
513.7000000000005,4.024712880347031,3.9202590504588413
513.7250000000005,4.02079192384819,3.9332488132038774
513.7500000000005,4.02079192384819,3.935954616736311
513.7750000000004,3.964811465064257,4.091728843743499
513.8000000000004,3.964811465064257,3.94560751126014
513.8250000000005,3.951320961801499,4.146599298928666
513.8500000000005,3.951320961801499,4.207347678940044
513.8750000000005,4.022831446080454,4.274765166385991
513.9000000000004,4.022831446080454,4.104884521054063
513.9250000000004,3.8354276052113594,4.116438215662724
513.9500000000005,3.8354276052113594,4.02992579578033
513.9750000000005,3.456117414557704,4.041103946773283
514.0000000000005,3.456117414557704,3.961974478643485
514.0250000000004,3.0442951227971977,3.6439632677242746
514.0500000000004,3.0442951227971977,3.5386593671117303
514.0750000000005,2.767991414530244,3.2851111813782023
514.1000000000005,2.767991414530244,3.3269981280859
514.1250000000005,2.439775713977731,5.694998231783054
514.1500000000004,2.439775713977731,5.753312117086241
514.1750000000004,2.1333514944197933,5.753312117086241
514.2000000000005,2.1333514944197933,5.817478119919079
514.2250000000005,1.8795343589170257,6.154992084068229
514.2500000000005,1.8795343589170257,5.841863721149467
514.2750000000004,1.5563836907197848,4.080690974790864
514.3000000000004,1.5563836907197848,3.938647229200243
514.3250000000005,1.602024633078039,3.815331088577047
514.3500000000005,1.602024633078039,3.967535069533324
514.3750000000005,1.6272950726178574,3.974489690645308
514.4000000000004,1.6272950726178574,3.630317100091725
514.4250000000004,1.6226558452276842,3.457038770575835
514.4500000000005,1.6226558452276842,3.3323216055883815
514.4750000000005,1.4608961894364938,3.349125089006882
514.5000000000005,1.4608961894364938,3.3610745834514866
514.5250000000004,1.2423309249373724,2.1126051010763978
514.5500000000004,1.2423309249373724,1.995993259537376
514.5750000000005,1.1447215876042998,2.122382521830247
514.6000000000005,1.1447215876042998,2.1122563129980363
514.6250000000005,1.0189723782839035,2.081262936707064
514.6500000000004,1.0189723782839035,2.0588204144104556
514.6750000000004,1.0524781558985108,2.076679339235387
514.7000000000005,1.0524781558985108,2.3523025350353213
514.7250000000005,1.1308723832301315,2.527460091868627
514.7500000000005,1.1308723832301315,2.330320640483522
514.7750000000004,1.3195214822093102,2.4430606642550554
514.8000000000004,1.3195214822093102,2.679511917043651
514.8250000000005,1.5414114851986471,2.493330962871335
514.8500000000005,1.5414114851986471,2.416175422390247
514.8750000000005,1.891491193139974,3.1005055506620214
514.9000000000004,1.891491193139974,2.843459295510056
514.9250000000004,2.1961373284899777,2.9816156535086327
514.9500000000005,2.1961373284899777,3.2829269962250023
514.9750000000005,2.4817982258634763,3.372071179527141
515.0000000000005,2.4817982258634763,3.3601375420486606
515.0250000000004,2.874706003602083,3.1657812977085187
515.0500000000004,2.874706003602083,3.2869860081776676
515.0750000000005,3.2501685464611447,3.2087599445311255
515.1000000000005,3.2501685464611447,3.166503927220182
515.1250000000005,3.5633065847953582,3.1061671270068056
515.1500000000004,3.5633065847953582,3.4593962033094625
515.1750000000004,3.773748726523757,5.611100493112065
515.2000000000005,3.773748726523757,5.5469250874353175
515.2250000000005,4.004577633277269,6.343594287318825
515.2500000000005,4.004577633277269,6.401156162164098
515.2750000000004,4.232747698473851,6.446064132087475
515.3000000000004,4.232747698473851,6.188881115909742
515.3250000000005,4.496461053483204,6.235987170174172
515.3500000000005,4.496461053483204,6.3839532581105844
515.3750000000005,4.7998246338834925,5.544069805613711
515.4000000000004,4.7998246338834925,5.814530413380996
515.4250000000004,5.03729331760527,5.936733551579625
515.4500000000005,5.03729331760527,6.064376538598277
515.4750000000005,5.27470256239938,3.9136898848702
515.5000000000005,5.27470256239938,3.404872132350002
515.5250000000004,5.424563268596332,3.207066917920564
515.5500000000004,5.424563268596332,3.1918173253728694
515.5750000000005,5.592083441813619,3.30329727574272
515.6000000000005,5.592083441813619,3.312402699631375
515.6250000000005,5.765525541500257,3.5669462203071705
515.6500000000004,5.765525541500257,3.132820333765094
515.6750000000004,5.880374556083699,3.138306985027693
515.7000000000005,5.880374556083699,3.1013590819599246
515.7250000000005,5.919526975047415,3.184876534010689
515.7500000000005,5.919526975047415,3.187971066977509
515.7750000000004,5.998875780246432,6.409545237855492
515.8000000000004,5.998875780246432,6.230554226269461
515.8250000000005,6.0364737824223775,6.4406446603797125
515.8500000000005,6.0364737824223775,7.708961830286361
515.8750000000005,6.1331329825151,7.8866424848629375
515.9000000000004,6.1331329825151,7.707084133079036
515.9250000000004,6.345801289882427,7.854906165157663
515.9500000000005,6.345801289882427,7.901501547767455
515.9750000000005,6.6369040262388905,8.036457550577854
516.0000000000005,6.6369040262388905,7.673033252647964
516.0250000000004,6.876710342369955,8.365952590519923
516.0500000000004,6.876710342369955,7.874967214361924
516.0750000000005,6.947168166868546,7.666963063225943
516.1000000000005,6.947168166868546,5.696022575092059
516.1250000000005,6.9254366735414905,5.97792357156359
516.1500000000004,6.9254366735414905,5.718938442654041
516.1750000000004,6.919539624575005,5.515777051155233
516.2000000000005,6.919539624575005,5.167300526195776
516.2250000000005,6.985648574587519,4.784940295604951
516.2500000000005,6.985648574587519,4.087095703580699
516.2750000000004,7.09727972053867,4.090636946785122
516.3000000000004,7.09727972053867,4.057837664143096
516.3250000000005,7.120173492512421,4.11392298291608
516.3500000000005,7.120173492512421,4.528378042460181
516.3750000000005,7.130023989988735,3.8999344602091686
516.4000000000004,7.130023989988735,3.799399899395309
516.4250000000004,7.071987804902391,3.8045185521081817
516.4500000000005,7.071987804902391,4.107160771627699
516.4750000000005,6.905841161004614,6.015726561696169
516.5000000000005,6.905841161004614,9.12580971653189
516.5250000000004,6.839084388679003,9.552368175974886
516.5500000000004,6.839084388679003,9.668552934047066
516.5750000000005,6.841328649591322,9.977687336283712
516.6000000000005,6.841328649591322,9.802015347490748
516.6250000000005,6.875552932777161,10.790944154353431
516.6500000000004,6.875552932777161,10.747104950164806
516.6750000000004,6.861063188049389,11.03210796029939
516.7000000000005,6.861063188049389,12.377387865458257
516.7250000000005,6.599571281727819,10.988380011218274
516.7500000000005,6.599571281727819,11.48664536483313
516.7750000000004,6.216075518900767,5.829652776991744
516.8000000000004,6.216075518900767,6.009025844203067
516.8250000000005,5.96250740121132,5.967437898674568
516.8500000000005,5.96250740121132,6.711031460056847
516.8750000000005,5.88640473903825,6.282985397173532
516.9000000000004,5.88640473903825,5.966136010991254
516.9250000000004,5.873911307315454,5.943707104936415
516.9500000000005,5.873911307315454,6.823284227644018
516.9750000000005,5.92586650817024,6.867137817148712
517.0000000000005,5.92586650817024,5.981357875077619
517.0250000000004,5.990632806098019,6.138919636551204
517.0500000000004,5.990632806098019,4.747350555526207
517.0750000000005,6.062714993942349,4.279689690676456
517.1000000000005,6.062714993942349,4.346788057834229
517.1250000000005,6.263002359292528,4.42555209856457
517.1500000000004,6.263002359292528,4.3595453106975315
517.1750000000004,6.473699270459423,4.318832278872692
517.2000000000005,6.473699270459423,4.123767684934534
517.2250000000005,6.618561727531142,3.7887931129526082
517.2500000000005,6.618561727531142,3.7286197355302395
517.2750000000004,6.739538399695727,3.6458855599316036
517.3000000000004,6.739538399695727,3.6606351260397747
517.3250000000005,6.78026727650263,3.7163992109161406
517.3500000000005,6.78026727650263,3.74699341606364
517.3750000000005,6.5644841937874,3.6200439203239063
517.4000000000004,6.5644841937874,3.753311513473059
517.4250000000004,6.063081061447869,3.958650144110118
517.4500000000005,6.063081061447869,3.9990227991646954
517.4750000000005,5.523320568384864,4.0524553782852575
517.5000000000005,5.523320568384864,3.760586201056891
517.5250000000004,5.096021876017176,4.084627498067086
517.5500000000004,5.096021876017176,3.8057276103868727
517.5750000000005,4.813673864730791,3.32273837576333
517.6000000000005,4.813673864730791,3.400229967567339
517.6250000000005,4.570099496152447,4.142513975965656
517.6500000000004,4.570099496152447,3.9510243954310282
517.6750000000004,4.320604894628867,3.9608902531792323
517.7000000000005,4.320604894628867,3.9281142114565744
517.7250000000005,3.922183634015412,4.006516926634879
517.7500000000005,3.922183634015412,3.822853713873221
517.7750000000004,3.555494185827933,4.114055663970252
517.8000000000004,3.555494185827933,3.8831175437095924
517.8250000000005,3.176340730718436,3.4396810875285904
517.8500000000005,3.176340730718436,2.9527116493019214
517.8750000000005,2.866112640958693,3.1229556430526766
517.9000000000004,2.866112640958693,3.1717099871135987
517.9250000000004,2.722870109042377,2.9793742862694272
517.9500000000005,2.722870109042377,3.7092400879630385
517.9750000000005,2.6732938308320278,3.5325430415142822
518.0000000000005,2.6732938308320278,3.256655878243499
518.0250000000004,2.7238576651709807,2.649731264051955
518.0500000000004,2.7238576651709807,2.628770117126446
518.0750000000005,2.875226678585598,3.3016324207111514
518.1000000000005,2.875226678585598,2.9669227503142515
518.1250000000005,3.04436760664289,2.5253552246120234
518.1500000000004,3.04436760664289,3.1681768386253544
518.1750000000004,3.146031790959742,3.0685306408832465
518.2000000000005,3.146031790959742,3.1272573261030665
518.2250000000005,3.3199417935479945,3.19573517006207
518.2500000000005,3.3199417935479945,3.2203882864467466
518.2750000000004,3.419378200203073,3.2354698853942194
518.3000000000004,3.419378200203073,3.3758638142174857
518.3250000000005,3.5278759071669814,3.389424738970783
518.3500000000005,3.5278759071669814,3.576859421558081
518.3750000000005,3.6026650807501053,3.618673475628977
518.4000000000004,3.6026650807501053,3.818336906679589
518.4250000000004,3.783118943007731,4.085330647805782
518.4500000000005,3.783118943007731,4.35976089116726
518.4750000000005,3.992798274249463,4.36745649940312
518.5000000000005,3.992798274249463,4.883702576468233
518.5250000000004,4.16836053627234,4.911979449209758
518.5500000000004,4.16836053627234,5.015214871249343
518.5750000000005,4.30905328384609,5.005349477571647
518.6000000000005,4.30905328384609,5.005349477571647
518.6250000000005,4.412399790670118,4.961487179400378
518.6500000000004,4.412399790670118,5.067545041496889
518.6750000000004,4.444875951438522,5.031761912681953
518.7000000000005,4.444875951438522,5.041685501600603
518.7250000000005,4.517240334363799,5.109853050996669
518.7500000000005,4.517240334363799,5.1106954793881245
518.7750000000004,4.562635346394011,5.152407172660002
518.8000000000004,4.562635346394011,5.158425541638446
518.8250000000005,4.649706321394988,5.100183228557858
518.8500000000005,4.649706321394988,5.103790662173464
518.8750000000005,4.687695382379466,5.179381159848066
518.9000000000004,4.687695382379466,5.2079793472458284
518.9250000000004,4.823412991244256,5.350931720629371
518.9500000000005,4.823412991244256,5.335595057661378
518.9750000000005,4.977305029783367,5.101684629695431
519.0000000000005,4.977305029783367,5.428187520869763
519.0250000000004,5.11560771590152,5.041776066872517
519.0500000000004,5.11560771590152,5.108465060857139
519.0750000000005,5.279492703456525,5.035289910975009
519.1000000000005,5.279492703456525,5.477210013233546
519.1250000000005,5.444016109692805,5.031116643195733
519.1500000000004,5.444016109692805,5.120283843545471
519.1750000000004,5.530979137403133,5.2942478478096895
519.2000000000005,5.530979137403133,5.068173692211235
519.2250000000005,5.550989751046739,5.332020152148724
519.2500000000005,5.550989751046739,5.249240391701302
519.2750000000004,5.555205146507731,5.25315620151151
519.3000000000004,5.555205146507731,4.873597296590486
519.3250000000005,5.567831383590338,4.643599822228817
519.3500000000005,5.567831383590338,4.800770042868399
519.3750000000005,5.596279576498112,4.672264472692775
519.4000000000004,5.596279576498112,4.786124596211744
519.4250000000004,5.637178726042077,4.0227226780451915
519.4500000000005,5.637178726042077,4.020713380504474
519.4750000000005,5.678657759775762,4.342753970622305
519.5000000000005,5.678657759775762,4.48348872277678
519.5250000000004,5.618946140874511,4.555542689555674
519.5500000000004,5.618946140874511,4.452767190479293
519.5750000000005,5.25434093937201,4.3279540221647315
519.6000000000005,5.25434093937201,4.0492922010303865
519.6250000000005,4.993575335731728,3.797555938083101
519.6500000000004,4.993575335731728,3.7330196001199005
519.6750000000004,4.648940913146309,3.3832066760835597
519.7000000000005,4.648940913146309,3.446250068722938
519.7250000000005,4.427608910621304,3.4375719062853687
519.7500000000005,4.427608910621304,3.4048480104137475
519.7750000000004,4.323271222902973,3.288358913300164
519.8000000000004,4.323271222902973,3.2523408436308814
519.8250000000005,3.991584508371576,3.110706488058958
519.8500000000005,3.991584508371576,3.057241856367018
519.8750000000005,3.6560477159087097,3.253963076977467
519.9000000000004,3.6560477159087097,2.807617791440919
519.9250000000004,3.4282792192073974,2.7608553425288505
519.9500000000005,3.4282792192073974,2.709585805680338
519.9750000000005,3.053625259806356,2.6877243473265024
520.0000000000005,3.053625259806356,2.608773914187947
520.0250000000004,2.987201527619021,2.754460853538691
520.0500000000004,2.987201527619021,2.7852788762305893
520.0750000000005,2.897526381846087,2.80840098225615
520.1000000000005,2.897526381846087,2.8676246726224845
520.1250000000005,3.0888235401350927,2.9635809263406587
520.1500000000004,3.0888235401350927,3.374735313360959
520.1750000000004,3.409369454926692,3.4673914950063804
520.2000000000005,3.409369454926692,3.351455171930281
520.2250000000005,3.914987948493872,3.5161721271935398
520.2500000000005,3.914987948493872,3.5116703585200297
520.2750000000004,4.355606826166777,3.520624916101135
520.3000000000004,4.355606826166777,3.462414441588275
520.3250000000005,4.655529547499689,3.419972265349419
520.3500000000005,4.655529547499689,3.2489777377427798
520.3750000000005,5.001575746742657,3.265463990661745
520.4000000000004,5.001575746742657,3.5573365605634844
520.4250000000004,5.400823560343017,4.226113805297339
520.4500000000005,5.400823560343017,3.672833430265769
520.4750000000005,5.855794681372683,3.8314597177404903
520.5000000000005,5.855794681372683,3.3848615284802825
520.5250000000004,6.4038913061452085,3.394789176877134
520.5500000000004,6.4038913061452085,3.449269419499682
520.5750000000005,6.932999454017133,4.058912896795138
520.6000000000005,6.932999454017133,4.598948811278606
520.6250000000005,7.62730900587041,4.383142298243047
520.6500000000004,7.62730900587041,4.4847277943160755
520.6750000000004,8.192143234418863,4.579971305848032
520.7000000000005,8.192143234418863,4.569962866063072
520.7250000000005,8.701713412325155,4.504447660955955
520.7500000000005,8.701713412325155,3.9341568496904467
520.7750000000004,9.412875109008654,3.9842667055788388
520.8000000000004,9.412875109008654,4.007876046381194
520.8250000000005,9.948235140156363,4.0028583879769055
520.8500000000005,9.948235140156363,4.06487927256762
520.8750000000005,10.316931107655188,3.9787705022063307
520.9000000000004,10.316931107655188,4.021156115199258
520.9250000000004,10.498460320418424,5.014273911332019
520.9500000000005,10.498460320418424,4.728980764711101
520.9750000000005,10.646588854712164,4.7312288807330365
521.0000000000005,10.646588854712164,5.295458892079265
521.0250000000004,10.539582219293928,5.225505769317049
521.0500000000004,10.539582219293928,5.246608847327497
521.0750000000005,10.323954248653282,5.045584381731216
521.1000000000005,10.323954248653282,13.53154194973502
521.1250000000005,9.953415377370968,13.337981723963837
521.1500000000004,9.953415377370968,11.343824399207065
521.1750000000004,9.541277663756317,11.607466924501354
521.2000000000005,9.541277663756317,14.557442097477319
521.2250000000005,9.032020808370127,16.326120089748215
521.2500000000005,9.032020808370127,16.384327501912935
521.2750000000004,8.66392937923695,15.323734849727302
521.3000000000004,8.66392937923695,15.155270982878303
521.3250000000005,8.47808742118113,11.095400197509218
521.3500000000005,8.47808742118113,10.893368467433154
521.3750000000005,8.331640042414937,10.879318094706214
521.4000000000004,8.331640042414937,11.09715944621415
521.4250000000004,8.205649458257286,10.293681330351056
521.4500000000005,8.205649458257286,11.37104243474923
521.4750000000005,7.964698194238548,12.328950391788528
521.5000000000005,7.964698194238548,12.623361180516167
521.5250000000004,7.828809226262917,12.634964723716863
521.5500000000004,7.828809226262917,12.543668826481492
521.5750000000005,7.707751846185759,6.524308386885707
521.6000000000005,7.707751846185759,5.604711994224564
521.6250000000005,7.625598941152602,5.542602316863382
521.6500000000004,7.625598941152602,5.595318758361372
521.6750000000004,7.702860276556107,5.636173333913249
521.7000000000005,7.702860276556107,5.099941654063034
521.7250000000005,7.878971009913559,4.907695062564692
521.7500000000005,7.878971009913559,4.9039817400010515
521.7750000000004,8.182422306234221,4.535748828273129
521.8000000000004,8.182422306234221,4.80760912561896
521.8250000000005,8.593279800439852,4.8750110818120485
521.8500000000005,8.593279800439852,5.959727203639177
521.8750000000005,9.01014489825268,6.0105932980108925
521.9000000000004,9.01014489825268,6.019816112638631
521.9250000000004,9.386561394479308,6.07266151366094
521.9500000000005,9.386561394479308,13.23044808085612
521.9750000000005,9.761349494545346,13.20046572180527
522.0000000000005,9.761349494545346,13.066447618574745
522.0250000000004,10.224747843131086,12.901774850958029
522.0500000000004,10.224747843131086,12.950421735402902
522.0750000000005,10.576193756121562,12.785513515003574
522.1000000000005,10.576193756121562,12.979692142178067
522.1250000000005,10.895267250914436,12.995466920632598
522.1500000000004,10.895267250914436,13.230627864899079
522.1750000000004,11.34951411285122,13.289505818858558
522.2000000000005,11.34951411285122,13.46087993839657
522.2250000000005,11.869569105704358,13.391997366060146
522.2500000000005,11.869569105704358,13.69535856383838
522.2750000000004,12.249610060727028,13.845743851153818
522.3000000000004,12.249610060727028,13.811557557868674
522.3250000000005,12.78244795368148,11.40728319514089
522.3500000000005,12.78244795368148,10.933428947416864
522.3750000000005,13.11997227106463,11.492306330505997
522.4000000000004,13.11997227106463,12.426826444572718
522.4250000000004,13.54384175062195,12.763109778364637
522.4500000000005,13.54384175062195,13.214324350508834
522.4750000000005,14.06806618652313,13.242094688537287
522.5000000000005,14.06806618652313,13.626535255823935
522.5250000000004,14.62116915439426,13.229806606340144
522.5500000000004,14.62116915439426,11.723416443496683
522.5750000000005,15.164597624754068,12.251177973927689
522.6000000000005,15.164597624754068,11.614723216227906
522.6250000000005,15.90025507611839,9.863788772802042
522.6500000000004,15.90025507611839,10.226394107668705
522.6750000000004,16.716584548910653,10.385604782850605
522.7000000000005,16.716584548910653,11.76299112044129
522.7250000000005,17.532667597227224,21.81971695740505
522.7500000000005,17.532667597227224,22.18218522612266
522.7750000000004,18.435821129006506,22.89275564736612
522.8000000000004,18.435821129006506,23.544672372925803
522.8250000000005,19.12847726903068,23.8187618180102
522.8500000000005,19.12847726903068,23.78504450168966
522.8750000000005,19.77129652104352,23.470756545228593
522.9000000000004,19.77129652104352,23.362464457513905
522.9250000000004,20.253530284594277,22.86763513447694
522.9500000000005,20.253530284594277,23.161567387772994
522.9750000000005,20.780757617780157,23.749078665648952
523.0000000000005,20.780757617780157,23.494399406657426
523.0250000000004,21.36978296023357,23.39419550882561
523.0500000000004,21.36978296023357,23.28974117197942
523.0750000000005,22.025821531977467,23.734671119724812
523.1000000000005,22.025821531977467,23.42988210295406
523.1250000000005,22.840441150836348,24.03998677459836
523.1500000000004,22.840441150836348,22.44311298792203
523.1750000000004,23.75683243444384,24.05145393105767
523.2000000000005,23.75683243444384,25.754126397904287
523.2250000000005,24.549576960526224,21.049844075694814
523.2500000000005,24.549576960526224,20.329868467831517
523.2750000000004,25.32392967310377,21.190024362106524
523.3000000000004,25.32392967310377,21.484108212618477
523.3250000000005,26.11365500997676,22.51268896768493
523.3500000000005,26.11365500997676,21.873310481573093
523.3750000000005,26.648141927948508,21.353206222882786
523.4000000000004,26.648141927948508,21.686626643436913
523.4250000000004,27.037654812574065,21.957810285310703
523.4500000000005,27.037654812574065,21.940875068071662
523.4750000000005,27.3157995437671,22.140584179193723
523.5000000000005,27.3157995437671,26.92398052840151
523.5250000000004,27.4926368736791,26.84518384991174
523.5500000000004,27.4926368736791,26.992555610573323
523.5750000000005,27.76152915195028,26.06595774974933
523.6000000000005,27.76152915195028,26.2843022428625
523.6250000000005,28.310926466119845,26.096152506959896
523.6500000000004,28.310926466119845,25.379901811393196
523.6750000000004,28.809209709654464,25.414939608617043
523.7000000000005,28.809209709654464,25.704826672183735
523.7250000000005,29.318991433505115,26.322047301654084
523.7500000000005,29.318991433505115,26.439846852231526
523.7750000000004,29.944314768358797,26.14639905171739
523.8000000000004,29.944314768358797,26.024711175611387
523.8250000000005,30.59024065590061,25.9269888500235
523.8500000000005,30.59024065590061,25.753936911178386
523.8750000000005,31.25790468091345,26.986253342613406
523.9000000000004,31.25790468091345,27.080572484467027
523.9250000000004,31.804598453470685,26.235586517931736
523.9500000000005,31.804598453470685,26.048730906973784
523.9750000000005,32.040565497812054,27.761461675973415
524.0000000000005,32.040565497812054,27.63367310740406
524.0250000000004,31.22685843110979,27.703952357091392
524.0500000000004,31.22685843110979,27.855955496055966
524.0750000000005,30.732642100726935,27.882690778419818
524.1000000000005,30.732642100726935,26.661106270096916
524.1250000000005,30.229059913869992,26.564115943739015
524.1500000000004,30.229059913869992,26.150439686595035
524.1750000000004,29.868642231331343,26.002590075811323
524.2000000000005,29.868642231331343,26.085479452542394
524.2250000000005,29.477489574182925,26.441666825302445
524.2500000000005,29.477489574182925,26.541401649913304
524.2750000000004,29.14959098548013,26.887247627776922
524.3000000000004,29.14959098548013,26.76032644708912
524.3250000000005,28.73980227385988,26.81330576285737
524.3500000000005,28.73980227385988,26.957342240873388
524.3750000000005,28.3865258612494,27.01458760938325
524.4000000000004,28.3865258612494,26.750483688321808
524.4250000000004,27.98434030881166,26.58859164481006
524.4500000000005,27.98434030881166,26.46447968938183
524.4750000000005,27.585844819625787,29.15821345532476
524.5000000000005,27.585844819625787,28.366933076703795
524.5250000000004,27.18288013286504,28.388163911086718
524.5500000000004,27.18288013286504,26.660293134775994
524.5750000000005,26.7351088892424,26.523973920216733
524.6000000000005,26.7351088892424,32.21440895946274
524.6250000000005,26.280580088378347,32.88269137127964
524.6500000000004,26.280580088378347,33.16727718687351
524.6750000000004,25.912703859585967,32.952988928741505
524.7000000000005,25.912703859585967,32.91684751575489
524.7250000000005,25.61561676364176,33.20577924777607
524.7500000000005,25.61561676364176,33.51523944016921
524.7750000000004,25.387091026632586,31.858701098690148
524.8000000000004,25.387091026632586,31.865263838648712
524.8250000000005,25.212516907246545,31.89755199564872
524.8500000000005,25.212516907246545,22.486292972589254
524.8750000000005,25.12100378842101,21.740712856003743
524.9000000000004,25.12100378842101,22.283248412799598
524.9250000000004,25.076681961553497,21.882802484830613
524.9500000000005,25.076681961553497,21.557121794398334
524.9750000000005,25.05388896252787,21.688994029939167
525.0000000000005,25.05388896252787,21.678708151336338
525.0250000000004,25.03286558460369,21.730609539544457
525.0500000000004,25.03286558460369,21.57973616794814
525.0750000000005,25.062048534776043,21.64176720277505
525.1000000000005,25.062048534776043,21.22231602212632
525.1250000000005,25.13920969268744,21.705843011844877
525.1500000000004,25.13920969268744,20.918816959262166
525.1750000000004,25.2161528074405,20.731991618661727
525.2000000000005,25.2161528074405,20.43673651564731
525.2250000000005,25.28879780766464,18.995075030497745
525.2500000000005,25.28879780766464,16.781129479147335
525.2750000000004,25.365258663812856,16.87289937412098
525.3000000000004,25.365258663812856,16.60752878996493
525.3250000000005,25.465000472889542,17.15777548137338
525.3500000000005,25.465000472889542,16.988403716548437
525.3750000000005,25.55324292300713,21.135461030812603
525.4000000000004,25.55324292300713,21.15755942175112
525.4250000000005,25.661077149707328,20.93886430018958
525.4500000000005,25.661077149707328,20.978189133529995
525.4750000000005,25.763656280857955,20.75596924527867
525.5000000000005,25.763656280857955,20.810006507523212
525.5250000000004,25.88674987502408,20.8883165577409
525.5500000000005,25.88674987502408,20.999652785517384
525.5750000000005,26.116649692644177,20.796360086749914
525.6000000000005,26.116649692644177,20.59028540629523
525.6250000000005,26.3073371974889,20.68997955738774
525.6500000000004,26.3073371974889,23.576390149146782
525.6750000000005,26.518520582506333,23.73361122916367
525.7000000000005,26.518520582506333,23.788836422336608
525.7250000000005,26.61718110698923,26.37653319951908
525.7500000000005,26.61718110698923,19.488808776739617
525.7750000000004,26.7777215679772,19.09476225648633
525.8000000000005,26.7777215679772,19.47660550292687
525.8250000000005,27.046474846023216,12.26779045052911
525.8500000000005,27.046474846023216,12.25782166697828
525.8750000000005,27.197107605906428,12.671492201434292
525.9000000000004,27.197107605906428,23.24062525463295
525.9250000000005,27.34975108542452,24.876883660590448
525.9500000000005,27.34975108542452,29.832262877349375
525.9750000000005,27.510261737375487,29.699910162547713
526.0000000000005,27.510261737375487,30.037319683486395
526.0250000000004,27.668495670681537,29.099886848486722
526.0500000000005,27.668495670681537,29.095098898392706
526.0750000000005,27.775842946562424,29.064326548905928
526.1000000000005,27.775842946562424,29.236188713488765
526.1250000000005,27.82299999134984,28.936772585122434
526.1500000000004,27.82299999134984,28.771293899431825
526.1750000000005,27.887997622616783,31.178016163149955
526.2000000000005,27.887997622616783,31.44664214827591
526.2250000000005,28.03670658373532,31.397262125454464
526.2500000000005,28.03670658373532,31.663892376625817
526.2750000000004,28.261035305244263,30.462167202383426
526.3000000000005,28.261035305244263,30.253467041425925
526.3250000000005,28.4892520460556,29.593335944678156
526.3500000000005,28.4892520460556,28.577746914140434
526.3750000000005,28.86245134272724,28.54402601890466
526.4000000000004,28.86245134272724,28.231147063580188
526.4250000000005,29.388366588536517,28.15835466167596
526.4500000000005,29.388366588536517,31.848462015774885
526.4750000000005,30.015503500898472,31.795115382460043
526.5000000000005,30.015503500898472,26.222089379756948
526.5250000000004,30.79673140518585,24.748575460732805
526.5500000000005,30.79673140518585,24.797622865362147
526.5750000000005,31.51693258215957,24.367053673376667
526.6000000000005,31.51693258215957,26.245786864282273
526.6250000000005,32.2584368734232,26.142495545932732
526.6500000000004,32.2584368734232,24.708203328003247
526.6750000000005,33.11247815712239,17.575993204790546
526.7000000000005,33.11247815712239,17.759111660762173
526.7250000000005,33.916202646973865,27.98312214601776
526.7500000000005,33.916202646973865,27.072240363111685
526.7750000000004,34.5299345147051,26.544604818842846
526.8000000000005,34.5299345147051,32.309838801141744
526.8250000000005,35.05536081922326,32.09237958576045
526.8500000000005,35.05536081922326,31.587682202372786
526.8750000000005,35.5002847973311,31.78113366144186
526.9000000000004,35.5002847973311,34.59325251252259
526.9250000000005,35.900999052027835,35.25363792493194
526.9500000000005,35.900999052027835,35.09794752342721
526.9750000000005,36.28704536199179,35.611583739380286
527.0000000000005,36.28704536199179,35.21084950779036
527.0250000000004,36.7432868546031,34.72979303757435
527.0500000000005,36.7432868546031,34.285559052720444
527.0750000000005,37.07805228855743,34.69482274907846
527.1000000000005,37.07805228855743,34.875988145998285
527.1250000000005,37.47069669415116,35.18640563346508
527.1500000000004,37.47069669415116,35.0791021489577
527.1750000000005,37.90142140960708,34.93817353875973
527.2000000000005,37.90142140960708,35.44067785943314
527.2250000000005,38.2866126595123,30.88995208508498
527.2500000000005,38.2866126595123,30.872122570014444
527.2750000000004,38.56805092755602,31.09212764128102
527.3000000000005,38.56805092755602,36.74830513394174
527.3250000000005,38.68285874294471,34.80940609317719
527.3500000000005,38.68285874294471,35.46628772266013
527.3750000000005,38.81640248174456,37.28849847808105
527.4000000000004,38.81640248174456,37.363396186909824
527.4250000000005,38.94388573651387,37.161060367662316
527.4500000000005,38.94388573651387,37.39039962755738
527.4750000000005,39.1313720547439,37.64470785041073
527.5000000000005,39.1313720547439,37.642081075596394
527.5250000000004,39.49345311100194,37.53487419607318
527.5500000000005,39.49345311100194,37.59145268552848
527.5750000000005,38.80984717314519,37.5832821125841
527.6000000000005,38.80984717314519,37.3331119596234
527.6250000000005,38.397692198045874,35.17243873716695
527.6500000000004,38.397692198045874,35.39396080340504
527.6750000000005,38.01485935663539,35.16473599986765
527.7000000000005,38.01485935663539,34.90804453949975
527.7250000000005,37.685275224924766,34.782403759259374
527.7500000000005,37.685275224924766,33.94175911178755
527.7750000000004,37.44192039762005,34.72249678807861
527.8000000000005,37.44192039762005,33.896834505538536
527.8250000000005,37.37646021818012,34.375537605404446
527.8500000000005,37.37646021818012,34.077788700713064
527.8750000000005,37.34956965180809,33.70141461568061
527.9000000000004,37.34956965180809,34.089328498014766
527.9250000000005,37.20700927300644,34.471006790530176
527.9500000000005,37.20700927300644,27.988518852236645
527.9750000000005,37.03054626524499,31.412531904044634
528.0000000000005,37.03054626524499,31.506490753993113
528.0250000000004,36.85288915241711,31.422265908818808
528.0500000000005,36.85288915241711,31.695848242296698
528.0750000000005,36.72636480196469,31.39218844680292
528.1000000000005,36.72636480196469,31.57422082995341
528.1250000000005,36.65538891481553,31.636283804814333
528.1500000000004,36.65538891481553,31.430241462143325
528.1750000000005,36.53207751967469,31.332807694901557
528.2000000000005,36.53207751967469,30.847915975038415
528.2250000000005,36.33963951487429,36.03395790203497
528.2500000000005,36.33963951487429,36.79493455705151
528.2750000000004,36.25752049218091,36.42823187752154
528.3000000000005,36.25752049218091,36.21990475173164
528.3250000000005,36.06948186876547,36.1245736513104
528.3500000000005,36.06948186876547,36.30440650411843
528.3750000000005,36.0008587276803,35.41157741418151
528.4000000000004,36.0008587276803,35.39583651250751
528.4250000000005,35.90313111897248,35.36259733096896
528.4500000000005,35.90313111897248,36.084807613794744
528.4750000000005,35.82176396437396,36.27872925404862
528.5000000000005,35.82176396437396,36.27925941901017
528.5250000000004,35.7342211027304,36.07038782928046
528.5500000000005,35.7342211027304,36.45530273922588
528.5750000000005,35.5640554051446,35.858452579874545
528.6000000000005,35.5640554051446,35.97726865986405
528.6250000000005,35.21350681728835,35.355141284600165
528.6500000000004,35.21350681728835,34.75629714422253
528.6750000000005,34.772459805216556,34.08798875202392
528.7000000000005,34.772459805216556,35.60407546742942
528.7250000000005,34.43800478756353,36.00321882594461
528.7500000000005,34.43800478756353,35.68093112367142
528.7750000000004,34.28405213413576,35.289915912582615
528.8000000000005,34.28405213413576,35.65604909705709
528.8250000000005,34.002939692500604,35.358595326985196
528.8500000000005,34.002939692500604,35.0915466567259
528.8750000000005,33.728464515044834,34.96057406282668
528.9000000000004,33.728464515044834,35.17787145746549
528.9250000000005,33.52045230886975,35.290630771630305
528.9500000000005,33.52045230886975,35.18328850128409
528.9750000000005,33.35217186079173,34.9340683567917
529.0000000000005,33.35217186079173,34.73850360247647
529.0250000000004,33.22399211633716,34.52155750166962
529.0500000000005,33.22399211633716,33.09739414739282
529.0750000000005,33.051130758977706,33.17966931858182
529.1000000000005,33.051130758977706,33.3621863321591
529.1250000000005,32.7682530883915,33.21403473908393
529.1500000000004,32.7682530883915,32.97984259639383
529.1750000000005,32.43800194919406,32.635245773387844
529.2000000000005,32.43800194919406,32.77653232015436
529.2250000000005,32.1337057175528,32.74580720206512
529.2500000000005,32.1337057175528,33.089137650644616
529.2750000000004,31.78729870830567,32.44571110322373
529.3000000000005,31.78729870830567,32.135246768979485
529.3250000000005,31.437644193531256,32.85485351911535
529.3500000000005,31.437644193531256,32.790133346090144
529.3750000000005,31.25532662323262,33.12994437916208
529.4000000000004,31.25532662323262,33.7254898044947
529.4250000000005,31.12388524099042,34.28045316286802
529.4500000000005,31.12388524099042,32.87753289508575
529.4750000000005,31.01489136972046,32.6584119103862
529.5000000000005,31.01489136972046,32.061753579284336
529.5250000000004,30.839518224215496,30.522029061548093
529.5500000000005,30.839518224215496,33.913018599963046
529.5750000000005,30.66484784627528,32.95900782166304
529.6000000000005,30.66484784627528,33.8883099626611
529.6250000000005,30.527693964251327,33.37668419746883
529.6500000000004,30.527693964251327,33.745934628665324
529.6750000000005,30.366944452703848,33.6012005519782
529.7000000000005,30.366944452703848,33.90057536856549
529.7250000000005,30.345747499677316,34.04199293365503
529.7500000000005,30.345747499677316,33.83246741377094
529.7750000000004,30.36473184514682,26.01993419799507
529.8000000000005,30.36473184514682,26.149996864860228
529.8250000000005,30.31849821191831,23.246029282718087
529.8500000000005,30.31849821191831,33.782984437486974
529.8750000000005,30.30096857199935,33.33704505653597
529.9000000000004,30.30096857199935,25.186460428254037
529.9250000000005,30.322842527718535,22.14849946888374
529.9500000000005,30.322842527718535,22.342884010203193
529.9750000000005,30.21737508867905,22.059980622415896
530.0000000000005,30.21737508867905,21.054434987164765
530.0250000000004,29.763313941033914,20.785627826408454
530.0500000000005,29.763313941033914,25.323907611108403
530.0750000000005,29.24702376586565,25.208019398534546
530.1000000000005,29.24702376586565,25.355021655314808
530.1250000000005,28.832854119574876,25.05327866511459
530.1500000000004,28.832854119574876,24.901476525622762
530.1750000000005,28.394525059303817,24.740898936462443
530.2000000000005,28.394525059303817,24.54889904762949
530.2250000000005,27.802242603053344,24.60875866607646
530.2500000000005,27.802242603053344,24.49233661590847
530.2750000000004,27.17743018947077,24.442363549024165
530.3000000000005,27.17743018947077,24.850325945174067
530.3250000000005,26.71074676806569,25.191176716789933
530.3500000000005,26.71074676806569,25.677929948568917
530.3750000000005,26.334412484139463,32.21043283696454
530.4000000000004,26.334412484139463,32.25940550114546
530.4250000000005,26.01045652989427,25.486370465271108
530.4500000000005,26.01045652989427,25.45849279379528
530.4750000000005,25.813568273930173,25.271205324788877
530.5000000000005,25.813568273930173,24.458946406718596
530.5250000000004,25.63958029171556,24.345945818004296
530.5500000000005,25.63958029171556,24.384166824359585
530.5750000000005,25.446829646878967,24.278608541837475
530.6000000000005,25.446829646878967,23.155757878064502
530.6250000000005,25.316882067016437,23.37575417192568
530.6500000000004,25.316882067016437,23.73600902582764
530.6750000000005,25.16702210583827,23.76957602535781
530.7000000000005,25.16702210583827,22.922233874069743
530.7250000000005,24.879803303499344,22.356686440798555
530.7500000000005,24.879803303499344,22.744420351712
530.7750000000004,24.56136574568896,22.748551546919874
530.8000000000005,24.56136574568896,24.319689736480893
530.8250000000005,24.21732301171093,23.668254535100562
530.8500000000005,24.21732301171093,24.102914273294278
530.8750000000005,23.900204027294933,15.95981535368079
530.9000000000004,23.900204027294933,15.951699890417553
530.9250000000005,23.515861606797145,14.92500495857258
530.9500000000005,23.515861606797145,14.73677143790579
530.9750000000005,23.174027359982887,15.077207784508767
531.0000000000005,23.174027359982887,21.949193793069917
531.0250000000004,22.925694759210543,21.64599403146459
531.0500000000005,22.925694759210543,21.731195160481228
531.0750000000005,22.80218774957939,21.843294399364314
531.1000000000005,22.80218774957939,23.921892740065147
531.1250000000005,22.65667365141121,23.82380850073522
531.1500000000004,22.65667365141121,23.761965207350066
531.1750000000005,22.558107129130292,26.348062691970284
531.2000000000005,22.558107129130292,24.564925027298983
531.2250000000005,22.37814140476449,25.552834042031478
531.2500000000005,22.37814140476449,21.995061033254114
531.2750000000004,22.213715832393078,21.769483847906223
531.3000000000005,22.213715832393078,20.082118990452212
531.3250000000005,22.163101921183596,19.363285796053297
531.3500000000005,22.163101921183596,19.07611080318562
531.3750000000005,22.15495958094054,18.402899148018236
531.4000000000004,22.15495958094054,18.43641231365862
531.4250000000005,22.142814496970146,18.360045386669615
531.4500000000005,22.142814496970146,18.685049566089337
531.4750000000005,22.13305133412294,18.77076834401433
531.5000000000005,22.13305133412294,12.934783250789831
531.5250000000004,22.175150042666985,18.96369693364884
531.5500000000005,22.175150042666985,18.881840109178956
531.5750000000005,22.26543808856252,19.252091233417477
531.6000000000005,22.26543808856252,18.520722608680053
531.6250000000005,22.42954536551315,18.322162597358087
531.6500000000004,22.42954536551315,18.45752737459105
531.6750000000005,22.575632067998384,18.4072040012488
531.7000000000005,22.575632067998384,19.842417404501425
531.7250000000005,22.75929941009393,18.6151469640902
531.7500000000005,22.75929941009393,19.242195512265056
531.7750000000004,22.980958010818412,18.044852354279218
531.8000000000005,22.980958010818412,21.652142244609287
531.8250000000005,23.25268923397944,21.38367463980887
531.8500000000005,23.25268923397944,21.246863995910868
531.8750000000005,22.949360858297155,18.56775520321412
531.9000000000004,22.949360858297155,17.02891005880562
531.9250000000005,22.377352376643245,16.762085837854798
531.9500000000005,22.377352376643245,16.866070972628535
531.9750000000005,21.828309196296587,16.55511825841141
532.0000000000005,21.828309196296587,15.93023308777256
532.0250000000004,21.189689177269216,22.54498533239509
532.0500000000005,21.189689177269216,22.440939398526872
532.0750000000005,20.460532635679,24.614312064436394
532.1000000000005,20.460532635679,23.838479871019587
532.1250000000005,19.743931730064716,18.618978549720076
532.1500000000004,19.743931730064716,12.762873043736699
532.1750000000005,18.977194784935534,12.978678060736813
532.2000000000005,18.977194784935534,12.644555914638453
532.2250000000005,18.13832030651433,12.753106162531887
532.2500000000005,18.13832030651433,12.758031808093817
532.2750000000004,17.275256185334726,12.21766870436097
532.3000000000005,17.275256185334726,12.214236268397697
532.3250000000005,16.545845740743943,12.363982952781857
532.3500000000005,16.545845740743943,12.24632533206879
532.3750000000005,15.98446470005473,8.42545347559463
532.4000000000004,15.98446470005473,8.456243648464286
532.4250000000005,15.571275799309873,8.502419376653013
532.4500000000005,15.571275799309873,8.568394529069217
532.4750000000005,15.199458433501533,13.707543315399505
532.5000000000005,15.199458433501533,13.057327465723633
532.5250000000004,14.716512684197525,8.48915818183962
532.5500000000005,14.716512684197525,8.772716960809428
532.5750000000005,14.093699503372164,12.05942179839957
532.6000000000005,14.093699503372164,11.866113924520256
532.6250000000005,13.213344086911704,11.911275541274845
532.6500000000004,13.213344086911704,11.013091987861634
532.6750000000005,12.547298612776274,10.064002657563654
532.7000000000005,12.547298612776274,10.517115597357696
532.7250000000005,11.946388191380791,10.618696119797725
532.7500000000005,11.946388191380791,9.680026352388841
532.7750000000004,11.354705838142053,9.832632445890676
532.8000000000005,11.354705838142053,9.744147881235634
532.8250000000005,10.754886964185275,9.56080408876061
532.8500000000005,10.754886964185275,9.222028420972936
532.8750000000005,10.264320686076417,9.091860703842325
532.9000000000004,10.264320686076417,9.260094345927655
532.9250000000005,9.80019185211468,9.016268624067193
532.9500000000005,9.80019185211468,8.867127937668794
532.9750000000005,9.321454905706219,8.196177268500682
533.0000000000005,9.321454905706219,7.970068062399353
533.0250000000004,8.872651091678605,8.08977388455495
533.0500000000005,8.872651091678605,7.671981205267565
533.0750000000005,8.516220711757,11.505590032539594
533.1000000000005,8.516220711757,11.350627429816388
533.1250000000005,8.316083234103246,11.175083181428011
533.1500000000004,8.316083234103246,8.319770486150787
533.1750000000005,8.179388895190996,7.853502066980993
533.2000000000005,8.179388895190996,8.910442348976172
533.2250000000005,8.013582287017485,8.635575465339429
533.2500000000005,8.013582287017485,8.96904189474583
533.2750000000004,7.885191381083118,9.073358202435148
533.3000000000005,7.885191381083118,7.727916417395334
533.3250000000005,7.7564168083547,7.723820813085065
533.3500000000005,7.7564168083547,8.668318917785928
533.3750000000005,7.671430370000664,7.455093567634998
533.4000000000004,7.671430370000664,7.1246156616177405
533.4250000000005,7.665995447052353,5.880454545656254
533.4500000000005,7.665995447052353,5.9152717443139124
533.4750000000005,7.648476758609718,5.969165703513856
533.5000000000005,7.648476758609718,6.106039075790868
533.5250000000004,7.537926983324994,8.654289711165676
533.5500000000005,7.537926983324994,8.385584738871074
533.5750000000005,7.481764822186435,8.359793560947441
533.6000000000005,7.481764822186435,8.290263256584176
533.6250000000005,7.4996813632705255,7.989655993140326
533.6500000000004,7.4996813632705255,6.531420206618106
533.6750000000005,7.551746254106618,6.661087415477524
533.7000000000005,7.551746254106618,5.251478417445972
533.7250000000005,7.587543116511554,5.488728695125737
533.7500000000005,7.587543116511554,5.537685639680136
533.7750000000004,7.644066640928443,5.444947646722808
533.8000000000005,7.644066640928443,5.323257853910909
533.8250000000005,7.806565908249581,5.61523519966664
533.8500000000005,7.806565908249581,5.671780335001136
533.8750000000005,7.995897339928561,5.9126465770066705
533.9000000000004,7.995897339928561,6.073310097621405
533.9250000000005,8.221886752624556,13.758448943154137
533.9500000000005,8.221886752624556,13.726195244304053
533.9750000000005,8.4454301312676,13.836381839833654
534.0000000000005,8.4454301312676,14.178584053932433
534.0250000000004,8.716044398274434,13.617549108767534
534.0500000000005,8.716044398274434,13.393841473286345
534.0750000000005,8.93273971843692,13.64142046607046
534.1000000000005,8.93273971843692,13.70061850288722
534.1250000000005,9.139982640000838,13.808530326006927
534.1500000000004,9.139982640000838,14.309838690978546
534.1750000000005,9.300888633908286,14.005596847331992
534.2000000000005,9.300888633908286,14.156375725826297
534.2250000000005,9.421975430590393,14.039409545733536
534.2500000000005,9.421975430590393,13.904671045025315
534.2750000000004,9.568275278996438,14.054954801462166
534.3000000000005,9.568275278996438,16.58687571135337
534.3250000000005,9.707204668907181,16.41981636098561
534.3500000000005,9.707204668907181,7.777739737206485
534.3750000000005,9.785362833676885,7.454309493924286
534.4000000000004,9.785362833676885,7.6466789403274
534.4250000000005,9.855679457426419,7.418067778526851
534.4500000000005,9.855679457426419,7.439961185149783
534.4750000000005,9.901777002067064,7.636577923517898
534.5000000000005,9.901777002067064,7.663363008850722
534.5250000000004,9.92199904982148,7.454001520205974
534.5500000000005,9.92199904982148,7.0223479325957525
534.5750000000005,9.933842298340664,7.173426411546009
534.6000000000005,9.933842298340664,7.47946908854731
534.6250000000005,9.914150861292796,7.029590375554917
534.6500000000004,9.914150861292796,7.580602993033824
534.6750000000005,9.860784047060818,7.100818489600561
534.7000000000005,9.860784047060818,6.940093995300349
534.7250000000005,9.780551895650916,12.343272533999297
534.7500000000005,9.780551895650916,7.29444458410327
534.7750000000004,9.649329342955724,6.871525080494449
534.8000000000005,9.649329342955724,6.977283677854482
534.8250000000005,9.468847103729047,6.877738662808693
534.8500000000005,9.468847103729047,7.589967277254945
534.8750000000005,9.223659093770195,8.822643471044229
534.9000000000004,9.223659093770195,14.892723922259425
534.9250000000005,8.979050040804836,10.817678251758196
534.9500000000005,8.979050040804836,10.829797802632072
534.9750000000005,8.83647951953752,10.672905374512418
535.0000000000005,8.83647951953752,10.21386914568943
535.0250000000004,8.616471785370578,10.141279252530946
535.0500000000005,8.616471785370578,9.706615744053408
535.0750000000005,8.449786103453917,10.328049827951041
535.1000000000005,8.449786103453917,10.245297469867376
535.1250000000005,8.290216232562955,10.481928653322024
535.1500000000004,8.290216232562955,6.773398575481113
535.1750000000005,8.184330800502963,5.5510652998762104
535.2000000000005,8.184330800502963,6.605894202856104
535.2250000000005,8.14083587981284,5.541830288388609
535.2500000000005,8.14083587981284,5.188416648970466
535.2750000000004,8.123705080437716,5.193909123853041
535.3000000000005,8.123705080437716,5.159195043834553
535.3250000000005,8.093574345511641,5.268430628478378
535.3500000000005,8.093574345511641,5.039259222598891
535.3750000000005,8.061848832183557,5.039259222598891
535.4000000000004,8.061848832183557,4.8140326494504455
535.4250000000005,8.04523117099184,4.901751560565972
535.4500000000005,8.04523117099184,5.16723987183977
535.4750000000005,8.058072917530978,5.243118643843835
535.5000000000005,8.058072917530978,5.195674357946656
535.5250000000004,8.107660901681314,5.509580539998244
535.5500000000005,8.107660901681314,5.639853841105527
535.5750000000005,8.16686895573828,5.395664994938856
535.6000000000005,8.16686895573828,5.384758722860258
535.6250000000005,8.195459609662961,5.650866351774868
535.6500000000004,8.195459609662961,6.963430000748063
535.6750000000005,8.205129851074119,6.876143236403505
535.7000000000005,8.205129851074119,14.10025732018559
535.7250000000005,8.229784097761481,14.057465660866507
535.7500000000005,8.229784097761481,14.228726738985877
535.7750000000004,8.295969796162524,14.312181989726293
535.8000000000005,8.295969796162524,14.561909056737225
535.8250000000005,8.369037508147755,18.324467040994584
535.8500000000005,8.369037508147755,18.964696617716385
535.8750000000005,8.447021246669195,18.5730370712481
535.9000000000004,8.447021246669195,18.272644080010096
535.9250000000005,8.604190861592045,18.2419221558366
535.9500000000005,8.604190861592045,18.125807052297287
535.9750000000005,8.716688705055802,6.853519093301491
536.0000000000005,8.716688705055802,7.379940503018737
536.0250000000004,8.866183935338483,7.115221529085971
536.0500000000005,8.866183935338483,7.429193828966353
536.0750000000005,9.043025021406919,7.61840637383908
536.1000000000005,9.043025021406919,7.6533979810119535
536.1250000000005,9.175352425699487,7.426101189015229
536.1500000000004,9.175352425699487,7.366431869866843
536.1750000000005,9.320465857910236,7.687751900988831
536.2000000000005,9.320465857910236,7.640192128305716
536.2250000000005,9.462982274470846,8.23027134948642
536.2500000000005,9.462982274470846,8.230015881644425
536.2750000000004,9.561253423605635,12.050457178098702
536.3000000000005,9.561253423605635,12.474264323015277
536.3250000000005,9.717711244172165,11.587666460799891
536.3500000000005,9.717711244172165,11.319225575121198
536.3750000000005,9.879772650796298,8.557850926763644
536.4000000000004,9.879772650796298,9.032397167647387
536.4250000000005,9.977515606603589,7.749972413321334
536.4500000000005,9.977515606603589,7.742138634269853
536.4750000000005,10.040736810947934,7.62694550146286
536.5000000000005,10.040736810947934,7.675633473811251
536.5250000000004,10.034989383226701,6.322458741270894
536.5500000000005,10.034989383226701,7.46475905385576
536.5750000000005,9.994300644755185,5.561938032833963
536.6000000000005,9.994300644755185,14.533472397952256
536.6250000000005,9.956435865024389,14.46254332928987
536.6500000000004,9.956435865024389,14.491000920124783
536.6750000000005,9.920726446529045,14.950669935137096
536.7000000000005,9.920726446529045,14.762210214118424
536.7250000000005,9.900330515075979,14.820955496257078
536.7500000000005,9.900330515075979,14.654602429357753
536.7750000000004,9.902138916599924,14.363797236960988
536.8000000000005,9.902138916599924,12.047046800131747
536.8250000000005,9.858247273808601,11.926864762883108
536.8500000000005,9.858247273808601,12.036738397521892
536.8750000000005,9.795303675041353,14.316278197998543
536.9000000000004,9.795303675041353,14.444739100096974
536.9250000000005,9.707259287818403,16.915807138155603
536.9500000000005,9.707259287818403,16.44451769382375
536.9750000000005,9.564841788313004,16.37354180764481
537.0000000000005,9.564841788313004,16.61375508469448
537.0250000000004,9.372187213029562,16.529894240117034
537.0500000000005,9.372187213029562,16.510874732011374
537.0750000000005,9.23519016277642,16.993534754317672
537.1000000000005,9.23519016277642,7.469942997444662
537.1250000000005,9.075451699163764,7.432090586817395
537.1500000000004,9.075451699163764,7.414192533551743
537.1750000000005,8.889589764761084,7.451909833939154
537.2000000000005,8.889589764761084,7.469368622960184
537.2250000000005,8.584271372179884,7.571611073307833
537.2500000000005,8.584271372179884,7.232560809454096
537.2750000000004,8.152762922831158,7.401102438260697
537.3000000000005,8.152762922831158,7.480628869089056
537.3250000000005,7.593924371726445,7.544589608359313
537.3500000000005,7.593924371726445,7.183503596442591
537.3750000000005,7.137358928470562,6.2390888643208475
537.4000000000004,7.137358928470562,6.126636688177983
537.4250000000005,6.7217825633486825,5.989242858292482
537.4500000000005,6.7217825633486825,5.818782082105214
537.4750000000005,6.135553217077955,5.801333792778645
537.5000000000005,6.135553217077955,6.721957406127557
537.5250000000004,5.919385535777195,6.569641489921402
537.5500000000005,5.919385535777195,6.602262237116755
537.5750000000005,5.653096106463764,5.950885945893506
537.6000000000005,5.653096106463764,6.051627549257749
537.6250000000005,5.407882333825597,5.772356689180834
537.6500000000004,5.407882333825597,6.157374559857277
537.6750000000005,5.011354739611207,5.974933619582621
537.7000000000005,5.011354739611207,5.647570106303851
537.7250000000005,4.817596141988815,5.728660487324529
537.7500000000005,4.817596141988815,5.707885308722777
537.7750000000004,4.7895988342268225,5.774038828631903
537.8000000000005,4.7895988342268225,5.768399431278104
537.8250000000005,4.6684939878044815,5.697277379546072
537.8500000000005,4.6684939878044815,5.605117132848772
537.8750000000005,4.542695972422919,5.46436169360898
537.9000000000004,4.542695972422919,5.3900730634109415
537.9250000000005,4.506137886096283,5.88055289481108
537.9500000000005,4.506137886096283,6.16716095089242
537.9750000000005,4.388294551557138,5.256950168182863
538.0000000000005,4.388294551557138,5.444399978991928
538.0250000000004,4.2163498316247825,5.306422919061285
538.0500000000005,4.2163498316247825,5.186186201011319
538.0750000000005,4.149813529953022,5.100251935107389
538.1000000000005,4.149813529953022,5.119965521761951
538.1250000000005,4.012223194585545,5.127233252808444
538.1500000000004,4.012223194585545,4.693055829617174
538.1750000000005,3.898175257994396,4.721710415300234
538.2000000000005,3.898175257994396,4.762759800296569
538.2250000000005,3.8246092712950457,4.79054954944632
538.2500000000005,3.8246092712950457,4.685469225380676
538.2750000000004,3.6951117999198004,4.7804202322623075
538.3000000000005,3.6951117999198004,4.846748381981154
538.3250000000005,3.673657698538804,5.1006649107560325
538.3500000000005,3.673657698538804,5.034925685607141
538.3750000000005,3.6182137951689413,4.964811597521176
538.4000000000004,3.6182137951689413,4.997810896514972
538.4250000000005,3.6408544770988414,4.783478360768903
538.4500000000005,3.6408544770988414,4.798177999832582
538.4750000000005,3.6636254200419955,4.7474361188672445
538.5000000000005,3.6636254200419955,4.78383488995031
538.5250000000004,3.493041651528884,4.780759964037117
538.5500000000005,3.493041651528884,4.994599762415395
538.5750000000005,3.3609201759609846,5.0553162064410095
538.6000000000005,3.3609201759609846,3.912987442541308
538.6250000000005,3.3031415225169667,3.953246464439072
538.6500000000004,3.3031415225169667,3.9326283609473025
538.6750000000005,3.3425466025328205,3.766199673058898
538.7000000000005,3.3425466025328205,3.8095157463591347
538.7250000000005,3.379375318870075,4.989264857275526
538.7500000000005,3.379375318870075,4.857143941269052
538.7750000000004,3.248089328234002,4.99476655687051
538.8000000000005,3.248089328234002,4.0086525698410505
538.8250000000005,2.9244250588293994,4.054470763665103
538.8500000000005,2.9244250588293994,3.961111176189429
538.8750000000005,2.7306226789910397,3.7384847346194614
538.9000000000004,2.7306226789910397,3.6269824548241214
538.9250000000005,2.6271515377438845,3.7886111448012354
538.9500000000005,2.6271515377438845,3.7298776227648585
538.9750000000005,2.6448993644074363,3.6443497299160863
539.0000000000005,2.6448993644074363,3.6356853924797514
539.0250000000004,2.7012935368234565,5.042537375133259
539.0500000000005,2.7012935368234565,5.19690014093396
539.0750000000005,2.7240986296990854,5.173467008257356
539.1000000000005,2.7240986296990854,4.971466181342534
539.1250000000005,2.760731173428624,5.16362588146688
539.1500000000004,2.760731173428624,5.058248109591524
539.1750000000005,2.8718872712946393,4.978357040080563
539.2000000000005,2.8718872712946393,4.684712623502024
539.2250000000005,3.036797828281564,4.8662412102917445
539.2500000000005,3.036797828281564,4.94518137476875
539.2750000000004,3.1849964693204242,4.903342421471154
539.3000000000005,3.1849964693204242,5.106414364109806
539.3250000000005,3.3353136721391934,5.035557488297144
539.3500000000005,3.3353136721391934,6.873176433713956
539.3750000000005,3.51674683166938,5.117985238515324
539.4000000000004,3.51674683166938,5.0609066352617065
539.4250000000005,3.5407909456451137,5.3329782463778095
539.4500000000005,3.5407909456451137,5.214523217620046
539.4750000000005,3.379482859191924,4.687020959255961
539.5000000000005,3.379482859191924,4.607686453938984
539.5250000000004,3.228438646927927,4.623624994794529
539.5500000000005,3.228438646927927,4.915834854175446
539.5750000000005,3.201989055765125,4.895258775275327
539.6000000000005,3.201989055765125,6.938697187534396
539.6250000000005,3.181613849667457,5.027650271962521
539.6500000000004,3.181613849667457,4.556156355083382
539.6750000000005,3.1011540642367805,4.81610592467355
539.7000000000005,3.1011540642367805,6.09587314548002
539.7250000000005,2.9015725558020335,5.216433722592477
539.7500000000005,2.9015725558020335,5.108553131618984
539.7750000000004,2.7361273779976614,5.362454661091433
539.8000000000005,2.7361273779976614,5.504987249098084
539.8250000000005,2.606349207270327,5.28480084530577
539.8500000000005,2.606349207270327,5.356968024955649
539.8750000000005,2.528763125527476,5.289550049456219
539.9000000000004,2.528763125527476,5.05601422305738
539.9250000000005,2.732041499529217,5.12629290169929
539.9500000000005,2.732041499529217,5.046587231701795
539.9750000000005,2.797693613911079,5.245489281633853
540.0000000000005,2.797693613911079,5.491291015130403
540.0250000000004,2.858552397259402,5.401330812779982
540.0500000000005,2.858552397259402,5.240472122798581
540.0750000000005,2.8365452341739967,5.135590399728968
540.1000000000005,2.8365452341739967,5.226215462789182
540.1250000000005,2.7453804079268167,4.337268683900812
540.1500000000004,2.7453804079268167,4.500400818563028
540.1750000000005,2.6785053582354834,4.787067896286407
540.2000000000005,2.6785053582354834,5.026102422181487
540.2250000000005,2.7345281712574376,5.126497232800068
540.2500000000005,2.7345281712574376,4.722667380641861
540.2750000000004,2.757740792846704,4.998092040244501
540.3000000000005,2.757740792846704,4.163180103687342
540.3250000000005,2.856963844298221,4.456153717561979
540.3500000000005,2.856963844298221,4.641087095362517
540.3750000000005,3.062901457767353,4.558933592455655
540.4000000000004,3.062901457767353,4.39672561073527
540.4250000000005,3.3635417002486463,4.4410511254737655
540.4500000000005,3.3635417002486463,4.409987310188276
540.4750000000005,3.5832876484680156,5.205082902034519
540.5000000000005,3.5832876484680156,5.941745816038191
540.5250000000004,3.803733897526996,5.949519971976087
540.5500000000005,3.803733897526996,8.540075581644935
540.5750000000005,4.102885167839744,8.4810442958556
540.6000000000005,4.102885167839744,8.507932688922478
540.6250000000005,4.397424858981964,8.571925191060478
540.6500000000004,4.397424858981964,8.905098189750579
540.6750000000005,4.541896379443017,8.365691382617362
540.7000000000005,4.541896379443017,8.255376128450626
540.7250000000005,4.679521915603203,8.245858586259544
540.7500000000005,4.679521915603203,8.230707807696833
540.7750000000004,4.777146973534883,8.126223726542655
540.8000000000005,4.777146973534883,10.146842171251235
540.8250000000005,4.872102544441475,10.673943410768283
540.8500000000005,4.872102544441475,10.150060234319604
540.8750000000005,5.058148873696439,8.287208227010952
540.9000000000004,5.058148873696439,10.546518231009681
540.9250000000005,5.261248819713657,10.625349525895322
540.9500000000005,5.261248819713657,11.081011274316696
540.9750000000005,5.437918660579484,8.823421698777741
541.0000000000005,5.437918660579484,6.8961714160535825
541.0250000000004,5.690788140190406,9.283214175927545
541.0500000000005,5.690788140190406,9.716219853289166
541.0750000000005,6.032931098649797,9.352934688318939
541.1000000000005,6.032931098649797,9.178460745520972
541.1250000000005,6.482839493955495,9.14396062063155
541.1500000000004,6.482839493955495,9.0707584393427
541.1750000000005,7.03909154108662,7.081443711248629
541.2000000000005,7.03909154108662,7.803084195724377
541.2250000000005,7.494056664414259,7.649919549569537
541.2500000000005,7.494056664414259,7.783955147994065
541.2750000000004,7.810666849147367,7.820810548402952
541.3000000000005,7.810666849147367,7.389783998669525
541.3250000000005,8.067061739857678,7.471966323828753
541.3500000000005,8.067061739857678,7.659393265126957
541.3750000000005,8.238109840469306,7.452195193749835
541.4000000000004,8.238109840469306,7.8720184539961915
541.4250000000005,8.382189329915235,7.680670204096405
541.4500000000005,8.382189329915235,7.525014697610793
541.4750000000005,8.45661870305922,7.563545380374246
541.5000000000005,8.45661870305922,8.141109998604257
541.5250000000004,8.568970380885162,8.695197996048247
541.5500000000005,8.568970380885162,8.533837095166458
541.5750000000005,8.697165807123284,9.027147831712256
541.6000000000005,8.697165807123284,9.043230130442245
541.6250000000005,8.833079849205077,12.183211608265543
541.6500000000004,8.833079849205077,12.120076787435075
541.6750000000005,8.974589963970885,12.571127001326643
541.7000000000005,8.974589963970885,9.393784083424023
541.7250000000005,9.098917383277154,11.648864809754151
541.7500000000005,9.098917383277154,11.039816156967577
541.7750000000004,9.19159736052056,11.58868983826899
541.8000000000005,9.19159736052056,11.554719777427959
541.8250000000005,9.29111034445846,11.177706460223751
541.8500000000005,9.29111034445846,11.267709902094659
541.8750000000005,9.395535504400286,11.101415741838041
541.9000000000004,9.395535504400286,11.297172879078234
541.9250000000005,9.502651849002206,11.205476996774117
541.9500000000005,9.502651849002206,11.286571282322827
541.9750000000005,9.558814993468602,11.236594458296478
542.0000000000005,9.558814993468602,11.250767581285436
542.0250000000004,9.580338637013966,11.2657529221411
542.0500000000005,9.580338637013966,11.298603098429549
542.0750000000005,9.615042177695486,10.92764125935462
542.1000000000005,9.615042177695486,10.27739481237965
542.1250000000005,9.673711637131916,10.17784907609786
542.1500000000004,9.673711637131916,8.008026333904445
542.1750000000005,9.775410638731444,8.0149905148776
542.2000000000005,9.775410638731444,6.236512770361428
542.2250000000005,9.866235772372775,6.440677533154214
542.2500000000005,9.866235772372775,6.785008365061449
542.2750000000004,10.043622764119817,6.93524899231561
542.3000000000005,10.043622764119817,7.185572341305354
542.3250000000005,10.188747408917237,14.277711085873545
542.3500000000005,10.188747408917237,13.878674204005229
542.3750000000005,10.294751218105986,13.812544166366623
542.4000000000004,10.294751218105986,13.568926004859428
542.4250000000005,10.389900379619718,13.541676314791388
542.4500000000005,10.389900379619718,13.638945372783228
542.4750000000005,10.540529712974006,13.706491033134586
542.5000000000005,10.540529712974006,8.510305135456758
542.5250000000004,10.724545104379857,8.667965444689667
542.5500000000005,10.724545104379857,8.868314971168509
542.5750000000005,10.840995915011007,9.005458627913189
542.6000000000005,10.840995915011007,8.889033619834954
542.6250000000005,10.90920975859278,8.502865303434655
542.6500000000004,10.90920975859278,8.51917422970278
542.6750000000005,11.010666634197037,8.523296671646312
542.7000000000005,11.010666634197037,9.184932119811572
542.7250000000005,11.056214921713362,8.988354926032526
542.7500000000005,11.056214921713362,8.751959139504962
542.7750000000004,11.096377670134345,9.111641061559503
542.8000000000005,11.096377670134345,7.301088307345777
542.8250000000005,11.166406155522012,7.3227443421344045
542.8500000000005,11.166406155522012,7.114168334716493
542.8750000000005,11.260275903626507,7.028276454482031
542.9000000000004,11.260275903626507,6.503655583947566
542.9250000000005,11.319699926875401,6.440382009797559
542.9500000000005,11.319699926875401,12.22087711593917
542.9750000000005,11.378952308160379,12.247535575957627
543.0000000000005,11.378952308160379,12.312181263073489
543.0250000000004,11.467774910700001,16.972142133869507
543.0500000000005,11.467774910700001,16.9422079133573
543.0750000000005,11.73480796792576,16.907931431078577
543.1000000000005,11.73480796792576,16.88796762747933
543.1250000000005,12.029029441954222,17.021508185852174
543.1500000000004,12.029029441954222,15.948588783452289
543.1750000000005,12.1757987294623,15.94312188777368
543.2000000000005,12.1757987294623,15.841951378639108
543.2250000000005,12.321353401719492,15.585995988640141
543.2500000000005,12.321353401719492,15.995548093654527
543.2750000000004,12.524459181097285,15.890847041274979
543.3000000000005,12.524459181097285,15.78761532073048
543.3250000000005,12.764947061916288,15.873981129150645
543.3500000000005,12.764947061916288,15.914718421315941
543.3750000000005,12.982517169768983,15.748413506442901
543.4000000000004,12.982517169768983,15.781370160322197
543.4250000000005,13.216771947405263,16.13204144289291
543.4500000000005,13.216771947405263,16.152417397865136
543.4750000000005,13.519620773252257,16.957095326514175
543.5000000000005,13.519620773252257,16.95230345654157
543.5250000000004,13.865988183700935,13.846480931065905
543.5500000000005,13.865988183700935,14.693182668293105
543.5750000000005,14.20099538530178,14.493260574476842
543.6000000000005,14.20099538530178,12.999889082349505
543.6250000000005,14.692303601622143,9.761551570067882
543.6500000000004,14.692303601622143,10.402102646223916
543.6750000000005,15.029988685935336,11.867432307450626
543.7000000000005,15.029988685935336,11.527239902332106
543.7250000000005,15.390577242310798,11.465130100849835
543.7500000000005,15.390577242310798,13.844844809908395
543.7750000000004,15.715303639426452,13.85413837322634
543.8000000000005,15.715303639426452,13.864862284852315
543.8250000000005,16.034025235101396,13.713260696074625
543.8500000000005,16.034025235101396,17.388059937786824
543.8750000000005,16.449114498431612,17.608668415940816
543.9000000000004,16.449114498431612,17.092814549019547
543.9250000000005,16.940762084421664,16.929901638524026
543.9500000000005,16.940762084421664,16.876390145230303
543.9750000000005,17.52011195324377,16.915129524322204
544.0000000000005,17.52011195324377,17.191999039834368
544.0250000000004,17.982549574609138,17.13216331941886
544.0500000000005,17.982549574609138,16.258960292697797
544.0750000000005,18.242886413576997,16.59166350537705
544.1000000000005,18.242886413576997,16.62980728582148
544.1250000000005,18.489517899642806,16.669696399111892
544.1500000000004,18.489517899642806,16.785995711508733
544.1750000000005,18.595682795996282,16.80977953017954
544.2000000000005,18.595682795996282,16.371282546617216
544.2250000000005,18.66598435490424,16.252658716550346
544.2500000000005,18.66598435490424,16.176526360214694
544.2750000000004,18.779368330821384,16.248462347061874
544.3000000000005,18.779368330821384,16.204797204871525
544.3250000000005,19.02539161039698,16.332830415390344
544.3500000000005,19.02539161039698,16.85023103085057
544.3750000000005,19.333699261797065,15.94205888945478
544.4000000000004,19.333699261797065,16.625313298418984
544.4250000000005,19.506234541524066,16.707790874126296
544.4500000000005,19.506234541524066,16.84576534644521
544.4750000000005,19.674916903248757,18.12161660753631
544.5000000000005,19.674916903248757,18.16116631938741
544.5250000000004,19.752190166810962,17.770969418451415
544.5500000000005,19.752190166810962,17.938187004632077
544.5750000000005,19.747892696794736,18.09714280725532
544.6000000000005,19.747892696794736,17.98769624121835
544.6250000000005,19.695034784227772,18.185348158058144
544.6500000000004,19.695034784227772,18.2808353056796
544.6750000000005,19.681961103737507,18.1811323489147
544.7000000000005,19.681961103737507,18.473048987177368
544.7250000000005,19.825386509434253,19.78190339285281
544.7500000000005,19.825386509434253,19.002904284529176
544.7750000000004,20.13858597018016,18.979620863191744
544.8000000000005,20.13858597018016,18.972309421799988
544.8250000000005,20.545790038105906,18.714720166371727
544.8500000000005,20.545790038105906,18.518190957942704
544.8750000000005,20.900074523119272,14.5563501784094
544.9000000000004,20.900074523119272,14.884143158956784
544.9250000000005,21.286628878662412,14.298484018235497
544.9500000000005,21.286628878662412,14.666308660291843
544.9750000000005,21.734453304733805,15.251194025050111
545.0000000000005,21.734453304733805,15.407206160486176
545.0250000000004,22.257325989644144,14.930514461040543
545.0500000000005,22.257325989644144,14.903855973182642
545.0750000000005,22.711099184706256,15.137510757528862
545.1000000000005,22.711099184706256,15.587330427592319
545.1250000000005,22.935784273230567,15.477655005535023
545.1500000000004,22.935784273230567,16.189067992824814
545.1750000000005,23.12822203655952,18.007626219750623
545.2000000000005,23.12822203655952,16.779734829822555
545.2250000000005,23.33524154574026,16.7003079712719
545.2500000000005,23.33524154574026,14.188159128181626
545.2750000000004,23.67553555701558,14.987516562733715
545.3000000000005,23.67553555701558,14.22526803737435
545.3250000000005,24.145413282256428,14.43529689110078
545.3500000000005,24.145413282256428,15.406901562080701
545.3750000000005,24.589501792723695,14.027490832434214
545.4000000000004,24.589501792723695,14.144327897041844
545.4250000000005,25.055605028471916,14.127470204229112
545.4500000000005,25.055605028471916,14.22055091605105
545.4750000000005,25.523888580157518,15.722285821861785
545.5000000000005,25.523888580157518,15.627920539421282
545.5250000000004,26.118368543958496,15.799172438439834
545.5500000000005,26.118368543958496,15.783778986057165
545.5750000000005,26.662468677066116,16.294671051093403
545.6000000000005,26.662468677066116,14.877997199732636
545.6250000000005,27.191681381887207,15.52390530655934
545.6500000000004,27.191681381887207,16.412443768280685
545.6750000000005,27.768390694195105,16.12958884664216
545.7000000000005,27.768390694195105,16.557890807024634
545.7250000000005,28.399831545583424,17.578979759099425
545.7500000000005,28.399831545583424,21.214894854487806
545.7750000000004,29.11255491564188,20.885143562574203
545.8000000000005,29.11255491564188,20.328529041242124
545.8250000000005,29.60611854114154,19.675808536164723
545.8500000000005,29.60611854114154,28.6901762472727
545.8750000000005,29.94745079144657,28.11652114542104
545.9000000000004,29.94745079144657,29.725443263878496
545.9250000000005,30.51206992335186,31.435974171602673
545.9500000000005,30.51206992335186,31.353355292833804
545.9750000000005,31.04729043490542,30.89668785316725
546.0000000000005,31.04729043490542,30.39422894360321
546.0250000000004,31.518482572617216,30.05454792434981
546.0500000000005,31.518482572617216,30.21762195879178
546.0750000000005,32.146723886312685,30.42114117480216
546.1000000000005,32.146723886312685,29.980870329198524
546.1250000000005,32.74131473931081,30.86896380248657
546.1500000000004,32.74131473931081,30.86177756543139
546.1750000000005,32.8741292205266,30.40730364455478
546.2000000000005,32.8741292205266,30.270797819928024
546.2250000000005,32.77566428914221,30.679939855102052
546.2500000000005,32.77566428914221,30.51701694851355
546.2750000000004,32.71242097105656,30.406605331863265
546.3000000000005,32.71242097105656,30.634382213099993
546.3250000000005,32.72887101911874,30.292883603972367
546.3500000000005,32.72887101911874,30.621782643261035
546.3750000000005,32.751722912966486,31.80403025135854
546.4000000000004,32.751722912966486,31.58856891679202
546.4250000000005,32.74236208030776,31.435839376637073
546.4500000000005,32.74236208030776,31.87071152337965
546.4750000000005,32.718731705629,32.96426396328513
546.5000000000005,32.718731705629,33.089993856626855
546.5250000000004,32.63897639581627,33.17684151239776
546.5500000000005,32.63897639581627,33.22593522911329
546.5750000000005,32.537667608621234,34.08727519329571
546.6000000000005,32.537667608621234,33.97124654488303
546.6250000000005,32.422226564528884,34.091340487982976
546.6500000000004,32.422226564528884,34.746999538603234
546.6750000000005,32.263848055724225,33.39773452955062
546.7000000000005,32.263848055724225,33.67192581843237
546.7250000000005,32.04953897293919,34.016476493411176
546.7500000000005,32.04953897293919,31.18092101828876
546.7750000000004,31.90365847734688,31.21329479321262
546.8000000000005,31.90365847734688,31.216278554090835
546.8250000000005,31.70009524687471,31.272246559775844
546.8500000000005,31.70009524687471,30.656577216415094
546.8750000000005,31.40965150455456,30.99405541811983
546.9000000000004,31.40965150455456,30.94895208905602
546.9250000000005,31.199063294962684,30.797159506608267
546.9500000000005,31.199063294962684,31.20685843422414
546.9750000000005,30.964471680986037,31.21984083561066
547.0000000000005,30.964471680986037,31.4711154507105
547.0250000000004,30.746653557785535,31.47488580296541
547.0500000000005,30.746653557785535,30.984360799757123
547.0750000000005,30.677931959759903,30.79469204278123
547.1000000000005,30.677931959759903,30.96192747159358
547.1250000000005,30.71452143017656,30.848835419093522
547.1500000000004,30.71452143017656,30.74441634598395
547.1750000000005,30.732801889382742,30.88460156319788
547.2000000000005,30.732801889382742,30.82202483962374
547.2250000000005,30.722734169000844,30.797146757960387
547.2500000000005,30.722734169000844,30.76595987860381
547.2750000000004,30.720630401585098,31.11437407346109
547.3000000000005,30.720630401585098,31.163022755541697
547.3250000000005,30.657832924007366,31.28462304463773
547.3500000000005,30.657832924007366,31.132666977812363
547.3750000000005,30.515704200164038,31.0930580167523
547.4000000000004,30.515704200164038,25.940644832166445
547.4250000000005,30.375248518592343,25.942379338228488
547.4500000000005,30.375248518592343,34.81719702473431
547.4750000000005,30.176190218436574,34.58766012751695
547.5000000000005,30.176190218436574,34.494143168961884
547.5250000000004,29.91712168922544,25.630677522028332
547.5500000000005,29.91712168922544,25.979022150325655
547.5750000000005,29.718505011309233,25.3690095409611
547.6000000000005,29.718505011309233,25.811629689112625
547.6250000000005,29.54592619952608,25.78241805428636
547.6500000000004,29.54592619952608,25.976129891051382
547.6750000000005,29.51328492060658,25.94902710258477
547.7000000000005,29.51328492060658,25.799926618801983
547.7250000000005,29.639852637946944,25.59463197242394
547.7500000000005,29.639852637946944,25.49404377922617
547.7750000000004,29.984410917524002,25.290434429462934
547.8000000000005,29.984410917524002,35.61231604391871
547.8250000000005,30.403592861083737,35.51824157291806
547.8500000000005,30.403592861083737,35.50717489099027
547.8750000000005,31.1483791370068,35.70297503674013
547.9000000000004,31.1483791370068,35.68947676759162
547.9250000000005,31.869512422924345,34.479877119774
547.9500000000005,31.869512422924345,34.89081907657132
547.9750000000005,32.317120447776446,34.43474699052199
548.0000000000005,32.317120447776446,35.01778782514938
548.0250000000004,32.68019683668848,34.823673523270834
548.0500000000005,32.68019683668848,34.15588878990903
548.0750000000005,33.06923055964927,32.379129069149485
548.1000000000005,33.06923055964927,33.00014936750661
548.1250000000005,33.476505678864484,32.612308099645745
548.1500000000004,33.476505678864484,32.90242668485617
548.1750000000005,33.936439296248366,34.62943009495928
548.2000000000005,33.936439296248366,34.03288024266724
548.2250000000005,34.31515525620843,34.54053019096863
548.2500000000005,34.31515525620843,35.11822860164075
548.2750000000004,34.6655767677223,36.15277419676227
548.3000000000005,34.6655767677223,35.846555751602224
548.3250000000005,34.93084437335371,28.598427643932403
548.3500000000005,34.93084437335371,28.274593650325798
548.3750000000005,35.307576771880306,29.788745712225033
548.4000000000004,35.307576771880306,29.409419381817006
548.4250000000005,35.53195056841723,29.58670864278013
548.4500000000005,35.53195056841723,28.862153384779358
548.4750000000005,35.145040485862395,29.641065651606
548.5000000000005,35.145040485862395,29.683708756367654
548.5250000000004,34.86303418638107,29.72989943353555
548.5500000000005,34.86303418638107,29.739882426916548
548.5750000000005,34.621069513715234,30.06693624421125
548.6000000000005,34.621069513715234,30.452253338552694
548.6250000000005,34.46230846204929,30.63455630413612
548.6500000000004,34.46230846204929,29.918264348319717
548.6750000000005,34.31802388015352,29.393654070713783
548.7000000000005,34.31802388015352,29.39826756422727
548.7250000000005,34.16036293740033,29.273754173484313
548.7500000000005,34.16036293740033,29.38158704432864
548.7750000000004,33.90759235877173,29.399163105436546
548.8000000000005,33.90759235877173,29.33993079636809
548.8250000000005,33.52832723793753,30.449711142950388
548.8500000000005,33.52832723793753,30.251771853785456
548.8750000000005,33.08078567551902,27.19695465580399
548.9000000000004,33.08078567551902,29.37038876892896
548.9250000000005,32.64027289370075,29.811485339541342
548.9500000000005,32.64027289370075,30.28231760022267
548.9750000000005,32.190602350287016,32.72960685186391
549.0000000000005,32.190602350287016,32.88792473950117
549.0250000000004,31.468882397961256,32.533365448673464
549.0500000000005,31.468882397961256,31.006928413434217
549.0750000000005,30.639641046052585,31.226522327442776
549.1000000000005,30.639641046052585,31.191813527588195
549.1250000000005,29.89812496880639,31.461620506184463
549.1500000000004,29.89812496880639,31.904169369533
549.1750000000005,29.36747698766482,31.83570067780097
549.2000000000005,29.36747698766482,32.06529780365664
549.2250000000005,28.82740381139858,31.201434326613068
549.2500000000005,28.82740381139858,31.119016383736124
549.2750000000004,28.26944146780984,31.278109580326454
549.3000000000005,28.26944146780984,30.755224849113286
549.3250000000005,27.80348420159993,29.32016299130429
549.3500000000005,27.80348420159993,28.832805131608797
549.3750000000005,27.41034285140676,27.69432460403846
549.4000000000004,27.41034285140676,27.71180117450216
549.4250000000005,26.98071949386182,27.646124025920063
549.4500000000005,26.98071949386182,27.21724333146672
549.4750000000005,26.54861896686712,27.900175403764084
549.5000000000005,26.54861896686712,27.588102164419446
549.5250000000004,26.195695829180423,23.516540468253787
549.5500000000005,26.195695829180423,24.02534662411107
549.5750000000005,25.790244269395902,23.41177158035725
549.6000000000005,25.790244269395902,23.39903451867802
549.6250000000005,25.488863802106977,23.705082739626796
549.6500000000004,25.488863802106977,23.662258652626615
549.6750000000005,25.340516436780497,23.347041012084237
549.7000000000005,25.340516436780497,22.61706859241536
549.7250000000005,25.188499496048784,23.06171787930135
549.7500000000005,25.188499496048784,23.105593655575507
549.7750000000004,25.008772837974423,23.086327682001425
549.8000000000005,25.008772837974423,22.92344029243009
549.8250000000005,24.744116756323624,22.88148427942185
549.8500000000005,24.744116756323624,23.330924299687844
549.8750000000005,24.36782261809856,29.021874628288916
549.9000000000004,24.36782261809856,29.057503538126266
549.9250000000005,24.04311743432549,30.408341011066767
549.9500000000005,24.04311743432549,29.86314587943431
549.9750000000005,23.651572326996533,30.10035806580157
550.0000000000005,23.651572326996533,29.716836830404336
550.0250000000004,23.16726678310319,29.645941251581977
550.0500000000005,23.16726678310319,29.639400061954788
550.0750000000005,22.668877820080255,29.22530013481169
550.1000000000005,22.668877820080255,29.743237957694575
550.1250000000005,22.135148391922502,29.235319246543682
550.1500000000004,22.135148391922502,29.0066925245009
550.1750000000005,21.56124408493596,26.97645346452937
550.2000000000005,21.56124408493596,26.351987389572713
550.2250000000005,21.2085439623524,26.2178096740291
550.2500000000005,21.2085439623524,26.869704593616657
550.2750000000004,20.88198225623338,26.445922816427828
550.3000000000005,20.88198225623338,25.186231340507398
550.3250000000005,20.43981508830849,25.417585639166592
550.3500000000005,20.43981508830849,25.621947392152315
550.3750000000005,20.06684434468248,16.958776944947648
550.4000000000004,20.06684434468248,17.544501374984584
550.4250000000005,19.76978698512366,17.42313076132911
550.4500000000005,19.76978698512366,17.489930588794014
550.4750000000005,19.413530881433086,24.080276231793928
550.5000000000005,19.413530881433086,24.02006681917784
550.5250000000004,19.010133904244523,18.814853178783018
550.5500000000005,19.010133904244523,18.58671138224023
550.5750000000005,18.64197945532082,18.720629007164135
550.6000000000005,18.64197945532082,18.869640694435407
550.6250000000005,18.11078797062065,19.996382059341684
550.6500000000004,18.11078797062065,17.59058473264866
550.6750000000005,17.436244572755815,17.420237138501758
550.7000000000005,17.436244572755815,17.51710387481269
550.7250000000005,16.939738480569876,17.55763824631238
550.7500000000005,16.939738480569876,17.697093024206666
550.7750000000004,16.457736998874562,17.532565631146667
550.8000000000005,16.457736998874562,17.74939732835335
550.8250000000005,15.945513224331997,17.70790598610293
550.8500000000005,15.945513224331997,17.72078383983687
550.8750000000005,15.37216372409643,17.710759333452863
550.9000000000005,15.37216372409643,17.616261183819013
550.9250000000005,14.716445996520076,17.562033283465766
550.9500000000005,14.716445996520076,17.7480001859176
550.9750000000005,13.95152691499213,17.751566539519487
551.0000000000005,13.95152691499213,17.738236173892034
551.0250000000005,13.12421360656502,18.149273170847067
551.0500000000005,13.12421360656502,18.570409982531412
551.0750000000005,12.234183139971952,18.772887991160705
551.1000000000005,12.234183139971952,18.56285115186474
551.1250000000005,11.351078933023295,18.445231528374748
551.1500000000005,11.351078933023295,19.66812255450907
551.1750000000005,10.239615052463872,10.628143211828544
551.2000000000005,10.239615052463872,10.9050115167115
551.2250000000005,9.023321896697164,15.538660666911708
551.2500000000005,9.023321896697164,15.3557459154767
551.2750000000005,7.890591747725129,15.522652684720471
551.3000000000005,7.890591747725129,16.98997188168049
551.3250000000005,6.952735688954773,16.96935771528048
551.3500000000005,6.952735688954773,17.349186599741497
551.3750000000005,5.860979750890995,17.28016736269984
551.4000000000005,5.860979750890995,17.181618946194234
551.4250000000005,4.840118098275976,15.427659476696915
551.4500000000005,4.840118098275976,15.031286198291031
551.4750000000005,3.848206493296511,14.523877041644528
551.5000000000005,3.848206493296511,14.048780004320436
551.5250000000005,3.200113453318553,14.019358407450607
551.5500000000005,3.200113453318553,13.340870446226536
551.5750000000005,2.608725703760034,12.134986120728968
551.6000000000005,2.608725703760034,12.238061340910258
551.6250000000005,2.298315967640228,11.462652202124136
551.6500000000005,2.298315967640228,11.158657508836153
551.6750000000005,2.1643587763476435,6.498317360326151
551.7000000000005,2.1643587763476435,6.732599856848781
551.7250000000005,2.283513857973007,6.568599510307603
551.7500000000005,2.283513857973007,5.4518556674653205
551.7750000000005,2.444420576334345,5.513585719655413
551.8000000000005,2.444420576334345,4.189612981881371
551.8250000000005,2.56875062365275,4.1133325699319
551.8500000000005,2.56875062365275,4.323055596508631
551.8750000000005,2.7299546969960296,4.468108703637859
551.9000000000005,2.7299546969960296,2.4256137045984083
551.9250000000005,2.728669506482799,2.589909792584273
551.9500000000005,2.728669506482799,2.994421010078191
551.9750000000005,2.731283018896404,3.1569690521015916
552.0000000000005,2.731283018896404,3.1577031553590245
552.0250000000005,2.6426575683526603,2.9262374857839837
552.0500000000005,2.6426575683526603,3.0777320340980587
552.0750000000005,2.607256896241863,3.155765603898907
552.1000000000005,2.607256896241863,2.9563750355116576
552.1250000000005,2.68442383250196,2.9278294032705947
552.1500000000005,2.68442383250196,3.315527852150289
552.1750000000005,2.739691777854614,3.484565339020132
552.2000000000005,2.739691777854614,3.592115919923273
552.2250000000005,2.837824017170488,3.5230727965692
552.2500000000005,2.837824017170488,3.6579269376494596
552.2750000000005,2.8184312657299158,3.646171515679037
552.3000000000005,2.8184312657299158,3.538743455770704
552.3250000000005,2.8355221472149283,3.5902196360880536
552.3500000000005,2.8355221472149283,3.7542096824734204
552.3750000000005,2.835720291542315,3.7606180832262
552.4000000000005,2.835720291542315,3.8444844505170552
552.4250000000005,2.895949552766051,3.561597873020322
552.4500000000005,2.895949552766051,3.387133284481074
552.4750000000005,3.1268020499653257,3.5081534388470335
552.5000000000005,3.1268020499653257,4.144232182556498
552.5250000000005,3.3266182635046637,4.204913100730798
552.5500000000005,3.3266182635046637,4.188962402608939
552.5750000000005,3.3345256474934533,4.188962402608939
552.6000000000005,3.3345256474934533,4.188962402608939
552.6250000000005,3.165842930043695,3.87068257713195
552.6500000000005,3.165842930043695,3.8322458902788306
552.6750000000005,3.014544197167105,4.275506068990251
552.7000000000005,3.014544197167105,3.7162025043956652
552.7250000000005,2.6841970794156835,3.5350948120411227
552.7500000000005,2.6841970794156835,4.2235630010155445
552.7750000000005,2.5285318694560805,4.514585591243485
552.8000000000005,2.5285318694560805,4.59221002235548
552.8250000000005,2.4346902786844784,4.628514099334594
552.8500000000005,2.4346902786844784,4.501063028966601
552.8750000000005,2.466271014456557,4.800593703270193
552.9000000000005,2.466271014456557,4.217257000520193
552.9250000000005,2.402046068232866,4.061015000121312
552.9500000000005,2.402046068232866,3.612003031920921
552.9750000000005,2.1876130589637657,3.559646828973747
553.0000000000005,2.1876130589637657,3.4244375577716797
553.0250000000005,2.128726868824865,3.41473566234724
553.0500000000005,2.128726868824865,3.4148323711868738
553.0750000000005,2.201010289848934,3.5759836686637594
553.1000000000005,2.201010289848934,3.4652327152393627
553.1250000000005,2.0954999563381134,3.553957583948752
553.1500000000005,2.0954999563381134,3.5753638472466975
553.1750000000005,1.9889192472082575,3.5908596784478046
553.2000000000005,1.9889192472082575,3.339371069124104
553.2250000000005,1.9168842847741223,3.3052167854073833
553.2500000000005,1.9168842847741223,3.411696429632885
553.2750000000005,1.7079074740485416,3.4161825874805145
553.3000000000005,1.7079074740485416,3.401166607367149
553.3250000000005,1.5257679276502705,3.2449761731924496
553.3500000000005,1.5257679276502705,3.2888786407546915
553.3750000000005,1.28089366172828,3.297550483584613
553.4000000000005,1.28089366172828,3.1985022346165453
553.4250000000005,1.1038045535539294,3.148650970588879
553.4500000000005,1.1038045535539294,3.110378726633397
553.4750000000005,0.858117945840339,3.152299354546678
553.5000000000005,0.858117945840339,3.71796998491076
553.5250000000005,0.7119753913153842,3.797623381036451
553.5500000000005,0.7119753913153842,3.7743399204903705
553.5750000000005,0.9445312056261904,3.7786336387996693
553.6000000000005,0.9445312056261904,3.9083796174506342
553.6250000000005,1.1297405430737577,3.7381528529865706
553.6500000000005,1.1297405430737577,3.752350847895875
553.6750000000005,1.362269509485862,3.7317946764234433
553.7000000000005,1.362269509485862,3.7315588629575682
553.7250000000005,1.493488440727039,3.6812330791425985
553.7500000000005,1.493488440727039,3.7110416948660787
553.7750000000005,1.461369346492817,3.6172446061434322
553.8000000000005,1.461369346492817,3.5989703199073864
553.8250000000005,1.4730579824226813,3.5512838148254895
553.8500000000005,1.4730579824226813,3.5512838148254895
553.8750000000005,1.553232370548478,4.130477618452847
553.9000000000005,1.553232370548478,4.1779904052151435
553.9250000000005,1.6894813904584292,4.197019340778061
553.9500000000005,1.6894813904584292,4.193391505007365
553.9750000000005,1.933489197471172,4.3519134979031255
554.0000000000005,1.933489197471172,3.4598686136586485
554.0250000000005,2.0235716183802004,3.1911944022095984
554.0500000000005,2.0235716183802004,3.1178741200196303
554.0750000000005,2.194573738850301,3.1637327290664574
554.1000000000005,2.194573738850301,3.1174088361161485
554.1250000000005,2.403806394986073,3.2096568166888835
554.1500000000005,2.403806394986073,2.9750635964758447
554.1750000000005,2.673129625439961,2.9784314568927748
554.2000000000005,2.673129625439961,2.677372858129305
554.2250000000005,2.9100983510999536,2.7743992856956523
554.2500000000005,2.9100983510999536,2.742071471077293
554.2750000000005,3.064611555701514,2.6243017556180757
554.3000000000005,3.064611555701514,2.6798263294962554
554.3250000000005,3.118710491676642,2.708259766366639
554.3500000000005,3.118710491676642,2.8910418060249223
554.3750000000005,2.9987795235835626,2.67395815358584
554.4000000000005,2.9987795235835626,2.984235434082242
554.4250000000005,2.815483706496475,3.001692477057944
554.4500000000005,2.815483706496475,3.20925455159766
554.4750000000005,2.6381448296607566,3.2096320117104513
554.5000000000005,2.6381448296607566,3.134801482767229
554.5250000000005,2.823971985033028,3.0978263299285715
554.5500000000005,2.823971985033028,3.100246865233333
554.5750000000005,3.1404852333657445,3.312750186344411
554.6000000000005,3.1404852333657445,3.4205295360723382
554.6250000000005,3.421183497767185,3.2132674542107638
554.6500000000005,3.421183497767185,3.2067086414726633
554.6750000000005,3.687801127837596,3.223815129043627
554.7000000000005,3.687801127837596,3.3141534608498118
554.7250000000005,3.880222346982263,3.516779079181752
554.7500000000005,3.880222346982263,3.530977074091057
554.7750000000005,4.009576342001041,3.720840398624095
554.8000000000005,4.009576342001041,3.3028414007956015
554.8250000000005,4.127123346964199,3.6417686593318526
554.8500000000005,4.127123346964199,3.5992730220373685
554.8750000000005,4.145404989549206,3.7725783571048668
554.9000000000005,4.145404989549206,3.579955699845349
554.9250000000005,4.042007797851545,3.800263437202649
554.9500000000005,4.042007797851545,3.771219924960752
554.9750000000005,3.9991052506207927,4.282923068410844
555.0000000000005,3.9991052506207927,4.8981886194486
555.0250000000005,4.124426951597295,5.019440962191404
555.0500000000005,4.124426951597295,4.2973896808040974
555.0750000000005,4.39124631534899,4.473717161625404
555.1000000000005,4.39124631534899,3.8937097534480274
555.1250000000005,4.722312250915531,3.7936018630301964
555.1500000000005,4.722312250915531,3.788460466154407
555.1750000000005,4.986050190918095,3.8090905439976823
555.2000000000005,4.986050190918095,3.912369524004857
555.2250000000005,5.167054465224622,4.059255448024433
555.2500000000005,5.167054465224622,3.922252425446073
555.2750000000005,5.165939037026721,3.571810090446052
555.3000000000005,5.165939037026721,4.053171909465388
555.3250000000005,5.084187679345727,4.0910143959188545
555.3500000000005,5.084187679345727,3.9787426738849607
555.3750000000005,4.858974631454012,4.486327723744812
555.4000000000005,4.858974631454012,4.680994660903956
555.4250000000005,4.575309008688778,4.150678809669228
555.4500000000005,4.575309008688778,4.4808511343089155
555.4750000000005,4.263864225220365,3.893850590032946
555.5000000000005,4.263864225220365,3.759460366382869
555.5250000000005,3.7361844598380807,3.8692509708792806
555.5500000000005,3.7361844598380807,3.8866117517219605
555.5750000000005,3.200328899048782,3.9239094605392637
555.6000000000005,3.200328899048782,4.2979639077992315
555.6250000000005,2.801655695022621,4.278760795990069
555.6500000000005,2.801655695022621,4.122318847953164
555.6750000000005,2.513223487019295,3.9056304724694515
555.7000000000005,2.513223487019295,4.062695174248346
555.7250000000005,2.3862119932046184,4.009051565328463
555.7500000000005,2.3862119932046184,3.6314618919682355
555.7750000000005,2.2526807281370558,3.712951902815015
555.8000000000005,2.2526807281370558,3.254912805802972
555.8250000000005,1.822737773521533,3.237725286055946
555.8500000000005,1.822737773521533,3.229237045226089
555.8750000000005,1.3755386162348184,2.9361574546676796
555.9000000000005,1.3755386162348184,2.950002373078772
555.9250000000005,1.2277588286815866,3.0386375928150464
555.9500000000005,1.2277588286815866,3.0001291504094034
555.9750000000005,1.1652516757155615,3.1548974474471794
556.0000000000005,1.1652516757155615,3.1277493769652245
556.0250000000005,1.0587374367906854,2.998142142891764
556.0500000000005,1.0587374367906854,2.954781157304554
556.0750000000005,1.2468554356129715,2.937821891289587
556.1000000000005,1.2468554356129715,2.631089543883231
556.1250000000005,1.5692304934586223,2.6764240569730706
556.1500000000005,1.5692304934586223,2.3045469033665267
556.1750000000005,1.8964037787510564,2.289037319621923
556.2000000000005,1.8964037787510564,2.2947283884350393
556.2250000000005,2.152931126712569,2.2877908935921782
556.2500000000005,2.152931126712569,2.304681324023718
556.2750000000005,2.3040248769638563,2.166256045818785
556.3000000000005,2.3040248769638563,2.1652986715453006
556.3250000000005,2.419802072275385,2.147806953704639
556.3500000000005,2.419802072275385,1.941400419995451
556.3750000000005,2.6282099997417765,1.890586316066602
556.4000000000005,2.6282099997417765,1.8915483764574261
556.4250000000005,2.816869623612609,1.92168724140992
556.4500000000005,2.816869623612609,1.9033908090298517
556.4750000000005,2.961470642906179,1.9509916182222617
556.5000000000005,2.961470642906179,1.9946408825303592
556.5250000000005,3.0918247378298824,2.4527938966506353
556.5500000000005,3.0918247378298824,2.8426459437903473
556.5750000000005,3.1997048480691417,2.8202497389144634
556.6000000000005,3.1997048480691417,2.911121825646865
556.6250000000005,3.431268098072767,2.9520512312320863
556.6500000000005,3.431268098072767,3.132451073107445
556.6750000000005,3.469657645564358,3.3740885918675345
556.7000000000005,3.469657645564358,3.357187329995444
556.7250000000005,3.450594617037954,3.443118244990661
556.7500000000005,3.450594617037954,3.499382181148279
556.7750000000005,3.4609785694438253,3.541108400514196
556.8000000000005,3.4609785694438253,3.588558132794916
556.8250000000005,3.607181043992776,3.6749980896216448
556.8500000000005,3.607181043992776,3.736866660620473
556.8750000000005,3.7455839186964397,3.934815319455229
556.9000000000005,3.7455839186964397,4.1012878286769485
556.9250000000005,3.816311015166672,4.070148030900235
556.9500000000005,3.816311015166672,4.130497164196254
556.9750000000005,3.753682602534289,3.8424085039811295
557.0000000000005,3.753682602534289,4.030282712707077
557.0250000000005,3.545345097634166,3.9728559895370643
557.0500000000005,3.545345097634166,4.1479920866715565
557.0750000000005,3.212907136378872,4.183236837467798
557.1000000000005,3.212907136378872,4.1133124717606115
557.1250000000005,3.0821441449427,3.92867013352093
557.1500000000005,3.0821441449427,3.6512527188349573
557.1750000000005,3.0148396227785748,3.623243423107322
557.2000000000005,3.0148396227785748,3.569315726561033
557.2250000000005,2.804168008423875,3.653573711427214
557.2500000000005,2.804168008423875,3.497120845654822
557.2750000000005,2.761965648082001,3.469830251524294
557.3000000000005,2.761965648082001,3.594228036262466
557.3250000000005,2.5548694688666806,3.4575372647737503
557.3500000000005,2.5548694688666806,3.4340033062789006
557.3750000000005,2.4556016498987185,3.4308643187427252
557.4000000000005,2.4556016498987185,3.4429995547130545
557.4250000000005,2.44208617569798,3.6447684454502594
557.4500000000005,2.44208617569798,3.6447684454502594
557.4750000000005,2.4284756838499018,3.269245341302993
557.5000000000005,2.4284756838499018,3.3165534179264644
557.5250000000005,2.3745648633579672,2.9486587473766592
557.5500000000005,2.3745648633579672,3.0588938402402204
557.5750000000005,2.365777445626729,3.0343350378047966
557.6000000000005,2.365777445626729,3.199920869714447
557.6250000000005,2.374556490974112,3.3624811846163545
557.6500000000005,2.374556490974112,3.7514321606371097
557.6750000000005,2.192116646712292,4.080941904465402
557.7000000000005,2.192116646712292,3.888518301810535
557.7250000000005,1.8936228225923328,3.8859818790417826
557.7500000000005,1.8936228225923328,3.7829207324921077
557.7750000000005,1.9061210886164317,3.2012052720332607
557.8000000000005,1.9061210886164317,3.2122237298779583
557.8250000000005,2.08441624166653,3.3779280817480917
557.8500000000005,2.08441624166653,3.365067212233271
557.8750000000005,2.2537017248450137,3.19942535435784
557.9000000000005,2.2537017248450137,3.3347382460796196
557.9250000000005,2.4370076408709966,3.299032001221949
557.9500000000005,2.4370076408709966,3.34173136874899
557.9750000000005,2.530516099939711,3.1495833204891452
558.0000000000005,2.530516099939711,3.082785984764817
558.0250000000005,2.5790197036876243,3.270457761466358
558.0500000000005,2.5790197036876243,3.253148974037432
558.0750000000005,2.5516084883810497,3.1084951373100314
558.1000000000005,2.5516084883810497,3.390539581200895
558.1250000000005,2.499715567973928,3.36224005733837
558.1500000000005,2.499715567973928,3.2368477892107284
558.1750000000005,2.489811222815635,3.4513848119279498
558.2000000000005,2.489811222815635,3.749469550656865
558.2250000000005,2.454707290171047,3.7836295181783144
558.2500000000005,2.454707290171047,3.7446354551488583
558.2750000000005,2.581074472035425,3.869645187178652
558.3000000000005,2.581074472035425,3.817734321818739
558.3250000000005,2.65631554719289,3.871332797146735
558.3500000000005,2.65631554719289,3.8549855874556975
558.3750000000005,2.807950954714204,6.229872532952543
558.4000000000005,2.807950954714204,6.225315821068985
558.4250000000005,2.949406384587673,6.16478092664275
558.4500000000005,2.949406384587673,6.503575793982281
558.4750000000005,3.004759362695965,6.275666027567355
558.5000000000005,3.004759362695965,4.380411976465623
558.5250000000005,3.007238809341032,4.380411976465623
558.5500000000005,3.007238809341032,4.418515810923254
558.5750000000005,2.9130921052386114,4.464961034125651
558.6000000000005,2.9130921052386114,4.325340791116995
558.6250000000005,2.9410532375713,4.162514506034604
558.6500000000005,2.9410532375713,4.35945639441796
558.6750000000005,3.030689334304466,4.531590193154573
558.7000000000005,3.030689334304466,4.628743711624398
558.7250000000005,3.143671120562091,4.206082868361557
558.7500000000005,3.143671120562091,4.5983227884510685
558.7750000000005,3.1164629133781827,4.654078788542684
558.8000000000005,3.1164629133781827,4.859303436805682
558.8250000000005,3.006112427120253,4.827747204700869
558.8500000000005,3.006112427120253,5.07758317537785
558.8750000000005,2.9108906552709977,5.03574678271938
558.9000000000005,2.9108906552709977,4.900303466437053
558.9250000000005,2.823352170465982,5.066635507798276
558.9500000000005,2.823352170465982,4.790857593455318
558.9750000000005,2.6569552559155123,4.618391246942792
559.0000000000005,2.6569552559155123,4.403387579212534
559.0250000000005,2.484934273746396,4.440952172964912
559.0500000000005,2.484934273746396,4.672984270047316
559.0750000000005,2.36464109641817,4.488547303233997
559.1000000000005,2.36464109641817,4.65309966115932
559.1250000000005,2.3378571527484646,4.479691810118342
559.1500000000005,2.3378571527484646,4.554897492939719
559.1750000000005,2.250640092624642,4.589952882675862
559.2000000000005,2.250640092624642,4.544651943249375
559.2250000000005,2.3352814306137377,4.588567388541462
559.2500000000005,2.3352814306137377,4.501522450456871
559.2750000000005,2.5112245035710865,4.351607604024855
559.3000000000005,2.5112245035710865,4.160707295557716
559.3250000000005,2.6587957889524123,4.145790963987871
559.3500000000005,2.6587957889524123,3.9913124748753672
559.3750000000005,2.5862679946201497,4.0082740445937155
559.4000000000005,2.5862679946201497,3.9775973974045398
559.4250000000005,2.5026199724583456,3.9602551264566337
559.4500000000005,2.5026199724583456,4.0497083067758135
559.4750000000005,2.2517277018776656,3.772934791218597
559.5000000000005,2.2517277018776656,3.818366073411213
559.5250000000005,2.052810131548071,3.7505385151672512
559.5500000000005,2.052810131548071,3.6623981584620173
559.5750000000005,2.072949496774378,3.680091203682216
559.6000000000005,2.072949496774378,3.546020395775119
559.6250000000005,1.9980339582087063,3.5065196872685966
559.6500000000005,1.9980339582087063,3.5837000969737534
559.6750000000005,1.8254629307654973,3.2274974979172026
559.7000000000005,1.8254629307654973,3.105360633523403
559.7250000000005,1.7778033265435724,3.1818114587462336
559.7500000000005,1.7778033265435724,3.0487964168834094
559.7750000000005,1.6859935557450083,3.0812215857243324
559.8000000000005,1.6859935557450083,3.523282501396361
559.8250000000005,1.748328547526407,3.462030582069135
559.8500000000005,1.748328547526407,3.5125150264549245
559.8750000000005,1.747557895178928,3.2601568121013105
559.9000000000005,1.747557895178928,3.3815798482072448
559.9250000000005,1.790974619173383,3.320976334982131
559.9500000000005,1.790974619173383,3.223403665097152
559.9750000000005,1.938764767983953,3.468857584017592
560.0000000000005,1.938764767983953,3.5096620662581137
560.0250000000005,2.083570978794768,3.4360888487558636
560.0500000000005,2.083570978794768,3.3170801703742683
560.0750000000005,2.333458481862175,3.246168063795429
560.1000000000005,2.333458481862175,3.323701940514543
560.1250000000005,2.6582726899771187,3.370997915899985
560.1500000000005,2.6582726899771187,3.4119370717211295
560.1750000000005,2.9400450228834134,3.0435939797838767
560.2000000000005,2.9400450228834134,3.283288947261509
560.2250000000005,3.233514944833983,4.503237386906874
560.2500000000005,3.233514944833983,4.237789832422045
560.2750000000005,3.553360054469596,4.286948759546995
560.3000000000005,3.553360054469596,4.427366710501147
560.3250000000005,3.87572568986266,4.614304468489344
560.3500000000005,3.87572568986266,4.684200649517336
560.3750000000005,4.132899487549145,4.729230964942417
560.4000000000005,4.132899487549145,4.785180011560047
560.4250000000005,4.321915914897176,4.78345852906228
560.4500000000005,4.321915914897176,4.778269506039205
560.4750000000005,4.463075155487735,4.7966632582715185
560.5000000000005,4.463075155487735,4.775532698782189
560.5250000000005,4.541386106370398,5.1275733250361295
560.5500000000005,4.541386106370398,5.345756310858979
560.5750000000005,4.609352226474643,5.391497306805345
560.6000000000005,4.609352226474643,5.423596556855398
560.6250000000005,4.539409774874852,5.4219062877961
560.6500000000005,4.539409774874852,5.24981845446095
560.6750000000005,4.513786674771921,5.269997396459967
560.7000000000005,4.513786674771921,5.238288426473688
560.7250000000005,4.428800641401516,5.242555502153216
560.7500000000005,4.428800641401516,5.315949856341483
560.7750000000005,4.294869343663989,5.138589277070926
560.8000000000005,4.294869343663989,5.512715134699273
560.8250000000005,4.292555911956858,5.088947386884265
560.8500000000005,4.292555911956858,5.0403912554320005
560.8750000000005,4.125626315144796,4.686860908411315
560.9000000000005,4.125626315144796,4.629315466859098
560.9250000000005,3.950404644187712,4.526502399196433
560.9500000000005,3.950404644187712,4.536181942865413
560.9750000000005,3.885894970583916,4.454609083458148
561.0000000000005,3.885894970583916,4.572420242684998
561.0250000000005,3.8982811054521935,4.562420322752226
561.0500000000005,3.8982811054521935,4.396591245500519
561.0750000000005,4.063488878896744,4.3001739591442885
561.1000000000005,4.063488878896744,4.376817427008958
561.1250000000005,4.2252710918529,4.362436834656252
561.1500000000005,4.2252710918529,4.324683328593775
561.1750000000005,4.377966892595505,4.324683328593775
561.2000000000005,4.377966892595505,4.111027400115383
561.2250000000005,4.530317054768799,4.057079900191906
561.2500000000005,4.530317054768799,4.071105360501133
561.2750000000005,4.722448572284472,4.155175532240331
561.3000000000005,4.722448572284472,4.069935959432633
561.3250000000005,4.924261739712757,4.122809058755141
561.3500000000005,4.924261739712757,4.117872182959247
561.3750000000005,5.043245357160016,4.102484491117007
561.4000000000005,5.043245357160016,4.120936492984536
561.4250000000005,5.093317549286449,3.919328824132734
561.4500000000005,5.093317549286449,3.9521736408754076
561.4750000000005,5.097223619995436,3.941460262563203
561.5000000000005,5.097223619995436,3.9871728563920303
561.5250000000005,5.157014648548129,4.105671632295563
561.5500000000005,5.157014648548129,4.901778228278296
561.5750000000005,5.128905966739109,4.889504980545347
561.6000000000005,5.128905966739109,4.932001143607267
561.6250000000005,5.11748068421106,4.880320591287579
561.6500000000005,5.11748068421106,4.8621921550281595
561.6750000000005,5.126970158658956,5.034714096809401
561.7000000000005,5.126970158658956,5.448397362067708
561.7250000000005,5.085142205001443,5.4345882464860065
561.7500000000005,5.085142205001443,5.601973968460928
561.7750000000005,5.096905711508359,5.176946384573021
561.8000000000005,5.096905711508359,5.198374480560488
561.8250000000005,5.10348069850086,5.272500074195769
561.8500000000005,5.10348069850086,5.712760420267209
561.8750000000005,5.036343499198445,5.480487795136492
561.9000000000005,5.036343499198445,5.222788035770674
561.9250000000005,4.906251190626528,5.152333817323755
561.9500000000005,4.906251190626528,4.980492967018125
561.9750000000005,4.833287677208847,4.8961047523677275
562.0000000000005,4.833287677208847,5.007922980660424
562.0250000000005,4.723904459741419,4.8946267289141705
562.0500000000005,4.723904459741419,4.853896094576477
562.0750000000005,4.655708385296465,5.053772703364554
562.1000000000005,4.655708385296465,5.255676539087628
562.1250000000005,4.63075137430385,5.626210036943767
562.1500000000005,4.63075137430385,5.796940909669318
562.1750000000005,4.667306609482274,5.985900758385515
562.2000000000005,4.667306609482274,6.08659043227742
562.2250000000005,4.6670356191057545,6.041364390104302
562.2500000000005,4.6670356191057545,5.631611130294357
562.2750000000005,4.682320501985185,5.653437291635157
562.3000000000005,4.682320501985185,6.06755414514938
562.3250000000005,4.776402846355459,5.629078601762186
562.3500000000005,4.776402846355459,5.944948150104125
562.3750000000005,4.883926307168411,5.708827264234184
562.4000000000005,4.883926307168411,5.503205444983541
562.4250000000005,5.039193079993074,5.151031039650998
562.4500000000005,5.039193079993074,4.919267540848002
562.4750000000005,5.174990130571376,4.990531798844597
562.5000000000005,5.174990130571376,5.5538953711507055
562.5250000000005,5.228643357216848,5.894980250020053
562.5500000000005,5.228643357216848,6.0224650563107325
562.5750000000005,5.146612159777737,5.982003859198342
562.6000000000005,5.146612159777737,5.920659441430354
562.6250000000005,5.107697139248117,5.497673525249475
562.6500000000005,5.107697139248117,5.44675410999802
562.6750000000005,4.901972135934125,5.234923686720658
562.7000000000005,4.901972135934125,5.340516352215994
562.7250000000005,4.803967846272612,5.481672797090017
562.7500000000005,4.803967846272612,5.661223117201132
562.7750000000005,4.763040430013022,5.4950405155185145
562.8000000000005,4.763040430013022,5.251951799196019
562.8250000000005,4.633388182473118,5.304954245872029
562.8500000000005,4.633388182473118,9.426882794232059
562.8750000000005,4.610678534154497,9.045180945308461
562.9000000000005,4.610678534154497,4.679529780005124
562.9250000000005,4.447323106079623,4.521218999101577
562.9500000000005,4.447323106079623,4.166552819013034
562.9750000000005,4.217023303115348,4.177669958917177
563.0000000000005,4.217023303115348,4.1801721107605525
563.0250000000005,3.963671537927983,4.432461825948574
563.0500000000005,3.963671537927983,4.533988219523572
563.0750000000005,3.800944258834012,4.449952140559248
563.1000000000005,3.800944258834012,4.460594589815378
563.1250000000005,3.724076309731196,4.139674370966583
563.1500000000005,3.724076309731196,4.094769532607715
563.1750000000005,3.5773609616730004,4.052727768552662
563.2000000000005,3.5773609616730004,3.90233512511936
563.2250000000005,3.4034404398528557,3.5990915117045033
563.2500000000005,3.4034404398528557,3.4225652678478093
563.2750000000005,3.316080264408626,3.3787825779111427
563.3000000000005,3.316080264408626,3.3222300531351867
563.3250000000005,3.12337449411371,3.564073035812312
563.3500000000005,3.12337449411371,3.6180076352540365
563.3750000000005,3.0443822658941846,3.1919779926155245
563.4000000000005,3.0443822658941846,3.101837381705623
563.4250000000005,2.9578297858627285,3.0031822108671276
563.4500000000005,2.9578297858627285,3.2255684217630742
563.4750000000005,2.9952867793301063,3.2024509466648627
563.5000000000005,2.9952867793301063,3.2266461496568986
563.5250000000005,2.965031045091389,3.069809523565986
563.5500000000005,2.965031045091389,2.949556867608219
563.5750000000005,3.065195781022363,3.273527606774552
563.6000000000005,3.065195781022363,3.1419598992357645
563.6250000000005,3.2169009256756524,2.736731039465883
563.6500000000005,3.2169009256756524,2.7795121784505277
563.6750000000005,3.367736577540971,2.823371039548659
563.7000000000005,3.367736577540971,2.845232931097541
563.7250000000005,3.586792251641344,2.903655629187442
563.7500000000005,3.586792251641344,3.0086694321089134
563.7750000000005,3.798097659279126,3.11882466264254
563.8000000000005,3.798097659279126,3.6384897948451194
563.8250000000005,4.0226129827016655,4.058198869083356
563.8500000000005,4.0226129827016655,4.164095121522314
563.8750000000005,4.24047148303255,4.174788362675286
563.9000000000005,4.24047148303255,4.13612951554753
563.9250000000005,4.423001832220843,4.111284822951998
563.9500000000005,4.423001832220843,4.387090686593131
563.9750000000005,4.613567803346908,4.21795887010364
564.0000000000005,4.613567803346908,4.330125212932143
564.0250000000005,4.694897676866191,4.6001444127249105
564.0500000000005,4.694897676866191,4.602154002458175
564.0750000000005,4.733436571455503,4.74910845766571
564.1000000000005,4.733436571455503,4.731222052190458
564.1250000000005,4.80616717146036,4.798614449205165
564.1500000000005,4.80616717146036,4.897230877296443
564.1750000000005,4.995335843562877,4.888692442976608
564.2000000000005,4.995335843562877,4.838045067325208
564.2250000000005,5.284713535403742,5.425930996564348
564.2500000000005,5.284713535403742,5.587251574692061
564.2750000000005,5.615562570795305,5.636159420094377
564.3000000000005,5.615562570795305,5.470837352229438
564.3250000000005,5.859166670984023,5.475513295025703
564.3500000000005,5.859166670984023,5.021474661782864
564.3750000000005,6.045454119568765,5.515993526413284
564.4000000000005,6.045454119568765,4.659141031387767
564.4250000000005,6.189467960340088,4.333327690656862
564.4500000000005,6.189467960340088,4.717967560834303
564.4750000000005,6.458844414311166,4.520662597150877
564.5000000000005,6.458844414311166,4.469027695133083
564.5250000000005,6.864525844856898,4.980954659886533
564.5500000000005,6.864525844856898,4.755575160393015
564.5750000000005,7.428055939871475,5.096304638412651
564.6000000000005,7.428055939871475,6.664350972941421
564.6250000000005,7.960900920680286,6.741782368475888
564.6500000000005,7.960900920680286,7.497694927123808
564.6750000000005,8.61439359541448,7.035563801163627
564.7000000000005,8.61439359541448,6.594304198315936
564.7250000000005,9.272044747831568,6.659541831415843
564.7500000000005,9.272044747831568,5.460039664205039
564.7750000000005,10.036107952014683,5.335474914124303
564.8000000000005,10.036107952014683,5.180161063793164
564.8250000000005,10.62666706545546,11.946120697439468
564.8500000000005,10.62666706545546,6.281970387337894
564.8750000000005,11.135992652489572,6.54732856911092
564.9000000000005,11.135992652489572,13.074035617983833
564.9250000000005,11.675336463727565,11.990610423148697
564.9500000000005,11.675336463727565,12.25991360315133
564.9750000000005,12.180095217541998,11.880634909055432
565.0000000000005,12.180095217541998,11.880098890940102
565.0250000000005,12.674572763869303,12.008484685811725
565.0500000000005,12.674572763869303,12.43423579267815
565.0750000000005,12.97776466600635,12.467383754338494
565.1000000000005,12.97776466600635,12.363069681051767
565.1250000000005,13.154166664710113,12.375735369758672
565.1500000000005,13.154166664710113,12.298522411341796
565.1750000000005,13.203556593736712,12.34183518551584
565.2000000000005,13.203556593736712,12.300875353549383
565.2250000000005,13.18436863739876,12.261868385486245
565.2500000000005,13.18436863739876,12.545545449499178
565.2750000000005,13.12343859719988,12.520737266723991
565.3000000000005,13.12343859719988,12.192232923968753
565.3250000000005,12.99717096636417,11.695557373077245
565.3500000000005,12.99717096636417,11.270271860374248
565.3750000000005,12.746795509408171,13.528893526836576
565.4000000000005,12.746795509408171,12.414797660536482
565.4250000000005,12.414553120293714,11.26027206019733
565.4500000000005,12.414553120293714,10.166706425587309
565.4750000000005,12.16665975915372,10.018398212427337
565.5000000000005,12.16665975915372,9.705250164451034
565.5250000000005,11.889991433571536,9.790515295512044
565.5500000000005,11.889991433571536,9.745527848897531
565.5750000000005,11.575487359681588,9.073784722736034
565.6000000000005,11.575487359681588,9.512670110643985
565.6250000000005,11.059512090287411,9.859763030898927
565.6500000000005,11.059512090287411,9.163537537459696
565.6750000000005,10.499429695897833,9.310495778550832
565.7000000000005,10.499429695897833,10.08459977933056
565.7250000000005,9.946501633437808,10.779321551546573
565.7500000000005,9.946501633437808,10.822637265994926
565.7750000000005,9.27756558112202,10.671518147629618
565.8000000000005,9.27756558112202,10.447303593818967
565.8250000000005,8.677637324061257,9.993306370140726
565.8500000000005,8.677637324061257,9.311849132796269
565.8750000000005,8.07894403112131,12.300131167010447
565.9000000000005,8.07894403112131,9.889695787338825
565.9250000000005,7.39794735081076,11.010895546422738
565.9500000000005,7.39794735081076,11.091753423346638
565.9750000000005,6.882993230823509,11.274453193358681
566.0000000000005,6.882993230823509,9.774984958413437
566.0250000000005,6.412915030830084,9.683971885714842
566.0500000000005,6.412915030830084,9.693480958907891
566.0750000000005,6.045907339028222,15.405524897906439
566.1000000000005,6.045907339028222,8.425839110250871
566.1250000000005,5.659465108679966,8.071075219245563
566.1500000000005,5.659465108679966,8.032888500501272
566.1750000000005,5.60557918351416,7.763670331591206
566.2000000000005,5.60557918351416,6.912340476264797
566.2250000000005,5.582792295802993,6.306358270190564
566.2500000000005,5.582792295802993,6.374535611383715
566.2750000000005,5.456007224892594,6.338770505985025
566.3000000000005,5.456007224892594,6.258152754054514
566.3250000000005,5.219680277068341,6.369869252937304
566.3500000000005,5.219680277068341,6.434550248892085
566.3750000000005,5.09008911814876,6.373667295318402
566.4000000000005,5.09008911814876,6.342693116627388
566.4250000000005,4.910270598550097,4.821105107800093
566.4500000000005,4.910270598550097,5.050208970060378
566.4750000000005,4.696065122294729,4.971885114064819
566.5000000000005,4.696065122294729,4.758090448786418
566.5250000000005,4.647349371474477,5.046584688638834
566.5500000000005,4.647349371474477,5.295394621739311
566.5750000000005,4.544860191775249,5.2086878583236516
566.6000000000005,4.544860191775249,4.694235971754037
566.6250000000005,4.444502085614543,4.962767201187049
566.6500000000005,4.444502085614543,4.908473933378664
566.6750000000005,4.311026261507946,4.930323140298472
566.7000000000005,4.311026261507946,4.95069972424969
566.7250000000005,4.322075341216118,4.621336072341506
566.7500000000005,4.322075341216118,4.5715500223719365
566.7750000000005,4.363189905688697,4.3941840011208395
566.8000000000005,4.363189905688697,4.529873757394831
566.8250000000005,4.490710522080912,4.57376087213129
566.8500000000005,4.490710522080912,4.487550050856658
566.8750000000005,4.598528711096632,4.539275030394725
566.9000000000005,4.598528711096632,4.423322406643402
566.9250000000005,4.755180682827929,4.3639328396271635
566.9500000000005,4.755180682827929,4.388153232073153
566.9750000000005,4.792291760226704,4.448344588516005
567.0000000000005,4.792291760226704,4.355584358794243
567.0250000000005,4.857995550867355,4.407344258400383
567.0500000000005,4.857995550867355,5.639717159919693
567.0750000000005,4.942700168032168,5.627942052788281
567.1000000000005,4.942700168032168,5.614008169496716
567.1250000000005,5.00443076520518,5.619897385973286
567.1500000000005,5.00443076520518,5.6026843001522835
567.1750000000005,4.955313417977874,5.679831930059189
567.2000000000005,4.955313417977874,5.690264612936663
567.2250000000005,4.947565741326682,5.691068271363066
567.2500000000005,4.947565741326682,5.707093270604845
567.2750000000005,4.986225242815981,6.830456537205069
567.3000000000005,4.986225242815981,6.336988311121123
567.3250000000005,5.017020396167573,6.132700305321522
567.3500000000005,5.017020396167573,5.504041691128074
567.3750000000005,5.038874667019325,5.478707121614178
567.4000000000005,5.038874667019325,5.4899599962634404
567.4250000000005,5.076921391954421,5.3745310227415235
567.4500000000005,5.076921391954421,5.213838669272097
567.4750000000005,5.105948578130658,5.2984381308067245
567.5000000000005,5.105948578130658,4.722606001759103
567.5250000000005,5.148340455095621,4.80851367440638
567.5500000000005,5.148340455095621,4.493213850662225
567.5750000000005,5.213424505087327,4.481068266722119
567.6000000000005,5.213424505087327,4.735342018509541
567.6250000000005,5.285715734067971,4.741581107179388
567.6500000000005,5.285715734067971,4.810166676540102
567.6750000000005,5.231467399075581,4.765646631932728
567.7000000000005,5.231467399075581,5.153452838032291
567.7250000000005,5.017794663478792,5.495577988617422
567.7500000000005,5.017794663478792,5.483579188608339
567.7750000000005,4.716652179342956,4.828651053512236
567.8000000000005,4.716652179342956,4.80066763525761
567.8250000000005,4.548101379197211,5.168467651191052
567.8500000000005,4.548101379197211,9.436959928974025
567.8750000000005,4.448451221275213,9.221979968554932
567.9000000000005,4.448451221275213,5.075100912576665
567.9250000000005,4.40033246433857,5.771084664544951
567.9500000000005,4.40033246433857,5.846123895360388
567.9750000000005,4.315049531492708,5.790840723681857
568.0000000000005,4.315049531492708,6.062078643729055
568.0250000000005,4.347704446875329,6.174335154049503
568.0500000000005,4.347704446875329,6.1828463742599356
568.0750000000005,4.447171569762798,5.19384478597204
568.1000000000005,4.447171569762798,5.317891459323846
568.1250000000005,4.524495615969094,5.3237161315482355
568.1500000000005,4.524495615969094,5.573980752821455
568.1750000000005,4.658951147216495,5.545054021840814
568.2000000000005,4.658951147216495,5.54245598699404
568.2250000000005,4.716485622151733,5.421996377382922
568.2500000000005,4.716485622151733,5.640403546753927
568.2750000000005,4.685528380560441,5.1909732993922315
568.3000000000005,4.685528380560441,5.317595681873806
568.3250000000005,4.580059417138707,5.45846841863784
568.3500000000005,4.580059417138707,5.357257251317277
568.3750000000005,4.421139829242337,5.564339319407916
568.4000000000005,4.421139829242337,5.485562013565051
568.4250000000005,4.362786346984025,5.458428555659351
568.4500000000005,4.362786346984025,5.715277089639312
568.4750000000005,4.325979998604271,5.6976406869676905
568.5000000000005,4.325979998604271,6.43778336316037
568.5250000000005,4.335048976801527,6.552548929033049
568.5500000000005,4.335048976801527,6.615725702621319
568.5750000000005,4.420079044032238,6.5273026684886375
568.6000000000005,4.420079044032238,5.570021558176869
568.6250000000005,4.559139636205195,5.578936788379722
568.6500000000005,4.559139636205195,5.58546103595218
568.6750000000005,4.6846532123628615,5.409486751917324
568.7000000000005,4.6846532123628615,5.03533502067238
568.7250000000005,4.820797353778909,5.016428472181037
568.7500000000005,4.820797353778909,5.063118514175014
568.7750000000005,4.986099242856303,5.016017433057107
568.8000000000005,4.986099242856303,4.792556867071145
568.8250000000005,5.15598773654761,4.854124960989516
568.8500000000005,5.15598773654761,4.948904691888507
568.8750000000005,5.410049085918369,5.4150684391542745
568.9000000000005,5.410049085918369,5.316788522395591
568.9250000000005,5.790244802835353,4.6728398474218285
568.9500000000005,5.790244802835353,4.477664646593937
568.9750000000005,6.1767201606795465,4.778086724866025
569.0000000000005,6.1767201606795465,5.065692769609635
569.0250000000005,6.446864206978,4.944599155449864
569.0500000000005,6.446864206978,5.381156983487759
569.0750000000005,6.654262203979758,5.471375204931186
569.1000000000005,6.654262203979758,5.092268310723628
569.1250000000005,6.736263100643575,5.1149118710444705
569.1500000000005,6.736263100643575,4.768469749864651
569.1750000000005,6.850335633696007,5.031082361298996
569.2000000000005,6.850335633696007,5.131918748728192
569.2250000000005,6.963127733901445,5.705695824374053
569.2500000000005,6.963127733901445,6.742648501636583
569.2750000000005,7.104140841314599,6.9126322104411795
569.3000000000005,7.104140841314599,6.658349552860995
569.3250000000005,7.244927442090451,9.622087071697825
569.3500000000005,7.244927442090451,9.652576466105186
569.3750000000005,7.367440879942734,8.323429686979098
569.4000000000005,7.367440879942734,8.343837360275641
569.4250000000005,7.466770299305822,8.454064097747402
569.4500000000005,7.466770299305822,6.882681808826442
569.4750000000005,7.524132909100126,6.950174851620821
569.5000000000005,7.524132909100126,6.978207533283859
569.5250000000005,7.674992126936739,7.099959760280241
569.5500000000005,7.674992126936739,7.058932517173611
569.5750000000005,8.003429727368722,4.689821306051803
569.6000000000005,8.003429727368722,4.589375396181188
569.6250000000005,8.235360543908579,4.658181363935017
569.6500000000005,8.235360543908579,4.629589407936104
569.6750000000005,8.396297338592712,4.606090752319656
569.7000000000005,8.396297338592712,4.32730793525838
569.7250000000005,8.61513108390844,4.355538784941947
569.7500000000005,8.61513108390844,4.389564024060392
569.7750000000005,8.856714537605743,4.360399827446156
569.8000000000005,8.856714537605743,5.171594476353559
569.8250000000005,9.119443224677656,5.044714582625503
569.8500000000005,9.119443224677656,4.901644720734034
569.8750000000005,9.49235632028304,5.256111605192591
569.9000000000005,9.49235632028304,5.13494996464892
569.9250000000005,9.89533467020623,9.184682763746745
569.9500000000005,9.89533467020623,8.804819434223813
569.9750000000005,10.38237134778161,8.450862741089068
570.0000000000005,10.38237134778161,8.154124292595625
570.0250000000005,10.814475457259611,8.768974944059101
570.0500000000005,10.814475457259611,9.143541263270093
570.0750000000005,11.21727115863721,8.82043821160988
570.1000000000005,11.21727115863721,8.751749814451921
570.1250000000005,11.550001248213592,7.974167304363267
570.1500000000005,11.550001248213592,8.108625290338402
570.1750000000005,11.803752619812164,8.203508815904973
570.2000000000005,11.803752619812164,9.29966136315499
570.2250000000005,12.010887387326967,9.30218542677421
570.2500000000005,12.010887387326967,9.34970751567299
570.2750000000005,12.151187489657534,6.679546138821487
570.3000000000005,12.151187489657534,4.704916999470538
570.3250000000005,12.194935964848778,4.661827632693795
570.3500000000005,12.194935964848778,4.895108483441855
570.3750000000005,12.110756775051586,4.781828861838593
570.4000000000005,12.110756775051586,5.6199385976012275
570.4250000000005,11.949975901412788,5.454336812683737
570.4500000000005,11.949975901412788,5.057668778718517
570.4750000000005,11.710487935080089,3.804523340778391
570.5000000000005,11.710487935080089,4.3160109838992256
570.5250000000005,11.479390997399122,3.9068357489667123
570.5500000000005,11.479390997399122,4.526570627811076
570.5750000000005,11.29306710408649,4.757281415077471
570.6000000000005,11.29306710408649,4.973491065430219
570.6250000000005,11.14397464297231,5.005973069207618
570.6500000000005,11.14397464297231,4.640474752860108
570.6750000000005,10.84962790713719,4.774471230683098
570.7000000000005,10.84962790713719,4.790863896521348
570.7250000000005,10.40016554970616,4.965043012898437
570.7500000000005,10.40016554970616,5.145583034278456
570.7750000000005,10.017801893754296,4.947051567035774
570.8000000000005,10.017801893754296,5.3666998487631385
570.8250000000005,9.723616269394753,4.91274232397949
570.8500000000005,9.723616269394753,4.833297560610781
570.8750000000005,9.293682049668874,4.884020477049358
570.9000000000005,9.293682049668874,4.858775387666637
570.9250000000005,8.889217712319564,4.89462151974914
570.9500000000005,8.889217712319564,4.897602809130309
570.9750000000005,8.641740473647005,4.628355411887992
571.0000000000005,8.641740473647005,4.638091774288253
571.0250000000005,8.503119675135082,4.873031731646476
571.0500000000005,8.503119675135082,4.985693194975354
571.0750000000005,8.457971097686183,4.89493196786621
571.1000000000005,8.457971097686183,4.85711620668511
571.1250000000005,8.418728244896116,4.9510140029021015
571.1500000000005,8.418728244896116,4.967531218718961
571.1750000000005,8.348984754260641,4.909035449289365
571.2000000000005,8.348984754260641,4.930609322318302
571.2250000000005,8.254385820541955,5.104043623658065
571.2500000000005,8.254385820541955,5.350264716569665
571.2750000000005,8.200144089319295,5.366186604947853
571.3000000000005,8.200144089319295,5.442153821093595
571.3250000000005,8.175219741361857,5.4042713687213935
571.3500000000005,8.175219741361857,5.532441566856252
571.3750000000005,8.156814337109282,5.545159901891417
571.4000000000005,8.156814337109282,5.989404181634424
571.4250000000005,8.153618957734238,7.284766205814909
571.4500000000005,8.153618957734238,7.034773915734847
571.4750000000005,8.184358994778435,7.140492462877789
571.5000000000005,8.184358994778435,7.089080542072659
571.5250000000005,8.203286499394437,7.194290803074226
571.5500000000005,8.203286499394437,7.231447770826659
571.5750000000005,8.152928920571583,7.110099067434769
571.6000000000005,8.152928920571583,7.17731721009903
571.6250000000005,8.093892733965376,7.57949603750904
571.6500000000005,8.093892733965376,7.802095720885377
571.6750000000005,8.0493917968994,7.011290210491033
571.7000000000005,8.0493917968994,6.995221795464272
571.7250000000005,7.9987795394345795,6.941562014830604
571.7500000000005,7.9987795394345795,6.925259956065442
571.7750000000005,7.953225111862594,6.099801777851372
571.8000000000005,7.953225111862594,6.184812846535712
571.8250000000005,7.894618818566158,6.647492487379946
571.8500000000005,7.894618818566158,6.390911526019125
571.8750000000005,7.805026093274236,6.263226270070052
571.9000000000005,7.805026093274236,6.109413475794929
571.9250000000005,7.7331138232780035,6.5637219375144475
571.9500000000005,7.7331138232780035,6.922934101648405
571.9750000000005,7.702338560647846,7.016028520906014
572.0000000000005,7.702338560647846,7.155474131520879
572.0250000000005,7.596011105127076,6.907792135495799
572.0500000000005,7.596011105127076,7.257039704249852
572.0750000000005,7.316011047213522,7.285840933881603
572.1000000000005,7.316011047213522,8.087222813409115
572.1250000000005,7.1212237446061835,7.013622069413454
572.1500000000005,7.1212237446061835,6.941974562461308
572.1750000000005,6.8739761071285415,6.859587449989267
572.2000000000005,6.8739761071285415,6.979186806999593
572.2250000000005,6.540991203316594,7.050435659665428
572.2500000000005,6.540991203316594,6.755249132857873
572.2750000000005,6.305396509377516,6.4699285947338305
572.3000000000005,6.305396509377516,6.325006253438516
572.3250000000005,6.192629274394818,6.119670430021255
572.3500000000005,6.192629274394818,6.051250998347161
572.3750000000005,6.021922435348216,6.1486051883876645
572.4000000000005,6.021922435348216,6.217501606889372
572.4250000000005,5.9800560232825575,6.105227988025742
572.4500000000005,5.9800560232825575,6.295684613189248
572.4750000000005,5.968522338660435,6.103821200449863
572.5000000000005,5.968522338660435,5.746143793756692
572.5250000000005,5.971603952995494,5.736599972690437
572.5500000000005,5.971603952995494,5.5178512497830585
572.5750000000005,6.034785836220436,5.167754086560121
572.6000000000005,6.034785836220436,4.877034820142411
572.6250000000005,6.067541523003499,5.252923995668443
572.6500000000005,6.067541523003499,5.015595502254275
572.6750000000005,6.054464880243486,5.000741723866528
572.7000000000005,6.054464880243486,5.0585326085872655
572.7250000000005,6.061545008457841,6.255775322561581
572.7500000000005,6.061545008457841,6.351862026969245
572.7750000000005,6.060785222288999,6.3717373874423755
572.8000000000005,6.060785222288999,6.648827727487538
572.8250000000005,6.03676554719496,7.011464744274693
572.8500000000005,6.03676554719496,7.043685812353085
572.8750000000005,5.884245866443422,7.395339420974181
572.9000000000005,5.884245866443422,7.554215902466065
572.9250000000005,5.641984694906242,7.676307382122164
572.9500000000005,5.641984694906242,8.62638928407374
572.9750000000005,5.227060029163837,8.336042625712848
573.0000000000005,5.227060029163837,8.333996572544514
573.0250000000005,4.978797898825704,7.970038260975372
573.0500000000005,4.978797898825704,8.371171327468376
573.0750000000005,4.740312261927514,8.537277581367455
573.1000000000005,4.740312261927514,7.246350113876264
573.1250000000005,4.585063334850602,7.273150653856357
573.1500000000005,4.585063334850602,7.22712027243293
573.1750000000005,4.414026998626724,12.433453935132361
573.2000000000005,4.414026998626724,7.776579033211932
573.2250000000005,4.437449388800303,7.4606655063338465
573.2500000000005,4.437449388800303,7.602711229065405
573.2750000000005,4.451986731498764,7.769150127282221
573.3000000000005,4.451986731498764,7.39162156522084
573.3250000000005,4.54649924248784,7.609958397828438
573.3500000000005,4.54649924248784,6.2628501271481865
573.3750000000005,4.647549078853245,6.179454569961492
573.4000000000005,4.647549078853245,6.179989305320041
573.4250000000005,4.802970909930565,6.38001367822931
573.4500000000005,4.802970909930565,6.38001367822931
573.4750000000005,4.928317057265659,6.482467833669509
573.5000000000005,4.928317057265659,6.066015493684611
573.5250000000005,5.0250203816085985,6.7544978277930765
573.5500000000005,5.0250203816085985,6.645744935211769
573.5750000000005,5.072393818539524,6.25736602774488
573.6000000000005,5.072393818539524,6.303002120014417
573.6250000000005,5.23656195991164,6.484093636351572
573.6500000000005,5.23656195991164,7.405328261732819
573.6750000000005,5.454635647990742,8.074032684150087
573.7000000000005,5.454635647990742,7.27735897190036
573.7250000000005,5.665517484343553,7.486023136767767
573.7500000000005,5.665517484343553,7.7890441743836165
573.7750000000005,5.856301099487482,7.604698252137435
573.8000000000005,5.856301099487482,7.747750856872917
573.8250000000005,6.050166099259243,8.790024826799524
573.8500000000005,6.050166099259243,8.581183773108897
573.8750000000005,6.285524681855847,8.904550596719199
573.9000000000005,6.285524681855847,8.688435433938867
573.9250000000005,6.478781807419637,7.089983755214547
573.9500000000005,6.478781807419637,7.014056353194539
573.9750000000005,6.641038683784046,7.031983450644346
574.0000000000005,6.641038683784046,7.164098137696962
574.0250000000005,6.7985233972216434,7.04829848901263
574.0500000000005,6.7985233972216434,9.723609690713733
574.0750000000005,6.978031099501834,7.063520862895366
574.1000000000005,6.978031099501834,7.132237961301976
574.1250000000005,7.175784184660998,7.442088178601298
574.1500000000005,7.175784184660998,6.406397793726821
574.1750000000005,7.3290631662813155,8.303120129301806
574.2000000000005,7.3290631662813155,8.001192487256727
574.2250000000005,7.5143662304706424,8.68943069783381
574.2500000000005,7.5143662304706424,8.732671336291453
574.2750000000005,7.738078054267561,8.696544623110375
574.3000000000005,7.738078054267561,8.668968209631494
574.3250000000005,7.918382138367775,6.310867718575297
574.3500000000005,7.918382138367775,6.130565907977897
574.3750000000005,8.174140711052843,6.332005153338075
574.4000000000005,8.174140711052843,6.305290315443269
574.4250000000005,8.396853212857522,6.893641464555856
574.4500000000005,8.396853212857522,6.68864894240854
574.4750000000005,8.603047219769621,6.748108556049369
574.5000000000005,8.603047219769621,6.476567750015258
574.5250000000005,8.7539026682512,6.144710390041057
574.5500000000005,8.7539026682512,5.9676631667894995
574.5750000000005,8.883704869209836,6.032750496751424
574.6000000000005,8.883704869209836,7.686218583959992
574.6250000000005,9.101008908707257,8.490742244844423
574.6500000000005,9.101008908707257,8.477488128223401
574.6750000000005,9.238640130372417,8.631497120897107
574.7000000000005,9.238640130372417,7.332810498417818
574.7250000000005,9.375592489363598,8.070000924624317
574.7500000000005,9.375592489363598,8.00849904122568
574.7750000000005,9.447985924382877,8.160114138368966
574.8000000000005,9.447985924382877,12.277546434874615
574.8250000000005,9.477150463076086,12.09096326008308
574.8500000000005,9.477150463076086,11.396743643336503
574.8750000000005,9.542789834002619,9.534831521539632
574.9000000000005,9.542789834002619,9.470753180138848
574.9250000000005,9.63136273957818,9.305924571758093
574.9500000000005,9.63136273957818,9.486489134129613
574.9750000000005,9.720163006598483,9.733034080811136
575.0000000000005,9.720163006598483,10.088831321913977
575.0250000000005,9.88361486076198,9.5329452682076
575.0500000000005,9.88361486076198,9.576375852732122
575.0750000000005,10.208074837876651,9.291336171956512
575.1000000000005,10.208074837876651,9.668110084931216
575.1250000000005,10.538065521838291,9.991762503078164
575.1500000000005,10.538065521838291,10.354533373472828
575.1750000000005,10.781310104766035,10.575890241834378
575.2000000000005,10.781310104766035,10.911839961925086
575.2250000000005,11.119942706823892,11.320980020072469
575.2500000000005,11.119942706823892,11.253359273419308
575.2750000000005,11.439503896489526,12.58551092512375
575.3000000000005,11.439503896489526,12.185882677636817
575.3250000000005,11.759878948506469,12.190861978249577
575.3500000000005,11.759878948506469,11.579826198699669
575.3750000000005,12.065780646298407,11.759815211810398
575.4000000000005,12.065780646298407,10.540071471385959
575.4250000000005,12.426934867668393,13.967329209599558
575.4500000000005,12.426934867668393,13.8998633902327
575.4750000000005,12.774866713954523,11.528755078712827
575.5000000000005,12.774866713954523,11.898208271555038
575.5250000000005,13.423219476277595,12.226223495674299
575.5500000000005,13.423219476277595,12.478005518902366
575.5750000000005,13.84169382529494,9.296054906102546
575.6000000000005,13.84169382529494,8.203977602973174
575.6250000000005,14.205949651303797,11.741148601618576
575.6500000000005,14.205949651303797,10.858869375841586
575.6750000000005,14.542095002493923,11.326591812200887
575.7000000000005,14.542095002493923,11.77190220528975
575.7250000000005,14.98015836455464,11.047600011501038
575.7500000000005,14.98015836455464,10.883353625602775
575.7750000000005,15.599260369888512,11.54779567073347
575.8000000000005,15.599260369888512,14.408311189431627
575.8250000000005,16.261080279234577,14.060854771987376
575.8500000000005,16.261080279234577,12.069194742435952
575.8750000000005,17.137924475369303,11.607921942946637
575.9000000000005,17.137924475369303,14.210156238580531
575.9250000000005,18.07212762672478,14.327641207865513
575.9500000000005,18.07212762672478,13.882019189428972
575.9750000000005,18.98523415337135,13.755041017281192
576.0000000000005,18.98523415337135,12.815459057350486
576.0250000000005,19.847847975589403,14.931092923887821
576.0500000000005,19.847847975589403,14.25447998438149
576.0750000000005,20.44604977554353,17.43265323877553
576.1000000000005,20.44604977554353,17.233434286874335
576.1250000000005,20.811501443731444,17.333737781987836
576.1500000000005,20.811501443731444,18.59019061700281
576.1750000000005,21.142964801341805,19.23410585582655
576.2000000000005,21.142964801341805,19.60764138861633
576.2250000000005,21.7303769820425,20.1239161109736
576.2500000000005,21.7303769820425,20.091552188432033
576.2750000000005,22.31412526927845,20.21526493056017
576.3000000000005,22.31412526927845,20.05296526730873
576.3250000000005,23.030694507397683,19.99809163161175
576.3500000000005,23.030694507397683,22.322276219520106
576.3750000000005,23.791083108581503,22.46488471323101
576.4000000000005,23.791083108581503,22.44448270575948
576.4250000000005,24.678064667847906,22.44400646710008
576.4500000000005,24.678064667847906,22.549939741496704
576.4750000000005,25.483258092996167,22.084524769000577
576.5000000000005,25.483258092996167,27.629372589307827
576.5250000000005,26.139461458134562,30.10762136521031
576.5500000000005,26.139461458134562,30.23319093176687
576.5750000000005,27.05443630912231,28.830850088717117
576.6000000000005,27.05443630912231,30.381158035124255
576.6250000000006,27.850742650583953,30.334187145549777
576.6500000000005,27.850742650583953,30.638739991153457
576.6750000000005,28.90587426924324,30.542756706385312
576.7000000000005,28.90587426924324,30.68126998135676
576.7250000000005,29.96969510096551,31.77578201032794
576.7500000000006,29.96969510096551,32.28702481769912
576.7750000000005,31.015408198432226,32.42461564666573
576.8000000000005,31.015408198432226,30.815657845407028
576.8250000000005,31.796971665766364,30.803475437266197
576.8500000000005,31.796971665766364,31.278849662539727
576.8750000000006,32.517502198155086,31.2349858590794
576.9000000000005,32.517502198155086,31.861739721073047
576.9250000000005,33.262228575466224,31.830847434501543
576.9500000000005,33.262228575466224,31.96782854032183
576.9750000000005,34.09899354616947,32.17603225877449
577.0000000000006,34.09899354616947,32.04335521697483
577.0250000000005,34.904102155610175,31.91699871259422
577.0500000000005,34.904102155610175,31.876441435600338
577.0750000000005,35.59354800159973,32.17432313202531
577.1000000000005,35.59354800159973,31.987276326892694
577.1250000000006,36.52927913565952,31.968092646444187
577.1500000000005,36.52927913565952,32.19259110428457
577.1750000000005,37.26109621705462,31.890268177272883
577.2000000000005,37.26109621705462,32.21246868934646
577.2250000000005,38.01721227796718,32.21963919637933
577.2500000000006,38.01721227796718,31.58392558529869
577.2750000000005,38.71013923098274,31.347233063306366
577.3000000000005,38.71013923098274,33.23545727373896
577.3250000000005,39.380551246192475,37.12094408380774
577.3500000000005,39.380551246192475,37.32719885525203
577.3750000000006,40.04280380046643,37.25456214764333
577.4000000000005,40.04280380046643,37.215515676957516
577.4250000000005,39.85021253655304,37.162267489710764
577.4500000000005,39.85021253655304,37.76031046506381
577.4750000000005,39.05884105065631,38.08598022503238
577.5000000000006,39.05884105065631,38.34998069191656
577.5250000000005,38.306603891390914,37.98671472647026
577.5500000000005,38.306603891390914,37.04128438435842
577.5750000000005,37.56491146156669,37.35559557440692
577.6000000000005,37.56491146156669,36.83661207612859
577.6250000000006,36.86391299969984,37.124932516733814
577.6500000000005,36.86391299969984,36.49951614657192
577.6750000000005,35.93331969249475,36.61607831266562
577.7000000000005,35.93331969249475,37.545999824382804
577.7250000000005,34.98454323005731,37.470397495905786
577.7500000000006,34.98454323005731,37.19304247741838
577.7750000000005,34.200643200644194,37.542719704315736
577.8000000000005,34.200643200644194,37.18258350813908
577.8250000000005,33.62055899700425,37.14489623139276
577.8500000000005,33.62055899700425,36.71642968474944
577.8750000000006,33.105119863850774,36.8234883435194
577.9000000000005,33.105119863850774,35.976600917254174
577.9250000000005,32.58852624300643,36.22999239328891
577.9500000000005,32.58852624300643,36.458741496145564
577.9750000000005,32.345633180865434,35.99419257076268
578.0000000000006,32.345633180865434,35.450536362936155
578.0250000000005,31.88326372406938,35.337967197973455
578.0500000000005,31.88326372406938,34.114150834713485
578.0750000000005,31.41057010296423,34.14734367597481
578.1000000000005,31.41057010296423,32.92633932093732
578.1250000000006,30.92163135045702,33.01667663248091
578.1500000000005,30.92163135045702,33.01937719718734
578.1750000000005,30.14721164448126,33.543372182867735
578.2000000000005,30.14721164448126,33.9594065677731
578.2250000000005,29.30650296714282,33.64814228269977
578.2500000000006,29.30650296714282,32.77681921935139
578.2750000000005,28.49787033809676,32.505567255105746
578.3000000000005,28.49787033809676,32.503712055904515
578.3250000000005,27.51166872083178,32.483861774157674
578.3500000000005,27.51166872083178,27.795868198276267
578.3750000000006,26.411708234443694,27.55888847632812
578.4000000000005,26.411708234443694,27.176089992218056
578.4250000000005,25.370600511240937,27.063312727786634
578.4500000000005,25.370600511240937,27.242703061970815
578.4750000000005,24.502159080511916,31.1147712641877
578.5000000000006,24.502159080511916,30.81893270725324
578.5250000000005,23.69643729151602,31.032108194671586
578.5500000000005,23.69643729151602,30.317660341940204
578.5750000000005,22.931653057937424,30.202391182429736
578.6000000000005,22.931653057937424,31.146331007158892
578.6250000000006,22.18559933163607,31.267625961851206
578.6500000000005,22.18559933163607,31.042066925923503
578.6750000000005,21.476712222349647,29.455526572229587
578.7000000000005,21.476712222349647,27.9877924386331
578.7250000000005,20.8451097070338,27.75652775063501
578.7500000000006,20.8451097070338,27.814525926195238
578.7750000000005,20.189298617713646,27.76236713926929
578.8000000000005,20.189298617713646,27.841898820218617
578.8250000000005,19.51329983908859,27.80098557807261
578.8500000000005,19.51329983908859,27.607707223472257
578.8750000000006,18.972842777255252,27.904881716329463
578.9000000000005,18.972842777255252,27.842262555817896
578.9250000000005,18.46470152760999,26.75103155314053
578.9500000000005,18.46470152760999,25.668727078340986
578.9750000000005,17.85908712764953,23.166998488003742
579.0000000000006,17.85908712764953,22.811578434866878
579.0250000000005,17.369611595552172,22.14706081004571
579.0500000000005,17.369611595552172,22.32442760814607
579.0750000000005,16.80285185128953,22.328392803254097
579.1000000000005,16.80285185128953,14.259634681714932
579.1250000000006,16.412589346777224,13.502358531200475
579.1500000000005,16.412589346777224,13.377467021723408
579.1750000000005,16.11524249933862,13.424753811347687
579.2000000000005,16.11524249933862,14.288266081931164
579.2250000000005,15.805686841387839,14.408287287568415
579.2500000000006,15.805686841387839,14.132605239802784
579.2750000000005,15.275330854488203,13.119876909284189
579.3000000000005,15.275330854488203,13.020630979336865
579.3250000000005,14.826171837367156,16.52347194024864
579.3500000000005,14.826171837367156,16.51496181010361
579.3750000000006,14.401221929559426,16.796228764984292
579.4000000000005,14.401221929559426,16.361037468644845
579.4250000000005,13.910996561714256,16.367032958099493
579.4500000000005,13.910996561714256,16.523801048416033
579.4750000000005,13.457518038683261,16.75325891993242
579.5000000000006,13.457518038683261,16.58940017890985
579.5250000000005,13.003805183504824,13.374196413118714
579.5500000000005,13.003805183504824,13.804688366330915
579.5750000000005,12.308688186911482,12.81340254231494
579.6000000000005,12.308688186911482,12.588904613500361
579.6250000000006,11.70017030365031,12.805110620965566
579.6500000000005,11.70017030365031,13.04246437356851
579.6750000000005,11.004988660891556,12.967892457267695
579.7000000000005,11.004988660891556,13.165058809358737
579.7250000000005,10.314773763527867,12.859315473053261
579.7500000000006,10.314773763527867,12.848900190394462
579.7750000000005,9.565374133000034,12.497175163027268
579.8000000000005,9.565374133000034,12.342869448951184
579.8250000000005,8.86131164505204,8.822214183696353
579.8500000000005,8.86131164505204,8.750110479790518
579.8750000000006,8.171159844222359,8.94875178591136
579.9000000000005,8.171159844222359,8.912876747543823
579.9250000000005,7.664653361632318,8.287016905570411
579.9500000000005,7.664653361632318,6.224509142231105
579.9750000000005,7.15602688572622,6.702291736931354
580.0000000000006,7.15602688572622,6.856362936179779
580.0250000000005,6.714964591595958,6.973635045508241
580.0500000000005,6.714964591595958,7.229773926805454
580.0750000000005,6.160891492487224,7.0693542287633635
580.1000000000005,6.160891492487224,7.153091454148849
580.1250000000006,5.6421647097674,7.126295393320045
580.1500000000005,5.6421647097674,6.86073291486984
580.1750000000005,5.085239525187674,6.869845355388582
580.2000000000005,5.085239525187674,6.728355895827835
580.2250000000005,4.484221812757056,6.569689363817441
580.2500000000006,4.484221812757056,6.4888201539856984
580.2750000000005,3.8211975219003165,6.494685334019843
580.3000000000005,3.8211975219003165,6.477245145629372
580.3250000000005,3.1007280180617585,5.325699527943855
580.3500000000005,3.1007280180617585,5.354949438799875
580.3750000000006,2.6585445833762407,5.349835730958065
580.4000000000005,2.6585445833762407,4.990790387619795
580.4250000000005,2.360213391504857,6.782466584697147
580.4500000000005,2.360213391504857,6.939439725427783
580.4750000000005,1.9247530920898015,6.742928183209684
580.5000000000006,1.9247530920898015,6.989621161820114
580.5250000000005,1.731757427454113,6.882767340484236
580.5500000000005,1.731757427454113,6.222952761143664
580.5750000000005,1.5722491687522222,6.1862043074927415
580.6000000000005,1.5722491687522222,6.279301847939689
580.6250000000006,1.4372633362080052,6.256809299888046
580.6500000000005,1.4372633362080052,5.7637943537275085
580.6750000000005,1.339883215350639,5.432709771572914
580.7000000000005,1.339883215350639,5.219089072930638
580.7250000000005,1.4355848984871358,5.665665548257883
580.7500000000006,1.4355848984871358,5.1036003463519695
580.7750000000005,1.601179760497999,5.80181849508723
580.8000000000005,1.601179760497999,5.765665570556538
580.8250000000005,1.6052587956974804,5.661800787062666
580.8500000000005,1.6052587956974804,5.614884575463158
580.8750000000006,1.8081947939006824,5.435052246983506
580.9000000000005,1.8081947939006824,5.356515753500555
580.9250000000005,1.9303579805952467,4.519476922777805
580.9500000000005,1.9303579805952467,4.556060180588438
580.9750000000005,2.1167948886981662,4.475979721883857
581.0000000000006,2.1167948886981662,4.482501801514171
581.0250000000005,2.278934080295244,4.518331486804467
581.0500000000005,2.278934080295244,3.98980928651769
581.0750000000005,2.3563685543304445,4.04241424654292
581.1000000000005,2.3563685543304445,6.167386380515024
581.1250000000006,2.501927326147637,5.2002489506078335
581.1500000000005,2.501927326147637,4.819198545379613
581.1750000000005,2.796341409646203,4.343330520726251
581.2000000000005,2.796341409646203,4.54170310051862
581.2250000000005,2.96977421076852,3.6388183928889246
581.2500000000006,2.96977421076852,3.4010009171410327
581.2750000000005,3.1122774057955667,3.5605015062456977
581.3000000000005,3.1122774057955667,5.819128820159035
581.3250000000005,3.2515316100888185,5.4407217469821925
581.3500000000005,3.2515316100888185,5.536769742603191
581.3750000000006,3.284636895852941,5.4300840286040515
581.4000000000005,3.284636895852941,5.867824906461119
581.4250000000005,3.2612365502411222,5.96433154875823
581.4500000000005,3.2612365502411222,5.607626810934727
581.4750000000005,3.3445667323389046,5.577858302070854
581.5000000000006,3.3445667323389046,5.493720824888621
581.5250000000005,3.416148138499679,5.424959171261491
581.5500000000005,3.416148138499679,6.518973654188358
581.5750000000005,3.5122402715596337,6.460937052779405
581.6000000000005,3.5122402715596337,6.272621645569153
581.6250000000006,3.7140578842838465,4.112501856532811
581.6500000000005,3.7140578842838465,5.331097729719033
581.6750000000005,3.86568145747178,5.214164748801158
581.7000000000005,3.86568145747178,5.024328949037494
581.7250000000005,4.0690103214396345,4.880333248557955
581.7500000000006,4.0690103214396345,4.902493572119929
581.7750000000005,4.2795902633262415,4.9784047812854695
581.8000000000005,4.2795902633262415,4.852084694957595
581.8250000000005,4.463831856324205,4.886869772768432
581.8500000000005,4.463831856324205,5.457643800019741
581.8750000000006,4.638557037295243,6.079728603043432
581.9000000000005,4.638557037295243,5.4600932277390815
581.9250000000005,4.809913288946078,5.481707751906066
581.9500000000005,4.809913288946078,5.619591079559182
581.9750000000005,4.938598194114675,5.695584166737655
582.0000000000006,4.938598194114675,6.008630657094127
582.0250000000005,5.045752081388017,6.100214809669166
582.0500000000005,5.045752081388017,5.920242098877382
582.0750000000005,5.232664287584683,5.887066482265578
582.1000000000005,5.232664287584683,6.238358344960402
582.1250000000006,5.407978768295777,6.90032571645351
582.1500000000005,5.407978768295777,6.885044808599401
582.1750000000005,5.579500863950997,7.220937362928815
582.2000000000005,5.579500863950997,7.241868751246651
582.2250000000005,5.740231363997907,6.70029812127328
582.2500000000006,5.740231363997907,7.3117111165996
582.2750000000005,5.886148591725842,6.840988597682644
582.3000000000005,5.886148591725842,6.551989131209913
582.3250000000005,6.016671677092461,6.605543702326462
582.3500000000005,6.016671677092461,6.572490543274336
582.3750000000006,6.133133555620276,6.748121953997732
582.4000000000005,6.133133555620276,8.046831554418167
582.4250000000005,6.252249203468864,6.825446021918249
582.4500000000005,6.252249203468864,6.895705772519396
582.4750000000005,6.373437274988916,6.933415721810796
582.5000000000006,6.373437274988916,7.484496306887371
582.5250000000005,6.499057596007361,8.385698942520335
582.5500000000005,6.499057596007361,8.477643480659003
582.5750000000005,6.622069300948354,8.467693749351294
582.6000000000005,6.622069300948354,8.493386382558601
582.6250000000006,6.739945717211796,7.987762885792521
582.6500000000005,6.739945717211796,8.076251636391893
582.6750000000005,6.848410741292398,7.881632438305229
582.7000000000005,6.848410741292398,7.984928835639481
582.7250000000005,6.927754068943997,7.963773461972843
582.7500000000006,6.927754068943997,7.984410733144358
582.7750000000005,7.0049637318032865,6.682465400996188
582.8000000000005,7.0049637318032865,6.81669267038241
582.8250000000005,7.114261473013002,6.916158692584076
582.8500000000005,7.114261473013002,6.7786417219048545
582.8750000000006,7.242619769277098,6.465641118351024
582.9000000000005,7.242619769277098,6.4904681372043385
582.9250000000005,7.344780620108594,6.60472169397164
582.9500000000005,7.344780620108594,9.964348624929778
582.9750000000005,7.429876389256435,9.56035063502698
583.0000000000006,7.429876389256435,9.355336564044148
583.0250000000005,7.514686934117634,9.647551022009827
583.0500000000005,7.514686934117634,9.644943167252606
583.0750000000005,7.5648721390672335,9.490883979446105
583.1000000000005,7.5648721390672335,8.76335018896004
583.1250000000006,7.62928366300028,9.025677938108712
583.1500000000005,7.62928366300028,8.65511235004934
583.1750000000005,7.679409643050704,8.364263509380518
583.2000000000005,7.679409643050704,8.100335887325393
583.2250000000005,7.7720416861337185,7.890607791467429
583.2500000000006,7.7720416861337185,5.904069448580783
583.2750000000005,7.876561601907767,5.995178719790091
583.3000000000005,7.876561601907767,5.716739456517614
583.3250000000005,8.011551680343857,5.554879968846045
583.3500000000005,8.011551680343857,7.132258579412231
583.3750000000006,8.169367338048744,8.082076039138338
583.4000000000005,8.169367338048744,8.270063021203999
583.4250000000005,8.272117017842476,8.42258176961727
583.4500000000005,8.272117017842476,9.007127435421408
583.4750000000005,8.33556558032356,9.48364653883919
583.5000000000006,8.33556558032356,9.704492532288752
583.5250000000005,8.389494702345303,9.15543282152582
583.5500000000005,8.389494702345303,8.943396442468106
583.5750000000005,8.436444600075163,8.973598167056313
583.6000000000005,8.436444600075163,9.016814503006874
583.6250000000006,8.430889477779957,9.35887001177113
583.6500000000005,8.430889477779957,9.327573258238385
583.6750000000005,8.35284827413328,14.159614093642574
583.7000000000005,8.35284827413328,16.817861482468757
583.7250000000005,8.347066937763245,16.09117789355491
583.7500000000006,8.347066937763245,16.031549904450408
583.7750000000005,8.405020831902561,15.385342323671262
583.8000000000005,8.405020831902561,15.55837220057319
583.8250000000005,8.42046480191064,15.530369732893208
583.8500000000005,8.42046480191064,15.475447190354634
583.8750000000006,8.294019828618474,15.093438162320258
583.9000000000005,8.294019828618474,7.73652381550411
583.9250000000005,8.128476050405155,7.438201758181365
583.9500000000005,8.128476050405155,7.61312132657799
583.9750000000005,7.904757760702239,7.432710695119352
584.0000000000006,7.904757760702239,7.502279007927188
584.0250000000005,7.759594712433923,6.934693697681757
584.0500000000005,7.759594712433923,7.197093235932581
584.0750000000005,7.539344710498156,7.15355098050508
584.1000000000005,7.539344710498156,7.105010479337133
584.1250000000006,7.468003360978997,7.016098156436491
584.1500000000005,7.468003360978997,7.089278999344175
584.1750000000005,7.545737452281699,6.455214573125667
584.2000000000005,7.545737452281699,6.762518161010425
584.2250000000005,7.768884915725536,7.034121216353452
584.2500000000006,7.768884915725536,6.994374030367234
584.2750000000005,7.981908883823678,6.470761885281572
584.3000000000005,7.981908883823678,6.148411002690317
584.3250000000005,8.191872777950962,6.700958047074783
584.3500000000005,8.191872777950962,6.442799251349466
584.3750000000006,8.419015405436596,6.573129470948755
584.4000000000005,8.419015405436596,6.348786033764194
584.4250000000005,8.66628209018684,6.398058317700746
584.4500000000005,8.66628209018684,7.16594406074449
584.4750000000005,8.818180834700541,7.088591837638504
584.5000000000006,8.818180834700541,7.282768333333994
584.5250000000005,8.976688774639058,7.88837885349111
584.5500000000005,8.976688774639058,7.6830096041413665
584.5750000000005,9.217383339164314,7.323657114059217
584.6000000000005,9.217383339164314,7.012466067530418
584.6250000000006,8.431180667453276,6.7293838969511475
584.6500000000005,8.431180667453276,6.737134848658037
584.6750000000005,7.425796551981762,6.553550144197166
584.7000000000005,7.425796551981762,6.636687070898209
584.7250000000005,6.64634323480368,6.30915834462386
584.7500000000006,6.64634323480368,6.00792978623688
584.7750000000005,6.058912904286302,5.963423779039844
584.8000000000005,6.058912904286302,5.687722332211632
584.8250000000005,5.412734049802239,5.688956917043584
584.8500000000005,5.412734049802239,5.712464750739297
584.8750000000006,4.937414133890101,6.119772073310697
584.9000000000005,4.937414133890101,5.358185657974531
584.9250000000005,4.343692159108315,5.478070265028416
584.9500000000005,4.343692159108315,5.038902976726956
584.9750000000005,3.7370450479160837,5.093048447610379
585.0000000000006,3.7370450479160837,5.2726564180004845
585.0250000000005,3.432979994432756,4.994262739209199
585.0500000000005,3.432979994432756,5.098922743657003
585.0750000000005,3.233470672756823,5.087632491651968
585.1000000000005,3.233470672756823,5.1865614326102865
585.1250000000006,3.1787380616314067,5.1915463199848535
585.1500000000005,3.1787380616314067,4.95319025938478
585.1750000000005,3.1511671636356198,4.335212530652922
585.2000000000005,3.1511671636356198,4.21117002313551
585.2250000000005,2.986188603518201,4.160571379983752
585.2500000000006,2.986188603518201,4.4881887657622626
585.2750000000005,2.92613172005548,4.367700311309503
585.3000000000005,2.92613172005548,4.395464820609784
585.3250000000005,2.838697290718301,4.303281084539338
585.3500000000005,2.838697290718301,4.7472896406371845
585.3750000000006,2.964759535208273,4.887222235337342
585.4000000000005,2.964759535208273,4.49275153122992
585.4250000000005,3.098132960552718,4.808041514231469
585.4500000000005,3.098132960552718,4.961840276617418
585.4750000000005,3.0964481896578775,4.619274772049515
585.5000000000006,3.0964481896578775,4.617009697317079
585.5250000000005,3.0607558735859612,4.351879131580494
585.5500000000005,3.0607558735859612,4.425538716463887
585.5750000000005,2.9117861751291656,4.219830891731134
585.6000000000005,2.9117861751291656,4.281609360365551
585.6250000000006,2.860007295862715,4.272920667216735
585.6500000000005,2.860007295862715,3.987394183560932
585.6750000000005,3.0093271546925138,4.8936057182437604
585.7000000000005,3.0093271546925138,5.202229663043871
585.7250000000005,3.1708852582459173,5.1102309431913735
585.7500000000006,3.1708852582459173,5.048238575047055
585.7750000000005,3.3398186231667637,4.8326552754516845
585.8000000000005,3.3398186231667637,4.406131653426561
585.8250000000005,3.5849538605466194,4.632857137870698
585.8500000000005,3.5849538605466194,4.749851207961938
585.8750000000006,3.786643776422281,4.890245843106455
585.9000000000005,3.786643776422281,5.043579997912033
585.9250000000005,3.9399135556225957,5.011074827024798
585.9500000000005,3.9399135556225957,4.558046000699315
585.9750000000005,4.090751884911086,4.5725285377117135
586.0000000000006,4.090751884911086,4.619625552842548
586.0250000000005,4.272777549598757,4.660957267905061
586.0500000000005,4.272777549598757,4.662529701734573
586.0750000000005,4.474018020175436,4.750791829715809
586.1000000000005,4.474018020175436,5.240939093410727
586.1250000000006,4.64745254511152,5.297930725656792
586.1500000000005,4.64745254511152,5.3519217646320385
586.1750000000005,4.77592403052526,5.3672826782059895
586.2000000000005,4.77592403052526,5.368452693136087
586.2250000000005,4.867045578858878,5.338759744291285
586.2500000000006,4.867045578858878,5.244779593568215
586.2750000000005,5.027034569491846,5.357890028992058
586.3000000000005,5.027034569491846,5.249343729570585
586.3250000000005,5.178014107386957,5.288492117764658
586.3500000000005,5.178014107386957,5.308400496563576
586.3750000000006,5.295154170154319,5.418629006377222
586.4000000000005,5.295154170154319,5.746873082694376
586.4250000000005,5.3601035522116405,5.478429853663057
586.4500000000005,5.3601035522116405,5.3717535542690635
586.4750000000005,5.233846662626476,5.804777612158428
586.5000000000006,5.233846662626476,5.780847352434206
586.5250000000005,5.135436926246527,6.0162393044298526
586.5500000000005,5.135436926246527,6.140383981297271
586.5750000000005,5.037976533389283,6.1159666549052
586.6000000000005,5.037976533389283,6.125299879936831
586.6250000000006,4.906583046744942,6.2294738469350674
586.6500000000005,4.906583046744942,6.233475044201624
586.6750000000005,4.758051229771127,6.303619312672462
586.7000000000005,4.758051229771127,6.234712594103131
586.7250000000005,4.740266134007925,6.175577937169418
586.7500000000006,4.740266134007925,6.106329595896137
586.7750000000005,4.6448720899444,6.092912750629141
586.8000000000005,4.6448720899444,6.064372832207996
586.8250000000005,4.446912267851687,6.091271103309175
586.8500000000005,4.446912267851687,6.117009515371977
586.8750000000006,4.251235649369633,5.539629744749849
586.9000000000005,4.251235649369633,5.522525326597248
586.9250000000005,4.16565018425932,5.517674303352704
586.9500000000005,4.16565018425932,5.524356504077743
586.9750000000005,4.239045376591406,5.192857447031338
587.0000000000006,4.239045376591406,5.188578402583548
587.0250000000005,4.410554044529803,4.970186934405801
587.0500000000005,4.410554044529803,4.727612871123213
587.0750000000005,4.513786682953963,4.742732118499511
587.1000000000005,4.513786682953963,4.987970747521738
587.1250000000006,4.401142395968876,5.2962715818026105
587.1500000000005,4.401142395968876,5.046273900619694
587.1750000000005,4.305490186217483,5.0460080426588485
587.2000000000005,4.305490186217483,4.712802764067518
587.2250000000005,4.203370103579601,4.804485369036492
587.2500000000006,4.203370103579601,4.780345429489096
587.2750000000005,4.234608731194484,4.552050497525367
587.3000000000005,4.234608731194484,4.56893466106585
587.3250000000005,4.381050897955646,4.363542624583316
587.3500000000005,4.381050897955646,4.433739509025788
587.3750000000006,4.522925277967417,4.630541894376149
587.4000000000005,4.522925277967417,4.666682523462477
587.4250000000005,4.6437137294367545,4.894875799597769
587.4500000000005,4.6437137294367545,4.856286475337636
587.4750000000005,4.75566539267416,4.851443114621201
587.5000000000006,4.75566539267416,4.920709596541681
587.5250000000005,4.848612287001956,4.909633942467976
587.5500000000005,4.848612287001956,5.092845771713687
587.5750000000005,5.004993572371504,5.341322230947001
587.6000000000005,5.004993572371504,4.880510436397484
587.6250000000006,5.143112758501545,5.092018579959179
587.6500000000005,5.143112758501545,5.30022735952953
587.6750000000005,5.307893227221953,5.063329004454166
587.7000000000005,5.307893227221953,5.1179459164166134
587.7250000000005,5.447031916970204,5.172231044396364
587.7500000000006,5.447031916970204,5.398277912499085
587.7750000000005,5.548984923090842,5.461540468476004
587.8000000000005,5.548984923090842,5.379427337539861
587.8250000000005,5.641647062189335,5.418448454386618
587.8500000000005,5.641647062189335,5.686171409210357
587.8750000000006,5.590430596702873,5.593555282525256
587.9000000000005,5.590430596702873,5.605736978751621
587.9250000000005,5.531618604990598,5.8250699256683
587.9500000000005,5.531618604990598,5.767064023807965
587.9750000000005,5.436951031575603,6.146637424758804
588.0000000000006,5.436951031575603,5.899064986286649
588.0250000000005,5.327410153568721,6.133446614091992
588.0500000000005,5.327410153568721,6.0824810756256715
588.0750000000005,5.292680796219116,6.0011000372971965
588.1000000000005,5.292680796219116,5.937544250035542
588.1250000000006,5.198331006585278,5.997302464289003
588.1500000000005,5.198331006585278,5.988340096221901
588.1750000000005,5.142221243762137,6.121591940438183
588.2000000000005,5.142221243762137,5.854350906103234
588.2250000000005,5.133637971836961,6.143737367354683
588.2500000000006,5.133637971836961,6.359693570777572
588.2750000000005,5.187996747082522,6.247886781310497
588.3000000000005,5.187996747082522,6.214206882381075
588.3250000000005,5.188747609939597,6.1045343935648955
588.3500000000005,5.188747609939597,6.39088213893371
588.3750000000006,5.080932329023398,5.961019274366331
588.4000000000005,5.080932329023398,5.875603897740923
588.4250000000005,4.856166504414318,5.936503302078617
588.4500000000005,4.856166504414318,5.999114363238489
588.4750000000005,4.832386512233754,5.534641862165363
588.5000000000006,4.832386512233754,6.0509549009973185
588.5250000000005,4.850718379038284,6.060290331374152
588.5500000000005,4.850718379038284,6.152063694791114
588.5750000000005,4.928446172541896,6.113957501751335
588.6000000000005,4.928446172541896,6.141158255892955
588.6250000000006,4.961993685021795,5.421693901358237
588.6500000000005,4.961993685021795,6.003412478415698
588.6750000000005,4.9990243402231584,5.899919584844565
588.7000000000005,4.9990243402231584,5.97431733385531
588.7250000000005,4.9920118071286055,6.073336273096469
588.7500000000006,4.9920118071286055,6.073935700243827
588.7750000000005,5.000402707834397,5.9743817630676865
588.8000000000005,5.000402707834397,5.989293507905574
588.8250000000005,4.942503761640879,5.991597424649485
588.8500000000005,4.942503761640879,5.3876136150952085
588.8750000000006,4.873633219141297,6.0753464701793325
588.9000000000005,4.873633219141297,5.659661936003808
588.9250000000005,4.787864247947184,5.743187921753559
588.9500000000005,4.787864247947184,5.867831887252104
588.9750000000005,4.625053137351657,6.030528602069934
589.0000000000006,4.625053137351657,5.185888308330949
589.0250000000005,4.605539741013416,5.015496182681933
589.0500000000005,4.605539741013416,5.703515284954428
589.0750000000005,4.50055627373348,5.416715476120469
589.1000000000005,4.50055627373348,5.252182072435272
589.1250000000006,4.400428456983363,5.176192921774272
589.1500000000005,4.400428456983363,5.0052999811047485
589.1750000000005,4.317550133543094,5.153712310243521
589.2000000000005,4.317550133543094,5.588427994878587
589.2250000000005,4.17395518392054,5.295903578485646
589.2500000000006,4.17395518392054,5.175168160811478
589.2750000000005,4.028306135114633,4.704653998357024
589.3000000000005,4.028306135114633,4.647007389123247
589.3250000000005,4.013973013699953,5.361764100524173
589.3500000000005,4.013973013699953,5.325454040726546
589.3750000000006,3.949832061443047,5.093167382037689
589.4000000000005,3.949832061443047,4.955149608203167
589.4250000000005,3.864004483687822,4.845024272867529
589.4500000000005,3.864004483687822,4.905936337043187
589.4750000000005,3.682734454563956,4.869662652868106
589.5000000000006,3.682734454563956,4.430294078459321
589.5250000000005,3.4892853601592435,4.280839062526958
589.5500000000005,3.4892853601592435,4.173275402284526
589.5750000000005,3.2986061076035043,4.206089082721067
589.6000000000005,3.2986061076035043,4.513347718916012
589.6250000000006,3.208902554703556,4.283297091875608
589.6500000000005,3.208902554703556,4.045481849760239
589.6750000000005,3.0736306966029616,4.001190802578962
589.7000000000005,3.0736306966029616,3.9955224905050324
589.7250000000005,3.1091749974667238,4.026871732948335
589.7500000000006,3.1091749974667238,4.125605891717151
589.7750000000005,3.0424247007811545,3.9715299644175435
589.8000000000005,3.0424247007811545,4.0040785373546965
589.8250000000005,3.010730314065597,3.9204874756302366
589.8500000000005,3.010730314065597,3.832618128971869
589.8750000000006,2.8707959910015575,3.796657372284885
589.9000000000005,2.8707959910015575,3.7771647457591992
589.9250000000005,2.707642976212327,3.610952326718664
589.9500000000005,2.707642976212327,3.6434275730468046
589.9750000000005,2.647183332318164,3.8834751708962525
590.0000000000006,2.647183332318164,3.9755800174052967
590.0250000000005,2.6360551881471537,3.624888235874146
590.0500000000005,2.6360551881471537,3.9648991693727993
590.0750000000005,2.6003860318161003,3.842039987881258
590.1000000000005,2.6003860318161003,3.860621275680117
590.1250000000006,2.4039732518694024,3.913354296660215
590.1500000000005,2.4039732518694024,3.6855213750998828
590.1750000000005,2.114514840553497,3.784658812282528
590.2000000000005,2.114514840553497,3.737288468788805
590.2250000000005,1.7124015785075954,3.702123708871406
590.2500000000006,1.7124015785075954,3.758191591359169
590.2750000000005,1.2879403405184036,3.788066658895307
590.3000000000005,1.2879403405184036,3.716002652984445
590.3250000000005,1.020933886497673,3.5925361095110526
590.3500000000005,1.020933886497673,3.5979260290271315
590.3750000000006,0.9670021711044825,3.023703247180178
590.4000000000005,0.9670021711044825,2.862207147996807
590.4250000000005,1.095063330378082,2.9223280451975917
590.4500000000005,1.095063330378082,2.8993006953825486
590.4750000000005,1.2777945786375966,2.867327399000704
590.5000000000006,1.2777945786375966,2.8340487348310637
590.5250000000005,1.3336599388045158,2.9729312420062564
590.5500000000005,1.3336599388045158,3.2499507120825655
590.5750000000005,1.366651800763762,3.097191420387473
590.6000000000005,1.366651800763762,3.184948533059239
590.6250000000006,1.2823021771269225,3.05717580638078
590.6500000000005,1.2823021771269225,3.0047100314670216
590.6750000000005,1.3341141779086456,2.9930847931598663
590.7000000000005,1.3341141779086456,3.023227064473494
590.7250000000005,1.3361480519555045,3.0085629529855833
590.7500000000006,1.3361480519555045,3.0974837947791207
590.7750000000005,1.3348006261097822,3.186494297798619
590.8000000000005,1.3348006261097822,3.0973105353723924
590.8250000000005,1.3420073412477649,3.3238415313952943
590.8500000000005,1.3420073412477649,3.0455716109056032
590.8750000000006,1.3856967829653968,3.086287680550959
590.9000000000005,1.3856967829653968,2.9572090914336537
590.9250000000005,1.2427385751843758,2.950731541811006
590.9500000000005,1.2427385751843758,2.829528422251481
590.9750000000005,1.153434501415603,2.8266472088159236
591.0000000000006,1.153434501415603,2.60224286363149
591.0250000000005,1.2531460443045148,2.394937480281033
591.0500000000005,1.2531460443045148,2.330029626408761
591.0750000000005,1.3382574303796844,2.4082521954064826
591.1000000000005,1.3382574303796844,2.410944947391436
591.1250000000006,1.4406496720522028,2.6146902458966044
591.1500000000005,1.4406496720522028,2.6578473941098855
591.1750000000005,1.4996259638344611,2.639178188957384
591.2000000000005,1.4996259638344611,2.6986146310110404
591.2250000000005,1.441744695604683,3.124976002544958
591.2500000000006,1.441744695604683,3.2091459757556113
591.2750000000005,1.388552927710478,3.208340305801251
591.3000000000005,1.388552927710478,3.118609975006496
591.3250000000005,1.6025941704319422,2.997978680767964
591.3500000000005,1.6025941704319422,2.988885802085598
591.3750000000006,1.9311973259476787,2.8981805046936886
591.4000000000005,1.9311973259476787,3.034990904330637
591.4250000000005,2.106764453517286,3.033215404340349
591.4500000000005,2.106764453517286,2.5654491383828066
591.4750000000005,2.284418648928167,2.596162121307507
591.5000000000006,2.284418648928167,2.647098415186859
591.5250000000005,2.459485374762636,2.8185050591951755
591.5500000000005,2.459485374762636,2.9120206057756475
591.5750000000005,2.711949913198893,3.012227150094971
591.6000000000005,2.711949913198893,3.1510495227399047
591.6250000000006,2.8434127130224596,3.175119701464351
591.6500000000005,2.8434127130224596,3.634130657046041
591.6750000000005,2.898189079809484,3.657178336235084
591.7000000000005,2.898189079809484,3.6239858568947536
591.7250000000005,2.8398438605032936,3.7198621218998142
591.7500000000006,2.8398438605032936,3.6981330375299217
591.7750000000005,2.7878676252399544,3.807556943964652
591.8000000000005,2.7878676252399544,4.259632080952281
591.8250000000005,2.924714032487998,4.125048144815995
591.8500000000005,2.924714032487998,4.051494150331569
591.8750000000006,3.186231140878064,3.6994583692869516
591.9000000000005,3.186231140878064,3.639474792410371
591.9250000000005,3.4550002712385606,3.6286270282182937
591.9500000000005,3.4550002712385606,4.223789482614709
591.9750000000005,3.6710019733680355,4.0307410756640545
592.0000000000006,3.6710019733680355,4.57514628813658
592.0250000000005,3.887448460954843,4.820645840812158
592.0500000000005,3.887448460954843,4.810804452961773
592.0750000000005,4.166965902960953,4.333907961223172
592.1000000000005,4.166965902960953,4.2191959704786095
592.1250000000006,4.465521977107784,4.324537154350148
592.1500000000005,4.465521977107784,4.459736151882823
592.1750000000005,4.7198222354507635,4.811245924879316
592.2000000000005,4.7198222354507635,5.107899881083581
592.2250000000005,4.9168275350085935,4.6761070165360055
592.2500000000006,4.9168275350085935,5.436936488542862
592.2750000000005,5.073067690911316,5.34001994421462
592.3000000000005,5.073067690911316,5.194579768169379
592.3250000000005,5.287848911525018,4.798044714510815
592.3500000000005,5.287848911525018,4.905616487246295
592.3750000000006,5.5090981037347575,4.948818864241334
592.4000000000005,5.5090981037347575,4.826161964241353
592.4250000000005,5.790104119637277,4.801731111880967
592.4500000000005,5.790104119637277,4.47517985357665
592.4750000000005,6.006745008636102,5.417970285375954
592.5000000000006,6.006745008636102,5.3347128444874645
592.5250000000005,6.226411158715919,5.6834270708659815
592.5500000000005,6.226411158715919,5.4605289390260205
592.5750000000005,6.438159442242281,5.256958761692521
592.6000000000005,6.438159442242281,5.645311016608158
592.6250000000006,6.558533031310503,5.738591603746383
592.6500000000005,6.558533031310503,6.321765895984842
592.6750000000005,6.646811703892155,6.542357018954026
592.7000000000005,6.646811703892155,6.611827730179215
592.7250000000005,6.722498820645114,6.5991702097787535
592.7500000000006,6.722498820645114,6.165139520035272
592.7750000000005,6.807987458457674,6.210798650309117
592.8000000000005,6.807987458457674,7.006686078694455
592.8250000000005,6.794262989018279,7.5861365215871945
592.8500000000005,6.794262989018279,7.817460606432869
592.8750000000006,6.865859041018581,7.8912410861181055
592.9000000000005,6.865859041018581,7.926906630029435
592.9250000000005,7.041102116109357,7.993044190838964
592.9500000000005,7.041102116109357,8.340578060045283
592.9750000000005,7.275640878850055,8.4284749307897
593.0000000000006,7.275640878850055,8.432470555287228
593.0250000000005,7.450201743606115,8.07375846604651
593.0500000000005,7.450201743606115,8.35061632500959
593.0750000000005,7.621794088476079,8.349643577336725
593.1000000000005,7.621794088476079,7.688651542621182
593.1250000000006,7.809748323848822,7.939818841373787
593.1500000000005,7.809748323848822,8.278265304890192
593.1750000000005,7.930107160955657,7.624367160321401
593.2000000000005,7.930107160955657,7.549647086731503
593.2250000000005,8.015159090021598,7.668684928995766
593.2500000000006,8.015159090021598,7.769347869996292
593.2750000000005,8.081004446457882,8.40540545968333
593.3000000000005,8.081004446457882,8.221311656275905
593.3250000000005,8.130778215337259,7.853137441335708
593.3500000000005,8.130778215337259,7.7594029721527145
593.3750000000006,8.1492342941618,8.149632415175791
593.4000000000005,8.1492342941618,8.31527690899225
593.4250000000005,8.142771236573566,8.423578779695436
593.4500000000005,8.142771236573566,8.3372223431338
593.4750000000005,8.130229109587646,8.249604805123676
593.5000000000006,8.130229109587646,8.260404553482738
593.5250000000005,8.093397176495557,8.297050908404987
593.5500000000005,8.093397176495557,7.9065726885691845
593.5750000000005,8.009730365139418,7.849775387194565
593.6000000000005,8.009730365139418,7.047496675637165
593.6250000000006,7.898349281235255,7.431013608508915
593.6500000000005,7.898349281235255,6.928433611132452
593.6750000000005,7.801515854536902,7.291208807814789
593.7000000000005,7.801515854536902,6.547674233449849
593.7250000000005,7.629236455136095,6.478646738881457
593.7500000000006,7.629236455136095,6.505881472220696
593.7750000000005,7.3601884020725805,7.308669722935669
593.8000000000005,7.3601884020725805,7.085269164090368
593.8250000000005,7.101178883053677,7.249237969416287
593.8500000000005,7.101178883053677,7.526235893918072
593.8750000000006,6.843752168998833,7.30237502633847
593.9000000000005,6.843752168998833,7.111789232841652
593.9250000000005,6.728590462154486,7.3204103141761605
593.9500000000005,6.728590462154486,7.16491504707683
593.9750000000005,6.655892434410276,6.314057006866522
594.0000000000006,6.655892434410276,10.265796895206849
594.0250000000005,6.543151915455397,8.0314676016911
594.0500000000005,6.543151915455397,8.50230453551307
594.0750000000005,6.3962693151061245,8.240695117808794
594.1000000000005,6.3962693151061245,11.360205880725525
594.1250000000006,6.232561148380725,11.288028051067577
594.1500000000005,6.232561148380725,11.055489409972553
594.1750000000005,6.006261009915363,9.362696095591286
594.2000000000005,6.006261009915363,10.983598286960722
594.2250000000005,5.860227448459682,10.481214806823681
594.2500000000006,5.860227448459682,10.708970026302373
594.2750000000005,5.7327013755386815,11.036007110423736
594.3000000000005,5.7327013755386815,10.12042450253776
594.3250000000005,5.517103801988966,9.86977056814033
594.3500000000005,5.517103801988966,9.730853343140405
594.3750000000006,5.327091483929905,10.23488831218304
594.4000000000005,5.327091483929905,10.257140831025344
594.4250000000005,5.181200324083207,10.080188081567469
594.4500000000005,5.181200324083207,9.68525412377994
594.4750000000005,5.0753703521904185,6.305894867288498
594.5000000000006,5.0753703521904185,7.5318114985365865
594.5250000000005,4.793761992887639,7.199997966277718
594.5500000000005,4.793761992887639,7.757465995294155
594.5750000000005,4.527179616017705,7.513302495378342
594.6000000000005,4.527179616017705,8.909267100086044
594.6250000000006,4.014262877334204,6.805007221220831
594.6500000000005,4.014262877334204,6.548337997999333
594.6750000000005,3.6934104649992747,6.340337911277431
594.7000000000005,3.6934104649992747,6.580919021258171
594.7250000000005,3.469172016021858,4.879536519364055
594.7500000000006,3.469172016021858,4.839587081832388
594.7750000000005,3.3010546813559785,4.6403338941269485
594.8000000000005,3.3010546813559785,4.525959027716803
594.8250000000005,3.1545033794303237,4.448157507743911
594.8500000000005,3.1545033794303237,4.363111791521006
594.8750000000006,3.069337217323195,5.623103407272214
594.9000000000005,3.069337217323195,5.66959225405578
594.9250000000005,2.94975259245048,5.460259919070797
594.9500000000005,2.94975259245048,4.2374318909241895
594.9750000000005,2.7165921274815616,4.2873398348517835
595.0000000000006,2.7165921274815616,3.8246829343372566
595.0250000000005,2.516102511183817,3.786707022927026
595.0500000000005,2.516102511183817,3.672285399667708
595.0750000000005,2.258507528476599,3.100266951800444
595.1000000000005,2.258507528476599,3.0808950292097306
595.1250000000006,2.0607327680083216,3.0782611248055036
595.1500000000005,2.0607327680083216,3.3561123825762946
595.1750000000005,1.8858979892361987,3.0799166997574905
595.2000000000005,1.8858979892361987,3.1705342822500935
595.2250000000005,1.7489938879601965,2.955781049053075
595.2500000000006,1.7489938879601965,2.821797150154335
595.2750000000005,1.725257169453755,2.750715595055214
595.3000000000005,1.725257169453755,2.755980006356759
595.3250000000005,1.798863125728019,2.6949158233645183
595.3500000000005,1.798863125728019,2.7457661684688777
595.3750000000006,1.871226326887097,2.7349618560002473
595.4000000000005,1.871226326887097,2.5985314402285637
595.4250000000005,1.7503001826188012,2.8120485239352324
595.4500000000005,1.7503001826188012,2.887552869174561
595.4750000000005,1.6710253009357956,2.5400253550636878
595.5000000000006,1.6710253009357956,3.071592812119411
595.5250000000005,1.7286987330089971,3.07644465540337
595.5500000000005,1.7286987330089971,3.0146424709431328
595.5750000000005,1.7696255418433253,2.967042842809542
595.6000000000005,1.7696255418433253,2.797687208503502
595.6250000000006,1.5761814896602573,2.7779872756542425
595.6500000000005,1.5761814896602573,2.6266059321987227
595.6750000000005,1.5659161466141427,3.871158063991956
595.7000000000005,1.5659161466141427,4.8753964725476235
595.7250000000005,1.648206880039055,4.624911951654544
595.7500000000006,1.648206880039055,4.639889051260264
595.7750000000005,1.6443957460904812,6.058217163106653
595.8000000000005,1.6443957460904812,5.87293841758582
595.8250000000005,1.5876997835712388,6.467344950986968
595.8500000000005,1.5876997835712388,6.552573431135613
595.8750000000006,1.6214742613235558,6.65362238458685
595.9000000000005,1.6214742613235558,6.639279030102016
595.9250000000005,1.6303826810597002,6.677325641065135
595.9500000000005,1.6303826810597002,6.417869776653852
595.9750000000005,1.613689596795993,6.3698216320979615
596.0000000000006,1.613689596795993,8.067498988549891
596.0250000000005,1.5640835208088362,7.483126626481022
596.0500000000005,1.5640835208088362,7.459080268013589
596.0750000000005,1.3506309147518039,7.07143401054742
596.1000000000005,1.3506309147518039,7.228591090804399
596.1250000000006,1.1948399097324796,7.254118200615925
596.1500000000005,1.1948399097324796,6.849079445986864
596.1750000000005,0.9521859215670361,6.619253351236691
596.2000000000005,0.9521859215670361,4.683596331297477
596.2250000000005,0.7258844830886773,4.561993886968645
596.2500000000006,0.7258844830886773,4.8627502298424155
596.2750000000005,0.6490200554658401,4.3529052881014625
596.3000000000005,0.6490200554658401,4.082646573815104
596.3250000000005,0.7630757428253645,2.9918491021708524
596.3500000000005,0.7630757428253645,2.9731652252819436
596.3750000000006,0.9773067877637658,3.14850939896713
596.4000000000005,0.9773067877637658,3.3401635696705183
596.4250000000005,1.1570880142211593,3.313938688455739
596.4500000000005,1.1570880142211593,3.3302909094307807
596.4750000000005,1.2410268372185982,4.17448638044038
596.5000000000006,1.2410268372185982,3.43155008838649
596.5250000000005,1.3325136908523376,3.135957906958494
596.5500000000005,1.3325136908523376,3.002846974721618
596.5750000000005,1.202129343265753,2.95014371652819
596.6000000000005,1.202129343265753,2.9908329460833745
596.6250000000006,1.2063119629030439,2.9888264171471857
596.6500000000005,1.2063119629030439,3.0213693015524923
596.6750000000005,1.3059035471668636,3.104959163590992
596.7000000000005,1.3059035471668636,3.2585274678595737
596.7250000000005,1.358536303517397,3.456030011098502
596.7500000000006,1.358536303517397,3.3800552974472153
596.7750000000005,1.2049296914445051,3.386601797276663
596.8000000000005,1.2049296914445051,3.3781005786535188
596.8250000000005,1.025891863046553,3.9653885944447915
596.8500000000005,1.025891863046553,11.788256301720462
596.8750000000006,1.0108759937796208,12.37280241232913
596.9000000000005,1.0108759937796208,12.21717364076705
596.9250000000005,1.1422478040944952,12.34784904104927
596.9500000000005,1.1422478040944952,12.872356994872616
596.9750000000005,1.1982795333494636,13.177737357428159
597.0000000000006,1.1982795333494636,13.10192967930951
597.0250000000005,1.1515828783101938,4.250885475815372
597.0500000000005,1.1515828783101938,4.2009431044655186
597.0750000000005,1.1804266201964424,4.007383029872191
597.1000000000005,1.1804266201964424,3.3856870199451294
597.1250000000006,1.1506526672662005,3.6160366661942698
597.1500000000005,1.1506526672662005,3.437898771732808
597.1750000000005,1.2054569563149613,3.3421656160507887
597.2000000000005,1.2054569563149613,3.2093452098935837
597.2250000000005,1.3446185717856167,12.034231499854
597.2500000000006,1.3446185717856167,11.946970309281964
597.2750000000005,1.408935136441258,3.561797719866627
597.3000000000005,1.408935136441258,3.4447865070618877
597.3250000000005,1.5968820129403554,3.0428232664845156
597.3500000000005,1.5968820129403554,2.998932508049354
597.3750000000006,1.915829566108755,3.014631634361754
597.4000000000005,1.915829566108755,2.912754021666203
597.4250000000005,2.156554112063759,2.86558075302766
597.4500000000005,2.156554112063759,3.00505054939947
597.4750000000005,2.4144841576765543,3.026325139510452
597.5000000000006,2.4144841576765543,2.8508949663203675
597.5250000000005,2.6510909253074857,4.101051452388176
597.5500000000005,2.6510909253074857,4.162890969647187
597.5750000000005,2.961837621983264,4.2726136579424505
597.6000000000005,2.961837621983264,4.662168050703421
597.6250000000006,3.460129965801954,4.65368373318089
597.6500000000005,3.460129965801954,4.739403176701573
597.6750000000005,3.9316157985657583,5.802596752123548
597.7000000000005,3.9316157985657583,7.527973033165047
597.7250000000005,4.354170441899598,3.7159541650972137
597.7500000000006,4.354170441899598,3.816302064140123
597.7750000000005,4.754564267923286,3.430907743541346
597.8000000000005,4.754564267923286,3.507775029913333
597.8250000000005,5.1299325176081965,3.4943312196848173
597.8500000000005,5.1299325176081965,3.362703989347665
597.8750000000006,5.55646851180876,3.5613781582858675
597.9000000000005,5.55646851180876,3.976840161976611
597.9250000000005,5.90249155602686,3.8701716693604387
597.9500000000005,5.90249155602686,3.6780626706216992
597.9750000000005,6.163436138864,3.96594519466056
598.0000000000006,6.163436138864,5.430558263415328
598.0250000000005,6.440240107770137,6.009856593919498
598.0500000000005,6.440240107770137,5.254011773948251
598.0750000000005,6.711670401267554,4.622175187348646
598.1000000000005,6.711670401267554,4.621135940512324
598.1250000000006,7.088366685475805,4.845886343527074
598.1500000000005,7.088366685475805,4.973240690860853
598.1750000000005,7.491264154526704,5.3750761298787015
598.2000000000005,7.491264154526704,4.585612349219377
598.2250000000005,7.9708587862098454,4.329517198171336
598.2500000000006,7.9708587862098454,3.9714373089834965
598.2750000000005,8.508191947946315,4.3424764995609815
598.3000000000005,8.508191947946315,6.196381145573248
598.3250000000005,8.946131291171582,6.191980047430563
598.3500000000005,8.946131291171582,4.354332035156017
598.3750000000006,9.236669445115595,5.445717436352217
598.4000000000005,9.236669445115595,6.529980696190479
598.4250000000005,9.380744284504274,6.863264518259577
598.4500000000005,9.380744284504274,7.06580600926727
598.4750000000005,9.497014899697945,7.117079956178373
598.5000000000006,9.497014899697945,5.181632963598051
598.5250000000005,9.66740449308044,5.124397173948407
598.5500000000005,9.66740449308044,4.973732528826502
598.5750000000005,9.826622228131,5.680501351771836
598.6000000000005,9.826622228131,6.3062064697410225
598.6250000000006,9.966542044984834,6.7636260086362645
598.6500000000005,9.966542044984834,7.1752020259932205
598.6750000000005,10.016492886178568,7.259766314890215
598.7000000000005,10.016492886178568,7.0833863171015015
598.7250000000005,9.991524224459951,8.425608540438697
598.7500000000006,9.991524224459951,8.344378826913834
598.7750000000005,9.829234981506175,7.591277158375923
598.8000000000005,9.829234981506175,8.553362495400307
598.8250000000005,9.553673179845703,8.226693533135439
598.8500000000005,9.553673179845703,8.238182947262963
598.8750000000006,9.228748520189455,7.562072856753398
598.9000000000005,9.228748520189455,6.067736715289829
598.9250000000005,8.928570502239339,6.324083147292211
598.9500000000005,8.928570502239339,6.649361682557577
598.9750000000005,8.709072423843182,7.888778949200883
599.0000000000006,8.709072423843182,7.709278398549784
599.0250000000005,8.511828250625314,7.271145695458479
599.0500000000005,8.511828250625314,7.30785373875602
599.0750000000005,8.2195638706783,7.514400404421643
599.1000000000005,8.2195638706783,6.784076743942244
599.1250000000006,7.844788627286221,6.501141987979238
599.1500000000005,7.844788627286221,6.168391766814823
599.1750000000005,7.6191539680815055,6.155936322928783
599.2000000000005,7.6191539680815055,6.064318769569824
599.2250000000005,7.430995206152403,6.02445383270313
599.2500000000006,7.430995206152403,5.8315500528732365
599.2750000000005,7.138490712323218,5.355529247843065
599.3000000000005,7.138490712323218,5.248308058363935
599.3250000000005,6.959098089427698,5.223438464021439
599.3500000000005,6.959098089427698,6.027527917392472
599.3750000000006,6.886171802739526,6.171389926059335
599.4000000000005,6.886171802739526,5.691269344259391
599.4250000000005,6.780474488648565,6.101867410096492
599.4500000000005,6.780474488648565,6.377673396541739
599.4750000000005,6.677718773616718,6.767011693335726
599.5000000000006,6.677718773616718,6.102112965289317
599.5250000000005,6.608447245384923,6.485336962379957
599.5500000000005,6.608447245384923,6.3046470337255265
599.5750000000005,6.472123907498357,6.259925741505619
599.6000000000005,6.472123907498357,6.15432366500223
599.6250000000006,6.350072197894875,6.339482116272561
599.6500000000005,6.350072197894875,6.4439606347947755
599.6750000000005,6.184391153531607,6.763218056266046
599.7000000000005,6.184391153531607,6.2304341350787
599.7250000000005,6.088267133159462,6.174368563473698
599.7500000000006,6.088267133159462,5.983521285667231
599.7750000000005,6.028033223911379,5.979218886634856
599.8000000000005,6.028033223911379,6.028216601810741
599.8250000000005,5.974460199726622,5.82150078528004
599.8500000000005,5.974460199726622,5.8195446935445325
599.8750000000006,5.984476618936199,5.674769311658857
599.9000000000005,5.984476618936199,5.922786322598464
599.9250000000005,5.987389843981475,6.457463148491311
599.9500000000005,5.987389843981475,6.46161199972162
599.9750000000005,5.987389843981475,6.305936299146537
600.0000000000006,5.987389843981475,5.953469746844707
