time,true,pred
420.0,85.2687247901076,80.88226274995878
420.05,82.92512005076173,105.18308235909724
420.1,93.08016384659356,123.5710513238129
420.15,95.09327849983232,135.69307797098787
420.2000000000001,103.74298882217907,107.22768072590854
420.25,107.70439352652939,110.78207190686722
420.3,107.3954835536176,94.48775838235811
420.35,108.95967249277746,91.55161257678101
420.4,101.12798341718118,111.55537762866948
420.4500000000001,88.56032835654132,106.02340926148442
420.5,86.41854613437697,91.88422570051351
420.55,85.92036490943116,119.69850151842057
420.6,78.74721749074793,107.65536822185067
420.65,81.55323939503327,90.65214928039101
420.7000000000001,87.26689667740604,96.64464104130829
420.75,96.24437117378805,102.89745850407384
420.8,98.97793844446073,102.93123162140405
420.85,85.72735320313637,104.23280919648496
420.9,79.31761190430034,105.11787840586182
420.9500000000001,76.99076188474112,93.29094046807613
421.0,84.617788323659,80.91466206996118
421.05,87.94570018911138,78.81414398322858
421.1,91.17636475611131,88.17668445011904
421.15,94.2952507208434,97.18090725565719
421.2000000000001,96.84422298272138,96.57615767049242
421.25,98.77646485605189,87.563728692924
421.3,99.84971908271835,84.12805107111275
421.35,97.81165110173633,87.43837891479392
421.4,113.89349163154084,97.5003662781529
421.4500000000001,117.64951740039979,111.51191425882274
421.5,108.1335612669281,134.8278140293145
421.55,100.84029067553352,126.04139383629435
421.6,93.57706075521752,81.05139017554016
421.65,86.6668397390296,102.46085826416295
421.7000000000001,78.71813779270401,105.10184983579974
421.75,81.01301139346194,76.92961083864088
421.8,86.60766663737408,82.76387914238572
421.85,98.43101639762907,69.3819497727532
421.9,101.56628790629524,65.74403327050574
421.9500000000001,101.23491993626783,82.52447504322153
422.0,94.22264192328596,101.84236473723693
422.05,86.46896536245416,110.02668187142336
422.1,75.27654606944576,91.20635635698257
422.15,72.79800874226208,58.23238623374761
422.2000000000001,67.76232697424402,61.12459115869823
422.25,67.56615028855715,94.30451793668244
422.3,58.1993653841698,73.6960548239378
422.35,48.112274291101116,64.35622431396814
422.4,41.363004712376174,61.07814116686834
422.4500000000001,47.5170820363392,32.6755929497162
422.5,40.95916926485835,24.564472041821293
422.55,37.594854312790936,50.108290028314904
422.6,38.184818833307745,30.658032591927352
422.65,49.51868342651353,10.94412625330235
422.7000000000001,62.64090003608823,43.557499654996434
422.75,66.12294646688596,76.79370758331864
422.8,74.86814779163512,70.20530731558472
422.85,79.6727146584819,68.26647927709921
422.9,89.7959734606023,68.12434572529219
422.9500000000001,105.2079633573182,76.0024649117566
423.0,99.72412801920106,87.9612024187699
423.05,104.7021582515378,85.31968906117544
423.1,100.43722923813377,96.8431138032374
423.15,97.23087781676128,90.03405789688263
423.2000000000001,92.44158569109065,93.8283716961682
423.25,91.21069983302051,111.32745191157827
423.3,88.5417807819798,102.39375684229024
423.35,103.5522617250275,92.06681162011292
423.4,104.71562886708591,102.65212630023822
423.4500000000001,110.19200768993811,114.94546894842186
423.5,108.6704388422206,120.08352943667629
423.55,112.40428418144836,108.15509820592295
423.6,125.32795675670675,108.4932827071631
423.65,132.67633191436977,117.6884028798064
423.7000000000001,129.2611876320965,119.70522880817354
423.75,132.6755193078698,133.72475514676034
423.8,132.23393485520714,123.69443989019798
423.85,138.32966678806676,108.67991231054592
423.9,158.5899039643731,118.13389313373172
423.9500000000001,163.6734742196292,145.99215504920667
424.0,163.3163020504792,172.0611813039552
424.05,157.2887237440205,-177.5075892457045
424.1,155.00657133504842,167.98202270568538
424.15,150.36401522692688,151.10827704203714
424.2000000000001,143.37704912658972,155.77657153798225
424.25,131.02680243750157,144.65283047753056
424.3,125.14819286599871,120.01822408761723
424.35,129.89884911952294,112.79375320599041
424.4,131.04843139119328,122.49017108703138
424.4500000000001,128.77579985399723,137.27945088170608
424.5,136.23103640362982,128.4003538051278
424.55,141.5970384105718,136.9434423148257
424.6,148.47590098699544,149.82530895971564
424.65,142.66306011728804,149.68561399034263
424.7000000000001,138.4346696816471,140.93846885928235
424.75,140.53666805997315,136.77891126096654
424.8,143.90301559428548,139.65833252959334
424.85,148.01074297930208,131.54396187371975
424.9,160.03322662580968,132.9626345159016
424.9500000000001,164.27329874408943,157.4460135492251
425.0,166.9016556591808,161.07482378166333
425.05,166.84439655678145,172.34366076884925
425.1,166.2011420053911,165.22764385706103
425.15,156.6529026435764,176.50144534927966
425.2000000000001,145.3361031450134,-176.5726354489919
425.25,123.7528838728192,149.10431278698601
425.3,120.33992788943095,111.91585802339469
425.35,124.7479199687055,101.03018336654915
425.4,127.89979426557535,130.5814272694425
425.4500000000001,117.62896637952065,143.89399873716616
425.5,121.90558814843955,150.26938386913776
425.55,129.85134623829305,143.28322589769124
425.6,131.93957634347598,148.01844871145326
425.65,134.48946912321955,130.16468197712186
425.7000000000001,131.5639696759601,115.90733163911402
425.75,142.87097240897273,121.44029001977377
425.8,146.88139595437454,130.41476023859207
425.85,153.4893382958201,137.16265610524493
425.9,162.3607281191475,137.7115613722006
425.9500000000001,159.19282650237147,155.69114782527066
426.0,160.96532328819146,168.19136247776643
426.05,170.37100505643357,153.2059150026303
426.1,-174.7632559075747,141.68222174910167
426.15,-166.87463325890198,153.51754903382252
426.2000000000001,-177.88779563455336,-173.77654289975663
426.25,179.17870368427933,-171.78387855407192
426.3,-173.58756725772895,164.03844870428753
426.35,179.11735526487908,166.1184574690239
426.4,172.7786534195003,164.0152573668408
426.4500000000001,162.50436172484285,163.91114250398994
426.5,158.24959472143252,168.1554034971958
426.55,166.46065604408935,148.9006898676311
426.6,172.9881099034977,163.43032599455026
426.65,172.6247592024236,174.2056421524895
426.7000000000001,177.9264003269988,177.5695031598585
426.75,-177.31562434311246,-171.46278324876255
426.8,176.03646158673325,-173.10931896863488
426.85,173.06093039790005,-171.01425298988838
426.9,170.1542596617487,176.69335498939313
426.9500000000001,-178.06394507260111,174.86818388062164
427.0,-168.44064765250272,179.856539164773
427.05,-157.58206025820758,-163.60169884696904
427.1,-147.81474702309384,-164.224564613513
427.15,-144.67659747371385,-168.30733414848098
427.2000000000001,-131.89681650682297,-130.48096893447743
427.25,-139.30974007035036,-129.88126559252487
427.3,-141.99904377134573,-143.59161243605197
427.35,-133.97182028003,-151.71585862808593
427.4,-128.87986554390616,-129.96154196666194
427.4500000000001,-135.6633035973181,-118.69675572249871
427.5,-139.2925274782842,-140.73440778215223
427.55,-147.83914525483308,-144.17692476506872
427.6,-164.89642662624917,-147.3409949927732
427.65,-162.71757125284452,-155.24078746867224
427.7000000000001,-152.44282820647305,-146.11636869557046
427.75,-146.51898350710835,-137.04628003997087
427.8,-130.2434076890839,-157.25971632722886
427.85,-121.42222786671591,-151.0710174579216
427.9,-113.98726993932378,-129.3443796875861
427.9500000000001,-108.41188167348102,-119.144774333411
428.0,-112.06095273095322,-128.29646148947432
428.05,-110.73758521959496,-118.7363605000951
428.1,-118.01205352262104,-97.62309899976599
428.15,-127.88162127588376,-118.08410339923218
428.2000000000001,-131.28734850966487,-136.57346730462552
428.25,-128.25464902422976,-119.60079091566148
428.3,-121.94329674179976,-123.46791831490032
428.35,-133.08443098129507,-138.3499554899144
428.4,-134.75609403133922,-142.64833876208397
428.4500000000001,-142.5423977188408,-142.00863146893673
428.5,-156.17002622593765,-149.20399222939687
428.55,-157.99023693078712,-167.31871570406912
428.6,-149.70247714755024,-151.37128624100743
428.65,-162.0617774844841,-160.57843399712434
428.7000000000001,-172.32197904660634,-167.78125425764452
428.75,-178.8086361337534,-177.8611386445846
428.8,170.89395750370662,148.87469015676595
428.85,172.12046366265162,150.93222414966826
428.9,174.29520033689158,160.77414326104366
428.9500000000001,169.32259856810467,159.72247594482425
429.0,-176.6081027618494,163.62153134236323
429.05,-163.85028243825903,172.4443719144587
429.1,-142.62935395837582,168.55567708118915
429.15,-137.19050847556016,-149.94390678903434
429.2000000000001,-135.34697144261247,-142.0971164541583
429.25,-138.67693368642415,-141.6076856690512
429.3,-142.27582107877603,-136.87873362156847
429.35,-140.63536225268507,-151.85636054403525
429.4,-138.29851026803226,-163.33681898985887
429.4500000000001,-134.9681844071877,-149.90355076694775
429.5,-129.56463387010922,-136.78588900783356
429.55,-123.82793070206034,-131.85461933952158
429.6,-114.29771592746992,-125.00978650824987
429.65,-124.87399707749185,-97.5430781224399
429.7000000000001,-133.9703811035773,-108.01841896371259
429.75,-132.2763289569906,-115.93620311380889
429.8,-124.63495632947955,-126.6243471465522
429.85,-134.08758297370474,-141.76441638123342
429.9,-119.65494364990624,-112.02596316895097
429.9500000000001,-124.60070747286615,-119.89303034869377
430.0,-123.51396438846542,-129.67645306756125
430.05,-134.31806689069023,-127.9554162581891
430.1,-138.0930361688374,-135.64311462114142
430.15,-142.13258573133103,-127.01019866805923
430.2000000000001,-144.05505492318287,-129.3346205599092
430.25,-150.81154413424795,-137.94345846052093
430.3,-158.541726983472,-147.31777325217791
430.35,-179.01887623870084,-153.71916958266218
430.4,170.44897945428073,-170.63728690094888
430.4500000000001,177.06932432446038,-169.16193311690387
430.5,176.88817725845604,-166.89625734313276
430.55,173.87834350039358,-171.3260215621831
430.6,176.37931869808693,175.71298905174885
430.65,-179.86461045789994,175.00494354862303
430.7000000000001,174.98738171041543,-175.37768157957888
430.75,-177.96059458486354,176.9092479570169
430.8,176.03918178768836,-172.0892114562578
430.85,171.86695670805494,-170.48657256006535
430.9,175.0181940764758,173.0204655159483
430.9500000000001,178.15662444268352,171.25326061073602
431.0,-179.4898314438523,179.81019469887488
431.05,-169.6993869412492,173.2985515337029
431.1,-162.67891455890793,-174.5062811713319
431.15,-144.27369484444344,-170.3700308972414
431.2000000000001,-132.03954416851255,-176.514299341219
431.25,-120.31640870615682,-156.26260906929963
431.3,-110.1688432822685,-139.2001092485982
431.35,-111.37164851077152,-130.8124285632347
431.4,-122.64100912764187,-119.96209721371092
431.4500000000001,-129.64829396313428,-109.34399138479408
431.5,-142.7478123054796,-111.63994279941713
431.55,-141.78611667125017,-132.91400708037824
431.6,-144.72794124852243,-143.80492640214283
431.65,-147.7018514568025,-154.2520242438971
431.7000000000001,-149.6819464482184,-157.83657302472307
431.75,-154.251337637695,-155.86894943336674
431.8,-145.78137163411353,-148.39720308442466
431.85,-131.27078335832132,-142.6107835126237
431.9,-123.89071754609418,-146.7497534141825
431.9500000000001,-122.15412196356164,-145.95126145693936
432.0,-121.54710872534848,-152.2093345185335
432.05,-119.94981406876246,-142.01906303268606
432.1,-114.91069148636738,-136.29358558790653
432.15,-106.6525786319631,-134.28951259722464
432.2000000000001,-108.1641705898888,-121.83120198740482
432.25,-98.12781722791274,-97.07143286555743
432.3,-99.33805287101872,-102.18975112819525
432.35,-105.42828104360328,-117.99384901130304
432.4,-107.96820996565289,-116.67052777916093
432.4500000000001,-100.94105804852883,-118.82734065783983
432.5,-92.97665648474106,-110.43011134512278
432.55,-93.44194236057376,-94.67472179913044
432.6,-106.3833641944469,-95.83380732311373
432.65,-103.71943527392496,-102.92791555638918
432.7000000000001,-109.91845640054449,-102.4128696015709
432.75,-106.39135649674111,-113.29725640901454
432.8,-99.11776885049609,-117.73024813925106
432.85,-82.44258769084504,-105.60938908977724
432.9,-87.00381399717389,-102.6490962227172
432.9500000000001,-92.42256931545535,-89.5356402664243
433.0,-89.07627862952293,-88.08594589826278
433.05,-93.19573692507437,-102.83923175325599
433.1,-101.08206190399268,-90.94040404224674
433.15,-98.51059350079545,-86.72135301834881
433.2000000000001,-96.72446668112494,-98.99977315433722
433.25,-95.1923115690006,-94.10404457281804
433.3,-88.80393494296867,-89.73723477312463
433.35,-84.20414563449458,-97.84354382971551
433.4,-77.51296917372837,-94.8412459566352
433.4500000000001,-68.3237134639335,-79.74063576895311
433.5,-66.90877041285204,-49.264988514929996
433.55,-69.79725449411767,-57.238167503997744
433.6,-60.02944262527008,-75.08358577214383
433.65,-53.59503810602422,-58.6685884640459
433.7000000000001,-58.31344570827587,-53.823875354129335
433.75,-68.94620804238667,-60.267719972088074
433.8,-80.31290280188917,-57.75601847502331
433.85,-82.2804856093885,-64.8474881442549
433.9,-75.88043210815096,-66.50312841592873
433.9500000000001,-63.4672794666202,-55.415466773649165
434.0,-58.69406724357717,-60.40784416217893
434.05,-65.4152656484965,-52.5452155774655
434.1,-65.82631644070291,-57.68388824758468
434.15,-59.55562987154827,-60.07206927462011
434.2000000000001,-69.17453191134375,-52.33530382181782
434.25,-81.7633802560925,-58.10542119040699
434.3,-78.05567889262694,-68.769663494756
434.35,-69.36758250489801,-93.45078531696639
434.4,-74.16594856446939,-96.99496250944871
434.4500000000001,-88.74435427662318,-77.50323612305758
434.5,-95.222652883958,-88.94783761418977
434.55,-104.72015667999699,-98.70918855669511
434.6,-111.62467113841892,-98.46572936913105
434.65,-117.09811650003707,-110.17818461087633
434.7000000000001,-116.03910751057909,-117.73283355421917
434.75,-109.77599272870323,-112.88331092171953
434.8,-111.08442980586479,-118.52959567254688
434.85,-102.73313242213659,-115.14082099119305
434.9,-87.55666857951252,-115.07114566790564
434.9500000000001,-93.0934798453955,-117.92891813225864
435.0,-91.57956138942595,-71.68817613590511
435.05,-86.85674024563981,-86.23207867971222
435.1,-86.90550558707658,-93.33561584697
435.15,-88.83024919109238,-98.49511556957155
435.2000000000001,-94.37811046179078,-109.2245542210091
435.25,-99.90811005804639,-107.78535948451916
435.3,-88.76171116904656,-114.0268354464977
435.35,-85.48714179262264,-100.39611749761193
435.4,-84.99608675857206,-91.09780692151512
435.4500000000001,-95.84007693062112,-92.5203207214966
435.5,-108.63655491742853,-93.77917077021084
435.55,-108.30212294583482,-82.74728950435222
435.6,-107.37433498573355,-96.39322379389495
435.65,-111.55784065857537,-104.362857741199
435.7000000000001,-111.6631181427242,-120.87188320325019
435.75,-107.25569991069948,-119.56740475436818
435.8,-98.52127134383103,-98.19666852649036
435.85,-99.51955205708111,-103.3851673426741
435.9,-100.81397668564942,-95.89754730327448
435.9500000000001,-84.70140348415946,-72.0261149508455
436.0,-66.65304668500224,-80.48394391647918
436.05,-62.15468949006721,-94.72517750469066
436.1,-75.84654339240107,-46.65691051956686
436.15,-67.86230805901202,-55.502836324365155
436.2000000000001,-62.72384101029944,-90.13590404558316
436.25,-58.17692802523461,-76.02121173485146
436.3,-56.59844632685684,-72.50611009184581
436.35,-49.17926591600473,-63.13380431887135
436.4,-49.68562823045201,-50.90181814812363
436.4500000000001,-58.12922035421151,-49.5773007632669
436.5,-65.34579595983696,-51.535271112238775
436.55,-58.44317075849439,-66.06418496383593
436.6,-45.80974929498708,-63.98955112449747
436.65,-35.70233518621792,-30.442012996520592
436.7000000000001,-40.56823231012425,-32.434108808241575
436.75,-43.535125526020586,-44.72915473040903
436.8,-46.23394791903699,-63.906611971218865
436.85,-44.34261734640934,-62.666410779969766
436.9,-50.98606432245061,-58.19323317929141
436.9500000000001,-55.66408514690403,-56.988155529757485
437.0,-64.89839090925443,-51.86324709738606
437.05,-61.9285646654367,-58.15801063152726
437.1,-64.55136343756337,-62.78322209783229
437.15,-57.173823988740075,-71.64930846785457
437.2000000000001,-61.66784520102926,-68.24791352815808
437.25,-66.32617185829717,-64.52507282512619
437.3,-60.174744128398245,-81.05344663466389
437.35,-57.457059626838664,-46.94766621703825
437.4,-54.49223992102593,-67.03367321145315
437.4500000000001,-57.705698641960915,-74.84124996515118
437.5,-67.40847010570933,-61.546427940749176
437.55,-71.97384104390495,-63.328685990199986
437.6,-73.6877266251529,-69.96849845447476
437.65,-69.89198845126712,-70.23701017964075
437.7000000000001,-64.53007009035375,-57.787255798845955
437.75,-62.14271306671678,-63.060531557727906
437.8,-65.02084005965345,-83.20519038424797
437.85,-68.57839873025881,-53.96132427792092
437.9,-87.09696451558473,-48.13517644417518
437.9500000000001,-86.54680713919902,-56.16701350198097
438.0,-81.09840153847485,-92.09890106153321
438.05,-70.85776579568902,-85.78882908446394
438.1,-65.99647370212317,-74.05636494660584
438.15,-63.87976357489944,-60.74786138060637
438.2000000000001,-64.22444336147156,-52.20488654950712
438.25,-52.627196113950134,-92.37383984432891
438.3,-34.0810907152627,-87.37854846127256
438.35,-33.37520641794926,-41.03575325449187
438.4,-35.486404531713234,-23.709796483752214
438.4500000000001,-37.4111944807064,-25.015286969952786
438.5,-31.094365807897677,-49.8622491560937
438.55,-27.94060269265697,-37.93571903458947
438.6,-36.82172290961271,-15.586985459358743
438.65,-46.68150257411516,-26.141649458023004
438.7000000000001,-46.43170885935335,-40.77532256714372
438.75,-52.31759342944302,-61.00679901180089
438.8,-55.01559982326442,-60.87006279160723
438.85,-63.660211764904396,-56.79343947977252
438.9,-68.79503205424305,-63.57740534646007
438.9500000000001,-66.46717029660866,-54.56343878125593
439.0,-67.93369878716763,-69.05530038938784
439.05,-72.75288146818403,-75.21949902885741
439.1,-82.66618885559566,-79.71460689182466
439.15,-91.15652198303644,-78.95149355311001
439.2000000000001,-91.48268622010588,-66.87926898801702
439.25,-84.54555618322406,-87.56365092505075
439.3,-86.98196061746984,-83.77951117516783
439.35,-87.93944747606818,-75.69818805581579
439.4,-90.08535229737171,-75.57659525758888
439.4500000000001,-92.34498122758474,-78.90357636700378
439.5,-97.3435278745336,-85.56358710251865
439.55,-90.60570215472347,-99.53725443219638
439.6,-84.57320511526768,-110.36677278485391
439.65,-96.21386652561745,-91.0122329064823
439.7000000000001,-112.69963981661871,-87.01575608249004
439.75,-131.90828850223417,-109.47767096959116
439.8,-144.69446472275106,-125.3108445160896
439.85,-163.61035665793113,-121.73484297538292
439.9,-163.13005381314494,-139.84335517920755
439.9500000000001,-163.55665230163868,-164.94611030438654
440.0,-157.8634209767657,-173.84128166166388
440.05,-157.09200675644223,-157.58009077771897
440.1,-155.63599371943926,-128.7309207494566
440.15,-154.2536123009113,-147.68214667200724
440.2000000000001,-144.77446619893306,174.13616155165306
440.25,-148.24144099916376,-166.1428246447487
440.3,-150.2773488511055,-131.25065444854826
440.35,-155.1084531382799,-144.0280160926008
440.4,-158.9321553214315,-152.34030765546805
440.4500000000001,-155.66509253195431,-148.64737404886597
440.5,-159.64807151967187,-137.57970584839757
440.55,-176.43740019873138,-148.26125130026637
440.6,-179.7342430318088,-167.83524774466056
440.65,179.94534760567214,-173.17830873316086
440.7000000000001,-177.77255733234875,-172.96125288739375
440.75,175.62116207116676,-177.92908488912053
440.8,-177.36280922838137,-179.68132172489547
440.85,-170.908698795118,-163.1689941088551
440.9,-163.39203799119417,-166.88258148684292
440.9500000000001,-158.29963313386907,-167.39245713452854
441.0,-161.11293255460205,-145.24346143400768
441.05,-165.3561970077533,-165.94087026419618
441.1,-167.66928260885388,-153.90396128155862
441.15,-175.45907727934002,-151.13005373818552
441.2000000000001,175.37568624229814,-159.96788481997393
441.25,176.25021067999702,-172.79028218793866
441.3,165.8723329500182,162.69537382331242
441.35,149.74957776115852,169.04824009475314
441.4,147.16968908957753,159.37046255601587
441.4500000000001,155.98250977207417,145.75422350876502
441.5,150.90281225801232,139.2882218182037
441.55,164.98234403606384,143.37963735486616
441.6,171.3330318160245,149.57713907889158
441.65,174.83112404602127,158.35902807606737
441.7000000000001,-172.8009197715155,163.63596382150223
441.75,-175.6089844960942,174.3510606838326
441.8,179.55992655163664,-177.54232238025676
441.85,-177.28962602606762,169.95337923486937
441.9,-177.6037935558391,171.90433685731108
441.9500000000001,175.17911899313296,-157.93932376241253
442.0,-175.97577617632552,-149.88376432430812
442.05,-167.53025697691166,-162.83734969888437
442.1,-157.59943979208356,-161.9202758114651
442.15,-145.33433173659236,-165.00549544251734
442.2000000000001,-145.46423546184482,-164.4506695008987
442.25,-144.03661101574895,-152.41955967520676
442.3,-153.12463925218762,-137.55712818949576
442.35,-161.56338189718167,-150.210985767335
442.4,-169.72565270444142,-150.36144901311636
442.4500000000001,-170.12672285482998,-146.20804670836029
442.5,-7.787505350228205,-155.64278610862524
442.55,-20.64004394470112,-42.60312533410635
442.6,-31.46541234559925,-20.67147648158575
442.65,-37.85147105344666,-4.795163959027871
442.7000000000001,-38.409693852473914,-11.19626142553745
442.75,-24.80271089509967,-29.94282224646053
442.8,-9.708649069790805,-29.752616297456765
442.85,-2.4852303243793923,-10.088671078244927
442.9,-10.911161828415944,6.8520908353414685
442.9500000000001,-13.235033430580117,-5.10559665591923
443.0,-19.472414458229174,-40.95847974845339
443.05,-15.746195734535881,-47.011491876776546
443.1,-17.33275972093054,-44.04505945215949
443.15,-13.92686641032024,-43.9984889592328
443.2000000000001,-26.260984293676657,-38.063319496262096
443.25,-40.47615657221106,-22.130849341855768
443.3,-48.15142659542063,-13.207111270141196
443.35,-46.43734991923127,-25.055786691506974
443.4,-52.605373210182975,-27.189562561484657
443.4500000000001,-48.31001269338694,-42.26080920802676
443.5,-44.7430740443426,-49.230816178732105
443.55,-40.068585416160296,-27.807063460938046
443.6,-38.275279816188046,-31.707336769694482
443.65,-38.94404106599971,-37.60720715826704
443.7000000000001,-37.50614454710065,-28.49215896762487
443.75,-46.55018191521485,-34.95140091852763
443.8,-43.31749674153553,-47.797569827433186
443.85,-41.70861002894333,-42.83425511015623
443.9,-28.800657460394685,-39.963959629458735
443.9500000000001,-3.4075273757989146,-34.50414179616542
444.0,7.633461610031554,-23.250762282854776
444.05,7.289947294331447,-15.514854104757074
444.1,7.313145038432622,-3.3304843002435156
444.15,8.469873390221606,6.654231289511923
444.2000000000001,16.10817826033865,18.64547668335716
444.25,23.89262070617767,25.008713333689613
444.3,35.29438745109981,17.05692218449381
444.35,41.671140385575676,32.115071028709906
444.4,47.47801419457389,59.05242668372285
444.4500000000001,40.15060432951823,35.98369067106419
444.5,46.55385790023137,31.027036485028706
444.55,59.079489103709165,54.89976349475794
444.6,62.96217646991724,65.70121163122803
444.65,56.79448060425581,81.06883347035033
444.7000000000001,53.73703481325191,69.85564288002463
444.75,52.045393466748415,48.116498764420264
444.8,46.10027313618371,66.51111616824721
444.85,36.15654046621083,65.12141247298455
444.9,31.998264399061206,45.61455866226968
444.9500000000001,25.843243455579625,43.151719490572326
445.0,23.26384796377569,36.69870060625021
445.05,27.377941426259635,35.227675922628436
445.1,24.63386597444162,21.513905441774703
445.15,22.159188618541773,17.594293109683466
445.2000000000001,26.97044535624397,8.186899062003157
445.25,40.93762915092786,5.440082226051317
445.3,41.439707725715536,49.21189204832015
445.35,49.2423478333027,62.45650672812569
445.4,57.35897704950389,51.33063869526424
445.4500000000001,53.14953649339203,58.72695312770413
445.5,51.37573974153862,56.077570901024195
445.55,54.280719267816735,61.10933710071355
445.6,62.25243959158799,59.02676836805797
445.65,51.27723699753114,50.85084583852489
445.7000000000001,46.165401990877946,51.508776872670005
445.75,41.525183285917564,36.47630926881301
445.8,35.418962554157,43.63292049962704
445.85,33.17407957035524,36.891111437533155
445.9,35.7953523472999,24.729438639828082
445.9500000000001,26.947199952224327,34.53708271751581
446.0,14.543513964142436,25.11538158161925
446.05,26.979262419016607,10.898115804756152
446.1,37.28359064444588,2.2548329869284025
446.15,49.57763275322248,24.111929429860627
446.2000000000001,45.23313834232398,46.416451295344096
446.25,44.90970412567606,34.80294033357839
446.3,34.152300976506105,25.443141621642763
446.35,40.182410977555456,44.00713973499851
446.4,47.540790832050256,54.983298435059275
446.4500000000001,63.36225709857794,57.964609104948494
446.5,67.60491384657219,59.462268362746656
446.55,70.56241729169146,66.32244699651314
446.6,79.55818656411697,64.58058594145704
446.65,84.6600439467574,69.1026546269028
446.7000000000001,95.97243926337694,115.39364349444878
446.75,89.15998710712766,95.51349313663067
446.8,91.88024786479669,95.7799720559743
446.85,94.63958461917584,104.24432868245229
446.9,101.51217583472688,109.75243954477496
446.9500000000001,110.90911838059367,110.44425629373093
447.0,116.61481602498256,113.15219172832632
447.05,114.4150795895397,115.11585047845979
447.1,116.00731218620707,73.62535261362818
447.15,119.86441428273561,79.6502626526259
447.2000000000001,114.8017660319407,108.78787297724197
447.25,118.09313648284335,107.46855999145006
447.3,127.62910181296797,115.1879557139911
447.35,125.98154051591244,120.23451111612981
447.4,121.15468026226928,124.28596685314993
447.4500000000001,126.7254774432828,132.40610615946107
447.5,145.63240833239223,126.27611128912005
447.55,155.20140213846068,130.04103120153806
447.6,170.41491355787875,137.70521819215156
447.65,-174.13650077670437,156.4006621067989
447.7000000000001,-164.08911828007632,158.39885847518158
447.75,-179.35257127704628,160.44847689582022
447.8,166.29446329511342,171.3500205771939
447.85,152.55885169561694,166.82171415756775
447.9,147.41520918897126,146.93852540632622
447.9500000000001,158.36542923359212,154.66133321582262
448.0,169.45971384809172,157.6964399400538
448.05,163.35542840908735,159.81965940057987
448.1,161.07658655012014,173.95080571045028
448.15,155.88144745798115,168.6559024849261
448.2000000000001,155.23320399497862,167.54339821757915
448.25,150.5066962402183,168.11248645819234
448.3,144.07226786039266,138.17394563144526
448.35,137.1529959056879,131.77728874248706
448.4,133.96314197649815,121.9732185209528
448.4500000000001,139.90364293557093,116.33169916999067
448.5,143.53286631969976,132.14877995128947
448.55,136.98362906167594,137.57919711017655
448.6,129.3160477883872,131.52343879286926
448.65,136.25295088570115,136.2887507291958
448.7000000000001,134.03244632585753,148.51872428072747
448.75,140.4857819173249,151.91012139397492
448.8,154.22868164060912,137.87299909221946
448.85,167.9127845426482,137.3808709485358
448.9,170.13922154810527,162.19992218929423
448.9500000000001,-179.13740268568756,178.83634017587283
449.0,-179.88531831902836,-175.4121172241472
449.05,-177.4283240836526,173.1163861467077
449.1,-178.62092225219368,166.19894790048056
449.15,-177.59481259716725,158.9903175416193
449.2000000000001,-179.08931080180517,-171.0670664095552
449.25,-178.4053840710997,-176.92202356539764
449.3,-176.8054734362454,171.31235342409548
449.35,-173.8139213929258,178.44717446291477
449.4,-158.64697597264453,161.46349148365329
449.4500000000001,-151.90128259408087,179.1760438345324
449.5,-150.3679372264698,-162.10933546324404
449.55,-155.20463165741356,-155.98633422793333
449.6,-154.3442968979911,-153.2048775151469
449.65,-152.15929784870846,-151.91301916845842
449.7000000000001,-148.5245734380414,-149.5689444437668
449.75,-144.15317592988958,-150.0605757496438
449.8,-143.75233809261545,-140.62123887572284
449.85,-144.9085817183488,-154.00959936644963
449.9,-138.7838456535715,-145.8235759177885
449.9500000000001,-145.21334845230786,-134.12341086910547
450.0,-133.99401397202442,-143.26054401890863
450.05,-130.53312496432667,-150.23742486064324
450.1,-123.03341643510609,-139.95987313037264
450.15,-119.39475952648922,-107.40006765941843
450.2000000000001,-118.97909298719225,-107.42029121183222
450.25,-115.78310641478485,-123.50279676438643
450.3,-117.84421678657128,-113.4207556147165
450.35,-113.85640952338687,-112.51075884299061
450.4,-102.57390886152669,-130.3854556892341
450.4500000000001,-87.56505593238776,-123.31330401565006
450.5,-85.86705680785991,-103.63948527066188
450.55,-88.27863587497288,-83.39298699765217
450.6,-85.87799121187152,-81.75373333978908
450.65,-77.81384886039669,-95.81561205350975
450.7000000000001,-76.80924104140182,-94.8520996902152
450.75,-73.6865549931929,-71.84486067350436
450.8,-69.94980128698535,-49.04589164374284
450.85,-77.2145511312019,-42.6541557811801
450.9,-84.86001892341302,-71.07281485566482
450.9500000000001,-74.85767520649935,-92.48721751489899
451.0,-61.88172666149091,-91.37023006106668
451.05,-46.94531093065189,-75.29213796031857
451.1,-42.6655752906006,-50.51934844164328
451.15,-54.56275721656876,-24.357580115342262
451.2000000000001,-60.31439181329644,-54.40421480565822
451.25,-65.73849485515987,-73.25323703365471
451.3,-68.09516563574269,-84.7046302574413
451.35,-62.576493103043944,-69.4603972888439
451.4,-59.729434410266414,-59.496457480814854
451.4500000000001,-51.06104438854441,-65.68720202100413
451.5,-57.213765468296195,-73.36300433319788
451.55,-61.547995352486204,-49.15370855476823
451.6,-50.65570727562271,-64.82410991880869
451.65,-47.551663879865245,-63.8518658547462
451.7000000000001,-46.03284955351251,-44.45004226949195
451.75,-37.81442540438313,-47.419613335585495
451.8,-31.160109698806583,-43.00969454841616
451.85,-28.96236897831895,-61.34161754891725
451.9,-25.107708297832833,-42.937161939347845
451.9500000000001,-27.47837649916897,-10.858896030245461
452.0,-19.99943063075033,-13.696506085193793
452.05,-30.039123698409103,-4.792042295927941
452.1,-38.43623034004207,-17.850874547199172
452.15,-36.36581628415673,-37.7231073575187
452.2000000000001,-39.73105945329616,-31.116212703373428
452.25,-44.882676698996406,-63.7970233471614
452.3,-48.735007892647374,-51.02105641768405
452.35,-49.729310920875115,-41.8305430984413
452.4,-49.8354884817153,-35.41696791317869
452.4500000000001,-56.07815232063585,-36.961675985815084
452.5,-57.81109673834969,-41.12397307943807
452.55,-58.51737128724224,-42.11510160026981
452.6,-60.52298294676889,-55.04983888043693
452.65,-61.40195244277684,-61.287337573018654
452.7000000000001,-78.31315251975026,-68.25411252331287
452.75,-77.71527486836872,-55.16755078085754
452.8,-81.88057554685467,-63.96576889887904
452.85,-73.6991199035029,-69.6801510477118
452.9,-71.52662894988343,-54.00446096025119
452.9500000000001,-70.62426898465392,-51.151710778495406
453.0,-77.67724536571349,-60.8913512186876
453.05,-76.0861671394761,-83.81080608044691
453.1,-77.12895286475253,-100.91737871619107
453.15,-70.5017506817056,-94.71354879994351
453.2000000000001,-54.42314686019014,-109.88569388980602
453.25,-47.5482297195226,-66.47862069870077
453.3,-57.263439213208166,-49.73978048170532
453.35,-65.01419225582886,-73.93857111034582
453.4,-65.674309387598,-69.06689641087077
453.4500000000001,-60.14522723373941,-59.73721109150077
453.5,-61.234775143679684,-54.60027618186106
453.55,-67.52218051700162,-45.29299214140049
453.6,-80.29228829538783,-52.36209944119559
453.65,-86.67342869660582,-67.53821475678593
453.7000000000001,-90.82284213244331,-82.56136541428552
453.75,-93.85947754464263,-97.52468071655487
453.8,-108.21806696567064,-84.29474664925515
453.85,-115.31303180362032,-97.94254139343639
453.9,-114.44900106156571,-110.21046783713159
453.9500000000001,-122.69788355153169,-122.0715742207528
454.0,-126.03162106421013,-123.6990974090198
454.05,-127.13906160062763,-107.88018805375233
454.1,-129.46714625353414,-118.82681182386872
454.15,-131.01286391070857,-120.59332317454442
454.2000000000001,-126.2548076338783,-125.69034503437847
454.25,-123.08491896822483,-141.98938622080271
454.3,-125.00151361048364,-120.82999803335191
454.35,-120.42170400457134,-116.00575457686642
454.4,-114.7956152958,-133.23539955704865
454.4500000000001,-114.07977304855055,-119.71507595327049
454.5,-114.19854054563888,-107.39269017826811
454.55,-116.64556392768496,-112.77621073922326
454.6,-117.63946646091004,-114.29215082663424
454.65,-131.59069244485664,-128.170995660425
454.7000000000001,-130.97519575025794,-141.06813919395788
454.75,-130.36751985704657,-136.65927593530805
454.8,-125.75582124337083,-128.34444273365006
454.85,-117.85857799526664,-126.55388731142968
454.9,-105.28075895245576,-126.23381751236539
454.9500000000001,-89.57513182698787,-116.33145622560215
455.0,-73.71309327179868,-101.91529785157633
455.05,-64.82967162375732,-95.16356152438787
455.1,-80.61262115591448,-73.11188782432525
455.15,-84.90654564696726,-74.4609345336742
455.2000000000001,-90.88470908744772,-87.12788063932459
455.25,-98.24301572395633,-101.37563146027713
455.3,-109.39338531625434,-101.730411057967
455.35,-127.7968022847112,-96.19033806937001
455.4,-133.89620586932492,-112.09445084356848
455.4500000000001,-142.89799173820464,-126.88992068993517
455.5,-144.419077746239,-128.40529510573063
455.55,-145.84247423976637,-126.99584672258557
455.6,-145.45521324687738,-146.3854927887735
455.65,-141.32692262663463,-154.68520547130902
455.7000000000001,-143.25942138871693,-142.48187381320952
455.75,-147.35452709746303,-126.8141828886111
455.8,-144.541025903396,-139.14085780558847
455.85,-142.44377717960026,-162.06871626796112
455.9,-128.26803107941478,-152.3785508291215
455.9500000000001,-128.5447933346071,-127.57791376192695
456.0,-127.49241021128921,-136.8352178080818
456.05,-128.28194075939277,-136.70880487691392
456.1,-138.68553663376565,-131.8324629500392
456.15,-139.08561631875276,-141.21423666828622
456.2000000000001,-144.0159432136946,-146.77622105484963
456.25,-147.61042490342257,-139.82252559695127
456.3,-146.3118432756551,-135.69310677119998
456.35,-135.1509777829023,-144.51066871871325
456.4,-137.30170252928855,-143.92033639447502
456.4500000000001,-153.45222858558586,-143.23364292071835
456.5,-163.16287711222805,-141.4313015002438
456.55,-169.76524264412407,-140.99800938640476
456.6,-178.29580764486866,-150.04116770503282
456.65,171.22414012149295,-163.81612662470494
456.7000000000001,168.64734888864234,172.83442270562853
456.75,163.07677953612696,164.46048741049466
456.8,166.04646009107728,168.5297264061776
456.85,165.93866983689745,179.59460302392566
456.9,158.4914698930318,171.34639929124378
456.9500000000001,150.65996423871565,167.2418890796347
457.0,139.7556528785461,161.42852531124555
457.05,139.80769365429336,150.45715910392946
457.1,148.1475721198136,135.1564139816833
457.15,161.62212736997316,144.9101031181246
457.2000000000001,170.32079772856898,160.9659096176052
457.25,-179.6247185841333,159.6923831352438
457.3,-161.8871328299252,-171.7078240023805
457.35,-165.29287638492045,-159.52121418557715
457.4,-163.05878811357334,-161.60887699650132
457.4500000000001,-160.18048560259905,-155.6957210035386
457.5,-157.33592621984883,-149.29485692299835
457.55,-156.58231853982053,-148.16732693162558
457.6,-160.64577223887025,-145.66906992748187
457.65,-161.1738470045846,-152.60679909705814
457.7000000000001,-159.51021856152485,-148.9809616001209
457.75,-155.90396963884254,-137.35894152888366
457.8,-156.41264032555785,-147.33773346776343
457.85,-168.35511601002725,-159.4931481915115
457.9,176.25220867445583,-166.96093988244857
457.9500000000001,-177.92522668820456,165.51871544760115
458.0,-174.70408388350057,168.85256164365518
458.05,-176.8902265257968,-171.42510966641302
458.1,-173.39996160918903,-168.48981839454726
458.15,-174.80776184133498,-160.97014934627978
458.2000000000001,-160.48241575801475,-161.75277503939947
458.25,-164.9448865660932,-151.7244234083247
458.3,-165.9891414175978,-155.15324496666187
458.35,-170.33612368164958,-174.5061772098743
458.4,-178.2142358037744,-164.41316780668822
458.4500000000001,176.88237042470232,-175.13921811815413
458.5,161.85144978875857,177.6177754112805
458.55,157.37843461552137,-174.3104853522038
458.6,158.0222019772457,-176.11386881013212
458.65,155.35949285549097,165.86738517437834
458.7000000000001,149.17105727257268,156.2876354351691
458.75,148.25746617668779,156.85378049007358
458.8,150.06625678083924,151.96774364362048
458.85,156.47187846418475,150.01165237318892
458.9,149.30533910536215,166.7131606764521
458.9500000000001,150.27884081361927,152.26962111005258
459.0,152.28200655831404,142.5908221292583
459.05,160.39898136578643,134.8595819852826
459.1,154.5500602643543,147.798998500881
459.15,143.71083835617802,154.50806938259643
459.2000000000001,130.75986340677915,148.04698234100158
459.25,123.82888246989249,132.59107612910216
459.3,123.77553058800687,121.61221821609844
459.35,126.37963326767759,125.82690742203924
459.4,135.4509483320506,128.21378787994675
459.4500000000001,141.1766998503843,136.8760176226566
459.5,139.506660304927,121.64516434660057
459.55,135.04300398037995,91.35974155867493
459.6,132.2242234634871,124.27686467607501
459.65,125.3679371365767,138.40951917067517
459.7000000000001,115.7837599036839,135.36725402501952
459.75,98.44159373246276,115.46155880418294
459.8,86.92217442780644,127.2977854711887
459.85,83.6705583322594,97.38172460601645
459.9,71.03399630518508,72.7160283846658
459.9500000000001,62.08626833150421,72.75652566888414
460.0,56.646782489252644,76.24163562846405
460.05,41.65427866801675,58.95516420413926
460.1,41.29054160996629,20.56734789676761
460.15,38.46032609482007,28.01604872219854
460.2000000000001,46.391758870582784,43.80421526365444
460.25,53.3935928108921,43.58159970993832
460.3,58.005757155497584,54.38234999029252
460.35,59.500272657820624,42.54944890618423
460.4,52.162606405606994,66.0795425561465
460.4500000000001,44.30012483603226,99.69417327209685
460.5,32.679959091260834,57.109925902749694
460.55,26.90349093761884,29.65791705462405
460.6,28.868865950740446,12.062493094177382
460.65,31.630372643388586,14.91045914535439
460.7000000000001,33.15949270417113,33.42441243208776
460.75,29.32657594334161,17.654115843068684
460.8,27.61127787380713,12.822916239949269
460.85,20.71675845524311,15.581441729922608
460.9,21.461641555402366,20.70467804081826
460.9500000000001,28.359504967588506,27.661285282687995
461.0,17.30357720436953,42.897575304294456
461.05,16.658150830989236,43.6003879967538
461.1,6.998347085435369,22.50004289771001
461.15,4.028819631267995,13.247910638265594
461.2000000000001,7.725959396502586,3.9019030298375363
461.25,1.8522433524975854,4.187300026194914
461.3,10.291091335081575,15.788793912118209
461.35,19.34174359377373,16.395238966510934
461.4,14.217234315819775,16.064499953003775
461.4500000000001,9.320360053913907,15.001561443818277
461.5,9.927023373680282,0.7350816408158413
461.55,11.551041428529333,15.2477574263956
461.6,22.756915586850763,37.116064715511364
461.65,30.025405628143627,28.868613859864055
461.7000000000001,34.10627064828951,40.08883823732431
461.75,33.51239683189438,48.778508303294686
461.8,29.969973233100653,58.7210993271523
461.85,34.58724614966179,50.055042993398
461.9,30.791245580027674,56.61168190941214
461.9500000000001,28.461525003445207,58.931975918036734
462.0,29.580413793051516,21.70788125900201
462.05,24.860687353557157,8.98136217068316
462.1,21.070304200598013,9.653466833403476
462.15,23.341194314408554,23.958259442678408
462.2000000000001,34.69388310602816,31.25029650370888
462.25,32.121191093901786,36.04524553790239
462.3,33.639329707143666,42.96850281323934
462.35,32.512956506943645,36.360533821147946
462.4,38.72045542295442,24.549110263755125
462.4500000000001,41.33646893943323,53.890702537575926
462.5,36.83736790672285,68.69427129715685
462.55,32.68249388881177,35.44557174361843
462.6,23.311842282310593,34.21648776115193
462.65,19.194529183082324,39.84715225240723
462.7000000000001,19.376880024994836,7.307163735105809
462.75,13.570373282173781,-6.64883058628255
462.8,10.30437158268784,-1.6422008807250577
462.85,15.46093511627441,-2.600046494565428
462.9,25.047774842735517,18.27446781864172
462.9500000000001,32.340306584223086,52.09028101973881
463.0,29.305859214468928,49.04944585523224
463.05,29.11893061704825,25.88103553199153
463.1,39.49968022616324,28.777189066030996
463.15,46.12781160235633,38.39478607970399
463.2000000000001,37.316738496747035,38.382153624340425
463.25,30.369034421315053,41.25172057709378
463.3,7.2371557966641635,25.691767090532107
463.35,-16.965490514400358,18.430670520999865
463.4,-25.711798503787282,-10.230272048429152
463.4500000000001,-36.66257675346156,-35.35862658907859
463.5,-43.15518443039838,-32.62955237575598
463.55,-50.86353914039699,-40.165786983464685
463.6,-48.827606066075354,-44.73169954040579
463.65,-54.47838112212063,-36.429985140213915
463.7000000000001,-45.54917615137486,-59.08504360959593
463.75,-45.77102878400973,-55.17807093837408
463.8,-44.45530213863988,-52.604827772523166
463.85,-39.449008260935585,-45.3036738131784
463.9,-40.27808743774959,-36.99061086330892
463.9500000000001,-49.409844910390106,-30.700203135310037
464.0,-48.996961486976616,-48.0826110247443
464.05,-50.865571038355895,-57.77697695735538
464.1,-52.65982746170219,-25.90627176790235
464.15,-56.20770012852002,-35.835303607774286
464.2000000000001,-50.647328706051496,-77.59442516100412
464.25,-42.558099875012395,-80.05937156825374
464.3,-37.674672067327165,-53.391954420725085
464.35,-36.094391623539025,-27.173176719913084
464.4,-35.919361897814994,-13.793324647231094
464.4500000000001,-25.190006945467015,-15.517278856464474
464.5,-18.23548365058855,-19.521669886843704
464.55,-14.15952131978946,-19.16756735822368
464.6,-10.465226866193241,-12.184127894880996
464.65,-6.184831013644342,-11.991658905990636
464.7000000000001,-0.4604091875751824,-1.0763390947791833
464.75,-1.3900487255231726,5.2761722793018855
464.8,0.7557375518466732,5.761781884354961
464.85,1.4376248887289849,-1.9265168238178652
464.9,7.179004045595116,-17.572268919293784
464.9500000000001,5.344287531299891,-5.374954716105977
465.0,5.139394183213411,0.20621765261878638
465.05,-12.186974594280462,-2.180015444424141
465.1,-22.7896389517257,-15.440979014599062
465.15,-35.06247625034922,-45.588022680215985
465.2000000000001,-42.95746924903259,-42.91978662980679
465.25,-44.956138487428326,-28.195806635306656
465.3,-59.788422063496434,-40.99950667879883
465.35,-61.06527385733747,-66.92339157598757
465.4,-63.459608438159016,-69.73058009890273
465.4500000000001,-52.93190908734358,-72.09879906872926
465.5,-48.84133754307611,-62.54611899726718
465.55,-41.52568334137905,-39.06061197004276
465.6,-28.20213994230995,-34.228400187107454
465.65,-29.298787589124267,-31.68717337163221
465.7000000000001,-32.450785629680354,-38.41015456362309
465.75,-30.403529230638377,-49.672822406434676
465.8,-23.986190633622186,-50.22613205921547
465.85,-29.211105860620986,-44.32779968086697
465.9,-22.623183077165212,-24.60664140480651
465.9500000000001,-28.09173923896933,-21.13136346540732
466.0,-35.1573821791034,-22.72345315576216
466.05,-31.47396519516881,-37.835209815928664
466.1,-19.23230472054954,-52.575904979308305
466.15,-16.617411951336724,-36.0388473596096
466.2000000000001,-14.737132191153016,-28.111750623018516
466.25,-22.07502513900603,-32.04446852012632
466.3,-29.51347070478122,-42.93154642876462
466.35,-50.00749285385233,-68.87489814939867
466.4,-70.17666448229838,-56.26804247424855
466.4500000000001,-81.1479142486048,-44.94101592210037
466.5,-95.76517342646034,-68.36168060040586
466.55,-100.10642091168496,-100.3246410304246
466.6,-108.29177643368831,-113.10729050775083
466.65,-111.16828891698634,-112.9680308328863
466.7000000000001,-112.68459570126855,-112.12577164874064
466.75,-107.7850381829177,-111.43651007758618
466.8,-121.8224466133972,-105.91614419061496
466.85,-135.4309739999174,-120.24102848481475
466.9,-136.42132814251784,-136.43220547245292
466.9500000000001,-132.61715170849277,-134.37265030729816
467.0,-133.40370616628684,-153.9903516700371
467.05,-124.7888351863662,-147.16142755902663
467.1,-119.1656758515662,-121.02879914802891
467.15,-116.5940598506784,-117.23850569329761
467.2000000000001,-126.88818282951208,-102.07270109354879
467.25,-132.5501712096691,-88.30630370631258
467.3,-151.7585262766145,-98.43170478258817
467.35,-165.12988110393042,-132.27251503931637
467.4,-172.33920706774876,-137.7405696917665
467.4500000000001,-175.2018775963276,-133.8757914082887
467.5,-176.01340539445275,-162.54109403414955
467.55,-162.2176077058355,179.47496367350584
467.6,-152.52442133169197,-169.66756488459157
467.65,-137.82971965925103,-152.1837253558688
467.7000000000001,-126.65897615377608,-116.17722806488526
467.75,-114.43499450864226,-124.19434344717625
467.8,-100.84338227262414,-160.06787841261266
467.85,-86.27313387943764,-128.78882701568543
467.9,-80.31111434034122,-102.14193379404206
467.9500000000001,-83.27128994247822,-73.8917012226764
468.0,-74.37180029404058,-70.72989476620658
468.05,-64.31579937598913,-76.4168785926622
468.1,-57.64162381405415,-51.449156371114
468.15,-57.30605765641232,-53.76572992456609
468.2000000000001,-67.78126073126015,-55.147603202301994
468.25,-67.18803232594543,-56.43330080671806
468.3,-71.28431895313132,-81.2899374349801
468.35,-86.78920803635948,-67.2309451157805
468.4,-88.93699424732482,-73.40533210620782
468.4500000000001,-91.0364652859258,-83.33966706298453
468.5,-94.08889905530907,-93.42554636975903
468.55,-81.34919193828728,-102.02812132448926
468.6,-73.31063186516931,-99.61042162975716
468.65,-62.424759791043805,-91.25961563967273
468.7000000000001,-59.648325948065285,-80.37384946008324
468.75,-62.924139942179096,-63.477085987462814
468.8,-64.87750081679633,-62.11858408526789
468.85,-61.149327409971434,-61.03650835857701
468.9,-52.846844729705424,-61.285214932496956
468.9500000000001,-50.88045635284519,-59.90552298236617
469.0,-51.6700123719448,-46.74694733995108
469.05,-53.627312413216686,-54.96057549958661
469.1,-58.46299641899476,-50.39012795299688
469.15,-66.09902024358675,-32.44121653088612
469.2000000000001,-66.98351703329246,-74.07535363043509
469.25,-67.95627337049838,-78.11652794916554
469.3,-72.40016445618386,-33.70881326681119
469.35,-77.10422996778098,-53.329930563060586
469.4,-79.24718192673122,-75.10563834342119
469.4500000000001,-86.55035915534876,-89.76844232316577
469.5,-78.21244269338996,-76.86513927506564
469.55,-79.68321519391144,-77.39002737426613
469.6,-75.08606543179029,-80.97078047517803
469.65,-78.80681672969412,-75.10264772803389
469.7000000000001,-92.87845542220413,-70.86949470772169
469.75,-98.30880226495333,-93.47284035657341
469.8,-108.45267130047392,-104.78876804247608
469.85,-106.154915701461,-113.23034803799605
469.9,-113.53640161958563,-114.54278753099338
469.9500000000001,-113.60696764649038,-113.41280810598326
470.0,-112.2483000023353,-109.32965347825906
470.05,-115.79970761047079,-89.88605325108546
470.1,-128.34842452256348,-94.35160253111981
470.15,-135.22977840287945,-93.22104114274276
470.2000000000001,-138.3431324571506,-117.2790306415093
470.25,-138.32974998551086,-137.3880146392302
470.3,-131.43789814865528,-134.40669723579427
470.35,-115.94667047704918,-131.66582505695055
470.4,-110.91932499637035,-125.31230917202181
470.4500000000001,-106.98659549625245,-107.7627151423151
470.5,-107.13140321715731,-79.93167209540313
470.55,-106.31398399322715,-102.96927255148313
470.6,-97.02584718173881,-103.32007398329085
470.65,-94.08606033073157,-103.75282400632933
470.7000000000001,-93.06114554474884,-105.38479098116643
470.75,-101.28689523213637,-89.92065709565118
470.8,-97.08555963246964,-98.42935519254634
470.85,-97.58445333035407,-95.61476574652634
470.9,-93.39493548037217,-94.6623551732002
470.9500000000001,-100.20876654335335,-95.6430357253518
471.0,-101.89087184408258,-85.00192198198987
471.05,-104.0982324344302,-90.09207027520173
471.1,-97.74938037568502,-104.71259564387705
471.15,-91.61738302727635,-96.60958869836115
471.2000000000001,-97.8857252966722,-78.955759143551
471.25,-103.68121542098002,-78.47262813922184
471.3,-87.94322967423366,-88.49001883646741
471.35,-88.52743180995216,-88.3379073690621
471.4,-75.88700200041181,-81.93496893099922
471.4500000000001,-67.0879214824099,-78.310714372185
471.5,-64.20438081965253,-76.43898507197143
471.55,-60.80302838611155,-58.4628951756495
471.6,-66.31528188283072,-54.768603623185136
471.65,-57.41996382396438,-63.345395685772715
471.7000000000001,-52.33252612844842,-71.67824874032056
471.75,-41.246559780771534,-61.96540503210993
471.8,-41.649334748629094,-48.256504678757615
471.85,-28.843509815937164,-51.76172372626711
471.9,-21.081885353107094,-33.05721102567506
471.9500000000001,-22.364837800043517,-13.229695219577255
472.0,-12.907408341970763,-13.219116438877764
472.05,-12.076433127711097,-15.36319229889218
472.1,-1.3773648051222886,1.8158442452863481
472.15,0.4947386262191206,27.061063310531008
472.2000000000001,-5.373083565492013,8.987153464189278
472.25,-2.687757836005387,-7.778930081494739
472.3,1.9126795481579462,12.715022315887621
472.35,1.4726865200199835,32.85841216037422
472.4,1.5701220147296733,-4.445542090923478
472.4500000000001,0.558717553868047,18.25974494046511
472.5,1.1054698022731235,6.849741578473114
472.55,-3.9871597453625722,-16.328920100322577
472.6,4.592211204660231,-4.472234865058513
472.65,-1.9590054191513193,7.709841303203474
472.7000000000001,-15.166639382631335,5.919582755890016
472.75,-23.728047833992534,1.1966350653872304
472.8,-30.664378124213442,1.674678163529008
472.85,-34.52059691408369,-8.177495202742413
472.9,-29.230025367711196,-22.453213528604202
472.9500000000001,-36.307014136620566,-34.1063567843231
473.0,-46.45212071544913,-38.139402448222
473.05,-53.846210143131536,-28.119065397098566
473.1,-53.68751442843952,-25.01607616604173
473.15,-50.72399361367406,-35.23179994364388
473.2000000000001,-53.00443367963891,-41.31058762218789
473.25,-59.281794234877,-55.91336753695341
473.3,-61.49475692970349,-57.582605611444365
473.35,-60.392627799574335,-46.90826918981776
473.4,-66.28053966512476,-59.865088335770274
473.4500000000001,-69.67167227359863,-55.46108400738241
473.5,-68.83000492319312,-46.59207811641483
473.55,-81.99424401941432,-52.63418424945197
473.6,-89.9284713562151,-89.16472185463189
473.65,-112.423360425269,-109.60121462681256
473.7000000000001,-129.9659552004205,-115.46348588223844
473.75,-133.05174972247647,-110.27411517522951
473.8,-125.336950417166,-104.36147304578839
473.85,-133.69012765965294,-111.7558724748768
473.9,-140.41580909576118,-118.07501338939693
473.9500000000001,-124.16948335103142,-120.98441584536478
474.0,-123.09512469428891,-123.74564141545635
474.05,-125.01406767324735,-123.61467149736337
474.1,-127.50588543118222,-119.32063939859361
474.15,-124.67221314578747,-138.90445560181863
474.2000000000001,-114.63896980110621,-137.35152713868564
474.25,-111.16345823476955,-97.79523163287814
474.3,-108.44416512648364,-88.09936706829924
474.35,-111.84447456614329,-107.94335972914992
474.4,-117.61729572616659,-115.92046191803796
474.4500000000001,-130.2146435422006,-112.16023493437456
474.5,-132.97232820267178,-101.71217057380768
474.55,-134.0308832474493,-123.58600361480057
474.6,-141.13345859327814,-130.64023677575972
474.65,-141.15756664555133,-121.59560629070815
474.7000000000001,-152.2916844783518,-130.59191766445124
474.75,-160.5388384784331,-150.2806733077677
474.8,-158.53455983438948,-176.92235983474896
474.85,-163.28676032309738,-157.2408783752748
474.9,-162.3378874778272,-151.96407290397772
474.9500000000001,-175.94275813490145,-175.74631292252252
475.0,-179.72267502254567,179.06457302910724
475.05,-176.6684978580809,-172.0398506894272
475.1,175.14837756286485,-161.3492640282407
475.15,167.69319939826207,167.0579687410956
475.2000000000001,158.13372532665983,151.5723689800376
475.25,166.48205107909976,162.41571319860273
475.3,159.10905474333632,169.23418459313643
475.35,165.4288704633385,141.13607822096697
475.4,164.7390608075954,128.2922456137256
475.4500000000001,177.29207726388074,165.8620825348488
475.5,170.85775041291558,-179.1533791138142
475.55,162.9117045621099,-175.97809329963908
475.6,157.72043671253195,171.6796183646595
475.65,158.75980962996564,171.09391265266365
475.7000000000001,165.46984729621104,175.03249399445326
475.75,167.7472807062714,174.27714016875422
475.8,168.7029062818826,179.59483711672186
475.85,173.97887067244548,-172.64603208474168
475.9,172.70680277060055,-164.93406484887458
475.9500000000001,-172.13269209974834,-170.35396680520654
476.0,-161.2836718756821,-176.2849926143916
476.05,-164.64181833643312,-162.23472662194317
476.1,-166.02543829320646,-160.22456150162722
476.15,-174.26040311739968,-159.19179166065135
476.2000000000001,175.39948259543655,-164.07420451128206
476.25,177.91910039289795,-177.98031457618399
476.3,170.5922330580318,154.4546784150467
476.35,168.7328389643002,160.78137003811383
476.4,170.82816069879243,174.7578834843485
476.4500000000001,178.5363695646855,-171.98506047137926
476.5,-170.69940764178943,-176.23536991111817
476.55,-157.3718571933984,-173.33740148722336
476.6,-151.1929162167467,-164.94888123824538
476.65,-153.5627394574532,-145.7503599437958
476.7000000000001,-161.25577452466007,-132.71400731240755
476.75,-164.19440216218118,-179.90396007878144
476.8,-168.05385980124504,176.5147033447469
476.85,-174.3989687084921,-168.05223156738094
476.9,-174.23983505770184,-166.26146423437118
476.9500000000001,178.3246305554247,178.67112083423402
477.0,168.60158880260977,172.99299713849726
477.05,160.3632570061967,176.8677523732646
477.1,148.1865010361135,171.51110186212162
477.15,152.2832226439018,163.04026980875287
477.2000000000001,142.42128728215013,136.52061272178494
477.25,138.1687780399142,149.42919500704753
477.3,147.75726037742467,154.68170112197868
477.35,153.932859268288,142.17354636341832
477.4,159.00941317129104,147.57789773649404
477.4500000000001,153.898011183106,163.813251511925
477.5,156.96357803169064,-177.64698282644335
477.55,154.44319657427286,172.5625987003618
477.6,151.38837263017987,162.7959743393088
477.65,150.06062896720331,162.20737844267694
477.7000000000001,148.84730822711853,149.54192611971993
477.75,145.5159764566191,152.02066959329272
477.8,150.82623563827985,155.2627006046784
477.85,166.03687467140657,134.9107349279679
477.9,174.65619848708758,146.49049257067145
477.9500000000001,171.0210537769286,172.41460698372038
478.0,175.04918459013092,-162.18925545306723
478.05,176.8207667135392,-165.13400756730178
478.1,-177.18237560996346,-176.47890756075876
478.15,-172.89497100549477,174.59139887790016
478.2000000000001,-173.4458353798281,178.57515088461125
478.25,-166.7919169526385,-178.6281146546308
478.3,-164.9093874220523,-176.03906531201835
478.35,-176.2391342311128,-173.17060228568297
478.4,176.87543858234892,-173.6595077044029
478.4500000000001,160.36386405320485,-177.91831034549185
478.5,155.2389956669938,167.8823973072435
478.55,150.09457530591158,159.03654338846601
478.6,170.5285543559413,160.27287167409642
478.65,178.29036924341383,171.40315193917257
478.7000000000001,-176.52789826893655,164.30822400196237
478.75,-166.04049477888182,161.1169503641822
478.8,-159.07784992517497,-171.50482316377165
478.85,-151.3037455939902,-155.6038292473528
478.9,-150.43753813300052,-142.6637704870081
478.9500000000001,-151.10924842655055,-146.23010543069026
479.0,-150.84166988954672,-151.54756146297908
479.05,-155.88240120822172,-142.20181852558795
479.1,-149.9586844423042,-151.72651637055571
479.15,-146.92756190381232,-169.90995175633805
479.2000000000001,-137.8320795933223,-156.21971447440916
479.25,-132.27221792845538,-153.5986365593898
479.3,-131.36956040890271,-143.0152770143998
479.35,-130.67172390279075,-126.73032644713967
479.4,-134.5995358252032,-123.02676629670887
479.4500000000001,-136.33866618607465,-130.1063492725673
479.5,-122.24043823182244,-135.1336436019147
479.55,-123.52907114403446,-117.72420153779493
479.6,-126.59090836447523,-113.94063136217791
479.65,-131.8743828727476,-143.56284303347937
479.7000000000001,-126.32765261738817,-152.11899016037947
479.75,-125.78646870280008,-151.33010217701053
479.8,-131.65653152290483,-146.34363427490408
479.85,-119.81235386296089,-137.6865892386227
479.9,-119.95138573803881,-147.7419408895445
479.9500000000001,-127.63287001046604,-135.28192730422072
480.0,-132.16179630686776,-138.55588164389002
480.05,-132.28904132012855,-145.1020152499766
480.1,-121.10590670803047,-124.29626722843733
480.15,-114.71789021760158,-125.04769173592841
480.2000000000001,-117.87603876297746,-132.65650122353858
480.25,-121.09437286715428,-135.45603746211705
480.3,-120.20515871082216,-116.64926415741925
480.35,-111.43395069307256,-120.98728294395377
480.4,-102.29119953920144,-118.84452250199678
480.4500000000001,-96.07870779611117,-101.04818771191148
480.5,-99.96528215232016,-99.2237169184067
480.55,-96.4018045573929,-105.50995986051208
480.6,-108.15440991050987,-97.61061580615417
480.65,-118.98789461078718,-92.05686179942025
480.7000000000001,-114.53210185461195,-111.36779001360014
480.75,-122.49378415394517,-129.80835273095704
480.8,-131.0269168073492,-134.8017302966453
480.85,-124.36091642057417,-139.70011118479914
480.9,-115.61088465440983,-126.96317207566882
480.9500000000001,-115.78137762712956,-125.59457952452738
481.0,-116.79383920788275,-113.15045874968429
481.05,-112.62618803941645,-109.86907943104067
481.1,-98.41550639525013,-129.85150431518605
481.15,-92.47005815501977,-115.30938227070774
481.2000000000001,-85.76648868019367,-107.06110602744506
481.25,-80.80418346435187,-83.56114385559312
481.3,-80.40395455434907,-76.68598298785469
481.35,-70.6167487172051,-85.06586221711248
481.4,-67.00101286248476,-64.40373704595842
481.4500000000001,-54.818693474621284,-36.89149638917404
481.5,-56.51142681359398,-58.389024467977286
481.55,-57.74192589939799,-65.4571674385477
481.6,-60.57535898128912,-69.29732341384171
481.65,-59.41442229418961,-73.91553855610755
481.7000000000001,-56.9816041728554,-67.50405743999076
481.75,-63.51357010848311,-51.94222202956369
481.8,-62.28423209247437,-64.58589889842278
481.85,-51.916672181628,-58.74032408628188
481.9,-55.52343709930711,-51.11208688664066
481.9500000000001,-42.03812781316261,-62.54923866451829
482.0,-48.65016994678876,-45.083054865524026
482.05,-52.703844016813576,-19.265723396748285
482.1,-46.75918762646911,-26.53569558683569
482.15,-41.95351743462149,-66.9547845105524
482.2000000000001,-37.33047407576778,-59.88024480652631
482.25,-30.240698794775657,-45.76569455412846
482.3,-28.307553210563924,-45.08533615811557
482.35,-22.79046198003912,-38.89244186247635
482.4,-27.78339412581681,-24.13568778030698
482.4500000000001,-25.614681902949926,-10.072798244692411
482.5,-34.421819009250136,-10.084453087654282
482.55,-41.072898188453216,-22.111930270057567
482.6,-45.904410754955066,-29.97416563888438
482.65,-53.11485389227018,-33.2683815923734
482.7000000000001,-53.812171368279586,-30.744716051647238
482.75,-54.73842711055147,-31.80044781667986
482.8,-58.849998045265394,-46.26779272443764
482.85,-64.0648302050293,-53.050393912905754
482.9,-60.08297590886594,-46.4020332878768
482.9500000000001,-60.40097514784545,-57.9421053794408
483.0,-55.48126702978842,-67.28266283715907
483.05,-60.4962650262571,-68.27834157565269
483.1,-58.634504459719096,-88.87924682090426
483.15,-47.43624865213713,-72.92397832025465
483.2000000000001,-38.289383102019904,-49.93701249407625
483.25,-34.79073767246938,-65.74533965882786
483.3,-35.31731200248091,-59.530468851965544
483.35,-34.64541204169607,-45.13655252056899
483.4,-35.303195201544426,-34.97553408341442
483.4500000000001,-31.905946494577666,-36.33293802179469
483.5,-28.79689238718218,-34.19066610747989
483.55,-35.63014604078648,-41.122738109131895
483.6,-27.858052774902795,-50.2121550362876
483.65,-14.07592401804166,-40.98435106430367
483.7000000000001,-8.511456095067524,-34.658164841354086
483.75,-11.521125490615429,-32.07691621581199
483.8,-12.310129381800046,-15.01670022893953
483.85,-16.277698374026333,0.15871307493281725
483.9,-17.479933315634167,-10.960823370909116
483.9500000000001,-17.85583861666207,-18.973032898720447
484.0,-32.15186495311602,-26.230726536749007
484.05,-30.626660269907386,-21.190553959914823
484.1,-32.529944133015775,-20.980894150459452
484.15,-36.3017112841127,-18.350166163093782
484.2000000000001,-28.229617144319505,-20.68036349245741
484.25,-25.11651488821942,-28.493231439800944
484.3,-21.52303174335339,-35.592993443852976
484.35,-20.175248596508965,-18.028369118515258
484.4,-21.792208344102022,-13.963111254070531
484.4500000000001,-14.569605223768065,-19.415353817521932
484.5,-8.5548636381063,-4.832551181876264
484.55,-16.2072222097009,-2.952037208598815
484.6,-22.86512577938406,-0.8521990717336486
484.65,-26.34881445424076,11.60278157958325
484.7000000000001,-33.59226020043328,8.273686578813166
484.75,-38.81368631867196,-19.66786325244709
484.8,-41.38387290455231,-37.78729929087428
484.85,-39.81558295290165,-32.01293973663146
484.9,-38.68031687327945,-29.40751262417091
484.9500000000001,-37.485209738339684,-36.96886411681509
485.0,-38.385403089070344,-38.11907721428629
485.05,-32.58521515928439,-44.91550697584878
485.1,-23.979316912510033,-37.14642242909905
485.15,-33.15692335754893,-24.938589397375814
485.2000000000001,-31.462824287246878,-38.914742859962686
485.25,-36.81224611341213,-38.839850408746884
485.3,-40.418333864435674,-15.163346622829764
485.35,-39.55470919550323,-22.20292608190012
485.4,-35.678176039907626,-43.596969900858824
485.4500000000001,-23.49549003157823,-74.22414887109049
485.5,-20.800940787887626,-34.06094391562151
485.55,-27.03757464355861,-35.921739613927826
485.6,-38.586578619390004,-35.33600581268895
485.65,-46.58527646901259,-21.437161079153068
485.7000000000001,-61.758499703215925,-42.79102744602799
485.75,-64.12089271019842,-65.87306201516445
485.8,-63.77688943349934,-70.1518694622704
485.85,-60.52687028476396,-52.98633792431554
485.9,-60.08347059843556,-65.22547307904337
485.9500000000001,-64.59976456256223,-76.07951724398994
486.0,-57.089016505239805,-71.85733427181975
486.05,-54.91228919441878,-52.64957613792583
486.1,-54.64145496653139,-39.05863770951325
486.15,-46.30862535805741,-34.137788298395456
486.2000000000001,-62.30864943684815,-31.14566723912065
486.25,-67.50985785932254,-36.90607774910227
486.3,-64.76384994932448,-61.482140720438245
486.35,-71.91942454661952,-65.67896255335309
486.4,-72.56633602497295,-74.66669579087097
486.4500000000001,-75.46455048279914,-82.34174148538543
486.5,-88.66153191863894,-64.37994091293129
486.55,-92.35010191149142,-55.40267927412577
486.6,-93.10249944943736,-71.86899207980235
486.65,-99.54331235159171,-96.82470520811468
486.7000000000001,-105.57604627943142,-92.92139984083958
486.75,-98.37475190349437,-91.53218738847382
486.8,-100.50974546882911,-102.10810554674592
486.85,-113.33435450848764,-103.73937131618011
486.9,-117.09168992528568,-110.79760747157167
486.9500000000001,-112.90320662712344,-123.55611430899361
487.0,-118.10709138229625,-107.49005815283309
487.05,-123.44186755458577,-107.29391225154502
487.1,-126.64801192171359,-119.31237483035252
487.15,-116.88728179568045,-124.41130818051917
487.2000000000001,-102.5070229746847,-132.46544764196494
487.25,-86.41360306890105,-120.46502807581048
487.3,-77.86682252175399,-79.33314085014224
487.35,-78.74163488806697,-83.90489399354058
487.4,-76.25616984080922,-96.38920021935806
487.4500000000001,-74.54648513939446,-56.57574452639264
487.5,-72.72149477774094,-75.8737089815349
487.55,-60.57354126771566,-85.83611448160808
487.6,-54.03164619399106,-57.6000055933623
487.65,-50.92472822411633,-48.34984389569776
487.7000000000001,-44.510274637200624,-61.13264114552558
487.75,-45.63370156079593,-70.37418425537031
487.8,-52.82674090110243,-62.38868293926663
487.85,-53.20919720452246,-55.60640576879417
487.9,-49.822359839110305,-53.46872878141132
487.9500000000001,-54.109755612884086,-50.8544405990316
488.0,-58.8525991865855,-51.66835085614488
488.05,-53.80657464902467,-54.44154323442108
488.1,-50.90203872120336,-64.8182953285125
488.15,-31.885167071412766,-64.21451470294667
488.2000000000001,-37.338185072368354,-54.63325395240028
488.25,-49.28657948187796,-44.54422598602312
488.3,-42.69429613413154,-36.46063318199632
488.35,-40.63535115684927,-37.80692477234361
488.4,-55.67872659490748,-51.36829077293959
488.4500000000001,-76.17659928384892,-71.83674787143364
488.5,-85.87203273653087,-80.08570182834382
488.55,-94.28097051850493,-70.36284205160838
488.6,-103.38165671248032,-69.48272734428372
488.65,-120.27899208513188,-85.42967800738695
488.7000000000001,-130.90321384950622,-109.62715937653626
488.75,-137.0613322876418,-135.17210137494453
488.8,-134.28023313040975,-136.29699193975537
488.85,-121.73877476547521,-138.35139042808416
488.9,-128.84914615390383,-139.653745028177
488.9500000000001,-146.2771608681444,-132.13265947175938
489.0,-157.6490611574155,-129.48392543749065
489.05,-149.80402462765065,-151.5420738356935
489.1,-144.81056912804826,-164.2471666239902
489.15,-135.72097966103098,-162.52289169154346
489.2000000000001,-137.24939167268747,-148.98488533892169
489.25,-137.16990417003382,-144.95436264125777
489.3,-139.5560240203678,-165.4137697956172
489.35,-141.47554476644564,-145.55552514372727
489.4,-155.61923986103676,-134.46694654469974
489.4500000000001,-166.1486839575177,-148.59438583045585
489.5,-173.50793794213047,-150.0180032011417
489.55,-173.0353961668651,-157.68807926833304
489.6,-169.33451646719496,-167.90748144639988
489.65,-172.23115729263387,-160.04057534429856
489.7000000000001,-170.43877548692907,-169.9497182412547
489.75,-170.6759779418032,168.37609130535017
489.8,-165.99480730529336,158.61975857496105
489.85,-172.5192598525119,173.50368607310043
489.9,-178.76198771433923,-159.52881767754587
489.9500000000001,179.58859303049218,-164.70914792598734
490.0,176.92139882002505,179.755820258398
490.05,172.37604146384083,175.6292397304997
490.1,179.100698523949,-178.50146760867418
490.15,172.2307164820245,-176.81275307134578
490.2000000000001,166.45631356025893,-165.30712750366806
490.25,165.09112792832042,-166.29261196794232
490.3,169.71900350288163,-170.0407824408214
490.35,175.14384135258555,-172.54488545295754
490.4,177.61897853476577,176.94602398623974
490.4500000000001,-175.3730464931447,173.62808675196655
490.5,173.28605487474107,178.42124409654076
490.55,164.83131368108593,168.66109714763098
490.6,162.0269666041835,169.38751145427184
490.65,157.14865438980036,162.76533950641303
490.7000000000001,165.90942574287118,165.10824774680117
490.75,165.575816464618,162.38475830121718
490.8,169.59823392943517,161.95857350443478
490.85,174.3382629746761,165.05250729440044
490.9,174.32793433014697,167.2341789050973
490.9500000000001,157.41352531648545,171.06828546119465
491.0,137.65160339388,148.81616404018965
491.05,130.6513991749161,141.06270907171202
491.1,119.9865315722822,130.26772940107446
491.15,111.79919509551384,111.92247909322963
491.2000000000001,112.21697579215106,111.93229450648002
491.25,109.72653956843936,113.08226945546082
491.3,111.78214762475915,102.68447660094618
491.35,111.55378139821671,108.72318829920548
491.4,117.52775757941347,115.9417053669513
491.4500000000001,125.4974692324287,111.5257159122546
491.5,125.96239388436985,131.3398353441748
491.55,125.71835263517788,127.85868083253426
491.6,123.32773929404132,129.33491258687778
491.65,116.22619566285023,140.5004492042288
491.7000000000001,111.6505726062626,129.3302026262685
491.75,108.6716338773139,123.37612663450606
491.8,113.19753507766991,117.49256114530584
491.85,105.33571524251752,107.57652216951207
491.9,98.53872148223195,101.41820012266173
491.9500000000001,97.9343769083332,95.98291402684423
492.0,99.24697505007343,88.12740821062367
492.05,97.67254165817003,104.53745498037866
492.1,93.70180804324681,114.72937688809765
492.15,89.17364385682102,104.57085987589082
492.2000000000001,88.12988135773345,91.81725308842088
492.25,92.05023337346316,75.58905743053897
492.3,82.99634610943227,90.11017602975636
492.35,86.51366572655718,101.23639200210542
492.4,91.45696623257606,92.6263478885069
492.4500000000001,100.67516530769211,80.77446876998658
492.5,101.88409344825573,90.3986692182676
492.55,107.78343325291496,92.07952436659406
492.6,109.0341834300777,93.10717871879551
492.65,123.09383270777128,110.3156834899924
492.7000000000001,127.31693565943314,131.92760347433324
492.75,136.17430457135754,129.89181204670425
492.8,136.4228422744948,129.5020168656651
492.85,139.37402927507924,155.47499739832068
492.9,140.96014604310787,141.76696535740996
492.9500000000001,136.75557402451835,149.35050332717913
493.0,135.0771355168688,147.08460897416825
493.05,133.94773006760389,125.05503647786124
493.1,124.42209142415808,133.12433363665434
493.15,131.52642173732724,144.70630528944002
493.2000000000001,132.76940931818837,140.571285314444
493.25,132.2194286217899,140.96058328035838
493.3,138.2453938899185,143.44289037516083
493.35,144.34496464239726,133.22954271352728
493.4,154.17523751043072,116.72706132450439
493.4500000000001,153.78369741669215,134.25600020685155
493.5,160.63555376922542,172.62790976463586
493.55,161.934282971512,171.64005898540958
493.6,160.63819178765917,156.23848601571487
493.65,151.75796951798546,156.6457241954209
493.7000000000001,156.09204904154961,148.4564588314762
493.75,151.5869415754406,139.4732871970716
493.8,152.93091701796078,143.90821592199873
493.85,153.30251473257843,139.29151827177967
493.9,149.5781821702463,133.74636577929562
493.9500000000001,157.62655374680932,142.03853107465767
494.0,158.98104472352196,147.37340155794084
494.05,166.24727504727875,154.2985851506201
494.1,168.3980168924891,153.02295745669505
494.15,168.38359462169484,162.73460024684823
494.2000000000001,174.09457363717482,-177.55687579035123
494.25,178.69293086894368,-168.0529204173315
494.3,-173.89345881534302,179.34266796122682
494.35,-165.74763942017591,177.31714196126606
494.4,-160.901477464838,178.23537629161478
494.4500000000001,-151.66805686503935,-168.82935636633226
494.5,-149.99776116326018,-151.87258778522622
494.55,-136.96055667427586,-158.42500835599157
494.6,-138.08284114677753,-157.1087785289144
494.65,-137.15805036697,-152.93615686223995
494.7000000000001,-140.66669766067463,-138.24801880880548
494.75,-139.9853310166865,-118.6213248111705
494.8,-142.73080742705235,-146.28989894465377
494.85,-140.4560303290759,-139.33206498449647
494.9,-142.85843756190437,-140.57383813360758
494.9500000000001,-138.44826577529747,-146.83813117749295
495.0,-139.35003606098616,-141.21491606544095
495.05,-142.82210389419038,-150.97289154089245
495.1,-151.1489213111406,-142.93576367419223
495.15,-158.582336562057,-151.25419962017702
495.2000000000001,-158.99347013335645,-169.77985635355247
495.25,-168.12202998872695,-156.9797993282122
495.3,-158.01165744715001,-158.1726714402888
495.35,-152.29277366755838,-156.34066676056324
495.4,-149.81095619982412,-155.75670714912542
495.4500000000001,-149.68293487815052,-167.91687322078798
495.5,-156.64792131689805,-172.14181506270697
495.55,-153.11218453834698,-154.29248386803886
495.6,-148.9896111654664,-142.50265159684912
495.65,-148.29225396955857,-142.23893300614603
495.7000000000001,-152.42413099159123,-146.56452957415237
495.75,-158.83374644871998,-144.2877303441102
495.8,-164.50450445336534,-133.06503476113036
495.85,-177.61888184401013,-151.47407822926476
495.9,-179.94830338158846,178.64458136514853
495.9500000000001,-179.9169752435167,164.33278869789325
496.0,-177.6873058414594,162.9098471872734
496.05,179.93850817066595,-159.56318418876506
496.1,-177.12579286635818,-167.4759836765544
496.15,-161.83080905329675,162.9490754962488
496.2000000000001,-150.8590198575326,175.5589399281011
496.25,-139.0290399624087,-178.66073117092702
496.3,-138.6760536235791,-146.97029495561185
496.35,-143.91373027781543,-130.1543133808728
496.4,-140.0626562116324,-119.92489026434625
496.4500000000001,-137.15577371819214,-132.0997302102998
496.5,-124.27581493485789,-147.8123725581919
496.55,-130.3734874489317,-114.08220344747365
496.6,-139.69465819815716,-117.35329831689502
496.65,-140.485834268105,-136.6443593410147
496.7000000000001,-141.12401132462026,-152.23046659170714
496.75,-148.1186811619927,-134.5989697210492
496.8,-140.9458621981648,-121.54797472278466
496.85,-135.7772803996378,-136.1941841983063
496.9,-143.4656504983964,-143.6495371103264
496.9500000000001,-139.61476667395846,-142.4745558324093
497.0,-146.55401309425466,-144.27336153505726
497.05,-152.2368376255868,-122.13456141942316
497.1,-161.39184084729246,-134.86623617812072
497.15,-175.47832878936194,-158.9353425719435
497.2000000000001,-176.71276581739951,-168.98137155353797
497.25,-173.56056465640484,-170.83553399144787
497.3,-169.8432230395667,-167.10002840897323
497.35,-151.8689292333209,-158.75388423857817
497.4,-152.37737505394716,-142.21754914011393
497.4500000000001,-150.17631931946903,-148.9049411887181
497.5,-155.85214434699006,-156.52759310798112
497.55,-156.6791593646953,-157.0574221357814
497.6,-154.72473103596383,-153.39496590285293
497.65,-157.46453319769267,-171.7160075452577
497.7000000000001,-153.93446597278984,-158.83803294821377
497.75,-147.97519313690776,-138.23320343131047
497.8,-144.63993163599957,-156.63375620893873
497.85,-136.44917114681823,-174.5495731614397
497.9,-134.81133889232336,-169.9714372090272
497.9500000000001,-134.62535735320427,-164.9427408723905
498.0,-148.45303510437859,-145.37038350858492
498.05,-152.42523866483435,-148.59425863035514
498.1,-153.75000627225987,-164.4146437268906
498.15,-153.11221516722708,-158.31747178844697
498.2000000000001,-146.16138314256307,-145.1231540745639
498.25,-145.48731344021766,-144.44609472642077
498.3,-134.06184983963,-137.1138239826043
498.35,-132.00726385537325,-147.85906473543133
498.4,-125.94218817103436,-137.14655468433574
498.4500000000001,-125.60293418755352,-112.13091570403664
498.5,-123.60329250816926,-115.86234647524552
498.55,-128.3865355409787,-127.332260578347
498.6,-126.94638892650772,-125.0725004808763
498.65,-112.79381733590124,-125.19084032071913
498.7000000000001,-107.95713939164064,-110.66083463916056
498.75,-110.06432676406293,-92.45620092315167
498.8,-113.44250854697131,-105.0169348390227
498.85,-117.15155252349487,-111.48794537057519
498.9,-118.12698373419556,-111.83123021958508
498.9500000000001,-121.08807855471126,-118.63754091965549
499.0,-119.63184275502938,-117.79994915859653
499.05,-121.34211838040916,-123.72189892074266
499.1,-108.36829487175038,-126.88084216378881
499.15,-109.63712529494587,-115.06957304222966
499.2000000000001,-112.19219494936834,-98.60446252831782
499.25,-114.45028858912626,-98.76418911610243
499.3,-120.07384796985143,-89.55652118782005
499.35,-104.93004970700159,-97.22602110319689
499.4,-97.35502982091751,-117.83905479096306
499.4500000000001,-92.72600564492915,-98.96605035253438
499.5,-79.10159180068655,-90.25762278849328
499.55,-82.60764936368908,-85.58138805564667
499.6,-86.18037406539733,-85.65661276053939
499.65,-86.20476044599995,-92.6822659227489
499.7000000000001,-87.18993673619552,-85.18380016599107
499.75,-91.8702798067671,-88.86589160552862
499.8,-88.26624683818416,-106.14842099833423
499.85,-96.37013703046713,-109.24605530454664
499.9,-98.98538109513493,-90.4965014395864
499.9500000000001,-89.01825630833514,-68.65930634140942
500.0,-83.42024108094145,-90.2317940417061
500.05,-88.95459081906417,-96.06335869626362
500.1,-90.11422556461106,-95.21756452988011
500.15,-95.44504762836696,-97.9333226399364
500.2000000000001,-97.30363748395324,-105.22226810079682
500.25,-95.64146058985207,-124.29844320417664
500.3,-90.55493337036282,-118.6547363479424
500.35,-78.12410495639335,-102.68735025720864
500.4,-76.33277231612966,-91.62450582924029
500.4500000000001,-80.40466828422261,-54.01136312590636
500.5,-85.38378319796419,-50.24465798238052
500.55,-91.25325132083917,-67.81952553275379
500.6,-100.24127008248932,-72.7325448410174
500.65,-108.25009072360213,-92.9971985054066
500.7000000000001,-101.27445188406848,-109.00710174403666
500.75,-99.26513420363375,-119.15283164386533
500.8,-100.27939094622506,-99.76269045738069
500.85,-99.5468050522114,-86.3560961494784
500.9,-97.57294064997542,-82.7244151362364
500.9500000000001,-111.32869453066519,-96.97765041601322
501.0,-115.14120234845448,-90.79955186809339
501.05,-114.13363421820341,-106.6395809889864
501.1,-117.72096119893979,-108.89686746787218
501.15,-112.81055622027131,-121.354221783281
501.2000000000001,-112.23866353694942,-116.73083541031714
501.25,-107.40590369557052,-103.02519424986212
501.3,-97.53564760517828,-106.62373036929185
501.35,-99.45805276204146,-113.63128860561685
501.4,-100.15439971776867,-105.48714808599111
501.4500000000001,-82.24905183852395,-102.91914769828067
501.5,-74.86174627254357,-83.65715161095072
501.55,-74.45648376436569,-49.49057743939816
501.6,-77.6154134201157,-55.59699032125617
501.65,-71.50018088023137,-66.24473403030672
501.7000000000001,-71.1094798223695,-116.37941142393646
501.75,-64.51705797035162,-75.6145667981029
501.8,-51.57821506598216,-70.98242425036703
501.85,-46.74694077034327,-66.28405260161337
501.9,-67.95997141838447,-38.10332777108619
501.9500000000001,-76.84563434277094,-42.4089867681524
502.0,-81.81179164539014,-71.50877593164024
502.05,-78.67983959342419,-85.80453898621427
502.1,-66.2263061372282,-76.06912905562287
502.15,-56.552953676675095,-49.98415259795376
502.2000000000001,-44.01823665744124,-46.26662517956758
502.25,-39.555834051771704,-53.47704464052409
502.3,-43.372248131388844,-51.23696650508533
502.35,-38.12718159445589,-44.3809010008054
502.4,-41.62293993162956,-26.210796342765747
502.4500000000001,-37.933713340376094,-52.84828080211465
502.5,-28.689189615993435,-52.18641443987308
502.55,-10.220157976515402,-26.3877829272777
502.6,-8.13073976296556,-28.823559254017415
502.65,-10.515275676833802,-3.381143580173351
502.7000000000001,-11.850185660953578,-4.987238817330097
502.75,-0.8843116193216388,-1.1520952833664837
502.8,3.3594425378126016,4.052387624664064
502.85,-5.604880019341051,7.992653682296394
502.9,-8.336745732519494,0.4519308294487905
502.9500000000001,-18.38446283686387,-6.222165173063884
503.0,-26.083014440877946,0.5069225186154319
503.05,-28.465450460915967,-24.723759952622565
503.1,-22.8048646448536,-44.78984556178526
503.15,-26.797774294047905,-29.564328824652055
503.2000000000001,-17.349098638467158,-17.671150069361993
503.25,-8.113583147745757,-9.55534561567351
503.3,5.312733720907787,-2.7668373981474184
503.35,8.998840074235018,-1.885016591401364
503.4,-0.9986380101595941,-1.4065911853537516
503.4500000000001,-8.61678754165877,2.0307917713057932
503.5,-11.703905626819001,11.46769555812489
503.55,-9.338596091436862,-3.574829815048537
503.6,-14.548461194964172,-18.508552812620874
503.65,-10.355417344938404,-49.7113777435888
503.7000000000001,-1.355471785353367,-59.52965869660431
503.75,11.119859332344648,-27.134045715587874
503.8,20.903259753315343,11.633215128666299
503.85,35.39244033304895,19.594585808446354
503.9,28.17956583322874,1.6819055883471858
503.9500000000001,16.022029955995272,57.18836307765964
504.0,6.441237541452588,59.442081831945
504.05,-0.7528367458314444,27.203760929584615
504.1,-0.9543837185444433,4.758633833246861
504.15,11.141311513201268,-8.018059234237757
504.2000000000001,18.673613017613576,-6.990658598548489
504.25,23.36880657285653,22.69297428333541
504.3,17.836607177251075,22.26903753686518
504.35,22.65885140655755,14.855518359963943
504.4,21.247245847772447,2.7794435743496457
504.4500000000001,27.482992764289538,21.344182736746486
504.5,22.45424037486301,28.365083335048936
504.55,18.464570182167378,42.09197939862996
504.6,9.898560339690501,38.981007238583935
504.65,9.05352435825107,27.332740511345435
504.7000000000001,-0.8094758385584774,20.2340569646985
504.75,-5.980313047928111,7.126924866624653
504.8,-9.35368048630576,0.03663186012080163
504.85,-0.19674019948710267,-16.925050809525583
504.9,-7.315601026469688,-12.22623255724719
504.9500000000001,-12.482161264442897,2.521416796453791
505.0,-21.901177955216315,-0.11838569821477299
505.05,-23.747821546963603,-19.60408285977332
505.1,-20.398931407276386,-30.927914742944992
505.15,-19.661203986595115,-27.83535140990431
505.2000000000001,-24.94768409284375,-34.10729098596281
505.25,-24.810140668392663,-12.72809328868332
505.3,-35.118977648573306,-11.796564206678493
505.35,-43.78463160458455,-33.936154366890214
505.4,-48.65402569805304,-46.26261994762926
505.4500000000001,-51.435824949004804,-53.320618668408294
505.5,-60.59679932056574,-36.0514470627636
505.55,-67.42421631030761,-49.751836132999856
505.6,-61.26605461361597,-82.21536488288018
505.65,-57.09322087658038,-65.81938524438038
505.7000000000001,-58.14574997346813,-52.769100061487514
505.75,-54.3762552121134,-56.902189248137226
505.8,-64.24376357798884,-42.863086613157314
505.85,-77.56668029291423,-37.73818189417042
505.9,-92.22248705649567,-63.308330873931894
505.9500000000001,-100.30834514557009,-82.93158043059017
506.0,-92.5316068888538,-113.72568015420693
506.05,-89.41284819211857,-111.34562035729134
506.1,-94.3137694995348,-97.64536826332149
506.15,-106.50542107367839,-95.3659019430212
506.2000000000001,-122.02736818467257,-80.19625951543338
506.25,-135.62267559863162,-103.22081937612478
506.3,-143.21618307594926,-119.09910456928203
506.35,-144.34175381824684,-140.62043906974293
506.4,-151.38164930887646,-144.00491141877237
506.4500000000001,-148.95442376774616,-148.43788403311345
506.5,-147.61366146752036,-116.75004403628904
506.55,-146.4853526983944,-132.3941551984903
506.6,-150.78594270404207,-155.68353204626226
506.65,-153.50184802324102,-156.0738416791468
506.7000000000001,-150.17563794886016,-166.2431626865928
506.75,-158.32171673709348,-147.5111843895165
506.8,-164.8018607893976,-139.87321833148138
506.85,-169.0552724839513,-154.64456338897193
506.9,-160.0550264122525,-167.75260014646997
506.9500000000001,-144.6821948290282,-158.61946346498598
507.0,-133.16238341185763,-136.18582264889307
507.05,-141.35723959485355,-124.1063500371249
507.1,-144.3868917423726,-125.78477241310986
507.15,-137.96721248207587,-144.21013204410414
507.2000000000001,-138.5049989327895,-151.83945208507717
507.25,-142.3917523013378,-136.98433995113407
507.3,-144.2634589257236,-131.12603207343923
507.35,-148.4739403562307,-137.06104690469843
507.4,-139.45381133686942,-142.14794110018295
507.4500000000001,-139.60722083746847,-140.20911590912218
507.5,-143.38656967994987,-137.701017444871
507.55,-152.087995310101,-141.59722525791167
507.6,-154.90998493615658,-144.1274570337158
507.65,-154.9216655196134,-154.78750321849108
507.7000000000001,-145.19685063443833,-161.44568149732376
507.75,-140.44979828711752,-155.88727218259342
507.8,-143.17579981937,-152.35319234485706
507.85,-153.37104467926747,-163.52104461123702
507.9,-148.76319787879933,-163.68137454968107
507.9500000000001,-147.39179526514906,-141.2680562501507
508.0,-147.85715052824168,-135.6580222510973
508.05,-146.6414242768885,-135.98966345517218
508.1,-150.74351782889306,-123.60999102185997
508.15,-143.30507227135814,-118.50584900280704
508.2000000000001,-143.60233083562852,-116.04302536969466
508.25,-144.14392929546796,-118.46358492178608
508.3,-142.4452463262595,-126.18838727680327
508.35,-146.65533044727536,-129.38553156523523
508.4,-151.1489737034163,-150.18636394329104
508.4500000000001,-149.412401390124,-152.4036599909077
508.5,-140.44831492404552,-148.46394370177245
508.55,-139.8433172283433,-158.80882821404947
508.6,-138.69737772854432,-157.37241416803238
508.65,-143.35372421674342,-144.40768998028625
508.7000000000001,-152.71735528562286,-147.832368032584
508.75,-137.51177138731666,-159.92538709392144
508.8,-122.43169137591269,-131.2734170829048
508.85,-110.57504724232886,-114.4276943258451
508.9,-113.46098483258586,-106.45064279198529
508.9500000000001,-120.26353161828507,-96.84755507821869
509.0,-123.71122635569073,-140.6160154036035
509.05,-141.5811249365544,-138.723238250364
509.1,-136.86935269624536,-134.36522361195034
509.15,-123.96852014447644,-147.8343172221845
509.2000000000001,-107.91477971496991,-148.16372630841602
509.25,-96.45319649451577,-130.20034348971336
509.3,-87.3291691269687,-112.20169792447697
509.35,-89.82865043413669,-113.1785490050063
509.4,-86.1208988052171,-98.36699661661089
509.4500000000001,-76.3397458232329,-114.49173883617867
509.5,-67.49949563320119,-86.56025108471866
509.55,-61.83793666761852,-66.3472137316247
509.6,-60.42320974571297,-77.96838871338726
509.65,-54.91667047862062,-60.01102289190043
509.7000000000001,-47.22065618244208,-44.294437776918365
509.75,-46.852872196957925,-56.41497890477064
509.8,-42.16661839892376,-56.729678102209284
509.85,-48.00083861642026,-46.63674223600627
509.9,-54.202587298399116,-52.52263221812943
509.9500000000001,-58.04685070829944,-67.6328077294173
510.0,-54.639239972629774,-59.2108673829112
510.05,-55.716797960861165,-41.22674102711327
510.1,-57.558431663806964,-49.331895600772576
510.15,-58.54026523327603,-69.50672682375546
510.2000000000001,-56.51599377254299,-76.30657443285092
510.25,-52.756036376928165,-60.32716552301036
510.3,-60.55033187319297,-49.95857336077004
510.35,-62.31059424909004,-58.23194863790795
510.4,-56.59628324821865,-62.005159593326844
510.4500000000001,-50.78014683787574,-62.998596799272406
510.5,-42.48416089051597,-44.971881646433246
510.55,-49.477115499686334,-28.935943336939143
510.6,-46.17791980341323,-48.422536035130484
510.65,-37.93262259181331,-59.90383656436931
510.7000000000001,-35.34462708666058,-55.92620478856989
510.75,-26.347821824522537,-35.642790528767655
510.8,-26.165978615140762,-29.25228538164395
510.85,-25.641115705521848,-37.049435488076
510.9,-29.239424681896235,-43.95791207837157
510.9500000000001,-23.9538752913019,-55.885278987258744
511.0,-31.17958660745178,-36.85540336739952
511.05,-30.45096053117456,-27.385997771942293
511.1,-34.3258481867517,-20.38627241488235
511.15,-38.15702998973563,-14.231767517080609
511.2000000000001,-40.611954344324324,-31.684192921181076
511.25,-44.847900734864716,-48.63197224359951
511.3,-57.85995326903511,-49.77015258586564
511.35,-83.17142165665919,-39.736825161268115
511.4,-87.63216750147568,-79.17951886416279
511.4500000000001,-82.81982864948071,-95.1533047120421
511.5,-75.63260766136291,-81.46271812859273
511.55,-72.20784411997735,-75.05148517367755
511.6,-71.58375931497051,-73.15731042153713
511.65,-68.66491104338155,-80.67999850025456
511.7000000000001,-66.19418500988594,-83.78404878719716
511.75,-62.017415632752886,-85.71140492162826
511.8,-61.03284622090782,-61.0412752296398
511.85,-57.32577321147289,-55.66679726076708
511.9,-54.631428536967704,-50.590125549146016
511.9500000000001,-60.43905306266192,-38.887165805138004
512.0,-56.673310295495995,-43.94136283211743
512.0500000000001,-60.26743553266541,-52.80306626185648
512.1,-62.661589399358924,-61.641592025937896
512.15,-62.850124183616224,-60.45236515384832
512.2,-65.5908984611351,-62.36792344948845
512.25,-65.42859565668876,-64.36869470601025
512.3000000000001,-60.45624857657514,-54.7102639506874
512.35,-60.21468796697062,-31.382171802066342
512.4,-62.35169076706509,-25.76551930083822
512.45,-69.91983231925744,-62.12451585705871
512.5,-68.45873933889888,-70.5430424909753
512.5500000000001,-61.807901592827335,-64.39948888070754
512.6,-63.509178297747155,-53.94016307061926
512.65,-70.573947921128,-61.37853311225185
512.7,-74.39018562298374,-76.8175168680705
512.75,-78.7869997803389,-79.45610935552759
512.8000000000001,-76.05690861420125,-54.8942577543905
512.85,-63.52811966487404,-62.39106998956121
512.9,-52.81233841039052,-80.12900495575389
512.95,-48.69515155136036,-53.64265992661382
513.0,-57.35977166579976,-64.25325959705071
513.0500000000001,-56.75216467200703,-59.96792316620872
513.1,-46.80681972874768,-46.57639276816578
513.15,-45.19073668604548,-47.50323640909674
513.2,-32.67703821354811,-59.33581788179825
513.25,-27.94011153714717,-49.55030056963864
513.3000000000001,-17.93321218170492,-28.449298797647533
513.35,-31.495310308889444,-7.483192224606155
513.4,-20.553149246615863,-7.676751606908202
513.45,-9.432797061716157,-13.39977569186934
513.5,-17.23927001973053,2.1034756582482665
513.5500000000001,-15.984890277801835,7.441554671821913
513.6,-16.940215055695337,-5.55540955250819
513.65,-25.546461577561587,-16.48161410349018
513.7,-30.298320484952335,-20.653164835500693
513.75,-32.23719445052464,-35.65086466116051
513.8000000000001,-34.399922137967074,-33.16366496670077
513.85,-23.396928368825616,-31.5974899062592
513.9,-16.319898831294747,-41.42484515960536
513.95,-26.869695322081267,-28.150317473900063
514.0,-37.86777044994068,-21.34266863065969
514.0500000000001,-41.79804223018872,-38.73075677278618
514.1,-39.87790596068564,-35.35191816348054
514.15,-49.01958260320464,-46.75266502227448
514.2,-53.92080217890517,-56.12161338085932
514.25,-56.637903806004715,-62.410368247029425
514.3000000000001,-43.97740200759033,-73.57291507479206
514.35,-29.466356071357016,-60.33417250701943
514.4,-29.96484603671058,-31.606858863886945
514.45,-37.91243906645119,-25.042266312994553
514.5,-47.90398569249767,-20.519486443934174
514.5500000000001,-62.40337060699794,-31.79535896541977
514.6,-65.8396074027143,-56.62707946131038
514.65,-58.6027208482529,-81.66951325022787
514.7,-63.43891998975012,-69.26969590329817
514.75,-60.129097516183634,-74.50687109568338
514.8000000000001,-53.78802185511849,-74.27276556982616
514.85,-43.81780934017183,-72.12516291391059
514.9,-26.048967904689825,-48.31875057703168
514.95,-22.00248088962947,-21.272687202206082
515.0,-24.039056600276588,-8.155664141486291
515.0500000000001,-11.9409962128442,-14.934396917006659
515.1,-6.775778699234093,-33.85804208049765
515.15,-7.391314790875872,-33.818085477050325
515.2,-11.753917315009224,-10.56758025865122
515.25,-9.459041904142696,-11.299735728468823
515.3000000000001,-6.862603375857361,-14.341758389173707
515.35,-1.6547071692455328,-5.77609368065361
515.4,4.711742403447896,3.2602065156075195
515.45,1.246805072703411,10.44827063428773
515.5,2.8316208899940483,-5.744336395095539
515.5500000000001,-3.4367995612923288,-20.53279652320885
515.6,-0.2577182715477752,-9.539361698065823
515.65,1.2837226636687056,-6.28552307541832
515.7,-3.02395957889299,3.200967027593064
515.75,-9.389229467836966,0.5347926581345558
515.8000000000001,-8.859801921165325,-27.34396010930061
515.85,-14.198409816531777,-28.050635713896728
515.9,-3.5915425352950052,-11.91602515890811
515.95,9.60433938527784,-3.2840850456109587
516.0,15.874110318258293,5.094050262087112
516.0500000000001,11.6498408375898,0.6452410041997512
516.1,-0.5314368492046643,7.308712495904862
516.15,-8.489687458547426,6.95066583480178
516.2,-6.633700991453209,-13.553426404299064
516.25,-0.9361812625319469,-14.00676997674441
516.3000000000001,3.9228824182037685,-18.79972450492875
516.35,-4.202480952417452,-22.643524219509903
516.4,-4.640000915295047,0.9931918539538943
516.45,-8.517090074992712,-0.47210040041359697
516.5,-16.284280705760537,-11.971410656123107
516.5500000000001,-10.819408734829135,-19.81558199681928
516.6,-6.514775081835608,-25.095485540259798
516.65,-4.510274055298001,-7.952390052693362
516.7,-10.065748908487707,6.2618289125715485
516.75,-28.96188805416728,15.972818683139126
516.8000000000001,-34.60165774676439,-25.97600578938738
516.85,-24.92258544675012,-28.899877469873903
516.9,-19.49040866997854,-14.672156389478962
516.95,-14.22285145307258,-2.4563613470508145
517.0,-8.303735483401253,-11.199975296179812
517.0500000000001,-6.806844796476176,-5.371797246078472
517.1,-4.770949620376221,-13.63031461149416
517.15,6.016663616803718,-14.840126311135585
517.2,6.724036267664423,-4.272577803396919
517.25,3.0349001585907986,0.7156531181329521
517.3000000000001,1.7688340378848073,2.373135470137357
517.35,-2.1611157729383974,-1.4754835830940565
517.4,-13.338207262150666,30.260849515028656
517.45,-24.921859696155366,18.203691565060023
517.5,-26.1716408889023,-6.963162181601955
517.5500000000001,-27.20368412907292,-8.79229372813275
517.6,-25.812749625370646,-17.87951288933965
517.65,-24.735228971797536,-19.125686444399705
517.7,-28.484646584458755,-14.265135650003298
517.75,-45.78805739547075,-16.874609966185833
517.8000000000001,-46.973016496884114,-42.75392386737693
517.85,-53.3170671301749,-59.14370820322817
517.9,-58.66398932788679,-54.60054983507565
517.95,-55.617328282458544,-54.79039475914377
518.0,-56.24791968812786,-61.47314331143751
518.0500000000001,-64.95755732067943,-54.35555746368464
518.1,-64.50484455577418,-49.971540406498164
518.15,-61.89221832216299,-53.49383947685468
518.2,-66.91227458617136,-64.84371662270199
518.25,-71.57135873757107,-61.540377376885
518.3000000000001,-78.51024544137731,-62.38994000908526
518.35,-96.19800824462538,-68.08334033859073
518.4,-101.26514544745119,-70.17434076208392
518.45,-115.45358983003891,-79.51307651327834
518.5,-112.34900490801678,-81.38740237326213
518.5500000000001,-112.94375974766022,-83.03697317393974
518.6,-113.19992129764002,-97.46110554273432
518.65,-116.96654841735497,-107.03893603455558
518.7,-123.81874927067001,-112.40958641900531
518.75,-138.7071710505398,-119.76144545912774
518.8000000000001,-136.32722212466575,-130.8919266145836
518.85,-139.16881766219166,-126.55298692616235
518.9,-136.79421198128125,-119.57465849772572
518.95,-140.45293507920414,-129.9371563312086
519.0,-149.1651958469245,-134.52785945802756
519.0500000000001,-162.31587681747493,-141.90119970823915
519.1,-171.81753804775192,-147.16969376281313
519.15,-176.7162533275439,-165.41067816309234
519.2,-168.8056136896521,-169.7384942983602
519.25,-161.2925499196152,-163.36842332662312
519.3000000000001,-157.69419946126993,-151.54525032682227
519.35,-166.74531376712153,-147.41195213294145
519.4,-167.3919903301921,-138.35691564090266
519.45,-170.26670974741378,-139.75204631399086
519.5,-170.66757342490024,-153.30579507442457
519.5500000000001,-165.82836820682598,-172.29161211487562
519.6,-153.291574515102,-172.7974696450558
519.65,-153.29378426447622,-144.25686257762902
519.7,-152.00750146863774,-137.7308133129355
519.75,-160.0933931010372,-153.32320165370908
519.8000000000001,-164.77055403621435,-154.1889939328728
519.85,-156.60220228257302,-164.8231893388103
519.9,-148.95188073770464,-167.63142892706972
519.95,-152.24247546840158,-162.66094714114973
520.0,-145.50698571395557,-149.39303976612052
520.0500000000001,-153.88779949156066,-127.70109173904036
520.1,-156.3189282915609,-130.27660842366166
520.15,-167.88801588476153,-127.91048895043163
520.2,-175.4184082038374,-150.84929381530114
520.25,173.53081703860448,-168.79179077994954
520.3000000000001,173.6266652316797,173.47510245778398
520.35,178.1437879300389,159.1211658539387
520.4,173.13819284979004,168.465967071899
520.45,170.3311973275579,-174.51870345249012
520.5,163.38990016006056,177.93172853332007
520.5500000000001,151.69879708265037,172.41243427605727
520.6,149.37614849652118,153.11668054990724
520.65,147.3072102269974,144.51309211525484
520.7,152.4023382905802,171.5647739464679
520.75,155.21631420567275,173.88449588979515
520.8000000000001,143.93940607901624,166.16015279952842
520.85,146.34885118814026,160.46555820383037
520.9,155.67081264599014,147.1563102837257
520.95,166.7407236399431,150.55343678750495
521.0,169.24797953412616,160.20070476560053
521.0500000000001,-171.37909619722953,159.3306235692483
521.1,-164.1275103264609,171.9094711971124
521.15,-152.76074025032722,-167.57704461962524
521.2,-147.00408098655512,-171.90975353649932
521.25,-144.04453988134688,-162.4149450987984
521.3000000000001,-154.01322637709367,-136.88217131628417
521.35,-163.962792920976,-132.91898114652128
521.4,-166.2964342419416,-151.51684264394478
521.45,-168.57857995422833,-157.09265131168783
521.5,-160.40461881130608,-166.2867950476216
521.5500000000001,-165.19307339415062,-154.1952352725633
521.6,-165.18747348113635,-163.76707165301974
521.65,-170.61373689063126,-163.86311281098054
521.7,177.2260226493954,-174.91119401945966
521.75,165.65124874075985,173.69333861138028
521.8000000000001,154.7280213310843,177.42703751714765
521.85,143.69603552683222,148.33082656433544
521.9,131.6572974808401,147.3243400445372
521.95,129.0136409141352,144.54692588244453
522.0,133.70182464935024,133.01942508688336
522.0500000000001,139.00422897289494,161.11809028009114
522.1,132.6181701940297,142.41833273591658
522.15,127.53087998142978,117.07865874459583
522.2,122.18620232961521,105.96210417031716
522.25,107.45777435725248,109.96434757072352
522.3000000000001,107.44427214133042,119.41050084912936
522.35,102.0954725761703,119.02551872221419
522.4,101.73583215327864,89.41249311862232
522.45,95.06385074503082,87.28440096738173
522.5,93.18584244719167,112.17265193393473
522.5500000000001,86.54615880422286,114.10890471300893
522.6,79.45295325369443,85.54217438241848
522.65,79.96851011300666,52.34637059377
522.7,89.74041125616114,77.58487048912694
522.75,86.69741048125131,93.7122154817342
522.8000000000001,89.86626015646434,66.93677905668561
522.85,95.44060246459527,65.39464484001478
522.9,105.43996838694991,101.65495222544314
522.95,113.16877052398937,108.69199154596643
523.0,120.76991870890538,120.46596964104624
523.0500000000001,124.32828256555563,115.75469880267559
523.1,116.84979141576926,123.90193601803537
523.15,112.93686759437625,133.42212564971365
523.2,104.05844891429257,133.7011461294143
523.25,111.75461811324817,141.61743754996945
523.3000000000001,109.25437134665539,130.9914229255648
523.35,121.68081957199495,110.88194549027605
523.4,125.39744416475241,101.78221585137511
523.45,143.95157789243058,122.15664984722801
523.5,148.00937692323072,141.22575051276604
523.5500000000001,154.76627401253427,147.3529482307514
523.6,149.79025103190966,145.4084194181434
523.65,135.71461438936794,134.96625328003753
523.7,138.98185007677117,126.8822110941216
523.75,139.83634874319375,137.6900502055446
523.8000000000001,143.7552116865928,138.40086919788249
523.85,142.27188838663147,132.76809932339344
523.9,138.28870438266253,138.08601545181205
523.95,138.05160406730602,140.42635733173225
524.0,140.62867816743156,141.35078284437736
524.0500000000001,139.84565011311048,152.2808975046587
524.1,128.14750504825142,155.69263650616898
524.15,127.1125646991495,158.20665512202626
524.2,128.96919530131282,141.78824820297785
524.25,132.55772029702476,125.1028858659746
524.3000000000001,131.61624708322555,113.43823991013493
524.35,134.02794851329352,110.77038797728133
524.4,129.4489643260522,130.9930439044825
524.45,136.9740834022018,129.6109793043313
524.5,143.75294321684262,129.37954009693794
524.5500000000001,135.72112353625204,135.57711926754024
524.6,135.76405519450591,138.88693413937963
524.65,138.04680402348976,140.9319880681462
524.7,131.56174105463893,135.40154199811914
524.75,130.23475524310797,125.50558130364368
524.8000000000001,122.9440024028971,124.67832010798736
524.85,117.63581155175389,122.22133836660562
524.9,109.080449406158,106.38826886152422
524.95,98.54206054893376,126.85447715420104
525.0,96.26199331119116,127.66745712846296
525.0500000000001,93.5781738737123,100.08756164552881
525.1,84.44295999734096,108.43518105204518
525.15,76.6703853651335,107.89053547394988
525.2,70.67248681086714,82.69520247496928
525.25,66.74841836087556,64.29271002959527
525.3000000000001,65.05375899890292,67.82574016258148
525.35,69.12172645933761,63.20136454248998
525.4,70.94482693656887,50.47364170609974
525.45,65.48867505903152,65.98421450527802
525.5,69.16135692651893,86.56725729035131
525.5500000000001,63.68622543812054,108.55969431162008
525.6,58.995804541737115,67.35547219051654
525.65,61.23350173774201,54.99713031825194
525.7,71.12708421918656,65.09610825811649
525.75,79.40477862152896,75.48037865744377
525.8000000000001,76.32179093084555,81.31569125160695
525.85,63.775709264026275,90.49202513655892
525.9,74.05401785564929,84.97694757222084
525.95,71.3546543854231,76.39683913959165
526.0,67.14247966624771,85.71014198356444
526.0500000000001,71.09652657750544,66.02251609172686
526.1,76.64020025372794,71.3223799162171
526.15,83.32688469813485,77.67593376942132
526.2,80.1956920413727,76.26962639927481
526.25,69.70367227778989,84.07042319367261
526.3000000000001,67.19300897682868,81.65843833110038
526.35,61.98524863961979,62.38431831619389
526.4,52.1382064394588,62.39224670116927
526.45,37.69739525232064,71.11927312595978
526.5,24.171032147493957,51.02952931372693
526.5500000000001,18.82667680125101,63.362774857124705
526.6,23.23577581724461,30.691058941485924
526.65,30.512047783067104,23.501615807296293
526.7,34.56174792644933,34.6268471127731
526.75,41.41423771297038,41.28483816509473
526.8000000000001,44.45933580319823,36.82389724166528
526.85,38.27001908305086,27.137331274440978
526.9,37.65330311238179,65.00277934072112
526.95,42.98161281103774,43.704538831655455
527.0,39.561473826282594,39.074025865520674
527.0500000000001,26.173432392378057,62.03057516522075
527.1,17.01600163463816,41.52688750060697
527.15,11.56436319078383,31.78201191083129
527.2,22.364260670559062,23.856390629811937
527.25,32.20483085821932,17.124218400339593
527.3000000000001,53.64261344498979,40.22625273241403
527.35,75.46816358546373,67.83938459097338
527.4,75.36909630539162,73.23134528039242
527.45,77.54551792284065,70.56714932358899
527.5,73.24099417803639,73.11796045878697
527.5500000000001,65.6854732259639,77.47946719041546
527.6,55.79134674947801,62.041527775697205
527.65,32.374261771027705,43.10120152596008
527.7,30.11001647743582,33.750618284257385
527.75,28.750326541553786,36.05629108477164
527.8000000000001,23.028348606464107,27.469869143000423
527.85,8.321154117730623,28.436101033756817
527.9,4.003213362704604,22.70116723291689
527.95,15.160385464249858,4.063164096599195
528.0,22.786635011867183,29.648526799244593
528.0500000000001,21.71250417901937,16.294545277560875
528.1,17.902706914086497,16.089124761379
528.15,12.084345740053662,35.79948761842257
528.2,14.045595249795662,18.09383582574338
528.25,18.036720562986957,11.538163081683061
528.3000000000001,6.40446829713294,-5.274102420788242
528.35,13.640683829017895,10.890268659960872
528.4,4.969659548745477,24.279971640652832
528.45,6.979148667930551,13.080463667775327
528.5,6.402673621082727,15.748792574095376
528.5500000000001,10.473280234426053,13.66951852771135
528.6,16.6590815609288,44.88023183553933
528.65,26.26503302559596,42.95136346675318
528.7,24.408982980175995,44.4752185075261
528.75,22.48645544849192,41.7047249044931
528.8000000000001,11.786093514580369,12.73941796591421
528.85,24.572954940531353,-1.5793102337736273
528.9,17.489235712076674,26.992652691786272
528.95,12.146569719089946,11.635081349339744
529.0,8.973334692754399,-2.9730478354895093
529.0500000000001,7.088379538431935,14.61802288712812
529.1,9.671655267263946,2.69820932758284
529.15,19.393461701038373,-0.740025929438067
529.2,25.103740358589253,1.4004624966903692
529.25,25.00495114427175,17.692825737741806
529.3000000000001,30.26854142435314,23.48126135923934
529.35,34.025041588272266,16.63870942563968
529.4,18.611007687907136,24.096126244287277
529.45,16.859661757822977,32.228179525254184
529.5,20.293344802725194,14.677006539479216
529.5500000000001,27.60449206667094,13.012508306007195
529.6,21.053901750080875,27.674797463412382
529.65,12.777394032183748,44.211026041842544
529.7,12.739692417003756,18.626772561595562
529.75,1.9897971962946355,23.223215256421877
529.8000000000001,-2.1214160454197555,17.72811452646824
529.85,4.81178361684839,-1.530823949041735
529.9,2.380035753816087,7.148748135694846
529.95,-3.0953139264477825,19.803733346351855
530.0,-10.248153710006214,14.659171749889428
530.0500000000001,-12.201489478749307,17.83712330743894
530.1,-4.632612341091318,5.952543841138685
530.15,-11.271503817302804,-11.771202006664625
530.2,-15.037540083757206,-21.538790909313043
530.25,-10.510016472944026,-10.837781676310708
530.3000000000001,-10.87312210235182,-7.770838204682882
530.35,-4.578734760964468,-19.535358481736875
530.4,-1.5592001628823395,-16.122482185980402
530.45,3.21109926342841,-7.026036651536943
530.5,7.69465350715948,5.731764533570097
530.5500000000001,3.3956363216363634,11.482505299130775
530.6,4.114571197302875,3.3760465808674995
530.65,2.5362675180222394,3.245501078799622
530.7,1.2465046912484903,9.429921567233187
530.75,6.96920974511313,4.423029717656677
530.8000000000001,6.65091591570963,-6.420456081015704
530.85,4.629438764308822,8.572960947609612
530.9,2.8242271092488482,11.384711230981884
530.95,11.475773838744717,-2.736002772289666
531.0,21.106368952871453,-7.696920496360431
531.0500000000001,30.525163002814356,0.7508838217853729
531.1,25.577577977770552,6.319090520262708
531.15,32.576189606099234,12.068470472428492
531.2,50.32857065393503,22.22068949368603
531.25,59.22810765467079,47.77875499161668
531.3000000000001,68.59223776193414,59.399789346979674
531.35,82.77715623959796,60.375922314948085
531.4,89.0014911068651,80.41032235165049
531.45,88.6774317653799,97.1342749349789
531.5,88.79046220466152,121.03582410879764
531.5500000000001,95.20310715702556,104.596560129179
531.6,101.27083580890631,87.79921111551356
531.65,110.35962578218081,97.96423681719916
531.7,105.4645619960751,120.01743162636974
531.75,106.21693272804173,125.91324657239299
531.8000000000001,107.6542216403712,108.8173902286562
531.85,111.31279293636823,100.70056401480956
531.9,114.66346290258406,97.97039316752861
531.95,100.45432217952578,92.79589665560894
532.0,102.18335569820103,97.32456235221714
532.0500000000001,95.28159628771351,112.80932644809337
532.1,93.96175652667763,107.15114810727293
532.15,93.5817008606536,103.37581856701684
532.2,86.36549635938641,99.37815133245675
532.25,93.70336544142059,94.49367598867914
532.3000000000001,98.98412089405275,110.4915884234997
532.35,110.67993918188526,92.31890649519484
532.4,119.03066119776528,104.3709803085505
532.45,127.71505018057967,122.81959255436
532.5,132.9021182476953,128.3849593692453
532.5500000000001,124.19033390151401,136.22365824236599
532.6,115.6429305273322,126.18380970050436
532.65,118.7819776604292,133.93363060998365
532.7,123.96855542061587,95.08426016666297
532.75,133.0764314282348,99.5572610711657
532.8000000000001,134.48916416133105,115.1972557330365
532.85,137.64801940569473,126.02637309458665
532.9,138.17915976293978,142.8860866455984
532.95,144.2668987034809,126.89876340017382
533.0,143.85725301030206,120.88463974786897
533.0500000000001,150.85920333521292,131.5873236156926
533.1,148.43070459873073,150.45551498263274
533.15,158.36932581678468,159.25709728775706
533.2,159.17813433463152,156.26612844138958
533.25,157.22574445328303,164.57627053779657
533.3000000000001,158.97837220672193,163.2516289112533
533.35,156.9626222564064,140.28218724431213
533.4,165.47932111783618,150.91126810939684
533.45,176.07745787430105,173.86361646191637
533.5,174.55232438506715,173.06099173419764
533.5500000000001,167.95770015856823,169.8248614119127
533.6,169.9413377514392,166.67642319355772
533.65,176.08132033412974,-166.41996182029217
533.7,-179.62095952400136,-162.28062336228118
533.75,178.337289408972,179.46901563921838
533.8000000000001,-177.6253003910036,177.3858890208065
533.85,-159.99976886954371,-176.05096835550296
533.9,-149.98644365021724,-167.66144967882425
533.95,-138.16279251544617,-142.25477949533214
534.0,-139.95546231071194,-129.34745289863238
534.0500000000001,-143.14188492367995,-125.12184692610147
534.1,-154.32616736209607,-136.02502540394227
534.15,-152.99776434415233,-143.33705483685185
534.2,-151.14090872364636,-140.4251569214272
534.25,-149.5900782675311,-138.5218562322272
534.3000000000001,-154.72219497554428,-138.12914331883258
534.35,-163.77488508909926,-135.9673238275424
534.4,-167.7634229048117,-146.31070839970863
534.45,-162.66644877117776,-157.26580898346643
534.5,-169.69555854692626,-164.53882321029113
534.5500000000001,-175.1656014922712,-160.25134490858005
534.6,-176.58356460955932,-161.61249436296634
534.65,177.02175616702146,-177.753689955766
534.7,170.04589586995093,179.79130591356093
534.75,167.1743149960185,-176.43168399335255
534.8000000000001,157.90965034506425,170.3754193036548
534.85,144.02572012593902,152.11055417851
534.9,135.04279341277402,152.961856229235
534.95,135.0952454223095,154.01644916700994
535.0,123.6006109897738,142.29736630221478
535.0500000000001,118.98859419312213,134.16315340993057
535.1,123.94023132894598,124.92602688156978
535.15,131.11735854524616,124.92759163967648
535.2,134.26459091874483,131.3165122720959
535.25,150.91838505661593,128.77949153978804
535.3000000000001,164.11180214561608,129.27167200135685
535.35,162.80648715343676,145.48872733994088
535.4,165.46393059206795,167.00844748428057
535.45,166.502988370988,174.57132183048915
535.5,172.9796034967033,-173.67884878646677
535.5500000000001,-172.63891839742354,177.54817250858048
535.6,-171.46375562131396,-172.77848199834267
535.65,-178.78137474632607,-168.65175191758706
535.7,174.04377426853478,179.0639783136764
535.75,179.90618040081046,170.0239156585908
535.8000000000001,-166.91293920486544,-154.27616737450288
535.85,-163.43008873594522,-149.62950586528603
535.9,-167.85356276362876,-176.26655856248115
535.95,-158.7365045857763,-162.36332011525948
536.0,-157.60082439279537,-145.24445163622835
536.0500000000001,-152.9284212589167,-152.20116542821822
536.1,-143.19060147017709,-159.41494754591355
536.15,-142.33064984578144,-153.71175151713373
536.2,-141.7915668585362,-150.88368604351146
536.25,-141.8282701975932,-156.808970567143
536.3000000000001,-140.20767276199814,-178.41422248617258
536.35,-144.23052758759886,-135.86066007881558
536.4,-146.46745473087648,-130.98101223710935
536.45,-155.8043607030024,-128.28199642801107
536.5,-166.65960556819775,-139.5118492495365
536.5500000000001,178.40628004573432,-176.6867192156537
536.6,171.3434554710743,172.74026411613207
536.65,171.06029099194035,165.63564100576008
536.7,167.51632352769565,157.51531720919775
536.75,174.68146189788106,159.0851014801373
536.8000000000001,-179.45095499962804,159.23172485268765
536.85,167.7791755069331,-171.8026388226296
536.9,157.98085399976088,-160.53256567956058
536.95,148.95988850231421,171.0733890588087
537.0,143.56900580771747,147.29412823174448
537.0500000000001,149.49576725644494,131.25960658056363
537.1,158.5416037819123,122.17029187994935
537.15,159.85394144472826,133.20062584355395
537.2,160.01472625037675,144.72800515592104
537.25,151.2090601839964,132.52094963592884
537.3000000000001,146.6910542123997,142.12080325758708
537.35,136.33544848197377,157.18938160746387
537.4,135.71285984139263,143.87496526579616
537.45,134.55466403657437,136.1853314838565
537.5,128.1633526607496,125.35467116320794
537.5500000000001,135.24133495482766,153.27191901023872
537.6,138.1492920332744,151.46081228855923
537.65,138.78464592892038,138.91428543161234
537.7,135.34183198197343,138.78671862028278
537.75,141.6479334571845,147.85654293835185
537.8000000000001,145.3996542501924,157.00878245896143
537.85,143.5998713799749,155.20835881502222
537.9,139.40710915177416,160.40749762257542
537.95,137.74294143654282,152.78854643034595
538.0,127.61578217627127,130.45289924984482
538.0500000000001,104.46553020655229,125.36144857300809
538.1,96.61555287346316,113.63388025271821
538.15,92.82024901329872,107.74189537432632
538.2,91.80989432997153,110.75253425830999
538.25,78.88572573445298,103.07737346565473
538.3000000000001,79.45058259797504,85.46377721937988
538.35,76.7377651340783,80.84908285568534
538.4,77.84964618735827,71.04861684846773
538.45,65.75137397598131,77.67643638055982
538.5,63.18783211782034,71.27077107422636
538.5500000000001,67.95254908352514,53.836189241980215
538.6,64.06313348974568,52.95441643779517
538.65,69.30559604406272,51.49813091749689
538.7,76.85289683480457,84.68305230222214
538.75,75.51242759401259,84.15158625132385
538.8000000000001,75.25689886907868,88.70919709666863
538.85,78.63783517852501,85.72473204250946
538.9,67.22765758257387,69.25110995654492
538.95,70.81205149574188,103.65190611094519
539.0,62.56642463280182,80.78412918876057
539.0500000000001,57.829153876717974,45.184762676366994
539.1,68.57458766497953,38.7911308126872
539.15,79.08264089196183,55.20125365281776
539.2,81.39437280752948,83.74506444614381
539.25,85.9659752603985,79.00729328713697
539.3000000000001,80.88398512831198,87.37732104208717
539.35,87.87286348745809,100.5477862101918
539.4,81.63590607414179,87.74096228282826
539.45,83.65863942413823,98.77205735267002
539.5,81.01243614042394,114.88648248259855
539.5500000000001,72.83767223371375,94.0778066776874
539.6,79.69614591630227,84.28688519167225
539.65,67.57757971612045,84.0785480100813
539.7,64.6743463312631,87.5577066643136
539.75,65.76084538090298,98.50125957845667
539.8000000000001,65.19664804633226,100.95845483326748
539.85,68.45602861727014,75.82418356183611
539.9,74.73756466475334,64.17703802273796
539.95,74.56220172747352,64.57818140549392
540.0,70.81966835438327,74.21628170864521
540.0500000000001,75.64954586639357,70.27992473240278
540.1,73.6740690342572,70.00484903548227
540.15,64.50036330563661,70.19594995759613
540.2,45.994949518240105,62.7079030255833
540.25,45.312299006394326,42.3884952693446
540.3000000000001,43.17085752117753,28.013565376689446
540.35,38.942558836702794,64.68739242211649
540.4,26.979837089200362,39.041633734453065
540.45,11.956992244183205,22.046204797864767
540.5,17.683637182339336,22.53126980574978
540.5500000000001,12.320447964132272,14.831618910062579
540.6,2.996596115034267,12.76387385434034
540.65,0.10031804894034908,12.769716456454475
540.7,12.561726664894383,12.117035758368353
540.75,15.478482845293827,-4.675329030712178
540.8000000000001,12.556672989523495,-6.075668481722656
540.85,11.62809775380336,-3.872063173037455
540.9,2.9136201215230204,14.427904286477688
540.95,-0.22003127264354572,13.053930038016016
541.0,0.8074588221217063,0.12363068835132283
541.0500000000001,-7.557415912076896,-1.8930155989212267
541.1,-19.19625762890115,0.7788476135839858
541.15,-41.55630621055982,1.4742676927077931
541.2,-57.214231757574524,-23.053096178328357
541.25,-57.088110220880964,-50.86482384399847
541.3000000000001,-49.81552591639765,-57.00366859181753
541.35,-56.09111883684472,-96.18515064638342
541.4,-64.53555090670424,-80.7490366419006
541.45,-64.69250549230016,-54.4581403816694
541.5,-58.15942682924253,-56.389294585767594
541.5500000000001,-62.9401837280306,-58.588198654274315
541.6,-66.95197882025138,-61.14483195007932
541.65,-65.05588689117145,-58.332283256648225
541.7,-61.96827909628633,-56.43876235393123
541.75,-58.1980488889525,-43.48931553935075
541.8000000000001,-51.944492985813056,-16.190459851632784
541.85,-57.51117996601147,-50.50945486774259
541.9,-75.66390116992274,-68.32837660528652
541.95,-77.77441626279682,-88.6658085737959
542.0,-74.13357904109658,-88.79073433871729
542.0500000000001,-81.05227488806942,-88.30409075509421
542.1,-85.254201979988,-89.01982381332746
542.15,-85.29289877449077,-80.48500600202973
542.2,-88.38686812108295,-82.2882191141626
542.25,-84.71749289645048,-90.3952349152703
542.3000000000001,-99.14210816001828,-73.61191000953309
542.35,-100.1103065740426,-86.11792902363412
542.4,-91.22435379102335,-105.6945011471449
542.45,-86.28526518289641,-98.23053100698576
542.5,-82.75062738909669,-82.21483555680544
542.5500000000001,-83.23291031991526,-91.5192522560783
542.6,-89.09062736567921,-96.99070825623068
542.65,-82.64967576906876,-86.30617871214014
542.7,-87.53553471744137,-114.61350703857472
542.75,-99.63718866382052,-114.8651521131217
542.8000000000001,-110.01074611510975,-92.57546739206558
542.85,-106.38841579464857,-103.97267160030324
542.9,-109.3407422206471,-96.06629010372944
542.95,-106.80444332957784,-91.40439747027057
543.0,-97.79427446253041,-83.10983226609433
543.0500000000001,-99.26211053306555,-95.21653226134295
543.1,-94.63222828910428,-111.47860334312008
543.15,-91.29676319358364,-101.33353856743236
543.2,-97.9288018425402,-103.64853951521626
543.25,-107.70929859015236,-99.2717158634588
543.3000000000001,-114.4848813751602,-110.29282139921517
543.35,-111.44414508328535,-111.93607060431835
543.4,-108.06887927970583,-109.61160118868176
543.45,-93.42971952681758,-117.64079850880749
543.5,-89.75799043716792,-94.49784229591353
543.5500000000001,-88.02212897261872,-75.12088331349013
543.6,-97.65816002013469,-73.75631772421129
543.65,-96.66041381067109,-94.43883935632292
543.7,-90.20006669089612,-93.06241296337089
543.75,-96.1060085594108,-82.13183636363038
543.8000000000001,-91.14176117302846,-129.60781367688423
543.85,-85.41341375938724,-103.47689798917354
543.9,-83.31457673537315,-69.27446793109479
543.95,-69.49857725727357,-86.15711958827198
544.0,-60.613551279371315,-79.70389346241096
544.0500000000001,-47.52196752161553,-49.47255540942333
544.1,-41.835540259480375,-45.15500354165559
544.15,-37.776795446231226,-36.656296151448075
544.2,-15.491802903986517,-49.90459535229531
544.25,-13.748439765101748,-39.37464110118133
544.3000000000001,-14.45863151347038,-2.9584534535171
544.35,-22.540203021808438,7.532529588773395
544.4,-29.750843197353483,-20.709526865704504
544.45,-26.736386536633912,-31.753683728729698
544.5,-20.125747297951307,-26.73998346195871
544.5500000000001,-9.668948645719105,-9.688269247865433
544.6,0.6035956261086047,1.195020958648258
544.65,7.842836075340273,-2.50389480149895
544.7,1.658651666080656,1.1958680122803946
544.75,-14.130143078708427,18.67732270662624
544.8000000000001,-29.88156919932713,2.732541653855557
544.85,-35.82434939475949,-27.536553362921325
544.9,-34.64273616593609,-21.831624801563898
544.95,-43.137291188812476,-24.16055123151822
545.0,-51.77820447770084,-45.308806420137834
545.0500000000001,-60.34545861299203,-68.27328805633758
545.1,-58.288899810398284,-54.13091462040891
545.15,-46.636331259920304,-48.965998672292436
545.2,-48.638062394341226,-45.277283559951954
545.25,-50.38815414348416,-44.84929528912253
545.3000000000001,-58.054232819303955,-54.10225603192909
545.35,-70.65499439757512,-46.679642492626776
545.4,-73.50449584365181,-60.92475190400122
545.45,-72.79542012654092,-74.2141527854419
545.5,-68.29078060485355,-85.58675469966215
545.5500000000001,-69.20609768708795,-99.21610452888783
545.6,-72.89512103865842,-98.35309960948496
545.65,-82.93060500065695,-73.46271186801306
545.7,-85.2759443525301,-62.99627290922679
545.75,-84.05971656289992,-81.09344848336197
545.8000000000001,-79.53641042513522,-97.73624345133842
545.85,-83.07365124362953,-96.58160220766659
545.9,-81.81844609906375,-86.54253368093059
545.95,-83.35549387086384,-71.20740770225261
546.0,-84.11554201797335,-67.35491186888711
546.0500000000001,-85.6983204157481,-63.894764459526165
546.1,-79.02275733939128,-75.61816629156601
546.15,-75.66498763010041,-72.08168075741051
546.2,-78.10873120001978,-71.22931123893855
546.25,-79.44432657168267,-59.698652108081625
546.3000000000001,-80.75856923945776,-58.81762100781129
546.35,-92.6069592953704,-58.7507612549251
546.4,-94.42300575908818,-78.02621041892125
546.45,-88.27793088251005,-97.72581881325131
546.5,-86.94381654017974,-88.55554092241054
546.5500000000001,-80.14477722212007,-75.76568357335722
546.6,-78.39007563370674,-56.614356806602956
546.65,-79.76056068054523,-67.6380522156938
546.7,-77.90428319597679,-76.74873042123322
546.75,-73.86493417753432,-79.21774359502167
546.8000000000001,-80.27662619902277,-84.01779100691202
546.85,-74.19732551127194,-85.866018856221
546.9,-63.84925465108926,-78.40200188150762
546.95,-71.78278246151584,-60.60991615993781
547.0,-72.05242158272253,-55.088184755800086
547.0500000000001,-72.56460441853251,-59.28659665580664
547.1,-81.5002816569226,-55.3470970623851
547.15,-93.89365230564981,-74.10998910546574
547.2,-91.75059560611048,-83.87475642442183
547.25,-89.08243957654307,-63.185331203855156
547.3000000000001,-89.74038692027862,-67.77913966066308
547.35,-83.41388934527419,-102.24897215972528
547.4,-77.72028223141767,-96.54304916504927
547.45,-77.8428376245397,-73.9462264579462
547.5,-76.4345051375674,-42.124708174147024
547.5500000000001,-73.6143619986768,-91.83163569393345
547.6,-78.41824217798825,-92.59509423977595
547.65,-81.28331308225347,-78.92801228436242
547.7,-88.10767594220229,-106.66195900789691
547.75,-96.64893987038967,-106.06791281062428
547.8000000000001,-107.42028099119865,-82.33623989930194
547.85,-112.03178982189067,-88.13125240846641
547.9,-123.60464207816698,-104.54415437689171
547.95,-122.95970524212746,-117.78304874676815
548.0,-118.58986881142788,-106.90703533625845
548.0500000000001,-113.39599604631444,-111.73253304966465
548.1,-112.00270425049483,-132.68692426695424
548.15,-114.99942986317295,-122.80477594337346
548.2,-121.04856535102134,-103.6430695031292
548.25,-117.94740335851797,-114.62194793292807
548.3000000000001,-119.20740426734086,-113.76984008708831
548.35,-119.86700733022626,-108.93857816415253
548.4,-129.36274163019954,-109.49846455940104
548.45,-134.97745735682784,-110.29028897514058
548.5,-137.87746578891654,-127.62492314949401
548.5500000000001,-147.5304901983269,-135.94316607194023
548.6,-154.13751712177117,-130.8470811596841
548.65,-157.8433781880298,-160.38289502048926
548.7,-153.8034659052255,-170.6132024146744
548.75,-158.65586603775634,-153.72686013785287
548.8000000000001,-149.1902016826778,-157.49260423082328
548.85,-145.16441629929298,-125.81474472865298
548.9,-134.57104560734535,-125.89927634658247
548.95,-134.60229651763842,-166.6959549570807
549.0,-126.81185803066055,-168.7264938775783
549.0500000000001,-123.2319079127317,-151.5593824310102
549.1,-113.41174251857177,-130.98903783833222
549.15,-108.21867865925702,-110.02536748021406
549.2,-113.03131782241816,-111.25161513270146
549.25,-110.29839396102363,-120.48609943677049
549.3000000000001,-101.79527978344412,-113.14381974466114
549.35,-96.03029519504413,-110.76461310712327
549.4,-87.84200428546477,-107.30244907613816
549.45,-85.61059516111176,-84.09567552446403
549.5,-96.57292270497759,-91.25926419551274
549.5500000000001,-91.95071453332824,-102.19931705444019
549.6,-99.97552311375883,-86.72209682829467
549.65,-99.25454573927873,-89.04769906330543
549.7,-93.27476281324482,-98.6199804174265
549.75,-91.48361923833039,-90.25920526110185
549.8000000000001,-92.45294847665811,-88.87409645090486
549.85,-103.01266841416387,-100.9700875007986
549.9,-108.57453791072459,-112.09279391379316
549.95,-109.93593695033402,-100.57298319074798
550.0,-103.66862807979074,-94.01859088159895
550.0500000000001,-99.06784808179607,-101.72984665298128
550.1,-97.75077854438828,-101.77792975134722
550.15,-98.19477065943094,-97.88034959593006
550.2,-87.16468266666159,-117.44926104974853
550.25,-85.23480097448349,-94.74391936595259
550.3000000000001,-77.84401110388151,-80.10531344841222
550.35,-75.32145708370962,-74.5771164983764
550.4,-70.05015408653557,-70.66579167217596
550.45,-67.37214273841646,-72.62153992114686
550.5,-74.18538624996602,-65.70319806593609
550.5500000000001,-73.71996961048524,-56.9779891692338
550.6,-81.14352658154895,-69.12776973138101
550.65,-80.70181211302328,-91.19838919602074
550.7,-81.9301537541703,-84.78565067002152
550.75,-95.28014785040058,-90.64833804742817
550.8000000000001,-101.40185848429128,-90.00290247099358
550.85,-111.03265884640696,-92.28155365509
550.9,-103.4438204307003,-113.33642640422114
550.95,-99.75447028691742,-99.48308053472158
551.0,-100.34642073470013,-61.74624838110422
551.0500000000001,-98.93800256107201,-75.6878743275221
551.1,-99.48543116886398,-116.8440577052964
551.15,-99.26727445400915,-114.05849045355181
551.2,-95.44477273972667,-112.10115369507837
551.25,-94.29086293490916,-111.90493173698661
551.3000000000001,-99.18618380174853,-119.38363536829495
551.35,-96.79934407580139,-122.6766468289397
551.4,-90.19536202243725,-116.28998603550089
551.45,-84.57919130775171,-108.65265007661807
551.5,-86.34090732141104,-88.16717257558551
551.5500000000001,-79.56336175970961,-82.54106696041727
551.6,-66.18136972121012,-77.88962285374866
551.65,-57.00656149364341,-60.66786547084865
551.7,-50.73896145078871,-35.34720139964913
551.75,-46.0730872341445,-48.98837293885354
551.8000000000001,-52.30353522522609,-53.74620271083082
551.85,-58.930172657237264,-36.207850209170715
551.9,-63.89946703277147,-40.79854721867125
551.95,-58.87160127072417,-38.068884144496934
552.0,-52.03155344511379,-53.222954585085056
552.0500000000001,-51.74031092211168,-74.74855837009436
552.1,-43.740518397992325,-44.53833401504349
552.15,-34.317218534774454,-33.72328326243932
552.2,-31.261862996940657,-37.35636838902339
552.25,-41.06458521146232,-22.895232379523424
552.3000000000001,-46.2548968985585,-15.002457547926353
552.35,-48.982192854214475,-22.01029018661209
552.4,-51.51666366570143,-32.07498485955781
552.45,-50.892893596879,-36.25624284396559
552.5,-54.10433486744919,-44.3566243852209
552.5500000000001,-61.34333166722805,-61.419400879347
552.6,-73.7708927779106,-48.57612040845947
552.65,-78.96193802976883,-44.53344541107236
552.7,-83.84192445234972,-67.07550542542121
552.75,-86.51503031099202,-91.07392907770428
552.8000000000001,-77.09758877355452,-101.6919129119089
552.85,-70.75342381305148,-79.21143849631964
552.9,-59.97379150196462,-64.54396562858906
552.95,-63.34243056097455,-68.89147948016982
553.0,-70.33214751508645,-72.72689270584767
553.0500000000001,-72.09478708982499,-69.9828788685324
553.1,-65.95787360749036,-58.81447322318583
553.15,-73.11956743306843,-61.52979091865537
553.2,-72.94846366747367,-60.912668459212405
553.25,-64.60257463099975,-42.858347334938315
553.3000000000001,-64.78256952660504,-77.94523496433482
553.35,-74.80704729676853,-97.21254698196805
553.4,-83.4460690649785,-77.56270753867604
553.45,-81.16656675788752,-75.49771905050385
553.5,-83.63930641147425,-76.72148218343828
553.5500000000001,-90.2813295896918,-75.4243701181715
553.6,-90.40875316378298,-75.89314378850077
553.65,-102.49203335430259,-79.3112813385291
553.7,-106.57139505064845,-114.40445619472844
553.75,-99.36313708770616,-127.7774527351293
553.8000000000001,-94.9875424974462,-95.22026904916423
553.85,-85.37274306282498,-87.66358684792901
553.9,-73.43692936487595,-95.57933149952136
553.95,-68.47368298794537,-69.10104791500416
554.0,-64.60412452989334,-60.983361732527584
554.0500000000001,-52.95621085230051,-61.14736407189707
554.1,-46.515162048375394,-42.43967842806704
554.15,-46.31512502755511,-50.81428456048777
554.2,-34.57384968927846,-44.31849667794574
554.25,-32.694159844799124,-38.568319914396554
554.3000000000001,-35.95420953822839,-33.81732837685477
554.35,-40.4334765185838,-20.738268565439007
554.4,-43.39583970651905,-43.65052304712919
554.45,-46.58533970810815,-52.35569027013872
554.5,-41.869593717854926,-57.21934952003223
554.5500000000001,-26.551637419428385,-61.95163830575711
554.6,-13.690116085578179,-54.43092939199042
554.65,-15.36572757332535,-36.978369920058164
554.7,-14.063444202389457,-20.1402268648422
554.75,-21.711036303146454,-13.72854757475153
554.8000000000001,-26.49701907566454,-12.463755307954154
554.85,-37.960057670842964,-3.6971053311079554
554.9,-37.77949880452264,-25.57845049392216
554.95,-36.614510222485144,-43.4258059178658
555.0,-39.4358697675469,-21.994276991359776
555.0500000000001,-19.730840063467248,-30.636520068664254
555.1,-2.5333782192940437,1.8926455698386395
555.15,6.694131219382851,14.407007344731309
555.2,2.1340515142173473,8.937946922019508
555.25,-1.557531520985326,3.405203637673908
555.3000000000001,-12.041381716012562,-18.187158056295132
555.35,-20.041776949140736,-23.725425179943688
555.4,-28.890260417523855,-33.99018212244836
555.45,-30.66137241027326,-27.02246964162965
555.5,-32.7134468739222,-10.809888508911401
555.5500000000001,-42.16969510732413,-19.458888420133142
555.6,-52.36555699419037,-38.665401407543676
555.65,-58.73155343350728,-36.65813570940053
555.7,-57.452059198650154,-43.35814704415827
555.75,-58.18382048731287,-67.33442398442452
555.8000000000001,-61.57845011719262,-69.67158932356962
555.85,-64.47337502067842,-66.61379157649459
555.9,-59.37260242590752,-65.21323139440274
555.95,-54.26573814148673,-57.56811353733382
556.0,-40.543754388253674,-54.929434667633366
556.0500000000001,-42.53842985020139,-55.69362191017636
556.1,-29.034854836893345,-67.6636398180764
556.15,-21.991717859051256,-40.12120152287855
556.2,-23.248966179675165,-17.89531504448087
556.25,-27.755321950039267,-18.464326980836486
556.3000000000001,-32.63393920498791,-19.57643180414582
556.35,-30.409491943151625,-21.70405300245985
556.4,-36.291472446837886,-24.747693033344543
556.45,-36.07694639007138,-23.333780392203128
556.5,-36.359957233200404,-37.33494587000307
556.5500000000001,-48.11734436939491,-31.337384172993453
556.6,-50.21655099879912,-29.92091086027253
556.65,-44.81377262135335,-53.40288103192699
556.7,-52.684755009764146,-38.43242641876574
556.75,-50.80707268453232,-38.756747094873106
556.8000000000001,-42.14651661763015,-57.70224997835078
556.85,-30.768790777605094,-57.648176787297324
556.9,-39.16999740419555,-35.55429396333925
556.95,-54.23591569644111,-33.20759473288515
557.0,-63.70868239537504,-63.32650200936788
557.0500000000001,-76.59202409072215,-51.04297262229271
557.1,-84.29562722021261,-42.79358777752288
557.15,-102.97808668189916,-75.2788072125209
557.2,-105.32920123848382,-100.91584292000462
557.25,-104.25173682316395,-106.42740357024043
557.3000000000001,-109.42107049886066,-82.13885697026132
557.35,-96.91884083305204,-94.80229968618801
557.4,-92.01107714554594,-93.93562763519702
557.45,-82.63258905023861,-88.40869758695362
557.5,-76.03869666582416,-104.59428579698269
557.5500000000001,-65.71013279289082,-71.04652246595363
557.6,-71.88117942191637,-59.886081207144095
557.65,-83.19488825319412,-74.42034984560665
557.7,-95.08249854620448,-80.56598580824415
557.75,-95.91436803643583,-86.63317604518504
557.8000000000001,-109.89741149910978,-92.29720392185557
557.85,-123.56426146306482,-92.97784156362968
557.9,-128.59708842593272,-110.09620894600963
557.95,-139.01738545443544,-109.93916834309046
558.0,-134.5285754745644,-121.64963896039791
558.0500000000001,-137.47860031152143,-122.61047506648008
558.1,-127.44200431524462,-135.73397754087156
558.15,-120.10075858837241,-156.68289050600524
558.2,-115.395252449073,-116.76411650263685
558.25,-120.70702425464805,-106.0441466042994
558.3000000000001,-122.38750042410314,-117.76049021141753
558.35,-115.30646944057604,-119.98544622753592
558.4,-116.94808973747193,-105.21377541059026
558.45,-110.23616123556981,-105.35810858997802
558.5,-96.25339938535053,-106.27120068988937
558.5500000000001,-85.62989789848578,-103.91415648806934
558.6,-88.30946105749585,-106.53429346009119
558.65,-78.60090025779769,-97.01009792905337
558.7,-76.16998013747194,-79.56275394384502
558.75,-72.64065840372109,-85.04736240853002
558.8000000000001,-74.71600047541146,-62.67967628187771
558.85,-77.3926201560448,-50.57356045920919
558.9,-75.18986033042393,-77.53869604173148
558.95,-71.39690345712437,-91.2339256969015
559.0,-67.71448800692528,-74.12096770114378
559.0500000000001,-61.27726964256582,-61.442055404808876
559.1,-54.28817467780127,-67.35959337424238
559.15,-54.44386054643482,-59.999997363020036
559.2,-55.61581791074494,-39.65453209715895
559.25,-57.18973249573387,-71.50742733731167
559.3000000000001,-62.749368372346005,-63.46942752156921
559.35,-69.4387640123125,-28.058107698264003
559.4,-71.9538462248545,-53.95749901597641
559.45,-63.33894627486388,-96.03315881935902
559.5,-67.36671096364024,-90.88611262699597
559.5500000000001,-71.97162976110704,-53.67114964725273
559.6,-80.37803022675322,-56.66189958792971
559.65,-81.03070569550864,-61.61925370619818
559.7,-77.07029682168526,-68.23178236883643
559.75,-78.307210962612,-99.44776482005003
559.8000000000001,-86.17463487345562,-81.62558871688306
559.85,-91.12214801338283,-82.39833529814814
559.9,-111.76414638751939,-87.64026171964302
559.95,-118.25911258796688,-118.5279431139212
560.0,-125.56429012425531,-132.10454947807673
560.0500000000001,-133.28575154861792,-116.65335501416887
560.1,-135.56571992321454,-129.85878378019365
560.15,-147.22447230973725,-142.8238558318856
560.2,-147.39962989403867,-139.23663654028428
560.25,-146.55585038557504,-142.5022379534749
560.3000000000001,-146.89769865568073,-149.23602143146763
560.35,-143.69133581920238,-151.7115033532175
560.4,-139.2611438286972,-154.1037495337277
560.45,-127.96820738405448,-145.10118209315317
560.5,-129.87894031841378,-120.13138463127241
560.5500000000001,-128.93868822242345,-116.01666392379434
560.6,-128.97472687635917,-113.01411022342607
560.65,-126.15415735276638,-108.78415808111156
560.7,-121.6485584898393,-111.36020964512122
560.75,-118.37108411730685,-118.26224739278469
560.8000000000001,-120.7543080333133,-129.21536174381004
560.85,-116.23811806284826,-118.24912066118898
560.9,-125.52721261520571,-96.90829897632882
560.95,-130.10454123768886,-115.09856901476735
561.0,-131.84250586951543,-127.55905666713711
561.0500000000001,-142.73966930044915,-132.53283859742592
561.1,-151.74063164457706,-143.5921269199561
561.15,-155.67260552984638,-141.30659730621247
561.2,-159.02077613550105,-147.0257502710627
561.25,-162.02363898896647,-176.20197670705116
561.3000000000001,-169.50130440832632,177.2014608137483
561.35,-172.75957709799076,-136.89971899364502
561.4,-160.26399082661183,-138.13687676455783
561.45,-152.03278290051733,-163.23390381824265
561.5,-140.23980254345244,-151.7579648094253
561.5500000000001,-133.42385629927819,-147.25073476841018
561.6,-128.93861332531569,-140.67782081301152
561.65,-125.2489234000819,-130.89437135487313
561.7,-126.62121503984126,-120.02362848774209
561.75,-130.72750847456473,-118.37999149999592
561.8000000000001,-126.6798315604949,-124.65406272381401
561.85,-122.51075600518242,-128.34520518150953
561.9,-125.85532053818999,-137.16279981654588
561.95,-125.71139761068342,-133.38829077309325
562.0,-129.48031579812712,-102.67164131972481
562.0500000000001,-131.7998451351348,-101.35823552874487
562.1,-130.74528356538357,-123.65528353948723
562.15,-127.1894501534463,-127.0238511105287
562.2,-125.38792281288829,-131.86699662122325
562.25,-122.46415783274561,-133.08585116182593
562.3000000000001,-116.11959310566105,-117.47723213992997
562.35,-120.1863439259753,-117.90677509931564
562.4,-123.38142109882351,-117.08375618882555
562.45,-134.6390803845452,-108.14218199480628
562.5,-130.64365358551282,-136.4833903946496
562.5500000000001,-135.83753493052095,-144.15048600080277
562.6,-137.2262957622294,-139.54187061449497
562.65,-136.68680095950904,-141.26376032260168
562.7,-134.95196453654617,-124.70133007137109
562.75,-135.24620786845787,-130.03654929058564
562.8000000000001,-140.21131059352237,-129.16430344796717
562.85,-144.0406348498116,-120.28245338561335
562.9,-150.8301479522412,-135.91911857404497
562.95,-144.69161503101722,-166.224553137939
563.0,-138.7737687549433,-171.82295125510717
563.0500000000001,-144.38652753415008,-157.89678899683463
563.1,-147.3484709174977,-162.0835017034697
563.15,-147.72797351705168,-143.54028445930885
563.2,-140.9248863309177,-155.5666250659877
563.25,-135.6256976453465,-179.99495687305375
563.3000000000001,-135.58664335855212,-171.24102063775345
563.35,-133.1452764889631,-135.1623708737269
563.4,-133.27942582738123,-118.83814373938594
563.45,-133.36802237790687,-133.64727985897787
563.5,-136.62766001759235,-140.20443021384068
563.5500000000001,-143.41760646028376,-134.06721533808607
563.6,-139.31725839748577,-134.02837148311565
563.65,-147.3547966748323,-142.25846626072777
563.7,-155.7656930658362,-163.51694579124552
563.75,-159.99652574801206,-171.49165256141936
563.8000000000001,-158.6432063353298,-173.65989441935517
563.85,-164.3798686230591,-167.73732778670555
563.9,-166.2537772781107,-170.05721517680257
563.95,-170.54403070997267,-153.34613399500296
564.0,-173.89990066748996,-135.03913827846768
564.0500000000001,-168.91671200658163,-146.42831076538954
564.1,-167.57667139493577,-170.9413950961099
564.15,-167.52061344148137,-168.33091643922393
564.2,-177.0476875673193,-160.7559347249427
564.25,172.7685733287182,-170.01340832546302
564.3000000000001,171.2896749295395,-178.15567154828605
564.35,173.9787728852386,167.27307582722815
564.4,176.57232371270754,174.3495002878033
564.45,178.2168568986178,176.42411061005592
564.5,165.9075679693704,170.42000278647174
564.5500000000001,156.96731640080955,165.29592309792008
564.6,147.5155196956492,133.83362173997597
564.65,144.94424268449708,125.7095102160112
564.7,130.57581356278962,177.61676013191166
564.75,125.71971170567195,161.44860529405588
564.8000000000001,121.99635796477385,132.5937012506777
564.85,124.47258724287182,114.76829656524687
564.9,129.2527820690539,111.14617392265811
564.95,130.79242990955456,115.262890847848
565.0,128.96372859472825,118.35328186568171
565.0500000000001,132.96561993969706,123.9584170357599
565.1,150.7486426542776,133.79901931503426
565.15,161.57936694981498,142.78582550111312
565.2,175.03200733000452,154.23794154695054
565.25,-177.6721266375482,171.18160840371812
565.3000000000001,-171.64845711470753,-169.32365609899685
565.35,-163.56226677294416,-169.68164524600232
565.4,-149.74909760778294,-163.3935681812148
565.45,-143.00450109128286,-145.53645497982154
565.5,-135.60072688486343,-154.17588778211947
565.5500000000001,-134.75102346692458,-153.93188976866122
565.6,-123.01314824241574,-142.91947199332293
565.65,-112.15199875439484,-136.2124168736095
565.7,-97.0543925577043,-114.16031082307673
565.75,-95.47960238117253,-103.86847905335567
565.8000000000001,-92.35568272872356,-81.0175915500347
565.85,-86.94033273905508,-68.52397088515043
565.9,-81.9625479509413,-69.41464177516411
565.95,-71.1344316728418,-89.69313415721322
566.0,-56.3346058799304,-79.42303451649819
566.0500000000001,-56.44377939018099,-65.03562220204495
566.1,-57.32265428488061,-67.65143041728476
566.15,-59.647684118491995,-63.54137684178154
566.2,-49.63397249389939,-52.89473991268566
566.25,-45.290835412434106,-50.51683450094569
566.3000000000001,-48.632123258158764,-40.43525290377272
566.35,-45.82063683991105,-25.913191698072687
566.4,-50.55023285788751,-42.389040440842585
566.45,-57.71255909106302,-47.55516472046739
566.5,-58.95954257010369,-52.88524404588945
566.5500000000001,-57.73152804085521,-57.3225367624842
566.6,-40.219673890739934,-60.65388559121261
566.65,-48.92243228355155,-61.27432611817841
566.7,-42.50856402534127,-37.74346204148225
566.75,-30.31806090563815,-39.90383406601191
566.8000000000001,-25.855463508048448,-34.66781573625195
566.85,-19.015080424487806,-28.35702902472551
566.9,-15.964670916272524,-38.01216777758611
566.95,-13.33392595131141,-19.514282387138227
567.0,-21.763752286011435,-17.22045009374814
567.0500000000001,-21.987053361982692,-12.821525638617327
567.1,-15.631763342778719,-8.687027783655095
567.15,-17.699790365896128,-19.700602969003622
567.2,-24.815916614600695,-28.885868007145405
567.25,-21.635231821108558,-33.23025834523244
567.3000000000001,-20.205246074697452,-23.324983077011183
567.35,-19.49468100640652,-18.94731749396349
567.4,-19.164465054598317,-44.55849434146298
567.45,-19.23135120116618,-37.94029136931556
567.5,-24.914296072736285,-27.125267477351
567.5500000000001,-19.98735680679189,-7.689234679741524
567.6,-14.678860386660572,-7.096022933691385
567.65,-9.780167617968782,-32.2576141541005
567.7,-20.130417199783945,-29.334785725559357
567.75,-35.85739638873724,-13.921473011631441
567.8000000000001,-44.588127185821676,-21.121336011133856
567.85,-53.64081777884309,-30.2175288942575
567.9,-50.820460060067276,-47.96379367620378
567.95,-45.47860331770252,-51.5240166519839
568.0,-39.90868791440396,-34.81707275736027
568.0500000000001,-26.08122795864072,-40.359117797411024
568.1,-21.368600315331538,-38.624708310783085
568.15,-23.574419246131583,-16.953278312000286
568.2,-24.701036259443768,-25.329116685876475
568.25,-27.659202496765058,-24.11485046651535
568.3000000000001,-42.62753691947414,-12.707145088043797
568.35,-44.14899046748817,-30.655152134353116
568.4,-44.61205734349974,-43.61036781259956
568.45,-35.49323001529875,-52.3826696535212
568.5,-31.027749933106968,-69.76385252477783
568.5500000000001,-29.390082554237356,-50.51827052752278
568.6,-19.698924319210285,-46.073811257917406
568.65,-17.849733156304364,-41.402036828476604
568.7,-11.823286750239951,-13.044064809748585
568.75,-8.883583362888702,-4.568417285651433
568.8000000000001,-5.64388701614453,-9.001636452897555
568.85,-3.9151639612805456,-2.6335607636565754
568.9,6.514911119971668,2.8409788781479826
568.95,18.77772169445901,9.720295503284559
569.0,27.239100458981905,15.425610912775845
569.0500000000001,21.513612476560287,18.225612331945392
569.1,13.094129538176754,23.895206717327437
569.15,-0.974898202964542,29.083028770030722
569.2,4.5102001446839015,10.985163764697424
569.25,4.745911380104132,-6.71901951661028
569.3000000000001,7.447829280163524,-1.1946541992654314
569.35,8.33567101268004,17.22881531085677
569.4,8.6670082291176,21.478276116933994
569.45,6.145790367308959,-1.9520963563058547
569.5,0.9287370605370203,-10.55369560433448
569.5500000000001,13.86441494055244,-2.8003620354421304
569.6,30.82875823187641,7.22818581855877
569.65,26.25459696363178,24.908228812229677
569.7,22.107140358621457,21.640121817204232
569.75,25.892261918750062,11.639477752377212
569.8000000000001,33.751817805310765,28.984717220842946
569.85,40.51856637034573,52.19993923085671
569.9,45.019801871547344,48.59421791602978
569.95,42.87291104140228,50.85058435000503
570.0,50.82375862673811,38.77802173466946
570.0500000000001,56.39923594719636,36.99085751626574
570.1,47.79249460374864,63.860213012341404
570.15,29.998406968809647,60.596376319854166
570.2,19.167835057005515,26.75151617514876
570.25,16.260370907368635,22.984312385055187
570.3000000000001,11.070609274751245,21.080230125482913
570.35,4.11198729461781,4.89557305012098
570.4,-10.120530204369368,4.138039087584946
570.45,-21.16850507480008,-16.75298572243391
570.5,-31.142917308693107,-36.29505288888552
570.5500000000001,-23.989097231634886,-37.798304456516846
570.6,-25.091589103686214,-9.45260416824561
570.65,-19.82305353858937,-29.90688806733868
570.7,-12.51619339334502,-38.163016490756824
570.75,1.2885503405478915,-0.4539880548996312
570.8000000000001,5.40315886989314,-1.6650755384112634
570.85,10.249364346087273,0.524024185900949
570.9,21.698175003933184,10.482468583498067
570.95,24.82404486498017,18.841355922802784
571.0,22.01281348056261,33.524798551774694
571.0500000000001,30.36876342278805,41.39635636384231
571.1,40.10979659025808,35.35050216092284
571.15,42.80206736599189,28.304032788804072
571.2,43.55847258840131,52.85507334446398
571.25,50.32597882233497,67.65555498730973
571.3000000000001,58.80390528870872,54.33787627650514
571.35,67.4848439229558,56.18639112033385
571.4,73.5423158979236,78.88190646951485
571.45,80.31803376556608,86.68059146145535
571.5,91.417025355731,82.47186105291651
571.5500000000001,88.87656515265381,80.67302142980715
571.6,74.0389449950513,93.27185200624928
571.65,64.295651434789,102.71256156043881
571.7,60.905577019234514,78.03899114142745
571.75,68.18415925398132,57.843694559280365
571.8000000000001,70.52336793744638,75.95427976072925
571.85,70.35308183288294,84.30796731997924
571.9,67.30424139009028,46.59745985171184
571.95,62.68078459069595,61.85389193564947
572.0,67.02163496263108,65.39391496234931
572.0500000000001,59.16256855690992,59.1341623562542
572.1,45.2422156239531,64.24049936883958
572.15,46.8159145033122,57.31143448756197
572.2,45.248428922901866,50.70832059949258
572.25,46.30630184561695,47.783704967659105
572.3000000000001,43.53780666853509,15.930792824109984
572.35,52.19672138427417,0.5030734404687652
572.4,48.90340934205501,55.99343311722516
572.45,44.91230452870592,58.36422842862652
572.5,46.06372242183142,50.959172278114
572.5500000000001,54.482462700568355,33.11722010246115
572.6,50.99600605173147,29.440037073252366
572.65,49.41233372582062,43.39158128758243
572.7,41.089147875580004,43.208984693603504
572.75,40.40233661425482,40.34535530099506
572.8000000000001,41.89935519667142,39.85428040226976
572.85,47.93923272335032,50.39282368742209
572.9,47.56217186233337,43.829912198604276
572.95,39.66970029233522,26.56010085399476
573.0,32.6377789771117,32.288345348757225
573.0500000000001,45.60873778087306,40.051732773811494
573.1,50.19480940766882,40.22317414447326
573.15,61.11413155836607,59.023191452023624
573.2,53.76251310405988,84.97920661317504
573.25,58.76380414234014,88.4222058092325
573.3000000000001,61.79558041924264,24.85125145460601
573.35,67.41266756379063,45.57255813632141
573.4,61.98393260727119,103.65182871008439
573.45,66.52016071797752,91.76580550335828
573.5,72.09626683928822,75.3629115430846
573.5500000000001,72.58800952044429,66.3223275002177
573.6,73.7075415469967,70.31261313522252
573.65,85.34248014268171,81.33436607596232
573.7,95.86801407059868,74.09622173596192
573.75,103.7876726806122,90.93158472427126
573.8000000000001,116.32413823124823,123.28971025990616
573.85,126.84877310032043,117.162468988707
573.9,138.37797065817168,108.68551924650849
573.95,131.202763431734,116.60985386731316
574.0,127.9938460345294,129.65649546872908
574.0500000000001,116.21324397910168,149.14678136317968
574.1,111.61784755499984,138.2958559056252
574.15,111.22045166123382,107.58885833454259
574.2,109.01766098736263,117.56479881462403
574.25,114.05876145722148,121.53632216274413
574.3000000000001,114.47334398109167,139.2301320102278
574.35,109.10078233660175,141.84426231999245
574.4,115.18908023917358,130.61499284434888
574.45,122.88531218210368,124.30207777560246
574.5,120.5523409411814,119.07844033182383
574.5500000000001,113.7269915202307,125.38296788337911
574.6,112.61332118419845,137.4116936793578
574.65,114.20505282908081,124.18803989098018
574.7,114.06063083783144,122.77813452291703
574.75,106.43277486332505,118.43493672796369
574.8000000000001,100.12798506598263,103.02372519781609
574.85,94.72313569482526,91.65950892371033
574.9,98.7238596087396,117.61299597694398
574.95,102.05930129969357,115.8745561521264
575.0,102.29908278735704,93.86661074321796
575.0500000000001,118.6176996736209,82.38166292963884
575.1,130.73638533680275,100.84818941797741
575.15,130.07138357780428,108.75698229745932
575.2,123.22647055974379,125.25991237014576
575.25,134.04224405716874,125.1263421324645
575.3000000000001,147.10686024368218,127.96110325204201
575.35,155.44125258400584,149.46397183367154
575.4,161.6152969272601,-176.64525636109232
575.45,162.88050666306304,177.18221463023522
575.5,154.4688927017542,162.51243204714135
575.5500000000001,142.45503746341694,156.65265000941358
575.6,137.78498894077268,142.35585513352598
575.65,124.11204145970416,133.70743153828857
575.7,120.00464045852483,143.53535397440265
575.75,120.02448215391097,126.842168288481
575.8000000000001,127.2052761573874,118.01119445074852
575.85,130.22287598679236,136.835143776359
575.9,139.13359106471023,145.09579686368008
575.95,151.4220300829261,115.15225346819652
576.0,151.62787993156658,123.35238163004026
576.0500000000001,144.32441287729813,144.66639314965633
576.1,125.43925497354225,148.29365423912242
576.15,117.43315085072526,149.05851969535462
576.2,116.63776298208522,140.4846285551847
576.25,131.52120815611545,126.33178149969424
576.3000000000001,128.17527196436637,127.09645129826015
576.35,130.942795879538,142.91145552697537
576.4,135.2367948369595,154.03020818382103
576.45,137.6580276131133,160.40042769746478
576.5,142.27713986306333,153.86599622081178
576.5500000000001,131.06786122463885,164.4684830496469
576.6,143.3371997469011,152.65461741261277
576.65,140.55749319957408,136.889039873644
576.7,148.77040256096723,118.36263594361012
576.75,164.02529266238218,141.5324856645194
576.8000000000001,163.63077369323653,173.58299244939593
576.85,158.05108961122514,-168.69064873751424
576.9,156.67857867182698,173.9398751743687
576.95,157.13030600325976,156.27810632073076
577.0,157.30448445208017,149.347199216896
577.0500000000001,152.48093116002093,156.8443642141319
577.1,152.69011015114646,171.19490127887588
577.15,152.15179465023357,160.4838209479791
577.2,139.57159956346197,166.1287557362955
577.25,134.66666414925552,152.5811011054083
577.3000000000001,127.15295401131642,114.97715636018675
577.35,132.2359058552676,121.19998648365183
577.4,124.4724458990535,137.91075689903784
577.45,113.43221977791822,137.3185889693187
577.5,109.1573383828899,116.83228607085029
577.5500000000001,98.74178959025615,106.66460639592566
577.6,91.2301690105554,106.9705322510788
577.65,90.32371978751073,94.28031194615755
577.7,84.79310940286867,97.94629778402283
577.75,79.8353620617317,117.08547688223706
577.8000000000001,72.28245273809321,107.64427375722482
577.85,60.890027996032984,57.83078398302769
577.9,58.62460670741956,49.717256918781345
577.95,52.43481115248893,53.699295489196196
578.0,39.76711345358445,40.761474037211975
578.0500000000001,45.93309853957151,41.390757202770324
578.1,50.10375397051021,34.74417556096946
578.15,60.42294347852218,29.278035885665414
578.2,68.58995637106146,46.91123072095647
578.25,71.83320129134076,60.145250166050715
578.3000000000001,85.96751387285414,79.63952777072606
578.35,90.37732665918587,110.25299346959432
578.4,83.45298483117884,98.19825635257365
578.45,86.76325412346539,84.90451577074289
578.5,85.50703610207326,82.0085388162426
578.5500000000001,89.84011216354737,77.91298413681703
578.6,86.03099330990136,70.85774247694026
578.65,81.91387265306405,80.65274911232719
578.7,78.45374361149221,92.11714222291499
578.75,76.87629921229187,82.44425689017748
578.8000000000001,85.6552781555985,72.3460635591591
578.85,87.74365974920313,77.29463289122214
578.9,90.61735625044977,82.78637058397437
578.95,92.23416673073778,81.50309997260791
579.0,89.44082318079268,68.02854475853941
579.0500000000001,84.90577728494324,74.06810467746988
579.1,88.62539842349106,96.9736953423877
579.15,98.4352283017738,89.07611117804554
579.2,104.9911693941985,95.09675869825404
579.25,102.84518490667594,101.62875900276946
579.3000000000001,95.96886239526351,102.48109049948086
579.35,96.97151569351364,98.39023672357607
579.4,100.61741021799696,108.19203276900203
579.45,107.08947744456499,88.854321019999
579.5,108.24923750324689,81.58520116780798
579.5500000000001,108.9136975748826,111.43108923658278
579.6,103.6298769220178,113.37105622182212
579.65,101.69386853908968,102.8681122204114
579.7,95.35519868106913,99.0526895892303
579.75,98.54445644916045,104.44684082465527
579.8000000000001,97.37278555845795,112.19181452512304
579.85,94.56933375605406,107.68007564656381
579.9,98.56530408085395,76.27416159872024
579.95,107.04672086005651,66.18078245372709
580.0,105.1336762364066,90.24059384020181
580.0500000000001,101.69753606789776,102.93199150587684
580.1,102.70979190287473,96.11181329625539
580.15,99.97566504901386,96.94439796417198
580.2,101.48590436561499,112.48586312266745
580.25,104.96034228242293,97.07920059581969
580.3000000000001,106.20783888564485,98.08133300595667
580.35,104.49859405730285,109.93658559841782
580.4,102.9984100637079,105.22200815536337
580.45,96.14988653701874,100.3417518340462
580.5,87.6419226834972,92.89580257888134
580.5500000000001,75.17590395268893,85.88017466753963
580.6,67.83526829917233,81.61207633890167
580.65,63.457257089023464,57.27246963662071
580.7,54.0430800998835,59.92185758745171
580.75,39.17576821452564,77.17182815797095
580.8000000000001,39.891880173165724,52.00362376438397
580.85,42.11474918498028,43.05632945033772
580.9,38.98366195116697,57.99588947180034
580.95,48.71088487222429,68.71930540788048
581.0,49.407729154621855,34.23808081108731
581.0500000000001,48.28588371969583,30.13044599135292
581.1,45.373086886241786,38.28191176125569
581.15,35.79670586061667,55.99718141138139
581.2,21.57753461615756,72.53960346307068
581.25,22.326903858988988,23.65396213497564
581.3000000000001,22.73644164094006,8.224123302575569
581.35,23.179292264333657,17.600460849528208
581.4,31.829237147144593,18.608399505483344
581.45,42.053881460129354,15.267320180561265
581.5,35.05437034039833,26.363003532052385
581.5500000000001,40.38023861992105,34.79834567672539
581.6,46.530141517315954,24.62205618788558
581.65,41.08413437112729,41.059259505173266
581.7,52.66576638223415,65.38193382193593
581.75,75.24279314257934,70.94319545188087
581.8000000000001,73.66100735973129,57.22850617791286
581.85,68.37244966686744,59.19628272221143
581.9,62.95220588720321,72.47292788623243
581.95,61.65085583276755,84.51733685201174
582.0,53.82776933299521,86.72217931049197
582.0500000000001,40.829272567717176,77.05598827859431
582.1,24.06112019686041,53.17287067750513
582.15,11.31083335268282,36.14732807256425
582.2,-0.007997540542382059,23.761830521493987
582.25,-2.168231445981222,-6.409006289525559
582.3000000000001,0.2685596663010338,-1.4701531514809254
582.35,3.7445693436104075,27.824137281471405
582.4,6.7308820166956425,43.693435738388914
582.45,0.2585610516860724,13.785368968055568
582.5,-9.610023948077902,11.576852472841749
582.5500000000001,-13.359538098504434,1.2860356552373557
582.6,-16.115959363462707,-23.47013539975153
582.65,-12.833197738751076,-29.495158821382603
582.7,-8.748535651261726,-28.615611325300513
582.75,-0.2851291053026348,-12.349424215601532
582.8000000000001,-0.7964798262464727,10.57344886826791
582.85,-8.497199747386285,14.730679340274941
582.9,-13.467083854178744,-14.422738068939413
582.95,-10.442655855370711,-27.98198394681347
583.0,-6.157658969350206,-17.372978013113595
583.0500000000001,-5.759355043498347,4.475601339294102
583.1,-0.33861724169215385,-1.8627351527462919
583.15,-3.180584994691784,-1.1306153691410044
583.2,-1.1703777982241923,8.308394238164267
583.25,-12.12241821035378,-3.8180959474736547
583.3000000000001,-18.21767870267002,-21.88860348119191
583.35,-15.352333798999412,-3.2747632886577964
583.4,-19.526533458126533,7.213430368583891
583.45,-10.450392761235694,-26.18846183355523
583.5,-6.224363872711855,-21.676319404301108
583.5500000000001,-5.605825017987843,0.49628615091763795
583.6,-3.9696026046847686,4.71802212553966
583.65,3.545724658379218,-0.34829804680443527
583.7,11.050633936947046,-1.818600975853915
583.75,2.66719550879627,4.283122370526464
583.8000000000001,-3.368413467405187,17.940089409823624
583.85,0.36320438702004265,7.9355234873234135
583.9,12.015562968173795,20.55642115878683
583.95,18.719463781063418,34.67831030744728
584.0,31.717773330237243,16.929693433817768
584.0500000000001,20.825222171318448,22.670919919173777
584.1,21.921553508229625,22.597502196067513
584.15,8.632408254808114,24.291222993501542
584.2,-2.4036934397692433,10.583377745756543
584.25,-18.215084427392142,-13.125848378782736
584.3000000000001,-17.50757062945817,-14.559553767819107
584.35,-19.37646903776519,-11.29129309016477
584.4,-23.602705235613836,-13.130359615081748
584.45,-22.06607098314372,-11.094380074096573
584.5,-12.010303774416132,-17.612572727076063
584.5500000000001,-11.948638598613755,-18.738457540632545
584.6,-16.799138543004148,-9.984694300810636
584.65,-13.911230324292326,-10.357913808593622
584.7,-15.919168530130982,-13.884988831223328
584.75,-23.04176729532297,-18.149311109754795
584.8000000000001,-24.03599478480863,-16.65121047889294
584.85,-20.6807959158356,-30.884230480396504
584.9,-22.888081574757276,-36.69111930611525
584.95,-12.82910863679855,-9.915139781053913
585.0,-10.967800697828935,-4.87274729307895
585.0500000000001,-19.139231507139332,-14.021668473690166
585.1,-26.956530333622037,-31.703578704088766
585.15,-21.188652208459132,-28.55309010694923
585.2,-15.974344906601177,-22.872311455245278
585.25,-4.974542133604031,-24.041222450774715
585.3000000000001,-0.26876986410844506,-22.93591254055108
585.35,9.169574001882475,-14.957370855484069
585.4,-0.4198062592102367,11.277934907861622
585.45,-3.1797861883860072,16.805570771602397
585.5,-1.057383471925769,-5.246562658541773
585.5500000000001,-5.934838407018462,5.574061754205831
585.6,5.88040062947962,-2.077515087658028
585.65,13.358943995434267,-13.24221291555483
585.7,17.164833103235367,10.157033295630432
585.75,14.595849445824125,37.857275227195686
585.8000000000001,7.880848975352266,46.734422212521736
585.85,10.627362186052626,34.76700590651035
585.9,7.4807624059783135,8.377593591134378
585.95,2.8954111111656533,-1.3967319417220412
586.0,-2.0927148648259215,18.720285869351102
586.0500000000001,-6.691653810687512,31.28616774319491
586.1,-9.861526961777669,-19.940768678070057
586.15,-22.522611084192587,4.166808838122299
586.2,-26.198596372051853,4.794489688372621
586.25,-36.15571994357383,-20.356272989623527
586.3000000000001,-45.816358518929064,-26.38175533247911
586.35,-48.06730368628469,-40.62422673988383
586.4,-46.00723831929042,-48.67435088073517
586.45,-46.74735363876431,-39.40523210926768
586.5,-33.59794231793454,-17.623397762831175
586.5500000000001,-30.103444971048685,-15.402480083838492
586.6,-20.820299950295734,-25.967251393338444
586.65,-10.33235404434648,-6.906551829525382
586.7,1.4501168706124183,7.443859976404652
586.75,6.3719492340435675,-3.678841487236813
586.8000000000001,-1.5015211128910502,-14.421629426359889
586.85,-2.231604241706071,-10.195116221221824
586.9,-7.163139104500615,6.36711073234842
586.95,-5.141778431153348,-1.4437484912979237
587.0,-13.351415958086463,5.297047281191497
587.0500000000001,-8.13060310506676,-0.34734122845728904
587.1,-3.1573120134738355,-8.389508146783227
587.15,-5.524140574686984,17.30514312967844
587.2,3.007467438605431,16.004092901208043
587.25,9.143265212083183,5.311896505768331
587.3000000000001,-0.7419972617425009,8.280573921843867
587.35,1.971976103604521,4.17448636997456
587.4,3.8549959385305375,7.926568299314543
587.45,12.164405744605178,0.9466727566284531
587.5,9.614651983963327,14.386730702499715
587.5500000000001,-3.4264923038431374,2.3251890234055512
587.6,-5.991369114888372,-15.813762438647107
587.65,-6.120532873211155,-19.26193422128327
587.7,-0.40390343217872127,-19.138367522849407
587.75,-10.076963703555386,-7.751304980047876
587.8000000000001,-15.097288959737172,-14.093589168110523
587.85,-4.544409735329904,-15.911448282111696
587.9,-0.27614076157457645,19.52188323774652
587.95,-11.975788035933697,42.9187228967476
588.0,-20.203243047120385,-22.780311856320218
588.0500000000001,-14.898630769575368,-23.313920040652548
588.1,-13.209840668762432,-18.013507279418675
588.15,-10.597563935997615,-7.4133793212213615
588.2,-1.4629398614988522,-18.61497154015648
588.25,0.17946194029557677,-27.588374959702577
588.3000000000001,2.8967309347240033,-10.959865685510408
588.35,4.935207009307711,-2.400955186778745
588.4,4.69012346475197,-11.293607840637662
588.45,10.735565051091205,-7.916048207751919
588.5,10.6507318991894,9.612749665693668
588.5500000000001,18.561168702599748,18.953665609668285
588.6,15.908693409603995,18.842597778110868
588.65,22.39558002224647,20.183114487333594
588.7,29.24729881794664,28.316192083589932
588.75,29.956987654747817,26.70841224822935
588.8000000000001,25.780550845314366,27.569151029027193
588.85,33.07535614990031,26.374593068739397
588.9,29.988778873452794,25.324110018544033
588.95,31.707251549934185,41.40566542818087
589.0,29.020809301603318,53.168448142396365
589.0500000000001,38.938378901454776,41.02988779533991
589.1,42.451859967472124,29.44680477367771
589.15,42.23346389720769,15.401590531365542
589.2,41.01177248321147,20.82571073386443
589.25,36.9089965209038,40.6941763856176
589.3000000000001,34.22330913226819,32.97736275277303
589.35,34.56178556484174,30.76840480304653
589.4,38.11279136059932,50.78282281483481
589.45,30.658220506894974,38.23149770290136
589.5,17.52538176318587,22.124572514975306
589.5500000000001,19.345221766558055,23.471579389083043
589.6,8.158274731441487,17.78584808493919
589.65,5.609582546539774,-3.8408236979885864
589.7,4.585133058629874,-9.813508294502716
589.75,3.4054390332858584,-3.7884490357275484
589.8000000000001,19.174354566485672,0.07406538110770738
589.85,21.88348263727385,-15.452603657419393
589.9,20.310635032024607,12.753014176920887
589.95,28.760666988006708,32.6264274411735
590.0,24.812152116727386,20.95536507156873
590.0500000000001,22.493259445653443,24.74671885801256
590.1,15.18661013719525,21.236492985000766
590.15,1.004870020559942,7.623301985797482
590.2,3.584266432026187,19.17722355584859
590.25,6.942012393329396,17.66579542676262
590.3000000000001,11.25130733510253,9.257869911891241
590.35,12.016309937305858,-2.9746189074982134
590.4,5.991130787056379,6.703277660713589
590.45,10.212194277699803,12.84313912979972
590.5,-5.730238208427331,-1.1160229635492542
590.5500000000001,-8.549277035818562,0.43883814514609204
590.6,-14.414313614361111,-11.720664236763238
590.65,-20.134966716753514,-21.3571640360376
590.7,-28.377136079002245,-23.63451775840856
590.75,-35.392704952621244,-24.89349478904885
590.8000000000001,-44.56598745023119,-22.324898036826987
590.85,-47.5227335508617,-18.99010768769594
590.9,-52.72243218600195,-17.386016917123747
590.95,-42.57347309784698,-18.465646669302995
591.0,-39.71954456222553,-27.68819677781126
591.0500000000001,-39.7099506407468,-26.40857141191505
591.1,-37.99159783085383,-31.88813103711205
591.15,-37.04747191252789,-33.33712668754343
591.2,-42.15581568759275,-31.80308350473617
591.25,-35.88547330791802,-29.1610525843594
591.3000000000001,-35.179058195594905,-30.86316182465612
591.35,-46.00795751787899,-41.26896975774577
591.4,-48.95246210455293,-42.1145210406194
591.45,-53.39900339751586,-43.47164971197104
591.5,-62.387782874040305,-45.15859369516525
591.5500000000001,-59.909399483722524,-52.097347690117054
591.6,-60.20896174135138,-57.75149500947675
591.65,-52.22707275262985,-49.24844590232582
591.7,-44.014847137062596,-55.122806435124126
591.75,-32.93375176540185,-48.51516145106048
591.8000000000001,-33.27589812727465,-42.65992085026024
591.85,-38.329927884329905,-38.710366485625386
591.9,-50.67575402934628,-31.41658251609242
591.95,-67.70048028425514,-39.00916187749077
592.0,-68.32273905915922,-50.11635720844401
592.0500000000001,-70.4448394750285,-52.509326276458495
592.1,-82.82205743087738,-57.39155421968252
592.15,-91.39363020993575,-74.61441954441335
592.2,-89.57382791280449,-71.52923920746241
592.25,-84.87583219307751,-77.70582405932336
592.3000000000001,-82.80893847158576,-104.28779395434891
592.35,-91.86818104512808,-95.3101775140202
592.4,-94.39978916912006,-74.89601844202406
592.45,-105.06174088896381,-77.90980298182895
592.5,-100.43325064076038,-92.26814768789522
592.5500000000001,-101.07970104643726,-95.1999728689025
592.6,-101.69527148800357,-101.15132559804799
592.65,-91.94398630474245,-101.30054583721625
592.7,-89.53135311827468,-86.05548454790477
592.75,-88.59875247067961,-66.9266363954144
592.8000000000001,-90.07207903050917,-70.77375074143126
592.85,-79.06236474465935,-75.69196072388294
592.9,-89.17838900432696,-67.55243904636964
592.95,-103.59251125131713,-71.11676253002805
593.0,-111.31252727467754,-74.54632107094314
593.0500000000001,-107.35295419277115,-91.97209244093028
593.1,-108.97117685442123,-120.57603041630769
593.15,-113.58359422607882,-118.19276470771399
593.2,-108.12091676852752,-126.58682122647896
593.25,-99.72399920873565,-104.43067801705529
593.3000000000001,-96.26334094881423,-89.91809089196201
593.35,-92.88449002462332,-101.36462075250643
593.4,-88.30371426987782,-77.30740407530082
593.45,-82.9890172660586,-76.58963232353544
593.5,-72.51370520631883,-93.41889593744996
593.5500000000001,-61.63017576933532,-89.73309430391451
593.6,-60.72042586508107,-76.53454485165578
593.65,-49.68515298852363,-47.09703404400787
593.7,-46.58531532000259,-41.92448496120613
593.75,-41.51937678363806,-69.19676484714171
593.8000000000001,-35.16725284779784,-48.64822152149996
593.85,-24.971903376545306,-41.95093098471422
593.9,-26.64818215108831,-47.866623360688465
593.95,-29.36132511672342,-33.40631736936879
594.0,-32.06771238581187,-28.2532086446932
594.0500000000001,-29.831822383695965,-29.93811608313085
594.1,-38.275934035648504,-37.19452386658425
594.15,-32.73428702899811,-46.226383353454246
594.2,-21.206620275877416,-34.06274549200935
594.25,-15.281089744241758,-11.160324212287962
594.3000000000001,-22.713870181651412,-7.402725472846635
594.35,-24.30460507947043,-6.430298132077927
594.4,-16.16847250445318,-34.8917469194345
594.45,-12.191443731126602,-30.453505180696624
594.5,-20.410982165425608,-5.425258506947817
594.5500000000001,-16.670774403780126,-6.688757758462115
594.6,-9.392439442446031,-11.127193282458585
594.65,2.7078571171966326,-10.464889685325936
594.7,9.371663097385335,7.661268677848618
594.75,28.057229695864024,-2.2878873052395816
594.8000000000001,22.550088549348928,13.538227073306263
594.85,27.55903108004865,18.754127450959373
594.9,34.945042364382466,20.864738268517254
594.95,26.903679817719617,36.595605222548144
595.0,11.437820338342894,44.97305498113643
595.0500000000001,3.4493240312749363,31.547025420312963
595.1,-0.17108272540208944,0.8194793027541803
595.15,-5.340630416423144,-0.5131944690925666
595.2,-4.527124306268724,-1.8582958019374853
595.25,-7.214221227761271,-3.4749075112701595
595.3000000000001,-16.50491134141298,21.456432611730822
595.35,-24.786975803572712,7.255467600521805
595.4,-26.996397238780972,-18.184764513100713
595.45,-32.93388536562532,-29.03335688199418
595.5,-22.435329277033322,-19.00105952346466
595.5500000000001,-17.814428857112965,-10.883911338834503
595.6,-26.702403682875747,-19.01340867933323
595.65,-30.251872380613467,-16.469552128473403
595.7,-21.871247778960857,-3.9443118073745667
595.75,-20.263516667520083,-14.049675039952518
595.8000000000001,-17.191624325318003,-15.019728625577851
595.85,-18.10105506318546,3.2691232785648956
595.9,-23.870055419415422,-16.443385324848236
595.95,-30.667419703058798,-24.33924893733492
596.0,-32.368126647051746,-25.758773270187618
596.0500000000001,-26.14241348601812,-33.73026002859914
596.1,-11.665643839921833,-44.54593653320434
596.15,-21.46853532428651,-45.98183639365
596.2,-10.652606362886603,-12.086923902684283
596.25,-1.9641142744407845,-9.548182353867482
596.3000000000001,2.3127923305486404,-3.175360446351742
596.35,12.301147544926897,18.22747332926889
596.4,24.863702978445726,18.13000553995195
596.45,35.08450471915623,18.986906864837202
596.5,27.421120843400075,37.07661524597134
596.5500000000001,19.321768917428948,27.536731466161637
596.6,14.683572835258312,18.01633088360531
596.65,15.266692359581468,24.583513520582933
596.7,13.505485107601865,19.021225346762183
596.75,17.082286037170157,34.65291924951359
596.8000000000001,13.314900724478473,45.060039011713904
596.85,15.399615761884684,20.221796850728875
596.9,17.816326530843877,-7.150874175230689
596.95,17.553038745947383,6.52059473551247
597.0,19.309261184310984,32.433964615546834
597.0500000000001,21.408093898860784,30.642924747645655
597.1,27.565819862215545,22.047445044989903
597.15,21.971576854916954,20.02606181802063
597.2,19.246518993816363,9.016661799443735
597.25,23.672962000800474,16.350349027137494
597.3000000000001,27.16842657526509,30.32994353786754
597.35,36.8742107023686,35.224683397199655
597.4,47.058500301531296,27.57272793097457
597.45,49.89107596820558,50.395768762773336
597.5,55.851120723213995,71.59802530504993
597.5500000000001,60.69137914528243,63.22462436976755
597.6,72.47322112192923,60.912473851817886
597.65,95.00010598463257,68.30432315138648
597.7,99.87390304199589,81.79039090565577
597.75,102.80984822945412,70.32298625349492
597.8000000000001,101.21103779070428,82.37993803574847
597.85,103.88595485716478,99.15791954666275
597.9,110.27289316094058,123.06832703798035
597.95,108.93201114928006,127.19709019399656
598.0,101.42002805073022,121.0317475135324
598.0500000000001,106.80852180370051,111.18959526381032
598.1,107.58631480189679,92.79176819124758
598.15,112.34089560505149,94.21952742428714
598.2,120.05380023010427,97.9221376055468
598.25,120.24919036491198,124.51279082944775
598.3000000000001,125.08193701761348,116.26074417186734
598.35,120.63168475187648,101.51936172583676
598.4,112.72369027498742,123.04790599991422
598.45,100.07383697308939,108.82765700862836
598.5,99.82595426600062,95.91026575871454
598.5500000000001,105.70009390673582,115.09113195247477
598.6,105.59193650449507,121.27334254657595
598.65,103.39957663788589,128.60122128624687
598.7,98.16176814500784,119.04060824586364
598.75,86.15769202900252,104.6187137118705
598.8000000000001,72.56691095956843,89.99426027137672
598.85,62.367654668279826,78.40823896503856
598.9,53.03475272699436,70.27816931753084
598.95,50.306894463731204,59.99470599432911
599.0,54.802375916953864,31.92919141487096
599.0500000000001,51.7925199060878,29.513335798609976
599.1,35.768237550323036,41.56016191125082
599.15,23.327627781643784,39.23137293364119
599.2,12.091059409876047,36.45527748277967
599.25,15.788670031405248,42.4997308268787
599.3000000000001,14.499896569303331,31.568106065306534
599.35,9.895771180261015,23.14726677199377
599.4,3.1311019006421628,15.08225003316632
599.45,7.539802960344433,20.340249812949963
599.5,19.563990587721133,26.20675106633513
599.5500000000001,34.575853193847685,19.313190945095048
599.6,35.05893999594532,36.6081378053081
599.65,46.814470839014284,60.19742113214258
599.7,47.31922829712666,49.21675115905618
599.75,44.20606911916646,49.80117096422016
599.8000000000001,46.75020907056346,43.78194673938174
599.85,54.80891896091515,57.201496748491
599.9,60.216955180057894,69.70025811359338
599.95,64.64662727650723,54.07798553637236
